cause,verbatimIdentification,measurementType,measurementValue,pred_collision_value,closest_pred_species,closest_score,severity,reasoning
"species present, trait missing",Hygrotus,Maximal size,>0.25-0.5,,,,moderate,the trait was not extracted for this species
"species present, trait missing",Hygrotus,Maximal size,>0.5-1,,,,moderate,the trait was not extracted for this species
"species present, trait missing",Oulimnius,Reproduction,"Clutches, cemented or fixed",,,,moderate,the trait was not extracted for this species
"species present, trait missing",Ochthebius,Feeding habits,Shredder,,,,moderate,the trait was not extracted for this species
"species present, trait missing",Ochthebius,Feeding habits,Scraper,,,,moderate,the trait was not extracted for this species
"species present, trait missing",Iberoporus,Reproduction,"Clutches, cemented or fixed",,,,moderate,the trait was not extracted for this species
"species present, trait missing",Hydaticus,Locomotion and substrate relation,Flier,,,,moderate,the trait was not extracted for this species
"species present, trait missing",Hydaticus,Locomotion and substrate relation,Swimmer (surface swimmer included),,,,moderate,the trait was not extracted for this species
"species present, trait missing",Hydaticus,Locomotion and substrate relation,Crawler,,,,moderate,the trait was not extracted for this species
"species present, trait missing",Normandia,Resistance form,,,,,moderate,the trait was not extracted for this species
"species present, trait missing",Trichonectes,Resistance form,,,,,moderate,the trait was not extracted for this species
"species present, trait missing",Dupohilus,Potential number of reproduction cycles per year,≤1,,,,moderate,the trait was not extracted for this species
"species present, trait missing",Dupohilus,Respiration,Tegument,,,,moderate,the trait was not extracted for this species
"species present, trait missing",Dupohilus,Respiration,Gills,,,,moderate,the trait was not extracted for this species
"species present, trait missing",Dupohilus,Respiration,Plastron,,,,moderate,the trait was not extracted for this species
"species present, trait missing",Ochthebius,Maximal size,<= 0.25,,,,moderate,the trait was not extracted for this species
"species present, trait missing",Ochthebius,Maximal size,>0.25-0.5,,,,moderate,the trait was not extracted for this species
"species present, trait missing",Bidessus,Reproduction,"Clutches, cemented or fixed",,,,moderate,the trait was not extracted for this species
"species present, trait missing",Canthydrus,Locomotion and substrate relation,Flier,,,,moderate,the trait was not extracted for this species
"species present, trait missing",Canthydrus,Locomotion and substrate relation,Swimmer (surface swimmer included),,,,moderate,the trait was not extracted for this species
"species present, trait missing",Hydroporus,Life cycle duration,≤1,,,,moderate,the trait was not extracted for this species
"species present, trait missing",Hydroporus,Life cycle duration,>1,,,,moderate,the trait was not extracted for this species
"species present, trait missing",Chasmogenus,Feeding habits,Shredder,,,,moderate,the trait was not extracted for this species
"species present, trait missing",Chasmogenus,Feeding habits,Predator (carver/engulfer/swallower),,,,moderate,the trait was not extracted for this species
"species present, trait missing",Stictotarsus,Potential number of reproduction cycles per year,≤1,,,,moderate,the trait was not extracted for this species
"species present, trait missing",Stictotarsus,Potential number of reproduction cycles per year,>1,,,,moderate,the trait was not extracted for this species
"species present, trait missing",Limnius,Potential number of reproduction cycles per year,≤1,,,,moderate,the trait was not extracted for this species
"species present, trait missing",Limnius,Respiration,Tegument,,,,moderate,the trait was not extracted for this species
"species present, trait missing",Limnius,Respiration,Gills,,,,moderate,the trait was not extracted for this species
"species present, trait missing",Limnius,Respiration,Plastron,,,,moderate,the trait was not extracted for this species
"species present, trait missing",Cymbiodyta,Life cycle duration,≤1,,,,moderate,the trait was not extracted for this species
"species present, trait missing",Cymbiodyta,Life cycle duration,>1,,,,moderate,the trait was not extracted for this species
"species present, trait missing",Oulimnius,Locomotion and substrate relation,Flier,,,,moderate,the trait was not extracted for this species
"species present, trait missing",Oulimnius,Locomotion and substrate relation,Crawler,,,,moderate,the trait was not extracted for this species
"species present, trait missing",Oulimnius,Locomotion and substrate relation,Interstitial (endobenthic),,,,moderate,the trait was not extracted for this species
"species present, trait missing",Chasmogenus,Maximal size,>0.25-0.5,,,,moderate,the trait was not extracted for this species
"species present, trait missing",Paracymus,Food,Plant detritus ≤1 mm,,,,moderate,the trait was not extracted for this species
"species present, trait missing",Paracymus,Food,Living microphytes,,,,moderate,the trait was not extracted for this species
"species present, trait missing",Paracymus,Food,Living macrophytes,,,,moderate,the trait was not extracted for this species
"species present, trait missing",Paracymus,Food,Living microinvertebrates,,,,moderate,the trait was not extracted for this species
"species present, trait missing",Iberoporus,Locomotion and substrate relation,Swimmer (surface swimmer included),,,,moderate,the trait was not extracted for this species
"species present, trait missing",Hydaticus,Aquatic stages,Egg,,,,moderate,the trait was not extracted for this species
"species present, trait missing",Hydaticus,Aquatic stages,Larva + pupa,,,,moderate,the trait was not extracted for this species
"species present, trait missing",Hydaticus,Aquatic stages,Adult,,,,moderate,the trait was not extracted for this species
"species present, trait missing",Hyphydrus,Aquatic stages,Egg,,,,moderate,the trait was not extracted for this species
"species present, trait missing",Hyphydrus,Aquatic stages,Larva + pupa,,,,moderate,the trait was not extracted for this species
"species present, trait missing",Hyphydrus,Aquatic stages,Adult,,,,moderate,the trait was not extracted for this species
"species present, trait missing",Hydrochus,Life cycle duration,≤1,,,,moderate,the trait was not extracted for this species
"species present, trait missing",Hydrochus,Life cycle duration,>1,,,,moderate,the trait was not extracted for this species
"species present, trait missing",Riolus,Dispersal,Aquatic passive,,,,moderate,the trait was not extracted for this species
"species present, trait missing",Riolus,Dispersal,Aquatic active,,,,moderate,the trait was not extracted for this species
"species present, trait missing",Riolus,Dispersal,Aerial active,,,,moderate,the trait was not extracted for this species
"species present, trait missing",Rhantus,Respiration,Spiracle (aerial),,,,moderate,the trait was not extracted for this species
"species present, trait missing",Rhantus,Respiration,Hydrostatic vesicle (aerial),,,,moderate,the trait was not extracted for this species
"species present, trait missing",Bidessus,Locomotion and substrate relation,Flier,,,,moderate,the trait was not extracted for this species
"species present, trait missing",Bidessus,Locomotion and substrate relation,Swimmer (surface swimmer included),,,,moderate,the trait was not extracted for this species
"species present, trait missing",Bidessus,Locomotion and substrate relation,Crawler,,,,moderate,the trait was not extracted for this species
"species present, trait missing",Hemisphaera,Feeding habits,Shredder,,,,moderate,the trait was not extracted for this species
"species present, trait missing",Hemisphaera,Feeding habits,Scraper,,,,moderate,the trait was not extracted for this species
"species present, trait missing",Hemisphaera,Feeding habits,Predator (carver/engulfer/swallower),,,,moderate,the trait was not extracted for this species
"species present, trait missing",Acilius,Food,Dead animals >1 mm,,,,moderate,the trait was not extracted for this species
"species present, trait missing",Acilius,Food,Living microinvertebrates,,,,moderate,the trait was not extracted for this species
"species present, trait missing",Acilius,Food,Living macroinvertebrates,,,,moderate,the trait was not extracted for this species
"species present, trait missing",Acilius,Food,Vertebrates,,,,moderate,the trait was not extracted for this species
"species present, trait missing",Haliplus,Feeding habits,Scraper,,,,moderate,the trait was not extracted for this species
"species present, trait missing",Haliplus,Feeding habits,Piercer (plants or animals),,,,moderate,the trait was not extracted for this species
"species present, trait missing",Haliplus,Feeding habits,Predator (carver/engulfer/swallower),,,,moderate,the trait was not extracted for this species
"species present, trait missing",Hygrotus,Aquatic stages,Egg,,,,moderate,the trait was not extracted for this species
"species present, trait missing",Hygrotus,Aquatic stages,Larva + pupa,,,,moderate,the trait was not extracted for this species
"species present, trait missing",Hygrotus,Aquatic stages,Adult,,,,moderate,the trait was not extracted for this species
"species present, trait missing",Hemisphaera,Maximal size,<= 0.25,,,,moderate,the trait was not extracted for this species
"species present, trait missing",Peltodytes,Life cycle duration,≤1 ,,,,moderate,the trait was not extracted for this species
"species present, trait missing",Peltodytes,Life cycle duration,>1,,,,moderate,the trait was not extracted for this species
"species present, trait missing",Spaherius,Resistance form,Diapause or dormancy,,,,moderate,the trait was not extracted for this species
"species present, trait missing",Spaherius,Resistance form,,,,,moderate,the trait was not extracted for this species
"species present, trait missing",Brychius,Life cycle duration,≤1,,,,moderate,the trait was not extracted for this species
"species present, trait missing",Brychius,Life cycle duration,>1,,,,moderate,the trait was not extracted for this species
"species present, trait missing",Ilybius,Food,Dead animals >1 mm,,,,moderate,the trait was not extracted for this species
"species present, trait missing",Ilybius,Food,Living microinvertebrates,,,,moderate,the trait was not extracted for this species
"species present, trait missing",Ilybius,Food,Living macroinvertebrates,,,,moderate,the trait was not extracted for this species
"species present, trait missing",Ilybius,Food,Vertebrates,,,,moderate,the trait was not extracted for this species
"species present, trait missing",Ochthebius,Aquatic stages,Larva + pupa,,,,moderate,the trait was not extracted for this species
"species present, trait missing",Ochthebius,Aquatic stages,Adult,,,,moderate,the trait was not extracted for this species
"species present, trait missing",Hydrobius,Respiration,Plastron,,,,moderate,the trait was not extracted for this species
"species present, trait missing",Hydrobius,Respiration,Spiracle (aerial),,,,moderate,the trait was not extracted for this species
"species present, trait missing",Cybister,Feeding habits,Piercer (plants or animals),,,,moderate,the trait was not extracted for this species
"species present, trait missing",Cybister,Feeding habits,Predator (carver/engulfer/swallower),,,,moderate,the trait was not extracted for this species
"species present, trait missing",Riolus,Potential number of reproduction cycles per year,≤1,,,,moderate,the trait was not extracted for this species
"species present, trait missing",Hydrovatus,Food,Dead animals >1 mm,,,,moderate,the trait was not extracted for this species
"species present, trait missing",Hydrovatus,Food,Living microinvertebrates,,,,moderate,the trait was not extracted for this species
"species present, trait missing",Hydrovatus,Food,Living macroinvertebrates,,,,moderate,the trait was not extracted for this species
"species present, trait missing",Hydraena,Reproduction,"Clutches, terrestrial",,,,moderate,the trait was not extracted for this species
"species present, trait missing",Boreonectes,Resistance form,,,,,moderate,the trait was not extracted for this species
"species present, trait missing",Oreodytes,Potential number of reproduction cycles per year,≤1,,,,moderate,the trait was not extracted for this species
"species present, trait missing",Oreodytes,Potential number of reproduction cycles per year,>1,,,,moderate,the trait was not extracted for this species
"species present, trait missing",Cybister,Maximal size,>1,,,,moderate,the trait was not extracted for this species
"species present, trait missing",Noterus,Resistance form,,,,,moderate,the trait was not extracted for this species
"species present, trait missing",Normandia,Dispersal,Aquatic passive,,,,moderate,the trait was not extracted for this species
"species present, trait missing",Normandia,Dispersal,Aquatic active,,,,moderate,the trait was not extracted for this species
"species present, trait missing",Normandia,Dispersal,Aerial active,,,,moderate,the trait was not extracted for this species
"species present, trait missing",Chasmogenus,Aquatic stages,Egg,,,,moderate,the trait was not extracted for this species
"species present, trait missing",Chasmogenus,Aquatic stages,Larva + pupa,,,,moderate,the trait was not extracted for this species
"species present, trait missing",Chasmogenus,Aquatic stages,Adult,,,,moderate,the trait was not extracted for this species
"species present, trait missing",Trichonectes,Dispersal,Aquatic passive,,,,moderate,the trait was not extracted for this species
"species present, trait missing",Trichonectes,Dispersal,Aquatic active,,,,moderate,the trait was not extracted for this species
"species present, trait missing",Trichonectes,Dispersal,Aerial active,,,,moderate,the trait was not extracted for this species
"species present, trait missing",Dupohilus,Food,Fine sediment + Microorganisms + Detritus <1 mm,,,,moderate,the trait was not extracted for this species
"species present, trait missing",Dupohilus,Food,Living microphytes,,,,moderate,the trait was not extracted for this species
"species present, trait missing",Aulacochthebius,Life cycle duration,≤1,,,,moderate,the trait was not extracted for this species
"species present, trait missing",Aulacochthebius,Life cycle duration,>1,,,,moderate,the trait was not extracted for this species
"species present, trait missing",Platambus,Respiration,Tegument,,,,moderate,the trait was not extracted for this species
"species present, trait missing",Platambus,Respiration,Spiracle (aerial),,,,moderate,the trait was not extracted for this species
"species present, trait missing",Platambus,Respiration,Hydrostatic vesicle (aerial),,,,moderate,the trait was not extracted for this species
"species present, trait missing",Hemisphaera,Aquatic stages,Adult,,,,moderate,the trait was not extracted for this species
"species present, trait missing",Stictotarsus,Food,Living microinvertebrates,,,,moderate,the trait was not extracted for this species
"species present, trait missing",Stictotarsus,Food,Living macroinvertebrates,,,,moderate,the trait was not extracted for this species
"species present, trait missing",Limnius,Food,Fine sediment + Microorganisms + Detritus <1 mm,,,,moderate,the trait was not extracted for this species
"species present, trait missing",Limnius,Food,Living microphytes,,,,moderate,the trait was not extracted for this species
"species present, trait missing",Haliplus,Aquatic stages,Egg,,,,moderate,the trait was not extracted for this species
"species present, trait missing",Haliplus,Aquatic stages,Larva + pupa,,,,moderate,the trait was not extracted for this species
"species present, trait missing",Haliplus,Aquatic stages,Adult,,,,moderate,the trait was not extracted for this species
"species present, trait missing",Enochrus,Life cycle duration,≤1,,,,moderate,the trait was not extracted for this species
"species present, trait missing",Enochrus,Life cycle duration,>1,,,,moderate,the trait was not extracted for this species
"species present, trait missing",Trichonectes,Potential number of reproduction cycles per year,≤1,,,,moderate,the trait was not extracted for this species
"species present, trait missing",Trichonectes,Potential number of reproduction cycles per year,>1,,,,moderate,the trait was not extracted for this species
"species present, trait missing",Normandia,Respiration,Tegument,,,,moderate,the trait was not extracted for this species
"species present, trait missing",Normandia,Respiration,Gills,,,,moderate,the trait was not extracted for this species
"species present, trait missing",Normandia,Respiration,Plastron,,,,moderate,the trait was not extracted for this species
"species present, trait missing",Rhantus,Life cycle duration,>1,,,,moderate,the trait was not extracted for this species
"species present, trait missing",Trichonectes,Respiration,Spiracle (aerial),,,,moderate,the trait was not extracted for this species
"species present, trait missing",Trichonectes,Respiration,Hydrostatic vesicle (aerial),,,,moderate,the trait was not extracted for this species
"species present, trait missing",Hydroscapha,Dispersal,Aquatic passive,,,,moderate,the trait was not extracted for this species
"species present, trait missing",Hydroscapha,Dispersal,Aquatic active,,,,moderate,the trait was not extracted for this species
"species present, trait missing",Hydroscapha,Dispersal,Aerial active,,,,moderate,the trait was not extracted for this species
"species present, trait missing",Laccobius,Feeding habits,Shredder,,,,moderate,the trait was not extracted for this species
"species present, trait missing",Laccobius,Feeding habits,Scraper,,,,moderate,the trait was not extracted for this species
"species present, trait missing",Laccobius,Feeding habits,Predator (carver/engulfer/swallower),,,,moderate,the trait was not extracted for this species
"species present, trait missing",Metaporus,Resistance form,,,,,moderate,the trait was not extracted for this species
"species present, trait missing",Gyrinus,Reproduction,"Clutches, cemented or fixed",,,,moderate,the trait was not extracted for this species
"species present, trait missing",Hydrophilus,Respiration,Plastron,,,,moderate,the trait was not extracted for this species
"species present, trait missing",Hydrophilus,Respiration,Spiracle (aerial),,,,moderate,the trait was not extracted for this species
"species present, trait missing",Cybister,Aquatic stages,Egg,,,,moderate,the trait was not extracted for this species
"species present, trait missing",Cybister,Aquatic stages,Larva + pupa,,,,moderate,the trait was not extracted for this species
"species present, trait missing",Cybister,Aquatic stages,Adult,,,,moderate,the trait was not extracted for this species
"species present, trait missing",Eretes,Respiration,Spiracle (aerial),,,,moderate,the trait was not extracted for this species
"species present, trait missing",Eretes,Respiration,Hydrostatic vesicle (aerial),,,,moderate,the trait was not extracted for this species
"species present, trait missing",Liopterus,Resistance form,Diapause or dormancy,,,,moderate,the trait was not extracted for this species
"species present, trait missing",Liopterus,Resistance form,,,,,moderate,the trait was not extracted for this species
"species present, trait missing",Helochares,Potential number of reproduction cycles per year,≤1,,,,moderate,the trait was not extracted for this species
"species present, trait missing",Helochares,Potential number of reproduction cycles per year,>1,,,,moderate,the trait was not extracted for this species
"species present, trait missing",Spaherius,Dispersal,Aquatic passive,,,,moderate,the trait was not extracted for this species
"species present, trait missing",Spaherius,Dispersal,Aquatic active,,,,moderate,the trait was not extracted for this species
"species present, trait missing",Spaherius,Dispersal,Aerial active,,,,moderate,the trait was not extracted for this species
"species present, trait missing",Hydrochara,Resistance form,,,,,moderate,the trait was not extracted for this species
"species present, trait missing",Potamophilus,Potential number of reproduction cycles per year,≤1,,,,moderate,the trait was not extracted for this species
"species present, trait missing",Chaetarthria,Resistance form,Diapause or dormancy,,,,moderate,the trait was not extracted for this species
"species present, trait missing",Chaetarthria,Resistance form,,,,,moderate,the trait was not extracted for this species
"species present, trait missing",Hydrobius,Life cycle duration,≤1,,,,moderate,the trait was not extracted for this species
"species present, trait missing",Hydrobius,Life cycle duration,>1,,,,moderate,the trait was not extracted for this species
"species present, trait missing",Coelostoma,Maximal size,>0.25-0.5,,,,moderate,the trait was not extracted for this species
"species present, trait missing",Coelostoma,Maximal size,>0.5-1,,,,moderate,the trait was not extracted for this species
"species present, trait missing",Meladema,Life cycle duration,>1,,,,moderate,the trait was not extracted for this species
"species present, trait missing",Boreonectes,Dispersal,Aquatic active,,,,moderate,the trait was not extracted for this species
"species present, trait missing",Boreonectes,Dispersal,Aerial active,,,,moderate,the trait was not extracted for this species
"species present, trait missing",Hydroscapha,Potential number of reproduction cycles per year,≤1,,,,moderate,the trait was not extracted for this species
"species present, trait missing",Hydroscapha,Potential number of reproduction cycles per year,>1,,,,moderate,the trait was not extracted for this species
"species present, trait missing",Limnoxenus,Resistance form,,,,,moderate,the trait was not extracted for this species
"species present, trait missing",Riolus,Food,Fine sediment + Microorganisms + Detritus <1 mm,,,,moderate,the trait was not extracted for this species
"species present, trait missing",Riolus,Food,Living microphytes,,,,moderate,the trait was not extracted for this species
"species present, trait missing",Noterus,Dispersal,Aquatic active,,,,moderate,the trait was not extracted for this species
"species present, trait missing",Noterus,Dispersal,Aerial active,,,,moderate,the trait was not extracted for this species
"species present, trait missing",Stenelmis,Life cycle duration,≤1,,,,moderate,the trait was not extracted for this species
"species present, trait missing",Stenelmis,Life cycle duration,>1,,,,moderate,the trait was not extracted for this species
"species present, trait missing",Gyrinus,Locomotion and substrate relation,Flier,,,,moderate,the trait was not extracted for this species
"species present, trait missing",Gyrinus,Locomotion and substrate relation,Swimmer (surface swimmer included),,,,moderate,the trait was not extracted for this species
"species present, trait missing",Gyrinus,Locomotion and substrate relation,Crawler,,,,moderate,the trait was not extracted for this species
"species present, trait missing",Nebrioporus,Resistance form,Diapause or dormancy,,,,moderate,the trait was not extracted for this species
"species present, trait missing",Nebrioporus,Resistance form,,,,,moderate,the trait was not extracted for this species
"species present, trait missing",Limnebius,Feeding habits,Shredder,,,,moderate,the trait was not extracted for this species
"species present, trait missing",Limnebius,Feeding habits,Scraper,,,,moderate,the trait was not extracted for this species
"species present, trait missing",Spaherius,Potential number of reproduction cycles per year,≤1,,,,moderate,the trait was not extracted for this species
"species present, trait missing",Spaherius,Potential number of reproduction cycles per year,>1,,,,moderate,the trait was not extracted for this species
"species present, trait missing",Berosus,Maximal size,>0.25-0.5,,,,moderate,the trait was not extracted for this species
"species present, trait missing",Berosus,Maximal size,>0.5-1,,,,moderate,the trait was not extracted for this species
"species present, trait missing",Coelostoma,Locomotion and substrate relation,Flier,,,,moderate,the trait was not extracted for this species
"species present, trait missing",Coelostoma,Locomotion and substrate relation,Crawler,,,,moderate,the trait was not extracted for this species
"species present, trait missing",Coelostoma,Locomotion and substrate relation,Interstitial (endobenthic),,,,moderate,the trait was not extracted for this species
"species present, trait missing",Dryops,Respiration,Tegument,,,,moderate,the trait was not extracted for this species
"species present, trait missing",Dryops,Respiration,Plastron,,,,moderate,the trait was not extracted for this species
"species present, trait missing",Dryops,Respiration,Spiracle (aerial),,,,moderate,the trait was not extracted for this species
"species present, trait missing",Spaherius,Respiration,Spiracle (aerial),,,,moderate,the trait was not extracted for this species
"species present, trait missing",Spaherius,Respiration,Hydrostatic vesicle (aerial),,,,moderate,the trait was not extracted for this species
"species present, trait missing",Colymbetes,Feeding habits,Piercer (plants or animals),,,,moderate,the trait was not extracted for this species
"species present, trait missing",Colymbetes,Feeding habits,Predator (carver/engulfer/swallower),,,,moderate,the trait was not extracted for this species
"species present, trait missing",Platambus,Life cycle duration,>1,,,,moderate,the trait was not extracted for this species
"species present, trait missing",Scarodytes,Life cycle duration,≤1,,,,moderate,the trait was not extracted for this species
"species present, trait missing",Scarodytes,Life cycle duration,>1,,,,moderate,the trait was not extracted for this species
"species present, trait missing",Boreonectes,Potential number of reproduction cycles per year,≤1,,,,moderate,the trait was not extracted for this species
"species present, trait missing",Boreonectes,Potential number of reproduction cycles per year,>1,,,,moderate,the trait was not extracted for this species
"species present, trait missing",Noterus,Potential number of reproduction cycles per year,≤1,,,,moderate,the trait was not extracted for this species
"species present, trait missing",Laccobius,Aquatic stages,Egg,,,,moderate,the trait was not extracted for this species
"species present, trait missing",Laccobius,Aquatic stages,Larva + pupa,,,,moderate,the trait was not extracted for this species
"species present, trait missing",Laccobius,Aquatic stages,Adult,,,,moderate,the trait was not extracted for this species
"species present, trait missing",Boreonectes,Respiration,Spiracle (aerial),,,,moderate,the trait was not extracted for this species
"species present, trait missing",Boreonectes,Respiration,Hydrostatic vesicle (aerial),,,,moderate,the trait was not extracted for this species
"species present, trait missing",Berosus,Locomotion and substrate relation,Flier,,,,moderate,the trait was not extracted for this species
"species present, trait missing",Berosus,Locomotion and substrate relation,Swimmer (surface swimmer included),,,,moderate,the trait was not extracted for this species
"species present, trait missing",Berosus,Locomotion and substrate relation,Crawler,,,,moderate,the trait was not extracted for this species
"species present, trait missing",Porhydrus,Feeding habits,Piercer (plants or animals),,,,moderate,the trait was not extracted for this species
"species present, trait missing",Porhydrus,Feeding habits,Predator (carver/engulfer/swallower),,,,moderate,the trait was not extracted for this species
"species present, trait missing",Normandia,Food,Fine sediment + Microorganisms + Detritus <1 mm,,,,moderate,the trait was not extracted for this species
"species present, trait missing",Normandia,Food,Living microphytes,,,,moderate,the trait was not extracted for this species
"species present, trait missing",Trichonectes,Food,Living macroinvertebrates,,,,moderate,the trait was not extracted for this species
"species present, trait missing",Hydrophilus,Life cycle duration,≤1,,,,moderate,the trait was not extracted for this species
"species present, trait missing",Hydrophilus,Life cycle duration,>1,,,,moderate,the trait was not extracted for this species
"species present, trait missing",Porhydrus,Maximal size,>0.25-0.5,,,,moderate,the trait was not extracted for this species
"species present, trait missing",Metaporus,Dispersal,Aquatic active,,,,moderate,the trait was not extracted for this species
"species present, trait missing",Metaporus,Dispersal,Aerial active,,,,moderate,the trait was not extracted for this species
"species present, trait missing",Hydrochus,Reproduction,"Clutches, terrestrial",,,,moderate,the trait was not extracted for this species
"species present, trait missing",Eretes,Life cycle duration,>1,,,,moderate,the trait was not extracted for this species
"species present, trait missing",Paracymus,Maximal size,<= 0.25,,,,moderate,the trait was not extracted for this species
"species present, trait missing",Paracymus,Maximal size,>0.25-0.5,,,,moderate,the trait was not extracted for this species
"species present, trait missing",Acilius,Reproduction,"Clutches, in vegetation (endophytic)",,,,moderate,the trait was not extracted for this species
"species present, trait missing",Liopterus,Dispersal,Aquatic active,,,,moderate,the trait was not extracted for this species
"species present, trait missing",Liopterus,Dispersal,Aerial active,,,,moderate,the trait was not extracted for this species
"species present, trait missing",Dytiscus,Feeding habits,Piercer (plants or animals),,,,moderate,the trait was not extracted for this species
"species present, trait missing",Dytiscus,Feeding habits,Predator (carver/engulfer/swallower),,,,moderate,the trait was not extracted for this species
"species present, trait missing",Hydrochara,Dispersal,Aquatic passive,,,,moderate,the trait was not extracted for this species
"species present, trait missing",Hydrochara,Dispersal,Aerial active,,,,moderate,the trait was not extracted for this species
"species present, trait missing",Chaetarthria,Dispersal,Aquatic passive,,,,moderate,the trait was not extracted for this species
"species present, trait missing",Chaetarthria,Dispersal,Aerial active,,,,moderate,the trait was not extracted for this species
"species present, trait missing",Helochares,Food,Plant detritus ≤1 mm,,,,moderate,the trait was not extracted for this species
"species present, trait missing",Helochares,Food,Living microphytes,,,,moderate,the trait was not extracted for this species
"species present, trait missing",Helochares,Food,Living macrophytes,,,,moderate,the trait was not extracted for this species
"species present, trait missing",Helochares,Food,Living macroinvertebrates,,,,moderate,the trait was not extracted for this species
"species present, trait missing",Methles,Resistance form,,,,,moderate,the trait was not extracted for this species
"species present, trait missing",Aulonogyrus,Life cycle duration,≤1 ,,,,moderate,the trait was not extracted for this species
"species present, trait missing",Aulonogyrus,Life cycle duration,>1,,,,moderate,the trait was not extracted for this species
"species present, trait missing",Potamophilus,Food,Plant detritus ≤1 mm,,,,moderate,the trait was not extracted for this species
"species present, trait missing",Potamophilus,Food,Living microphytes,,,,moderate,the trait was not extracted for this species
"species present, trait missing",Dytiscus,Maximal size,>1,,,,moderate,the trait was not extracted for this species
"species present, trait missing",Limnebius,Aquatic stages,Adult,,,,moderate,the trait was not extracted for this species
"species present, trait missing",Peltodytes,Reproduction,"Clutches, in vegetation (endophytic)",,,,moderate,the trait was not extracted for this species
"species present, trait missing",Paracymus,Locomotion and substrate relation,Flier,,,,moderate,the trait was not extracted for this species
"species present, trait missing",Paracymus,Locomotion and substrate relation,Swimmer (surface swimmer included),,,,moderate,the trait was not extracted for this species
"species present, trait missing",Paracymus,Locomotion and substrate relation,Crawler,,,,moderate,the trait was not extracted for this species
"species present, trait missing",Paracymus,Locomotion and substrate relation,Interstitial (endobenthic),,,,moderate,the trait was not extracted for this species
"species present, trait missing",Brychius,Reproduction,"Clutches, in vegetation (endophytic)",,,,moderate,the trait was not extracted for this species
"species present, trait missing",Limnoxenus,Dispersal,Aquatic passive,,,,moderate,the trait was not extracted for this species
"species present, trait missing",Limnoxenus,Dispersal,Aerial active,,,,moderate,the trait was not extracted for this species
"species present, trait missing",Ilybius,Maximal size,>0.5-1,,,,moderate,the trait was not extracted for this species
"species present, trait missing",Ilybius,Maximal size,>1,,,,moderate,the trait was not extracted for this species
"species present, trait missing",Metaporus,Potential number of reproduction cycles per year,≤1,,,,moderate,the trait was not extracted for this species
"species present, trait missing",Metaporus,Potential number of reproduction cycles per year,>1,,,,moderate,the trait was not extracted for this species
"species present, trait missing",Hydrovatus,Reproduction,"Clutches, cemented or fixed",,,,moderate,the trait was not extracted for this species
"species present, trait missing",Hydrochus,Locomotion and substrate relation,Flier,,,,moderate,the trait was not extracted for this species
"species present, trait missing",Hydrochus,Locomotion and substrate relation,Crawler,,,,moderate,the trait was not extracted for this species
"species present, trait missing",Hydrochus,Locomotion and substrate relation,Interstitial (endobenthic),,,,moderate,the trait was not extracted for this species
"species present, trait missing",Nebrioporus,Dispersal,Aquatic passive,,,,moderate,the trait was not extracted for this species
"species present, trait missing",Nebrioporus,Dispersal,Aquatic active,,,,moderate,the trait was not extracted for this species
"species present, trait missing",Nebrioporus,Dispersal,Aerial active,,,,moderate,the trait was not extracted for this species
"species present, trait missing",Colymbetes,Aquatic stages,Egg,,,,moderate,the trait was not extracted for this species
"species present, trait missing",Colymbetes,Aquatic stages,Larva + pupa,,,,moderate,the trait was not extracted for this species
"species present, trait missing",Colymbetes,Aquatic stages,Adult,,,,moderate,the trait was not extracted for this species
"species present, trait missing",Hydroscapha,Food,Living microphytes,,,,moderate,the trait was not extracted for this species
"species present, trait missing",Hydroscapha,Food,Living macroinvertebrates,,,,moderate,the trait was not extracted for this species
"species present, trait missing",Acilius,Locomotion and substrate relation,Flier,,,,moderate,the trait was not extracted for this species
"species present, trait missing",Acilius,Locomotion and substrate relation,Swimmer (surface swimmer included),,,,moderate,the trait was not extracted for this species
"species present, trait missing",Acilius,Locomotion and substrate relation,Crawler,,,,moderate,the trait was not extracted for this species
"species present, trait missing",Metaporus,Respiration,Spiracle (aerial),,,,moderate,the trait was not extracted for this species
"species present, trait missing",Metaporus,Respiration,Hydrostatic vesicle (aerial),,,,moderate,the trait was not extracted for this species
"species present, trait missing",Liopterus,Potential number of reproduction cycles per year,≤1,,,,moderate,the trait was not extracted for this species
"species present, trait missing",Liopterus,Potential number of reproduction cycles per year,>1,,,,moderate,the trait was not extracted for this species
"species present, trait missing",Hydraena,Resistance form,,,,,moderate,the trait was not extracted for this species
"species present, trait missing",Dryops,Life cycle duration,≤1,,,,moderate,the trait was not extracted for this species
"species present, trait missing",Dryops,Life cycle duration,>1,,,,moderate,the trait was not extracted for this species
"species present, trait missing",Anacaena,Feeding habits,Shredder,,,,moderate,the trait was not extracted for this species
"species present, trait missing",Anacaena,Feeding habits,Scraper,,,,moderate,the trait was not extracted for this species
"species present, trait missing",Anacaena,Feeding habits,Predator (carver/engulfer/swallower),,,,moderate,the trait was not extracted for this species
"species present, trait missing",Hydrochara,Respiration,Plastron,,,,moderate,the trait was not extracted for this species
"species present, trait missing",Hydrochara,Respiration,Spiracle (aerial),,,,moderate,the trait was not extracted for this species
"species present, trait missing",Spaherius,Food,Living microphytes,,,,moderate,the trait was not extracted for this species
"species present, trait missing",Herophydrus,Resistance form,,,,,moderate,the trait was not extracted for this species
"species present, trait missing",Ilybius,Locomotion and substrate relation,Flier,,,,moderate,the trait was not extracted for this species
"species present, trait missing",Ilybius,Locomotion and substrate relation,Swimmer (surface swimmer included),,,,moderate,the trait was not extracted for this species
"species present, trait missing",Ilybius,Locomotion and substrate relation,Crawler,,,,moderate,the trait was not extracted for this species
"species present, trait missing",Porhydrus,Aquatic stages,Egg,,,,moderate,the trait was not extracted for this species
"species present, trait missing",Porhydrus,Aquatic stages,Larva + pupa,,,,moderate,the trait was not extracted for this species
"species present, trait missing",Porhydrus,Aquatic stages,Adult,,,,moderate,the trait was not extracted for this species
"species present, trait missing",Chaetarthria,Respiration,Plastron,,,,moderate,the trait was not extracted for this species
"species present, trait missing",Chaetarthria,Respiration,Spiracle (aerial),,,,moderate,the trait was not extracted for this species
"species present, trait missing",Dupohilus,Reproduction,"Clutches, cemented or fixed",,,,moderate,the trait was not extracted for this species
"species present, trait missing",Limnoxenus,Potential number of reproduction cycles per year,≤1,,,,moderate,the trait was not extracted for this species
"species present, trait missing",Limnoxenus,Potential number of reproduction cycles per year,>1,,,,moderate,the trait was not extracted for this species
"species present, trait missing",Hydrovatus,Locomotion and substrate relation,Flier,,,,moderate,the trait was not extracted for this species
"species present, trait missing",Hydrovatus,Locomotion and substrate relation,Swimmer (surface swimmer included),,,,moderate,the trait was not extracted for this species
"species present, trait missing",Hydrovatus,Locomotion and substrate relation,Crawler,,,,moderate,the trait was not extracted for this species
"species present, trait missing",Canthydrus,Potential number of reproduction cycles per year,≤1,,,,moderate,the trait was not extracted for this species
"species present, trait missing",Canthydrus,Potential number of reproduction cycles per year,>1,,,,moderate,the trait was not extracted for this species
"species present, trait missing",Nebrioporus,Potential number of reproduction cycles per year,≤1,,,,moderate,the trait was not extracted for this species
"species present, trait missing",Nebrioporus,Potential number of reproduction cycles per year,>1,,,,moderate,the trait was not extracted for this species
"species present, trait missing",Limnoxenus,Respiration,Plastron,,,,moderate,the trait was not extracted for this species
"species present, trait missing",Limnoxenus,Respiration,Spiracle (aerial),,,,moderate,the trait was not extracted for this species
"species present, trait missing",Limnius,Reproduction,"Clutches, cemented or fixed",,,,moderate,the trait was not extracted for this species
"species present, trait missing",Nebrioporus,Respiration,Tegument,,,,moderate,the trait was not extracted for this species
"species present, trait missing",Nebrioporus,Respiration,Spiracle (aerial),,,,moderate,the trait was not extracted for this species
"species present, trait missing",Nebrioporus,Respiration,Hydrostatic vesicle (aerial),,,,moderate,the trait was not extracted for this species
"species present, trait missing",Noterus,Food,Plant detritus ≤1 mm,,,,moderate,the trait was not extracted for this species
"species present, trait missing",Noterus,Food,Living macroinvertebrates,,,,moderate,the trait was not extracted for this species
"species present, trait missing",Stictonectes,Feeding habits,Piercer (plants or animals),,,,moderate,the trait was not extracted for this species
"species present, trait missing",Stictonectes,Feeding habits,Predator (carver/engulfer/swallower),,,,moderate,the trait was not extracted for this species
"species present, trait missing",Dytiscus,Aquatic stages,Egg,,,,moderate,the trait was not extracted for this species
"species present, trait missing",Dytiscus,Aquatic stages,Larva + pupa,,,,moderate,the trait was not extracted for this species
"species present, trait missing",Dytiscus,Aquatic stages,Adult,,,,moderate,the trait was not extracted for this species
"species present, trait missing",Yola,Resistance form,,,,,moderate,the trait was not extracted for this species
"species present, trait missing",Stictotarsus,Maximal size,>0.5-1,,,,moderate,the trait was not extracted for this species
"species present, trait missing",Iberoporus,Potential number of reproduction cycles per year,≤1,,,,moderate,the trait was not extracted for this species
"species present, trait missing",Iberoporus,Potential number of reproduction cycles per year,>1,,,,moderate,the trait was not extracted for this species
"species present, trait missing",Dupohilus,Locomotion and substrate relation,Flier,,,,moderate,the trait was not extracted for this species
"species present, trait missing",Dupohilus,Locomotion and substrate relation,Crawler,,,,moderate,the trait was not extracted for this species
"species present, trait missing",Dupohilus,Locomotion and substrate relation,Interstitial (endobenthic),,,,moderate,the trait was not extracted for this species
"species present, trait missing",Rhantus,Reproduction,"Clutches, cemented or fixed",,,,moderate,the trait was not extracted for this species
"species present, trait missing",Helophorus,Resistance form,,,,,moderate,the trait was not extracted for this species
"species present, trait missing",Rhitrodytes,Resistance form,Diapause or dormancy,,,,moderate,the trait was not extracted for this species
"species present, trait missing",Rhitrodytes,Resistance form,,,,,moderate,the trait was not extracted for this species
"species present, trait missing",Methles,Dispersal,Aquatic active,,,,moderate,the trait was not extracted for this species
"species present, trait missing",Methles,Dispersal,Aerial active,,,,moderate,the trait was not extracted for this species
"species present, trait missing",Stictotarsus,Locomotion and substrate relation,Flier,,,,moderate,the trait was not extracted for this species
"species present, trait missing",Stictotarsus,Locomotion and substrate relation,Swimmer (surface swimmer included),,,,moderate,the trait was not extracted for this species
"species present, trait missing",Stictotarsus,Locomotion and substrate relation,Crawler,,,,moderate,the trait was not extracted for this species
"species present, trait missing",Limnius,Locomotion and substrate relation,Flier,,,,moderate,the trait was not extracted for this species
"species present, trait missing",Limnius,Locomotion and substrate relation,Crawler,,,,moderate,the trait was not extracted for this species
"species present, trait missing",Limnius,Locomotion and substrate relation,Interstitial (endobenthic),,,,moderate,the trait was not extracted for this species
"species present, trait missing",Hygrobia,Resistance form,,,,,moderate,the trait was not extracted for this species
"species present, trait missing",Esolus,Feeding habits,Shredder,,,,moderate,the trait was not extracted for this species
"species present, trait missing",Esolus,Feeding habits,Scraper,,,,moderate,the trait was not extracted for this species
"species present, trait missing",Hydrobius,Reproduction,"Clutches, cemented or fixed",,,,moderate,the trait was not extracted for this species
"species present, trait missing",Graptodytes,Resistance form,,,,,moderate,the trait was not extracted for this species
"species present, trait missing",Riolus,Feeding habits,Shredder,,,,moderate,the trait was not extracted for this species
"species present, trait missing",Riolus,Feeding habits,Scraper,,,,moderate,the trait was not extracted for this species
"species present, trait missing",Rhantus,Locomotion and substrate relation,Flier,,,,moderate,the trait was not extracted for this species
"species present, trait missing",Rhantus,Locomotion and substrate relation,Swimmer (surface swimmer included),,,,moderate,the trait was not extracted for this species
"species present, trait missing",Rhantus,Locomotion and substrate relation,Crawler,,,,moderate,the trait was not extracted for this species
"species present, trait missing",Metaporus,Food,Fine sediment + Microorganisms + Detritus <1 mm,,,,moderate,the trait was not extracted for this species
"species present, trait missing",Metaporus,Food,Living microinvertebrates,,,,moderate,the trait was not extracted for this species
"species present, trait missing",Metaporus,Food,Living macroinvertebrates,,,,moderate,the trait was not extracted for this species
"species present, trait missing",Hydraena,Dispersal,Aquatic passive,,,,moderate,the trait was not extracted for this species
"species present, trait missing",Hydraena,Dispersal,Aquatic active,,,,moderate,the trait was not extracted for this species
"species present, trait missing",Hydraena,Dispersal,Aerial active,,,,moderate,the trait was not extracted for this species
"species present, trait missing",Oreodytes,Feeding habits,Piercer (plants or animals),,,,moderate,the trait was not extracted for this species
"species present, trait missing",Oreodytes,Feeding habits,Predator (carver/engulfer/swallower),,,,moderate,the trait was not extracted for this species
"species present, trait missing",Liopterus,Food,Living microinvertebrates,,,,moderate,the trait was not extracted for this species
"species present, trait missing",Liopterus,Food,Living macroinvertebrates,,,,moderate,the trait was not extracted for this species
"species present, trait missing",Riolus,Maximal size,>0.25-0.5,,,,moderate,the trait was not extracted for this species
"species present, trait missing",Methles,Potential number of reproduction cycles per year,≤1,,,,moderate,the trait was not extracted for this species
"species present, trait missing",Methles,Potential number of reproduction cycles per year,>1,,,,moderate,the trait was not extracted for this species
"species present, trait missing",Hydrochara,Food,Plant detritus ≤1 mm,,,,moderate,the trait was not extracted for this species
"species present, trait missing",Hydrochara,Food,Living macrophytes,,,,moderate,the trait was not extracted for this species
"species present, trait missing",Hydrochara,Food,Living macroinvertebrates,,,,moderate,the trait was not extracted for this species
"species present, trait missing",Herophydrus,Dispersal,Aerial active,,,,moderate,the trait was not extracted for this species
"species present, trait missing",Stictotarsus,Aquatic stages,Egg,,,,moderate,the trait was not extracted for this species
"species present, trait missing",Stictotarsus,Aquatic stages,Larva + pupa,,,,moderate,the trait was not extracted for this species
"species present, trait missing",Stictotarsus,Aquatic stages,Adult,,,,moderate,the trait was not extracted for this species
"species present, trait missing",Oreodytes,Maximal size,>0.25-0.5,,,,moderate,the trait was not extracted for this species
"species present, trait missing",Methles,Respiration,Spiracle (aerial),,,,moderate,the trait was not extracted for this species
"species present, trait missing",Methles,Respiration,Hydrostatic vesicle (aerial),,,,moderate,the trait was not extracted for this species
"species present, trait missing",Stictonectes,Aquatic stages,Egg,,,,moderate,the trait was not extracted for this species
"species present, trait missing",Stictonectes,Aquatic stages,Larva + pupa,,,,moderate,the trait was not extracted for this species
"species present, trait missing",Stictonectes,Aquatic stages,Adult,,,,moderate,the trait was not extracted for this species
"species present, trait missing",Platambus,Reproduction,"Clutches, cemented or fixed",,,,moderate,the trait was not extracted for this species
"species present, trait missing",Limnoxenus,Food,Plant detritus ≤1 mm,,,,moderate,the trait was not extracted for this species
"species present, trait missing",Limnoxenus,Food,Living macrophytes,,,,moderate,the trait was not extracted for this species
"species present, trait missing",Limnoxenus,Food,Living macroinvertebrates,,,,moderate,the trait was not extracted for this species
"species present, trait missing",Hydraena,Potential number of reproduction cycles per year,≤1,,,,moderate,the trait was not extracted for this species
"species present, trait missing",Hydraena,Potential number of reproduction cycles per year,>1,,,,moderate,the trait was not extracted for this species
"species present, trait missing",Canthydrus,Food,Plant detritus ≤1 mm,,,,moderate,the trait was not extracted for this species
"species present, trait missing",Canthydrus,Food,Living macroinvertebrates,,,,moderate,the trait was not extracted for this species
"species present, trait missing",Nebrioporus,Food,Plant detritus ≤1 mm,,,,moderate,the trait was not extracted for this species
"species present, trait missing",Nebrioporus,Food,Living microinvertebrates,,,,moderate,the trait was not extracted for this species
"species present, trait missing",Nebrioporus,Food,Living macroinvertebrates,,,,moderate,the trait was not extracted for this species
"species present, trait missing",Hyphydrus,Life cycle duration,≤1,,,,moderate,the trait was not extracted for this species
"species present, trait missing",Hyphydrus,Life cycle duration,>1,,,,moderate,the trait was not extracted for this species
"species present, trait missing",Yola,Dispersal,Aquatic passive,,,,moderate,the trait was not extracted for this species
"species present, trait missing",Yola,Dispersal,Aquatic active,,,,moderate,the trait was not extracted for this species
"species present, trait missing",Yola,Dispersal,Aerial active,,,,moderate,the trait was not extracted for this species
"species present, trait missing",Hydraena,Respiration,Plastron,,,,moderate,the trait was not extracted for this species
"species present, trait missing",Haliplus,Respiration,Gills,,,,moderate,the trait was not extracted for this species
"species present, trait missing",Haliplus,Respiration,Spiracle (aerial),,,,moderate,the trait was not extracted for this species
"species present, trait missing",Hydroporus,Resistance form,Diapause or dormancy,,,,moderate,the trait was not extracted for this species
"species present, trait missing",Hydroporus,Resistance form,,,,,moderate,the trait was not extracted for this species
"species present, trait missing",Herophydrus,Potential number of reproduction cycles per year,≤1,,,,moderate,the trait was not extracted for this species
"species present, trait missing",Herophydrus,Potential number of reproduction cycles per year,>1,,,,moderate,the trait was not extracted for this species
"species present, trait missing",Normandia,Reproduction,"Clutches, cemented or fixed",,,,moderate,the trait was not extracted for this species
"species present, trait missing",Trichonectes,Reproduction,"Clutches, cemented or fixed",,,,moderate,the trait was not extracted for this species
"species present, trait missing",Laccophilus,Feeding habits,Piercer (plants or animals),,,,moderate,the trait was not extracted for this species
"species present, trait missing",Laccophilus,Feeding habits,Predator (carver/engulfer/swallower),,,,moderate,the trait was not extracted for this species
"species present, trait missing",Herophydrus,Respiration,Spiracle (aerial),,,,moderate,the trait was not extracted for this species
"species present, trait missing",Herophydrus,Respiration,Hydrostatic vesicle (aerial),,,,moderate,the trait was not extracted for this species
"species present, trait missing",Iberoporus,Food,Living microinvertebrates,,,,moderate,the trait was not extracted for this species
"species present, trait missing",Iberoporus,Food,Living macroinvertebrates,,,,moderate,the trait was not extracted for this species
"species present, trait missing",Cymbiodyta,Resistance form,,,,,moderate,the trait was not extracted for this species
"species present, trait missing",Hydrophilus,Reproduction,"Clutches, cemented or fixed",,,,moderate,the trait was not extracted for this species
"species present, trait missing",Hygrotus,Life cycle duration,≤1,,,,moderate,the trait was not extracted for this species
"species present, trait missing",Hygrotus,Life cycle duration,>1,,,,moderate,the trait was not extracted for this species
"species present, trait missing",Laccophilus,Maximal size,>0.25-0.5,,,,moderate,the trait was not extracted for this species
"species present, trait missing",Eretes,Reproduction,"Clutches, cemented or fixed",,,,moderate,the trait was not extracted for this species
"species present, trait missing",Helophorus,Dispersal,Aquatic passive,,,,moderate,the trait was not extracted for this species
"species present, trait missing",Helophorus,Dispersal,Aerial active,,,,moderate,the trait was not extracted for this species
"species present, trait missing",Rhitrodytes,Dispersal,Aquatic passive,,,,moderate,the trait was not extracted for this species
"species present, trait missing",Rhitrodytes,Dispersal,Aquatic active,,,,moderate,the trait was not extracted for this species
"species present, trait missing",Rhitrodytes,Dispersal,Aerial active,,,,moderate,the trait was not extracted for this species
"species present, trait missing",Riolus,Aquatic stages,Larva + pupa,,,,moderate,the trait was not extracted for this species
"species present, trait missing",Riolus,Aquatic stages,Adult,,,,moderate,the trait was not extracted for this species
"species present, trait missing",Helochares,Feeding habits,Shredder,,,,moderate,the trait was not extracted for this species
"species present, trait missing",Helochares,Feeding habits,Scraper,,,,moderate,the trait was not extracted for this species
"species present, trait missing",Helochares,Feeding habits,Predator (carver/engulfer/swallower),,,,moderate,the trait was not extracted for this species
"species present, trait missing",Ochthebius,Life cycle duration,≤1,,,,moderate,the trait was not extracted for this species
"species present, trait missing",Ochthebius,Life cycle duration,>1,,,,moderate,the trait was not extracted for this species
"species present, trait missing",Oreodytes,Aquatic stages,Egg,,,,moderate,the trait was not extracted for this species
"species present, trait missing",Oreodytes,Aquatic stages,Larva + pupa,,,,moderate,the trait was not extracted for this species
"species present, trait missing",Oreodytes,Aquatic stages,Adult,,,,moderate,the trait was not extracted for this species
"species present, trait missing",Potamophilus,Feeding habits,Shredder,,,,moderate,the trait was not extracted for this species
"species present, trait missing",Potamophilus,Feeding habits,Scraper,,,,moderate,the trait was not extracted for this species
"species present, trait missing",Yola,Potential number of reproduction cycles per year,≤1,,,,moderate,the trait was not extracted for this species
"species present, trait missing",Yola,Potential number of reproduction cycles per year,>1,,,,moderate,the trait was not extracted for this species
"species present, trait missing",Aulonogyrus,Reproduction,"Clutches, cemented or fixed",,,,moderate,the trait was not extracted for this species
"species present, trait missing",Yola,Respiration,Tegument ,,,,moderate,the trait was not extracted for this species
"species present, trait missing",Yola,Respiration,Spiracle (aerial),,,,moderate,the trait was not extracted for this species
"species present, trait missing",Yola,Respiration,Hydrostatic vesicle (aerial),,,,moderate,the trait was not extracted for this species
"species present, trait missing",Graptodytes,Dispersal,Aquatic passive,,,,moderate,the trait was not extracted for this species
"species present, trait missing",Graptodytes,Dispersal,Aquatic active,,,,moderate,the trait was not extracted for this species
"species present, trait missing",Graptodytes,Dispersal,Aerial active,,,,moderate,the trait was not extracted for this species
"species present, trait missing",Normandia,Locomotion and substrate relation,Flier,,,,moderate,the trait was not extracted for this species
"species present, trait missing",Normandia,Locomotion and substrate relation,Crawler,,,,moderate,the trait was not extracted for this species
"species present, trait missing",Normandia,Locomotion and substrate relation,Interstitial (endobenthic),,,,moderate,the trait was not extracted for this species
"species present, trait missing",Helochares,Maximal size,>0.25-0.5,,,,moderate,the trait was not extracted for this species
"species present, trait missing",Trichonectes,Locomotion and substrate relation,Flier,,,,moderate,the trait was not extracted for this species
"species present, trait missing",Trichonectes,Locomotion and substrate relation,Swimmer (surface swimmer included),,,,moderate,the trait was not extracted for this species
"species present, trait missing",Potamophilus,Maximal size,>0.5-1,,,,moderate,the trait was not extracted for this species
"species present, trait missing",Peltodytes,Resistance form,,,,,moderate,the trait was not extracted for this species
"species present, trait missing",Orectochilus,Resistance form,Diapause or dormancy,,,,moderate,the trait was not extracted for this species
"species present, trait missing",Orectochilus,Resistance form,,,,,moderate,the trait was not extracted for this species
"species present, trait missing",Brychius,Resistance form,Diapause or dormancy,,,,moderate,the trait was not extracted for this species
"species present, trait missing",Brychius,Resistance form,,,,,moderate,the trait was not extracted for this species
"species present, trait missing",Hydroscapha,Feeding habits,Shredder,,,,moderate,the trait was not extracted for this species
"species present, trait missing",Chasmogenus,Life cycle duration,≤1,,,,moderate,the trait was not extracted for this species
"species present, trait missing",Chasmogenus,Life cycle duration,>1,,,,moderate,the trait was not extracted for this species
"species present, trait missing",Eretes,Locomotion and substrate relation,Flier,,,,moderate,the trait was not extracted for this species
"species present, trait missing",Eretes,Locomotion and substrate relation,Swimmer (surface swimmer included),,,,moderate,the trait was not extracted for this species
"species present, trait missing",Eretes,Locomotion and substrate relation,Crawler,,,,moderate,the trait was not extracted for this species
"species present, trait missing",Helophorus,Potential number of reproduction cycles per year,≤1,,,,moderate,the trait was not extracted for this species
"species present, trait missing",Rhitrodytes,Potential number of reproduction cycles per year,≤1,,,,moderate,the trait was not extracted for this species
"species present, trait missing",Rhitrodytes,Potential number of reproduction cycles per year,>1,,,,moderate,the trait was not extracted for this species
"species present, trait missing",Hydroscapha,Maximal size,<= 0.25,,,,moderate,the trait was not extracted for this species
"species present, trait missing",Helophorus,Respiration,Plastron,,,,moderate,the trait was not extracted for this species
"species present, trait missing",Helophorus,Respiration,Spiracle (aerial),,,,moderate,the trait was not extracted for this species
"species present, trait missing",Rhitrodytes,Respiration,Tegument,,,,moderate,the trait was not extracted for this species
"species present, trait missing",Rhitrodytes,Respiration,Spiracle (aerial),,,,moderate,the trait was not extracted for this species
"species present, trait missing",Rhitrodytes,Respiration,Hydrostatic vesicle (aerial),,,,moderate,the trait was not extracted for this species
"species present, trait missing",Dryops,Reproduction,"Clutches, in vegetation (endophytic)",,,,moderate,the trait was not extracted for this species
"species present, trait missing",Dryops,Reproduction,"Clutches, terrestrial",,,,moderate,the trait was not extracted for this species
"species present, trait missing",Spaherius,Reproduction,"Clutches, cemented or fixed",,,,moderate,the trait was not extracted for this species
"species present, trait missing",Methles,Food,Living macroinvertebrates,,,,moderate,the trait was not extracted for this species
"species present, trait missing",Pomatinus,Resistance form,,,,,moderate,the trait was not extracted for this species
"species present, trait missing",Hygrobia,Respiration,Spiracle (aerial),,,,moderate,the trait was not extracted for this species
"species present, trait missing",Hygrobia,Respiration,Hydrostatic vesicle (aerial),,,,moderate,the trait was not extracted for this species
"species present, trait missing",Laccophilus,Aquatic stages,Egg,,,,moderate,the trait was not extracted for this species
"species present, trait missing",Laccophilus,Aquatic stages,Larva + pupa,,,,moderate,the trait was not extracted for this species
"species present, trait missing",Laccophilus,Aquatic stages,Adult,,,,moderate,the trait was not extracted for this species
"species present, trait missing",Hemisphaera,Life cycle duration,≤1,,,,moderate,the trait was not extracted for this species
"species present, trait missing",Hemisphaera,Life cycle duration,>1,,,,moderate,the trait was not extracted for this species
"species present, trait missing",Graptodytes,Respiration,Tegument,,,,moderate,the trait was not extracted for this species
"species present, trait missing",Graptodytes,Respiration,Spiracle (aerial),,,,moderate,the trait was not extracted for this species
"species present, trait missing",Graptodytes,Respiration,Hydrostatic vesicle (aerial),,,,moderate,the trait was not extracted for this species
"species present, trait missing",Boreonectes,Reproduction,"Clutches, cemented or fixed",,,,moderate,the trait was not extracted for this species
"species present, trait missing",Laccobius,Respiration,Plastron,,,,moderate,the trait was not extracted for this species
"species present, trait missing",Laccobius,Respiration,Spiracle (aerial),,,,moderate,the trait was not extracted for this species
"species present, trait missing",Haliplus,Life cycle duration,≤1 ,,,,moderate,the trait was not extracted for this species
"species present, trait missing",Haliplus,Life cycle duration,>1,,,,moderate,the trait was not extracted for this species
"species present, trait missing",Hydraena,Food,Fine sediment + Microorganisms + Detritus <1 mm,,,,moderate,the trait was not extracted for this species
"species present, trait missing",Hydraena,Food,Living microphytes,,,,moderate,the trait was not extracted for this species
"species present, trait missing",Hydroporus,Dispersal,Aquatic active,,,,moderate,the trait was not extracted for this species
"species present, trait missing",Hydroporus,Dispersal,Aerial active,,,,moderate,the trait was not extracted for this species
"species present, trait missing",Graphoderus,Resistance form,,,,,moderate,the trait was not extracted for this species
"species present, trait missing",Aulacochthebius,Resistance form,,,,,moderate,the trait was not extracted for this species
"species present, trait missing",Helochares,Aquatic stages,Egg,,,,moderate,the trait was not extracted for this species
"species present, trait missing",Helochares,Aquatic stages,Larva + pupa,,,,moderate,the trait was not extracted for this species
"species present, trait missing",Helochares,Aquatic stages,Adult,,,,moderate,the trait was not extracted for this species
"species present, trait missing",Spaherius,Locomotion and substrate relation,Flier,,,,moderate,the trait was not extracted for this species
"species present, trait missing",Spaherius,Locomotion and substrate relation,Crawler,,,,moderate,the trait was not extracted for this species
"species present, trait missing",Spaherius,Locomotion and substrate relation,Interstitial (endobenthic),,,,moderate,the trait was not extracted for this species
"species present, trait missing",Noterus,Maximal size,>0.25-0.5,,,,moderate,the trait was not extracted for this species
"species present, trait missing",Potamophilus,Aquatic stages,Larva + pupa,,,,moderate,the trait was not extracted for this species
"species present, trait missing",Herophydrus,Food,Plant detritus ≤1 mm,,,,moderate,the trait was not extracted for this species
"species present, trait missing",Herophydrus,Food,Living microinvertebrates,,,,moderate,the trait was not extracted for this species
"species present, trait missing",Herophydrus,Food,Living macroinvertebrates,,,,moderate,the trait was not extracted for this species
"species present, trait missing",Agabus,Feeding habits,Piercer (plants or animals),,,,moderate,the trait was not extracted for this species
"species present, trait missing",Agabus,Feeding habits,Predator (carver/engulfer/swallower),,,,moderate,the trait was not extracted for this species
"species present, trait missing",Cymbiodyta,Dispersal,Aquatic active,,,,moderate,the trait was not extracted for this species
"species present, trait missing",Cymbiodyta,Dispersal,Aerial active,,,,moderate,the trait was not extracted for this species
"species present, trait missing",Enochrus,Resistance form,,,,,moderate,the trait was not extracted for this species
"species present, trait missing",Elmis,Feeding habits,Shredder,,,,moderate,the trait was not extracted for this species
"species present, trait missing",Elmis,Feeding habits,Scraper,,,,moderate,the trait was not extracted for this species
"species present, trait missing",Boreonectes,Locomotion and substrate relation,Flier,,,,moderate,the trait was not extracted for this species
"species present, trait missing",Boreonectes,Locomotion and substrate relation,Swimmer (surface swimmer included),,,,moderate,the trait was not extracted for this species
"species present, trait missing",Hydroscapha,Aquatic stages,Egg,,,,moderate,the trait was not extracted for this species
"species present, trait missing",Hydroscapha,Aquatic stages,Larva + pupa,,,,moderate,the trait was not extracted for this species
"species present, trait missing",Hydroscapha,Aquatic stages,Adult,,,,moderate,the trait was not extracted for this species
"species present, trait missing",Elmis,Maximal size,>0.25-0.5,,,,moderate,the trait was not extracted for this species
"species present, trait missing",Noterus,Locomotion and substrate relation,Flier,,,,moderate,the trait was not extracted for this species
"species present, trait missing",Noterus,Locomotion and substrate relation,Swimmer (surface swimmer included),,,,moderate,the trait was not extracted for this species
"species present, trait missing",Noterus,Locomotion and substrate relation,Crawler,,,,moderate,the trait was not extracted for this species
"species present, trait missing",Hydroglyphus,Resistance form,,,,,moderate,the trait was not extracted for this species
"species present, trait missing",Hydroporus,Potential number of reproduction cycles per year,≤1,,,,moderate,the trait was not extracted for this species
"species present, trait missing",Hydroporus,Potential number of reproduction cycles per year,>1,,,,moderate,the trait was not extracted for this species
"species present, trait missing",Limnebius,Respiration,Plastron,,,,moderate,the trait was not extracted for this species
"species present, trait missing",Yola,Food,Dead animals >1 mm,,,,moderate,the trait was not extracted for this species
"species present, trait missing",Yola,Food,Living microinvertebrates,,,,moderate,the trait was not extracted for this species
"species present, trait missing",Yola,Food,Living macroinvertebrates,,,,moderate,the trait was not extracted for this species
"species present, trait missing",Hydroporus,Respiration,Tegument,,,,moderate,the trait was not extracted for this species
"species present, trait missing",Hydroporus,Respiration,Spiracle (aerial),,,,moderate,the trait was not extracted for this species
"species present, trait missing",Hydroporus,Respiration,Hydrostatic vesicle (aerial),,,,moderate,the trait was not extracted for this species
"species present, trait missing",Peltodytes,Dispersal,Aquatic active,,,,moderate,the trait was not extracted for this species
"species present, trait missing",Peltodytes,Dispersal,Aerial active,,,,moderate,the trait was not extracted for this species
"species present, trait missing",Orectochilus,Dispersal,Aquatic passive,,,,moderate,the trait was not extracted for this species
"species present, trait missing",Orectochilus,Dispersal,Aquatic active,,,,moderate,the trait was not extracted for this species
"species present, trait missing",Brychius,Dispersal,Aquatic passive,,,,moderate,the trait was not extracted for this species
"species present, trait missing",Brychius,Dispersal,Aquatic active,,,,moderate,the trait was not extracted for this species
"species present, trait missing",Brychius,Dispersal,Aerial active,,,,moderate,the trait was not extracted for this species
"species present, trait missing",Cymbiodyta,Potential number of reproduction cycles per year,≤1,,,,moderate,the trait was not extracted for this species
"species present, trait missing",Cymbiodyta,Potential number of reproduction cycles per year,>1,,,,moderate,the trait was not extracted for this species
"species present, trait missing",Hydrobius,Resistance form,,,,,moderate,the trait was not extracted for this species
"species present, trait missing",Colymbetes,Respiration,Spiracle (aerial),,,,moderate,the trait was not extracted for this species
"species present, trait missing",Colymbetes,Respiration,Hydrostatic vesicle (aerial),,,,moderate,the trait was not extracted for this species
"species present, trait missing",Metaporus,Reproduction,"Clutches, cemented or fixed",,,,moderate,the trait was not extracted for this species
"species present, trait missing",Hydrochus,Potential number of reproduction cycles per year,≤1,,,,moderate,the trait was not extracted for this species
"species present, trait missing",Hydrochus,Potential number of reproduction cycles per year,>1,,,,moderate,the trait was not extracted for this species
"species present, trait missing",Cymbiodyta,Respiration,Spiracle (aerial),,,,moderate,the trait was not extracted for this species
"species present, trait missing",Cymbiodyta,Respiration,Hydrostatic vesicle (aerial),,,,moderate,the trait was not extracted for this species
"species present, trait missing",Deronectes,Feeding habits,Piercer (plants or animals),,,,moderate,the trait was not extracted for this species
"species present, trait missing",Deronectes,Feeding habits,Predator (carver/engulfer/swallower),,,,moderate,the trait was not extracted for this species
"species present, trait missing",Meladema,Resistance form,,,,,moderate,the trait was not extracted for this species
"species present, trait missing",Helophorus,Food,Fine sediment + Microorganisms + Detritus <1 mm,,,,moderate,the trait was not extracted for this species
"species present, trait missing",Helophorus,Food,Living microphytes,,,,moderate,the trait was not extracted for this species
"species present, trait missing",Rhitrodytes,Food,Living macroinvertebrates,,,,moderate,the trait was not extracted for this species
"species present, trait missing",Metaporus,Maximal size,>0.25-0.5,,,,moderate,the trait was not extracted for this species
"species present, trait missing",Hydrochara,Reproduction,"Clutches, cemented or fixed",,,,moderate,the trait was not extracted for this species
"species present, trait missing",Stenelmis,Resistance form,,,,,moderate,the trait was not extracted for this species
"species present, trait missing",Hygrobia,Life cycle duration,>1,,,,moderate,the trait was not extracted for this species
"species present, trait missing",Liopterus,Maximal size,>0.5-1,,,,moderate,the trait was not extracted for this species
"species present, trait missing",Chaetarthria,Reproduction,"Clutches, cemented or fixed",,,,moderate,the trait was not extracted for this species
"species present, trait missing",Hydaticus,Feeding habits,Piercer (plants or animals),,,,moderate,the trait was not extracted for this species
"species present, trait missing",Hydaticus,Feeding habits,Predator (carver/engulfer/swallower),,,,moderate,the trait was not extracted for this species
"species present, trait missing",Peltodytes,Potential number of reproduction cycles per year,≤1,,,,moderate,the trait was not extracted for this species
"species present, trait missing",Peltodytes,Potential number of reproduction cycles per year,>1,,,,moderate,the trait was not extracted for this species
"species present, trait missing",Laccobius,Life cycle duration,≤1,,,,moderate,the trait was not extracted for this species
"species present, trait missing",Laccobius,Life cycle duration,>1,,,,moderate,the trait was not extracted for this species
"species present, trait missing",Brychius,Potential number of reproduction cycles per year,≤1,,,,moderate,the trait was not extracted for this species
"species present, trait missing",Brychius,Potential number of reproduction cycles per year,>1,,,,moderate,the trait was not extracted for this species
"species present, trait missing",Agabus,Aquatic stages,Egg,,,,moderate,the trait was not extracted for this species
"species present, trait missing",Agabus,Aquatic stages,Larva + pupa,,,,moderate,the trait was not extracted for this species
"species present, trait missing",Agabus,Aquatic stages,Adult,,,,moderate,the trait was not extracted for this species
"species present, trait missing",Limnoxenus,Reproduction,"Clutches, cemented or fixed",,,,moderate,the trait was not extracted for this species
"species present, trait missing",Orectochilus,Respiration,Tegument,,,,moderate,the trait was not extracted for this species
"species present, trait missing",Orectochilus,Respiration,Gills,,,,moderate,the trait was not extracted for this species
"species present, trait missing",Orectochilus,Respiration,Spiracle (aerial),,,,moderate,the trait was not extracted for this species
"species present, trait missing",Metaporus,Locomotion and substrate relation,Flier,,,,moderate,the trait was not extracted for this species
"species present, trait missing",Metaporus,Locomotion and substrate relation,Swimmer (surface swimmer included),,,,moderate,the trait was not extracted for this species
"species present, trait missing",Metaporus,Locomotion and substrate relation,Crawler,,,,moderate,the trait was not extracted for this species
"species present, trait missing",Hydrovatus,Potential number of reproduction cycles per year,≤1,,,,moderate,the trait was not extracted for this species
"species present, trait missing",Hydrovatus,Potential number of reproduction cycles per year,>1,,,,moderate,the trait was not extracted for this species
"species present, trait missing",Brychius,Respiration,Tegument,,,,moderate,the trait was not extracted for this species
"species present, trait missing",Brychius,Respiration,Spiracle (aerial),,,,moderate,the trait was not extracted for this species
"species present, trait missing",Brychius,Respiration,Hydrostatic vesicle (aerial),,,,moderate,the trait was not extracted for this species
"species present, trait missing",Elmis,Aquatic stages,Larva + pupa,,,,moderate,the trait was not extracted for this species
"species present, trait missing",Elmis,Aquatic stages,Adult,,,,moderate,the trait was not extracted for this species
"species present, trait missing",Canthydrus,Feeding habits,Piercer (plants or animals),,,,moderate,the trait was not extracted for this species
"species present, trait missing",Canthydrus,Feeding habits,Predator (carver/engulfer/swallower),,,,moderate,the trait was not extracted for this species
"species present, trait missing",Nebrioporus,Reproduction,"Clutches, cemented or fixed",,,,moderate,the trait was not extracted for this species
"species present, trait missing",Platambus,Resistance form,Diapause or dormancy,,,,moderate,the trait was not extracted for this species
"species present, trait missing",Platambus,Resistance form,,,,,moderate,the trait was not extracted for this species
"species present, trait missing",Scarodytes,Resistance form,,,,,moderate,the trait was not extracted for this species
"species present, trait missing",Liopterus,Locomotion and substrate relation,Flier,,,,moderate,the trait was not extracted for this species
"species present, trait missing",Liopterus,Locomotion and substrate relation,Swimmer (surface swimmer included),,,,moderate,the trait was not extracted for this species
"species present, trait missing",Liopterus,Locomotion and substrate relation,Crawler,,,,moderate,the trait was not extracted for this species
"species present, trait missing",Aulacochthebius,Dispersal,Aquatic passive,,,,moderate,the trait was not extracted for this species
"species present, trait missing",Aulacochthebius,Dispersal,Aerial active,,,,moderate,the trait was not extracted for this species
"species present, trait missing",Hydrochara,Locomotion and substrate relation,Flier,,,,moderate,the trait was not extracted for this species
"species present, trait missing",Hydrochara,Locomotion and substrate relation,Swimmer (surface swimmer included),,,,moderate,the trait was not extracted for this species
"species present, trait missing",Hydrochara,Locomotion and substrate relation,Crawler,,,,moderate,the trait was not extracted for this species
"species present, trait missing",Canthydrus,Maximal size,>0.25-0.5,,,,moderate,the trait was not extracted for this species
"species present, trait missing",Oulimnius,Feeding habits,Shredder,,,,moderate,the trait was not extracted for this species
"species present, trait missing",Oulimnius,Feeding habits,Scraper,,,,moderate,the trait was not extracted for this species
"species present, trait missing",Chaetarthria,Locomotion and substrate relation,Flier,,,,moderate,the trait was not extracted for this species
"species present, trait missing",Chaetarthria,Locomotion and substrate relation,Crawler,,,,moderate,the trait was not extracted for this species
"species present, trait missing",Chaetarthria,Locomotion and substrate relation,Interstitial (endobenthic),,,,moderate,the trait was not extracted for this species
"species present, trait missing",Enochrus,Dispersal,Aquatic passive,,,,moderate,the trait was not extracted for this species
"species present, trait missing",Enochrus,Dispersal,Aerial active,,,,moderate,the trait was not extracted for this species
"species present, trait missing",Iberoporus,Feeding habits,Piercer (plants or animals),,,,moderate,the trait was not extracted for this species
"species present, trait missing",Iberoporus,Feeding habits,Predator (carver/engulfer/swallower),,,,moderate,the trait was not extracted for this species
"species present, trait missing",Pomatinus,Respiration,Tegument,,,,moderate,the trait was not extracted for this species
"species present, trait missing",Pomatinus,Respiration,Plastron,,,,moderate,the trait was not extracted for this species
"species present, trait missing",Pomatinus,Respiration,Spiracle (aerial),,,,moderate,the trait was not extracted for this species
"species present, trait missing",Rhantus,Dispersal,Aquatic active,,,,moderate,the trait was not extracted for this species
"species present, trait missing",Rhantus,Dispersal,Aerial active,,,,moderate,the trait was not extracted for this species
"species present, trait missing",Oulimnius,Maximal size,>0.25-0.5,,,,moderate,the trait was not extracted for this species
"species present, trait missing",Limnoxenus,Locomotion and substrate relation,Flier,,,,moderate,the trait was not extracted for this species
"species present, trait missing",Limnoxenus,Locomotion and substrate relation,Swimmer (surface swimmer included),,,,moderate,the trait was not extracted for this species
"species present, trait missing",Limnoxenus,Locomotion and substrate relation,Crawler,,,,moderate,the trait was not extracted for this species
"species present, trait missing",Limnoxenus,Locomotion and substrate relation,Interstitial (endobenthic),,,,moderate,the trait was not extracted for this species
"species present, trait missing",Bidessus,Feeding habits,Piercer (plants or animals),,,,moderate,the trait was not extracted for this species
"species present, trait missing",Bidessus,Feeding habits,Predator (carver/engulfer/swallower),,,,moderate,the trait was not extracted for this species
"species present, trait missing",Hydrophilus,Resistance form,,,,,moderate,the trait was not extracted for this species
"species present, trait missing",Iberoporus,Maximal size,<= 0.25,,,,moderate,the trait was not extracted for this species
"species present, trait missing",Limnebius,Life cycle duration,≤1,,,,moderate,the trait was not extracted for this species
"species present, trait missing",Limnebius,Life cycle duration,>1,,,,moderate,the trait was not extracted for this species
"species present, trait missing",Eretes,Resistance form,,,,,moderate,the trait was not extracted for this species
"species present, trait missing",Nebrioporus,Locomotion and substrate relation,Flier,,,,moderate,the trait was not extracted for this species
"species present, trait missing",Nebrioporus,Locomotion and substrate relation,Swimmer (surface swimmer included),,,,moderate,the trait was not extracted for this species
"species present, trait missing",Nebrioporus,Locomotion and substrate relation,Crawler,,,,moderate,the trait was not extracted for this species
"species present, trait missing",Aulacochthebius,Potential number of reproduction cycles per year,≤1,,,,moderate,the trait was not extracted for this species
"species present, trait missing",Aulacochthebius,Potential number of reproduction cycles per year,>1,,,,moderate,the trait was not extracted for this species
"species present, trait missing",Liopterus,Aquatic stages,Egg,,,,moderate,the trait was not extracted for this species
"species present, trait missing",Liopterus,Aquatic stages,Larva + pupa,,,,moderate,the trait was not extracted for this species
"species present, trait missing",Liopterus,Aquatic stages,Adult,,,,moderate,the trait was not extracted for this species
"species present, trait missing",Bidessus,Maximal size,<= 0.25,,,,moderate,the trait was not extracted for this species
"species present, trait missing",Deronectes,Aquatic stages,Egg,,,,moderate,the trait was not extracted for this species
"species present, trait missing",Deronectes,Aquatic stages,Larva + pupa,,,,moderate,the trait was not extracted for this species
"species present, trait missing",Deronectes,Aquatic stages,Adult,,,,moderate,the trait was not extracted for this species
"species present, trait missing",Hydroporus,Food,Plant detritus ≤1 mm,,,,moderate,the trait was not extracted for this species
"species present, trait missing",Hydroporus,Food,Living microinvertebrates,,,,moderate,the trait was not extracted for this species
"species present, trait missing",Hydroporus,Food,Living macroinvertebrates,,,,moderate,the trait was not extracted for this species
"species present, trait missing",Graphoderus,Respiration,Spiracle (aerial),,,,moderate,the trait was not extracted for this species
"species present, trait missing",Graphoderus,Respiration,Hydrostatic vesicle (aerial),,,,moderate,the trait was not extracted for this species
"species present, trait missing",Anacaena,Respiration,Tegument,,,,moderate,the trait was not extracted for this species
"species present, trait missing",Anacaena,Respiration,Plastron,,,,moderate,the trait was not extracted for this species
"species present, trait missing",Anacaena,Respiration,Spiracle (aerial),,,,moderate,the trait was not extracted for this species
"species present, trait missing",Aulacochthebius,Respiration,Plastron,,,,moderate,the trait was not extracted for this species
"species present, trait missing",Colymbetes,Life cycle duration,>1,,,,moderate,the trait was not extracted for this species
"species present, trait missing",Hydrobius,Dispersal,Aquatic passive,,,,moderate,the trait was not extracted for this species
"species present, trait missing",Hydrobius,Dispersal,Aerial active,,,,moderate,the trait was not extracted for this species
"species present, trait missing",Enochrus,Potential number of reproduction cycles per year,≤1,,,,moderate,the trait was not extracted for this species
"species present, trait missing",Enochrus,Potential number of reproduction cycles per year,>1,,,,moderate,the trait was not extracted for this species
"species present, trait missing",Aulonogyrus,Resistance form,Diapause or dormancy,,,,moderate,the trait was not extracted for this species
"species present, trait missing",Aulonogyrus,Resistance form,,,,,moderate,the trait was not extracted for this species
"species present, trait missing",Cymbiodyta,Food,Plant detritus ≤1 mm,,,,moderate,the trait was not extracted for this species
"species present, trait missing",Cymbiodyta,Food,Living macrophytes,,,,moderate,the trait was not extracted for this species
"species present, trait missing",Cymbiodyta,Food,Living macroinvertebrates,,,,moderate,the trait was not extracted for this species
"species present, trait missing",Enochrus,Respiration,Plastron,,,,moderate,the trait was not extracted for this species
"species present, trait missing",Enochrus,Respiration,Spiracle (aerial),,,,moderate,the trait was not extracted for this species
"species present, trait missing",Rhantus,Potential number of reproduction cycles per year,≤1,,,,moderate,the trait was not extracted for this species
"species present, trait missing",Rhantus,Potential number of reproduction cycles per year,>1,,,,moderate,the trait was not extracted for this species
"species present, trait missing",Meladema,Dispersal,Aquatic active,,,,moderate,the trait was not extracted for this species
"species present, trait missing",Meladema,Dispersal,Aerial active,,,,moderate,the trait was not extracted for this species
"species present, trait missing",Hydrochus,Food,Fine sediment + Microorganisms + Detritus <1 mm,,,,moderate,the trait was not extracted for this species
"species present, trait missing",Hydrochus,Food,Living microphytes,,,,moderate,the trait was not extracted for this species
"species present, trait missing",Porhydrus,Life cycle duration,≤1,,,,moderate,the trait was not extracted for this species
"species present, trait missing",Porhydrus,Life cycle duration,>1,,,,moderate,the trait was not extracted for this species
"species present, trait missing",Stenelmis,Dispersal,Aquatic passive,,,,moderate,the trait was not extracted for this species
"species present, trait missing",Stenelmis,Dispersal,Aquatic active,,,,moderate,the trait was not extracted for this species
"species present, trait missing",Stenelmis,Dispersal,Aerial active,,,,moderate,the trait was not extracted for this species
"species present, trait missing",Canthydrus,Aquatic stages,Larva + pupa,,,,moderate,the trait was not extracted for this species
"species present, trait missing",Canthydrus,Aquatic stages,Adult,,,,moderate,the trait was not extracted for this species
"species present, trait missing",Methles,Reproduction,"Clutches, cemented or fixed",,,,moderate,the trait was not extracted for this species
"species present, trait missing",Hydroglyphus,Respiration,Spiracle (aerial),,,,moderate,the trait was not extracted for this species
"species present, trait missing",Hydroglyphus,Respiration,Hydrostatic vesicle (aerial),,,,moderate,the trait was not extracted for this species
"species present, trait missing",Dryops,Resistance form,,,,,moderate,the trait was not extracted for this species
"species present, trait missing",Orectochilus,Life cycle duration,≤1 ,,,,moderate,the trait was not extracted for this species
"species present, trait missing",Orectochilus,Life cycle duration,>1,,,,moderate,the trait was not extracted for this species
"species present, trait missing",Methles,Maximal size,>0.25-0.5,,,,moderate,the trait was not extracted for this species
"species present, trait missing",Hydrobius,Potential number of reproduction cycles per year,≤1,,,,moderate,the trait was not extracted for this species
"species present, trait missing",Hydrobius,Potential number of reproduction cycles per year,>1,,,,moderate,the trait was not extracted for this species
"species present, trait missing",Peltodytes,Food,Living microphytes,,,,moderate,the trait was not extracted for this species
"species present, trait missing",Peltodytes,Food,Living macrophytes,,,,moderate,the trait was not extracted for this species
"species present, trait missing",Peltodytes,Food,Living microinvertebrates,,,,moderate,the trait was not extracted for this species
"species present, trait missing",Oulimnius,Aquatic stages,Larva + pupa,,,,moderate,the trait was not extracted for this species
"species present, trait missing",Oulimnius,Aquatic stages,Adult,,,,moderate,the trait was not extracted for this species
"species present, trait missing",Brychius,Food,Living macrophytes,,,,moderate,the trait was not extracted for this species
"species present, trait missing",Iberoporus,Aquatic stages,Egg,,,,moderate,the trait was not extracted for this species
"species present, trait missing",Iberoporus,Aquatic stages,Larva + pupa,,,,moderate,the trait was not extracted for this species
"species present, trait missing",Iberoporus,Aquatic stages,Adult,,,,moderate,the trait was not extracted for this species
"species present, trait missing",Dytiscus,Life cycle duration,>1,,,,moderate,the trait was not extracted for this species
"species present, trait missing",Platambus,Dispersal,Aquatic passive,,,,moderate,the trait was not extracted for this species
"species present, trait missing",Platambus,Dispersal,Aquatic active,,,,moderate,the trait was not extracted for this species
"species present, trait missing",Platambus,Dispersal,Aerial active,,,,moderate,the trait was not extracted for this species
"species present, trait missing",Scarodytes,Dispersal,Aquatic active,,,,moderate,the trait was not extracted for this species
"species present, trait missing",Scarodytes,Dispersal,Aerial active,,,,moderate,the trait was not extracted for this species
"species present, trait missing",Meladema,Potential number of reproduction cycles per year,≤1,,,,moderate,the trait was not extracted for this species
"species present, trait missing",Meladema,Potential number of reproduction cycles per year,>1,,,,moderate,the trait was not extracted for this species
"species present, trait missing",Haliplus,Reproduction,"Clutches, in vegetation (endophytic)",,,,moderate,the trait was not extracted for this species
"species present, trait missing",Bidessus,Aquatic stages,Egg,,,,moderate,the trait was not extracted for this species
"species present, trait missing",Bidessus,Aquatic stages,Larva + pupa,,,,moderate,the trait was not extracted for this species
"species present, trait missing",Bidessus,Aquatic stages,Adult,,,,moderate,the trait was not extracted for this species
"species present, trait missing",Stenelmis,Potential number of reproduction cycles per year,≤1,,,,moderate,the trait was not extracted for this species
"species present, trait missing",Meladema,Respiration,Spiracle (aerial),,,,moderate,the trait was not extracted for this species
"species present, trait missing",Meladema,Respiration,Hydrostatic vesicle (aerial),,,,moderate,the trait was not extracted for this species
"species present, trait missing",Methles,Locomotion and substrate relation,Flier,,,,moderate,the trait was not extracted for this species
"species present, trait missing",Methles,Locomotion and substrate relation,Swimmer (surface swimmer included),,,,moderate,the trait was not extracted for this species
"species present, trait missing",Hydraena,Maximal size,<= 0.25,,,,moderate,the trait was not extracted for this species
"species present, trait missing",Hydraena,Maximal size,>0.25-0.5,,,,moderate,the trait was not extracted for this species
"species present, trait missing",Pomatinus,Life cycle duration,>1,,,,moderate,the trait was not extracted for this species
"species present, trait missing",Herophydrus,Reproduction,"Clutches, cemented or fixed",,,,moderate,the trait was not extracted for this species
"species present, trait missing",Stenelmis,Respiration,Tegument,,,,moderate,the trait was not extracted for this species
"species present, trait missing",Stenelmis,Respiration,Gills,,,,moderate,the trait was not extracted for this species
"species present, trait missing",Stenelmis,Respiration,Plastron,,,,moderate,the trait was not extracted for this species
"species present, trait missing",Esolus,Respiration,Tegument,,,,moderate,the trait was not extracted for this species
"species present, trait missing",Esolus,Respiration,Gills,,,,moderate,the trait was not extracted for this species
"species present, trait missing",Esolus,Respiration,Plastron,,,,moderate,the trait was not extracted for this species
"species present, trait missing",Hydrophilus,Dispersal,Aquatic passive,,,,moderate,the trait was not extracted for this species
"species present, trait missing",Hydrophilus,Dispersal,Aquatic active,,,,moderate,the trait was not extracted for this species
"species present, trait missing",Hydrophilus,Dispersal,Aerial active,,,,moderate,the trait was not extracted for this species
"species present, trait missing",Eretes,Dispersal,Aerial active,,,,moderate,the trait was not extracted for this species
"species present, trait missing",Platambus,Potential number of reproduction cycles per year,≤1,,,,moderate,the trait was not extracted for this species
"species present, trait missing",Platambus,Potential number of reproduction cycles per year,>1,,,,moderate,the trait was not extracted for this species
"species present, trait missing",Scarodytes,Potential number of reproduction cycles per year,≤1,,,,moderate,the trait was not extracted for this species
"species present, trait missing",Scarodytes,Potential number of reproduction cycles per year,>1,,,,moderate,the trait was not extracted for this species
"species present, trait missing",Graphoderus,Life cycle duration,>1,,,,moderate,the trait was not extracted for this species
"species present, trait missing",Anacaena,Life cycle duration,≤1,,,,moderate,the trait was not extracted for this species
"species present, trait missing",Anacaena,Life cycle duration,>1,,,,moderate,the trait was not extracted for this species
"species present, trait missing",Hydraena,Locomotion and substrate relation,Flier,,,,moderate,the trait was not extracted for this species
"species present, trait missing",Hydraena,Locomotion and substrate relation,Crawler,,,,moderate,the trait was not extracted for this species
"species present, trait missing",Hydraena,Locomotion and substrate relation,Interstitial (endobenthic),,,,moderate,the trait was not extracted for this species
"species present, trait missing",Scarodytes,Respiration,Tegument,,,,moderate,the trait was not extracted for this species
"species present, trait missing",Scarodytes,Respiration,Spiracle (aerial),,,,moderate,the trait was not extracted for this species
"species present, trait missing",Scarodytes,Respiration,Hydrostatic vesicle (aerial),,,,moderate,the trait was not extracted for this species
"species present, trait missing",Yola,Reproduction,"Clutches, cemented or fixed",,,,moderate,the trait was not extracted for this species
"species present, trait missing",Aulacochthebius,Food,Fine sediment + Microorganisms + Detritus <1 mm,,,,moderate,the trait was not extracted for this species
"species present, trait missing",Aulacochthebius,Food,Plant detritus ≤1 mm,,,,moderate,the trait was not extracted for this species
"species present, trait missing",Aulacochthebius,Food,Living microphytes,,,,moderate,the trait was not extracted for this species
"species present, trait missing",Aulonogyrus,Dispersal,Aquatic active,,,,moderate,the trait was not extracted for this species
"species present, trait missing",Aulonogyrus,Dispersal,Aerial active,,,,moderate,the trait was not extracted for this species
"species present, trait missing",Normandia,Potential number of reproduction cycles per year,≤1,,,,moderate,the trait was not extracted for this species
"species present, trait missing",Herophydrus,Locomotion and substrate relation,Flier,,,,moderate,the trait was not extracted for this species
"species present, trait missing",Herophydrus,Locomotion and substrate relation,Swimmer (surface swimmer included),,,,moderate,the trait was not extracted for this species
"species present, trait missing",Herophydrus,Locomotion and substrate relation,Crawler,,,,moderate,the trait was not extracted for this species
"species present, trait missing",Enochrus,Food,Plant detritus ≤1 mm,,,,moderate,the trait was not extracted for this species
"species present, trait missing",Enochrus,Food,Living microphytes,,,,moderate,the trait was not extracted for this species
"species present, trait missing",Enochrus,Food,Living macrophytes,,,,moderate,the trait was not extracted for this species
"species present, trait missing",Enochrus,Food,Living macroinvertebrates,,,,moderate,the trait was not extracted for this species
"species present, trait missing",Hydrophilus,Potential number of reproduction cycles per year,≤1,,,,moderate,the trait was not extracted for this species
"species present, trait missing",Hydrophilus,Potential number of reproduction cycles per year,>1,,,,moderate,the trait was not extracted for this species
"species present, trait missing",Rhantus,Food,Dead animals >1 mm,,,,moderate,the trait was not extracted for this species
"species present, trait missing",Rhantus,Food,Living microinvertebrates,,,,moderate,the trait was not extracted for this species
"species present, trait missing",Rhantus,Food,Living macroinvertebrates,,,,moderate,the trait was not extracted for this species
"species present, trait missing",Rhantus,Food,Vertebrates,,,,moderate,the trait was not extracted for this species
"species present, trait missing",Eretes,Potential number of reproduction cycles per year,≤1,,,,moderate,the trait was not extracted for this species
"species present, trait missing",Eretes,Potential number of reproduction cycles per year,>1,,,,moderate,the trait was not extracted for this species
"species present, trait missing",Gyrinus,Feeding habits,Piercer (plants or animals),,,,moderate,the trait was not extracted for this species
"species present, trait missing",Gyrinus,Feeding habits,Predator (carver/engulfer/swallower),,,,moderate,the trait was not extracted for this species
"species present, trait missing",Helophorus,Reproduction,"Clutches, terrestrial",,,,moderate,the trait was not extracted for this species
"species present, trait missing",Rhitrodytes,Reproduction,"Clutches, cemented or fixed",,,,moderate,the trait was not extracted for this species
"species present, trait missing",Stictonectes,Life cycle duration,≤1,,,,moderate,the trait was not extracted for this species
"species present, trait missing",Stictonectes,Life cycle duration,>1,,,,moderate,the trait was not extracted for this species
"species present, trait missing",Hydroglyphus,Life cycle duration,>1,,,,moderate,the trait was not extracted for this species
"species present, trait missing",Dryops,Dispersal,Aquatic passive,,,,moderate,the trait was not extracted for this species
"species present, trait missing",Dryops,Dispersal,Aquatic active,,,,moderate,the trait was not extracted for this species
"species present, trait missing",Dryops,Dispersal,Aerial active,,,,moderate,the trait was not extracted for this species
"species present, trait missing",Gyrinus,Maximal size,>0.25-0.5,,,,moderate,the trait was not extracted for this species
"species present, trait missing",Gyrinus,Maximal size,>0.5-1,,,,moderate,the trait was not extracted for this species
"species present, trait missing",Yola,Locomotion and substrate relation,Flier,,,,moderate,the trait was not extracted for this species
"species present, trait missing",Yola,Locomotion and substrate relation,Swimmer (surface swimmer included),,,,moderate,the trait was not extracted for this species
"species present, trait missing",Yola,Locomotion and substrate relation,Crawler,,,,moderate,the trait was not extracted for this species
"species present, trait missing",Hygrobia,Reproduction,"Clutches, in vegetation (endophytic)",,,,moderate,the trait was not extracted for this species
"species present, trait missing",Coelostoma,Feeding habits,Shredder,,,,moderate,the trait was not extracted for this species
"species present, trait missing",Coelostoma,Feeding habits,Scraper,,,,moderate,the trait was not extracted for this species
"species present, trait missing",Aulonogyrus,Potential number of reproduction cycles per year,>1,,,,moderate,the trait was not extracted for this species
"species present, trait missing",Graptodytes,Reproduction,"Clutches, cemented or fixed",,,,moderate,the trait was not extracted for this species
"species present, trait missing",Aulonogyrus,Respiration,Gills,,,,moderate,the trait was not extracted for this species
"species present, trait missing",Aulonogyrus,Respiration,Spiracle (aerial),,,,moderate,the trait was not extracted for this species
"species present, trait missing",Laccobius,Reproduction,"Clutches, cemented or fixed",,,,moderate,the trait was not extracted for this species
"species present, trait missing",Hydrobius,Food,Plant detritus ≤1 mm,,,,moderate,the trait was not extracted for this species
"species present, trait missing",Hydrobius,Food,Living macrophytes,,,,moderate,the trait was not extracted for this species
"species present, trait missing",Hydrobius,Food,Living macroinvertebrates,,,,moderate,the trait was not extracted for this species
"species present, trait missing",Berosus,Feeding habits,Shredder,,,,moderate,the trait was not extracted for this species
"species present, trait missing",Berosus,Feeding habits,Scraper,,,,moderate,the trait was not extracted for this species
"species present, trait missing",Berosus,Feeding habits,Predator (carver/engulfer/swallower),,,,moderate,the trait was not extracted for this species
"species present, trait missing",Meladema,Food,Dead animals >1 mm,,,,moderate,the trait was not extracted for this species
"species present, trait missing",Meladema,Food,Living microinvertebrates,,,,moderate,the trait was not extracted for this species
"species present, trait missing",Meladema,Food,Living macroinvertebrates,,,,moderate,the trait was not extracted for this species
"species present, trait missing",Meladema,Food,Vertebrates,,,,moderate,the trait was not extracted for this species
"species present, trait missing",Helophorus,Locomotion and substrate relation,Flier,,,,moderate,the trait was not extracted for this species
"species present, trait missing",Helophorus,Locomotion and substrate relation,Crawler,,,,moderate,the trait was not extracted for this species
"species present, trait missing",Helophorus,Locomotion and substrate relation,Interstitial (endobenthic),,,,moderate,the trait was not extracted for this species
"species present, trait missing",Rhitrodytes,Locomotion and substrate relation,Flier,,,,moderate,the trait was not extracted for this species
"species present, trait missing",Rhitrodytes,Locomotion and substrate relation,Swimmer (surface swimmer included),,,,moderate,the trait was not extracted for this species
"species present, trait missing",Esolus,Life cycle duration,≤1,,,,moderate,the trait was not extracted for this species
"species present, trait missing",Esolus,Life cycle duration,>1,,,,moderate,the trait was not extracted for this species
"species present, trait missing",Stenelmis,Food,Fine sediment + Microorganisms + Detritus <1 mm,,,,moderate,the trait was not extracted for this species
"species present, trait missing",Stenelmis,Food,Living microphytes,,,,moderate,the trait was not extracted for this species
"species present, trait missing",Dryops,Potential number of reproduction cycles per year,≤1,,,,moderate,the trait was not extracted for this species
"species present, trait missing",Hyphydrus,Resistance form,,,,,moderate,the trait was not extracted for this species
"species present, trait missing",Hygrobia,Locomotion and substrate relation,Flier,,,,moderate,the trait was not extracted for this species
"species present, trait missing",Hygrobia,Locomotion and substrate relation,Swimmer (surface swimmer included),,,,moderate,the trait was not extracted for this species
"species present, trait missing",Hygrobia,Locomotion and substrate relation,Crawler,,,,moderate,the trait was not extracted for this species
"species present, trait missing",Graptodytes,Locomotion and substrate relation,Flier,,,,moderate,the trait was not extracted for this species
"species present, trait missing",Graptodytes,Locomotion and substrate relation,Swimmer (surface swimmer included),,,,moderate,the trait was not extracted for this species
"species present, trait missing",Graptodytes,Locomotion and substrate relation,Crawler,,,,moderate,the trait was not extracted for this species
"species present, trait missing",Oreodytes,Life cycle duration,≤1,,,,moderate,the trait was not extracted for this species
"species present, trait missing",Oreodytes,Life cycle duration,>1,,,,moderate,the trait was not extracted for this species
"species present, trait missing",Hygrotus,Resistance form,,,,,moderate,the trait was not extracted for this species
"species present, trait missing",Platambus,Food,Living microinvertebrates,,,,moderate,the trait was not extracted for this species
"species present, trait missing",Platambus,Food,Living macroinvertebrates,,,,moderate,the trait was not extracted for this species
"species present, trait missing",Platambus,Food,Vertebrates,,,,moderate,the trait was not extracted for this species
"species present, trait missing",Scarodytes,Food,Living microinvertebrates,,,,moderate,the trait was not extracted for this species
"species present, trait missing",Scarodytes,Food,Living macroinvertebrates,,,,moderate,the trait was not extracted for this species
"species present, trait missing",Limnebius,Reproduction,"Clutches, terrestrial",,,,moderate,the trait was not extracted for this species
"species present, trait missing",Gyrinus,Aquatic stages,Egg,,,,moderate,the trait was not extracted for this species
"species present, trait missing",Gyrinus,Aquatic stages,Larva + pupa,,,,moderate,the trait was not extracted for this species
"species present, trait missing",Gyrinus,Aquatic stages,Adult,,,,moderate,the trait was not extracted for this species
"species present, trait missing",Hydroporus,Reproduction,"Clutches, cemented or fixed",,,,moderate,the trait was not extracted for this species
"species present, trait missing",Ochthebius,Resistance form,,,,,moderate,the trait was not extracted for this species
"species present, trait missing",Paracymus,Feeding habits,Shredder,,,,moderate,the trait was not extracted for this species
"species present, trait missing",Paracymus,Feeding habits,Scraper,,,,moderate,the trait was not extracted for this species
"species present, trait missing",Paracymus,Feeding habits,Predator (carver/engulfer/swallower),,,,moderate,the trait was not extracted for this species
"species present, trait missing",Colymbetes,Reproduction,"Clutches, cemented or fixed",,,,moderate,the trait was not extracted for this species
"species present, trait missing",Cymbiodyta,Reproduction,"Clutches, cemented or fixed",,,,moderate,the trait was not extracted for this species
"species present, trait missing",Coelostoma,Aquatic stages,Larva + pupa,,,,moderate,the trait was not extracted for this species
"species present, trait missing",Coelostoma,Aquatic stages,Adult,,,,moderate,the trait was not extracted for this species
"species present, trait missing",Hydrochus,Feeding habits,Shredder,,,,moderate,the trait was not extracted for this species
"species present, trait missing",Hydrochus,Feeding habits,Scraper,,,,moderate,the trait was not extracted for this species
"species present, trait missing",Hydrophilus,Food,Plant detritus ≤1 mm,,,,moderate,the trait was not extracted for this species
"species present, trait missing",Hydrophilus,Food,Living macrophytes,,,,moderate,the trait was not extracted for this species
"species present, trait missing",Hydrophilus,Food,Living macroinvertebrates,,,,moderate,the trait was not extracted for this species
"species present, trait missing",Acilius,Feeding habits,Piercer (plants or animals),,,,moderate,the trait was not extracted for this species
"species present, trait missing",Acilius,Feeding habits,Predator (carver/engulfer/swallower),,,,moderate,the trait was not extracted for this species
"species present, trait missing",Eretes,Food,Dead animals >1 mm,,,,moderate,the trait was not extracted for this species
"species present, trait missing",Eretes,Food,Living microinvertebrates,,,,moderate,the trait was not extracted for this species
"species present, trait missing",Eretes,Food,Living macroinvertebrates,,,,moderate,the trait was not extracted for this species
"species present, trait missing",Eretes,Food,Vertebrates,,,,moderate,the trait was not extracted for this species
"species present, trait missing",Hydrochus,Maximal size,>0.25-0.5,,,,moderate,the trait was not extracted for this species
"species present, trait missing",Chasmogenus,Resistance form,,,,,moderate,the trait was not extracted for this species
"species present, trait missing",Laccophilus,Life cycle duration,>1,,,,moderate,the trait was not extracted for this species
"species present, trait missing",Acilius,Maximal size,>1,,,,moderate,the trait was not extracted for this species
"species present, trait missing",Berosus,Aquatic stages,Egg,,,,moderate,the trait was not extracted for this species
"species present, trait missing",Berosus,Aquatic stages,Larva + pupa,,,,moderate,the trait was not extracted for this species
"species present, trait missing",Berosus,Aquatic stages,Adult,,,,moderate,the trait was not extracted for this species
"species present, trait missing",Hydroporus,Locomotion and substrate relation,Flier,,,,moderate,the trait was not extracted for this species
"species present, trait missing",Hydroporus,Locomotion and substrate relation,Swimmer (surface swimmer included),,,,moderate,the trait was not extracted for this species
"species present, trait missing",Hydroporus,Locomotion and substrate relation,Crawler,,,,moderate,the trait was not extracted for this species
"species present, trait missing",Ilybius,Feeding habits,Piercer (plants or animals),,,,moderate,the trait was not extracted for this species
"species present, trait missing",Ilybius,Feeding habits,Predator (carver/engulfer/swallower),,,,moderate,the trait was not extracted for this species
"species present, trait missing",Agabus,Respiration,Tegument,,,,moderate,the trait was not extracted for this species
"species present, trait missing",Agabus,Respiration,Spiracle (aerial),,,,moderate,the trait was not extracted for this species
"species present, trait missing",Agabus,Respiration,Hydrostatic vesicle (aerial),,,,moderate,the trait was not extracted for this species
"species present, trait missing",Aulonogyrus,Food,Living microinvertebrates,,,,moderate,the trait was not extracted for this species
"species present, trait missing",Aulonogyrus,Food,Living macroinvertebrates,,,,moderate,the trait was not extracted for this species
"species present, trait missing",Orectochilus,Reproduction,"Clutches, cemented or fixed",,,,moderate,the trait was not extracted for this species
"species present, trait missing",Cymbiodyta,Locomotion and substrate relation,Flier,,,,moderate,the trait was not extracted for this species
"species present, trait missing",Cymbiodyta,Locomotion and substrate relation,Crawler,,,,moderate,the trait was not extracted for this species
"species present, trait missing",Hydrovatus,Feeding habits,Piercer (plants or animals),,,,moderate,the trait was not extracted for this species
"species present, trait missing",Hydrovatus,Feeding habits,Predator (carver/engulfer/swallower),,,,moderate,the trait was not extracted for this species
"species present, trait missing",Peltodytes,Maximal size,>0.25-0.5,,,,moderate,the trait was not extracted for this species
"species present, trait missing",Hemisphaera,Resistance form,Diapause or dormancy,,,,moderate,the trait was not extracted for this species
"species present, trait missing",Hemisphaera,Resistance form,,,,,moderate,the trait was not extracted for this species
"species present, trait missing",Brychius,Maximal size,>0.25-0.5,,,,moderate,the trait was not extracted for this species
"species present, trait missing",Haliplus,Resistance form,Diapause or dormancy,,,,moderate,the trait was not extracted for this species
"species present, trait missing",Haliplus,Resistance form,,,,,moderate,the trait was not extracted for this species
"species present, trait missing",Hydrochara,Potential number of reproduction cycles per year,≤1,,,,moderate,the trait was not extracted for this species
"species present, trait missing",Hydrochara,Potential number of reproduction cycles per year,>1,,,,moderate,the trait was not extracted for this species
"species present, trait missing",Hydrovatus,Maximal size,>0.25-0.5,,,,moderate,the trait was not extracted for this species
"species present, trait missing",Hyphydrus,Dispersal,Aerial active,,,,moderate,the trait was not extracted for this species
"species present, trait missing",Chaetarthria,Potential number of reproduction cycles per year,≤1,,,,moderate,the trait was not extracted for this species
"species present, trait missing",Chaetarthria,Potential number of reproduction cycles per year,>1,,,,moderate,the trait was not extracted for this species
"species present, trait missing",Dryops,Food,Plant detritus ≤1 mm,,,,moderate,the trait was not extracted for this species
"species present, trait missing",Dryops,Food,Living microphytes,,,,moderate,the trait was not extracted for this species
"species present, trait missing",Pomatinus,Reproduction,"Clutches, terrestrial",,,,moderate,the trait was not extracted for this species
"species present, trait missing",Peltodytes,Locomotion and substrate relation,Flier,,,,moderate,the trait was not extracted for this species
"species present, trait missing",Peltodytes,Locomotion and substrate relation,Swimmer (surface swimmer included),,,,moderate,the trait was not extracted for this species
"species present, trait missing",Peltodytes,Locomotion and substrate relation,Crawler,,,,moderate,the trait was not extracted for this species
"species present, trait missing",Dupohilus,Feeding habits,Shredder,,,,moderate,the trait was not extracted for this species
"species present, trait missing",Dupohilus,Feeding habits,Scraper,,,,moderate,the trait was not extracted for this species
"species present, trait missing",Paracymus,Aquatic stages,Egg,,,,moderate,the trait was not extracted for this species
"species present, trait missing",Paracymus,Aquatic stages,Larva + pupa,,,,moderate,the trait was not extracted for this species
"species present, trait missing",Paracymus,Aquatic stages,Adult,,,,moderate,the trait was not extracted for this species
"species present, trait missing",Orectochilus,Locomotion and substrate relation,Flier,,,,moderate,the trait was not extracted for this species
"species present, trait missing",Orectochilus,Locomotion and substrate relation,Swimmer (surface swimmer included),,,,moderate,the trait was not extracted for this species
"species present, trait missing",Orectochilus,Locomotion and substrate relation,Crawler,,,,moderate,the trait was not extracted for this species
"species present, trait missing",Brychius,Locomotion and substrate relation,Flier,,,,moderate,the trait was not extracted for this species
"species present, trait missing",Brychius,Locomotion and substrate relation,Swimmer (surface swimmer included),,,,moderate,the trait was not extracted for this species
"species present, trait missing",Brychius,Locomotion and substrate relation,Crawler,,,,moderate,the trait was not extracted for this species
"species present, trait missing",Cybister,Resistance form,,,,,moderate,the trait was not extracted for this species
"species present, trait missing",Hygrotus,Dispersal,Aerial active,,,,moderate,the trait was not extracted for this species
"species present, trait missing",Hydrochus,Aquatic stages,Adult,,,,moderate,the trait was not extracted for this species
"species present, trait missing",Dupohilus,Maximal size,>0.25-0.5,,,,moderate,the trait was not extracted for this species
"species present, trait missing",Graphoderus,Reproduction,"Clutches, in vegetation (endophytic)",,,,moderate,the trait was not extracted for this species
"species present, trait missing",Anacaena,Reproduction,"Clutches, cemented or fixed",,,,moderate,the trait was not extracted for this species
"species present, trait missing",Acilius,Aquatic stages,Egg,,,,moderate,the trait was not extracted for this species
"species present, trait missing",Aulacochthebius,Reproduction,"Clutches, terrestrial",,,,moderate,the trait was not extracted for this species
"species present, trait missing",Stictotarsus,Feeding habits,Piercer (plants or animals),,,,moderate,the trait was not extracted for this species
"species present, trait missing",Stictotarsus,Feeding habits,Predator (carver/engulfer/swallower),,,,moderate,the trait was not extracted for this species
"species present, trait missing",Limnius,Feeding habits,Shredder,,,,moderate,the trait was not extracted for this species
"species present, trait missing",Limnius,Feeding habits,Scraper,,,,moderate,the trait was not extracted for this species
"species present, trait missing",Ochthebius,Dispersal,Aquatic passive,,,,moderate,the trait was not extracted for this species
"species present, trait missing",Ochthebius,Dispersal,Aquatic active,,,,moderate,the trait was not extracted for this species
"species present, trait missing",Ochthebius,Dispersal,Aerial active,,,,moderate,the trait was not extracted for this species
"species present, trait missing",Hydaticus,Respiration,Spiracle (aerial),,,,moderate,the trait was not extracted for this species
"species present, trait missing",Hydaticus,Respiration,Hydrostatic vesicle (aerial),,,,moderate,the trait was not extracted for this species
"species present, trait missing",Hyphydrus,Respiration,Spiracle (aerial),,,,moderate,the trait was not extracted for this species
"species present, trait missing",Hyphydrus,Respiration,Hydrostatic vesicle (aerial),,,,moderate,the trait was not extracted for this species
"species present, trait missing",Enochrus,Reproduction,"Clutches, cemented or fixed",,,,moderate,the trait was not extracted for this species
"species present, trait missing",Pomatinus,Locomotion and substrate relation,Flier,,,,moderate,the trait was not extracted for this species
"species present, trait missing",Pomatinus,Locomotion and substrate relation,Crawler,,,,moderate,the trait was not extracted for this species
"species present, trait missing",Pomatinus,Locomotion and substrate relation,Interstitial (endobenthic),,,,moderate,the trait was not extracted for this species
"species present, trait missing",Limnius,Maximal size,>0.25-0.5,,,,moderate,the trait was not extracted for this species
"species present, trait missing",Ilybius,Aquatic stages,Egg,,,,moderate,the trait was not extracted for this species
"species present, trait missing",Ilybius,Aquatic stages,Larva + pupa,,,,moderate,the trait was not extracted for this species
"species present, trait missing",Ilybius,Aquatic stages,Adult,,,,moderate,the trait was not extracted for this species
"species present, trait missing",Hygrotus,Potential number of reproduction cycles per year,≤1,,,,moderate,the trait was not extracted for this species
"species present, trait missing",Hygrotus,Potential number of reproduction cycles per year,>1,,,,moderate,the trait was not extracted for this species
"species present, trait missing",Chasmogenus,Dispersal,Aquatic active,,,,moderate,the trait was not extracted for this species
"species present, trait missing",Chasmogenus,Dispersal,Aerial active,,,,moderate,the trait was not extracted for this species
"species present, trait missing",Hydrovatus,Aquatic stages,Egg,,,,moderate,the trait was not extracted for this species
"species present, trait missing",Hydrovatus,Aquatic stages,Larva + pupa,,,,moderate,the trait was not extracted for this species
"species present, trait missing",Hydrovatus,Aquatic stages,Adult,,,,moderate,the trait was not extracted for this species
"species present, trait missing",Stictonectes,Reproduction,"Clutches, cemented or fixed",,,,moderate,the trait was not extracted for this species
"species present, trait missing",Hydroglyphus,Reproduction,"Clutches, cemented or fixed",,,,moderate,the trait was not extracted for this species
"species present, trait missing",Rhantus,Maximal size,>0.5-1,,,,moderate,the trait was not extracted for this species
"species present, trait missing",Rhantus,Maximal size,>1,,,,moderate,the trait was not extracted for this species
"species present, trait missing",Hygrotus,Respiration,Spiracle (aerial),,,,moderate,the trait was not extracted for this species
"species present, trait missing",Hygrotus,Respiration,Hydrostatic vesicle (aerial),,,,moderate,the trait was not extracted for this species
"species present, trait missing",Graphoderus,Locomotion and substrate relation,Flier,,,,moderate,the trait was not extracted for this species
"species present, trait missing",Graphoderus,Locomotion and substrate relation,Swimmer (surface swimmer included),,,,moderate,the trait was not extracted for this species
"species present, trait missing",Graphoderus,Locomotion and substrate relation,Crawler,,,,moderate,the trait was not extracted for this species
"species present, trait missing",Aulacochthebius,Locomotion and substrate relation,Flier,,,,moderate,the trait was not extracted for this species
"species present, trait missing",Aulacochthebius,Locomotion and substrate relation,Crawler,,,,moderate,the trait was not extracted for this species
"species present, trait missing",Aulacochthebius,Locomotion and substrate relation,Interstitial (endobenthic),,,,moderate,the trait was not extracted for this species
"species present, trait missing",Agabus,Life cycle duration,>1,,,,moderate,the trait was not extracted for this species
"species present, trait missing",Ochthebius,Potential number of reproduction cycles per year,≤1,,,,moderate,the trait was not extracted for this species
"species present, trait missing",Ochthebius,Potential number of reproduction cycles per year,>1,,,,moderate,the trait was not extracted for this species
"species present, trait missing",Elmis,Life cycle duration,≤1,,,,moderate,the trait was not extracted for this species
"species present, trait missing",Elmis,Life cycle duration,>1,,,,moderate,the trait was not extracted for this species
"species present, trait missing",Ochthebius,Respiration,Plastron,,,,moderate,the trait was not extracted for this species
"species present, trait missing",Enochrus,Locomotion and substrate relation,Flier,,,,moderate,the trait was not extracted for this species
"species present, trait missing",Enochrus,Locomotion and substrate relation,Swimmer (surface swimmer included),,,,moderate,the trait was not extracted for this species
"species present, trait missing",Enochrus,Locomotion and substrate relation,Crawler,,,,moderate,the trait was not extracted for this species
"species present, trait missing",Enochrus,Locomotion and substrate relation,Interstitial (endobenthic),,,,moderate,the trait was not extracted for this species
"species present, trait missing",Hemisphaera,Dispersal,Aquatic passive,,,,moderate,the trait was not extracted for this species
"species present, trait missing",Hemisphaera,Dispersal,Aerial active,,,,moderate,the trait was not extracted for this species
"species present, trait missing",Dupohilus,Aquatic stages,Larva + pupa,,,,moderate,the trait was not extracted for this species
"species present, trait missing",Dupohilus,Aquatic stages,Adult,,,,moderate,the trait was not extracted for this species
"species present, trait missing",Laccobius,Resistance form,,,,,moderate,the trait was not extracted for this species
"species present, trait missing",Hydrobius,Maximal size,>0.5-1,,,,moderate,the trait was not extracted for this species
"species present, trait missing",Hydrobius,Maximal size,>1,,,,moderate,the trait was not extracted for this species
"species present, trait missing",Meladema,Reproduction,"Clutches, cemented or fixed",,,,moderate,the trait was not extracted for this species
"species present, trait missing",Haliplus,Dispersal,Aquatic active,,,,moderate,the trait was not extracted for this species
"species present, trait missing",Haliplus,Dispersal,Aerial active,,,,moderate,the trait was not extracted for this species
"species present, trait missing",Stenelmis,Reproduction,"Clutches, cemented or fixed",,,,moderate,the trait was not extracted for this species
"species present, trait missing",Hydroglyphus,Locomotion and substrate relation,Flier,,,,moderate,the trait was not extracted for this species
"species present, trait missing",Hydroglyphus,Locomotion and substrate relation,Swimmer (surface swimmer included),,,,moderate,the trait was not extracted for this species
"species present, trait missing",Hydroglyphus,Locomotion and substrate relation,Crawler,,,,moderate,the trait was not extracted for this species
"species present, trait missing",Chasmogenus,Respiration,Spiracle (aerial),,,,moderate,the trait was not extracted for this species
"species present, trait missing",Chasmogenus,Respiration,Hydrostatic vesicle (aerial),,,,moderate,the trait was not extracted for this species
"species present, trait missing",Esolus,Reproduction,"Clutches, cemented or fixed",,,,moderate,the trait was not extracted for this species
"species present, trait missing",Limnius,Aquatic stages,Larva + pupa,,,,moderate,the trait was not extracted for this species
"species present, trait missing",Limnius,Aquatic stages,Adult,,,,moderate,the trait was not extracted for this species
"species present, trait missing",Chaetarthria,Food,Fine sediment + Microorganisms + Detritus <1 mm,,,,moderate,the trait was not extracted for this species
"species present, trait missing",Chaetarthria,Food,Living microphytes,,,,moderate,the trait was not extracted for this species
"species present, trait missing",Chaetarthria,Food,Living microinvertebrates,,,,moderate,the trait was not extracted for this species
"species present, trait missing",Hydrobius,Locomotion and substrate relation,Flier,,,,moderate,the trait was not extracted for this species
"species present, trait missing",Hydrobius,Locomotion and substrate relation,Swimmer (surface swimmer included),,,,moderate,the trait was not extracted for this species
"species present, trait missing",Hydrobius,Locomotion and substrate relation,Crawler,,,,moderate,the trait was not extracted for this species
"species present, trait missing",Hydrobius,Locomotion and substrate relation,Interstitial (endobenthic),,,,moderate,the trait was not extracted for this species
"species present, trait missing",Deronectes,Life cycle duration,≤1,,,,moderate,the trait was not extracted for this species
"species present, trait missing",Deronectes,Life cycle duration,>1,,,,moderate,the trait was not extracted for this species
"species present, trait missing",Hemisphaera,Potential number of reproduction cycles per year,≤1,,,,moderate,the trait was not extracted for this species
"species present, trait missing",Hemisphaera,Potential number of reproduction cycles per year,>1,,,,moderate,the trait was not extracted for this species
"species present, trait missing",Scarodytes,Reproduction,"Clutches, cemented or fixed",,,,moderate,the trait was not extracted for this species
"species present, trait missing",Rhantus,Aquatic stages,Egg,,,,moderate,the trait was not extracted for this species
"species present, trait missing",Rhantus,Aquatic stages,Larva + pupa,,,,moderate,the trait was not extracted for this species
"species present, trait missing",Rhantus,Aquatic stages,Adult,,,,moderate,the trait was not extracted for this species
"species present, trait missing",Meladema,Locomotion and substrate relation,Flier,,,,moderate,the trait was not extracted for this species
"species present, trait missing",Meladema,Locomotion and substrate relation,Swimmer (surface swimmer included),,,,moderate,the trait was not extracted for this species
"species present, trait missing",Meladema,Locomotion and substrate relation,Crawler,,,,moderate,the trait was not extracted for this species
"species present, trait missing",Hemisphaera,Respiration,Plastron,,,,moderate,the trait was not extracted for this species
"species present, trait missing",Hemisphaera,Respiration,Spiracle (aerial),,,,moderate,the trait was not extracted for this species
"species present, trait missing",Haliplus,Potential number of reproduction cycles per year,≤1,,,,moderate,the trait was not extracted for this species
"species present, trait missing",Haliplus,Potential number of reproduction cycles per year,>1,,,,moderate,the trait was not extracted for this species
"species present, trait missing",Hydaticus,Life cycle duration,>1,,,,moderate,the trait was not extracted for this species
"species present, trait missing",Limnebius,Resistance form,,,,,moderate,the trait was not extracted for this species
"species present, trait missing",Platambus,Maximal size,>0.5-1,,,,moderate,the trait was not extracted for this species
"species present, trait missing",Stenelmis,Locomotion and substrate relation,Flier,,,,moderate,the trait was not extracted for this species
"species present, trait missing",Stenelmis,Locomotion and substrate relation,Crawler,,,,moderate,the trait was not extracted for this species
"species present, trait missing",Stenelmis,Locomotion and substrate relation,Interstitial (endobenthic),,,,moderate,the trait was not extracted for this species
"species present, trait missing",Hyphydrus,Food,Living microinvertebrates,,,,moderate,the trait was not extracted for this species
"species present, trait missing",Hyphydrus,Food,Living macroinvertebrates,,,,moderate,the trait was not extracted for this species
"species present, trait missing",Normandia,Feeding habits,Shredder,,,,moderate,the trait was not extracted for this species
"species present, trait missing",Normandia,Feeding habits,Scraper,,,,moderate,the trait was not extracted for this species
"species present, trait missing",Trichonectes,Feeding habits,Piercer (plants or animals),,,,moderate,the trait was not extracted for this species
"species present, trait missing",Trichonectes,Feeding habits,Predator (carver/engulfer/swallower),,,,moderate,the trait was not extracted for this species
"species present, trait missing",Canthydrus,Life cycle duration,>1,,,,moderate,the trait was not extracted for this species
"species present, trait missing",Colymbetes,Resistance form,,,,,moderate,the trait was not extracted for this species
"species present, trait missing",Normandia,Maximal size,>0.25-0.5,,,,moderate,the trait was not extracted for this species
"species present, trait missing",Trichonectes,Maximal size,>0.25-0.5,,,,moderate,the trait was not extracted for this species
"species present, trait missing",Cybister,Respiration,Spiracle (aerial),,,,moderate,the trait was not extracted for this species
"species present, trait missing",Cybister,Respiration,Hydrostatic vesicle (aerial),,,,moderate,the trait was not extracted for this species
"species present, trait missing",Platambus,Locomotion and substrate relation,Flier,,,,moderate,the trait was not extracted for this species
"species present, trait missing",Platambus,Locomotion and substrate relation,Swimmer (surface swimmer included),,,,moderate,the trait was not extracted for this species
"species present, trait missing",Platambus,Locomotion and substrate relation,Crawler,,,,moderate,the trait was not extracted for this species
"species present, trait missing",Hygrotus,Food,Plant detritus ≤1 mm,,,,moderate,the trait was not extracted for this species
"species present, trait missing",Hygrotus,Food,Living microinvertebrates,,,,moderate,the trait was not extracted for this species
"species present, trait missing",Hygrotus,Food,Living macroinvertebrates,,,,moderate,the trait was not extracted for this species
"species present, trait missing",Scarodytes,Locomotion and substrate relation,Flier,,,,moderate,the trait was not extracted for this species
"species present, trait missing",Scarodytes,Locomotion and substrate relation,Swimmer (surface swimmer included),,,,moderate,the trait was not extracted for this species
"species present, trait missing",Scarodytes,Locomotion and substrate relation,Crawler,,,,moderate,the trait was not extracted for this species
"species present, trait missing",Hydrophilus,Maximal size,>1,,,,moderate,the trait was not extracted for this species
"species present, trait missing",Oulimnius,Life cycle duration,≤1,,,,moderate,the trait was not extracted for this species
"species present, trait missing",Oulimnius,Life cycle duration,>1,,,,moderate,the trait was not extracted for this species
"species present, trait missing",Eretes,Maximal size,>1,,,,moderate,the trait was not extracted for this species
"species present, trait missing",Porhydrus,Resistance form,,,,,moderate,the trait was not extracted for this species
"species present, trait missing",Hygrobia,Dispersal,Aerial active,,,,moderate,the trait was not extracted for this species
"species present, trait missing",Ochthebius,Food,Fine sediment + Microorganisms + Detritus <1 mm,,,,moderate,the trait was not extracted for this species
"species present, trait missing",Ochthebius,Food,Plant detritus ≤1 mm,,,,moderate,the trait was not extracted for this species
"species present, trait missing",Ochthebius,Food,Living microphytes,,,,moderate,the trait was not extracted for this species
"species present, trait missing",Bidessus,Life cycle duration,≤1,,,,moderate,the trait was not extracted for this species
"species present, trait missing",Bidessus,Life cycle duration,>1,,,,moderate,the trait was not extracted for this species
"species present, trait missing",Laccobius,Dispersal,Aquatic passive,,,,moderate,the trait was not extracted for this species
"species present, trait missing",Laccobius,Dispersal,Aerial active,,,,moderate,the trait was not extracted for this species
"species present, trait missing",Aulonogyrus,Maximal size,>0.5-1,,,,moderate,the trait was not extracted for this species
"species present, trait missing",Hydrophilus,Locomotion and substrate relation,Flier,,,,moderate,the trait was not extracted for this species
"species present, trait missing",Hydrophilus,Locomotion and substrate relation,Swimmer (surface swimmer included),,,,moderate,the trait was not extracted for this species
"species present, trait missing",Hydrophilus,Locomotion and substrate relation,Crawler,,,,moderate,the trait was not extracted for this species
"species present, trait missing",Dytiscus,Resistance form,,,,,moderate,the trait was not extracted for this species
"species present, trait missing",Chasmogenus,Food,Plant detritus ≤1 mm,,,,moderate,the trait was not extracted for this species
"species present, trait missing",Chasmogenus,Food,Living macrophytes,,,,moderate,the trait was not extracted for this species
"species present, trait missing",Chasmogenus,Food,Living macroinvertebrates,,,,moderate,the trait was not extracted for this species
"species present, trait missing",Spaherius,Feeding habits,Shredder,,,,moderate,the trait was not extracted for this species
"species present, trait missing",Hygrobia,Potential number of reproduction cycles per year,≤1,,,,moderate,the trait was not extracted for this species
"species present, trait missing",Aulonogyrus,Locomotion and substrate relation,Flier,,,,moderate,the trait was not extracted for this species
"species present, trait missing",Aulonogyrus,Locomotion and substrate relation,Swimmer (surface swimmer included),,,,moderate,the trait was not extracted for this species
"species present, trait missing",Aulonogyrus,Locomotion and substrate relation,Crawler,,,,moderate,the trait was not extracted for this species
"species present, trait missing",Graptodytes,Potential number of reproduction cycles per year,≤1,,,,moderate,the trait was not extracted for this species
"species present, trait missing",Graptodytes,Potential number of reproduction cycles per year,>1,,,,moderate,the trait was not extracted for this species
"species present, trait missing",Dryops,Maximal size,>0.25-0.5,,,,moderate,the trait was not extracted for this species
"species present, trait missing",Dryops,Maximal size,>0.5-1,,,,moderate,the trait was not extracted for this species
"species present, trait missing",Normandia,Aquatic stages,Larva + pupa,,,,moderate,the trait was not extracted for this species
"species present, trait missing",Normandia,Aquatic stages,Adult,,,,moderate,the trait was not extracted for this species
"species present, trait missing",Spaherius,Maximal size,<= 0.25,,,,moderate,the trait was not extracted for this species
"species present, trait missing",Trichonectes,Aquatic stages,Egg,,,,moderate,the trait was not extracted for this species
"species present, trait missing",Trichonectes,Aquatic stages,Larva + pupa,,,,moderate,the trait was not extracted for this species
"species present, trait missing",Trichonectes,Aquatic stages,Adult,,,,moderate,the trait was not extracted for this species
"species present, trait missing",Laccobius,Potential number of reproduction cycles per year,≤1,,,,moderate,the trait was not extracted for this species
"species present, trait missing",Laccobius,Potential number of reproduction cycles per year,>1,,,,moderate,the trait was not extracted for this species
"species present, trait missing",Boreonectes,Feeding habits,Piercer (plants or animals),,,,moderate,the trait was not extracted for this species
"species present, trait missing",Boreonectes,Feeding habits,Predator (carver/engulfer/swallower),,,,moderate,the trait was not extracted for this species
"species present, trait missing",Hemisphaera,Food,Fine sediment + Microorganisms + Detritus <1 mm,,,,moderate,the trait was not extracted for this species
"species present, trait missing",Hemisphaera,Food,Living microphytes,,,,moderate,the trait was not extracted for this species
"species present, trait missing",Hemisphaera,Food,Living microinvertebrates,,,,moderate,the trait was not extracted for this species
"species present, trait missing",Hydrophilus,Aquatic stages,Egg,,,,moderate,the trait was not extracted for this species
"species present, trait missing",Hydrophilus,Aquatic stages,Larva + pupa,,,,moderate,the trait was not extracted for this species
"species present, trait missing",Hydrophilus,Aquatic stages,Adult,,,,moderate,the trait was not extracted for this species
"species present, trait missing",Limnebius,Dispersal,Aquatic passive,,,,moderate,the trait was not extracted for this species
"species present, trait missing",Limnebius,Dispersal,Aquatic active,,,,moderate,the trait was not extracted for this species
"species present, trait missing",Limnebius,Dispersal,Aerial active,,,,moderate,the trait was not extracted for this species
"species present, trait missing",Noterus,Feeding habits,Shredder,,,,moderate,the trait was not extracted for this species
"species present, trait missing",Noterus,Feeding habits,Predator (carver/engulfer/swallower),,,,moderate,the trait was not extracted for this species
"species present, trait missing",Eretes,Aquatic stages,Egg,,,,moderate,the trait was not extracted for this species
"species present, trait missing",Eretes,Aquatic stages,Larva + pupa,,,,moderate,the trait was not extracted for this species
"species present, trait missing",Eretes,Aquatic stages,Adult,,,,moderate,the trait was not extracted for this species
"species present, trait missing",Haliplus,Food,Living microphytes,,,,moderate,the trait was not extracted for this species
"species present, trait missing",Haliplus,Food,Living macrophytes,,,,moderate,the trait was not extracted for this species
"species present, trait missing",Haliplus,Food,Living microinvertebrates,,,,moderate,the trait was not extracted for this species
"species present, trait missing",Anacaena,Resistance form,,,,,moderate,the trait was not extracted for this species
"species present, trait missing",Boreonectes,Maximal size,>0.25-0.5,,,,moderate,the trait was not extracted for this species
"species present, trait missing",Dryops,Locomotion and substrate relation,Flier,,,,moderate,the trait was not extracted for this species
"species present, trait missing",Dryops,Locomotion and substrate relation,Crawler,,,,moderate,the trait was not extracted for this species
"species present, trait missing",Dryops,Locomotion and substrate relation,Interstitial (endobenthic),,,,moderate,the trait was not extracted for this species
"species present, trait missing",Coelostoma,Respiration,Plastron,,,,moderate,the trait was not extracted for this species
"species present, trait missing",Coelostoma,Respiration,Spiracle (aerial),,,,moderate,the trait was not extracted for this species
"species present, trait missing",Colymbetes,Dispersal,Aquatic active,,,,moderate,the trait was not extracted for this species
"species present, trait missing",Colymbetes,Dispersal,Aerial active,,,,moderate,the trait was not extracted for this species
"species present, trait missing",Cybister,Life cycle duration,>1,,,,moderate,the trait was not extracted for this species
"species present, trait missing",Limnebius,Potential number of reproduction cycles per year,≤1,,,,moderate,the trait was not extracted for this species
"species present, trait missing",Limnebius,Potential number of reproduction cycles per year,>1,,,,moderate,the trait was not extracted for this species
"species present, trait missing",Porhydrus,Dispersal,Aquatic active,,,,moderate,the trait was not extracted for this species
"species present, trait missing",Porhydrus,Dispersal,Aerial active,,,,moderate,the trait was not extracted for this species
"species present, trait missing",Stictonectes,Resistance form,Diapause or dormancy,,,,moderate,the trait was not extracted for this species
"species present, trait missing",Stictonectes,Resistance form,,,,,moderate,the trait was not extracted for this species
"species present, trait missing",Agabus,Reproduction,"Clutches, cemented or fixed",,,,moderate,the trait was not extracted for this species
"species present, trait missing",Agabus,Reproduction,"Clutches, in vegetation (endophytic)",,,,moderate,the trait was not extracted for this species
"species present, trait missing",Spaherius,Aquatic stages,Egg,,,,moderate,the trait was not extracted for this species
"species present, trait missing",Spaherius,Aquatic stages,Larva + pupa,,,,moderate,the trait was not extracted for this species
"species present, trait missing",Spaherius,Aquatic stages,Adult,,,,moderate,the trait was not extracted for this species
"species present, trait missing",Colymbetes,Potential number of reproduction cycles per year,≤1,,,,moderate,the trait was not extracted for this species
"species present, trait missing",Metaporus,Feeding habits,Piercer (plants or animals),,,,moderate,the trait was not extracted for this species
"species present, trait missing",Metaporus,Feeding habits,Predator (carver/engulfer/swallower),,,,moderate,the trait was not extracted for this species
"species present, trait missing",Dytiscus,Dispersal,Aquatic active,,,,moderate,the trait was not extracted for this species
"species present, trait missing",Dytiscus,Dispersal,Aerial active,,,,moderate,the trait was not extracted for this species
"species present, trait missing",Liopterus,Feeding habits,Shredder,,,,moderate,the trait was not extracted for this species
"species present, trait missing",Liopterus,Feeding habits,Predator (carver/engulfer/swallower),,,,moderate,the trait was not extracted for this species
"species present, trait missing",Boreonectes,Aquatic stages,Egg,,,,moderate,the trait was not extracted for this species
"species present, trait missing",Boreonectes,Aquatic stages,Larva + pupa,,,,moderate,the trait was not extracted for this species
"species present, trait missing",Boreonectes,Aquatic stages,Adult,,,,moderate,the trait was not extracted for this species
"species present, trait missing",Hydrochara,Feeding habits,Scraper,,,,moderate,the trait was not extracted for this species
"species present, trait missing",Hydrochara,Feeding habits,Predator (carver/engulfer/swallower),,,,moderate,the trait was not extracted for this species
"species present, trait missing",Porhydrus,Potential number of reproduction cycles per year,≤1,,,,moderate,the trait was not extracted for this species
"species present, trait missing",Porhydrus,Potential number of reproduction cycles per year,>1,,,,moderate,the trait was not extracted for this species
"species present, trait missing",Noterus,Aquatic stages,Larva + pupa,,,,moderate,the trait was not extracted for this species
"species present, trait missing",Noterus,Aquatic stages,Adult,,,,moderate,the trait was not extracted for this species
"species present, trait missing",Chaetarthria,Feeding habits,Shredder,,,,moderate,the trait was not extracted for this species
"species present, trait missing",Chaetarthria,Feeding habits,Scraper,,,,moderate,the trait was not extracted for this species
"species present, trait missing",Chaetarthria,Feeding habits,Predator (carver/engulfer/swallower),,,,moderate,the trait was not extracted for this species
"species present, trait missing",Porhydrus,Respiration,Tegument,,,,moderate,the trait was not extracted for this species
"species present, trait missing",Porhydrus,Respiration,Spiracle (aerial),,,,moderate,the trait was not extracted for this species
"species present, trait missing",Porhydrus,Respiration,Hydrostatic vesicle (aerial),,,,moderate,the trait was not extracted for this species
"species present, trait missing",Pomatinus,Dispersal,Aquatic active,,,,moderate,the trait was not extracted for this species
"species present, trait missing",Pomatinus,Dispersal,Aerial active,,,,moderate,the trait was not extracted for this species
"species present, trait missing",Esolus,Resistance form,,,,,moderate,the trait was not extracted for this species
"species present, trait missing",Paracymus,Respiration,Plastron,,,,moderate,the trait was not extracted for this species
"species present, trait missing",Paracymus,Respiration,Spiracle (aerial),,,,moderate,the trait was not extracted for this species
"species present, trait missing",Hydrochara,Maximal size,>1,,,,moderate,the trait was not extracted for this species
"species present, trait missing",Hygrobia,Food,Plant detritus ≤1 mm,,,,moderate,the trait was not extracted for this species
"species present, trait missing",Hygrobia,Food,Living macroinvertebrates,,,,moderate,the trait was not extracted for this species
"species present, trait missing",Orectochilus,Potential number of reproduction cycles per year,≤1,,,,moderate,the trait was not extracted for this species
"species present, trait missing",Orectochilus,Potential number of reproduction cycles per year,>1,,,,moderate,the trait was not extracted for this species
"species present, trait missing",Gyrinus,Life cycle duration,≤1 ,,,,moderate,the trait was not extracted for this species
"species present, trait missing",Gyrinus,Life cycle duration,>1,,,,moderate,the trait was not extracted for this species
"species present, trait missing",Chaetarthria,Maximal size,<= 0.25,,,,moderate,the trait was not extracted for this species
"species present, trait missing",Chaetarthria,Maximal size,>0.25-0.5,,,,moderate,the trait was not extracted for this species
"species present, trait missing",Graptodytes,Food,Fine sediment + Microorganisms + Detritus <1 mm,,,,moderate,the trait was not extracted for this species
"species present, trait missing",Graptodytes,Food,Living microinvertebrates,,,,moderate,the trait was not extracted for this species
"species present, trait missing",Graptodytes,Food,Living macroinvertebrates,,,,moderate,the trait was not extracted for this species
"species present, trait missing",Riolus,Resistance form,,,,,moderate,the trait was not extracted for this species
"species present, trait missing",Limnoxenus,Feeding habits,Shredder,,,,moderate,the trait was not extracted for this species
"species present, trait missing",Limnoxenus,Feeding habits,Scraper,,,,moderate,the trait was not extracted for this species
"species present, trait missing",Limnoxenus,Feeding habits,Predator (carver/engulfer/swallower),,,,moderate,the trait was not extracted for this species
"species present, trait missing",Laccobius,Food,Fine sediment + Microorganisms + Detritus <1 mm,,,,moderate,the trait was not extracted for this species
"species present, trait missing",Laccobius,Food,Plant detritus ≤1 mm,,,,moderate,the trait was not extracted for this species
"species present, trait missing",Laccobius,Food,Living microphytes,,,,moderate,the trait was not extracted for this species
"species present, trait missing",Laccobius,Food,Living microinvertebrates,,,,moderate,the trait was not extracted for this species
"species present, trait missing",Dytiscus,Potential number of reproduction cycles per year,≤1,,,,moderate,the trait was not extracted for this species
"species present, trait missing",Oreodytes,Resistance form,Diapause or dormancy,,,,moderate,the trait was not extracted for this species
"species present, trait missing",Oreodytes,Resistance form,,,,,moderate,the trait was not extracted for this species
"species present, trait missing",Nebrioporus,Feeding habits,Piercer (plants or animals),,,,moderate,the trait was not extracted for this species
"species present, trait missing",Nebrioporus,Feeding habits,Predator (carver/engulfer/swallower),,,,moderate,the trait was not extracted for this species
"species present, trait missing",Graphoderus,Dispersal,Aquatic active,,,,moderate,the trait was not extracted for this species
"species present, trait missing",Graphoderus,Dispersal,Aerial active,,,,moderate,the trait was not extracted for this species
"species present, trait missing",Anacaena,Dispersal,Aquatic passive,,,,moderate,the trait was not extracted for this species
"species present, trait missing",Anacaena,Dispersal,Aerial active,,,,moderate,the trait was not extracted for this species
"species present, trait missing",Coelostoma,Life cycle duration,≤1,,,,moderate,the trait was not extracted for this species
"species present, trait missing",Coelostoma,Life cycle duration,>1,,,,moderate,the trait was not extracted for this species
"species present, trait missing",Limnoxenus,Maximal size,>0.5-1,,,,moderate,the trait was not extracted for this species
"species present, trait missing",Limnoxenus,Maximal size,>1,,,,moderate,the trait was not extracted for this species
"species present, trait missing",Dytiscus,Respiration,Spiracle (aerial),,,,moderate,the trait was not extracted for this species
"species present, trait missing",Dytiscus,Respiration,Hydrostatic vesicle (aerial),,,,moderate,the trait was not extracted for this species
"species present, trait missing",Hydaticus,Reproduction,"Clutches, in vegetation (endophytic)",,,,moderate,the trait was not extracted for this species
"species present, trait missing",Hyphydrus,Reproduction,"Clutches, cemented or fixed",,,,moderate,the trait was not extracted for this species
"species present, trait missing",Nebrioporus,Maximal size,>0.5-1,,,,moderate,the trait was not extracted for this species
"species present, trait missing",Ilybius,Respiration,Spiracle (aerial),,,,moderate,the trait was not extracted for this species
"species present, trait missing",Ilybius,Respiration,Hydrostatic vesicle (aerial),,,,moderate,the trait was not extracted for this species
"species present, trait missing",Pomatinus,Potential number of reproduction cycles per year,≤1,,,,moderate,the trait was not extracted for this species
"species present, trait missing",Berosus,Life cycle duration,≤1,,,,moderate,the trait was not extracted for this species
"species present, trait missing",Berosus,Life cycle duration,>1,,,,moderate,the trait was not extracted for this species
"species present, trait missing",Hygrotus,Reproduction,"Clutches, cemented or fixed",,,,moderate,the trait was not extracted for this species
"species present, trait missing",Metaporus,Aquatic stages,Egg,,,,moderate,the trait was not extracted for this species
"species present, trait missing",Metaporus,Aquatic stages,Larva + pupa,,,,moderate,the trait was not extracted for this species
"species present, trait missing",Metaporus,Aquatic stages,Adult,,,,moderate,the trait was not extracted for this species
"species present, trait missing",Stictonectes,Dispersal,Aquatic passive,,,,moderate,the trait was not extracted for this species
"species present, trait missing",Stictonectes,Dispersal,Aquatic active,,,,moderate,the trait was not extracted for this species
"species present, trait missing",Stictonectes,Dispersal,Aerial active,,,,moderate,the trait was not extracted for this species
"species present, trait missing",Hydroglyphus,Dispersal,Aquatic active,,,,moderate,the trait was not extracted for this species
"species present, trait missing",Hydroglyphus,Dispersal,Aerial active,,,,moderate,the trait was not extracted for this species
"species present, trait missing",Graphoderus,Potential number of reproduction cycles per year,≤1,,,,moderate,the trait was not extracted for this species
"species present, trait missing",Anacaena,Potential number of reproduction cycles per year,≤1,,,,moderate,the trait was not extracted for this species
"species present, trait missing",Anacaena,Potential number of reproduction cycles per year,>1,,,,moderate,the trait was not extracted for this species
"species present, trait missing",Limnebius,Food,Fine sediment + Microorganisms + Detritus <1 mm,,,,moderate,the trait was not extracted for this species
"species present, trait missing",Limnebius,Food,Living microphytes,,,,moderate,the trait was not extracted for this species
"species present, trait missing",Limnebius,Food,Living macrophytes,,,,moderate,the trait was not extracted for this species
"species present, trait missing",Ochthebius,Reproduction,"Clutches, terrestrial",,,,moderate,the trait was not extracted for this species
"species present, trait missing",Hydrochara,Aquatic stages,Egg,,,,moderate,the trait was not extracted for this species
"species present, trait missing",Hydrochara,Aquatic stages,Larva + pupa,,,,moderate,the trait was not extracted for this species
"species present, trait missing",Hydrochara,Aquatic stages,Adult,,,,moderate,the trait was not extracted for this species
"species present, trait missing",Hyphydrus,Locomotion and substrate relation,Flier,,,,moderate,the trait was not extracted for this species
"species present, trait missing",Hyphydrus,Locomotion and substrate relation,Swimmer (surface swimmer included),,,,moderate,the trait was not extracted for this species
"species present, trait missing",Hyphydrus,Locomotion and substrate relation,Crawler,,,,moderate,the trait was not extracted for this species
"species present, trait missing",Laccophilus,Resistance form,,,,,moderate,the trait was not extracted for this species
"species present, trait missing",Chaetarthria,Aquatic stages,Adult,,,,moderate,the trait was not extracted for this species
"species present, trait missing",Colymbetes,Food,Dead animals >1 mm,,,,moderate,the trait was not extracted for this species
"species present, trait missing",Colymbetes,Food,Living microinvertebrates,,,,moderate,the trait was not extracted for this species
"species present, trait missing",Colymbetes,Food,Living macroinvertebrates,,,,moderate,the trait was not extracted for this species
"species present, trait missing",Colymbetes,Food,Vertebrates,,,,moderate,the trait was not extracted for this species
"species present, trait missing",Limnoxenus,Aquatic stages,Egg,,,,moderate,the trait was not extracted for this species
"species present, trait missing",Limnoxenus,Aquatic stages,Larva + pupa,,,,moderate,the trait was not extracted for this species
"species present, trait missing",Limnoxenus,Aquatic stages,Adult,,,,moderate,the trait was not extracted for this species
"species present, trait missing",Hygrotus,Locomotion and substrate relation,Flier,,,,moderate,the trait was not extracted for this species
"species present, trait missing",Hygrotus,Locomotion and substrate relation,Swimmer (surface swimmer included),,,,moderate,the trait was not extracted for this species
"species present, trait missing",Hygrotus,Locomotion and substrate relation,Crawler,,,,moderate,the trait was not extracted for this species
"species present, trait missing",Chasmogenus,Reproduction,"Clutches, cemented or fixed",,,,moderate,the trait was not extracted for this species
"species present, trait missing",Helochares,Resistance form,,,,,moderate,the trait was not extracted for this species
"species present, trait missing",Stictonectes,Potential number of reproduction cycles per year,≤1,,,,moderate,the trait was not extracted for this species
"species present, trait missing",Stictonectes,Potential number of reproduction cycles per year,>1,,,,moderate,the trait was not extracted for this species
"species present, trait missing",Hydroglyphus,Potential number of reproduction cycles per year,>1,,,,moderate,the trait was not extracted for this species
"species present, trait missing",Nebrioporus,Aquatic stages,Egg,,,,moderate,the trait was not extracted for this species
"species present, trait missing",Nebrioporus,Aquatic stages,Larva + pupa,,,,moderate,the trait was not extracted for this species
"species present, trait missing",Nebrioporus,Aquatic stages,Adult,,,,moderate,the trait was not extracted for this species
"species present, trait missing",Paracymus,Life cycle duration,≤1,,,,moderate,the trait was not extracted for this species
"species present, trait missing",Paracymus,Life cycle duration,>1,,,,moderate,the trait was not extracted for this species
"species present, trait missing",Potamophilus,Resistance form,Diapause or dormancy,,,,moderate,the trait was not extracted for this species
"species present, trait missing",Potamophilus,Resistance form,,,,,moderate,the trait was not extracted for this species
"species present, trait missing",Methles,Feeding habits,Piercer (plants or animals),,,,moderate,the trait was not extracted for this species
"species present, trait missing",Methles,Feeding habits,Predator (carver/engulfer/swallower),,,,moderate,the trait was not extracted for this species
"species present, trait missing",Stictotarsus,Respiration,Spiracle (aerial),,,,moderate,the trait was not extracted for this species
"species present, trait missing",Stictotarsus,Respiration,Hydrostatic vesicle (aerial),,,,moderate,the trait was not extracted for this species
"species present, trait missing",Esolus,Dispersal,Aquatic passive,,,,moderate,the trait was not extracted for this species
"species present, trait missing",Esolus,Dispersal,Aquatic active,,,,moderate,the trait was not extracted for this species
"species present, trait missing",Esolus,Dispersal,Aerial active,,,,moderate,the trait was not extracted for this species
"species present, trait missing",Porhydrus,Food,Living macroinvertebrates,,,,moderate,the trait was not extracted for this species
"species present, trait missing",Stictonectes,Respiration,Tegument,,,,moderate,the trait was not extracted for this species
"species present, trait missing",Stictonectes,Respiration,Spiracle (aerial),,,,moderate,the trait was not extracted for this species
"species present, trait missing",Stictonectes,Respiration,Hydrostatic vesicle (aerial),,,,moderate,the trait was not extracted for this species
"species present, trait missing",Ochthebius,Locomotion and substrate relation,Flier,,,,moderate,the trait was not extracted for this species
"species present, trait missing",Ochthebius,Locomotion and substrate relation,Crawler,,,,moderate,the trait was not extracted for this species
"species present, trait missing",Ochthebius,Locomotion and substrate relation,Interstitial (endobenthic),,,,moderate,the trait was not extracted for this species
"species present, trait missing",Acilius,Life cycle duration,>1,,,,moderate,the trait was not extracted for this species
"species present, trait missing",Orectochilus,Food,Living microinvertebrates,,,,moderate,the trait was not extracted for this species
"species present, trait missing",Orectochilus,Food,Living macroinvertebrates,,,,moderate,the trait was not extracted for this species
"species present, trait missing",Hydroscapha,Resistance form,Diapause or dormancy,,,,moderate,the trait was not extracted for this species
"species present, trait missing",Hydroscapha,Resistance form,,,,,moderate,the trait was not extracted for this species
"species present, trait missing",Oreodytes,Dispersal,Aquatic passive,,,,moderate,the trait was not extracted for this species
"species present, trait missing",Oreodytes,Dispersal,Aquatic active,,,,moderate,the trait was not extracted for this species
"species present, trait missing",Oreodytes,Dispersal,Aerial active,,,,moderate,the trait was not extracted for this species
"species present, trait missing",Hemisphaera,Reproduction,"Clutches, cemented or fixed",,,,moderate,the trait was not extracted for this species
"species present, trait missing",Hydraena,Feeding habits,Shredder,,,,moderate,the trait was not extracted for this species
"species present, trait missing",Hydraena,Feeding habits,Scraper,,,,moderate,the trait was not extracted for this species
"species present, trait missing",Dytiscus,Food,Living macroinvertebrates,,,,moderate,the trait was not extracted for this species
"species present, trait missing",Dytiscus,Food,Vertebrates,,,,moderate,the trait was not extracted for this species
"species present, trait missing",Chasmogenus,Locomotion and substrate relation,Flier,,,,moderate,the trait was not extracted for this species
"species present, trait missing",Chasmogenus,Locomotion and substrate relation,Crawler,,,,moderate,the trait was not extracted for this species
"species present, trait missing",Ilybius,Life cycle duration,>1,,,,moderate,the trait was not extracted for this species
"species present, trait missing",Esolus,Potential number of reproduction cycles per year,≤1,,,,moderate,the trait was not extracted for this species
"species present, trait missing",Herophydrus,Feeding habits,Piercer (plants or animals),,,,moderate,the trait was not extracted for this species
"species present, trait missing",Herophydrus,Feeding habits,Predator (carver/engulfer/swallower),,,,moderate,the trait was not extracted for this species
"species present, trait missing",Haliplus,Maximal size,>0.25-0.5,,,,moderate,the trait was not extracted for this species
"species present, trait missing",Hydrovatus,Life cycle duration,≤1,,,,moderate,the trait was not extracted for this species
"species present, trait missing",Hydrovatus,Life cycle duration,>1,,,,moderate,the trait was not extracted for this species
"species present, trait missing",Pomatinus,Food,Living microphytes,,,,moderate,the trait was not extracted for this species
"species present, trait missing",Pomatinus,Food,Living macrophytes,,,,moderate,the trait was not extracted for this species
"species present, trait missing",Cybister,Reproduction,"Clutches, in vegetation (endophytic)",,,,moderate,the trait was not extracted for this species
"species present, trait missing",Herophydrus,Maximal size,>0.25-0.5,,,,moderate,the trait was not extracted for this species
"species present, trait missing",Riolus,Respiration,Tegument,,,,moderate,the trait was not extracted for this species
"species present, trait missing",Riolus,Respiration,Gills,,,,moderate,the trait was not extracted for this species
"species present, trait missing",Riolus,Respiration,Plastron,,,,moderate,the trait was not extracted for this species
"species present, trait missing",Hemisphaera,Locomotion and substrate relation,Flier,,,,moderate,the trait was not extracted for this species
"species present, trait missing",Hemisphaera,Locomotion and substrate relation,Crawler,,,,moderate,the trait was not extracted for this species
"species present, trait missing",Hemisphaera,Locomotion and substrate relation,Interstitial (endobenthic),,,,moderate,the trait was not extracted for this species
"species present, trait missing",Oreodytes,Respiration,Tegument,,,,moderate,the trait was not extracted for this species
"species present, trait missing",Oreodytes,Respiration,Spiracle (aerial),,,,moderate,the trait was not extracted for this species
"species present, trait missing",Oreodytes,Respiration,Hydrostatic vesicle (aerial),,,,moderate,the trait was not extracted for this species
"species present, trait missing",Haliplus,Locomotion and substrate relation,Flier,,,,moderate,the trait was not extracted for this species
"species present, trait missing",Haliplus,Locomotion and substrate relation,Swimmer (surface swimmer included),,,,moderate,the trait was not extracted for this species
"species present, trait missing",Haliplus,Locomotion and substrate relation,Crawler,,,,moderate,the trait was not extracted for this species
"species present, trait missing",Yola,Feeding habits,Piercer (plants or animals),,,,moderate,the trait was not extracted for this species
"species present, trait missing",Yola,Feeding habits,Predator (carver/engulfer/swallower),,,,moderate,the trait was not extracted for this species
"species present, trait missing",Graphoderus,Food,Dead animals >1 mm,,,,moderate,the trait was not extracted for this species
"species present, trait missing",Graphoderus,Food,Living microinvertebrates,,,,moderate,the trait was not extracted for this species
"species present, trait missing",Graphoderus,Food,Living macroinvertebrates,,,,moderate,the trait was not extracted for this species
"species present, trait missing",Graphoderus,Food,Vertebrates,,,,moderate,the trait was not extracted for this species
"species present, trait missing",Laccophilus,Dispersal,Aquatic passive,,,,moderate,the trait was not extracted for this species
"species present, trait missing",Laccophilus,Dispersal,Aquatic active,,,,moderate,the trait was not extracted for this species
"species present, trait missing",Laccophilus,Dispersal,Aerial active,,,,moderate,the trait was not extracted for this species
"species present, trait missing",Anacaena,Food,Fine sediment + Microorganisms + Detritus <1 mm,,,,moderate,the trait was not extracted for this species
"species present, trait missing",Anacaena,Food,Living microphytes,,,,moderate,the trait was not extracted for this species
"species present, trait missing",Anacaena,Food,Living microinvertebrates,,,,moderate,the trait was not extracted for this species
"species present, trait missing",Dupohilus,Life cycle duration,≤1,,,,moderate,the trait was not extracted for this species
"species present, trait missing",Dupohilus,Life cycle duration,>1,,,,moderate,the trait was not extracted for this species
"species present, trait missing",Methles,Aquatic stages,Egg,,,,moderate,the trait was not extracted for this species
"species present, trait missing",Methles,Aquatic stages,Larva + pupa,,,,moderate,the trait was not extracted for this species
"species present, trait missing",Methles,Aquatic stages,Adult,,,,moderate,the trait was not extracted for this species
"species present, trait missing",Agabus,Resistance form,Diapause or dormancy,,,,moderate,the trait was not extracted for this species
"species present, trait missing",Agabus,Resistance form,,,,,moderate,the trait was not extracted for this species
"species present, trait missing",Yola,Maximal size,<= 0.25,,,,moderate,the trait was not extracted for this species
"species present, trait missing",Yola,Maximal size,>0.25-0.5,,,,moderate,the trait was not extracted for this species
"species present, trait missing",Elmis,Resistance form,,,,,moderate,the trait was not extracted for this species
"species present, trait missing",Cybister,Locomotion and substrate relation,Flier,,,,moderate,the trait was not extracted for this species
"species present, trait missing",Cybister,Locomotion and substrate relation,Swimmer (surface swimmer included),,,,moderate,the trait was not extracted for this species
"species present, trait missing",Cybister,Locomotion and substrate relation,Crawler,,,,moderate,the trait was not extracted for this species
"species present, trait missing",Stictotarsus,Life cycle duration,≤1,,,,moderate,the trait was not extracted for this species
"species present, trait missing",Stictotarsus,Life cycle duration,>1,,,,moderate,the trait was not extracted for this species
"species present, trait missing",Limnius,Life cycle duration,≤1,,,,moderate,the trait was not extracted for this species
"species present, trait missing",Limnius,Life cycle duration,>1,,,,moderate,the trait was not extracted for this species
"species present, trait missing",Helochares,Dispersal,Aquatic passive,,,,moderate,the trait was not extracted for this species
"species present, trait missing",Helochares,Dispersal,Aerial active,,,,moderate,the trait was not extracted for this species
"species present, trait missing",Helophorus,Feeding habits,Shredder,,,,moderate,the trait was not extracted for this species
"species present, trait missing",Helophorus,Feeding habits,Scraper,,,,moderate,the trait was not extracted for this species
"species present, trait missing",Rhitrodytes,Feeding habits,Piercer (plants or animals),,,,moderate,the trait was not extracted for this species
"species present, trait missing",Rhitrodytes,Feeding habits,Predator (carver/engulfer/swallower),,,,moderate,the trait was not extracted for this species
"species present, trait missing",Potamophilus,Dispersal,Aquatic passive,,,,moderate,the trait was not extracted for this species
"species present, trait missing",Potamophilus,Dispersal,Aerial active,,,,moderate,the trait was not extracted for this species
"species present, trait missing",Hydraena,Aquatic stages,Adult,,,,moderate,the trait was not extracted for this species
"species present, trait missing",Stictonectes,Food,Living microinvertebrates,,,,moderate,the trait was not extracted for this species
"species present, trait missing",Stictonectes,Food,Living macroinvertebrates,,,,moderate,the trait was not extracted for this species
"species present, trait missing",Hydroglyphus,Food,Dead animals >1 mm,,,,moderate,the trait was not extracted for this species
"species present, trait missing",Hydroglyphus,Food,Living microinvertebrates,,,,moderate,the trait was not extracted for this species
"species present, trait missing",Hydroglyphus,Food,Living macroinvertebrates,,,,moderate,the trait was not extracted for this species
"species present, trait missing",Laccophilus,Potential number of reproduction cycles per year,≤1,,,,moderate,the trait was not extracted for this species
"species present, trait missing",Laccophilus,Potential number of reproduction cycles per year,>1,,,,moderate,the trait was not extracted for this species
"species present, trait missing",Helophorus,Maximal size,<= 0.25,,,,moderate,the trait was not extracted for this species
"species present, trait missing",Helophorus,Maximal size,>0.25-0.5,,,,moderate,the trait was not extracted for this species
"species present, trait missing",Helophorus,Maximal size,>0.5-1,,,,moderate,the trait was not extracted for this species
"species present, trait missing",Helophorus,Maximal size,>1,,,,moderate,the trait was not extracted for this species
"species present, trait missing",Hygrobia,Feeding habits,Predator (carver/engulfer/swallower),,,,moderate,the trait was not extracted for this species
"species present, trait missing",Rhitrodytes,Maximal size,<= 0.25,,,,moderate,the trait was not extracted for this species
"species present, trait missing",Laccophilus,Respiration,Tegument,,,,moderate,the trait was not extracted for this species
"species present, trait missing",Laccophilus,Respiration,Spiracle (aerial),,,,moderate,the trait was not extracted for this species
"species present, trait missing",Laccophilus,Respiration,Hydrostatic vesicle (aerial),,,,moderate,the trait was not extracted for this species
"species present, trait missing",Graptodytes,Feeding habits,Piercer (plants or animals),,,,moderate,the trait was not extracted for this species
"species present, trait missing",Graptodytes,Feeding habits,Predator (carver/engulfer/swallower),,,,moderate,the trait was not extracted for this species
"species present, trait missing",Herophydrus,Aquatic stages,Egg,,,,moderate,the trait was not extracted for this species
"species present, trait missing",Herophydrus,Aquatic stages,Larva + pupa,,,,moderate,the trait was not extracted for this species
"species present, trait missing",Herophydrus,Aquatic stages,Adult,,,,moderate,the trait was not extracted for this species
"species present, trait missing",Hygrobia,Maximal size,>0.5-1,,,,moderate,the trait was not extracted for this species
"species present, trait missing",Graptodytes,Maximal size,>0.25-0.5,,,,moderate,the trait was not extracted for this species
"species present, trait missing",Deronectes,Resistance form,Diapause or dormancy,,,,moderate,the trait was not extracted for this species
"species present, trait missing",Deronectes,Resistance form,,,,,moderate,the trait was not extracted for this species
"species present, trait missing",Laccobius,Maximal size,>0.25-0.5,,,,moderate,the trait was not extracted for this species
"species present, trait missing",Coelostoma,Reproduction,"Clutches, cemented or fixed",,,,moderate,the trait was not extracted for this species
"species present, trait missing",Helochares,Respiration,Plastron,,,,moderate,the trait was not extracted for this species
"species present, trait missing",Helochares,Respiration,Spiracle (aerial),,,,moderate,the trait was not extracted for this species
"species present, trait missing",Potamophilus,Respiration,Tegument,,,,moderate,the trait was not extracted for this species
"species present, trait missing",Potamophilus,Respiration,Gills,,,,moderate,the trait was not extracted for this species
"species present, trait missing",Potamophilus,Respiration,Plastron,,,,moderate,the trait was not extracted for this species
"species present, trait missing",Hydaticus,Resistance form,,,,,moderate,the trait was not extracted for this species
"species present, trait missing",Yola,Aquatic stages,Egg,,,,moderate,the trait was not extracted for this species
"species present, trait missing",Yola,Aquatic stages,Larva + pupa,,,,moderate,the trait was not extracted for this species
"species present, trait missing",Yola,Aquatic stages,Adult,,,,moderate,the trait was not extracted for this species
"species present, trait missing",Esolus,Food,Fine sediment + Microorganisms + Detritus <1 mm,,,,moderate,the trait was not extracted for this species
"species present, trait missing",Esolus,Food,Living microphytes,,,,moderate,the trait was not extracted for this species
"species present, trait missing",Riolus,Life cycle duration,≤1,,,,moderate,the trait was not extracted for this species
"species present, trait missing",Riolus,Life cycle duration,>1,,,,moderate,the trait was not extracted for this species
"species present, trait missing",Laccobius,Locomotion and substrate relation,Flier,,,,moderate,the trait was not extracted for this species
"species present, trait missing",Laccobius,Locomotion and substrate relation,Swimmer (surface swimmer included),,,,moderate,the trait was not extracted for this species
"species present, trait missing",Laccobius,Locomotion and substrate relation,Crawler,,,,moderate,the trait was not extracted for this species
"species present, trait missing",Laccobius,Locomotion and substrate relation,Interstitial (endobenthic),,,,moderate,the trait was not extracted for this species
"species present, trait missing",Berosus,Reproduction,"Clutches, in vegetation (endophytic)",,,,moderate,the trait was not extracted for this species
"species present, trait missing",Canthydrus,Resistance form,Diapause or dormancy,,,,moderate,the trait was not extracted for this species
"species present, trait missing",Canthydrus,Resistance form,,,,,moderate,the trait was not extracted for this species
"species present, trait missing",Hydroscapha,Respiration,Spiracle (aerial),,,,moderate,the trait was not extracted for this species
"species present, trait missing",Hydroscapha,Respiration,Hydrostatic vesicle (aerial),,,,moderate,the trait was not extracted for this species
"species present, trait missing",Oreodytes,Food,Living microinvertebrates,,,,moderate,the trait was not extracted for this species
"species present, trait missing",Oreodytes,Food,Living macroinvertebrates,,,,moderate,the trait was not extracted for this species
"species present, trait missing",Hydroporus,Feeding habits,Piercer (plants or animals),,,,moderate,the trait was not extracted for this species
"species present, trait missing",Hydroporus,Feeding habits,Predator (carver/engulfer/swallower),,,,moderate,the trait was not extracted for this species
"species present, trait missing",Helophorus,Aquatic stages,Adult,,,,moderate,the trait was not extracted for this species
"species present, trait missing",Rhitrodytes,Aquatic stages,Egg,,,,moderate,the trait was not extracted for this species
"species present, trait missing",Rhitrodytes,Aquatic stages,Larva + pupa,,,,moderate,the trait was not extracted for this species
"species present, trait missing",Rhitrodytes,Aquatic stages,Adult,,,,moderate,the trait was not extracted for this species
"species present, trait missing",Agabus,Dispersal,Aquatic passive,,,,moderate,the trait was not extracted for this species
"species present, trait missing",Agabus,Dispersal,Aquatic active,,,,moderate,the trait was not extracted for this species
"species present, trait missing",Agabus,Dispersal,Aerial active,,,,moderate,the trait was not extracted for this species
"species present, trait missing",Oulimnius,Resistance form,,,,,moderate,the trait was not extracted for this species
"species present, trait missing",Limnebius,Maximal size,<= 0.25,,,,moderate,the trait was not extracted for this species
"species present, trait missing",Limnebius,Maximal size,>0.25-0.5,,,,moderate,the trait was not extracted for this species
"species present, trait missing",Elmis,Dispersal,Aquatic passive,,,,moderate,the trait was not extracted for this species
"species present, trait missing",Elmis,Dispersal,Aquatic active,,,,moderate,the trait was not extracted for this species
"species present, trait missing",Elmis,Dispersal,Aerial active,,,,moderate,the trait was not extracted for this species
"species present, trait missing",Iberoporus,Resistance form,,,,,moderate,the trait was not extracted for this species
"species present, trait missing",Hydroporus,Maximal size,>0.25-0.5,,,,moderate,the trait was not extracted for this species
"species present, trait missing",Hydroporus,Maximal size,>0.5-1,,,,moderate,the trait was not extracted for this species
"species present, trait missing",Hygrobia,Aquatic stages,Egg,,,,moderate,the trait was not extracted for this species
"species present, trait missing",Hygrobia,Aquatic stages,Larva + pupa,,,,moderate,the trait was not extracted for this species
"species present, trait missing",Hygrobia,Aquatic stages,Adult,,,,moderate,the trait was not extracted for this species
"species present, trait missing",Cymbiodyta,Feeding habits,Shredder,,,,moderate,the trait was not extracted for this species
"species present, trait missing",Cymbiodyta,Feeding habits,Predator (carver/engulfer/swallower),,,,moderate,the trait was not extracted for this species
"species present, trait missing",Graptodytes,Aquatic stages,Egg,,,,moderate,the trait was not extracted for this species
"species present, trait missing",Graptodytes,Aquatic stages,Larva + pupa,,,,moderate,the trait was not extracted for this species
"species present, trait missing",Graptodytes,Aquatic stages,Adult,,,,moderate,the trait was not extracted for this species
"species present, trait missing",Bidessus,Resistance form,,,,,moderate,the trait was not extracted for this species
"species present, trait missing",Colymbetes,Maximal size,>1,,,,moderate,the trait was not extracted for this species
"species present, trait missing",Cymbiodyta,Maximal size,>0.25-0.5,,,,moderate,the trait was not extracted for this species
"species present, trait missing",Noterus,Respiration,Spiracle (aerial),,,,moderate,the trait was not extracted for this species
"species present, trait missing",Noterus,Respiration,Hydrostatic vesicle (aerial),,,,moderate,the trait was not extracted for this species
"species present, trait missing",Normandia,Life cycle duration,≤1,,,,moderate,the trait was not extracted for this species
"species present, trait missing",Normandia,Life cycle duration,>1,,,,moderate,the trait was not extracted for this species
"species present, trait missing",Porhydrus,Reproduction,"Clutches, cemented or fixed",,,,moderate,the trait was not extracted for this species
"species present, trait missing",Trichonectes,Life cycle duration,≤1,,,,moderate,the trait was not extracted for this species
"species present, trait missing",Trichonectes,Life cycle duration,>1,,,,moderate,the trait was not extracted for this species
"species present, trait missing",Limnebius,Locomotion and substrate relation,Flier,,,,moderate,the trait was not extracted for this species
"species present, trait missing",Limnebius,Locomotion and substrate relation,Crawler,,,,moderate,the trait was not extracted for this species
"species present, trait missing",Limnebius,Locomotion and substrate relation,Interstitial (endobenthic),,,,moderate,the trait was not extracted for this species
"species present, trait missing",Paracymus,Reproduction,"Clutches, cemented or fixed",,,,moderate,the trait was not extracted for this species
"species present, trait missing",Agabus,Potential number of reproduction cycles per year,≤1,,,,moderate,the trait was not extracted for this species
"species present, trait missing",Agabus,Potential number of reproduction cycles per year,>1,,,,moderate,the trait was not extracted for this species
"species present, trait missing",Laccophilus,Food,Living microinvertebrates,,,,moderate,the trait was not extracted for this species
"species present, trait missing",Laccophilus,Food,Living macroinvertebrates,,,,moderate,the trait was not extracted for this species
"species present, trait missing",Peltodytes,Feeding habits,Scraper,,,,moderate,the trait was not extracted for this species
"species present, trait missing",Peltodytes,Feeding habits,Piercer (plants or animals),,,,moderate,the trait was not extracted for this species
"species present, trait missing",Peltodytes,Feeding habits,Predator (carver/engulfer/swallower),,,,moderate,the trait was not extracted for this species
"species present, trait missing",Elmis,Potential number of reproduction cycles per year,≤1,,,,moderate,the trait was not extracted for this species
"species present, trait missing",Orectochilus,Feeding habits,Piercer (plants or animals),,,,moderate,the trait was not extracted for this species
"species present, trait missing",Orectochilus,Feeding habits,Predator (carver/engulfer/swallower),,,,moderate,the trait was not extracted for this species
"species present, trait missing",Brychius,Feeding habits,Shredder,,,,moderate,the trait was not extracted for this species
"species present, trait missing",Colymbetes,Locomotion and substrate relation,Flier,,,,moderate,the trait was not extracted for this species
"species present, trait missing",Colymbetes,Locomotion and substrate relation,Swimmer (surface swimmer included),,,,moderate,the trait was not extracted for this species
"species present, trait missing",Colymbetes,Locomotion and substrate relation,Crawler,,,,moderate,the trait was not extracted for this species
"species present, trait missing",Elmis,Respiration,Tegument,,,,moderate,the trait was not extracted for this species
"species present, trait missing",Elmis,Respiration,Gills,,,,moderate,the trait was not extracted for this species
"species present, trait missing",Elmis,Respiration,Plastron,,,,moderate,the trait was not extracted for this species
"species present, trait missing",Deronectes,Dispersal,Aquatic passive,,,,moderate,the trait was not extracted for this species
"species present, trait missing",Deronectes,Dispersal,Aquatic active,,,,moderate,the trait was not extracted for this species
"species present, trait missing",Deronectes,Dispersal,Aerial active,,,,moderate,the trait was not extracted for this species
"species present, trait missing",Helochares,Life cycle duration,≤1,,,,moderate,the trait was not extracted for this species
"species present, trait missing",Helochares,Life cycle duration,>1,,,,moderate,the trait was not extracted for this species
"species present, trait missing",Dytiscus,Reproduction,"Clutches, in vegetation (endophytic)",,,,moderate,the trait was not extracted for this species
"species present, trait missing",Orectochilus,Maximal size,>0.25-0.5,,,,moderate,the trait was not extracted for this species
"species present, trait missing",Orectochilus,Maximal size,>0.5-1,,,,moderate,the trait was not extracted for this species
"species present, trait missing",Potamophilus,Life cycle duration,≤1,,,,moderate,the trait was not extracted for this species
"species present, trait missing",Potamophilus,Life cycle duration,>1,,,,moderate,the trait was not extracted for this species
"species present, trait missing",Hydaticus,Dispersal,Aquatic active,,,,moderate,the trait was not extracted for this species
"species present, trait missing",Hydaticus,Dispersal,Aerial active,,,,moderate,the trait was not extracted for this species
"species present, trait missing",Ilybius,Reproduction,"Clutches, in vegetation (endophytic)",,,,moderate,the trait was not extracted for this species
"species present, trait missing",Porhydrus,Locomotion and substrate relation,Flier,,,,moderate,the trait was not extracted for this species
"species present, trait missing",Porhydrus,Locomotion and substrate relation,Swimmer (surface swimmer included),,,,moderate,the trait was not extracted for this species
"species present, trait missing",Hydroporus,Aquatic stages,Egg,,,,moderate,the trait was not extracted for this species
"species present, trait missing",Hydroporus,Aquatic stages,Larva + pupa,,,,moderate,the trait was not extracted for this species
"species present, trait missing",Hydroporus,Aquatic stages,Adult,,,,moderate,the trait was not extracted for this species
"species present, trait missing",Pomatinus,Feeding habits,Shredder,,,,moderate,the trait was not extracted for this species
"species present, trait missing",Pomatinus,Feeding habits,Scraper,,,,moderate,the trait was not extracted for this species
"species present, trait missing",Hydroscapha,Life cycle duration,≤1,,,,moderate,the trait was not extracted for this species
"species present, trait missing",Hydroscapha,Life cycle duration,>1,,,,moderate,the trait was not extracted for this species
"species present, trait missing",Canthydrus,Dispersal,Aquatic active,,,,moderate,the trait was not extracted for this species
"species present, trait missing",Canthydrus,Dispersal,Aerial active,,,,moderate,the trait was not extracted for this species
"species present, trait missing",Cymbiodyta,Aquatic stages,Egg,,,,moderate,the trait was not extracted for this species
"species present, trait missing",Cymbiodyta,Aquatic stages,Larva + pupa,,,,moderate,the trait was not extracted for this species
"species present, trait missing",Cymbiodyta,Aquatic stages,Adult,,,,moderate,the trait was not extracted for this species
"species present, trait missing",Pomatinus,Maximal size,>0.5-1,,,,moderate,the trait was not extracted for this species
"species present, trait missing",Deronectes,Potential number of reproduction cycles per year,≤1,,,,moderate,the trait was not extracted for this species
"species present, trait missing",Deronectes,Potential number of reproduction cycles per year,>1,,,,moderate,the trait was not extracted for this species
"species present, trait missing",Dytiscus,Locomotion and substrate relation,Flier,,,,moderate,the trait was not extracted for this species
"species present, trait missing",Dytiscus,Locomotion and substrate relation,Swimmer (surface swimmer included),,,,moderate,the trait was not extracted for this species
"species present, trait missing",Dytiscus,Locomotion and substrate relation,Crawler,,,,moderate,the trait was not extracted for this species
"species present, trait missing",Liopterus,Respiration,Tegument,,,,moderate,the trait was not extracted for this species
"species present, trait missing",Liopterus,Respiration,Spiracle (aerial),,,,moderate,the trait was not extracted for this species
"species present, trait missing",Liopterus,Respiration,Hydrostatic vesicle (aerial),,,,moderate,the trait was not extracted for this species
"species present, trait missing",Spaherius,Life cycle duration,≤1,,,,moderate,the trait was not extracted for this species
"species present, trait missing",Spaherius,Life cycle duration,>1,,,,moderate,the trait was not extracted for this species
"species present, trait missing",Graphoderus,Feeding habits,Piercer (plants or animals),,,,moderate,the trait was not extracted for this species
"species present, trait missing",Graphoderus,Feeding habits,Predator (carver/engulfer/swallower),,,,moderate,the trait was not extracted for this species
"species present, trait missing",Deronectes,Respiration,Tegument,,,,moderate,the trait was not extracted for this species
"species present, trait missing",Deronectes,Respiration,Spiracle (aerial),,,,moderate,the trait was not extracted for this species
"species present, trait missing",Deronectes,Respiration,Hydrostatic vesicle (aerial),,,,moderate,the trait was not extracted for this species
"species present, trait missing",Aulacochthebius,Feeding habits,Shredder,,,,moderate,the trait was not extracted for this species
"species present, trait missing",Aulacochthebius,Feeding habits,Scraper,,,,moderate,the trait was not extracted for this species
"species present, trait missing",Oulimnius,Dispersal,Aquatic passive,,,,moderate,the trait was not extracted for this species
"species present, trait missing",Oulimnius,Dispersal,Aquatic active,,,,moderate,the trait was not extracted for this species
"species present, trait missing",Oulimnius,Dispersal,Aerial active,,,,moderate,the trait was not extracted for this species
"species present, trait missing",Hydaticus,Potential number of reproduction cycles per year,≤1,,,,moderate,the trait was not extracted for this species
"species present, trait missing",Hyphydrus,Potential number of reproduction cycles per year,≤1,,,,moderate,the trait was not extracted for this species
"species present, trait missing",Hyphydrus,Potential number of reproduction cycles per year,>1,,,,moderate,the trait was not extracted for this species
"species present, trait missing",Iberoporus,Dispersal,Aquatic passive,,,,moderate,the trait was not extracted for this species
"species present, trait missing",Iberoporus,Dispersal,Aquatic active,,,,moderate,the trait was not extracted for this species
"species present, trait missing",Graphoderus,Maximal size,>1,,,,moderate,the trait was not extracted for this species
"species present, trait missing",Anacaena,Maximal size,>0.25-0.5,,,,moderate,the trait was not extracted for this species
"species present, trait missing",Aulacochthebius,Maximal size,<= 0.25,,,,moderate,the trait was not extracted for this species
"species present, trait missing",Enochrus,Feeding habits,Shredder,,,,moderate,the trait was not extracted for this species
"species present, trait missing",Enochrus,Feeding habits,Scraper,,,,moderate,the trait was not extracted for this species
"species present, trait missing",Enochrus,Feeding habits,Predator (carver/engulfer/swallower),,,,moderate,the trait was not extracted for this species
"species present, trait missing",Boreonectes,Life cycle duration,≤1,,,,moderate,the trait was not extracted for this species
"species present, trait missing",Boreonectes,Life cycle duration,>1,,,,moderate,the trait was not extracted for this species
"species present, trait missing",Bidessus,Dispersal,Aquatic passive,,,,moderate,the trait was not extracted for this species
"species present, trait missing",Bidessus,Dispersal,Aquatic active,,,,moderate,the trait was not extracted for this species
"species present, trait missing",Bidessus,Dispersal,Aerial active,,,,moderate,the trait was not extracted for this species
"species present, trait missing",Peltodytes,Aquatic stages,Egg,,,,moderate,the trait was not extracted for this species
"species present, trait missing",Peltodytes,Aquatic stages,Larva + pupa,,,,moderate,the trait was not extracted for this species
"species present, trait missing",Peltodytes,Aquatic stages,Adult,,,,moderate,the trait was not extracted for this species
"species present, trait missing",Rhantus,Feeding habits,Piercer (plants or animals),,,,moderate,the trait was not extracted for this species
"species present, trait missing",Rhantus,Feeding habits,Predator (carver/engulfer/swallower),,,,moderate,the trait was not extracted for this species
"species present, trait missing",Orectochilus,Aquatic stages,Egg,,,,moderate,the trait was not extracted for this species
"species present, trait missing",Orectochilus,Aquatic stages,Larva + pupa,,,,moderate,the trait was not extracted for this species
"species present, trait missing",Orectochilus,Aquatic stages,Adult,,,,moderate,the trait was not extracted for this species
"species present, trait missing",Noterus,Life cycle duration,>1,,,,moderate,the trait was not extracted for this species
"species present, trait missing",Brychius,Aquatic stages,Egg,,,,moderate,the trait was not extracted for this species
"species present, trait missing",Brychius,Aquatic stages,Larva + pupa,,,,moderate,the trait was not extracted for this species
"species present, trait missing",Brychius,Aquatic stages,Adult,,,,moderate,the trait was not extracted for this species
"species present, trait missing",Enochrus,Maximal size,>0.25-0.5,,,,moderate,the trait was not extracted for this species
"species present, trait missing",Enochrus,Maximal size,>0.5-1,,,,moderate,the trait was not extracted for this species
"species present, trait missing",Stictotarsus,Reproduction,"Clutches, cemented or fixed",,,,moderate,the trait was not extracted for this species
"species present, trait missing",Canthydrus,Respiration,Spiracle (aerial),,,,moderate,the trait was not extracted for this species
"species present, trait missing",Canthydrus,Respiration,Hydrostatic vesicle (aerial),,,,moderate,the trait was not extracted for this species
"species present, trait missing",Hydroglyphus,Feeding habits,Piercer (plants or animals),,,,moderate,the trait was not extracted for this species
"species present, trait missing",Hydroglyphus,Feeding habits,Predator (carver/engulfer/swallower),,,,moderate,the trait was not extracted for this species
"species present, trait missing",Anacaena,Locomotion and substrate relation,Flier,,,,moderate,the trait was not extracted for this species
"species present, trait missing",Anacaena,Locomotion and substrate relation,Swimmer (surface swimmer included),,,,moderate,the trait was not extracted for this species
"species present, trait missing",Anacaena,Locomotion and substrate relation,Crawler,,,,moderate,the trait was not extracted for this species
"species present, trait missing",Anacaena,Locomotion and substrate relation,Interstitial (endobenthic),,,,moderate,the trait was not extracted for this species
"species present, trait missing",Oulimnius,Potential number of reproduction cycles per year,≤1,,,,moderate,the trait was not extracted for this species
"species present, trait missing",Stictonectes,Maximal size,>0.25-0.5,,,,moderate,the trait was not extracted for this species
"species present, trait missing",Stictonectes,Maximal size,>0.5-1,,,,moderate,the trait was not extracted for this species
"species present, trait missing",Hydroglyphus,Maximal size,<= 0.25,,,,moderate,the trait was not extracted for this species
"species present, trait missing",Agabus,Food,Living microinvertebrates,,,,moderate,the trait was not extracted for this species
"species present, trait missing",Agabus,Food,Living macroinvertebrates,,,,moderate,the trait was not extracted for this species
"species present, trait missing",Agabus,Food,Vertebrates,,,,moderate,the trait was not extracted for this species
"species present, trait missing",Oulimnius,Respiration,Tegument,,,,moderate,the trait was not extracted for this species
"species present, trait missing",Oulimnius,Respiration,Gills,,,,moderate,the trait was not extracted for this species
"species present, trait missing",Oulimnius,Respiration,Plastron,,,,moderate,the trait was not extracted for this species
"species present, trait missing",Hydrobius,Feeding habits,Shredder,,,,moderate,the trait was not extracted for this species
"species present, trait missing",Hydrobius,Feeding habits,Scraper,,,,moderate,the trait was not extracted for this species
"species present, trait missing",Hydrobius,Feeding habits,Predator (carver/engulfer/swallower),,,,moderate,the trait was not extracted for this species
"species present, trait missing",Iberoporus,Respiration,Tegument,,,,moderate,the trait was not extracted for this species
"species present, trait missing",Iberoporus,Respiration,Spiracle (aerial),,,,moderate,the trait was not extracted for this species
"species present, trait missing",Iberoporus,Respiration,Hydrostatic vesicle (aerial),,,,moderate,the trait was not extracted for this species
"species present, trait missing",Elmis,Food,Fine sediment + Microorganisms + Detritus <1 mm,,,,moderate,the trait was not extracted for this species
"species present, trait missing",Elmis,Food,Living microphytes,,,,moderate,the trait was not extracted for this species
"species present, trait missing",Pomatinus,Aquatic stages,Larva + pupa,,,,moderate,the trait was not extracted for this species
"species present, trait missing",Pomatinus,Aquatic stages,Adult,,,,moderate,the trait was not extracted for this species
"species present, trait missing",Bidessus,Potential number of reproduction cycles per year,≤1,,,,moderate,the trait was not extracted for this species
"species present, trait missing",Bidessus,Potential number of reproduction cycles per year,>1,,,,moderate,the trait was not extracted for this species
"species present, trait missing",Gyrinus,Resistance form,Diapause or dormancy,,,,moderate,the trait was not extracted for this species
"species present, trait missing",Gyrinus,Resistance form,,,,,moderate,the trait was not extracted for this species
"species present, trait missing",Meladema,Feeding habits,Piercer (plants or animals),,,,moderate,the trait was not extracted for this species
"species present, trait missing",Meladema,Feeding habits,Predator (carver/engulfer/swallower),,,,moderate,the trait was not extracted for this species
"species present, trait missing",Bidessus,Respiration,Tegument ,,,,moderate,the trait was not extracted for this species
"species present, trait missing",Bidessus,Respiration,Spiracle (aerial),,,,moderate,the trait was not extracted for this species
"species present, trait missing",Bidessus,Respiration,Hydrostatic vesicle (aerial),,,,moderate,the trait was not extracted for this species
"species present, trait missing",Chasmogenus,Potential number of reproduction cycles per year,≤1,,,,moderate,the trait was not extracted for this species
"species present, trait missing",Chasmogenus,Potential number of reproduction cycles per year,>1,,,,moderate,the trait was not extracted for this species
"species present, trait missing",Stenelmis,Feeding habits,Shredder,,,,moderate,the trait was not extracted for this species
"species present, trait missing",Stenelmis,Feeding habits,Scraper,,,,moderate,the trait was not extracted for this species
"species present, trait missing",Stictonectes,Locomotion and substrate relation,Flier,,,,moderate,the trait was not extracted for this species
"species present, trait missing",Stictonectes,Locomotion and substrate relation,Swimmer (surface swimmer included),,,,moderate,the trait was not extracted for this species
"species present, trait missing",Stictonectes,Locomotion and substrate relation,Crawler,,,,moderate,the trait was not extracted for this species
"species present, trait missing",Meladema,Maximal size,>1,,,,moderate,the trait was not extracted for this species
"species present, trait missing",Graphoderus,Aquatic stages,Egg,,,,moderate,the trait was not extracted for this species
"species present, trait missing",Graphoderus,Aquatic stages,Larva + pupa,,,,moderate,the trait was not extracted for this species
"species present, trait missing",Graphoderus,Aquatic stages,Adult,,,,moderate,the trait was not extracted for this species
"species present, trait missing",Coelostoma,Resistance form,,,,,moderate,the trait was not extracted for this species
"species present, trait missing",Anacaena,Aquatic stages,Egg,,,,moderate,the trait was not extracted for this species
"species present, trait missing",Anacaena,Aquatic stages,Larva + pupa,,,,moderate,the trait was not extracted for this species
"species present, trait missing",Anacaena,Aquatic stages,Adult,,,,moderate,the trait was not extracted for this species
"species present, trait missing",Aulacochthebius,Aquatic stages,Larva + pupa,,,,moderate,the trait was not extracted for this species
"species present, trait missing",Aulacochthebius,Aquatic stages,Adult,,,,moderate,the trait was not extracted for this species
"species present, trait missing",Metaporus,Life cycle duration,≤1,,,,moderate,the trait was not extracted for this species
"species present, trait missing",Metaporus,Life cycle duration,>1,,,,moderate,the trait was not extracted for this species
"species present, trait missing",Stenelmis,Maximal size,>0.25-0.5,,,,moderate,the trait was not extracted for this species
"species present, trait missing",Stenelmis,Maximal size,>0.5-1,,,,moderate,the trait was not extracted for this species
"species present, trait missing",Riolus,Reproduction,"Clutches, cemented or fixed",,,,moderate,the trait was not extracted for this species
"species present, trait missing",Cybister,Dispersal,Aquatic active,,,,moderate,the trait was not extracted for this species
"species present, trait missing",Cybister,Dispersal,Aerial active,,,,moderate,the trait was not extracted for this species
"species present, trait missing",Esolus,Maximal size,<= 0.25,,,,moderate,the trait was not extracted for this species
"species present, trait missing",Esolus,Maximal size,>0.25-0.5,,,,moderate,the trait was not extracted for this species
"species present, trait missing",Liopterus,Life cycle duration,>1,,,,moderate,the trait was not extracted for this species
"species present, trait missing",Enochrus,Aquatic stages,Egg,,,,moderate,the trait was not extracted for this species
"species present, trait missing",Enochrus,Aquatic stages,Larva + pupa,,,,moderate,the trait was not extracted for this species
"species present, trait missing",Enochrus,Aquatic stages,Adult,,,,moderate,the trait was not extracted for this species
"species present, trait missing",Oreodytes,Reproduction,"Clutches, cemented or fixed",,,,moderate,the trait was not extracted for this species
"species present, trait missing",Hydrochara,Life cycle duration,≤1,,,,moderate,the trait was not extracted for this species
"species present, trait missing",Hydrochara,Life cycle duration,>1,,,,moderate,the trait was not extracted for this species
"species present, trait missing",Platambus,Feeding habits,Piercer (plants or animals),,,,moderate,the trait was not extracted for this species
"species present, trait missing",Platambus,Feeding habits,Predator (carver/engulfer/swallower),,,,moderate,the trait was not extracted for this species
"species present, trait missing",Scarodytes,Feeding habits,Piercer (plants or animals),,,,moderate,the trait was not extracted for this species
"species present, trait missing",Scarodytes,Feeding habits,Predator (carver/engulfer/swallower),,,,moderate,the trait was not extracted for this species
"species present, trait missing",Deronectes,Food,Living microinvertebrates,,,,moderate,the trait was not extracted for this species
"species present, trait missing",Deronectes,Food,Living macroinvertebrates,,,,moderate,the trait was not extracted for this species
"species present, trait missing",Berosus,Resistance form,,,,,moderate,the trait was not extracted for this species
"species present, trait missing",Chaetarthria,Life cycle duration,≤1,,,,moderate,the trait was not extracted for this species
"species present, trait missing",Chaetarthria,Life cycle duration,>1,,,,moderate,the trait was not extracted for this species
"species present, trait missing",Scarodytes,Maximal size,>0.25-0.5,,,,moderate,the trait was not extracted for this species
"species present, trait missing",Hydroglyphus,Aquatic stages,Egg,,,,moderate,the trait was not extracted for this species
"species present, trait missing",Hydroglyphus,Aquatic stages,Larva + pupa,,,,moderate,the trait was not extracted for this species
"species present, trait missing",Hydroglyphus,Aquatic stages,Adult,,,,moderate,the trait was not extracted for this species
"species present, trait missing",Hydaticus,Food,Dead animals >1 mm,,,,moderate,the trait was not extracted for this species
"species present, trait missing",Hydaticus,Food,Living microinvertebrates,,,,moderate,the trait was not extracted for this species
"species present, trait missing",Hydaticus,Food,Living macroinvertebrates,,,,moderate,the trait was not extracted for this species
"species present, trait missing",Hydaticus,Food,Vertebrates,,,,moderate,the trait was not extracted for this species
"species present, trait missing",Esolus,Locomotion and substrate relation,Flier,,,,moderate,the trait was not extracted for this species
"species present, trait missing",Esolus,Locomotion and substrate relation,Crawler,,,,moderate,the trait was not extracted for this species
"species present, trait missing",Esolus,Locomotion and substrate relation,Interstitial (endobenthic),,,,moderate,the trait was not extracted for this species
"species present, trait missing",Limnoxenus,Life cycle duration,≤1,,,,moderate,the trait was not extracted for this species
"species present, trait missing",Limnoxenus,Life cycle duration,>1,,,,moderate,the trait was not extracted for this species
"species present, trait missing",Nebrioporus,Life cycle duration,≤1,,,,moderate,the trait was not extracted for this species
"species present, trait missing",Nebrioporus,Life cycle duration,>1,,,,moderate,the trait was not extracted for this species
"species present, trait missing",Cybister,Potential number of reproduction cycles per year,≤1,,,,moderate,the trait was not extracted for this species
"species present, trait missing",Riolus,Locomotion and substrate relation,Flier,,,,moderate,the trait was not extracted for this species
"species present, trait missing",Riolus,Locomotion and substrate relation,Crawler,,,,moderate,the trait was not extracted for this species
"species present, trait missing",Riolus,Locomotion and substrate relation,Interstitial (endobenthic),,,,moderate,the trait was not extracted for this species
"species present, trait missing",Hydrophilus,Feeding habits,Scraper,,,,moderate,the trait was not extracted for this species
"species present, trait missing",Hydrophilus,Feeding habits,Predator (carver/engulfer/swallower),,,,moderate,the trait was not extracted for this species
"species present, trait missing",Hydrobius,Aquatic stages,Egg,,,,moderate,the trait was not extracted for this species
"species present, trait missing",Hydrobius,Aquatic stages,Larva + pupa,,,,moderate,the trait was not extracted for this species
"species present, trait missing",Hydrobius,Aquatic stages,Adult,,,,moderate,the trait was not extracted for this species
"species present, trait missing",Eretes,Feeding habits,Piercer (plants or animals),,,,moderate,the trait was not extracted for this species
"species present, trait missing",Eretes,Feeding habits,Predator (carver/engulfer/swallower),,,,moderate,the trait was not extracted for this species
"species present, trait missing",Oreodytes,Locomotion and substrate relation,Flier,,,,moderate,the trait was not extracted for this species
"species present, trait missing",Oreodytes,Locomotion and substrate relation,Swimmer (surface swimmer included),,,,moderate,the trait was not extracted for this species
"species present, trait missing",Oreodytes,Locomotion and substrate relation,Crawler,,,,moderate,the trait was not extracted for this species
"species present, trait missing",Meladema,Aquatic stages,Egg,,,,moderate,the trait was not extracted for this species
"species present, trait missing",Meladema,Aquatic stages,Larva + pupa,,,,moderate,the trait was not extracted for this species
"species present, trait missing",Meladema,Aquatic stages,Adult,,,,moderate,the trait was not extracted for this species
"species present, trait missing",Laccophilus,Reproduction,"Clutches, cemented or fixed",,,,moderate,the trait was not extracted for this species
"species present, trait missing",Iberoporus,Life cycle duration,≤1,,,,moderate,the trait was not extracted for this species
"species present, trait missing",Iberoporus,Life cycle duration,>1,,,,moderate,the trait was not extracted for this species
"species present, trait missing",Stenelmis,Aquatic stages,Larva + pupa,,,,moderate,the trait was not extracted for this species
"species present, trait missing",Stenelmis,Aquatic stages,Adult,,,,moderate,the trait was not extracted for this species
"species present, trait missing",Oulimnius,Food,Fine sediment + Microorganisms + Detritus <1 mm,,,,moderate,the trait was not extracted for this species
"species present, trait missing",Oulimnius,Food,Living microphytes,,,,moderate,the trait was not extracted for this species
"species present, trait missing",Paracymus,Resistance form,Diapause or dormancy,,,,moderate,the trait was not extracted for this species
"species present, trait missing",Paracymus,Resistance form,,,,,moderate,the trait was not extracted for this species
"species present, trait missing",Aulonogyrus,Feeding habits,Piercer (plants or animals),,,,moderate,the trait was not extracted for this species
"species present, trait missing",Aulonogyrus,Feeding habits,Predator (carver/engulfer/swallower),,,,moderate,the trait was not extracted for this species
"species present, trait missing",Esolus,Aquatic stages,Larva + pupa,,,,moderate,the trait was not extracted for this species
"species present, trait missing",Esolus,Aquatic stages,Adult,,,,moderate,the trait was not extracted for this species
"species present, trait missing",Hydrochus,Resistance form,,,,,moderate,the trait was not extracted for this species
"species present, trait missing",Gyrinus,Dispersal,Aquatic active,,,,moderate,the trait was not extracted for this species
"species present, trait missing",Gyrinus,Dispersal,Aerial active,,,,moderate,the trait was not extracted for this species
"species present, trait missing",Bidessus,Food,Dead animals >1 mm,,,,moderate,the trait was not extracted for this species
"species present, trait missing",Bidessus,Food,Living microinvertebrates,,,,moderate,the trait was not extracted for this species
"species present, trait missing",Bidessus,Food,Living macroinvertebrates,,,,moderate,the trait was not extracted for this species
"species present, trait missing",Acilius,Resistance form,,,,,moderate,the trait was not extracted for this species
"species present, trait missing",Helochares,Reproduction,"Clutches, cemented or fixed",,,,moderate,the trait was not extracted for this species
"species present, trait missing",Potamophilus,Reproduction,"Clutches, in vegetation (endophytic)",,,,moderate,the trait was not extracted for this species
"species present, trait missing",Platambus,Aquatic stages,Egg,,,,moderate,the trait was not extracted for this species
"species present, trait missing",Platambus,Aquatic stages,Larva + pupa,,,,moderate,the trait was not extracted for this species
"species present, trait missing",Platambus,Aquatic stages,Adult,,,,moderate,the trait was not extracted for this species
"species present, trait missing",Scarodytes,Aquatic stages,Egg,,,,moderate,the trait was not extracted for this species
"species present, trait missing",Scarodytes,Aquatic stages,Larva + pupa,,,,moderate,the trait was not extracted for this species
"species present, trait missing",Scarodytes,Aquatic stages,Adult,,,,moderate,the trait was not extracted for this species
"species present, trait missing",Coelostoma,Dispersal,Aquatic passive,,,,moderate,the trait was not extracted for this species
"species present, trait missing",Coelostoma,Dispersal,Aerial active,,,,moderate,the trait was not extracted for this species
"species present, trait missing",Dryops,Feeding habits,Shredder,,,,moderate,the trait was not extracted for this species
"species present, trait missing",Dryops,Feeding habits,Scraper,,,,moderate,the trait was not extracted for this species
"species present, trait missing",Laccophilus,Locomotion and substrate relation,Flier,,,,moderate,the trait was not extracted for this species
"species present, trait missing",Laccophilus,Locomotion and substrate relation,Swimmer (surface swimmer included),,,,moderate,the trait was not extracted for this species
"species present, trait missing",Laccophilus,Locomotion and substrate relation,Crawler,,,,moderate,the trait was not extracted for this species
"species present, trait missing",Ilybius,Resistance form,,,,,moderate,the trait was not extracted for this species
"species present, trait missing",Hydroscapha,Reproduction,"Clutches, cemented or fixed",,,,moderate,the trait was not extracted for this species
"species present, trait missing",Hydrovatus,Resistance form,,,,,moderate,the trait was not extracted for this species
"species present, trait missing",Gyrinus,Potential number of reproduction cycles per year,≤1,,,,moderate,the trait was not extracted for this species
"species present, trait missing",Gyrinus,Potential number of reproduction cycles per year,>1,,,,moderate,the trait was not extracted for this species
"species present, trait missing",Berosus,Dispersal,Aquatic passive,,,,moderate,the trait was not extracted for this species
"species present, trait missing",Berosus,Dispersal,Aquatic active,,,,moderate,the trait was not extracted for this species
"species present, trait missing",Berosus,Dispersal,Aerial active,,,,moderate,the trait was not extracted for this species
"species present, trait missing",Methles,Life cycle duration,≤1,,,,moderate,the trait was not extracted for this species
"species present, trait missing",Methles,Life cycle duration,>1,,,,moderate,the trait was not extracted for this species
"species present, trait missing",Gyrinus,Respiration,Tegument,,,,moderate,the trait was not extracted for this species
"species present, trait missing",Gyrinus,Respiration,Gills,,,,moderate,the trait was not extracted for this species
"species present, trait missing",Gyrinus,Respiration,Spiracle (aerial),,,,moderate,the trait was not extracted for this species
"species present, trait missing",Helochares,Locomotion and substrate relation,Flier,,,,moderate,the trait was not extracted for this species
"species present, trait missing",Helochares,Locomotion and substrate relation,Swimmer (surface swimmer included),,,,moderate,the trait was not extracted for this species
"species present, trait missing",Helochares,Locomotion and substrate relation,Crawler,,,,moderate,the trait was not extracted for this species
"species present, trait missing",Helochares,Locomotion and substrate relation,Interstitial (endobenthic),,,,moderate,the trait was not extracted for this species
"species present, trait missing",Potamophilus,Locomotion and substrate relation,Flier,,,,moderate,the trait was not extracted for this species
"species present, trait missing",Potamophilus,Locomotion and substrate relation,Crawler,,,,moderate,the trait was not extracted for this species
"species present, trait missing",Potamophilus,Locomotion and substrate relation,Interstitial (endobenthic),,,,moderate,the trait was not extracted for this species
"species present, trait missing",Coelostoma,Potential number of reproduction cycles per year,≤1,,,,moderate,the trait was not extracted for this species
"species present, trait missing",Coelostoma,Potential number of reproduction cycles per year,>1,,,,moderate,the trait was not extracted for this species
"species present, trait missing",Dupohilus,Resistance form,,,,,moderate,the trait was not extracted for this species
"species present, trait missing",Aulonogyrus,Aquatic stages,Egg,,,,moderate,the trait was not extracted for this species
"species present, trait missing",Aulonogyrus,Aquatic stages,Larva + pupa,,,,moderate,the trait was not extracted for this species
"species present, trait missing",Aulonogyrus,Aquatic stages,Adult,,,,moderate,the trait was not extracted for this species
"species present, trait missing",Hydraena,Life cycle duration,≤1,,,,moderate,the trait was not extracted for this species
"species present, trait missing",Hydraena,Life cycle duration,>1,,,,moderate,the trait was not extracted for this species
"species present, trait missing",Hydroscapha,Locomotion and substrate relation,Flier,,,,moderate,the trait was not extracted for this species
"species present, trait missing",Hydroscapha,Locomotion and substrate relation,Crawler,,,,moderate,the trait was not extracted for this species
"species present, trait missing",Hydroscapha,Locomotion and substrate relation,Interstitial (endobenthic),,,,moderate,the trait was not extracted for this species
"species present, trait missing",Cybister,Food,Living macroinvertebrates,,,,moderate,the trait was not extracted for this species
"species present, trait missing",Cybister,Food,Vertebrates,,,,moderate,the trait was not extracted for this species
"species present, trait missing",Noterus,Reproduction,"Clutches, in vegetation (endophytic)",,,,moderate,the trait was not extracted for this species
"species present, trait missing",Berosus,Potential number of reproduction cycles per year,≤1,,,,moderate,the trait was not extracted for this species
"species present, trait missing",Berosus,Potential number of reproduction cycles per year,>1,,,,moderate,the trait was not extracted for this species
"species present, trait missing",Herophydrus,Life cycle duration,≤1,,,,moderate,the trait was not extracted for this species
"species present, trait missing",Herophydrus,Life cycle duration,>1,,,,moderate,the trait was not extracted for this species
"species present, trait missing",Stictotarsus,Resistance form,,,,,moderate,the trait was not extracted for this species
"species present, trait missing",Berosus,Respiration,Plastron,,,,moderate,the trait was not extracted for this species
"species present, trait missing",Berosus,Respiration,Spiracle (aerial),,,,moderate,the trait was not extracted for this species
"species present, trait missing",Limnius,Resistance form,,,,,moderate,the trait was not extracted for this species
"species present, trait missing",Paracymus,Dispersal,Aquatic passive,,,,moderate,the trait was not extracted for this species
"species present, trait missing",Paracymus,Dispersal,Aerial active,,,,moderate,the trait was not extracted for this species
"species present, trait missing",Dryops,Aquatic stages,Larva + pupa,,,,moderate,the trait was not extracted for this species
"species present, trait missing",Dryops,Aquatic stages,Adult,,,,moderate,the trait was not extracted for this species
"species present, trait missing",Elmis,Reproduction,"Clutches, cemented or fixed",,,,moderate,the trait was not extracted for this species
"species present, trait missing",Hydrochus,Dispersal,Aquatic passive,,,,moderate,the trait was not extracted for this species
"species present, trait missing",Hydrochus,Dispersal,Aerial active,,,,moderate,the trait was not extracted for this species
"species present, trait missing",Acilius,Dispersal,Aquatic active,,,,moderate,the trait was not extracted for this species
"species present, trait missing",Acilius,Dispersal,Aerial active,,,,moderate,the trait was not extracted for this species
"species present, trait missing",Rhantus,Resistance form,,,,,moderate,the trait was not extracted for this species
"species present, trait missing",Agabus,Maximal size,>0.5-1,,,,moderate,the trait was not extracted for this species
"species present, trait missing",Agabus,Maximal size,>1,,,,moderate,the trait was not extracted for this species
"species present, trait missing",Yola,Life cycle duration,≤1,,,,moderate,the trait was not extracted for this species
"species present, trait missing",Yola,Life cycle duration,>1,,,,moderate,the trait was not extracted for this species
"species present, trait missing",Ilybius,Dispersal,Aquatic active,,,,moderate,the trait was not extracted for this species
"species present, trait missing",Ilybius,Dispersal,Aerial active,,,,moderate,the trait was not extracted for this species
"species present, trait missing",Paracymus,Potential number of reproduction cycles per year,≤1,,,,moderate,the trait was not extracted for this species
"species present, trait missing",Paracymus,Potential number of reproduction cycles per year,>1,,,,moderate,the trait was not extracted for this species
"species present, trait missing",Agabus,Locomotion and substrate relation,Flier,,,,moderate,the trait was not extracted for this species
"species present, trait missing",Agabus,Locomotion and substrate relation,Swimmer (surface swimmer included),,,,moderate,the trait was not extracted for this species
"species present, trait missing",Agabus,Locomotion and substrate relation,Crawler,,,,moderate,the trait was not extracted for this species
"species present, trait missing",Hydrovatus,Dispersal,Aerial active,,,,moderate,the trait was not extracted for this species
"species present, trait missing",Elmis,Locomotion and substrate relation,Flier,,,,moderate,the trait was not extracted for this species
"species present, trait missing",Elmis,Locomotion and substrate relation,Crawler,,,,moderate,the trait was not extracted for this species
"species present, trait missing",Elmis,Locomotion and substrate relation,Interstitial (endobenthic),,,,moderate,the trait was not extracted for this species
"species present, trait missing",Helophorus,Life cycle duration,≤1,,,,moderate,the trait was not extracted for this species
"species present, trait missing",Helophorus,Life cycle duration,>1,,,,moderate,the trait was not extracted for this species
"species present, trait missing",Rhitrodytes,Life cycle duration,≤1,,,,moderate,the trait was not extracted for this species
"species present, trait missing",Rhitrodytes,Life cycle duration,>1,,,,moderate,the trait was not extracted for this species
"species present, trait missing",Acilius,Potential number of reproduction cycles per year,≤1,,,,moderate,the trait was not extracted for this species
"species present, trait missing",Liopterus,Reproduction,"Clutches, in vegetation (endophytic)",,,,moderate,the trait was not extracted for this species
"species present, trait missing",Hydrochus,Respiration,Plastron,,,,moderate,the trait was not extracted for this species
"species present, trait missing",Hydrochus,Respiration,Spiracle (aerial),,,,moderate,the trait was not extracted for this species
"species present, trait missing",Deronectes,Reproduction,"Clutches, cemented or fixed",,,,moderate,the trait was not extracted for this species
"species present, trait missing",Gyrinus,Food,Living microinvertebrates,,,,moderate,the trait was not extracted for this species
"species present, trait missing",Gyrinus,Food,Living macroinvertebrates,,,,moderate,the trait was not extracted for this species
"species present, trait missing",Acilius,Respiration,Spiracle (aerial),,,,moderate,the trait was not extracted for this species
"species present, trait missing",Acilius,Respiration,Hydrostatic vesicle (aerial),,,,moderate,the trait was not extracted for this species
"species present, trait missing",Deronectes,Maximal size,>0.25-0.5,,,,moderate,the trait was not extracted for this species
"species present, trait missing",Deronectes,Maximal size,>0.5-1,,,,moderate,the trait was not extracted for this species
"species present, trait missing",Hyphydrus,Feeding habits,Piercer (plants or animals),,,,moderate,the trait was not extracted for this species
"species present, trait missing",Hyphydrus,Feeding habits,Predator (carver/engulfer/swallower),,,,moderate,the trait was not extracted for this species
"species present, trait missing",Graptodytes,Life cycle duration,≤1,,,,moderate,the trait was not extracted for this species
"species present, trait missing",Graptodytes,Life cycle duration,>1,,,,moderate,the trait was not extracted for this species
"species present, trait missing",Ilybius,Potential number of reproduction cycles per year,≤1,,,,moderate,the trait was not extracted for this species
"species present, trait missing",Ilybius,Potential number of reproduction cycles per year,>1,,,,moderate,the trait was not extracted for this species
"species present, trait missing",Coelostoma,Food,Plant detritus ≤1 mm,,,,moderate,the trait was not extracted for this species
"species present, trait missing",Coelostoma,Food,Living microphytes,,,,moderate,the trait was not extracted for this species
"species present, trait missing",Dupohilus,Dispersal,Aquatic passive,,,,moderate,the trait was not extracted for this species
"species present, trait missing",Dupohilus,Dispersal,Aquatic active,,,,moderate,the trait was not extracted for this species
"species present, trait missing",Dupohilus,Dispersal,Aerial active,,,,moderate,the trait was not extracted for this species
"species present, trait missing",Peltodytes,Respiration,Gills,,,,moderate,the trait was not extracted for this species
"species present, trait missing",Peltodytes,Respiration,Spiracle (aerial),,,,moderate,the trait was not extracted for this species
"species present, trait missing",Hydaticus,Maximal size,>0.5-1,,,,moderate,the trait was not extracted for this species
"species present, trait missing",Hydaticus,Maximal size,>1,,,,moderate,the trait was not extracted for this species
"species present, trait missing",Hyphydrus,Maximal size,>0.25-0.5,,,,moderate,the trait was not extracted for this species
"species present, trait missing",Hyphydrus,Maximal size,>0.5-1,,,,moderate,the trait was not extracted for this species
"species present, trait missing",Canthydrus,Reproduction,"Clutches, in vegetation (endophytic)",,,,moderate,the trait was not extracted for this species
"species present, trait missing",Hygrotus,Feeding habits,Piercer (plants or animals),,,,moderate,the trait was not extracted for this species
"species present, trait missing",Hygrotus,Feeding habits,Predator (carver/engulfer/swallower),,,,moderate,the trait was not extracted for this species
"species present, trait missing",Hydrovatus,Respiration,Tegument ,,,,moderate,the trait was not extracted for this species
"species present, trait missing",Hydrovatus,Respiration,Spiracle (aerial),,,,moderate,the trait was not extracted for this species
"species present, trait missing",Hydrovatus,Respiration,Hydrostatic vesicle (aerial),,,,moderate,the trait was not extracted for this species
"species present, trait missing",Stictotarsus,Dispersal,Aquatic active,,,,moderate,the trait was not extracted for this species
"species present, trait missing",Stictotarsus,Dispersal,Aerial active,,,,moderate,the trait was not extracted for this species
"species present, trait missing",Limnius,Dispersal,Aquatic passive,,,,moderate,the trait was not extracted for this species
"species present, trait missing",Limnius,Dispersal,Aquatic active,,,,moderate,the trait was not extracted for this species
"species present, trait missing",Limnius,Dispersal,Aerial active,,,,moderate,the trait was not extracted for this species
"species present, trait missing",Deronectes,Locomotion and substrate relation,Flier,,,,moderate,the trait was not extracted for this species
"species present, trait missing",Deronectes,Locomotion and substrate relation,Swimmer (surface swimmer included),,,,moderate,the trait was not extracted for this species
"species present, trait missing",Deronectes,Locomotion and substrate relation,Crawler,,,,moderate,the trait was not extracted for this species
"species present, trait missing",Berosus,Food,Living microphytes,,,,moderate,the trait was not extracted for this species
"species present, trait missing",Berosus,Food,Living macrophytes,,,,moderate,the trait was not extracted for this species
"species present, trait missing",Berosus,Food,Living microinvertebrates,,,,moderate,the trait was not extracted for this species
"species present, trait missing",Berosus,Food,Living macroinvertebrates,,,,moderate,the trait was not extracted for this species
