basisOfRecord,verbatimIdentification,measurementType,measurementMethod,measurementValue ,measurementUnit,measurementStatistic,measurementRemarks,sex,lifeStage,caste,sampleSizeValue,sampleSizeUnit,sampleTreatment,samplingProtocol,verbatimLocality ,verbatimCoordinates,verbatimEventDate,associatedOccurrences,associatedReferences ,externalLink
HumanObservation,Andrena crataegi,Flower Handling,,1.00,%,single observation,,both,adult,,,,,,,,,,,
PreservedSpecimen,Andrena crataegi,Pollen Purity,,$0.48 \pm 0.10$,%,single observation,,both,adult,,,,,,,,,,,
PreservedSpecimen,Andrena crataegi,Body Length,,11.5,mm,mean,,both,adult,,,,,,,,,,,
HumanObservation,Andrena crataegi,Flower Handling,,1.00,%,single observation,,both,adult,,,,,,,,,,,
PreservedSpecimen,Andrena crataegi,Pollen Purity,,$0.70 \pm 0.06$,%,single observation,,both,adult,,,,,,,,,,,
PreservedSpecimen,Andrena crataegi,Body Length,,10.5,mm,mean,,both,adult,,,,,,,,,,,
PreservedSpecimen,Andrena crataegi,Pollen Purity,,0.48,%,single observation,,both,adult,,,,,,,,,,,
PreservedSpecimen,Andrena crataegi,Pollen Purity,,0.48,%,single observation,,both,adult,,,,,,,,,,,
HumanObservation,Andrena crataegi,Score,,4.01,Relative contribution,Comparison of relative contributions,,both,adult,,,,,,,,,,,
HumanObservation,Andrena crataegi,Score,,4.01,Relative contribution,Comparison of relative contributions,,both,adult,,,,,,,,,,,
PreservedSpecimen,Andrena crataegi,Length,Measurement of intertegular distances of field-collected bees,11.5,mm,mean,,both,adult,,,,,,,,,,,
PreservedSpecimen,Andrena crataegi,Length (mm),Measurement of intertegular distance or body length of field-collected bees,11.5,mm,range,,both,adult,,,,,,,,,,,
HumanObservation,Andrena crataegi,Martins et al 2015,,1.00,Proportion,single observation,,both,adult,,,,,,,,,,,
HumanObservation,Andrena crataegi,Martins et al 2015,,1.00,Proportion,single observation,,both,adult,,,,,,,,,,,
HumanObservation,Andrena crataegi,Park et al 2015,,na,,mode,,both,adult,,,,,,,,,,,
HumanObservation,Andrena crataegi,Park et al 2015,,na,,mode,,both,adult,,,,,,,,,,,
HumanObservation,Andrena crataegi,Floral Handling,,1.00,%,mean,,both,adult,,,,,,,,,,,
HumanObservation,Andrena crataegi,Floral Handling,,1.00,%,mean,,both,adult,,,,,,,,,,,
HumanObservation,Andrena crataegi,Intertegular distances,,2.2,proportion,mean,,both,adult,,,,,,,,,,,
HumanObservation,Andrena crataegi,Intertegular distances,,2.2,proportion,mean,,both,adult,,,,,,,,,,,
HumanObservation,Andrena crataegi,Abundance,15-min standardized net collections in NY apple orchards,232,count,mean,,both,adult,,,,,,,,,,,
HumanObservation,Andrena hippotes,Flower Handling,,0.97,%,single observation,,both,adult,,,,,,,,,,,
PreservedSpecimen,Andrena hippotes,Pollen Purity,,$0.51 \pm 0.11$,%,single observation,,both,adult,,,,,,,,,,,
PreservedSpecimen,Andrena hippotes,Body Length,,9.5,mm,mean,,both,adult,,,,,,,,,,,
PreservedSpecimen,Andrena hippotes,Pollen Purity,,0.51,%,single observation,,both,adult,,,,,,,,,,,
PreservedSpecimen,Andrena hippotes,Pollen Purity,,0.51,%,single observation,,both,adult,,,,,,,,,,,
HumanObservation,Andrena hippotes,Score,,5.12,Relative contribution,Comparison of relative contributions,,both,adult,,,,,,,,,,,
HumanObservation,Andrena hippotes,Score,,5.12,Relative contribution,Comparison of relative contributions,,both,adult,,,,,,,,,,,
PreservedSpecimen,Andrena hippotes,Length,Measurement of intertegular distances of field-collected bees,9.5,mm,mean,,both,adult,,,,,,,,,,,
PreservedSpecimen,Andrena hippotes,Length (mm),Measurement of intertegular distance or body length of field-collected bees,9.5,mm,range,,both,adult,,,,,,,,,,,
HumanObservation,Andrena hippotes,Martins et al 2015,,0.97,Proportion,single observation,,both,adult,,,,,,,,,,,
HumanObservation,Andrena hippotes,Martins et al 2015,,0.97,Proportion,single observation,,both,adult,,,,,,,,,,,
HumanObservation,Andrena hippotes,Park et al 2015,,na,,mode,,both,adult,,,,,,,,,,,
HumanObservation,Andrena hippotes,Park et al 2015,,na,,mode,,both,adult,,,,,,,,,,,
HumanObservation,Andrena hippotes,Floral Handling,,0.97,%,mean,,both,adult,,,,,,,,,,,
HumanObservation,Andrena hippotes,Floral Handling,,0.97,%,mean,,both,adult,,,,,,,,,,,
HumanObservation,Andrena hippotes,Intertegular distances,,2,proportion,mean,,both,adult,,,,,,,,,,,
HumanObservation,Andrena hippotes,Intertegular distances,,2,proportion,mean,,both,adult,,,,,,,,,,,
HumanObservation,Andrena hippotes,Abundance,15-min standardized net collections in NY apple orchards,130,count,mean,,both,adult,,,,,,,,,,,
PreservedSpecimen,Andrena hippotes,Pollen Purity,,0.51,%,single observation,,both,adult,,,,,,,,,,,
PreservedSpecimen,Andrena hippotes,Pollen Purity,,0.51,%,single observation,,both,adult,,,,,,,,,,,
HumanObservation,Andrena hippotes,Score,,5.12,Relative contribution,Comparison of relative contributions,,both,adult,,,,,,,,,,,
HumanObservation,Andrena hippotes,Score,,5.12,Relative contribution,Comparison of relative contributions,,both,adult,,,,,,,,,,,
PreservedSpecimen,Andrena hippotes,Length,Measurement of intertegular distances of field-collected bees,8.5,mm,mean,,both,adult,,,,,,,,,,,
PreservedSpecimen,Andrena hippotes,Length (mm),Measurement of intertegular distance or body length of field-collected bees,8.5,mm,range,,both,adult,,,,,,,,,,,
HumanObservation,Andrena hippotes,Martins et al 2015,,0.97,Proportion,single observation,,both,adult,,,,,,,,,,,
HumanObservation,Andrena hippotes,Martins et al 2015,,0.97,Proportion,single observation,,both,adult,,,,,,,,,,,
HumanObservation,Andrena hippotes,Park et al 2015,,na,,mode,,both,adult,,,,,,,,,,,
HumanObservation,Andrena hippotes,Park et al 2015,,na,,mode,,both,adult,,,,,,,,,,,
HumanObservation,Andrena hippotes,Floral Handling,,0.97,%,mean,,both,adult,,,,,,,,,,,
HumanObservation,Andrena hippotes,Floral Handling,,0.97,%,mean,,both,adult,,,,,,,,,,,
HumanObservation,Andrena hippotes,Intertegular distances,,1.607,proportion,mean,,both,adult,,,,,,,,,,,
HumanObservation,Andrena hippotes,Intertegular distances,,1.607,proportion,mean,,both,adult,,,,,,,,,,,
HumanObservation,Andrena hippotes,Abundance,15-min standardized net collections in NY apple orchards,33,count,mean,,both,adult,,,,,,,,,,,
HumanObservation,Andrena miserabilis,Flower Handling,,0.97,%,single observation,,both,adult,,,,,,,,,,,
PreservedSpecimen,Andrena miserabilis,Pollen Purity,,$0.80 \pm 0.07$,%,single observation,,both,adult,,,,,,,,,,,
PreservedSpecimen,Andrena miserabilis,Body Length,,8.2,mm,mean,,both,adult,,,,,,,,,,,
PreservedSpecimen,Andrena miserabilis,Pollen Purity,,0.80,%,single observation,,both,adult,,,,,,,,,,,
PreservedSpecimen,Andrena miserabilis,Pollen Purity,,0.80,%,single observation,,both,adult,,,,,,,,,,,
HumanObservation,Andrena miserabilis,Score,,7.75,Relative contribution,Comparison of relative contributions,,both,adult,,,,,,,,,,,
HumanObservation,Andrena miserabilis,Score,,7.75,Relative contribution,Comparison of relative contributions,,both,adult,,,,,,,,,,,
PreservedSpecimen,Andrena miserabilis,Length,Measurement of intertegular distances of field-collected bees,8.2,mm,mean,,both,adult,,,,,,,,,,,
PreservedSpecimen,Andrena miserabilis,Length (mm),Measurement of intertegular distance or body length of field-collected bees,8.2,mm,range,,both,adult,,,,,,,,,,,
HumanObservation,Andrena miserabilis,Martins et al 2015,,0.97,Proportion,single observation,,both,adult,,,,,,,,,,,
HumanObservation,Andrena miserabilis,Martins et al 2015,,0.97,Proportion,single observation,,both,adult,,,,,,,,,,,
HumanObservation,Andrena miserabilis,Park et al 2015,,na,,mode,,both,adult,,,,,,,,,,,
HumanObservation,Andrena miserabilis,Park et al 2015,,na,,mode,,both,adult,,,,,,,,,,,
HumanObservation,Andrena miserabilis,Floral Handling,,0.97,%,mean,,both,adult,,,,,,,,,,,
HumanObservation,Andrena miserabilis,Floral Handling,,0.97,%,mean,,both,adult,,,,,,,,,,,
HumanObservation,Andrena miserabilis,Intertegular distances,,2.208,proportion,mean,,both,adult,,,,,,,,,,,
HumanObservation,Andrena miserabilis,Intertegular distances,,2.208,proportion,mean,,both,adult,,,,,,,,,,,
HumanObservation,Andrena miserabilis,Abundance,15-min standardized net collections in NY apple orchards,149,count,mean,,both,adult,,,,,,,,,,,
PreservedSpecimen,Andrena miserabilis,Pollen Purity,,0.80,%,single observation,,both,adult,,,,,,,,,,,
PreservedSpecimen,Andrena miserabilis,Pollen Purity,,0.80,%,single observation,,both,adult,,,,,,,,,,,
HumanObservation,Andrena miserabilis,Score,,7.75,Relative contribution,Comparison of relative contributions,,both,adult,,,,,,,,,,,
HumanObservation,Andrena miserabilis,Score,,7.75,Relative contribution,Comparison of relative contributions,,both,adult,,,,,,,,,,,
PreservedSpecimen,Andrena miserabilis,Length,Measurement of intertegular distances of field-collected bees,7,mm,mean,,both,adult,,,,,,,,,,,
PreservedSpecimen,Andrena miserabilis,Length (mm),Measurement of intertegular distance or body length of field-collected bees,7,mm,range,,both,adult,,,,,,,,,,,
HumanObservation,Andrena miserabilis,Martins et al 2015,,0.97,Proportion,single observation,,both,adult,,,,,,,,,,,
HumanObservation,Andrena miserabilis,Martins et al 2015,,0.97,Proportion,single observation,,both,adult,,,,,,,,,,,
HumanObservation,Andrena miserabilis,Park et al 2015,,na,,mode,,both,adult,,,,,,,,,,,
HumanObservation,Andrena miserabilis,Park et al 2015,,na,,mode,,both,adult,,,,,,,,,,,
HumanObservation,Andrena miserabilis,Floral Handling,,0.97,%,mean,,both,adult,,,,,,,,,,,
HumanObservation,Andrena miserabilis,Floral Handling,,0.97,%,mean,,both,adult,,,,,,,,,,,
HumanObservation,Andrena miserabilis,Intertegular distances,,1.792,proportion,mean,,both,adult,,,,,,,,,,,
HumanObservation,Andrena miserabilis,Intertegular distances,,1.792,proportion,mean,,both,adult,,,,,,,,,,,
HumanObservation,Andrena miserabilis,Abundance,15-min standardized net collections in NY apple orchards,17,count,mean,,both,adult,,,,,,,,,,,
HumanObservation,Andrena nasonii,Flower Handling,,0.97,%,single observation,,both,adult,,,,,,,,,,,
PreservedSpecimen,Andrena nasonii,Pollen Purity,,$0.68 \pm 0.08$,%,single observation,,both,adult,,,,,,,,,,,
PreservedSpecimen,Andrena nasonii,Body Length,,8.0,mm,mean,,both,adult,,,,,,,,,,,
PreservedSpecimen,Andrena nasonii,Pollen Purity,,0.68,%,single observation,,both,adult,,,,,,,,,,,
PreservedSpecimen,Andrena nasonii,Pollen Purity,,0.68,%,single observation,,both,adult,,,,,,,,,,,
HumanObservation,Andrena nasonii,Score,,6.22,Relative contribution,Comparison of relative contributions,,both,adult,,,,,,,,,,,
HumanObservation,Andrena nasonii,Score,,6.22,Relative contribution,Comparison of relative contributions,,both,adult,,,,,,,,,,,
PreservedSpecimen,Andrena nasonii,Length,Measurement of intertegular distances of field-collected bees,8,mm,mean,,both,adult,,,,,,,,,,,
PreservedSpecimen,Andrena nasonii,Length (mm),Measurement of intertegular distance or body length of field-collected bees,8,mm,range,,both,adult,,,,,,,,,,,
HumanObservation,Andrena nasonii,Martins et al 2015,,0.97,Proportion,single observation,,both,adult,,,,,,,,,,,
HumanObservation,Andrena nasonii,Martins et al 2015,,0.97,Proportion,single observation,,both,adult,,,,,,,,,,,
HumanObservation,Andrena nasonii,Park et al 2015,,na,,mode,,both,adult,,,,,,,,,,,
HumanObservation,Andrena nasonii,Park et al 2015,,na,,mode,,both,adult,,,,,,,,,,,
HumanObservation,Andrena nasonii,Floral Handling,,0.97,%,mean,,both,adult,,,,,,,,,,,
HumanObservation,Andrena nasonii,Floral Handling,,0.97,%,mean,,both,adult,,,,,,,,,,,
HumanObservation,Andrena nasonii,Intertegular distances,,2.183,proportion,mean,,both,adult,,,,,,,,,,,
HumanObservation,Andrena nasonii,Intertegular distances,,2.183,proportion,mean,,both,adult,,,,,,,,,,,
HumanObservation,Andrena nasonii,Abundance,15-min standardized net collections in NY apple orchards,96,count,mean,,both,adult,,,,,,,,,,,
PreservedSpecimen,Andrena nasonii,Pollen Purity,,0.68,%,single observation,,both,adult,,,,,,,,,,,
PreservedSpecimen,Andrena nasonii,Pollen Purity,,0.68,%,single observation,,both,adult,,,,,,,,,,,
HumanObservation,Andrena nasonii,Score,,6.22,Relative contribution,Comparison of relative contributions,,both,adult,,,,,,,,,,,
HumanObservation,Andrena nasonii,Score,,6.22,Relative contribution,Comparison of relative contributions,,both,adult,,,,,,,,,,,
PreservedSpecimen,Andrena nasonii,Length,Measurement of intertegular distances of field-collected bees,7,mm,mean,,both,adult,,,,,,,,,,,
PreservedSpecimen,Andrena nasonii,Length (mm),Measurement of intertegular distance or body length of field-collected bees,7,mm,range,,both,adult,,,,,,,,,,,
HumanObservation,Andrena nasonii,Martins et al 2015,,0.97,Proportion,single observation,,both,adult,,,,,,,,,,,
HumanObservation,Andrena nasonii,Martins et al 2015,,0.97,Proportion,single observation,,both,adult,,,,,,,,,,,
HumanObservation,Andrena nasonii,Park et al 2015,,na,,mode,,both,adult,,,,,,,,,,,
HumanObservation,Andrena nasonii,Park et al 2015,,na,,mode,,both,adult,,,,,,,,,,,
HumanObservation,Andrena nasonii,Floral Handling,,0.97,%,mean,,both,adult,,,,,,,,,,,
HumanObservation,Andrena nasonii,Floral Handling,,0.97,%,mean,,both,adult,,,,,,,,,,,
HumanObservation,Andrena nasonii,Intertegular distances,,1.758,proportion,mean,,both,adult,,,,,,,,,,,
HumanObservation,Andrena nasonii,Intertegular distances,,1.758,proportion,mean,,both,adult,,,,,,,,,,,
HumanObservation,Andrena nasonii,Abundance,15-min standardized net collections in NY apple orchards,88,count,mean,,both,adult,,,,,,,,,,,
HumanObservation,Andrena regularis,Flower Handling,,0.81,%,single observation,,both,adult,,,,,,,,,,,
PreservedSpecimen,Andrena regularis,Pollen Purity,,$0.74 \pm 0.08$,%,single observation,,both,adult,,,,,,,,,,,
PreservedSpecimen,Andrena regularis,Body Length,,12.0,mm,mean,,both,adult,,,,,,,,,,,
PreservedSpecimen,Andrena regularis,Pollen Purity,,0.74,%,single observation,,both,adult,,,,,,,,,,,
PreservedSpecimen,Andrena regularis,Pollen Purity,,0.74,%,single observation,,both,adult,,,,,,,,,,,
HumanObservation,Andrena regularis,Score,,7.42,Relative contribution,Comparison of relative contributions,,both,adult,,,,,,,,,,,
HumanObservation,Andrena regularis,Score,,7.42,Relative contribution,Comparison of relative contributions,,both,adult,,,,,,,,,,,
PreservedSpecimen,Andrena regularis,Length,Measurement of intertegular distances of field-collected bees,12,mm,mean,,both,adult,,,,,,,,,,,
PreservedSpecimen,Andrena regularis,Length (mm),Measurement of intertegular distance or body length of field-collected bees,12,mm,range,,both,adult,,,,,,,,,,,
HumanObservation,Andrena regularis,Martins et al 2015,,1.00,Proportion,single observation,,both,adult,,,,,,,,,,,
HumanObservation,Andrena regularis,Martins et al 2015,,1.00,Proportion,single observation,,both,adult,,,,,,,,,,,
HumanObservation,Andrena regularis,Park et al 2015,,0.75,,mode,,both,adult,,,,,,,,,,,
HumanObservation,Andrena regularis,Park et al 2015,,0.75,,mode,,both,adult,,,,,,,,,,,
HumanObservation,Andrena regularis,Floral Handling,,0.81,%,mean,,both,adult,,,,,,,,,,,
HumanObservation,Andrena regularis,Floral Handling,,0.81,%,mean,,both,adult,,,,,,,,,,,
HumanObservation,Andrena regularis,Intertegular distances,,2.6,proportion,mean,,both,adult,,,,,,,,,,,
HumanObservation,Andrena regularis,Intertegular distances,,2.6,proportion,mean,,both,adult,,,,,,,,,,,
HumanObservation,Andrena regularis,Abundance,15-min standardized net collections in NY apple orchards,291,count,mean,,both,adult,,,,,,,,,,,
PreservedSpecimen,Andrena regularis,Pollen Purity,,0.74,%,single observation,,both,adult,,,,,,,,,,,
PreservedSpecimen,Andrena regularis,Pollen Purity,,0.74,%,single observation,,both,adult,,,,,,,,,,,
HumanObservation,Andrena regularis,Score,,7.42,Relative contribution,Comparison of relative contributions,,both,adult,,,,,,,,,,,
HumanObservation,Andrena regularis,Score,,7.42,Relative contribution,Comparison of relative contributions,,both,adult,,,,,,,,,,,
PreservedSpecimen,Andrena regularis,Length,Measurement of intertegular distances of field-collected bees,10.3,mm,mean,,both,adult,,,,,,,,,,,
PreservedSpecimen,Andrena regularis,Length (mm),Measurement of intertegular distance or body length of field-collected bees,10.3,mm,range,,both,adult,,,,,,,,,,,
HumanObservation,Andrena regularis,Martins et al 2015,,1.00,Proportion,single observation,,both,adult,,,,,,,,,,,
HumanObservation,Andrena regularis,Martins et al 2015,,1.00,Proportion,single observation,,both,adult,,,,,,,,,,,
HumanObservation,Andrena regularis,Park et al 2015,,0.75,,mode,,both,adult,,,,,,,,,,,
HumanObservation,Andrena regularis,Park et al 2015,,0.75,,mode,,both,adult,,,,,,,,,,,
HumanObservation,Andrena regularis,Floral Handling,,0.81,%,mean,,both,adult,,,,,,,,,,,
HumanObservation,Andrena regularis,Floral Handling,,0.81,%,mean,,both,adult,,,,,,,,,,,
HumanObservation,Andrena regularis,Intertegular distances,,1.734,proportion,mean,,both,adult,,,,,,,,,,,
HumanObservation,Andrena regularis,Intertegular distances,,1.734,proportion,mean,,both,adult,,,,,,,,,,,
HumanObservation,Andrena regularis,Abundance,15-min standardized net collections in NY apple orchards,1,count,mean,,both,adult,,,,,,,,,,,
HumanObservation,Andrena vicina,Flower Handling,,0.81,%,single observation,,both,adult,,,,,,,,,,,
PreservedSpecimen,Andrena vicina,Pollen Purity,,$0.70 \pm 0.11$,%,single observation,,both,adult,,,,,,,,,,,
PreservedSpecimen,Andrena vicina,Body Length,,12.5,mm,mean,,both,adult,,,,,,,,,,,
PreservedSpecimen,Andrena vicina,Pollen Purity,,0.70,%,single observation,,both,adult,,,,,,,,,,,
PreservedSpecimen,Andrena vicina,Pollen Purity,,0.70,%,single observation,,both,adult,,,,,,,,,,,
HumanObservation,Andrena vicina,Score,,6.97,Relative contribution,Comparison of relative contributions,,both,adult,,,,,,,,,,,
HumanObservation,Andrena vicina,Score,,6.97,Relative contribution,Comparison of relative contributions,,both,adult,,,,,,,,,,,
PreservedSpecimen,Andrena vicina,Length,Measurement of intertegular distances of field-collected bees,12.5,mm,mean,,both,adult,,,,,,,,,,,
PreservedSpecimen,Andrena vicina,Length (mm),Measurement of intertegular distance or body length of field-collected bees,12.5,mm,range,,both,adult,,,,,,,,,,,
HumanObservation,Andrena vicina,Martins et al 2015,,1.00,Proportion,single observation,,both,adult,,,,,,,,,,,
HumanObservation,Andrena vicina,Martins et al 2015,,1.00,Proportion,single observation,,both,adult,,,,,,,,,,,
HumanObservation,Andrena vicina,Park et al 2015,,0.75,,mode,,both,adult,,,,,,,,,,,
HumanObservation,Andrena vicina,Park et al 2015,,0.75,,mode,,both,adult,,,,,,,,,,,
HumanObservation,Andrena vicina,Floral Handling,,0.81,%,mean,,both,adult,,,,,,,,,,,
HumanObservation,Andrena vicina,Floral Handling,,0.81,%,mean,,both,adult,,,,,,,,,,,
HumanObservation,Andrena vicina,Intertegular distances,,2.44076,proportion,mean,,both,adult,,,,,,,,,,,
HumanObservation,Andrena vicina,Intertegular distances,,2.44076,proportion,mean,,both,adult,,,,,,,,,,,
HumanObservation,Andrena vicina,Abundance,15-min standardized net collections in NY apple orchards,182,count,mean,,both,adult,,,,,,,,,,,
PreservedSpecimen,Andrena vicina,Pollen Purity,,0.70,%,single observation,,both,adult,,,,,,,,,,,
PreservedSpecimen,Andrena vicina,Pollen Purity,,0.70,%,single observation,,both,adult,,,,,,,,,,,
HumanObservation,Andrena vicina,Score,,6.97,Relative contribution,Comparison of relative contributions,,both,adult,,,,,,,,,,,
HumanObservation,Andrena vicina,Score,,6.97,Relative contribution,Comparison of relative contributions,,both,adult,,,,,,,,,,,
PreservedSpecimen,Andrena vicina,Length,Measurement of intertegular distances of field-collected bees,11,mm,mean,,both,adult,,,,,,,,,,,
PreservedSpecimen,Andrena vicina,Length (mm),Measurement of intertegular distance or body length of field-collected bees,11,mm,range,,both,adult,,,,,,,,,,,
HumanObservation,Andrena vicina,Martins et al 2015,,1.00,Proportion,single observation,,both,adult,,,,,,,,,,,
HumanObservation,Andrena vicina,Martins et al 2015,,1.00,Proportion,single observation,,both,adult,,,,,,,,,,,
HumanObservation,Andrena vicina,Park et al 2015,,0.75,,mode,,both,adult,,,,,,,,,,,
HumanObservation,Andrena vicina,Park et al 2015,,0.75,,mode,,both,adult,,,,,,,,,,,
HumanObservation,Andrena vicina,Floral Handling,,0.81,%,mean,,both,adult,,,,,,,,,,,
HumanObservation,Andrena vicina,Floral Handling,,0.81,%,mean,,both,adult,,,,,,,,,,,
HumanObservation,Andrena vicina,Intertegular distances,,1.81608,proportion,mean,,both,adult,,,,,,,,,,,
HumanObservation,Andrena vicina,Intertegular distances,,1.81608,proportion,mean,,both,adult,,,,,,,,,,,
HumanObservation,Andrena vicina,Abundance,15-min standardized net collections in NY apple orchards,14,count,mean,,both,adult,,,,,,,,,,,
HumanObservation,Andrena *,Flower Handling,,0.81,%,single observation,,both,adult,,,,,,,,,,,
PreservedSpecimen,Andrena *,Pollen Purity,,$0.72 \pm 0.10$,%,single observation,,both,adult,,,,,,,,,,,
PreservedSpecimen,Andrena *,Body Length,,12.3,mm,mean,,both,adult,,,,,,,,,,,
HumanObservation,Apis mellifera,Flower Handling,,0.54,%,single observation,,both,adult,,,,,,,,,,,
PreservedSpecimen,Apis mellifera,Pollen Purity,,$0.70 \pm 0.09$,%,single observation,,both,adult,,,,,,,,,,,
PreservedSpecimen,Apis mellifera,Body Length,,12.5,mm,mean,,both,adult,,,,,,,,,,,
PreservedSpecimen,Apis mellifera,Pollen Purity,,0.70,%,single observation,,both,adult,,,,,,,,,,,
PreservedSpecimen,Apis mellifera,Pollen Purity,,0.70,%,single observation,,both,adult,,,,,,,,,,,
HumanObservation,Apis mellifera,Score,,4.15,Relative contribution,Comparison of relative contributions,,both,adult,,,,,,,,,,,
HumanObservation,Apis mellifera,Score,,4.15,Relative contribution,Comparison of relative contributions,,both,adult,,,,,,,,,,,
PreservedSpecimen,Apis mellifera,Length,Measurement of intertegular distances of field-collected bees,12.5,mm,mean,,both,adult,,,,,,,,,,,
PreservedSpecimen,Apis mellifera,Length (mm),Measurement of intertegular distance or body length of field-collected bees,12.5,mm,range,,both,adult,,,,,,,,,,,
HumanObservation,Apis mellifera,Martins et al 2015,,0.62,Proportion,single observation,,both,adult,,,,,,,,,,,
HumanObservation,Apis mellifera,Martins et al 2015,,0.62,Proportion,single observation,,both,adult,,,,,,,,,,,
HumanObservation,Apis mellifera,Park et al 2015,,0.47,,mode,,both,adult,,,,,,,,,,,
HumanObservation,Apis mellifera,Park et al 2015,,0.47,,mode,,both,adult,,,,,,,,,,,
HumanObservation,Apis mellifera,Floral Handling,,0.54,%,mean,,both,adult,,,,,,,,,,,
HumanObservation,Apis mellifera,Floral Handling,,0.54,%,mean,,both,adult,,,,,,,,,,,
HumanObservation,Apis mellifera,Intertegular distances,,3.3,proportion,mean,,both,adult,,,,,,,,,,,
HumanObservation,Apis mellifera,Intertegular distances,,3.3,proportion,mean,,both,adult,,,,,,,,,,,
HumanObservation,Apis mellifera,Abundance,15-min standardized net collections in NY apple orchards,2610,count,mean,,both,adult,,,,,,,,,,,
HumanObservation,Augochlora pura,Flower Handling,,-,%,single observation,,both,adult,,,,,,,,,,,
PreservedSpecimen,Augochlora pura,Pollen Purity,,$0.45 \pm 0.12$,%,single observation,,both,adult,,,,,,,,,,,
PreservedSpecimen,Augochlora pura,Body Length,,8.0,mm,mean,,both,adult,,,,,,,,,,,
PreservedSpecimen,Augochlora pura,Pollen Purity,,0.45,%,single observation,,both,adult,,,,,,,,,,,
PreservedSpecimen,Augochlora pura,Pollen Purity,,0.45,%,single observation,,both,adult,,,,,,,,,,,
HumanObservation,Augochlora pura,Score,,2.41,Relative contribution,Comparison of relative contributions,,both,adult,,,,,,,,,,,
HumanObservation,Augochlora pura,Score,,2.41,Relative contribution,Comparison of relative contributions,,both,adult,,,,,,,,,,,
PreservedSpecimen,Augochlora pura,Length,Measurement of intertegular distances of field-collected bees,8,mm,mean,,both,adult,,,,,,,,,,,
PreservedSpecimen,Augochlora pura,Length (mm),Measurement of intertegular distance or body length of field-collected bees,8,mm,range,,both,adult,,,,,,,,,,,
HumanObservation,Augochlora pura,Martins et al 2015,,na,Proportion,single observation,,both,adult,,,,,,,,,,,
HumanObservation,Augochlora pura,Martins et al 2015,,na,Proportion,single observation,,both,adult,,,,,,,,,,,
HumanObservation,Augochlora pura,Park et al 2015,,na,,mode,,both,adult,,,,,,,,,,,
HumanObservation,Augochlora pura,Park et al 2015,,na,,mode,,both,adult,,,,,,,,,,,
HumanObservation,Augochlora pura,Floral Handling,,na,%,mean,,both,adult,,,,,,,,,,,
HumanObservation,Augochlora pura,Floral Handling,,na,%,mean,,both,adult,,,,,,,,,,,
HumanObservation,Augochlora pura,Intertegular distances,,2.233,proportion,mean,,both,adult,,,,,,,,,,,
HumanObservation,Augochlora pura,Intertegular distances,,2.233,proportion,mean,,both,adult,,,,,,,,,,,
HumanObservation,Augochlora pura,Abundance,15-min standardized net collections in NY apple orchards,44,count,mean,,both,adult,,,,,,,,,,,
HumanObservation,Bombus impatiens,Flower Handling,,1.00,%,single observation,,both,adult,,,,,,,,,,,
PreservedSpecimen,Bombus impatiens,Pollen Purity,,$0.61 \pm 0.11$,%,single observation,,both,adult,,,,,,,,,,,
PreservedSpecimen,Bombus impatiens,Body Length,,19.0,mm,mean,,both,adult,,,,,,,,,,,
PreservedSpecimen,Bombus impatiens,Pollen Purity,,0.61,%,single observation,,both,adult,,,,,,,,,,,
PreservedSpecimen,Bombus impatiens,Pollen Purity,,0.61,%,single observation,,both,adult,,,,,,,,,,,
HumanObservation,Bombus impatiens,Score,,4.08,Relative contribution,Comparison of relative contributions,,both,adult,,,,,,,,,,,
HumanObservation,Bombus impatiens,Score,,4.08,Relative contribution,Comparison of relative contributions,,both,adult,,,,,,,,,,,
PreservedSpecimen,Bombus impatiens,Length,Measurement of intertegular distances of field-collected bees,19,mm,mean,,both,adult,,,,,,,,,,,
PreservedSpecimen,Bombus impatiens,Length (mm),Measurement of intertegular distance or body length of field-collected bees,19,mm,range,,both,adult,,,,,,,,,,,
HumanObservation,Bombus impatiens,Martins et al 2015,,1.00,Proportion,single observation,,both,adult,,,,,,,,,,,
HumanObservation,Bombus impatiens,Martins et al 2015,,1.00,Proportion,single observation,,both,adult,,,,,,,,,,,
HumanObservation,Bombus impatiens,Park et al 2015,,1,,mode,,both,adult,,,,,,,,,,,
HumanObservation,Bombus impatiens,Park et al 2015,,1,,mode,,both,adult,,,,,,,,,,,
HumanObservation,Bombus impatiens,Floral Handling,,1.00,%,mean,,both,adult,,,,,,,,,,,
HumanObservation,Bombus impatiens,Floral Handling,,1.00,%,mean,,both,adult,,,,,,,,,,,
HumanObservation,Bombus impatiens,Intertegular distances,,3.448,proportion,mean,,both,adult,,,,,,,,,,,
HumanObservation,Bombus impatiens,Intertegular distances,,3.448,proportion,mean,,both,adult,,,,,,,,,,,
HumanObservation,Bombus impatiens,Abundance,15-min standardized net collections in NY apple orchards,181,count,mean,,both,adult,,,,,,,,,,,
HumanObservation,Colletes inaequalis,Flower Handling,,1.00,%,single observation,,both,adult,,,,,,,,,,,
PreservedSpecimen,Colletes inaequalis,Pollen Purity,,$0.54 \pm 0.10$,%,single observation,,both,adult,,,,,,,,,,,
PreservedSpecimen,Colletes inaequalis,Body Length,,12.5,mm,mean,,both,adult,,,,,,,,,,,
PreservedSpecimen,Colletes inaequalis,Pollen Purity,,0.54,%,single observation,,both,adult,,,,,,,,,,,
PreservedSpecimen,Colletes inaequalis,Pollen Purity,,0.54,%,single observation,,both,adult,,,,,,,,,,,
HumanObservation,Colletes inaequalis,Score,,5.36,Relative contribution,Comparison of relative contributions,,both,adult,,,,,,,,,,,
HumanObservation,Colletes inaequalis,Score,,5.36,Relative contribution,Comparison of relative contributions,,both,adult,,,,,,,,,,,
PreservedSpecimen,Colletes inaequalis,Length,Measurement of intertegular distances of field-collected bees,12.5,mm,mean,,both,adult,,,,,,,,,,,
PreservedSpecimen,Colletes inaequalis,Length (mm),Measurement of intertegular distance or body length of field-collected bees,12.5,mm,range,,both,adult,,,,,,,,,,,
HumanObservation,Colletes inaequalis,Martins et al 2015,,1.00,Proportion,single observation,,both,adult,,,,,,,,,,,
HumanObservation,Colletes inaequalis,Martins et al 2015,,1.00,Proportion,single observation,,both,adult,,,,,,,,,,,
HumanObservation,Colletes inaequalis,Park et al 2015,,na,,mode,,both,adult,,,,,,,,,,,
HumanObservation,Colletes inaequalis,Park et al 2015,,na,,mode,,both,adult,,,,,,,,,,,
HumanObservation,Colletes inaequalis,Floral Handling,,1.00,%,mean,,both,adult,,,,,,,,,,,
HumanObservation,Colletes inaequalis,Floral Handling,,1.00,%,mean,,both,adult,,,,,,,,,,,
HumanObservation,Colletes inaequalis,Intertegular distances,,2.878,proportion,mean,,both,adult,,,,,,,,,,,
HumanObservation,Colletes inaequalis,Intertegular distances,,2.878,proportion,mean,,both,adult,,,,,,,,,,,
HumanObservation,Colletes inaequalis,Abundance,15-min standardized net collections in NY apple orchards,41,count,mean,,both,adult,,,,,,,,,,,
HumanObservation,Halictus rubicundus,Flower Handling,,0.95,%,single observation,,both,adult,,,,,,,,,,,
PreservedSpecimen,Halictus rubicundus,Pollen Purity,,$0.65 \pm 0.11$,%,single observation,,both,adult,,,,,,,,,,,
PreservedSpecimen,Halictus rubicundus,Body Length,,10.5,mm,mean,,both,adult,,,,,,,,,,,
PreservedSpecimen,Halictus rubicundus,Pollen Purity,,0.65,%,single observation,,both,adult,,,,,,,,,,,
PreservedSpecimen,Halictus rubicundus,Pollen Purity,,0.65,%,single observation,,both,adult,,,,,,,,,,,
HumanObservation,Halictus rubicundus,Score,,6.23,Relative contribution,Comparison of relative contributions,,both,adult,,,,,,,,,,,
HumanObservation,Halictus rubicundus,Score,,6.23,Relative contribution,Comparison of relative contributions,,both,adult,,,,,,,,,,,
PreservedSpecimen,Halictus rubicundus,Length,Measurement of intertegular distances of field-collected bees,10.5,mm,mean,,both,adult,,,,,,,,,,,
PreservedSpecimen,Halictus rubicundus,Length (mm),Measurement of intertegular distance or body length of field-collected bees,10.5,mm,range,,both,adult,,,,,,,,,,,
HumanObservation,Halictus rubicundus,Martins et al 2015,,0.95,Proportion,single observation,,both,adult,,,,,,,,,,,
HumanObservation,Halictus rubicundus,Martins et al 2015,,0.95,Proportion,single observation,,both,adult,,,,,,,,,,,
HumanObservation,Halictus rubicundus,Park et al 2015,,na,,mode,,both,adult,,,,,,,,,,,
HumanObservation,Halictus rubicundus,Park et al 2015,,na,,mode,,both,adult,,,,,,,,,,,
HumanObservation,Halictus rubicundus,Floral Handling,,0.95,%,mean,,both,adult,,,,,,,,,,,
HumanObservation,Halictus rubicundus,Floral Handling,,0.95,%,mean,,both,adult,,,,,,,,,,,
HumanObservation,Halictus rubicundus,Intertegular distances,,2.65,proportion,mean,,both,adult,,,,,,,,,,,
HumanObservation,Halictus rubicundus,Intertegular distances,,2.65,proportion,mean,,both,adult,,,,,,,,,,,
HumanObservation,Halictus rubicundus,Abundance,15-min standardized net collections in NY apple orchards,16,count,mean,,both,adult,,,,,,,,,,,
HumanObservation,Lasioglossum hitchensi,Flower Handling,,0.95,%,single observation,,both,adult,,,,,,,,,,,
PreservedSpecimen,Lasioglossum hitchensi,Pollen Purity,,$0.28 \pm 0.14$,%,single observation,,both,adult,,,,,,,,,,,
PreservedSpecimen,Lasioglossum hitchensi,Body Length,,5.2,mm,mean,,both,adult,,,,,,,,,,,
HumanObservation,Osmia cornifrons,Flower Handling,,-,%,single observation,,both,adult,,,,,,,,,,,
PreservedSpecimen,Osmia cornifrons,Pollen Purity,,$0.76 \pm 0.10$,%,single observation,,both,adult,,,,,,,,,,,
PreservedSpecimen,Osmia cornifrons,Body Length,,13.5,mm,mean,,both,adult,,,,,,,,,,,
PreservedSpecimen,Osmia cornifrons,Pollen Purity,,0.76,%,single observation,,both,adult,,,,,,,,,,,
PreservedSpecimen,Osmia cornifrons,Pollen Purity,,0.76,%,single observation,,both,adult,,,,,,,,,,,
HumanObservation,Osmia cornifrons,Score,,7.10,Relative contribution,Comparison of relative contributions,,both,adult,,,,,,,,,,,
HumanObservation,Osmia cornifrons,Score,,7.10,Relative contribution,Comparison of relative contributions,,both,adult,,,,,,,,,,,
PreservedSpecimen,Osmia cornifrons,Length,Measurement of intertegular distances of field-collected bees,14,mm,mean,,both,adult,,,,,,,,,,,
PreservedSpecimen,Osmia cornifrons,Length (mm),Measurement of intertegular distance or body length of field-collected bees,14,mm,range,,both,adult,,,,,,,,,,,
HumanObservation,Osmia cornifrons,Martins et al 2015,,na,Proportion,single observation,,both,adult,,,,,,,,,,,
HumanObservation,Osmia cornifrons,Martins et al 2015,,na,Proportion,single observation,,both,adult,,,,,,,,,,,
HumanObservation,Osmia cornifrons,Park et al 2015,,na,,mode,,both,adult,,,,,,,,,,,
HumanObservation,Osmia cornifrons,Park et al 2015,,na,,mode,,both,adult,,,,,,,,,,,
HumanObservation,Osmia cornifrons,Floral Handling,,na,%,mean,,both,adult,,,,,,,,,,,
HumanObservation,Osmia cornifrons,Floral Handling,,na,%,mean,,both,adult,,,,,,,,,,,
HumanObservation,Osmia cornifrons,Intertegular distances,,2.9,proportion,mean,,both,adult,,,,,,,,,,,
HumanObservation,Osmia cornifrons,Intertegular distances,,2.9,proportion,mean,,both,adult,,,,,,,,,,,
HumanObservation,Osmia cornifrons,Abundance,15-min standardized net collections in NY apple orchards,30,count,mean,,both,adult,,,,,,,,,,,
PreservedSpecimen,Osmia cornifrons,Pollen Purity,,0.76,%,single observation,,both,adult,,,,,,,,,,,
PreservedSpecimen,Osmia cornifrons,Pollen Purity,,0.76,%,single observation,,both,adult,,,,,,,,,,,
HumanObservation,Osmia cornifrons,Score,,7.10,Relative contribution,Comparison of relative contributions,,both,adult,,,,,,,,,,,
HumanObservation,Osmia cornifrons,Score,,7.10,Relative contribution,Comparison of relative contributions,,both,adult,,,,,,,,,,,
PreservedSpecimen,Osmia cornifrons,Length,Measurement of intertegular distances of field-collected bees,11.5,mm,mean,,both,adult,,,,,,,,,,,
PreservedSpecimen,Osmia cornifrons,Length (mm),Measurement of intertegular distance or body length of field-collected bees,11.5,mm,range,,both,adult,,,,,,,,,,,
HumanObservation,Osmia cornifrons,Martins et al 2015,,na,Proportion,single observation,,both,adult,,,,,,,,,,,
HumanObservation,Osmia cornifrons,Martins et al 2015,,na,Proportion,single observation,,both,adult,,,,,,,,,,,
HumanObservation,Osmia cornifrons,Park et al 2015,,na,,mode,,both,adult,,,,,,,,,,,
HumanObservation,Osmia cornifrons,Park et al 2015,,na,,mode,,both,adult,,,,,,,,,,,
HumanObservation,Osmia cornifrons,Floral Handling,,na,%,mean,,both,adult,,,,,,,,,,,
HumanObservation,Osmia cornifrons,Floral Handling,,na,%,mean,,both,adult,,,,,,,,,,,
HumanObservation,Osmia cornifrons,Intertegular distances,,2.322,proportion,mean,,both,adult,,,,,,,,,,,
HumanObservation,Osmia cornifrons,Intertegular distances,,2.322,proportion,mean,,both,adult,,,,,,,,,,,
HumanObservation,Osmia cornifrons,Abundance,15-min standardized net collections in NY apple orchards,12,count,mean,,both,adult,,,,,,,,,,,
HumanObservation,Xylocopa virginica,Flower Handling,,0.82,%,single observation,,both,adult,,,,,,,,,,,
PreservedSpecimen,Xylocopa virginica,Pollen Purity,,$0.61 \pm 0.11$,%,single observation,,both,adult,,,,,,,,,,,
PreservedSpecimen,Xylocopa virginica,Body Length,,21.0,mm,mean,,both,adult,,,,,,,,,,,
HumanObservation,Xylocopa virginica,Flower Handling,,0.82,%,single observation,,both,adult,,,,,,,,,,,
PreservedSpecimen,Xylocopa virginica,Pollen Purity,,$0.66 \pm 0.05$,%,single observation,,both,adult,,,,,,,,,,,
PreservedSpecimen,Xylocopa virginica,Body Length,,19.0,mm,mean,,both,adult,,,,,,,,,,,
PreservedSpecimen,Xylocopa virginica,Pollen Purity,,0.61,%,single observation,,both,adult,,,,,,,,,,,
PreservedSpecimen,Xylocopa virginica,Pollen Purity,,0.61,%,single observation,,both,adult,,,,,,,,,,,
HumanObservation,Xylocopa virginica,Score,,6.08,Relative contribution,Comparison of relative contributions,,both,adult,,,,,,,,,,,
HumanObservation,Xylocopa virginica,Score,,6.08,Relative contribution,Comparison of relative contributions,,both,adult,,,,,,,,,,,
PreservedSpecimen,Xylocopa virginica,Length,Measurement of intertegular distances of field-collected bees,21,mm,mean,,both,adult,,,,,,,,,,,
PreservedSpecimen,Xylocopa virginica,Length (mm),Measurement of intertegular distance or body length of field-collected bees,21,mm,range,,both,adult,,,,,,,,,,,
HumanObservation,Xylocopa virginica,Martins et al 2015,,na,Proportion,single observation,,both,adult,,,,,,,,,,,
HumanObservation,Xylocopa virginica,Martins et al 2015,,na,Proportion,single observation,,both,adult,,,,,,,,,,,
HumanObservation,Xylocopa virginica,Park et al 2015,,0.82,,mode,,both,adult,,,,,,,,,,,
HumanObservation,Xylocopa virginica,Park et al 2015,,0.82,,mode,,both,adult,,,,,,,,,,,
HumanObservation,Xylocopa virginica,Floral Handling,,0.82,%,mean,,both,adult,,,,,,,,,,,
HumanObservation,Xylocopa virginica,Floral Handling,,0.82,%,mean,,both,adult,,,,,,,,,,,
HumanObservation,Xylocopa virginica,Intertegular distances,,5.6832,proportion,mean,,both,adult,,,,,,,,,,,
HumanObservation,Xylocopa virginica,Intertegular distances,,5.6832,proportion,mean,,both,adult,,,,,,,,,,,
HumanObservation,Xylocopa virginica,Abundance,15-min standardized net collections in NY apple orchards,31,count,mean,,both,adult,,,,,,,,,,,
PreservedSpecimen,Agapostemon sericeus Halictus rubicundus,Pollen Purity,,0.65,%,single observation,,both,adult,,,,,,,,,,,
PreservedSpecimen,Agapostemon sericeus Halictus rubicundus,Pollen Purity,,0.65,%,single observation,,both,adult,,,,,,,,,,,
HumanObservation,Agapostemon sericeus Halictus rubicundus,Score,,6.23,Relative contribution,Comparison of relative contributions,,both,adult,,,,,,,,,,,
HumanObservation,Agapostemon sericeus Halictus rubicundus,Score,,6.23,Relative contribution,Comparison of relative contributions,,both,adult,,,,,,,,,,,
PreservedSpecimen,Agapostemon sericeus Halictus rubicundus,Length,Measurement of intertegular distances of field-collected bees,11,mm,mean,,both,adult,,,,,,,,,,,
PreservedSpecimen,Agapostemon sericeus Halictus rubicundus,Length (mm),Measurement of intertegular distance or body length of field-collected bees,11,mm,range,,both,adult,,,,,,,,,,,
HumanObservation,Agapostemon sericeus Halictus rubicundus,Martins et al 2015,,na,Proportion,single observation,,both,adult,,,,,,,,,,,
HumanObservation,Agapostemon sericeus Halictus rubicundus,Martins et al 2015,,na,Proportion,single observation,,both,adult,,,,,,,,,,,
HumanObservation,Agapostemon sericeus Halictus rubicundus,Park et al 2015,,na,,mode,,both,adult,,,,,,,,,,,
HumanObservation,Agapostemon sericeus Halictus rubicundus,Park et al 2015,,na,,mode,,both,adult,,,,,,,,,,,
HumanObservation,Agapostemon sericeus Halictus rubicundus,Floral Handling,,na,%,mean,,both,adult,,,,,,,,,,,
HumanObservation,Agapostemon sericeus Halictus rubicundus,Floral Handling,,na,%,mean,,both,adult,,,,,,,,,,,
HumanObservation,Agapostemon sericeus Halictus rubicundus,Intertegular distances,,2.7,proportion,mean,,both,adult,,,,,,,,,,,
HumanObservation,Agapostemon sericeus Halictus rubicundus,Intertegular distances,,2.7,proportion,mean,,both,adult,,,,,,,,,,,
HumanObservation,Agapostemon sericeus Halictus rubicundus,Abundance,15-min standardized net collections in NY apple orchards,4,count,mean,,both,adult,,,,,,,,,,,
PreservedSpecimen,Andrena barbilabris regularis/vicina,Pollen Purity,,0.72,%,single observation,,both,adult,,,,,,,,,,,
PreservedSpecimen,Andrena barbilabris regularis/vicina,Pollen Purity,,0.72,%,single observation,,both,adult,,,,,,,,,,,
HumanObservation,Andrena barbilabris regularis/vicina,Score,,7.20,Relative contribution,Comparison of relative contributions,,both,adult,,,,,,,,,,,
HumanObservation,Andrena barbilabris regularis/vicina,Score,,7.20,Relative contribution,Comparison of relative contributions,,both,adult,,,,,,,,,,,
PreservedSpecimen,Andrena barbilabris regularis/vicina,Length,Measurement of intertegular distances of field-collected bees,10.5,mm,mean,,both,adult,,,,,,,,,,,
PreservedSpecimen,Andrena barbilabris regularis/vicina,Length (mm),Measurement of intertegular distance or body length of field-collected bees,10.5,mm,range,,both,adult,,,,,,,,,,,
HumanObservation,Andrena barbilabris regularis/vicina,Martins et al 2015,,1.00,Proportion,single observation,,both,adult,,,,,,,,,,,
HumanObservation,Andrena barbilabris regularis/vicina,Martins et al 2015,,1.00,Proportion,single observation,,both,adult,,,,,,,,,,,
HumanObservation,Andrena barbilabris regularis/vicina,Park et al 2015,,na,,mode,,both,adult,,,,,,,,,,,
HumanObservation,Andrena barbilabris regularis/vicina,Park et al 2015,,na,,mode,,both,adult,,,,,,,,,,,
HumanObservation,Andrena barbilabris regularis/vicina,Floral Handling,,1.00,%,mean,,both,adult,,,,,,,,,,,
HumanObservation,Andrena barbilabris regularis/vicina,Floral Handling,,1.00,%,mean,,both,adult,,,,,,,,,,,
HumanObservation,Andrena barbilabris regularis/vicina,Intertegular distances,,2.0345,proportion,mean,,both,adult,,,,,,,,,,,
HumanObservation,Andrena barbilabris regularis/vicina,Intertegular distances,,2.0345,proportion,mean,,both,adult,,,,,,,,,,,
HumanObservation,Andrena barbilabris regularis/vicina,Abundance,15-min standardized net collections in NY apple orchards,6,count,mean,,both,adult,,,,,,,,,,,
PreservedSpecimen,Andrena carlini regularis/vicina,Pollen Purity,,0.72,%,single observation,,both,adult,,,,,,,,,,,
PreservedSpecimen,Andrena carlini regularis/vicina,Pollen Purity,,0.72,%,single observation,,both,adult,,,,,,,,,,,
HumanObservation,Andrena carlini regularis/vicina,Score,,7.20,Relative contribution,Comparison of relative contributions,,both,adult,,,,,,,,,,,
HumanObservation,Andrena carlini regularis/vicina,Score,,7.20,Relative contribution,Comparison of relative contributions,,both,adult,,,,,,,,,,,
PreservedSpecimen,Andrena carlini regularis/vicina,Length,Measurement of intertegular distances of field-collected bees,12.5,mm,mean,,both,adult,,,,,,,,,,,
PreservedSpecimen,Andrena carlini regularis/vicina,Length (mm),Measurement of intertegular distance or body length of field-collected bees,12.5,mm,range,,both,adult,,,,,,,,,,,
HumanObservation,Andrena carlini regularis/vicina,Martins et al 2015,,1.00,Proportion,single observation,,both,adult,,,,,,,,,,,
HumanObservation,Andrena carlini regularis/vicina,Martins et al 2015,,1.00,Proportion,single observation,,both,adult,,,,,,,,,,,
HumanObservation,Andrena carlini regularis/vicina,Park et al 2015,,na,,mode,,both,adult,,,,,,,,,,,
HumanObservation,Andrena carlini regularis/vicina,Park et al 2015,,na,,mode,,both,adult,,,,,,,,,,,
HumanObservation,Andrena carlini regularis/vicina,Floral Handling,,1.00,%,mean,,both,adult,,,,,,,,,,,
HumanObservation,Andrena carlini regularis/vicina,Floral Handling,,1.00,%,mean,,both,adult,,,,,,,,,,,
HumanObservation,Andrena carlini regularis/vicina,Intertegular distances,,3.425,proportion,mean,,both,adult,,,,,,,,,,,
HumanObservation,Andrena carlini regularis/vicina,Intertegular distances,,3.425,proportion,mean,,both,adult,,,,,,,,,,,
HumanObservation,Andrena carlini regularis/vicina,Abundance,15-min standardized net collections in NY apple orchards,66,count,mean,,both,adult,,,,,,,,,,,
PreservedSpecimen,Andrena carlini regularis/vicina,Pollen Purity,,0.72,%,single observation,,both,adult,,,,,,,,,,,
PreservedSpecimen,Andrena carlini regularis/vicina,Pollen Purity,,0.72,%,single observation,,both,adult,,,,,,,,,,,
HumanObservation,Andrena carlini regularis/vicina,Score,,7.20,Relative contribution,Comparison of relative contributions,,both,adult,,,,,,,,,,,
HumanObservation,Andrena carlini regularis/vicina,Score,,7.20,Relative contribution,Comparison of relative contributions,,both,adult,,,,,,,,,,,
PreservedSpecimen,Andrena carlini regularis/vicina,Length,Measurement of intertegular distances of field-collected bees,12,mm,mean,,both,adult,,,,,,,,,,,
PreservedSpecimen,Andrena carlini regularis/vicina,Length (mm),Measurement of intertegular distance or body length of field-collected bees,12,mm,range,,both,adult,,,,,,,,,,,
HumanObservation,Andrena carlini regularis/vicina,Martins et al 2015,,1.00,Proportion,single observation,,both,adult,,,,,,,,,,,
HumanObservation,Andrena carlini regularis/vicina,Martins et al 2015,,1.00,Proportion,single observation,,both,adult,,,,,,,,,,,
HumanObservation,Andrena carlini regularis/vicina,Park et al 2015,,na,,mode,,both,adult,,,,,,,,,,,
HumanObservation,Andrena carlini regularis/vicina,Park et al 2015,,na,,mode,,both,adult,,,,,,,,,,,
HumanObservation,Andrena carlini regularis/vicina,Floral Handling,,1.00,%,mean,,both,adult,,,,,,,,,,,
HumanObservation,Andrena carlini regularis/vicina,Floral Handling,,1.00,%,mean,,both,adult,,,,,,,,,,,
HumanObservation,Andrena carlini regularis/vicina,Intertegular distances,,2.085,proportion,mean,,both,adult,,,,,,,,,,,
HumanObservation,Andrena carlini regularis/vicina,Intertegular distances,,2.085,proportion,mean,,both,adult,,,,,,,,,,,
HumanObservation,Andrena carlini regularis/vicina,Abundance,15-min standardized net collections in NY apple orchards,5,count,mean,,both,adult,,,,,,,,,,,
PreservedSpecimen,Andrena commoda regularis/vicina,Pollen Purity,,0.72,%,single observation,,both,adult,,,,,,,,,,,
PreservedSpecimen,Andrena commoda regularis/vicina,Pollen Purity,,0.72,%,single observation,,both,adult,,,,,,,,,,,
HumanObservation,Andrena commoda regularis/vicina,Score,,7.20,Relative contribution,Comparison of relative contributions,,both,adult,,,,,,,,,,,
HumanObservation,Andrena commoda regularis/vicina,Score,,7.20,Relative contribution,Comparison of relative contributions,,both,adult,,,,,,,,,,,
PreservedSpecimen,Andrena commoda regularis/vicina,Length,Measurement of intertegular distances of field-collected bees,11,mm,mean,,both,adult,,,,,,,,,,,
PreservedSpecimen,Andrena commoda regularis/vicina,Length (mm),Measurement of intertegular distance or body length of field-collected bees,11,mm,range,,both,adult,,,,,,,,,,,
HumanObservation,Andrena commoda regularis/vicina,Martins et al 2015,,1.00,Proportion,single observation,,both,adult,,,,,,,,,,,
HumanObservation,Andrena commoda regularis/vicina,Martins et al 2015,,1.00,Proportion,single observation,,both,adult,,,,,,,,,,,
HumanObservation,Andrena commoda regularis/vicina,Park et al 2015,,na,,mode,,both,adult,,,,,,,,,,,
HumanObservation,Andrena commoda regularis/vicina,Park et al 2015,,na,,mode,,both,adult,,,,,,,,,,,
HumanObservation,Andrena commoda regularis/vicina,Floral Handling,,1.00,%,mean,,both,adult,,,,,,,,,,,
HumanObservation,Andrena commoda regularis/vicina,Floral Handling,,1.00,%,mean,,both,adult,,,,,,,,,,,
HumanObservation,Andrena commoda regularis/vicina,Intertegular distances,,2.2,proportion,mean,,both,adult,,,,,,,,,,,
HumanObservation,Andrena commoda regularis/vicina,Intertegular distances,,2.2,proportion,mean,,both,adult,,,,,,,,,,,
HumanObservation,Andrena commoda regularis/vicina,Abundance,15-min standardized net collections in NY apple orchards,3,count,mean,,both,adult,,,,,,,,,,,
PreservedSpecimen,Andrena commoda regularis/vicina,Pollen Purity,,0.72,%,single observation,,both,adult,,,,,,,,,,,
PreservedSpecimen,Andrena commoda regularis/vicina,Pollen Purity,,0.72,%,single observation,,both,adult,,,,,,,,,,,
HumanObservation,Andrena commoda regularis/vicina,Score,,7.20,Relative contribution,Comparison of relative contributions,,both,adult,,,,,,,,,,,
HumanObservation,Andrena commoda regularis/vicina,Score,,7.20,Relative contribution,Comparison of relative contributions,,both,adult,,,,,,,,,,,
PreservedSpecimen,Andrena commoda regularis/vicina,Length,Measurement of intertegular distances of field-collected bees,10.5,mm,mean,,both,adult,,,,,,,,,,,
PreservedSpecimen,Andrena commoda regularis/vicina,Length (mm),Measurement of intertegular distance or body length of field-collected bees,10.5,mm,range,,both,adult,,,,,,,,,,,
HumanObservation,Andrena commoda regularis/vicina,Martins et al 2015,,1.00,Proportion,single observation,,both,adult,,,,,,,,,,,
HumanObservation,Andrena commoda regularis/vicina,Martins et al 2015,,1.00,Proportion,single observation,,both,adult,,,,,,,,,,,
HumanObservation,Andrena commoda regularis/vicina,Park et al 2015,,na,,mode,,both,adult,,,,,,,,,,,
HumanObservation,Andrena commoda regularis/vicina,Park et al 2015,,na,,mode,,both,adult,,,,,,,,,,,
HumanObservation,Andrena commoda regularis/vicina,Floral Handling,,1.00,%,mean,,both,adult,,,,,,,,,,,
HumanObservation,Andrena commoda regularis/vicina,Floral Handling,,1.00,%,mean,,both,adult,,,,,,,,,,,
HumanObservation,Andrena commoda regularis/vicina,Intertegular distances,,1.709,proportion,mean,,both,adult,,,,,,,,,,,
HumanObservation,Andrena commoda regularis/vicina,Intertegular distances,,1.709,proportion,mean,,both,adult,,,,,,,,,,,
HumanObservation,Andrena commoda regularis/vicina,Abundance,15-min standardized net collections in NY apple orchards,16,count,mean,,both,adult,,,,,,,,,,,
PreservedSpecimen,Andrena cressonii hippotes,Pollen Purity,,0.51,%,single observation,,both,adult,,,,,,,,,,,
PreservedSpecimen,Andrena cressonii hippotes,Pollen Purity,,0.51,%,single observation,,both,adult,,,,,,,,,,,
HumanObservation,Andrena cressonii hippotes,Score,,5.12,Relative contribution,Comparison of relative contributions,,both,adult,,,,,,,,,,,
HumanObservation,Andrena cressonii hippotes,Score,,5.12,Relative contribution,Comparison of relative contributions,,both,adult,,,,,,,,,,,
PreservedSpecimen,Andrena cressonii hippotes,Length,Measurement of intertegular distances of field-collected bees,9.5,mm,mean,,both,adult,,,,,,,,,,,
PreservedSpecimen,Andrena cressonii hippotes,Length (mm),Measurement of intertegular distance or body length of field-collected bees,9.5,mm,range,,both,adult,,,,,,,,,,,
HumanObservation,Andrena cressonii hippotes,Martins et al 2015,,0.97,Proportion,single observation,,both,adult,,,,,,,,,,,
HumanObservation,Andrena cressonii hippotes,Martins et al 2015,,0.97,Proportion,single observation,,both,adult,,,,,,,,,,,
HumanObservation,Andrena cressonii hippotes,Park et al 2015,,na,,mode,,both,adult,,,,,,,,,,,
HumanObservation,Andrena cressonii hippotes,Park et al 2015,,na,,mode,,both,adult,,,,,,,,,,,
HumanObservation,Andrena cressonii hippotes,Floral Handling,,0.97,%,mean,,both,adult,,,,,,,,,,,
HumanObservation,Andrena cressonii hippotes,Floral Handling,,0.97,%,mean,,both,adult,,,,,,,,,,,
HumanObservation,Andrena cressonii hippotes,Intertegular distances,,2.21975,proportion,mean,,both,adult,,,,,,,,,,,
HumanObservation,Andrena cressonii hippotes,Intertegular distances,,2.21975,proportion,mean,,both,adult,,,,,,,,,,,
HumanObservation,Andrena cressonii hippotes,Abundance,15-min standardized net collections in NY apple orchards,31,count,mean,,both,adult,,,,,,,,,,,
PreservedSpecimen,Andrena cressonii hippotes,Pollen Purity,,0.51,%,single observation,,both,adult,,,,,,,,,,,
PreservedSpecimen,Andrena cressonii hippotes,Pollen Purity,,0.51,%,single observation,,both,adult,,,,,,,,,,,
HumanObservation,Andrena cressonii hippotes,Score,,5.12,Relative contribution,Comparison of relative contributions,,both,adult,,,,,,,,,,,
HumanObservation,Andrena cressonii hippotes,Score,,5.12,Relative contribution,Comparison of relative contributions,,both,adult,,,,,,,,,,,
PreservedSpecimen,Andrena cressonii hippotes,Length,Measurement of intertegular distances of field-collected bees,9,mm,mean,,both,adult,,,,,,,,,,,
PreservedSpecimen,Andrena cressonii hippotes,Length (mm),Measurement of intertegular distance or body length of field-collected bees,9,mm,range,,both,adult,,,,,,,,,,,
HumanObservation,Andrena cressonii hippotes,Martins et al 2015,,0.97,Proportion,single observation,,both,adult,,,,,,,,,,,
HumanObservation,Andrena cressonii hippotes,Martins et al 2015,,0.97,Proportion,single observation,,both,adult,,,,,,,,,,,
HumanObservation,Andrena cressonii hippotes,Park et al 2015,,na,,mode,,both,adult,,,,,,,,,,,
HumanObservation,Andrena cressonii hippotes,Park et al 2015,,na,,mode,,both,adult,,,,,,,,,,,
HumanObservation,Andrena cressonii hippotes,Floral Handling,,0.97,%,mean,,both,adult,,,,,,,,,,,
HumanObservation,Andrena cressonii hippotes,Floral Handling,,0.97,%,mean,,both,adult,,,,,,,,,,,
HumanObservation,Andrena cressonii hippotes,Intertegular distances,,1.62825,proportion,mean,,both,adult,,,,,,,,,,,
HumanObservation,Andrena cressonii hippotes,Intertegular distances,,1.62825,proportion,mean,,both,adult,,,,,,,,,,,
HumanObservation,Andrena cressonii hippotes,Abundance,15-min standardized net collections in NY apple orchards,3,count,mean,,both,adult,,,,,,,,,,,
PreservedSpecimen,Andrena dunningi regularis/vicina,Pollen Purity,,0.72,%,single observation,,both,adult,,,,,,,,,,,
PreservedSpecimen,Andrena dunningi regularis/vicina,Pollen Purity,,0.72,%,single observation,,both,adult,,,,,,,,,,,
HumanObservation,Andrena dunningi regularis/vicina,Score,,7.20,Relative contribution,Comparison of relative contributions,,both,adult,,,,,,,,,,,
HumanObservation,Andrena dunningi regularis/vicina,Score,,7.20,Relative contribution,Comparison of relative contributions,,both,adult,,,,,,,,,,,
PreservedSpecimen,Andrena dunningi regularis/vicina,Length,Measurement of intertegular distances of field-collected bees,11.5,mm,mean,,both,adult,,,,,,,,,,,
PreservedSpecimen,Andrena dunningi regularis/vicina,Length (mm),Measurement of intertegular distance or body length of field-collected bees,11.5,mm,range,,both,adult,,,,,,,,,,,
HumanObservation,Andrena dunningi regularis/vicina,Martins et al 2015,,1.00,Proportion,single observation,,both,adult,,,,,,,,,,,
HumanObservation,Andrena dunningi regularis/vicina,Martins et al 2015,,1.00,Proportion,single observation,,both,adult,,,,,,,,,,,
HumanObservation,Andrena dunningi regularis/vicina,Park et al 2015,,na,,mode,,both,adult,,,,,,,,,,,
HumanObservation,Andrena dunningi regularis/vicina,Park et al 2015,,na,,mode,,both,adult,,,,,,,,,,,
HumanObservation,Andrena dunningi regularis/vicina,Floral Handling,,1.00,%,mean,,both,adult,,,,,,,,,,,
HumanObservation,Andrena dunningi regularis/vicina,Floral Handling,,1.00,%,mean,,both,adult,,,,,,,,,,,
HumanObservation,Andrena dunningi regularis/vicina,Intertegular distances,,2.4375,proportion,mean,,both,adult,,,,,,,,,,,
HumanObservation,Andrena dunningi regularis/vicina,Intertegular distances,,2.4375,proportion,mean,,both,adult,,,,,,,,,,,
HumanObservation,Andrena dunningi regularis/vicina,Abundance,15-min standardized net collections in NY apple orchards,16,count,mean,,both,adult,,,,,,,,,,,
PreservedSpecimen,Andrena erythronii regularis/vicina,Pollen Purity,,0.72,%,single observation,,both,adult,,,,,,,,,,,
PreservedSpecimen,Andrena erythronii regularis/vicina,Pollen Purity,,0.72,%,single observation,,both,adult,,,,,,,,,,,
HumanObservation,Andrena erythronii regularis/vicina,Score,,7.20,Relative contribution,Comparison of relative contributions,,both,adult,,,,,,,,,,,
HumanObservation,Andrena erythronii regularis/vicina,Score,,7.20,Relative contribution,Comparison of relative contributions,,both,adult,,,,,,,,,,,
PreservedSpecimen,Andrena erythronii regularis/vicina,Length,Measurement of intertegular distances of field-collected bees,12,mm,mean,,both,adult,,,,,,,,,,,
PreservedSpecimen,Andrena erythronii regularis/vicina,Length (mm),Measurement of intertegular distance or body length of field-collected bees,12,mm,range,,both,adult,,,,,,,,,,,
HumanObservation,Andrena erythronii regularis/vicina,Martins et al 2015,,1.00,Proportion,single observation,,both,adult,,,,,,,,,,,
HumanObservation,Andrena erythronii regularis/vicina,Martins et al 2015,,1.00,Proportion,single observation,,both,adult,,,,,,,,,,,
HumanObservation,Andrena erythronii regularis/vicina,Park et al 2015,,na,,mode,,both,adult,,,,,,,,,,,
HumanObservation,Andrena erythronii regularis/vicina,Park et al 2015,,na,,mode,,both,adult,,,,,,,,,,,
HumanObservation,Andrena erythronii regularis/vicina,Floral Handling,,1.00,%,mean,,both,adult,,,,,,,,,,,
HumanObservation,Andrena erythronii regularis/vicina,Floral Handling,,1.00,%,mean,,both,adult,,,,,,,,,,,
HumanObservation,Andrena erythronii regularis/vicina,Intertegular distances,,2.29775,proportion,mean,,both,adult,,,,,,,,,,,
HumanObservation,Andrena erythronii regularis/vicina,Intertegular distances,,2.29775,proportion,mean,,both,adult,,,,,,,,,,,
HumanObservation,Andrena erythronii regularis/vicina,Abundance,15-min standardized net collections in NY apple orchards,4,count,mean,,both,adult,,,,,,,,,,,
PreservedSpecimen,Andrena forbesii hippotes,Pollen Purity,,0.51,%,single observation,,both,adult,,,,,,,,,,,
PreservedSpecimen,Andrena forbesii hippotes,Pollen Purity,,0.51,%,single observation,,both,adult,,,,,,,,,,,
HumanObservation,Andrena forbesii hippotes,Score,,5.12,Relative contribution,Comparison of relative contributions,,both,adult,,,,,,,,,,,
HumanObservation,Andrena forbesii hippotes,Score,,5.12,Relative contribution,Comparison of relative contributions,,both,adult,,,,,,,,,,,
PreservedSpecimen,Andrena forbesii hippotes,Length,Measurement of intertegular distances of field-collected bees,9.5,mm,mean,,both,adult,,,,,,,,,,,
PreservedSpecimen,Andrena forbesii hippotes,Length (mm),Measurement of intertegular distance or body length of field-collected bees,9.5,mm,range,,both,adult,,,,,,,,,,,
HumanObservation,Andrena forbesii hippotes,Martins et al 2015,,0.97,Proportion,single observation,,both,adult,,,,,,,,,,,
HumanObservation,Andrena forbesii hippotes,Martins et al 2015,,0.97,Proportion,single observation,,both,adult,,,,,,,,,,,
HumanObservation,Andrena forbesii hippotes,Park et al 2015,,na,,mode,,both,adult,,,,,,,,,,,
HumanObservation,Andrena forbesii hippotes,Park et al 2015,,na,,mode,,both,adult,,,,,,,,,,,
HumanObservation,Andrena forbesii hippotes,Floral Handling,,0.97,%,mean,,both,adult,,,,,,,,,,,
HumanObservation,Andrena forbesii hippotes,Floral Handling,,0.97,%,mean,,both,adult,,,,,,,,,,,
HumanObservation,Andrena forbesii hippotes,Intertegular distances,,2.0995,proportion,mean,,both,adult,,,,,,,,,,,
HumanObservation,Andrena forbesii hippotes,Intertegular distances,,2.0995,proportion,mean,,both,adult,,,,,,,,,,,
HumanObservation,Andrena forbesii hippotes,Abundance,15-min standardized net collections in NY apple orchards,45,count,mean,,both,adult,,,,,,,,,,,
PreservedSpecimen,Andrena forbesii hippotes,Pollen Purity,,0.51,%,single observation,,both,adult,,,,,,,,,,,
PreservedSpecimen,Andrena forbesii hippotes,Pollen Purity,,0.51,%,single observation,,both,adult,,,,,,,,,,,
HumanObservation,Andrena forbesii hippotes,Score,,5.12,Relative contribution,Comparison of relative contributions,,both,adult,,,,,,,,,,,
HumanObservation,Andrena forbesii hippotes,Score,,5.12,Relative contribution,Comparison of relative contributions,,both,adult,,,,,,,,,,,
PreservedSpecimen,Andrena forbesii hippotes,Length,Measurement of intertegular distances of field-collected bees,8.75,mm,mean,,both,adult,,,,,,,,,,,
PreservedSpecimen,Andrena forbesii hippotes,Length (mm),Measurement of intertegular distance or body length of field-collected bees,8.75,mm,range,,both,adult,,,,,,,,,,,
HumanObservation,Andrena forbesii hippotes,Martins et al 2015,,0.97,Proportion,single observation,,both,adult,,,,,,,,,,,
HumanObservation,Andrena forbesii hippotes,Martins et al 2015,,0.97,Proportion,single observation,,both,adult,,,,,,,,,,,
HumanObservation,Andrena forbesii hippotes,Park et al 2015,,na,,mode,,both,adult,,,,,,,,,,,
HumanObservation,Andrena forbesii hippotes,Park et al 2015,,na,,mode,,both,adult,,,,,,,,,,,
HumanObservation,Andrena forbesii hippotes,Floral Handling,,0.97,%,mean,,both,adult,,,,,,,,,,,
HumanObservation,Andrena forbesii hippotes,Floral Handling,,0.97,%,mean,,both,adult,,,,,,,,,,,
HumanObservation,Andrena forbesii hippotes,Intertegular distances,,1.6575,proportion,mean,,both,adult,,,,,,,,,,,
HumanObservation,Andrena forbesii hippotes,Intertegular distances,,1.6575,proportion,mean,,both,adult,,,,,,,,,,,
HumanObservation,Andrena forbesii hippotes,Abundance,15-min standardized net collections in NY apple orchards,12,count,mean,,both,adult,,,,,,,,,,,
PreservedSpecimen,Andrena imitatrix hippotes,Pollen Purity,,0.51,%,single observation,,both,adult,,,,,,,,,,,
PreservedSpecimen,Andrena imitatrix hippotes,Pollen Purity,,0.51,%,single observation,,both,adult,,,,,,,,,,,
HumanObservation,Andrena imitatrix hippotes,Score,,5.12,Relative contribution,Comparison of relative contributions,,both,adult,,,,,,,,,,,
HumanObservation,Andrena imitatrix hippotes,Score,,5.12,Relative contribution,Comparison of relative contributions,,both,adult,,,,,,,,,,,
PreservedSpecimen,Andrena imitatrix hippotes,Length,Measurement of intertegular distances of field-collected bees,10,mm,mean,,both,adult,,,,,,,,,,,
PreservedSpecimen,Andrena imitatrix hippotes,Length (mm),Measurement of intertegular distance or body length of field-collected bees,10,mm,range,,both,adult,,,,,,,,,,,
HumanObservation,Andrena imitatrix hippotes,Martins et al 2015,,1.00,Proportion,single observation,,both,adult,,,,,,,,,,,
HumanObservation,Andrena imitatrix hippotes,Martins et al 2015,,1.00,Proportion,single observation,,both,adult,,,,,,,,,,,
HumanObservation,Andrena imitatrix hippotes,Park et al 2015,,na,,mode,,both,adult,,,,,,,,,,,
HumanObservation,Andrena imitatrix hippotes,Park et al 2015,,na,,mode,,both,adult,,,,,,,,,,,
HumanObservation,Andrena imitatrix hippotes,Floral Handling,,0.97,%,mean,,both,adult,,,,,,,,,,,
HumanObservation,Andrena imitatrix hippotes,Floral Handling,,0.97,%,mean,,both,adult,,,,,,,,,,,
HumanObservation,Andrena imitatrix hippotes,Intertegular distances,,1.764,proportion,mean,,both,adult,,,,,,,,,,,
HumanObservation,Andrena imitatrix hippotes,Intertegular distances,,1.764,proportion,mean,,both,adult,,,,,,,,,,,
HumanObservation,Andrena imitatrix hippotes,Abundance,15-min standardized net collections in NY apple orchards,10,count,mean,,both,adult,,,,,,,,,,,
PreservedSpecimen,Andrena imitatrix hippotes,Pollen Purity,,0.51,%,single observation,,both,adult,,,,,,,,,,,
PreservedSpecimen,Andrena imitatrix hippotes,Pollen Purity,,0.51,%,single observation,,both,adult,,,,,,,,,,,
HumanObservation,Andrena imitatrix hippotes,Score,,5.12,Relative contribution,Comparison of relative contributions,,both,adult,,,,,,,,,,,
HumanObservation,Andrena imitatrix hippotes,Score,,5.12,Relative contribution,Comparison of relative contributions,,both,adult,,,,,,,,,,,
PreservedSpecimen,Andrena imitatrix hippotes,Length,Measurement of intertegular distances of field-collected bees,8.5,mm,mean,,both,adult,,,,,,,,,,,
PreservedSpecimen,Andrena imitatrix hippotes,Length (mm),Measurement of intertegular distance or body length of field-collected bees,8.5,mm,range,,both,adult,,,,,,,,,,,
HumanObservation,Andrena imitatrix hippotes,Martins et al 2015,,0.97,Proportion,single observation,,both,adult,,,,,,,,,,,
HumanObservation,Andrena imitatrix hippotes,Martins et al 2015,,0.97,Proportion,single observation,,both,adult,,,,,,,,,,,
HumanObservation,Andrena imitatrix hippotes,Park et al 2015,,na,,mode,,both,adult,,,,,,,,,,,
HumanObservation,Andrena imitatrix hippotes,Park et al 2015,,na,,mode,,both,adult,,,,,,,,,,,
HumanObservation,Andrena imitatrix hippotes,Floral Handling,,0.97,%,mean,,both,adult,,,,,,,,,,,
HumanObservation,Andrena imitatrix hippotes,Floral Handling,,0.97,%,mean,,both,adult,,,,,,,,,,,
HumanObservation,Andrena imitatrix hippotes,Intertegular distances,,1.4232,proportion,mean,,both,adult,,,,,,,,,,,
HumanObservation,Andrena imitatrix hippotes,Intertegular distances,,1.4232,proportion,mean,,both,adult,,,,,,,,,,,
HumanObservation,Andrena imitatrix hippotes,Abundance,15-min standardized net collections in NY apple orchards,29,count,mean,,both,adult,,,,,,,,,,,
PreservedSpecimen,Andrena mandibularis regularis/vicina,Pollen Purity,,0.72,%,single observation,,both,adult,,,,,,,,,,,
PreservedSpecimen,Andrena mandibularis regularis/vicina,Pollen Purity,,0.72,%,single observation,,both,adult,,,,,,,,,,,
HumanObservation,Andrena mandibularis regularis/vicina,Score,,7.20,Relative contribution,Comparison of relative contributions,,both,adult,,,,,,,,,,,
HumanObservation,Andrena mandibularis regularis/vicina,Score,,7.20,Relative contribution,Comparison of relative contributions,,both,adult,,,,,,,,,,,
PreservedSpecimen,Andrena mandibularis regularis/vicina,Length,Measurement of intertegular distances of field-collected bees,9.5,mm,mean,,both,adult,,,,,,,,,,,
PreservedSpecimen,Andrena mandibularis regularis/vicina,Length (mm),Measurement of intertegular distance or body length of field-collected bees,9.5,mm,range,,both,adult,,,,,,,,,,,
HumanObservation,Andrena mandibularis regularis/vicina,Martins et al 2015,,0.97,Proportion,single observation,,both,adult,,,,,,,,,,,
HumanObservation,Andrena mandibularis regularis/vicina,Martins et al 2015,,0.97,Proportion,single observation,,both,adult,,,,,,,,,,,
HumanObservation,Andrena mandibularis regularis/vicina,Park et al 2015,,na,,mode,,both,adult,,,,,,,,,,,
HumanObservation,Andrena mandibularis regularis/vicina,Park et al 2015,,na,,mode,,both,adult,,,,,,,,,,,
HumanObservation,Andrena mandibularis regularis/vicina,Floral Handling,,0.97,%,mean,,both,adult,,,,,,,,,,,
HumanObservation,Andrena mandibularis regularis/vicina,Floral Handling,,0.97,%,mean,,both,adult,,,,,,,,,,,
HumanObservation,Andrena mandibularis regularis/vicina,Intertegular distances,,1.88,proportion,mean,,both,adult,,,,,,,,,,,
HumanObservation,Andrena mandibularis regularis/vicina,Intertegular distances,,1.88,proportion,mean,,both,adult,,,,,,,,,,,
HumanObservation,Andrena mandibularis regularis/vicina,Abundance,15-min standardized net collections in NY apple orchards,18,count,mean,,both,adult,,,,,,,,,,,
PreservedSpecimen,Andrena mandibularis regularis/vicina,Pollen Purity,,0.72,%,single observation,,both,adult,,,,,,,,,,,
PreservedSpecimen,Andrena mandibularis regularis/vicina,Pollen Purity,,0.72,%,single observation,,both,adult,,,,,,,,,,,
HumanObservation,Andrena mandibularis regularis/vicina,Score,,7.20,Relative contribution,Comparison of relative contributions,,both,adult,,,,,,,,,,,
HumanObservation,Andrena mandibularis regularis/vicina,Score,,7.20,Relative contribution,Comparison of relative contributions,,both,adult,,,,,,,,,,,
PreservedSpecimen,Andrena mandibularis regularis/vicina,Length,Measurement of intertegular distances of field-collected bees,8.5,mm,mean,,both,adult,,,,,,,,,,,
PreservedSpecimen,Andrena mandibularis regularis/vicina,Length (mm),Measurement of intertegular distance or body length of field-collected bees,8.5,mm,range,,both,adult,,,,,,,,,,,
HumanObservation,Andrena mandibularis regularis/vicina,Martins et al 2015,,0.97,Proportion,single observation,,both,adult,,,,,,,,,,,
HumanObservation,Andrena mandibularis regularis/vicina,Martins et al 2015,,0.97,Proportion,single observation,,both,adult,,,,,,,,,,,
HumanObservation,Andrena mandibularis regularis/vicina,Park et al 2015,,na,,mode,,both,adult,,,,,,,,,,,
HumanObservation,Andrena mandibularis regularis/vicina,Park et al 2015,,na,,mode,,both,adult,,,,,,,,,,,
HumanObservation,Andrena mandibularis regularis/vicina,Floral Handling,,0.97,%,mean,,both,adult,,,,,,,,,,,
HumanObservation,Andrena mandibularis regularis/vicina,Floral Handling,,0.97,%,mean,,both,adult,,,,,,,,,,,
HumanObservation,Andrena mandibularis regularis/vicina,Intertegular distances,,1.346,proportion,mean,,both,adult,,,,,,,,,,,
HumanObservation,Andrena mandibularis regularis/vicina,Intertegular distances,,1.346,proportion,mean,,both,adult,,,,,,,,,,,
HumanObservation,Andrena mandibularis regularis/vicina,Abundance,15-min standardized net collections in NY apple orchards,1,count,mean,,both,adult,,,,,,,,,,,
PreservedSpecimen,Andrena milwaukeensis regularis/vicina,Pollen Purity,,0.72,%,single observation,,both,adult,,,,,,,,,,,
PreservedSpecimen,Andrena milwaukeensis regularis/vicina,Pollen Purity,,0.72,%,single observation,,both,adult,,,,,,,,,,,
HumanObservation,Andrena milwaukeensis regularis/vicina,Score,,7.20,Relative contribution,Comparison of relative contributions,,both,adult,,,,,,,,,,,
HumanObservation,Andrena milwaukeensis regularis/vicina,Score,,7.20,Relative contribution,Comparison of relative contributions,,both,adult,,,,,,,,,,,
PreservedSpecimen,Andrena milwaukeensis regularis/vicina,Length,Measurement of intertegular distances of field-collected bees,11,mm,mean,,both,adult,,,,,,,,,,,
PreservedSpecimen,Andrena milwaukeensis regularis/vicina,Length (mm),Measurement of intertegular distance or body length of field-collected bees,11,mm,range,,both,adult,,,,,,,,,,,
HumanObservation,Andrena milwaukeensis regularis/vicina,Martins et al 2015,,1.00,Proportion,single observation,,both,adult,,,,,,,,,,,
HumanObservation,Andrena milwaukeensis regularis/vicina,Martins et al 2015,,1.00,Proportion,single observation,,both,adult,,,,,,,,,,,
HumanObservation,Andrena milwaukeensis regularis/vicina,Park et al 2015,,na,,mode,,both,adult,,,,,,,,,,,
HumanObservation,Andrena milwaukeensis regularis/vicina,Park et al 2015,,na,,mode,,both,adult,,,,,,,,,,,
HumanObservation,Andrena milwaukeensis regularis/vicina,Floral Handling,,1.00,%,mean,,both,adult,,,,,,,,,,,
HumanObservation,Andrena milwaukeensis regularis/vicina,Floral Handling,,1.00,%,mean,,both,adult,,,,,,,,,,,
HumanObservation,Andrena milwaukeensis regularis/vicina,Intertegular distances,,2.28942,proportion,mean,,both,adult,,,,,,,,,,,
HumanObservation,Andrena milwaukeensis regularis/vicina,Intertegular distances,,2.28942,proportion,mean,,both,adult,,,,,,,,,,,
HumanObservation,Andrena milwaukeensis regularis/vicina,Abundance,15-min standardized net collections in NY apple orchards,10,count,mean,,both,adult,,,,,,,,,,,
PreservedSpecimen,Andrena morrisonella hippotes,Pollen Purity,,0.51,%,single observation,,both,adult,,,,,,,,,,,
PreservedSpecimen,Andrena morrisonella hippotes,Pollen Purity,,0.51,%,single observation,,both,adult,,,,,,,,,,,
HumanObservation,Andrena morrisonella hippotes,Score,,5.12,Relative contribution,Comparison of relative contributions,,both,adult,,,,,,,,,,,
HumanObservation,Andrena morrisonella hippotes,Score,,5.12,Relative contribution,Comparison of relative contributions,,both,adult,,,,,,,,,,,
PreservedSpecimen,Andrena morrisonella hippotes,Length,Measurement of intertegular distances of field-collected bees,9,mm,mean,,both,adult,,,,,,,,,,,
PreservedSpecimen,Andrena morrisonella hippotes,Length (mm),Measurement of intertegular distance or body length of field-collected bees,9,mm,range,,both,adult,,,,,,,,,,,
HumanObservation,Andrena morrisonella hippotes,Martins et al 2015,,0.97,Proportion,single observation,,both,adult,,,,,,,,,,,
HumanObservation,Andrena morrisonella hippotes,Martins et al 2015,,0.97,Proportion,single observation,,both,adult,,,,,,,,,,,
HumanObservation,Andrena morrisonella hippotes,Park et al 2015,,na,,mode,,both,adult,,,,,,,,,,,
HumanObservation,Andrena morrisonella hippotes,Park et al 2015,,na,,mode,,both,adult,,,,,,,,,,,
HumanObservation,Andrena morrisonella hippotes,Floral Handling,,0.97,%,mean,,both,adult,,,,,,,,,,,
HumanObservation,Andrena morrisonella hippotes,Floral Handling,,0.97,%,mean,,both,adult,,,,,,,,,,,
HumanObservation,Andrena morrisonella hippotes,Intertegular distances,,1.764,proportion,mean,,both,adult,,,,,,,,,,,
HumanObservation,Andrena morrisonella hippotes,Intertegular distances,,1.764,proportion,mean,,both,adult,,,,,,,,,,,
HumanObservation,Andrena morrisonella hippotes,Abundance,15-min standardized net collections in NY apple orchards,13,count,mean,,both,adult,,,,,,,,,,,
PreservedSpecimen,Andrena morrisonella hippotes,Pollen Purity,,0.51,%,single observation,,both,adult,,,,,,,,,,,
PreservedSpecimen,Andrena morrisonella hippotes,Pollen Purity,,0.51,%,single observation,,both,adult,,,,,,,,,,,
HumanObservation,Andrena morrisonella hippotes,Score,,5.12,Relative contribution,Comparison of relative contributions,,both,adult,,,,,,,,,,,
HumanObservation,Andrena morrisonella hippotes,Score,,5.12,Relative contribution,Comparison of relative contributions,,both,adult,,,,,,,,,,,
PreservedSpecimen,Andrena morrisonella hippotes,Length,Measurement of intertegular distances of field-collected bees,7,mm,mean,,both,adult,,,,,,,,,,,
PreservedSpecimen,Andrena morrisonella hippotes,Length (mm),Measurement of intertegular distance or body length of field-collected bees,7,mm,range,,both,adult,,,,,,,,,,,
HumanObservation,Andrena morrisonella hippotes,Martins et al 2015,,0.97,Proportion,single observation,,both,adult,,,,,,,,,,,
HumanObservation,Andrena morrisonella hippotes,Martins et al 2015,,0.97,Proportion,single observation,,both,adult,,,,,,,,,,,
HumanObservation,Andrena morrisonella hippotes,Park et al 2015,,na,,mode,,both,adult,,,,,,,,,,,
HumanObservation,Andrena morrisonella hippotes,Park et al 2015,,na,,mode,,both,adult,,,,,,,,,,,
HumanObservation,Andrena morrisonella hippotes,Floral Handling,,0.97,%,mean,,both,adult,,,,,,,,,,,
HumanObservation,Andrena morrisonella hippotes,Floral Handling,,0.97,%,mean,,both,adult,,,,,,,,,,,
HumanObservation,Andrena morrisonella hippotes,Intertegular distances,,1.4232,proportion,mean,,both,adult,,,,,,,,,,,
HumanObservation,Andrena morrisonella hippotes,Intertegular distances,,1.4232,proportion,mean,,both,adult,,,,,,,,,,,
HumanObservation,Andrena morrisonella hippotes,Abundance,15-min standardized net collections in NY apple orchards,3,count,mean,,both,adult,,,,,,,,,,,
PreservedSpecimen,Species Functional Group,Pollen Purity,,Pollen Purity,%,single observation,,both,adult,,,,,,,,,,,
PreservedSpecimen,Species Functional Group,Pollen Purity,,Pollen Purity,%,single observation,,both,adult,,,,,,,,,,,
HumanObservation,Species Functional Group,Score,,Score,Relative contribution,Comparison of relative contributions,,both,adult,,,,,,,,,,,
HumanObservation,Species Functional Group,Score,,Score,Relative contribution,Comparison of relative contributions,,both,adult,,,,,,,,,,,
PreservedSpecimen,Species Functional Group,Length,Measurement of intertegular distances of field-collected bees,Length (mm),mm,mean,,both,adult,,,,,,,,,,,
PreservedSpecimen,Species Functional Group,Length (mm),Measurement of intertegular distance or body length of field-collected bees,Length (mm),mm,range,,both,adult,,,,,,,,,,,
HumanObservation,Species Functional Group,Martins et al 2015,,Martins et al 2015,Proportion,single observation,,both,adult,,,,,,,,,,,
HumanObservation,Species Functional Group,Martins et al 2015,,Martins et al 2015,Proportion,single observation,,both,adult,,,,,,,,,,,
HumanObservation,Species Functional Group,Park et al 2015,,Park et al 2015,,mode,,both,adult,,,,,,,,,,,
HumanObservation,Species Functional Group,Park et al 2015,,Park et al 2015,,mode,,both,adult,,,,,,,,,,,
HumanObservation,Species Functional Group,Floral Handling,,Floral Handling,%,mean,,both,adult,,,,,,,,,,,
HumanObservation,Species Functional Group,Floral Handling,,Floral Handling,%,mean,,both,adult,,,,,,,,,,,
HumanObservation,Species Functional Group,Intertegular distances,,ITD,proportion,mean,,both,adult,,,,,,,,,,,
HumanObservation,Species Functional Group,Intertegular distances,,ITD,proportion,mean,,both,adult,,,,,,,,,,,
HumanObservation,Species Functional Group,Abundance,15-min standardized net collections in NY apple orchards,Abundance,count,mean,,both,adult,,,,,,,,,,,
PreservedSpecimen,Species Functional Group,Pollen Purity,,Pollen Purity,%,single observation,,both,adult,,,,,,,,,,,
PreservedSpecimen,Species Functional Group,Pollen Purity,,Pollen Purity,%,single observation,,both,adult,,,,,,,,,,,
HumanObservation,Species Functional Group,Score,,Score,Relative contribution,Comparison of relative contributions,,both,adult,,,,,,,,,,,
HumanObservation,Species Functional Group,Score,,Score,Relative contribution,Comparison of relative contributions,,both,adult,,,,,,,,,,,
PreservedSpecimen,Species Functional Group,Length,Measurement of intertegular distances of field-collected bees,Length (mm),mm,mean,,both,adult,,,,,,,,,,,
PreservedSpecimen,Species Functional Group,Length (mm),Measurement of intertegular distance or body length of field-collected bees,Length (mm),mm,range,,both,adult,,,,,,,,,,,
HumanObservation,Species Functional Group,Martins et al 2015,,Martins et al 2015,Proportion,single observation,,both,adult,,,,,,,,,,,
HumanObservation,Species Functional Group,Martins et al 2015,,Martins et al 2015,Proportion,single observation,,both,adult,,,,,,,,,,,
HumanObservation,Species Functional Group,Park et al 2015,,Park et al 2015,,mode,,both,adult,,,,,,,,,,,
HumanObservation,Species Functional Group,Park et al 2015,,Park et al 2015,,mode,,both,adult,,,,,,,,,,,
HumanObservation,Species Functional Group,Floral Handling,,Floral Handling,%,mean,,both,adult,,,,,,,,,,,
HumanObservation,Species Functional Group,Floral Handling,,Floral Handling,%,mean,,both,adult,,,,,,,,,,,
HumanObservation,Species Functional Group,Intertegular distances,,ITD,proportion,mean,,both,adult,,,,,,,,,,,
HumanObservation,Species Functional Group,Intertegular distances,,ITD,proportion,mean,,both,adult,,,,,,,,,,,
HumanObservation,Species Functional Group,Abundance,15-min standardized net collections in NY apple orchards,Abundance,count,mean,,both,adult,,,,,,,,,,,
PreservedSpecimen,Species Functional Group,Pollen Purity,,Pollen Purity,%,single observation,,both,adult,,,,,,,,,,,
PreservedSpecimen,Species Functional Group,Pollen Purity,,Pollen Purity,%,single observation,,both,adult,,,,,,,,,,,
HumanObservation,Species Functional Group,Score,,Score,Relative contribution,Comparison of relative contributions,,both,adult,,,,,,,,,,,
HumanObservation,Species Functional Group,Score,,Score,Relative contribution,Comparison of relative contributions,,both,adult,,,,,,,,,,,
PreservedSpecimen,Species Functional Group,Length,Measurement of intertegular distances of field-collected bees,Length (mm),mm,mean,,both,adult,,,,,,,,,,,
PreservedSpecimen,Species Functional Group,Length (mm),Measurement of intertegular distance or body length of field-collected bees,Length (mm),mm,range,,both,adult,,,,,,,,,,,
HumanObservation,Species Functional Group,Martins et al 2015,,Martins et al 2015,Proportion,single observation,,both,adult,,,,,,,,,,,
HumanObservation,Species Functional Group,Martins et al 2015,,Martins et al 2015,Proportion,single observation,,both,adult,,,,,,,,,,,
HumanObservation,Species Functional Group,Park et al 2015,,Park et al 2015,,mode,,both,adult,,,,,,,,,,,
HumanObservation,Species Functional Group,Park et al 2015,,Park et al 2015,,mode,,both,adult,,,,,,,,,,,
HumanObservation,Species Functional Group,Floral Handling,,Floral Handling,%,mean,,both,adult,,,,,,,,,,,
HumanObservation,Species Functional Group,Floral Handling,,Floral Handling,%,mean,,both,adult,,,,,,,,,,,
HumanObservation,Species Functional Group,Intertegular distances,,ITD,proportion,mean,,both,adult,,,,,,,,,,,
HumanObservation,Species Functional Group,Intertegular distances,,ITD,proportion,mean,,both,adult,,,,,,,,,,,
HumanObservation,Species Functional Group,Abundance,15-min standardized net collections in NY apple orchards,Abundance,count,mean,,both,adult,,,,,,,,,,,
PreservedSpecimen,Species Functional Group,Pollen Purity,,Pollen Purity,%,single observation,,both,adult,,,,,,,,,,,
PreservedSpecimen,Species Functional Group,Pollen Purity,,Pollen Purity,%,single observation,,both,adult,,,,,,,,,,,
HumanObservation,Species Functional Group,Score,,Score,Relative contribution,Comparison of relative contributions,,both,adult,,,,,,,,,,,
HumanObservation,Species Functional Group,Score,,Score,Relative contribution,Comparison of relative contributions,,both,adult,,,,,,,,,,,
PreservedSpecimen,Species Functional Group,Length,Measurement of intertegular distances of field-collected bees,Length (mm),mm,mean,,both,adult,,,,,,,,,,,
PreservedSpecimen,Species Functional Group,Length (mm),Measurement of intertegular distance or body length of field-collected bees,Length (mm),mm,range,,both,adult,,,,,,,,,,,
HumanObservation,Species Functional Group,Martins et al 2015,,Martins et al 2015,Proportion,single observation,,both,adult,,,,,,,,,,,
HumanObservation,Species Functional Group,Martins et al 2015,,Martins et al 2015,Proportion,single observation,,both,adult,,,,,,,,,,,
HumanObservation,Species Functional Group,Park et al 2015,,Park et al 2015,,mode,,both,adult,,,,,,,,,,,
HumanObservation,Species Functional Group,Park et al 2015,,Park et al 2015,,mode,,both,adult,,,,,,,,,,,
HumanObservation,Species Functional Group,Floral Handling,,Floral Handling,%,mean,,both,adult,,,,,,,,,,,
HumanObservation,Species Functional Group,Floral Handling,,Floral Handling,%,mean,,both,adult,,,,,,,,,,,
HumanObservation,Species Functional Group,Intertegular distances,,ITD,proportion,mean,,both,adult,,,,,,,,,,,
HumanObservation,Species Functional Group,Intertegular distances,,ITD,proportion,mean,,both,adult,,,,,,,,,,,
HumanObservation,Species Functional Group,Abundance,15-min standardized net collections in NY apple orchards,,count,mean,,both,adult,,,,,,,,,,,
PreservedSpecimen,Andrena nivalis regularis/vicina,Pollen Purity,,0.72,%,single observation,,both,adult,,,,,,,,,,,
PreservedSpecimen,Andrena nivalis regularis/vicina,Pollen Purity,,0.72,%,single observation,,both,adult,,,,,,,,,,,
HumanObservation,Andrena nivalis regularis/vicina,Score,,7.20,Relative contribution,Comparison of relative contributions,,both,adult,,,,,,,,,,,
HumanObservation,Andrena nivalis regularis/vicina,Score,,7.20,Relative contribution,Comparison of relative contributions,,both,adult,,,,,,,,,,,
PreservedSpecimen,Andrena nivalis regularis/vicina,Length,Measurement of intertegular distances of field-collected bees,13,mm,mean,,both,adult,,,,,,,,,,,
PreservedSpecimen,Andrena nivalis regularis/vicina,Length (mm),Measurement of intertegular distance or body length of field-collected bees,13,mm,range,,both,adult,,,,,,,,,,,
HumanObservation,Andrena nivalis regularis/vicina,Martins et al 2015,,1.00,Proportion,single observation,,both,adult,,,,,,,,,,,
HumanObservation,Andrena nivalis regularis/vicina,Martins et al 2015,,1.00,Proportion,single observation,,both,adult,,,,,,,,,,,
HumanObservation,Andrena nivalis regularis/vicina,Park et al 2015,,na,,mode,,both,adult,,,,,,,,,,,
HumanObservation,Andrena nivalis regularis/vicina,Park et al 2015,,na,,mode,,both,adult,,,,,,,,,,,
HumanObservation,Andrena nivalis regularis/vicina,Floral Handling,,1.00,%,mean,,both,adult,,,,,,,,,,,
HumanObservation,Andrena nivalis regularis/vicina,Floral Handling,,1.00,%,mean,,both,adult,,,,,,,,,,,
HumanObservation,Andrena nivalis regularis/vicina,Intertegular distances,,2.62108,proportion,mean,,both,adult,,,,,,,,,,,
HumanObservation,Andrena nivalis regularis/vicina,Intertegular distances,,2.62108,proportion,mean,,both,adult,,,,,,,,,,,
HumanObservation,Andrena nivalis regularis/vicina,Abundance,15-min standardized net collections in NY apple orchards,1,count,mean,,both,adult,,,,,,,,,,,
PreservedSpecimen,Andrena nuda hippotes,Pollen Purity,,5.12,%,single observation,,both,adult,,,,,,,,,,,
PreservedSpecimen,Andrena nuda hippotes,Pollen Purity,,5.12,%,single observation,,both,adult,,,,,,,,,,,
HumanObservation,Andrena nuda hippotes,Score,,9,Relative contribution,Comparison of relative contributions,,both,adult,,,,,,,,,,,
HumanObservation,Andrena nuda hippotes,Score,,9,Relative contribution,Comparison of relative contributions,,both,adult,,,,,,,,,,,
PreservedSpecimen,Andrena nuda hippotes,Length,Measurement of intertegular distances of field-collected bees,0.97,mm,mean,,both,adult,,,,,,,,,,,
PreservedSpecimen,Andrena nuda hippotes,Length (mm),Measurement of intertegular distance or body length of field-collected bees,0.97,mm,range,,both,adult,,,,,,,,,,,
HumanObservation,Andrena nuda hippotes,Martins et al 2015,,na,Proportion,single observation,,both,adult,,,,,,,,,,,
HumanObservation,Andrena nuda hippotes,Martins et al 2015,,na,Proportion,single observation,,both,adult,,,,,,,,,,,
HumanObservation,Andrena nuda hippotes,Park et al 2015,,0.97,,mode,,both,adult,,,,,,,,,,,
HumanObservation,Andrena nuda hippotes,Park et al 2015,,0.97,,mode,,both,adult,,,,,,,,,,,
HumanObservation,Andrena nuda hippotes,Floral Handling,,2.003,%,mean,,both,adult,,,,,,,,,,,
HumanObservation,Andrena nuda hippotes,Floral Handling,,2.003,%,mean,,both,adult,,,,,,,,,,,
HumanObservation,Andrena nuda hippotes,Intertegular distances,,1,proportion,mean,,both,adult,,,,,,,,,,,
HumanObservation,Andrena nuda hippotes,Intertegular distances,,1,proportion,mean,,both,adult,,,,,,,,,,,
HumanObservation,Andrena nuda hippotes,Abundance,15-min standardized net collections in NY apple orchards,,count,mean,,both,adult,,,,,,,,,,,
PreservedSpecimen,Andrena perplexa regularis/vicina,Pollen Purity,,0.72,%,single observation,,both,adult,,,,,,,,,,,
PreservedSpecimen,Andrena perplexa regularis/vicina,Pollen Purity,,0.72,%,single observation,,both,adult,,,,,,,,,,,
HumanObservation,Andrena perplexa regularis/vicina,Score,,7.20,Relative contribution,Comparison of relative contributions,,both,adult,,,,,,,,,,,
HumanObservation,Andrena perplexa regularis/vicina,Score,,7.20,Relative contribution,Comparison of relative contributions,,both,adult,,,,,,,,,,,
PreservedSpecimen,Andrena perplexa regularis/vicina,Length,Measurement of intertegular distances of field-collected bees,13.5,mm,mean,,both,adult,,,,,,,,,,,
PreservedSpecimen,Andrena perplexa regularis/vicina,Length (mm),Measurement of intertegular distance or body length of field-collected bees,13.5,mm,range,,both,adult,,,,,,,,,,,
HumanObservation,Andrena perplexa regularis/vicina,Martins et al 2015,,1.00,Proportion,single observation,,both,adult,,,,,,,,,,,
HumanObservation,Andrena perplexa regularis/vicina,Martins et al 2015,,1.00,Proportion,single observation,,both,adult,,,,,,,,,,,
HumanObservation,Andrena perplexa regularis/vicina,Park et al 2015,,na,,mode,,both,adult,,,,,,,,,,,
HumanObservation,Andrena perplexa regularis/vicina,Park et al 2015,,na,,mode,,both,adult,,,,,,,,,,,
HumanObservation,Andrena perplexa regularis/vicina,Floral Handling,,1.00,%,mean,,both,adult,,,,,,,,,,,
HumanObservation,Andrena perplexa regularis/vicina,Floral Handling,,1.00,%,mean,,both,adult,,,,,,,,,,,
HumanObservation,Andrena perplexa regularis/vicina,Intertegular distances,,2.57922,proportion,mean,,both,adult,,,,,,,,,,,
HumanObservation,Andrena perplexa regularis/vicina,Intertegular distances,,2.57922,proportion,mean,,both,adult,,,,,,,,,,,
HumanObservation,Andrena perplexa regularis/vicina,Abundance,15-min standardized net collections in NY apple orchards,46,count,mean,,both,adult,,,,,,,,,,,
PreservedSpecimen,Andrena perplexa regularis/vicina,Pollen Purity,,0.72,%,single observation,,both,adult,,,,,,,,,,,
PreservedSpecimen,Andrena perplexa regularis/vicina,Pollen Purity,,0.72,%,single observation,,both,adult,,,,,,,,,,,
HumanObservation,Andrena perplexa regularis/vicina,Score,,7.20,Relative contribution,Comparison of relative contributions,,both,adult,,,,,,,,,,,
HumanObservation,Andrena perplexa regularis/vicina,Score,,7.20,Relative contribution,Comparison of relative contributions,,both,adult,,,,,,,,,,,
PreservedSpecimen,Andrena perplexa regularis/vicina,Length,Measurement of intertegular distances of field-collected bees,11.5,mm,mean,,both,adult,,,,,,,,,,,
PreservedSpecimen,Andrena perplexa regularis/vicina,Length (mm),Measurement of intertegular distance or body length of field-collected bees,11.5,mm,range,,both,adult,,,,,,,,,,,
HumanObservation,Andrena perplexa regularis/vicina,Martins et al 2015,,1.00,Proportion,single observation,,both,adult,,,,,,,,,,,
HumanObservation,Andrena perplexa regularis/vicina,Martins et al 2015,,1.00,Proportion,single observation,,both,adult,,,,,,,,,,,
HumanObservation,Andrena perplexa regularis/vicina,Park et al 2015,,na,,mode,,both,adult,,,,,,,,,,,
HumanObservation,Andrena perplexa regularis/vicina,Park et al 2015,,na,,mode,,both,adult,,,,,,,,,,,
HumanObservation,Andrena perplexa regularis/vicina,Floral Handling,,1.00,%,mean,,both,adult,,,,,,,,,,,
HumanObservation,Andrena perplexa regularis/vicina,Floral Handling,,1.00,%,mean,,both,adult,,,,,,,,,,,
HumanObservation,Andrena perplexa regularis/vicina,Intertegular distances,,1.93522,proportion,mean,,both,adult,,,,,,,,,,,
HumanObservation,Andrena perplexa regularis/vicina,Intertegular distances,,1.93522,proportion,mean,,both,adult,,,,,,,,,,,
HumanObservation,Andrena perplexa regularis/vicina,Abundance,15-min standardized net collections in NY apple orchards,21,count,mean,,both,adult,,,,,,,,,,,
PreservedSpecimen,Andrena pruni Andrenaregularis/vicina,Pollen Purity,,0.72,%,single observation,,both,adult,,,,,,,,,,,
PreservedSpecimen,Andrena pruni Andrenaregularis/vicina,Pollen Purity,,0.72,%,single observation,,both,adult,,,,,,,,,,,
HumanObservation,Andrena pruni Andrenaregularis/vicina,Score,,7.20,Relative contribution,Comparison of relative contributions,,both,adult,,,,,,,,,,,
HumanObservation,Andrena pruni Andrenaregularis/vicina,Score,,7.20,Relative contribution,Comparison of relative contributions,,both,adult,,,,,,,,,,,
PreservedSpecimen,Andrena pruni Andrenaregularis/vicina,Length,Measurement of intertegular distances of field-collected bees,10.25,mm,mean,,both,adult,,,,,,,,,,,
PreservedSpecimen,Andrena pruni Andrenaregularis/vicina,Length (mm),Measurement of intertegular distance or body length of field-collected bees,10.25,mm,range,,both,adult,,,,,,,,,,,
HumanObservation,Andrena pruni Andrenaregularis/vicina,Martins et al 2015,,1.00,Proportion,single observation,,both,adult,,,,,,,,,,,
HumanObservation,Andrena pruni Andrenaregularis/vicina,Martins et al 2015,,1.00,Proportion,single observation,,both,adult,,,,,,,,,,,
HumanObservation,Andrena pruni Andrenaregularis/vicina,Park et al 2015,,na,,mode,,both,adult,,,,,,,,,,,
HumanObservation,Andrena pruni Andrenaregularis/vicina,Park et al 2015,,na,,mode,,both,adult,,,,,,,,,,,
HumanObservation,Andrena pruni Andrenaregularis/vicina,Floral Handling,,1.00,%,mean,,both,adult,,,,,,,,,,,
HumanObservation,Andrena pruni Andrenaregularis/vicina,Floral Handling,,1.00,%,mean,,both,adult,,,,,,,,,,,
HumanObservation,Andrena pruni Andrenaregularis/vicina,Intertegular distances,,2.29586,proportion,mean,,both,adult,,,,,,,,,,,
HumanObservation,Andrena pruni Andrenaregularis/vicina,Intertegular distances,,2.29586,proportion,mean,,both,adult,,,,,,,,,,,
HumanObservation,Andrena pruni Andrenaregularis/vicina,Abundance,15-min standardized net collections in NY apple orchards,33,count,mean,,both,adult,,,,,,,,,,,
PreservedSpecimen,Andrena pruni Andrenaregularis/vicina,Pollen Purity,,0.72,%,single observation,,both,adult,,,,,,,,,,,
PreservedSpecimen,Andrena pruni Andrenaregularis/vicina,Pollen Purity,,0.72,%,single observation,,both,adult,,,,,,,,,,,
HumanObservation,Andrena pruni Andrenaregularis/vicina,Score,,7.20,Relative contribution,Comparison of relative contributions,,both,adult,,,,,,,,,,,
HumanObservation,Andrena pruni Andrenaregularis/vicina,Score,,7.20,Relative contribution,Comparison of relative contributions,,both,adult,,,,,,,,,,,
PreservedSpecimen,Andrena pruni Andrenaregularis/vicina,Length,Measurement of intertegular distances of field-collected bees,8.5,mm,mean,,both,adult,,,,,,,,,,,
PreservedSpecimen,Andrena pruni Andrenaregularis/vicina,Length (mm),Measurement of intertegular distance or body length of field-collected bees,8.5,mm,range,,both,adult,,,,,,,,,,,
HumanObservation,Andrena pruni Andrenaregularis/vicina,Martins et al 2015,,0.97,Proportion,single observation,,both,adult,,,,,,,,,,,
HumanObservation,Andrena pruni Andrenaregularis/vicina,Martins et al 2015,,0.97,Proportion,single observation,,both,adult,,,,,,,,,,,
HumanObservation,Andrena pruni Andrenaregularis/vicina,Park et al 2015,,na,,mode,,both,adult,,,,,,,,,,,
HumanObservation,Andrena pruni Andrenaregularis/vicina,Park et al 2015,,na,,mode,,both,adult,,,,,,,,,,,
HumanObservation,Andrena pruni Andrenaregularis/vicina,Floral Handling,,0.97,%,mean,,both,adult,,,,,,,,,,,
HumanObservation,Andrena pruni Andrenaregularis/vicina,Floral Handling,,0.97,%,mean,,both,adult,,,,,,,,,,,
HumanObservation,Andrena pruni Andrenaregularis/vicina,Intertegular distances,,1.62805,proportion,mean,,both,adult,,,,,,,,,,,
HumanObservation,Andrena pruni Andrenaregularis/vicina,Intertegular distances,,1.62805,proportion,mean,,both,adult,,,,,,,,,,,
HumanObservation,Andrena pruni Andrenaregularis/vicina,Abundance,15-min standardized net collections in NY apple orchards,3,count,mean,,both,adult,,,,,,,,,,,
PreservedSpecimen,Andrena rugosa hippotes,Pollen Purity,,0.51,%,single observation,,both,adult,,,,,,,,,,,
PreservedSpecimen,Andrena rugosa hippotes,Pollen Purity,,0.51,%,single observation,,both,adult,,,,,,,,,,,
HumanObservation,Andrena rugosa hippotes,Score,,5.12,Relative contribution,Comparison of relative contributions,,both,adult,,,,,,,,,,,
HumanObservation,Andrena rugosa hippotes,Score,,5.12,Relative contribution,Comparison of relative contributions,,both,adult,,,,,,,,,,,
PreservedSpecimen,Andrena rugosa hippotes,Length,Measurement of intertegular distances of field-collected bees,9,mm,mean,,both,adult,,,,,,,,,,,
PreservedSpecimen,Andrena rugosa hippotes,Length (mm),Measurement of intertegular distance or body length of field-collected bees,9,mm,range,,both,adult,,,,,,,,,,,
HumanObservation,Andrena rugosa hippotes,Martins et al 2015,,0.97,Proportion,single observation,,both,adult,,,,,,,,,,,
HumanObservation,Andrena rugosa hippotes,Martins et al 2015,,0.97,Proportion,single observation,,both,adult,,,,,,,,,,,
HumanObservation,Andrena rugosa hippotes,Park et al 2015,,na,,mode,,both,adult,,,,,,,,,,,
HumanObservation,Andrena rugosa hippotes,Park et al 2015,,na,,mode,,both,adult,,,,,,,,,,,
HumanObservation,Andrena rugosa hippotes,Floral Handling,,0.97,%,mean,,both,adult,,,,,,,,,,,
HumanObservation,Andrena rugosa hippotes,Floral Handling,,0.97,%,mean,,both,adult,,,,,,,,,,,
HumanObservation,Andrena rugosa hippotes,Intertegular distances,,1.915,proportion,mean,,both,adult,,,,,,,,,,,
HumanObservation,Andrena rugosa hippotes,Intertegular distances,,1.915,proportion,mean,,both,adult,,,,,,,,,,,
HumanObservation,Andrena rugosa hippotes,Abundance,15-min standardized net collections in NY apple orchards,47,count,mean,,both,adult,,,,,,,,,,,
PreservedSpecimen,Andrena rugosa hippotes,Pollen Purity,,0.51,%,single observation,,both,adult,,,,,,,,,,,
PreservedSpecimen,Andrena rugosa hippotes,Pollen Purity,,0.51,%,single observation,,both,adult,,,,,,,,,,,
HumanObservation,Andrena rugosa hippotes,Score,,5.12,Relative contribution,Comparison of relative contributions,,both,adult,,,,,,,,,,,
HumanObservation,Andrena rugosa hippotes,Score,,5.12,Relative contribution,Comparison of relative contributions,,both,adult,,,,,,,,,,,
PreservedSpecimen,Andrena rugosa hippotes,Length,Measurement of intertegular distances of field-collected bees,8,mm,mean,,both,adult,,,,,,,,,,,
PreservedSpecimen,Andrena rugosa hippotes,Length (mm),Measurement of intertegular distance or body length of field-collected bees,8,mm,range,,both,adult,,,,,,,,,,,
HumanObservation,Andrena rugosa hippotes,Martins et al 2015,,0.97,Proportion,single observation,,both,adult,,,,,,,,,,,
HumanObservation,Andrena rugosa hippotes,Martins et al 2015,,0.97,Proportion,single observation,,both,adult,,,,,,,,,,,
HumanObservation,Andrena rugosa hippotes,Park et al 2015,,na,,mode,,both,adult,,,,,,,,,,,
HumanObservation,Andrena rugosa hippotes,Park et al 2015,,na,,mode,,both,adult,,,,,,,,,,,
HumanObservation,Andrena rugosa hippotes,Floral Handling,,0.97,%,mean,,both,adult,,,,,,,,,,,
HumanObservation,Andrena rugosa hippotes,Floral Handling,,0.97,%,mean,,both,adult,,,,,,,,,,,
HumanObservation,Andrena rugosa hippotes,Intertegular distances,,2.125,proportion,mean,,both,adult,,,,,,,,,,,
HumanObservation,Andrena rugosa hippotes,Intertegular distances,,2.125,proportion,mean,,both,adult,,,,,,,,,,,
HumanObservation,Andrena rugosa hippotes,Abundance,15-min standardized net collections in NY apple orchards,8,count,mean,,both,adult,,,,,,,,,,,
PreservedSpecimen,Andrena w-scripta nasonii,Pollen Purity,,0.68,%,single observation,,both,adult,,,,,,,,,,,
PreservedSpecimen,Andrena w-scripta nasonii,Pollen Purity,,0.68,%,single observation,,both,adult,,,,,,,,,,,
HumanObservation,Andrena w-scripta nasonii,Score,,6.22,Relative contribution,Comparison of relative contributions,,both,adult,,,,,,,,,,,
HumanObservation,Andrena w-scripta nasonii,Score,,6.22,Relative contribution,Comparison of relative contributions,,both,adult,,,,,,,,,,,
PreservedSpecimen,Andrena w-scripta nasonii,Length,Measurement of intertegular distances of field-collected bees,9.5,mm,mean,,both,adult,,,,,,,,,,,
PreservedSpecimen,Andrena w-scripta nasonii,Length (mm),Measurement of intertegular distance or body length of field-collected bees,9.5,mm,range,,both,adult,,,,,,,,,,,
HumanObservation,Andrena w-scripta nasonii,Martins et al 2015,,1.00,Proportion,single observation,,both,adult,,,,,,,,,,,
HumanObservation,Andrena w-scripta nasonii,Martins et al 2015,,1.00,Proportion,single observation,,both,adult,,,,,,,,,,,
HumanObservation,Andrena w-scripta nasonii,Park et al 2015,,na,,mode,,both,adult,,,,,,,,,,,
HumanObservation,Andrena w-scripta nasonii,Park et al 2015,,na,,mode,,both,adult,,,,,,,,,,,
HumanObservation,Andrena w-scripta nasonii,Floral Handling,,0.97,%,mean,,both,adult,,,,,,,,,,,
HumanObservation,Andrena w-scripta nasonii,Floral Handling,,0.97,%,mean,,both,adult,,,,,,,,,,,
HumanObservation,Andrena w-scripta nasonii,Intertegular distances,,1.633,proportion,mean,,both,adult,,,,,,,,,,,
HumanObservation,Andrena w-scripta nasonii,Intertegular distances,,1.633,proportion,mean,,both,adult,,,,,,,,,,,
HumanObservation,Andrena w-scripta nasonii,Abundance,15-min standardized net collections in NY apple orchards,10,count,mean,,both,adult,,,,,,,,,,,
PreservedSpecimen,Andrena w-scripta nasonii,Pollen Purity,,0.68,%,single observation,,both,adult,,,,,,,,,,,
PreservedSpecimen,Andrena w-scripta nasonii,Pollen Purity,,0.68,%,single observation,,both,adult,,,,,,,,,,,
HumanObservation,Andrena w-scripta nasonii,Score,,6.22,Relative contribution,Comparison of relative contributions,,both,adult,,,,,,,,,,,
HumanObservation,Andrena w-scripta nasonii,Score,,6.22,Relative contribution,Comparison of relative contributions,,both,adult,,,,,,,,,,,
PreservedSpecimen,Andrena w-scripta nasonii,Length,Measurement of intertegular distances of field-collected bees,8.5,mm,mean,,both,adult,,,,,,,,,,,
PreservedSpecimen,Andrena w-scripta nasonii,Length (mm),Measurement of intertegular distance or body length of field-collected bees,8.5,mm,range,,both,adult,,,,,,,,,,,
HumanObservation,Andrena w-scripta nasonii,Martins et al 2015,,0.97,Proportion,single observation,,both,adult,,,,,,,,,,,
HumanObservation,Andrena w-scripta nasonii,Martins et al 2015,,0.97,Proportion,single observation,,both,adult,,,,,,,,,,,
HumanObservation,Andrena w-scripta nasonii,Park et al 2015,,na,,mode,,both,adult,,,,,,,,,,,
HumanObservation,Andrena w-scripta nasonii,Park et al 2015,,na,,mode,,both,adult,,,,,,,,,,,
HumanObservation,Andrena w-scripta nasonii,Floral Handling,,0.97,%,mean,,both,adult,,,,,,,,,,,
HumanObservation,Andrena w-scripta nasonii,Floral Handling,,0.97,%,mean,,both,adult,,,,,,,,,,,
HumanObservation,Andrena w-scripta nasonii,Intertegular distances,,1.421,proportion,mean,,both,adult,,,,,,,,,,,
HumanObservation,Andrena w-scripta nasonii,Intertegular distances,,1.421,proportion,mean,,both,adult,,,,,,,,,,,
HumanObservation,Andrena w-scripta nasonii,Abundance,15-min standardized net collections in NY apple orchards,30,count,mean,,both,adult,,,,,,,,,,,
PreservedSpecimen,Augochlorella aurata Augochlora pura,Pollen Purity,,0.45,%,single observation,,both,adult,,,,,,,,,,,
PreservedSpecimen,Augochlorella aurata Augochlora pura,Pollen Purity,,0.45,%,single observation,,both,adult,,,,,,,,,,,
HumanObservation,Augochlorella aurata Augochlora pura,Score,,2.41,Relative contribution,Comparison of relative contributions,,both,adult,,,,,,,,,,,
HumanObservation,Augochlorella aurata Augochlora pura,Score,,2.41,Relative contribution,Comparison of relative contributions,,both,adult,,,,,,,,,,,
PreservedSpecimen,Augochlorella aurata Augochlora pura,Length,Measurement of intertegular distances of field-collected bees,5.5,mm,mean,,both,adult,,,,,,,,,,,
PreservedSpecimen,Augochlorella aurata Augochlora pura,Length (mm),Measurement of intertegular distance or body length of field-collected bees,5.5,mm,range,,both,adult,,,,,,,,,,,
HumanObservation,Augochlorella aurata Augochlora pura,Martins et al 2015,,na,Proportion,single observation,,both,adult,,,,,,,,,,,
HumanObservation,Augochlorella aurata Augochlora pura,Martins et al 2015,,na,Proportion,single observation,,both,adult,,,,,,,,,,,
HumanObservation,Augochlorella aurata Augochlora pura,Park et al 2015,,na,,mode,,both,adult,,,,,,,,,,,
HumanObservation,Augochlorella aurata Augochlora pura,Park et al 2015,,na,,mode,,both,adult,,,,,,,,,,,
HumanObservation,Augochlorella aurata Augochlora pura,Floral Handling,,na,%,mean,,both,adult,,,,,,,,,,,
HumanObservation,Augochlorella aurata Augochlora pura,Floral Handling,,na,%,mean,,both,adult,,,,,,,,,,,
HumanObservation,Augochlorella aurata Augochlora pura,Intertegular distances,,1.512,proportion,mean,,both,adult,,,,,,,,,,,
HumanObservation,Augochlorella aurata Augochlora pura,Intertegular distances,,1.512,proportion,mean,,both,adult,,,,,,,,,,,
HumanObservation,Augochlorella aurata Augochlora pura,Abundance,15-min standardized net collections in NY apple orchards,6,count,mean,,both,adult,,,,,,,,,,,
PreservedSpecimen,Augochloropsis metallica Augochlora pura,Pollen Purity,,0.45,%,single observation,,both,adult,,,,,,,,,,,
PreservedSpecimen,Augochloropsis metallica Augochlora pura,Pollen Purity,,0.45,%,single observation,,both,adult,,,,,,,,,,,
HumanObservation,Augochloropsis metallica Augochlora pura,Score,,2.41,Relative contribution,Comparison of relative contributions,,both,adult,,,,,,,,,,,
HumanObservation,Augochloropsis metallica Augochlora pura,Score,,2.41,Relative contribution,Comparison of relative contributions,,both,adult,,,,,,,,,,,
PreservedSpecimen,Augochloropsis metallica Augochlora pura,Length,Measurement of intertegular distances of field-collected bees,9,mm,mean,,both,adult,,,,,,,,,,,
PreservedSpecimen,Augochloropsis metallica Augochlora pura,Length (mm),Measurement of intertegular distance or body length of field-collected bees,9,mm,range,,both,adult,,,,,,,,,,,
HumanObservation,Augochloropsis metallica Augochlora pura,Martins et al 2015,,na,Proportion,single observation,,both,adult,,,,,,,,,,,
HumanObservation,Augochloropsis metallica Augochlora pura,Martins et al 2015,,na,Proportion,single observation,,both,adult,,,,,,,,,,,
HumanObservation,Augochloropsis metallica Augochlora pura,Park et al 2015,,na,,mode,,both,adult,,,,,,,,,,,
HumanObservation,Augochloropsis metallica Augochlora pura,Park et al 2015,,na,,mode,,both,adult,,,,,,,,,,,
HumanObservation,Augochloropsis metallica Augochlora pura,Floral Handling,,na,%,mean,,both,adult,,,,,,,,,,,
HumanObservation,Augochloropsis metallica Augochlora pura,Floral Handling,,na,%,mean,,both,adult,,,,,,,,,,,
HumanObservation,Augochloropsis metallica Augochlora pura,Intertegular distances,,2.642,proportion,mean,,both,adult,,,,,,,,,,,
HumanObservation,Augochloropsis metallica Augochlora pura,Intertegular distances,,2.642,proportion,mean,,both,adult,,,,,,,,,,,
HumanObservation,Augochloropsis metallica Augochlora pura,Abundance,15-min standardized net collections in NY apple orchards,1,count,mean,,both,adult,,,,,,,,,,,
PreservedSpecimen,Bombus bimaculatus impatiens,Pollen Purity,,0.61,%,single observation,,both,adult,,,,,,,,,,,
PreservedSpecimen,Bombus bimaculatus impatiens,Pollen Purity,,0.61,%,single observation,,both,adult,,,,,,,,,,,
HumanObservation,Bombus bimaculatus impatiens,Score,,4.08,Relative contribution,Comparison of relative contributions,,both,adult,,,,,,,,,,,
HumanObservation,Bombus bimaculatus impatiens,Score,,4.08,Relative contribution,Comparison of relative contributions,,both,adult,,,,,,,,,,,
PreservedSpecimen,Bombus bimaculatus impatiens,Length,Measurement of intertegular distances of field-collected bees,19.5,mm,mean,,both,adult,,,,,,,,,,,
PreservedSpecimen,Bombus bimaculatus impatiens,Length (mm),Measurement of intertegular distance or body length of field-collected bees,19.5,mm,range,,both,adult,,,,,,,,,,,
HumanObservation,Bombus bimaculatus impatiens,Martins et al 2015,,1.00,Proportion,single observation,,both,adult,,,,,,,,,,,
HumanObservation,Bombus bimaculatus impatiens,Martins et al 2015,,1.00,Proportion,single observation,,both,adult,,,,,,,,,,,
HumanObservation,Bombus bimaculatus impatiens,Park et al 2015,,1,,mode,,both,adult,,,,,,,,,,,
HumanObservation,Bombus bimaculatus impatiens,Park et al 2015,,1,,mode,,both,adult,,,,,,,,,,,
HumanObservation,Bombus bimaculatus impatiens,Floral Handling,,1.00,%,mean,,both,adult,,,,,,,,,,,
HumanObservation,Bombus bimaculatus impatiens,Floral Handling,,1.00,%,mean,,both,adult,,,,,,,,,,,
HumanObservation,Bombus bimaculatus impatiens,Intertegular distances,,3.544,proportion,mean,,both,adult,,,,,,,,,,,
HumanObservation,Bombus bimaculatus impatiens,Intertegular distances,,3.544,proportion,mean,,both,adult,,,,,,,,,,,
HumanObservation,Bombus bimaculatus impatiens,Abundance,15-min standardized net collections in NY apple orchards,25,count,mean,,both,adult,,,,,,,,,,,
PreservedSpecimen,Bombus fervidus impatiens,Pollen Purity,,0.61,%,single observation,,both,adult,,,,,,,,,,,
PreservedSpecimen,Bombus fervidus impatiens,Pollen Purity,,0.61,%,single observation,,both,adult,,,,,,,,,,,
HumanObservation,Bombus fervidus impatiens,Score,,4.08,Relative contribution,Comparison of relative contributions,,both,adult,,,,,,,,,,,
HumanObservation,Bombus fervidus impatiens,Score,,4.08,Relative contribution,Comparison of relative contributions,,both,adult,,,,,,,,,,,
PreservedSpecimen,Bombus fervidus impatiens,Length,Measurement of intertegular distances of field-collected bees,20,mm,mean,,both,adult,,,,,,,,,,,
PreservedSpecimen,Bombus fervidus impatiens,Length (mm),Measurement of intertegular distance or body length of field-collected bees,20,mm,range,,both,adult,,,,,,,,,,,
HumanObservation,Bombus fervidus impatiens,Martins et al 2015,,1.00,Proportion,single observation,,both,adult,,,,,,,,,,,
HumanObservation,Bombus fervidus impatiens,Martins et al 2015,,1.00,Proportion,single observation,,both,adult,,,,,,,,,,,
HumanObservation,Bombus fervidus impatiens,Park et al 2015,,1,,mode,,both,adult,,,,,,,,,,,
HumanObservation,Bombus fervidus impatiens,Park et al 2015,,1,,mode,,both,adult,,,,,,,,,,,
HumanObservation,Bombus fervidus impatiens,Floral Handling,,1.00,%,mean,,both,adult,,,,,,,,,,,
HumanObservation,Bombus fervidus impatiens,Floral Handling,,1.00,%,mean,,both,adult,,,,,,,,,,,
HumanObservation,Bombus fervidus impatiens,Intertegular distances,,5.568,proportion,mean,,both,adult,,,,,,,,,,,
HumanObservation,Bombus fervidus impatiens,Intertegular distances,,5.568,proportion,mean,,both,adult,,,,,,,,,,,
HumanObservation,Bombus fervidus impatiens,Abundance,15-min standardized net collections in NY apple orchards,1,count,mean,,both,adult,,,,,,,,,,,
PreservedSpecimen,Bombus griseocollis impatiens,Pollen Purity,,0.61,%,single observation,,both,adult,,,,,,,,,,,
PreservedSpecimen,Bombus griseocollis impatiens,Pollen Purity,,0.61,%,single observation,,both,adult,,,,,,,,,,,
HumanObservation,Bombus griseocollis impatiens,Score,,4.08,Relative contribution,Comparison of relative contributions,,both,adult,,,,,,,,,,,
HumanObservation,Bombus griseocollis impatiens,Score,,4.08,Relative contribution,Comparison of relative contributions,,both,adult,,,,,,,,,,,
PreservedSpecimen,Bombus griseocollis impatiens,Length,Measurement of intertegular distances of field-collected bees,22,mm,mean,,both,adult,,,,,,,,,,,
PreservedSpecimen,Bombus griseocollis impatiens,Length (mm),Measurement of intertegular distance or body length of field-collected bees,22,mm,range,,both,adult,,,,,,,,,,,
HumanObservation,Bombus griseocollis impatiens,Martins et al 2015,,1.00,Proportion,single observation,,both,adult,,,,,,,,,,,
HumanObservation,Bombus griseocollis impatiens,Martins et al 2015,,1.00,Proportion,single observation,,both,adult,,,,,,,,,,,
HumanObservation,Bombus griseocollis impatiens,Park et al 2015,,1,,mode,,both,adult,,,,,,,,,,,
HumanObservation,Bombus griseocollis impatiens,Park et al 2015,,1,,mode,,both,adult,,,,,,,,,,,
HumanObservation,Bombus griseocollis impatiens,Floral Handling,,1.00,%,mean,,both,adult,,,,,,,,,,,
HumanObservation,Bombus griseocollis impatiens,Floral Handling,,1.00,%,mean,,both,adult,,,,,,,,,,,
HumanObservation,Bombus griseocollis impatiens,Intertegular distances,,4.312,proportion,mean,,both,adult,,,,,,,,,,,
HumanObservation,Bombus griseocollis impatiens,Intertegular distances,,4.312,proportion,mean,,both,adult,,,,,,,,,,,
HumanObservation,Bombus griseocollis impatiens,Abundance,15-min standardized net collections in NY apple orchards,15,count,mean,,both,adult,,,,,,,,,,,
PreservedSpecimen,Bombus perplexus impatiens,Pollen Purity,,0.61,%,single observation,,both,adult,,,,,,,,,,,
PreservedSpecimen,Bombus perplexus impatiens,Pollen Purity,,0.61,%,single observation,,both,adult,,,,,,,,,,,
HumanObservation,Bombus perplexus impatiens,Score,,4.08,Relative contribution,Comparison of relative contributions,,both,adult,,,,,,,,,,,
HumanObservation,Bombus perplexus impatiens,Score,,4.08,Relative contribution,Comparison of relative contributions,,both,adult,,,,,,,,,,,
PreservedSpecimen,Bombus perplexus impatiens,Length,Measurement of intertegular distances of field-collected bees,19,mm,mean,,both,adult,,,,,,,,,,,
PreservedSpecimen,Bombus perplexus impatiens,Length (mm),Measurement of intertegular distance or body length of field-collected bees,19,mm,range,,both,adult,,,,,,,,,,,
HumanObservation,Bombus perplexus impatiens,Martins et al 2015,,1.00,Proportion,single observation,,both,adult,,,,,,,,,,,
HumanObservation,Bombus perplexus impatiens,Martins et al 2015,,1.00,Proportion,single observation,,both,adult,,,,,,,,,,,
HumanObservation,Bombus perplexus impatiens,Park et al 2015,,1,,mode,,both,adult,,,,,,,,,,,
HumanObservation,Bombus perplexus impatiens,Park et al 2015,,1,,mode,,both,adult,,,,,,,,,,,
HumanObservation,Bombus perplexus impatiens,Floral Handling,,1.00,%,mean,,both,adult,,,,,,,,,,,
HumanObservation,Bombus perplexus impatiens,Floral Handling,,1.00,%,mean,,both,adult,,,,,,,,,,,
HumanObservation,Bombus perplexus impatiens,Intertegular distances,,5.8,proportion,mean,,both,adult,,,,,,,,,,,
HumanObservation,Bombus perplexus impatiens,Intertegular distances,,5.8,proportion,mean,,both,adult,,,,,,,,,,,
HumanObservation,Bombus perplexus impatiens,Abundance,15-min standardized net collections in NY apple orchards,14,count,mean,,both,adult,,,,,,,,,,,
PreservedSpecimen,Bombus ternarius impatiens,Pollen Purity,,0.61,%,single observation,,both,adult,,,,,,,,,,,
PreservedSpecimen,Bombus ternarius impatiens,Pollen Purity,,0.61,%,single observation,,both,adult,,,,,,,,,,,
HumanObservation,Bombus ternarius impatiens,Score,,4.08,Relative contribution,Comparison of relative contributions,,both,adult,,,,,,,,,,,
HumanObservation,Bombus ternarius impatiens,Score,,4.08,Relative contribution,Comparison of relative contributions,,both,adult,,,,,,,,,,,
PreservedSpecimen,Bombus ternarius impatiens,Length,Measurement of intertegular distances of field-collected bees,18,mm,mean,,both,adult,,,,,,,,,,,
PreservedSpecimen,Bombus ternarius impatiens,Length (mm),Measurement of intertegular distance or body length of field-collected bees,18,mm,range,,both,adult,,,,,,,,,,,
HumanObservation,Bombus ternarius impatiens,Martins et al 2015,,1.00,Proportion,single observation,,both,adult,,,,,,,,,,,
HumanObservation,Bombus ternarius impatiens,Martins et al 2015,,1.00,Proportion,single observation,,both,adult,,,,,,,,,,,
HumanObservation,Bombus ternarius impatiens,Park et al 2015,,1,,mode,,both,adult,,,,,,,,,,,
HumanObservation,Bombus ternarius impatiens,Park et al 2015,,1,,mode,,both,adult,,,,,,,,,,,
HumanObservation,Bombus ternarius impatiens,Floral Handling,,1.00,%,mean,,both,adult,,,,,,,,,,,
HumanObservation,Bombus ternarius impatiens,Floral Handling,,1.00,%,mean,,both,adult,,,,,,,,,,,
HumanObservation,Bombus ternarius impatiens,Intertegular distances,,4.804,proportion,mean,,both,adult,,,,,,,,,,,
HumanObservation,Bombus ternarius impatiens,Intertegular distances,,4.804,proportion,mean,,both,adult,,,,,,,,,,,
HumanObservation,Bombus ternarius impatiens,Abundance,15-min standardized net collections in NY apple orchards,4,count,mean,,both,adult,,,,,,,,,,,
PreservedSpecimen,Bombus terricola impatiens,Pollen Purity,,0.61,%,single observation,,both,adult,,,,,,,,,,,
PreservedSpecimen,Bombus terricola impatiens,Pollen Purity,,0.61,%,single observation,,both,adult,,,,,,,,,,,
HumanObservation,Bombus terricola impatiens,Score,,4.08,Relative contribution,Comparison of relative contributions,,both,adult,,,,,,,,,,,
HumanObservation,Bombus terricola impatiens,Score,,4.08,Relative contribution,Comparison of relative contributions,,both,adult,,,,,,,,,,,
PreservedSpecimen,Bombus terricola impatiens,Length,Measurement of intertegular distances of field-collected bees,18,mm,mean,,both,adult,,,,,,,,,,,
PreservedSpecimen,Bombus terricola impatiens,Length (mm),Measurement of intertegular distance or body length of field-collected bees,18,mm,range,,both,adult,,,,,,,,,,,
HumanObservation,Bombus terricola impatiens,Martins et al 2015,,1.00,Proportion,single observation,,both,adult,,,,,,,,,,,
HumanObservation,Bombus terricola impatiens,Martins et al 2015,,1.00,Proportion,single observation,,both,adult,,,,,,,,,,,
HumanObservation,Bombus terricola impatiens,Park et al 2015,,1,,mode,,both,adult,,,,,,,,,,,
HumanObservation,Bombus terricola impatiens,Park et al 2015,,1,,mode,,both,adult,,,,,,,,,,,
HumanObservation,Bombus terricola impatiens,Floral Handling,,1.00,%,mean,,both,adult,,,,,,,,,,,
HumanObservation,Bombus terricola impatiens,Floral Handling,,1.00,%,mean,,both,adult,,,,,,,,,,,
HumanObservation,Bombus terricola impatiens,Intertegular distances,,5.978,proportion,mean,,both,adult,,,,,,,,,,,
HumanObservation,Bombus terricola impatiens,Intertegular distances,,5.978,proportion,mean,,both,adult,,,,,,,,,,,
HumanObservation,Bombus terricola impatiens,Abundance,15-min standardized net collections in NY apple orchards,1,count,mean,,both,adult,,,,,,,,,,,
PreservedSpecimen,Ceratina calcarata na,Pollen Purity,,na,%,single observation,,both,adult,,,,,,,,,,,
PreservedSpecimen,Ceratina calcarata na,Pollen Purity,,na,%,single observation,,both,adult,,,,,,,,,,,
HumanObservation,Ceratina calcarata na,Score,,na,Relative contribution,Comparison of relative contributions,,both,adult,,,,,,,,,,,
HumanObservation,Ceratina calcarata na,Score,,na,Relative contribution,Comparison of relative contributions,,both,adult,,,,,,,,,,,
PreservedSpecimen,Ceratina calcarata na,Length,Measurement of intertegular distances of field-collected bees,na,mm,mean,,both,adult,,,,,,,,,,,
PreservedSpecimen,Ceratina calcarata na,Length (mm),Measurement of intertegular distance or body length of field-collected bees,na,mm,range,,both,adult,,,,,,,,,,,
HumanObservation,Ceratina calcarata na,Martins et al 2015,,0.95,Proportion,single observation,,both,adult,,,,,,,,,,,
HumanObservation,Ceratina calcarata na,Martins et al 2015,,0.95,Proportion,single observation,,both,adult,,,,,,,,,,,
HumanObservation,Ceratina calcarata na,Park et al 2015,,na,,mode,,both,adult,,,,,,,,,,,
HumanObservation,Ceratina calcarata na,Park et al 2015,,na,,mode,,both,adult,,,,,,,,,,,
HumanObservation,Ceratina calcarata na,Floral Handling,,0.95,%,mean,,both,adult,,,,,,,,,,,
HumanObservation,Ceratina calcarata na,Floral Handling,,0.95,%,mean,,both,adult,,,,,,,,,,,
HumanObservation,Ceratina calcarata na,Intertegular distances,,1.4,proportion,mean,,both,adult,,,,,,,,,,,
HumanObservation,Ceratina calcarata na,Intertegular distances,,1.4,proportion,mean,,both,adult,,,,,,,,,,,
HumanObservation,Ceratina calcarata na,Abundance,15-min standardized net collections in NY apple orchards,15,count,mean,,both,adult,,,,,,,,,,,
PreservedSpecimen,Ceratina calcarata na,Pollen Purity,,na,%,single observation,,both,adult,,,,,,,,,,,
PreservedSpecimen,Ceratina calcarata na,Pollen Purity,,na,%,single observation,,both,adult,,,,,,,,,,,
HumanObservation,Ceratina calcarata na,Score,,na,Relative contribution,Comparison of relative contributions,,both,adult,,,,,,,,,,,
HumanObservation,Ceratina calcarata na,Score,,na,Relative contribution,Comparison of relative contributions,,both,adult,,,,,,,,,,,
PreservedSpecimen,Ceratina calcarata na,Length,Measurement of intertegular distances of field-collected bees,na,mm,mean,,both,adult,,,,,,,,,,,
PreservedSpecimen,Ceratina calcarata na,Length (mm),Measurement of intertegular distance or body length of field-collected bees,na,mm,range,,both,adult,,,,,,,,,,,
HumanObservation,Ceratina calcarata na,Martins et al 2015,,0.95,Proportion,single observation,,both,adult,,,,,,,,,,,
HumanObservation,Ceratina calcarata na,Martins et al 2015,,0.95,Proportion,single observation,,both,adult,,,,,,,,,,,
HumanObservation,Ceratina calcarata na,Park et al 2015,,na,,mode,,both,adult,,,,,,,,,,,
HumanObservation,Ceratina calcarata na,Park et al 2015,,na,,mode,,both,adult,,,,,,,,,,,
HumanObservation,Ceratina calcarata na,Floral Handling,,0.95,%,mean,,both,adult,,,,,,,,,,,
HumanObservation,Ceratina calcarata na,Floral Handling,,0.95,%,mean,,both,adult,,,,,,,,,,,
HumanObservation,Ceratina calcarata na,Intertegular distances,,1.26931,proportion,mean,,both,adult,,,,,,,,,,,
HumanObservation,Ceratina calcarata na,Intertegular distances,,1.26931,proportion,mean,,both,adult,,,,,,,,,,,
HumanObservation,Ceratina calcarata na,Abundance,15-min standardized net collections in NY apple orchards,31,count,mean,,both,adult,,,,,,,,,,,
PreservedSpecimen,Ceratina dupla na,Pollen Purity,,na,%,single observation,,both,adult,,,,,,,,,,,
PreservedSpecimen,Ceratina dupla na,Pollen Purity,,na,%,single observation,,both,adult,,,,,,,,,,,
HumanObservation,Ceratina dupla na,Score,,na,Relative contribution,Comparison of relative contributions,,both,adult,,,,,,,,,,,
HumanObservation,Ceratina dupla na,Score,,na,Relative contribution,Comparison of relative contributions,,both,adult,,,,,,,,,,,
PreservedSpecimen,Ceratina dupla na,Length,Measurement of intertegular distances of field-collected bees,na,mm,mean,,both,adult,,,,,,,,,,,
PreservedSpecimen,Ceratina dupla na,Length (mm),Measurement of intertegular distance or body length of field-collected bees,na,mm,range,,both,adult,,,,,,,,,,,
HumanObservation,Ceratina dupla na,Martins et al 2015,,0.95,Proportion,single observation,,both,adult,,,,,,,,,,,
HumanObservation,Ceratina dupla na,Martins et al 2015,,0.95,Proportion,single observation,,both,adult,,,,,,,,,,,
HumanObservation,Ceratina dupla na,Park et al 2015,,na,,mode,,both,adult,,,,,,,,,,,
HumanObservation,Ceratina dupla na,Park et al 2015,,na,,mode,,both,adult,,,,,,,,,,,
HumanObservation,Ceratina dupla na,Floral Handling,,0.95,%,mean,,both,adult,,,,,,,,,,,
HumanObservation,Ceratina dupla na,Floral Handling,,0.95,%,mean,,both,adult,,,,,,,,,,,
HumanObservation,Ceratina dupla na,Intertegular distances,,1.4,proportion,mean,,both,adult,,,,,,,,,,,
HumanObservation,Ceratina dupla na,Intertegular distances,,1.4,proportion,mean,,both,adult,,,,,,,,,,,
HumanObservation,Ceratina dupla na,Abundance,15-min standardized net collections in NY apple orchards,1,count,mean,,both,adult,,,,,,,,,,,
PreservedSpecimen,Halictus confusus rubicundus,Pollen Purity,,0.65,%,single observation,,both,adult,,,,,,,,,,,
PreservedSpecimen,Halictus confusus rubicundus,Pollen Purity,,0.65,%,single observation,,both,adult,,,,,,,,,,,
HumanObservation,Halictus confusus rubicundus,Score,,6.23,Relative contribution,Comparison of relative contributions,,both,adult,,,,,,,,,,,
HumanObservation,Halictus confusus rubicundus,Score,,6.23,Relative contribution,Comparison of relative contributions,,both,adult,,,,,,,,,,,
PreservedSpecimen,Halictus confusus rubicundus,Length,Measurement of intertegular distances of field-collected bees,7,mm,mean,,both,adult,,,,,,,,,,,
PreservedSpecimen,Halictus confusus rubicundus,Length (mm),Measurement of intertegular distance or body length of field-collected bees,7,mm,range,,both,adult,,,,,,,,,,,
HumanObservation,Halictus confusus rubicundus,Martins et al 2015,,0.95,Proportion,single observation,,both,adult,,,,,,,,,,,
HumanObservation,Halictus confusus rubicundus,Martins et al 2015,,0.95,Proportion,single observation,,both,adult,,,,,,,,,,,
HumanObservation,Halictus confusus rubicundus,Park et al 2015,,na,,mode,,both,adult,,,,,,,,,,,
HumanObservation,Halictus confusus rubicundus,Park et al 2015,,na,,mode,,both,adult,,,,,,,,,,,
HumanObservation,Halictus confusus rubicundus,Floral Handling,,0.95,%,mean,,both,adult,,,,,,,,,,,
HumanObservation,Halictus confusus rubicundus,Floral Handling,,0.95,%,mean,,both,adult,,,,,,,,,,,
HumanObservation,Halictus confusus rubicundus,Intertegular distances,,1.883,proportion,mean,,both,adult,,,,,,,,,,,
HumanObservation,Halictus confusus rubicundus,Intertegular distances,,1.883,proportion,mean,,both,adult,,,,,,,,,,,
HumanObservation,Halictus confusus rubicundus,Abundance,15-min standardized net collections in NY apple orchards,16,count,mean,,both,adult,,,,,,,,,,,
PreservedSpecimen,Lasioglossum abanci hitchensi,Pollen Purity,,0.28,%,single observation,,both,adult,,,,,,,,,,,
PreservedSpecimen,Lasioglossum abanci hitchensi,Pollen Purity,,0.28,%,single observation,,both,adult,,,,,,,,,,,
HumanObservation,Lasioglossum abanci hitchensi,Score,,1.63,Relative contribution,Comparison of relative contributions,,both,adult,,,,,,,,,,,
HumanObservation,Lasioglossum abanci hitchensi,Score,,1.63,Relative contribution,Comparison of relative contributions,,both,adult,,,,,,,,,,,
PreservedSpecimen,Lasioglossum abanci hitchensi,Length,Measurement of intertegular distances of field-collected bees,6,mm,mean,,both,adult,,,,,,,,,,,
PreservedSpecimen,Lasioglossum abanci hitchensi,Length (mm),Measurement of intertegular distance or body length of field-collected bees,6,mm,range,,both,adult,,,,,,,,,,,
HumanObservation,Lasioglossum abanci hitchensi,Martins et al 2015,,0.95,Proportion,single observation,,both,adult,,,,,,,,,,,
HumanObservation,Lasioglossum abanci hitchensi,Martins et al 2015,,0.95,Proportion,single observation,,both,adult,,,,,,,,,,,
HumanObservation,Lasioglossum abanci hitchensi,Park et al 2015,,na,,mode,,both,adult,,,,,,,,,,,
HumanObservation,Lasioglossum abanci hitchensi,Park et al 2015,,na,,mode,,both,adult,,,,,,,,,,,
HumanObservation,Lasioglossum abanci hitchensi,Floral Handling,,0.95,%,mean,,both,adult,,,,,,,,,,,
HumanObservation,Lasioglossum abanci hitchensi,Floral Handling,,0.95,%,mean,,both,adult,,,,,,,,,,,
HumanObservation,Lasioglossum abanci hitchensi,Intertegular distances,,1.092,proportion,mean,,both,adult,,,,,,,,,,,
HumanObservation,Lasioglossum abanci hitchensi,Intertegular distances,,1.092,proportion,mean,,both,adult,,,,,,,,,,,
HumanObservation,Lasioglossum abanci hitchensi,Abundance,15-min standardized net collections in NY apple orchards,2,count,mean,,both,adult,,,,,,,,,,,
PreservedSpecimen,Lasioglossum cinctipes hitchensi,Pollen Purity,,0.28,%,single observation,,both,adult,,,,,,,,,,,
PreservedSpecimen,Lasioglossum cinctipes hitchensi,Pollen Purity,,0.28,%,single observation,,both,adult,,,,,,,,,,,
HumanObservation,Lasioglossum cinctipes hitchensi,Score,,1.63,Relative contribution,Comparison of relative contributions,,both,adult,,,,,,,,,,,
HumanObservation,Lasioglossum cinctipes hitchensi,Score,,1.63,Relative contribution,Comparison of relative contributions,,both,adult,,,,,,,,,,,
PreservedSpecimen,Lasioglossum cinctipes hitchensi,Length,Measurement of intertegular distances of field-collected bees,8,mm,mean,,both,adult,,,,,,,,,,,
PreservedSpecimen,Lasioglossum cinctipes hitchensi,Length (mm),Measurement of intertegular distance or body length of field-collected bees,8,mm,range,,both,adult,,,,,,,,,,,
HumanObservation,Lasioglossum cinctipes hitchensi,Martins et al 2015,,0.95,Proportion,single observation,,both,adult,,,,,,,,,,,
HumanObservation,Lasioglossum cinctipes hitchensi,Martins et al 2015,,0.95,Proportion,single observation,,both,adult,,,,,,,,,,,
HumanObservation,Lasioglossum cinctipes hitchensi,Park et al 2015,,na,,mode,,both,adult,,,,,,,,,,,
HumanObservation,Lasioglossum cinctipes hitchensi,Park et al 2015,,na,,mode,,both,adult,,,,,,,,,,,
HumanObservation,Lasioglossum cinctipes hitchensi,Floral Handling,,0.95,%,mean,,both,adult,,,,,,,,,,,
HumanObservation,Lasioglossum cinctipes hitchensi,Floral Handling,,0.95,%,mean,,both,adult,,,,,,,,,,,
HumanObservation,Lasioglossum cinctipes hitchensi,Intertegular distances,,2,proportion,mean,,both,adult,,,,,,,,,,,
HumanObservation,Lasioglossum cinctipes hitchensi,Intertegular distances,,2,proportion,mean,,both,adult,,,,,,,,,,,
HumanObservation,Lasioglossum cinctipes hitchensi,Abundance,15-min standardized net collections in NY apple orchards,15,count,mean,,both,adult,,,,,,,,,,,
PreservedSpecimen,Lasioglossumcoeruleum Lasioglossumhitchensi,Pollen Purity,,0.28,%,single observation,,both,adult,,,,,,,,,,,
PreservedSpecimen,Lasioglossumcoeruleum Lasioglossumhitchensi,Pollen Purity,,0.28,%,single observation,,both,adult,,,,,,,,,,,
HumanObservation,Lasioglossumcoeruleum Lasioglossumhitchensi,Score,,1.63,Relative contribution,Comparison of relative contributions,,both,adult,,,,,,,,,,,
HumanObservation,Lasioglossumcoeruleum Lasioglossumhitchensi,Score,,1.63,Relative contribution,Comparison of relative contributions,,both,adult,,,,,,,,,,,
PreservedSpecimen,Lasioglossumcoeruleum Lasioglossumhitchensi,Length,Measurement of intertegular distances of field-collected bees,7,mm,mean,,both,adult,,,,,,,,,,,
PreservedSpecimen,Lasioglossumcoeruleum Lasioglossumhitchensi,Length (mm),Measurement of intertegular distance or body length of field-collected bees,7,mm,range,,both,adult,,,,,,,,,,,
HumanObservation,Lasioglossumcoeruleum Lasioglossumhitchensi,Martins et al 2015,,0.95,Proportion,single observation,,both,adult,,,,,,,,,,,
HumanObservation,Lasioglossumcoeruleum Lasioglossumhitchensi,Martins et al 2015,,0.95,Proportion,single observation,,both,adult,,,,,,,,,,,
HumanObservation,Lasioglossumcoeruleum Lasioglossumhitchensi,Park et al 2015,,na,,mode,,both,adult,,,,,,,,,,,
HumanObservation,Lasioglossumcoeruleum Lasioglossumhitchensi,Park et al 2015,,na,,mode,,both,adult,,,,,,,,,,,
HumanObservation,Lasioglossumcoeruleum Lasioglossumhitchensi,Floral Handling,,0.95,%,mean,,both,adult,,,,,,,,,,,
HumanObservation,Lasioglossumcoeruleum Lasioglossumhitchensi,Floral Handling,,0.95,%,mean,,both,adult,,,,,,,,,,,
HumanObservation,Lasioglossumcoeruleum Lasioglossumhitchensi,Intertegular distances,,1.288,proportion,mean,,both,adult,,,,,,,,,,,
HumanObservation,Lasioglossumcoeruleum Lasioglossumhitchensi,Intertegular distances,,1.288,proportion,mean,,both,adult,,,,,,,,,,,
HumanObservation,Lasioglossumcoeruleum Lasioglossumhitchensi,Abundance,15-min standardized net collections in NY apple orchards,5,count,mean,,both,adult,,,,,,,,,,,
PreservedSpecimen,Lasioglossumcoriaceum Lasioglossumhitchensi,Pollen Purity,,0.28,%,single observation,,both,adult,,,,,,,,,,,
PreservedSpecimen,Lasioglossumcoriaceum Lasioglossumhitchensi,Pollen Purity,,0.28,%,single observation,,both,adult,,,,,,,,,,,
HumanObservation,Lasioglossumcoriaceum Lasioglossumhitchensi,Score,,1.63,Relative contribution,Comparison of relative contributions,,both,adult,,,,,,,,,,,
HumanObservation,Lasioglossumcoriaceum Lasioglossumhitchensi,Score,,1.63,Relative contribution,Comparison of relative contributions,,both,adult,,,,,,,,,,,
PreservedSpecimen,Lasioglossumcoriaceum Lasioglossumhitchensi,Length,Measurement of intertegular distances of field-collected bees,9,mm,mean,,both,adult,,,,,,,,,,,
PreservedSpecimen,Lasioglossumcoriaceum Lasioglossumhitchensi,Length (mm),Measurement of intertegular distance or body length of field-collected bees,9,mm,range,,both,adult,,,,,,,,,,,
HumanObservation,Lasioglossumcoriaceum Lasioglossumhitchensi,Martins et al 2015,,0.95,Proportion,single observation,,both,adult,,,,,,,,,,,
HumanObservation,Lasioglossumcoriaceum Lasioglossumhitchensi,Martins et al 2015,,0.95,Proportion,single observation,,both,adult,,,,,,,,,,,
HumanObservation,Lasioglossumcoriaceum Lasioglossumhitchensi,Park et al 2015,,na,,mode,,both,adult,,,,,,,,,,,
HumanObservation,Lasioglossumcoriaceum Lasioglossumhitchensi,Park et al 2015,,na,,mode,,both,adult,,,,,,,,,,,
HumanObservation,Lasioglossumcoriaceum Lasioglossumhitchensi,Floral Handling,,0.95,%,mean,,both,adult,,,,,,,,,,,
HumanObservation,Lasioglossumcoriaceum Lasioglossumhitchensi,Floral Handling,,0.95,%,mean,,both,adult,,,,,,,,,,,
HumanObservation,Lasioglossumcoriaceum Lasioglossumhitchensi,Intertegular distances,,2.708,proportion,mean,,both,adult,,,,,,,,,,,
HumanObservation,Lasioglossumcoriaceum Lasioglossumhitchensi,Intertegular distances,,2.708,proportion,mean,,both,adult,,,,,,,,,,,
HumanObservation,Lasioglossumcoriaceum Lasioglossumhitchensi,Abundance,15-min standardized net collections in NY apple orchards,2,count,mean,,both,adult,,,,,,,,,,,
PreservedSpecimen,Lasioglossumcressonii Lasioglossumhitchensi,Pollen Purity,,0.28,%,single observation,,both,adult,,,,,,,,,,,
PreservedSpecimen,Lasioglossumcressonii Lasioglossumhitchensi,Pollen Purity,,0.28,%,single observation,,both,adult,,,,,,,,,,,
HumanObservation,Lasioglossumcressonii Lasioglossumhitchensi,Score,,1.63,Relative contribution,Comparison of relative contributions,,both,adult,,,,,,,,,,,
HumanObservation,Lasioglossumcressonii Lasioglossumhitchensi,Score,,1.63,Relative contribution,Comparison of relative contributions,,both,adult,,,,,,,,,,,
PreservedSpecimen,Lasioglossumcressonii Lasioglossumhitchensi,Length,Measurement of intertegular distances of field-collected bees,6.5,mm,mean,,both,adult,,,,,,,,,,,
PreservedSpecimen,Lasioglossumcressonii Lasioglossumhitchensi,Length (mm),Measurement of intertegular distance or body length of field-collected bees,6.5,mm,range,,both,adult,,,,,,,,,,,
HumanObservation,Lasioglossumcressonii Lasioglossumhitchensi,Martins et al 2015,,0.95,Proportion,single observation,,both,adult,,,,,,,,,,,
HumanObservation,Lasioglossumcressonii Lasioglossumhitchensi,Martins et al 2015,,0.95,Proportion,single observation,,both,adult,,,,,,,,,,,
HumanObservation,Lasioglossumcressonii Lasioglossumhitchensi,Park et al 2015,,na,,mode,,both,adult,,,,,,,,,,,
HumanObservation,Lasioglossumcressonii Lasioglossumhitchensi,Park et al 2015,,na,,mode,,both,adult,,,,,,,,,,,
HumanObservation,Lasioglossumcressonii Lasioglossumhitchensi,Floral Handling,,0.95,%,mean,,both,adult,,,,,,,,,,,
HumanObservation,Lasioglossumcressonii Lasioglossumhitchensi,Floral Handling,,0.95,%,mean,,both,adult,,,,,,,,,,,
HumanObservation,Lasioglossumcressonii Lasioglossumhitchensi,Intertegular distances,,1.623,proportion,mean,,both,adult,,,,,,,,,,,
HumanObservation,Lasioglossumcressonii Lasioglossumhitchensi,Intertegular distances,,1.623,proportion,mean,,both,adult,,,,,,,,,,,
HumanObservation,Lasioglossumcressonii Lasioglossumhitchensi,Abundance,15-min standardized net collections in NY apple orchards,8,count,mean,,both,adult,,,,,,,,,,,
PreservedSpecimen,Lasioglossumephialtum Lasioglossumhitchensi,Pollen Purity,,0.28,%,single observation,,both,adult,,,,,,,,,,,
PreservedSpecimen,Lasioglossumephialtum Lasioglossumhitchensi,Pollen Purity,,0.28,%,single observation,,both,adult,,,,,,,,,,,
HumanObservation,Lasioglossumephialtum Lasioglossumhitchensi,Score,,1.63,Relative contribution,Comparison of relative contributions,,both,adult,,,,,,,,,,,
HumanObservation,Lasioglossumephialtum Lasioglossumhitchensi,Score,,1.63,Relative contribution,Comparison of relative contributions,,both,adult,,,,,,,,,,,
PreservedSpecimen,Lasioglossumephialtum Lasioglossumhitchensi,Length,Measurement of intertegular distances of field-collected bees,5.5,mm,mean,,both,adult,,,,,,,,,,,
PreservedSpecimen,Lasioglossumephialtum Lasioglossumhitchensi,Length (mm),Measurement of intertegular distance or body length of field-collected bees,5.5,mm,range,,both,adult,,,,,,,,,,,
HumanObservation,Lasioglossumephialtum Lasioglossumhitchensi,Martins et al 2015,,0.95,Proportion,single observation,,both,adult,,,,,,,,,,,
HumanObservation,Lasioglossumephialtum Lasioglossumhitchensi,Martins et al 2015,,0.95,Proportion,single observation,,both,adult,,,,,,,,,,,
HumanObservation,Lasioglossumephialtum Lasioglossumhitchensi,Park et al 2015,,na,,mode,,both,adult,,,,,,,,,,,
HumanObservation,Lasioglossumephialtum Lasioglossumhitchensi,Park et al 2015,,na,,mode,,both,adult,,,,,,,,,,,
HumanObservation,Lasioglossumephialtum Lasioglossumhitchensi,Floral Handling,,0.95,%,mean,,both,adult,,,,,,,,,,,
HumanObservation,Lasioglossumephialtum Lasioglossumhitchensi,Floral Handling,,0.95,%,mean,,both,adult,,,,,,,,,,,
HumanObservation,Lasioglossumephialtum Lasioglossumhitchensi,Intertegular distances,,1.22,proportion,mean,,both,adult,,,,,,,,,,,
HumanObservation,Lasioglossumephialtum Lasioglossumhitchensi,Intertegular distances,,1.22,proportion,mean,,both,adult,,,,,,,,,,,
HumanObservation,Lasioglossumephialtum Lasioglossumhitchensi,Abundance,15-min standardized net collections in NY apple orchards,1,count,mean,,both,adult,,,,,,,,,,,
PreservedSpecimen,Lasioglossum foxii Lasioglossumhitchensi,Pollen Purity,,0.28,%,single observation,,both,adult,,,,,,,,,,,
PreservedSpecimen,Lasioglossum foxii Lasioglossumhitchensi,Pollen Purity,,0.28,%,single observation,,both,adult,,,,,,,,,,,
HumanObservation,Lasioglossum foxii Lasioglossumhitchensi,Score,,1.63,Relative contribution,Comparison of relative contributions,,both,adult,,,,,,,,,,,
HumanObservation,Lasioglossum foxii Lasioglossumhitchensi,Score,,1.63,Relative contribution,Comparison of relative contributions,,both,adult,,,,,,,,,,,
PreservedSpecimen,Lasioglossum foxii Lasioglossumhitchensi,Length,Measurement of intertegular distances of field-collected bees,6.5,mm,mean,,both,adult,,,,,,,,,,,
PreservedSpecimen,Lasioglossum foxii Lasioglossumhitchensi,Length (mm),Measurement of intertegular distance or body length of field-collected bees,6.5,mm,range,,both,adult,,,,,,,,,,,
HumanObservation,Lasioglossum foxii Lasioglossumhitchensi,Martins et al 2015,,0.95,Proportion,single observation,,both,adult,,,,,,,,,,,
HumanObservation,Lasioglossum foxii Lasioglossumhitchensi,Martins et al 2015,,0.95,Proportion,single observation,,both,adult,,,,,,,,,,,
HumanObservation,Lasioglossum foxii Lasioglossumhitchensi,Park et al 2015,,na,,mode,,both,adult,,,,,,,,,,,
HumanObservation,Lasioglossum foxii Lasioglossumhitchensi,Park et al 2015,,na,,mode,,both,adult,,,,,,,,,,,
HumanObservation,Lasioglossum foxii Lasioglossumhitchensi,Floral Handling,,0.95,%,mean,,both,adult,,,,,,,,,,,
HumanObservation,Lasioglossum foxii Lasioglossumhitchensi,Floral Handling,,0.95,%,mean,,both,adult,,,,,,,,,,,
HumanObservation,Lasioglossum foxii Lasioglossumhitchensi,Intertegular distances,,1.2,proportion,mean,,both,adult,,,,,,,,,,,
HumanObservation,Lasioglossum foxii Lasioglossumhitchensi,Intertegular distances,,1.2,proportion,mean,,both,adult,,,,,,,,,,,
HumanObservation,Lasioglossum foxii Lasioglossumhitchensi,Abundance,15-min standardized net collections in NY apple orchards,20,count,mean,,both,adult,,,,,,,,,,,
PreservedSpecimen,Lasioglossumheterognathum Lasioglossumhitchensi,Pollen Purity,,0.28,%,single observation,,both,adult,,,,,,,,,,,
PreservedSpecimen,Lasioglossumheterognathum Lasioglossumhitchensi,Pollen Purity,,0.28,%,single observation,,both,adult,,,,,,,,,,,
HumanObservation,Lasioglossumheterognathum Lasioglossumhitchensi,Score,,1.63,Relative contribution,Comparison of relative contributions,,both,adult,,,,,,,,,,,
HumanObservation,Lasioglossumheterognathum Lasioglossumhitchensi,Score,,1.63,Relative contribution,Comparison of relative contributions,,both,adult,,,,,,,,,,,
PreservedSpecimen,Lasioglossumheterognathum Lasioglossumhitchensi,Length,Measurement of intertegular distances of field-collected bees,4,mm,mean,,both,adult,,,,,,,,,,,
PreservedSpecimen,Lasioglossumheterognathum Lasioglossumhitchensi,Length (mm),Measurement of intertegular distance or body length of field-collected bees,4,mm,range,,both,adult,,,,,,,,,,,
HumanObservation,Lasioglossumheterognathum Lasioglossumhitchensi,Martins et al 2015,,0.95,Proportion,single observation,,both,adult,,,,,,,,,,,
HumanObservation,Lasioglossumheterognathum Lasioglossumhitchensi,Martins et al 2015,,0.95,Proportion,single observation,,both,adult,,,,,,,,,,,
HumanObservation,Lasioglossumheterognathum Lasioglossumhitchensi,Park et al 2015,,na,,mode,,both,adult,,,,,,,,,,,
HumanObservation,Lasioglossumheterognathum Lasioglossumhitchensi,Park et al 2015,,na,,mode,,both,adult,,,,,,,,,,,
HumanObservation,Lasioglossumheterognathum Lasioglossumhitchensi,Floral Handling,,0.95,%,mean,,both,adult,,,,,,,,,,,
HumanObservation,Lasioglossumheterognathum Lasioglossumhitchensi,Floral Handling,,0.95,%,mean,,both,adult,,,,,,,,,,,
HumanObservation,Lasioglossumheterognathum Lasioglossumhitchensi,Intertegular distances,,0.96,proportion,mean,,both,adult,,,,,,,,,,,
HumanObservation,Lasioglossumheterognathum Lasioglossumhitchensi,Intertegular distances,,0.96,proportion,mean,,both,adult,,,,,,,,,,,
HumanObservation,Lasioglossumheterognathum Lasioglossumhitchensi,Abundance,15-min standardized net collections in NY apple orchards,1,count,mean,,both,adult,,,,,,,,,,,
PreservedSpecimen,Lasioglossumhitchensi,Pollen Purity,,0.28,%,single observation,,both,adult,,,,,,,,,,,
PreservedSpecimen,Lasioglossumhitchensi,Pollen Purity,,0.28,%,single observation,,both,adult,,,,,,,,,,,
HumanObservation,Lasioglossumhitchensi,Score,,1.63,Relative contribution,Comparison of relative contributions,,both,adult,,,,,,,,,,,
HumanObservation,Lasioglossumhitchensi,Score,,1.63,Relative contribution,Comparison of relative contributions,,both,adult,,,,,,,,,,,
PreservedSpecimen,Lasioglossumhitchensi,Length,Measurement of intertegular distances of field-collected bees,5.185,mm,mean,,both,adult,,,,,,,,,,,
PreservedSpecimen,Lasioglossumhitchensi,Length (mm),Measurement of intertegular distance or body length of field-collected bees,5.185,mm,range,,both,adult,,,,,,,,,,,
HumanObservation,Lasioglossumhitchensi,Martins et al 2015,,0.95,Proportion,single observation,,both,adult,,,,,,,,,,,
HumanObservation,Lasioglossumhitchensi,Martins et al 2015,,0.95,Proportion,single observation,,both,adult,,,,,,,,,,,
HumanObservation,Lasioglossumhitchensi,Park et al 2015,,na,,mode,,both,adult,,,,,,,,,,,
HumanObservation,Lasioglossumhitchensi,Park et al 2015,,na,,mode,,both,adult,,,,,,,,,,,
HumanObservation,Lasioglossumhitchensi,Floral Handling,,0.95,%,mean,,both,adult,,,,,,,,,,,
HumanObservation,Lasioglossumhitchensi,Floral Handling,,0.95,%,mean,,both,adult,,,,,,,,,,,
HumanObservation,Lasioglossumhitchensi,Intertegular distances,,1.1,proportion,mean,,both,adult,,,,,,,,,,,
HumanObservation,Lasioglossumhitchensi,Intertegular distances,,1.1,proportion,mean,,both,adult,,,,,,,,,,,
HumanObservation,Lasioglossumhitchensi,Abundance,15-min standardized net collections in NY apple orchards,55,count,mean,,both,adult,,,,,,,,,,,
PreservedSpecimen,Species FunctionalGroup,Pollen Purity,,PollenPurity,%,single observation,,both,adult,,,,,,,,,,,
PreservedSpecimen,Species FunctionalGroup,Pollen Purity,,PollenPurity,%,single observation,,both,adult,,,,,,,,,,,
HumanObservation,Species FunctionalGroup,Score,,Score,Relative contribution,Comparison of relative contributions,,both,adult,,,,,,,,,,,
HumanObservation,Species FunctionalGroup,Score,,Score,Relative contribution,Comparison of relative contributions,,both,adult,,,,,,,,,,,
PreservedSpecimen,Species FunctionalGroup,Length,Measurement of intertegular distances of field-collected bees,Length(mm),mm,mean,,both,adult,,,,,,,,,,,
PreservedSpecimen,Species FunctionalGroup,Length (mm),Measurement of intertegular distance or body length of field-collected bees,Length(mm),mm,range,,both,adult,,,,,,,,,,,
HumanObservation,Species FunctionalGroup,Martins et al 2015,,Martins et al2015,Proportion,single observation,,both,adult,,,,,,,,,,,
HumanObservation,Species FunctionalGroup,Martins et al 2015,,Martins et al2015,Proportion,single observation,,both,adult,,,,,,,,,,,
HumanObservation,Species FunctionalGroup,Park et al 2015,,Park et al2015,,mode,,both,adult,,,,,,,,,,,
HumanObservation,Species FunctionalGroup,Park et al 2015,,Park et al2015,,mode,,both,adult,,,,,,,,,,,
HumanObservation,Species FunctionalGroup,Floral Handling,,FloralHandling,%,mean,,both,adult,,,,,,,,,,,
HumanObservation,Species FunctionalGroup,Floral Handling,,FloralHandling,%,mean,,both,adult,,,,,,,,,,,
HumanObservation,Species FunctionalGroup,Intertegular distances,,ITD,proportion,mean,,both,adult,,,,,,,,,,,
HumanObservation,Species FunctionalGroup,Intertegular distances,,ITD,proportion,mean,,both,adult,,,,,,,,,,,
HumanObservation,Species FunctionalGroup,Abundance,15-min standardized net collections in NY apple orchards,Abundance,count,mean,,both,adult,,,,,,,,,,,
PreservedSpecimen,Lasioglossumimitatum Lasioglossumhitchensi,Pollen Purity,,0.28,%,single observation,,both,adult,,,,,,,,,,,
PreservedSpecimen,Lasioglossumimitatum Lasioglossumhitchensi,Pollen Purity,,0.28,%,single observation,,both,adult,,,,,,,,,,,
HumanObservation,Lasioglossumimitatum Lasioglossumhitchensi,Score,,1.63,Relative contribution,Comparison of relative contributions,,both,adult,,,,,,,,,,,
HumanObservation,Lasioglossumimitatum Lasioglossumhitchensi,Score,,1.63,Relative contribution,Comparison of relative contributions,,both,adult,,,,,,,,,,,
PreservedSpecimen,Lasioglossumimitatum Lasioglossumhitchensi,Length,Measurement of intertegular distances of field-collected bees,4.18,mm,mean,,both,adult,,,,,,,,,,,
PreservedSpecimen,Lasioglossumimitatum Lasioglossumhitchensi,Length (mm),Measurement of intertegular distance or body length of field-collected bees,4.18,mm,range,,both,adult,,,,,,,,,,,
HumanObservation,Lasioglossumimitatum Lasioglossumhitchensi,Martins et al 2015,,0.95,Proportion,single observation,,both,adult,,,,,,,,,,,
HumanObservation,Lasioglossumimitatum Lasioglossumhitchensi,Martins et al 2015,,0.95,Proportion,single observation,,both,adult,,,,,,,,,,,
HumanObservation,Lasioglossumimitatum Lasioglossumhitchensi,Park et al 2015,,na,,mode,,both,adult,,,,,,,,,,,
HumanObservation,Lasioglossumimitatum Lasioglossumhitchensi,Park et al 2015,,na,,mode,,both,adult,,,,,,,,,,,
HumanObservation,Lasioglossumimitatum Lasioglossumhitchensi,Floral Handling,,0.95,%,mean,,both,adult,,,,,,,,,,,
HumanObservation,Lasioglossumimitatum Lasioglossumhitchensi,Floral Handling,,0.95,%,mean,,both,adult,,,,,,,,,,,
HumanObservation,Lasioglossumimitatum Lasioglossumhitchensi,Intertegular distances,,0.814,proportion,mean,,both,adult,,,,,,,,,,,
HumanObservation,Lasioglossumimitatum Lasioglossumhitchensi,Intertegular distances,,0.814,proportion,mean,,both,adult,,,,,,,,,,,
HumanObservation,Lasioglossumimitatum Lasioglossumhitchensi,Abundance,15-min standardized net collections in NY apple orchards,1,count,mean,,both,adult,,,,,,,,,,,
PreservedSpecimen,Lasioglossumlaevissimum Lasioglossumhitchensi,Pollen Purity,,0.28,%,single observation,,both,adult,,,,,,,,,,,
PreservedSpecimen,Lasioglossumlaevissimum Lasioglossumhitchensi,Pollen Purity,,0.28,%,single observation,,both,adult,,,,,,,,,,,
HumanObservation,Lasioglossumlaevissimum Lasioglossumhitchensi,Score,,1.63,Relative contribution,Comparison of relative contributions,,both,adult,,,,,,,,,,,
HumanObservation,Lasioglossumlaevissimum Lasioglossumhitchensi,Score,,1.63,Relative contribution,Comparison of relative contributions,,both,adult,,,,,,,,,,,
PreservedSpecimen,Lasioglossumlaevissimum Lasioglossumhitchensi,Length,Measurement of intertegular distances of field-collected bees,6,mm,mean,,both,adult,,,,,,,,,,,
PreservedSpecimen,Lasioglossumlaevissimum Lasioglossumhitchensi,Length (mm),Measurement of intertegular distance or body length of field-collected bees,6,mm,range,,both,adult,,,,,,,,,,,
HumanObservation,Lasioglossumlaevissimum Lasioglossumhitchensi,Martins et al 2015,,0.95,Proportion,single observation,,both,adult,,,,,,,,,,,
HumanObservation,Lasioglossumlaevissimum Lasioglossumhitchensi,Martins et al 2015,,0.95,Proportion,single observation,,both,adult,,,,,,,,,,,
HumanObservation,Lasioglossumlaevissimum Lasioglossumhitchensi,Park et al 2015,,na,,mode,,both,adult,,,,,,,,,,,
HumanObservation,Lasioglossumlaevissimum Lasioglossumhitchensi,Park et al 2015,,na,,mode,,both,adult,,,,,,,,,,,
HumanObservation,Lasioglossumlaevissimum Lasioglossumhitchensi,Floral Handling,,0.95,%,mean,,both,adult,,,,,,,,,,,
HumanObservation,Lasioglossumlaevissimum Lasioglossumhitchensi,Floral Handling,,0.95,%,mean,,both,adult,,,,,,,,,,,
HumanObservation,Lasioglossumlaevissimum Lasioglossumhitchensi,Intertegular distances,,1.617,proportion,mean,,both,adult,,,,,,,,,,,
HumanObservation,Lasioglossumlaevissimum Lasioglossumhitchensi,Intertegular distances,,1.617,proportion,mean,,both,adult,,,,,,,,,,,
HumanObservation,Lasioglossumlaevissimum Lasioglossumhitchensi,Abundance,15-min standardized net collections in NY apple orchards,8,count,mean,,both,adult,,,,,,,,,,,
PreservedSpecimen,Lasioglossumlineatulum Lasioglossumhitchensi,Pollen Purity,,0.28,%,single observation,,both,adult,,,,,,,,,,,
PreservedSpecimen,Lasioglossumlineatulum Lasioglossumhitchensi,Pollen Purity,,0.28,%,single observation,,both,adult,,,,,,,,,,,
HumanObservation,Lasioglossumlineatulum Lasioglossumhitchensi,Score,,1.63,Relative contribution,Comparison of relative contributions,,both,adult,,,,,,,,,,,
HumanObservation,Lasioglossumlineatulum Lasioglossumhitchensi,Score,,1.63,Relative contribution,Comparison of relative contributions,,both,adult,,,,,,,,,,,
PreservedSpecimen,Lasioglossumlineatulum Lasioglossumhitchensi,Length,Measurement of intertegular distances of field-collected bees,6,mm,mean,,both,adult,,,,,,,,,,,
PreservedSpecimen,Lasioglossumlineatulum Lasioglossumhitchensi,Length (mm),Measurement of intertegular distance or body length of field-collected bees,6,mm,range,,both,adult,,,,,,,,,,,
HumanObservation,Lasioglossumlineatulum Lasioglossumhitchensi,Martins et al 2015,,0.95,Proportion,single observation,,both,adult,,,,,,,,,,,
HumanObservation,Lasioglossumlineatulum Lasioglossumhitchensi,Martins et al 2015,,0.95,Proportion,single observation,,both,adult,,,,,,,,,,,
HumanObservation,Lasioglossumlineatulum Lasioglossumhitchensi,Park et al 2015,,na,,mode,,both,adult,,,,,,,,,,,
HumanObservation,Lasioglossumlineatulum Lasioglossumhitchensi,Park et al 2015,,na,,mode,,both,adult,,,,,,,,,,,
HumanObservation,Lasioglossumlineatulum Lasioglossumhitchensi,Floral Handling,,0.95,%,mean,,both,adult,,,,,,,,,,,
HumanObservation,Lasioglossumlineatulum Lasioglossumhitchensi,Floral Handling,,0.95,%,mean,,both,adult,,,,,,,,,,,
HumanObservation,Lasioglossumlineatulum Lasioglossumhitchensi,Intertegular distances,,1.692,proportion,mean,,both,adult,,,,,,,,,,,
HumanObservation,Lasioglossumlineatulum Lasioglossumhitchensi,Intertegular distances,,1.692,proportion,mean,,both,adult,,,,,,,,,,,
HumanObservation,Lasioglossumlineatulum Lasioglossumhitchensi,Abundance,15-min standardized net collections in NY apple orchards,15,count,mean,,both,adult,,,,,,,,,,,
PreservedSpecimen,Lasioglossumnigroviride Lasioglossumhitchensi,Pollen Purity,,0.28,%,single observation,,both,adult,,,,,,,,,,,
PreservedSpecimen,Lasioglossumnigroviride Lasioglossumhitchensi,Pollen Purity,,0.28,%,single observation,,both,adult,,,,,,,,,,,
HumanObservation,Lasioglossumnigroviride Lasioglossumhitchensi,Score,,1.63,Relative contribution,Comparison of relative contributions,,both,adult,,,,,,,,,,,
HumanObservation,Lasioglossumnigroviride Lasioglossumhitchensi,Score,,1.63,Relative contribution,Comparison of relative contributions,,both,adult,,,,,,,,,,,
PreservedSpecimen,Lasioglossumnigroviride Lasioglossumhitchensi,Length,Measurement of intertegular distances of field-collected bees,7,mm,mean,,both,adult,,,,,,,,,,,
PreservedSpecimen,Lasioglossumnigroviride Lasioglossumhitchensi,Length (mm),Measurement of intertegular distance or body length of field-collected bees,7,mm,range,,both,adult,,,,,,,,,,,
HumanObservation,Lasioglossumnigroviride Lasioglossumhitchensi,Martins et al 2015,,0.95,Proportion,single observation,,both,adult,,,,,,,,,,,
HumanObservation,Lasioglossumnigroviride Lasioglossumhitchensi,Martins et al 2015,,0.95,Proportion,single observation,,both,adult,,,,,,,,,,,
HumanObservation,Lasioglossumnigroviride Lasioglossumhitchensi,Park et al 2015,,na,,mode,,both,adult,,,,,,,,,,,
HumanObservation,Lasioglossumnigroviride Lasioglossumhitchensi,Park et al 2015,,na,,mode,,both,adult,,,,,,,,,,,
HumanObservation,Lasioglossumnigroviride Lasioglossumhitchensi,Floral Handling,,0.95,%,mean,,both,adult,,,,,,,,,,,
HumanObservation,Lasioglossumnigroviride Lasioglossumhitchensi,Floral Handling,,0.95,%,mean,,both,adult,,,,,,,,,,,
HumanObservation,Lasioglossumnigroviride Lasioglossumhitchensi,Intertegular distances,,1.5,proportion,mean,,both,adult,,,,,,,,,,,
HumanObservation,Lasioglossumnigroviride Lasioglossumhitchensi,Intertegular distances,,1.5,proportion,mean,,both,adult,,,,,,,,,,,
HumanObservation,Lasioglossumnigroviride Lasioglossumhitchensi,Abundance,15-min standardized net collections in NY apple orchards,1,count,mean,,both,adult,,,,,,,,,,,
PreservedSpecimen,Lasioglossumnymphaearum Lasioglossumhitchensi,Pollen Purity,,0.28,%,single observation,,both,adult,,,,,,,,,,,
PreservedSpecimen,Lasioglossumnymphaearum Lasioglossumhitchensi,Pollen Purity,,0.28,%,single observation,,both,adult,,,,,,,,,,,
HumanObservation,Lasioglossumnymphaearum Lasioglossumhitchensi,Score,,1.63,Relative contribution,Comparison of relative contributions,,both,adult,,,,,,,,,,,
HumanObservation,Lasioglossumnymphaearum Lasioglossumhitchensi,Score,,1.63,Relative contribution,Comparison of relative contributions,,both,adult,,,,,,,,,,,
PreservedSpecimen,Lasioglossumnymphaearum Lasioglossumhitchensi,Length,Measurement of intertegular distances of field-collected bees,7,mm,mean,,both,adult,,,,,,,,,,,
PreservedSpecimen,Lasioglossumnymphaearum Lasioglossumhitchensi,Length (mm),Measurement of intertegular distance or body length of field-collected bees,7,mm,range,,both,adult,,,,,,,,,,,
HumanObservation,Lasioglossumnymphaearum Lasioglossumhitchensi,Martins et al 2015,,0.95,Proportion,single observation,,both,adult,,,,,,,,,,,
HumanObservation,Lasioglossumnymphaearum Lasioglossumhitchensi,Martins et al 2015,,0.95,Proportion,single observation,,both,adult,,,,,,,,,,,
HumanObservation,Lasioglossumnymphaearum Lasioglossumhitchensi,Park et al 2015,,na,,mode,,both,adult,,,,,,,,,,,
HumanObservation,Lasioglossumnymphaearum Lasioglossumhitchensi,Park et al 2015,,na,,mode,,both,adult,,,,,,,,,,,
HumanObservation,Lasioglossumnymphaearum Lasioglossumhitchensi,Floral Handling,,0.95,%,mean,,both,adult,,,,,,,,,,,
HumanObservation,Lasioglossumnymphaearum Lasioglossumhitchensi,Floral Handling,,0.95,%,mean,,both,adult,,,,,,,,,,,
HumanObservation,Lasioglossumnymphaearum Lasioglossumhitchensi,Intertegular distances,,2.092,proportion,mean,,both,adult,,,,,,,,,,,
HumanObservation,Lasioglossumnymphaearum Lasioglossumhitchensi,Intertegular distances,,2.092,proportion,mean,,both,adult,,,,,,,,,,,
HumanObservation,Lasioglossumnymphaearum Lasioglossumhitchensi,Abundance,15-min standardized net collections in NY apple orchards,1,count,mean,,both,adult,,,,,,,,,,,
PreservedSpecimen,Lasioglossumobscurum Lasioglossumhitchensi,Pollen Purity,,0.28,%,single observation,,both,adult,,,,,,,,,,,
PreservedSpecimen,Lasioglossumobscurum Lasioglossumhitchensi,Pollen Purity,,0.28,%,single observation,,both,adult,,,,,,,,,,,
HumanObservation,Lasioglossumobscurum Lasioglossumhitchensi,Score,,1.63,Relative contribution,Comparison of relative contributions,,both,adult,,,,,,,,,,,
HumanObservation,Lasioglossumobscurum Lasioglossumhitchensi,Score,,1.63,Relative contribution,Comparison of relative contributions,,both,adult,,,,,,,,,,,
PreservedSpecimen,Lasioglossumobscurum Lasioglossumhitchensi,Length,Measurement of intertegular distances of field-collected bees,6,mm,mean,,both,adult,,,,,,,,,,,
PreservedSpecimen,Lasioglossumobscurum Lasioglossumhitchensi,Length (mm),Measurement of intertegular distance or body length of field-collected bees,6,mm,range,,both,adult,,,,,,,,,,,
HumanObservation,Lasioglossumobscurum Lasioglossumhitchensi,Martins et al 2015,,0.95,Proportion,single observation,,both,adult,,,,,,,,,,,
HumanObservation,Lasioglossumobscurum Lasioglossumhitchensi,Martins et al 2015,,0.95,Proportion,single observation,,both,adult,,,,,,,,,,,
HumanObservation,Lasioglossumobscurum Lasioglossumhitchensi,Park et al 2015,,na,,mode,,both,adult,,,,,,,,,,,
HumanObservation,Lasioglossumobscurum Lasioglossumhitchensi,Park et al 2015,,na,,mode,,both,adult,,,,,,,,,,,
HumanObservation,Lasioglossumobscurum Lasioglossumhitchensi,Floral Handling,,0.95,%,mean,,both,adult,,,,,,,,,,,
HumanObservation,Lasioglossumobscurum Lasioglossumhitchensi,Floral Handling,,0.95,%,mean,,both,adult,,,,,,,,,,,
HumanObservation,Lasioglossumobscurum Lasioglossumhitchensi,Intertegular distances,,1.1,proportion,mean,,both,adult,,,,,,,,,,,
HumanObservation,Lasioglossumobscurum Lasioglossumhitchensi,Intertegular distances,,1.1,proportion,mean,,both,adult,,,,,,,,,,,
HumanObservation,Lasioglossumobscurum Lasioglossumhitchensi,Abundance,15-min standardized net collections in NY apple orchards,8,count,mean,,both,adult,,,,,,,,,,,
PreservedSpecimen,Lasioglossumparadmirandum Lasioglossumhitchensi,Pollen Purity,,0.28,%,single observation,,both,adult,,,,,,,,,,,
PreservedSpecimen,Lasioglossumparadmirandum Lasioglossumhitchensi,Pollen Purity,,0.28,%,single observation,,both,adult,,,,,,,,,,,
HumanObservation,Lasioglossumparadmirandum Lasioglossumhitchensi,Score,,1.63,Relative contribution,Comparison of relative contributions,,both,adult,,,,,,,,,,,
HumanObservation,Lasioglossumparadmirandum Lasioglossumhitchensi,Score,,1.63,Relative contribution,Comparison of relative contributions,,both,adult,,,,,,,,,,,
PreservedSpecimen,Lasioglossumparadmirandum Lasioglossumhitchensi,Length,Measurement of intertegular distances of field-collected bees,5.5,mm,mean,,both,adult,,,,,,,,,,,
PreservedSpecimen,Lasioglossumparadmirandum Lasioglossumhitchensi,Length (mm),Measurement of intertegular distance or body length of field-collected bees,5.5,mm,range,,both,adult,,,,,,,,,,,
HumanObservation,Lasioglossumparadmirandum Lasioglossumhitchensi,Martins et al 2015,,0.95,Proportion,single observation,,both,adult,,,,,,,,,,,
HumanObservation,Lasioglossumparadmirandum Lasioglossumhitchensi,Martins et al 2015,,0.95,Proportion,single observation,,both,adult,,,,,,,,,,,
HumanObservation,Lasioglossumparadmirandum Lasioglossumhitchensi,Park et al 2015,,na,,mode,,both,adult,,,,,,,,,,,
HumanObservation,Lasioglossumparadmirandum Lasioglossumhitchensi,Park et al 2015,,na,,mode,,both,adult,,,,,,,,,,,
HumanObservation,Lasioglossumparadmirandum Lasioglossumhitchensi,Floral Handling,,0.95,%,mean,,both,adult,,,,,,,,,,,
HumanObservation,Lasioglossumparadmirandum Lasioglossumhitchensi,Floral Handling,,0.95,%,mean,,both,adult,,,,,,,,,,,
HumanObservation,Lasioglossumparadmirandum Lasioglossumhitchensi,Intertegular distances,,1.1,proportion,mean,,both,adult,,,,,,,,,,,
HumanObservation,Lasioglossumparadmirandum Lasioglossumhitchensi,Intertegular distances,,1.1,proportion,mean,,both,adult,,,,,,,,,,,
HumanObservation,Lasioglossumparadmirandum Lasioglossumhitchensi,Abundance,15-min standardized net collections in NY apple orchards,11,count,mean,,both,adult,,,,,,,,,,,
PreservedSpecimen,Lasioglossumperpunctatum Lasioglossumhitchensi,Pollen Purity,,0.28,%,single observation,,both,adult,,,,,,,,,,,
PreservedSpecimen,Lasioglossumperpunctatum Lasioglossumhitchensi,Pollen Purity,,0.28,%,single observation,,both,adult,,,,,,,,,,,
HumanObservation,Lasioglossumperpunctatum Lasioglossumhitchensi,Score,,1.63,Relative contribution,Comparison of relative contributions,,both,adult,,,,,,,,,,,
HumanObservation,Lasioglossumperpunctatum Lasioglossumhitchensi,Score,,1.63,Relative contribution,Comparison of relative contributions,,both,adult,,,,,,,,,,,
PreservedSpecimen,Lasioglossumperpunctatum Lasioglossumhitchensi,Length,Measurement of intertegular distances of field-collected bees,6,mm,mean,,both,adult,,,,,,,,,,,
PreservedSpecimen,Lasioglossumperpunctatum Lasioglossumhitchensi,Length (mm),Measurement of intertegular distance or body length of field-collected bees,6,mm,range,,both,adult,,,,,,,,,,,
HumanObservation,Lasioglossumperpunctatum Lasioglossumhitchensi,Martins et al 2015,,0.95,Proportion,single observation,,both,adult,,,,,,,,,,,
HumanObservation,Lasioglossumperpunctatum Lasioglossumhitchensi,Martins et al 2015,,0.95,Proportion,single observation,,both,adult,,,,,,,,,,,
HumanObservation,Lasioglossumperpunctatum Lasioglossumhitchensi,Park et al 2015,,na,,mode,,both,adult,,,,,,,,,,,
HumanObservation,Lasioglossumperpunctatum Lasioglossumhitchensi,Park et al 2015,,na,,mode,,both,adult,,,,,,,,,,,
HumanObservation,Lasioglossumperpunctatum Lasioglossumhitchensi,Floral Handling,,0.95,%,mean,,both,adult,,,,,,,,,,,
HumanObservation,Lasioglossumperpunctatum Lasioglossumhitchensi,Floral Handling,,0.95,%,mean,,both,adult,,,,,,,,,,,
HumanObservation,Lasioglossumperpunctatum Lasioglossumhitchensi,Intertegular distances,,1.2,proportion,mean,,both,adult,,,,,,,,,,,
HumanObservation,Lasioglossumperpunctatum Lasioglossumhitchensi,Intertegular distances,,1.2,proportion,mean,,both,adult,,,,,,,,,,,
HumanObservation,Lasioglossumperpunctatum Lasioglossumhitchensi,Abundance,15-min standardized net collections in NY apple orchards,1,count,mean,,both,adult,,,,,,,,,,,
PreservedSpecimen,Lasioglossumplanatum Lasioglossumhitchensi,Pollen Purity,,0.28,%,single observation,,both,adult,,,,,,,,,,,
PreservedSpecimen,Lasioglossumplanatum Lasioglossumhitchensi,Pollen Purity,,0.28,%,single observation,,both,adult,,,,,,,,,,,
HumanObservation,Lasioglossumplanatum Lasioglossumhitchensi,Score,,1.63,Relative contribution,Comparison of relative contributions,,both,adult,,,,,,,,,,,
HumanObservation,Lasioglossumplanatum Lasioglossumhitchensi,Score,,1.63,Relative contribution,Comparison of relative contributions,,both,adult,,,,,,,,,,,
PreservedSpecimen,Lasioglossumplanatum Lasioglossumhitchensi,Length,Measurement of intertegular distances of field-collected bees,5.685,mm,mean,,both,adult,,,,,,,,,,,
PreservedSpecimen,Lasioglossumplanatum Lasioglossumhitchensi,Length (mm),Measurement of intertegular distance or body length of field-collected bees,5.685,mm,range,,both,adult,,,,,,,,,,,
HumanObservation,Lasioglossumplanatum Lasioglossumhitchensi,Martins et al 2015,,0.95,Proportion,single observation,,both,adult,,,,,,,,,,,
HumanObservation,Lasioglossumplanatum Lasioglossumhitchensi,Martins et al 2015,,0.95,Proportion,single observation,,both,adult,,,,,,,,,,,
HumanObservation,Lasioglossumplanatum Lasioglossumhitchensi,Park et al 2015,,na,,mode,,both,adult,,,,,,,,,,,
HumanObservation,Lasioglossumplanatum Lasioglossumhitchensi,Park et al 2015,,na,,mode,,both,adult,,,,,,,,,,,
HumanObservation,Lasioglossumplanatum Lasioglossumhitchensi,Floral Handling,,0.95,%,mean,,both,adult,,,,,,,,,,,
HumanObservation,Lasioglossumplanatum Lasioglossumhitchensi,Floral Handling,,0.95,%,mean,,both,adult,,,,,,,,,,,
HumanObservation,Lasioglossumplanatum Lasioglossumhitchensi,Intertegular distances,,1.1,proportion,mean,,both,adult,,,,,,,,,,,
HumanObservation,Lasioglossumplanatum Lasioglossumhitchensi,Intertegular distances,,1.1,proportion,mean,,both,adult,,,,,,,,,,,
HumanObservation,Lasioglossumplanatum Lasioglossumhitchensi,Abundance,15-min standardized net collections in NY apple orchards,3,count,mean,,both,adult,,,,,,,,,,,
PreservedSpecimen,Lasioglossumquebecense Lasioglossumhitchensi,Pollen Purity,,0.28,%,single observation,,both,adult,,,,,,,,,,,
PreservedSpecimen,Lasioglossumquebecense Lasioglossumhitchensi,Pollen Purity,,0.28,%,single observation,,both,adult,,,,,,,,,,,
HumanObservation,Lasioglossumquebecense Lasioglossumhitchensi,Score,,1.63,Relative contribution,Comparison of relative contributions,,both,adult,,,,,,,,,,,
HumanObservation,Lasioglossumquebecense Lasioglossumhitchensi,Score,,1.63,Relative contribution,Comparison of relative contributions,,both,adult,,,,,,,,,,,
PreservedSpecimen,Lasioglossumquebecense Lasioglossumhitchensi,Length,Measurement of intertegular distances of field-collected bees,7,mm,mean,,both,adult,,,,,,,,,,,
PreservedSpecimen,Lasioglossumquebecense Lasioglossumhitchensi,Length (mm),Measurement of intertegular distance or body length of field-collected bees,7,mm,range,,both,adult,,,,,,,,,,,
HumanObservation,Lasioglossumquebecense Lasioglossumhitchensi,Martins et al 2015,,0.95,Proportion,single observation,,both,adult,,,,,,,,,,,
HumanObservation,Lasioglossumquebecense Lasioglossumhitchensi,Martins et al 2015,,0.95,Proportion,single observation,,both,adult,,,,,,,,,,,
HumanObservation,Lasioglossumquebecense Lasioglossumhitchensi,Park et al 2015,,na,,mode,,both,adult,,,,,,,,,,,
HumanObservation,Lasioglossumquebecense Lasioglossumhitchensi,Park et al 2015,,na,,mode,,both,adult,,,,,,,,,,,
HumanObservation,Lasioglossumquebecense Lasioglossumhitchensi,Floral Handling,,0.95,%,mean,,both,adult,,,,,,,,,,,
HumanObservation,Lasioglossumquebecense Lasioglossumhitchensi,Floral Handling,,0.95,%,mean,,both,adult,,,,,,,,,,,
HumanObservation,Lasioglossumquebecense Lasioglossumhitchensi,Intertegular distances,,1.278,proportion,mean,,both,adult,,,,,,,,,,,
HumanObservation,Lasioglossumquebecense Lasioglossumhitchensi,Intertegular distances,,1.278,proportion,mean,,both,adult,,,,,,,,,,,
HumanObservation,Lasioglossumquebecense Lasioglossumhitchensi,Abundance,15-min standardized net collections in NY apple orchards,16,count,mean,,both,adult,,,,,,,,,,,
PreservedSpecimen,Lasioglossumtruncatum Lasioglossumhitchensi,Pollen Purity,,0.28,%,single observation,,both,adult,,,,,,,,,,,
PreservedSpecimen,Lasioglossumtruncatum Lasioglossumhitchensi,Pollen Purity,,0.28,%,single observation,,both,adult,,,,,,,,,,,
HumanObservation,Lasioglossumtruncatum Lasioglossumhitchensi,Score,,1.63,Relative contribution,Comparison of relative contributions,,both,adult,,,,,,,,,,,
HumanObservation,Lasioglossumtruncatum Lasioglossumhitchensi,Score,,1.63,Relative contribution,Comparison of relative contributions,,both,adult,,,,,,,,,,,
PreservedSpecimen,Lasioglossumtruncatum Lasioglossumhitchensi,Length,Measurement of intertegular distances of field-collected bees,7,mm,mean,,both,adult,,,,,,,,,,,
PreservedSpecimen,Lasioglossumtruncatum Lasioglossumhitchensi,Length (mm),Measurement of intertegular distance or body length of field-collected bees,7,mm,range,,both,adult,,,,,,,,,,,
HumanObservation,Lasioglossumtruncatum Lasioglossumhitchensi,Martins et al 2015,,0.95,Proportion,single observation,,both,adult,,,,,,,,,,,
HumanObservation,Lasioglossumtruncatum Lasioglossumhitchensi,Martins et al 2015,,0.95,Proportion,single observation,,both,adult,,,,,,,,,,,
HumanObservation,Lasioglossumtruncatum Lasioglossumhitchensi,Park et al 2015,,na,,mode,,both,adult,,,,,,,,,,,
HumanObservation,Lasioglossumtruncatum Lasioglossumhitchensi,Park et al 2015,,na,,mode,,both,adult,,,,,,,,,,,
HumanObservation,Lasioglossumtruncatum Lasioglossumhitchensi,Floral Handling,,0.95,%,mean,,both,adult,,,,,,,,,,,
HumanObservation,Lasioglossumtruncatum Lasioglossumhitchensi,Floral Handling,,0.95,%,mean,,both,adult,,,,,,,,,,,
HumanObservation,Lasioglossumtruncatum Lasioglossumhitchensi,Intertegular distances,,1.648,proportion,mean,,both,adult,,,,,,,,,,,
HumanObservation,Lasioglossumtruncatum Lasioglossumhitchensi,Intertegular distances,,1.648,proportion,mean,,both,adult,,,,,,,,,,,
HumanObservation,Lasioglossumtruncatum Lasioglossumhitchensi,Abundance,15-min standardized net collections in NY apple orchards,4,count,mean,,both,adult,,,,,,,,,,,
PreservedSpecimen,Lasioglossumversans Lasioglossumhitchensi,Pollen Purity,,0.28,%,single observation,,both,adult,,,,,,,,,,,
PreservedSpecimen,Lasioglossumversans Lasioglossumhitchensi,Pollen Purity,,0.28,%,single observation,,both,adult,,,,,,,,,,,
HumanObservation,Lasioglossumversans Lasioglossumhitchensi,Score,,1.63,Relative contribution,Comparison of relative contributions,,both,adult,,,,,,,,,,,
HumanObservation,Lasioglossumversans Lasioglossumhitchensi,Score,,1.63,Relative contribution,Comparison of relative contributions,,both,adult,,,,,,,,,,,
PreservedSpecimen,Lasioglossumversans Lasioglossumhitchensi,Length,Measurement of intertegular distances of field-collected bees,6,mm,mean,,both,adult,,,,,,,,,,,
PreservedSpecimen,Lasioglossumversans Lasioglossumhitchensi,Length (mm),Measurement of intertegular distance or body length of field-collected bees,6,mm,range,,both,adult,,,,,,,,,,,
HumanObservation,Lasioglossumversans Lasioglossumhitchensi,Martins et al 2015,,0.95,Proportion,single observation,,both,adult,,,,,,,,,,,
HumanObservation,Lasioglossumversans Lasioglossumhitchensi,Martins et al 2015,,0.95,Proportion,single observation,,both,adult,,,,,,,,,,,
HumanObservation,Lasioglossumversans Lasioglossumhitchensi,Park et al 2015,,na,,mode,,both,adult,,,,,,,,,,,
HumanObservation,Lasioglossumversans Lasioglossumhitchensi,Park et al 2015,,na,,mode,,both,adult,,,,,,,,,,,
HumanObservation,Lasioglossumversans Lasioglossumhitchensi,Floral Handling,,0.95,%,mean,,both,adult,,,,,,,,,,,
HumanObservation,Lasioglossumversans Lasioglossumhitchensi,Floral Handling,,0.95,%,mean,,both,adult,,,,,,,,,,,
HumanObservation,Lasioglossumversans Lasioglossumhitchensi,Intertegular distances,,1.2,proportion,mean,,both,adult,,,,,,,,,,,
HumanObservation,Lasioglossumversans Lasioglossumhitchensi,Intertegular distances,,1.2,proportion,mean,,both,adult,,,,,,,,,,,
HumanObservation,Lasioglossumversans Lasioglossumhitchensi,Abundance,15-min standardized net collections in NY apple orchards,1,count,mean,,both,adult,,,,,,,,,,,
PreservedSpecimen,Lasioglossumversatum Lasioglossumhitchensi,Pollen Purity,,0.28,%,single observation,,both,adult,,,,,,,,,,,
PreservedSpecimen,Lasioglossumversatum Lasioglossumhitchensi,Pollen Purity,,0.28,%,single observation,,both,adult,,,,,,,,,,,
HumanObservation,Lasioglossumversatum Lasioglossumhitchensi,Score,,1.63,Relative contribution,Comparison of relative contributions,,both,adult,,,,,,,,,,,
HumanObservation,Lasioglossumversatum Lasioglossumhitchensi,Score,,1.63,Relative contribution,Comparison of relative contributions,,both,adult,,,,,,,,,,,
PreservedSpecimen,Lasioglossumversatum Lasioglossumhitchensi,Length,Measurement of intertegular distances of field-collected bees,6,mm,mean,,both,adult,,,,,,,,,,,
PreservedSpecimen,Lasioglossumversatum Lasioglossumhitchensi,Length (mm),Measurement of intertegular distance or body length of field-collected bees,6,mm,range,,both,adult,,,,,,,,,,,
HumanObservation,Lasioglossumversatum Lasioglossumhitchensi,Martins et al 2015,,0.95,Proportion,single observation,,both,adult,,,,,,,,,,,
HumanObservation,Lasioglossumversatum Lasioglossumhitchensi,Martins et al 2015,,0.95,Proportion,single observation,,both,adult,,,,,,,,,,,
HumanObservation,Lasioglossumversatum Lasioglossumhitchensi,Park et al 2015,,na,,mode,,both,adult,,,,,,,,,,,
HumanObservation,Lasioglossumversatum Lasioglossumhitchensi,Park et al 2015,,na,,mode,,both,adult,,,,,,,,,,,
HumanObservation,Lasioglossumversatum Lasioglossumhitchensi,Floral Handling,,0.95,%,mean,,both,adult,,,,,,,,,,,
HumanObservation,Lasioglossumversatum Lasioglossumhitchensi,Floral Handling,,0.95,%,mean,,both,adult,,,,,,,,,,,
HumanObservation,Lasioglossumversatum Lasioglossumhitchensi,Intertegular distances,,1.212,proportion,mean,,both,adult,,,,,,,,,,,
HumanObservation,Lasioglossumversatum Lasioglossumhitchensi,Intertegular distances,,1.212,proportion,mean,,both,adult,,,,,,,,,,,
HumanObservation,Lasioglossumversatum Lasioglossumhitchensi,Abundance,15-min standardized net collections in NY apple orchards,18,count,mean,,both,adult,,,,,,,,,,,
PreservedSpecimen,Lasioglossumweemsi Lasioglossumhitchensi,Pollen Purity,,0.28,%,single observation,,both,adult,,,,,,,,,,,
PreservedSpecimen,Lasioglossumweemsi Lasioglossumhitchensi,Pollen Purity,,0.28,%,single observation,,both,adult,,,,,,,,,,,
HumanObservation,Lasioglossumweemsi Lasioglossumhitchensi,Score,,1.63,Relative contribution,Comparison of relative contributions,,both,adult,,,,,,,,,,,
HumanObservation,Lasioglossumweemsi Lasioglossumhitchensi,Score,,1.63,Relative contribution,Comparison of relative contributions,,both,adult,,,,,,,,,,,
PreservedSpecimen,Lasioglossumweemsi Lasioglossumhitchensi,Length,Measurement of intertegular distances of field-collected bees,4.5,mm,mean,,both,adult,,,,,,,,,,,
PreservedSpecimen,Lasioglossumweemsi Lasioglossumhitchensi,Length (mm),Measurement of intertegular distance or body length of field-collected bees,4.5,mm,range,,both,adult,,,,,,,,,,,
HumanObservation,Lasioglossumweemsi Lasioglossumhitchensi,Martins et al 2015,,0.95,Proportion,single observation,,both,adult,,,,,,,,,,,
HumanObservation,Lasioglossumweemsi Lasioglossumhitchensi,Martins et al 2015,,0.95,Proportion,single observation,,both,adult,,,,,,,,,,,
HumanObservation,Lasioglossumweemsi Lasioglossumhitchensi,Park et al 2015,,na,,mode,,both,adult,,,,,,,,,,,
HumanObservation,Lasioglossumweemsi Lasioglossumhitchensi,Park et al 2015,,na,,mode,,both,adult,,,,,,,,,,,
HumanObservation,Lasioglossumweemsi Lasioglossumhitchensi,Floral Handling,,0.95,%,mean,,both,adult,,,,,,,,,,,
HumanObservation,Lasioglossumweemsi Lasioglossumhitchensi,Floral Handling,,0.95,%,mean,,both,adult,,,,,,,,,,,
HumanObservation,Lasioglossumweemsi Lasioglossumhitchensi,Intertegular distances,,1.12,proportion,mean,,both,adult,,,,,,,,,,,
HumanObservation,Lasioglossumweemsi Lasioglossumhitchensi,Intertegular distances,,1.12,proportion,mean,,both,adult,,,,,,,,,,,
HumanObservation,Lasioglossumweemsi Lasioglossumhitchensi,Abundance,15-min standardized net collections in NY apple orchards,6,count,mean,,both,adult,,,,,,,,,,,
PreservedSpecimen,Lasioglossumzonulum Lasioglossumhitchensi,Pollen Purity,,0.28,%,single observation,,both,adult,,,,,,,,,,,
PreservedSpecimen,Lasioglossumzonulum Lasioglossumhitchensi,Pollen Purity,,0.28,%,single observation,,both,adult,,,,,,,,,,,
HumanObservation,Lasioglossumzonulum Lasioglossumhitchensi,Score,,1.63,Relative contribution,Comparison of relative contributions,,both,adult,,,,,,,,,,,
HumanObservation,Lasioglossumzonulum Lasioglossumhitchensi,Score,,1.63,Relative contribution,Comparison of relative contributions,,both,adult,,,,,,,,,,,
PreservedSpecimen,Lasioglossumzonulum Lasioglossumhitchensi,Length,Measurement of intertegular distances of field-collected bees,9,mm,mean,,both,adult,,,,,,,,,,,
PreservedSpecimen,Lasioglossumzonulum Lasioglossumhitchensi,Length (mm),Measurement of intertegular distance or body length of field-collected bees,9,mm,range,,both,adult,,,,,,,,,,,
HumanObservation,Lasioglossumzonulum Lasioglossumhitchensi,Martins et al 2015,,0.95,Proportion,single observation,,both,adult,,,,,,,,,,,
HumanObservation,Lasioglossumzonulum Lasioglossumhitchensi,Martins et al 2015,,0.95,Proportion,single observation,,both,adult,,,,,,,,,,,
HumanObservation,Lasioglossumzonulum Lasioglossumhitchensi,Park et al 2015,,na,,mode,,both,adult,,,,,,,,,,,
HumanObservation,Lasioglossumzonulum Lasioglossumhitchensi,Park et al 2015,,na,,mode,,both,adult,,,,,,,,,,,
HumanObservation,Lasioglossumzonulum Lasioglossumhitchensi,Floral Handling,,0.95,%,mean,,both,adult,,,,,,,,,,,
HumanObservation,Lasioglossumzonulum Lasioglossumhitchensi,Floral Handling,,0.95,%,mean,,both,adult,,,,,,,,,,,
HumanObservation,Lasioglossumzonulum Lasioglossumhitchensi,Intertegular distances,,2.742,proportion,mean,,both,adult,,,,,,,,,,,
HumanObservation,Lasioglossumzonulum Lasioglossumhitchensi,Intertegular distances,,2.742,proportion,mean,,both,adult,,,,,,,,,,,
HumanObservation,Lasioglossumzonulum Lasioglossumhitchensi,Abundance,15-min standardized net collections in NY apple orchards,9,count,mean,,both,adult,,,,,,,,,,,
PreservedSpecimen,Nomada cressonii na,Pollen Purity,,na,%,single observation,,both,adult,,,,,,,,,,,
PreservedSpecimen,Nomada cressonii na,Pollen Purity,,na,%,single observation,,both,adult,,,,,,,,,,,
HumanObservation,Nomada cressonii na,Score,,na,Relative contribution,Comparison of relative contributions,,both,adult,,,,,,,,,,,
HumanObservation,Nomada cressonii na,Score,,na,Relative contribution,Comparison of relative contributions,,both,adult,,,,,,,,,,,
PreservedSpecimen,Nomada cressonii na,Length,Measurement of intertegular distances of field-collected bees,na,mm,mean,,both,adult,,,,,,,,,,,
PreservedSpecimen,Nomada cressonii na,Length (mm),Measurement of intertegular distance or body length of field-collected bees,na,mm,range,,both,adult,,,,,,,,,,,
HumanObservation,Nomada cressonii na,Martins et al 2015,,na,Proportion,single observation,,both,adult,,,,,,,,,,,
HumanObservation,Nomada cressonii na,Martins et al 2015,,na,Proportion,single observation,,both,adult,,,,,,,,,,,
HumanObservation,Nomada cressonii na,Park et al 2015,,na,,mode,,both,adult,,,,,,,,,,,
HumanObservation,Nomada cressonii na,Park et al 2015,,na,,mode,,both,adult,,,,,,,,,,,
HumanObservation,Nomada cressonii na,Floral Handling,,na,%,mean,,both,adult,,,,,,,,,,,
HumanObservation,Nomada cressonii na,Floral Handling,,na,%,mean,,both,adult,,,,,,,,,,,
HumanObservation,Nomada cressonii na,Intertegular distances,,1.45,proportion,mean,,both,adult,,,,,,,,,,,
HumanObservation,Nomada cressonii na,Intertegular distances,,1.45,proportion,mean,,both,adult,,,,,,,,,,,
HumanObservation,Nomada cressonii na,Abundance,15-min standardized net collections in NY apple orchards,3,count,mean,,both,adult,,,,,,,,,,,
PreservedSpecimen,Nomada cressonii na,Pollen Purity,,na,%,single observation,,both,adult,,,,,,,,,,,
PreservedSpecimen,Nomada cressonii na,Pollen Purity,,na,%,single observation,,both,adult,,,,,,,,,,,
HumanObservation,Nomada cressonii na,Score,,na,Relative contribution,Comparison of relative contributions,,both,adult,,,,,,,,,,,
HumanObservation,Nomada cressonii na,Score,,na,Relative contribution,Comparison of relative contributions,,both,adult,,,,,,,,,,,
PreservedSpecimen,Nomada cressonii na,Length,Measurement of intertegular distances of field-collected bees,na,mm,mean,,both,adult,,,,,,,,,,,
PreservedSpecimen,Nomada cressonii na,Length (mm),Measurement of intertegular distance or body length of field-collected bees,na,mm,range,,both,adult,,,,,,,,,,,
HumanObservation,Nomada cressonii na,Martins et al 2015,,na,Proportion,single observation,,both,adult,,,,,,,,,,,
HumanObservation,Nomada cressonii na,Martins et al 2015,,na,Proportion,single observation,,both,adult,,,,,,,,,,,
HumanObservation,Nomada cressonii na,Park et al 2015,,na,,mode,,both,adult,,,,,,,,,,,
HumanObservation,Nomada cressonii na,Park et al 2015,,na,,mode,,both,adult,,,,,,,,,,,
HumanObservation,Nomada cressonii na,Floral Handling,,na,%,mean,,both,adult,,,,,,,,,,,
HumanObservation,Nomada cressonii na,Floral Handling,,na,%,mean,,both,adult,,,,,,,,,,,
HumanObservation,Nomada cressonii na,Intertegular distances,,1.41,proportion,mean,,both,adult,,,,,,,,,,,
HumanObservation,Nomada cressonii na,Intertegular distances,,1.41,proportion,mean,,both,adult,,,,,,,,,,,
HumanObservation,Nomada cressonii na,Abundance,15-min standardized net collections in NY apple orchards,17,count,mean,,both,adult,,,,,,,,,,,
PreservedSpecimen,Nomada ovata na,Pollen Purity,,na,%,single observation,,both,adult,,,,,,,,,,,
PreservedSpecimen,Nomada ovata na,Pollen Purity,,na,%,single observation,,both,adult,,,,,,,,,,,
HumanObservation,Nomada ovata na,Score,,na,Relative contribution,Comparison of relative contributions,,both,adult,,,,,,,,,,,
HumanObservation,Nomada ovata na,Score,,na,Relative contribution,Comparison of relative contributions,,both,adult,,,,,,,,,,,
PreservedSpecimen,Nomada ovata na,Length,Measurement of intertegular distances of field-collected bees,na,mm,mean,,both,adult,,,,,,,,,,,
PreservedSpecimen,Nomada ovata na,Length (mm),Measurement of intertegular distance or body length of field-collected bees,na,mm,range,,both,adult,,,,,,,,,,,
HumanObservation,Nomada ovata na,Martins et al 2015,,na,Proportion,single observation,,both,adult,,,,,,,,,,,
HumanObservation,Nomada ovata na,Martins et al 2015,,na,Proportion,single observation,,both,adult,,,,,,,,,,,
HumanObservation,Nomada ovata na,Park et al 2015,,na,,mode,,both,adult,,,,,,,,,,,
HumanObservation,Nomada ovata na,Park et al 2015,,na,,mode,,both,adult,,,,,,,,,,,
HumanObservation,Nomada ovata na,Floral Handling,,na,%,mean,,both,adult,,,,,,,,,,,
HumanObservation,Nomada ovata na,Floral Handling,,na,%,mean,,both,adult,,,,,,,,,,,
HumanObservation,Nomada ovata na,Intertegular distances,,1.56,proportion,mean,,both,adult,,,,,,,,,,,
HumanObservation,Nomada ovata na,Intertegular distances,,1.56,proportion,mean,,both,adult,,,,,,,,,,,
HumanObservation,Nomada ovata na,Abundance,15-min standardized net collections in NY apple orchards,1,count,mean,,both,adult,,,,,,,,,,,
PreservedSpecimen,Nomada ovata na,Pollen Purity,,na,%,single observation,,both,adult,,,,,,,,,,,
PreservedSpecimen,Nomada ovata na,Pollen Purity,,na,%,single observation,,both,adult,,,,,,,,,,,
HumanObservation,Nomada ovata na,Score,,na,Relative contribution,Comparison of relative contributions,,both,adult,,,,,,,,,,,
HumanObservation,Nomada ovata na,Score,,na,Relative contribution,Comparison of relative contributions,,both,adult,,,,,,,,,,,
PreservedSpecimen,Nomada ovata na,Length,Measurement of intertegular distances of field-collected bees,na,mm,mean,,both,adult,,,,,,,,,,,
PreservedSpecimen,Nomada ovata na,Length (mm),Measurement of intertegular distance or body length of field-collected bees,na,mm,range,,both,adult,,,,,,,,,,,
HumanObservation,Nomada ovata na,Martins et al 2015,,na,Proportion,single observation,,both,adult,,,,,,,,,,,
HumanObservation,Nomada ovata na,Martins et al 2015,,na,Proportion,single observation,,both,adult,,,,,,,,,,,
HumanObservation,Nomada ovata na,Park et al 2015,,na,,mode,,both,adult,,,,,,,,,,,
HumanObservation,Nomada ovata na,Park et al 2015,,na,,mode,,both,adult,,,,,,,,,,,
HumanObservation,Nomada ovata na,Floral Handling,,na,%,mean,,both,adult,,,,,,,,,,,
HumanObservation,Nomada ovata na,Floral Handling,,na,%,mean,,both,adult,,,,,,,,,,,
HumanObservation,Nomada ovata na,Intertegular distances,,1.459,proportion,mean,,both,adult,,,,,,,,,,,
HumanObservation,Nomada ovata na,Intertegular distances,,1.459,proportion,mean,,both,adult,,,,,,,,,,,
HumanObservation,Nomada ovata na,Abundance,15-min standardized net collections in NY apple orchards,2,count,mean,,both,adult,,,,,,,,,,,
PreservedSpecimen,Nomada pygmaea na,Pollen Purity,,na,%,single observation,,both,adult,,,,,,,,,,,
PreservedSpecimen,Nomada pygmaea na,Pollen Purity,,na,%,single observation,,both,adult,,,,,,,,,,,
HumanObservation,Nomada pygmaea na,Score,,na,Relative contribution,Comparison of relative contributions,,both,adult,,,,,,,,,,,
HumanObservation,Nomada pygmaea na,Score,,na,Relative contribution,Comparison of relative contributions,,both,adult,,,,,,,,,,,
PreservedSpecimen,Nomada pygmaea na,Length,Measurement of intertegular distances of field-collected bees,na,mm,mean,,both,adult,,,,,,,,,,,
PreservedSpecimen,Nomada pygmaea na,Length (mm),Measurement of intertegular distance or body length of field-collected bees,na,mm,range,,both,adult,,,,,,,,,,,
HumanObservation,Nomada pygmaea na,Martins et al 2015,,na,Proportion,single observation,,both,adult,,,,,,,,,,,
HumanObservation,Nomada pygmaea na,Martins et al 2015,,na,Proportion,single observation,,both,adult,,,,,,,,,,,
HumanObservation,Nomada pygmaea na,Park et al 2015,,na,,mode,,both,adult,,,,,,,,,,,
HumanObservation,Nomada pygmaea na,Park et al 2015,,na,,mode,,both,adult,,,,,,,,,,,
HumanObservation,Nomada pygmaea na,Floral Handling,,na,%,mean,,both,adult,,,,,,,,,,,
HumanObservation,Nomada pygmaea na,Floral Handling,,na,%,mean,,both,adult,,,,,,,,,,,
HumanObservation,Nomada pygmaea na,Intertegular distances,,1.905,proportion,mean,,both,adult,,,,,,,,,,,
HumanObservation,Nomada pygmaea na,Intertegular distances,,1.905,proportion,mean,,both,adult,,,,,,,,,,,
HumanObservation,Nomada pygmaea na,Abundance,15-min standardized net collections in NY apple orchards,1,count,mean,,both,adult,,,,,,,,,,,
PreservedSpecimen,Osmia bucephala cornifrons,Pollen Purity,,0.76,%,single observation,,both,adult,,,,,,,,,,,
PreservedSpecimen,Osmia bucephala cornifrons,Pollen Purity,,0.76,%,single observation,,both,adult,,,,,,,,,,,
HumanObservation,Osmia bucephala cornifrons,Score,,7.10,Relative contribution,Comparison of relative contributions,,both,adult,,,,,,,,,,,
HumanObservation,Osmia bucephala cornifrons,Score,,7.10,Relative contribution,Comparison of relative contributions,,both,adult,,,,,,,,,,,
PreservedSpecimen,Osmia bucephala cornifrons,Length,Measurement of intertegular distances of field-collected bees,15.5,mm,mean,,both,adult,,,,,,,,,,,
PreservedSpecimen,Osmia bucephala cornifrons,Length (mm),Measurement of intertegular distance or body length of field-collected bees,15.5,mm,range,,both,adult,,,,,,,,,,,
HumanObservation,Osmia bucephala cornifrons,Martins et al 2015,,na,Proportion,single observation,,both,adult,,,,,,,,,,,
HumanObservation,Osmia bucephala cornifrons,Martins et al 2015,,na,Proportion,single observation,,both,adult,,,,,,,,,,,
HumanObservation,Osmia bucephala cornifrons,Park et al 2015,,na,,mode,,both,adult,,,,,,,,,,,
HumanObservation,Osmia bucephala cornifrons,Park et al 2015,,na,,mode,,both,adult,,,,,,,,,,,
HumanObservation,Osmia bucephala cornifrons,Floral Handling,,na,%,mean,,both,adult,,,,,,,,,,,
HumanObservation,Osmia bucephala cornifrons,Floral Handling,,na,%,mean,,both,adult,,,,,,,,,,,
HumanObservation,Osmia bucephala cornifrons,Intertegular distances,,3.544,proportion,mean,,both,adult,,,,,,,,,,,
HumanObservation,Osmia bucephala cornifrons,Intertegular distances,,3.544,proportion,mean,,both,adult,,,,,,,,,,,
HumanObservation,Osmia bucephala cornifrons,Abundance,15-min standardized net collections in NY apple orchards,2,count,mean,,both,adult,,,,,,,,,,,
PreservedSpecimen,Osmia bucephala cornifrons,Pollen Purity,,0.76,%,single observation,,both,adult,,,,,,,,,,,
PreservedSpecimen,Osmia bucephala cornifrons,Pollen Purity,,0.76,%,single observation,,both,adult,,,,,,,,,,,
HumanObservation,Osmia bucephala cornifrons,Score,,7.10,Relative contribution,Comparison of relative contributions,,both,adult,,,,,,,,,,,
HumanObservation,Osmia bucephala cornifrons,Score,,7.10,Relative contribution,Comparison of relative contributions,,both,adult,,,,,,,,,,,
PreservedSpecimen,Osmia bucephala cornifrons,Length,Measurement of intertegular distances of field-collected bees,13.5,mm,mean,,both,adult,,,,,,,,,,,
PreservedSpecimen,Osmia bucephala cornifrons,Length (mm),Measurement of intertegular distance or body length of field-collected bees,13.5,mm,range,,both,adult,,,,,,,,,,,
HumanObservation,Osmia bucephala cornifrons,Martins et al 2015,,na,Proportion,single observation,,both,adult,,,,,,,,,,,
HumanObservation,Osmia bucephala cornifrons,Martins et al 2015,,na,Proportion,single observation,,both,adult,,,,,,,,,,,
HumanObservation,Osmia bucephala cornifrons,Park et al 2015,,na,,mode,,both,adult,,,,,,,,,,,
HumanObservation,Osmia bucephala cornifrons,Park et al 2015,,na,,mode,,both,adult,,,,,,,,,,,
HumanObservation,Osmia bucephala cornifrons,Floral Handling,,na,%,mean,,both,adult,,,,,,,,,,,
HumanObservation,Osmia bucephala cornifrons,Floral Handling,,na,%,mean,,both,adult,,,,,,,,,,,
HumanObservation,Osmia bucephala cornifrons,Intertegular distances,,2.86667,proportion,mean,,both,adult,,,,,,,,,,,
HumanObservation,Osmia bucephala cornifrons,Intertegular distances,,2.86667,proportion,mean,,both,adult,,,,,,,,,,,
HumanObservation,Osmia bucephala cornifrons,Abundance,15-min standardized net collections in NY apple orchards,1,count,mean,,both,adult,,,,,,,,,,,
PreservedSpecimen,Osmia conjuncta cornifrons,Pollen Purity,,0.76,%,single observation,,both,adult,,,,,,,,,,,
PreservedSpecimen,Osmia conjuncta cornifrons,Pollen Purity,,0.76,%,single observation,,both,adult,,,,,,,,,,,
HumanObservation,Osmia conjuncta cornifrons,Score,,7.10,Relative contribution,Comparison of relative contributions,,both,adult,,,,,,,,,,,
HumanObservation,Osmia conjuncta cornifrons,Score,,7.10,Relative contribution,Comparison of relative contributions,,both,adult,,,,,,,,,,,
PreservedSpecimen,Osmia conjuncta cornifrons,Length,Measurement of intertegular distances of field-collected bees,9,mm,mean,,both,adult,,,,,,,,,,,
PreservedSpecimen,Osmia conjuncta cornifrons,Length (mm),Measurement of intertegular distance or body length of field-collected bees,9,mm,range,,both,adult,,,,,,,,,,,
HumanObservation,Osmia conjuncta cornifrons,Martins et al 2015,,na,Proportion,single observation,,both,adult,,,,,,,,,,,
HumanObservation,Osmia conjuncta cornifrons,Martins et al 2015,,na,Proportion,single observation,,both,adult,,,,,,,,,,,
HumanObservation,Osmia conjuncta cornifrons,Park et al 2015,,na,,mode,,both,adult,,,,,,,,,,,
HumanObservation,Osmia conjuncta cornifrons,Park et al 2015,,na,,mode,,both,adult,,,,,,,,,,,
HumanObservation,Osmia conjuncta cornifrons,Floral Handling,,na,%,mean,,both,adult,,,,,,,,,,,
HumanObservation,Osmia conjuncta cornifrons,Floral Handling,,na,%,mean,,both,adult,,,,,,,,,,,
HumanObservation,Osmia conjuncta cornifrons,Intertegular distances,,2.26,proportion,mean,,both,adult,,,,,,,,,,,
HumanObservation,Osmia conjuncta cornifrons,Intertegular distances,,2.26,proportion,mean,,both,adult,,,,,,,,,,,
HumanObservation,Osmia conjuncta cornifrons,Abundance,15-min standardized net collections in NY apple orchards,2,count,mean,,both,adult,,,,,,,,,,,
PreservedSpecimen,Osmia pumila cornifrons,Pollen Purity,,0.76,%,single observation,,both,adult,,,,,,,,,,,
PreservedSpecimen,Osmia pumila cornifrons,Pollen Purity,,0.76,%,single observation,,both,adult,,,,,,,,,,,
HumanObservation,Osmia pumila cornifrons,Score,,7.10,Relative contribution,Comparison of relative contributions,,both,adult,,,,,,,,,,,
HumanObservation,Osmia pumila cornifrons,Score,,7.10,Relative contribution,Comparison of relative contributions,,both,adult,,,,,,,,,,,
PreservedSpecimen,Osmia pumila cornifrons,Length,Measurement of intertegular distances of field-collected bees,8,mm,mean,,both,adult,,,,,,,,,,,
PreservedSpecimen,Osmia pumila cornifrons,Length (mm),Measurement of intertegular distance or body length of field-collected bees,8,mm,range,,both,adult,,,,,,,,,,,
HumanObservation,Osmia pumila cornifrons,Martins et al 2015,,na,Proportion,single observation,,both,adult,,,,,,,,,,,
HumanObservation,Osmia pumila cornifrons,Martins et al 2015,,na,Proportion,single observation,,both,adult,,,,,,,,,,,
HumanObservation,Osmia pumila cornifrons,Park et al 2015,,na,,mode,,both,adult,,,,,,,,,,,
HumanObservation,Osmia pumila cornifrons,Park et al 2015,,na,,mode,,both,adult,,,,,,,,,,,
HumanObservation,Osmia pumila cornifrons,Floral Handling,,na,%,mean,,both,adult,,,,,,,,,,,
HumanObservation,Osmia pumila cornifrons,Floral Handling,,na,%,mean,,both,adult,,,,,,,,,,,
HumanObservation,Osmia pumila cornifrons,Intertegular distances,,1.8515,proportion,mean,,both,adult,,,,,,,,,,,
HumanObservation,Osmia pumila cornifrons,Intertegular distances,,1.8515,proportion,mean,,both,adult,,,,,,,,,,,
HumanObservation,Osmia pumila cornifrons,Abundance,15-min standardized net collections in NY apple orchards,4,count,mean,,both,adult,,,,,,,,,,,
PreservedSpecimen,Osmia pumila cornifrons,Pollen Purity,,0.76,%,single observation,,both,adult,,,,,,,,,,,
PreservedSpecimen,Osmia pumila cornifrons,Pollen Purity,,0.76,%,single observation,,both,adult,,,,,,,,,,,
HumanObservation,Osmia pumila cornifrons,Score,,7.10,Relative contribution,Comparison of relative contributions,,both,adult,,,,,,,,,,,
HumanObservation,Osmia pumila cornifrons,Score,,7.10,Relative contribution,Comparison of relative contributions,,both,adult,,,,,,,,,,,
PreservedSpecimen,Osmia pumila cornifrons,Length,Measurement of intertegular distances of field-collected bees,7.5,mm,mean,,both,adult,,,,,,,,,,,
PreservedSpecimen,Osmia pumila cornifrons,Length (mm),Measurement of intertegular distance or body length of field-collected bees,7.5,mm,range,,both,adult,,,,,,,,,,,
HumanObservation,Osmia pumila cornifrons,Martins et al 2015,,na,Proportion,single observation,,both,adult,,,,,,,,,,,
HumanObservation,Osmia pumila cornifrons,Martins et al 2015,,na,Proportion,single observation,,both,adult,,,,,,,,,,,
HumanObservation,Osmia pumila cornifrons,Park et al 2015,,na,,mode,,both,adult,,,,,,,,,,,
HumanObservation,Osmia pumila cornifrons,Park et al 2015,,na,,mode,,both,adult,,,,,,,,,,,
HumanObservation,Osmia pumila cornifrons,Floral Handling,,na,%,mean,,both,adult,,,,,,,,,,,
HumanObservation,Osmia pumila cornifrons,Floral Handling,,na,%,mean,,both,adult,,,,,,,,,,,
HumanObservation,Osmia pumila cornifrons,Intertegular distances,,1.62288,proportion,mean,,both,adult,,,,,,,,,,,
HumanObservation,Osmia pumila cornifrons,Intertegular distances,,1.62288,proportion,mean,,both,adult,,,,,,,,,,,
HumanObservation,Osmia pumila cornifrons,Abundance,15-min standardized net collections in NY apple orchards,1,count,mean,,both,adult,,,,,,,,,,,
PreservedSpecimen,Andrena crataegi male,Pollen Purity,,0.70,%,single observation,,male,adult,,,,,,,,,,,
PreservedSpecimen,Andrena crataegi male,Pollen Purity,,0.70,%,single observation,,male,adult,,,,,,,,,,,
HumanObservation,Andrena crataegi male,Score,,1.69,Relative contribution,Comparison of relative contributions,,male,adult,,,,,,,,,,,
HumanObservation,Andrena crataegi male,Score,,1.69,Relative contribution,Comparison of relative contributions,,male,adult,,,,,,,,,,,
PreservedSpecimen,Andrena crataegi male,Length,Measurement of intertegular distances of field-collected bees,10.5,mm,mean,,male,adult,,,,,,,,,,,
PreservedSpecimen,Andrena crataegi male,Length (mm),Measurement of intertegular distance or body length of field-collected bees,10.5,mm,range,,male,adult,,,,,,,,,,,
HumanObservation,Andrena crataegi male,Martins et al 2015,,1.00,Proportion,single observation,,male,adult,,,,,,,,,,,
HumanObservation,Andrena crataegi male,Martins et al 2015,,1.00,Proportion,single observation,,male,adult,,,,,,,,,,,
HumanObservation,Andrena crataegi male,Park et al 2015,,na,,mode,,male,adult,,,,,,,,,,,
HumanObservation,Andrena crataegi male,Park et al 2015,,na,,mode,,male,adult,,,,,,,,,,,
HumanObservation,Andrena crataegi male,Floral Handling,,1.00,%,mean,,male,adult,,,,,,,,,,,
HumanObservation,Andrena crataegi male,Floral Handling,,1.00,%,mean,,male,adult,,,,,,,,,,,
HumanObservation,Andrena crataegi male,Intertegular distances,,1.779,proportion,mean,,male,adult,,,,,,,,,,,
HumanObservation,Andrena crataegi male,Intertegular distances,,1.779,proportion,mean,,male,adult,,,,,,,,,,,
HumanObservation,Andrena crataegi male,Abundance,15-min standardized net collections in NY apple orchards,466,count,mean,,male,adult,,,,,,,,,,,
PreservedSpecimen,Andrena geranii nasonii,Pollen Purity,,0.68,%,single observation,,both,adult,,,,,,,,,,,
PreservedSpecimen,Andrena geranii nasonii,Pollen Purity,,0.68,%,single observation,,both,adult,,,,,,,,,,,
HumanObservation,Andrena geranii nasonii,Score,,6.22,Relative contribution,Comparison of relative contributions,,both,adult,,,,,,,,,,,
HumanObservation,Andrena geranii nasonii,Score,,6.22,Relative contribution,Comparison of relative contributions,,both,adult,,,,,,,,,,,
PreservedSpecimen,Andrena geranii nasonii,Length,Measurement of intertegular distances of field-collected bees,8,mm,mean,,both,adult,,,,,,,,,,,
PreservedSpecimen,Andrena geranii nasonii,Length (mm),Measurement of intertegular distance or body length of field-collected bees,8,mm,range,,both,adult,,,,,,,,,,,
HumanObservation,Andrena geranii nasonii,Martins et al 2015,,0.97,Proportion,single observation,,both,adult,,,,,,,,,,,
HumanObservation,Andrena geranii nasonii,Martins et al 2015,,0.97,Proportion,single observation,,both,adult,,,,,,,,,,,
HumanObservation,Andrena geranii nasonii,Park et al 2015,,na,,mode,,both,adult,,,,,,,,,,,
HumanObservation,Andrena geranii nasonii,Park et al 2015,,na,,mode,,both,adult,,,,,,,,,,,
HumanObservation,Andrena geranii nasonii,Floral Handling,,0.97,%,mean,,both,adult,,,,,,,,,,,
HumanObservation,Andrena geranii nasonii,Floral Handling,,0.97,%,mean,,both,adult,,,,,,,,,,,
HumanObservation,Andrena geranii nasonii,Intertegular distances,,1.44,proportion,mean,,both,adult,,,,,,,,,,,
HumanObservation,Andrena geranii nasonii,Intertegular distances,,1.44,proportion,mean,,both,adult,,,,,,,,,,,
HumanObservation,Andrena geranii nasonii,Abundance,15-min standardized net collections in NY apple orchards,3,count,mean,,both,adult,,,,,,,,,,,
PreservedSpecimen,Andrena wilkella hippotes,Pollen Purity,,0.51,%,single observation,,both,adult,,,,,,,,,,,
PreservedSpecimen,Andrena wilkella hippotes,Pollen Purity,,0.51,%,single observation,,both,adult,,,,,,,,,,,
HumanObservation,Andrena wilkella hippotes,Score,,5.12,Relative contribution,Comparison of relative contributions,,both,adult,,,,,,,,,,,
HumanObservation,Andrena wilkella hippotes,Score,,5.12,Relative contribution,Comparison of relative contributions,,both,adult,,,,,,,,,,,
PreservedSpecimen,Andrena wilkella hippotes,Length,Measurement of intertegular distances of field-collected bees,10,mm,mean,,both,adult,,,,,,,,,,,
PreservedSpecimen,Andrena wilkella hippotes,Length (mm),Measurement of intertegular distance or body length of field-collected bees,10,mm,range,,both,adult,,,,,,,,,,,
HumanObservation,Andrena wilkella hippotes,Martins et al 2015,,1.00,Proportion,single observation,,both,adult,,,,,,,,,,,
HumanObservation,Andrena wilkella hippotes,Martins et al 2015,,1.00,Proportion,single observation,,both,adult,,,,,,,,,,,
HumanObservation,Andrena wilkella hippotes,Park et al 2015,,na,,mode,,both,adult,,,,,,,,,,,
HumanObservation,Andrena wilkella hippotes,Park et al 2015,,na,,mode,,both,adult,,,,,,,,,,,
HumanObservation,Andrena wilkella hippotes,Floral Handling,,1.00,%,mean,,both,adult,,,,,,,,,,,
HumanObservation,Andrena wilkella hippotes,Floral Handling,,1.00,%,mean,,both,adult,,,,,,,,,,,
HumanObservation,Andrena wilkella hippotes,Intertegular distances,,3.042,proportion,mean,,both,adult,,,,,,,,,,,
HumanObservation,Andrena wilkella hippotes,Intertegular distances,,3.042,proportion,mean,,both,adult,,,,,,,,,,,
HumanObservation,Andrena wilkella hippotes,Abundance,15-min standardized net collections in NY apple orchards,1,count,mean,,both,adult,,,,,,,,,,,
PreservedSpecimen,Nomada luteoloides na,Pollen Purity,,na,%,single observation,,both,adult,,,,,,,,,,,
PreservedSpecimen,Nomada luteoloides na,Pollen Purity,,na,%,single observation,,both,adult,,,,,,,,,,,
HumanObservation,Nomada luteoloides na,Score,,na,Relative contribution,Comparison of relative contributions,,both,adult,,,,,,,,,,,
HumanObservation,Nomada luteoloides na,Score,,na,Relative contribution,Comparison of relative contributions,,both,adult,,,,,,,,,,,
PreservedSpecimen,Nomada luteoloides na,Length,Measurement of intertegular distances of field-collected bees,na,mm,mean,,both,adult,,,,,,,,,,,
PreservedSpecimen,Nomada luteoloides na,Length (mm),Measurement of intertegular distance or body length of field-collected bees,na,mm,range,,both,adult,,,,,,,,,,,
HumanObservation,Nomada luteoloides na,Martins et al 2015,,na,Proportion,single observation,,both,adult,,,,,,,,,,,
HumanObservation,Nomada luteoloides na,Martins et al 2015,,na,Proportion,single observation,,both,adult,,,,,,,,,,,
HumanObservation,Nomada luteoloides na,Park et al 2015,,na,,mode,,both,adult,,,,,,,,,,,
HumanObservation,Nomada luteoloides na,Park et al 2015,,na,,mode,,both,adult,,,,,,,,,,,
HumanObservation,Nomada luteoloides na,Floral Handling,,na,%,mean,,both,adult,,,,,,,,,,,
HumanObservation,Nomada luteoloides na,Floral Handling,,na,%,mean,,both,adult,,,,,,,,,,,
HumanObservation,Nomada luteoloides na,Intertegular distances,,1.57,proportion,mean,,both,adult,,,,,,,,,,,
HumanObservation,Nomada luteoloides na,Intertegular distances,,1.57,proportion,mean,,both,adult,,,,,,,,,,,
HumanObservation,Nomada luteoloides na,Abundance,15-min standardized net collections in NY apple orchards,4,count,mean,,both,adult,,,,,,,,,,,
PreservedSpecimen,Nomada media na,Pollen Purity,,na,%,single observation,,both,adult,,,,,,,,,,,
PreservedSpecimen,Nomada media na,Pollen Purity,,na,%,single observation,,both,adult,,,,,,,,,,,
HumanObservation,Nomada media na,Score,,na,Relative contribution,Comparison of relative contributions,,both,adult,,,,,,,,,,,
HumanObservation,Nomada media na,Score,,na,Relative contribution,Comparison of relative contributions,,both,adult,,,,,,,,,,,
PreservedSpecimen,Nomada media na,Length,Measurement of intertegular distances of field-collected bees,na,mm,mean,,both,adult,,,,,,,,,,,
PreservedSpecimen,Nomada media na,Length (mm),Measurement of intertegular distance or body length of field-collected bees,na,mm,range,,both,adult,,,,,,,,,,,
HumanObservation,Nomada media na,Martins et al 2015,,na,Proportion,single observation,,both,adult,,,,,,,,,,,
HumanObservation,Nomada media na,Martins et al 2015,,na,Proportion,single observation,,both,adult,,,,,,,,,,,
HumanObservation,Nomada media na,Park et al 2015,,na,,mode,,both,adult,,,,,,,,,,,
HumanObservation,Nomada media na,Park et al 2015,,na,,mode,,both,adult,,,,,,,,,,,
HumanObservation,Nomada media na,Floral Handling,,na,%,mean,,both,adult,,,,,,,,,,,
HumanObservation,Nomada media na,Floral Handling,,na,%,mean,,both,adult,,,,,,,,,,,
HumanObservation,Nomada media na,Intertegular distances,,na,proportion,mean,,both,adult,,,,,,,,,,,
HumanObservation,Nomada media na,Intertegular distances,,na,proportion,mean,,both,adult,,,,,,,,,,,
HumanObservation,Nomada media na,Abundance,15-min standardized net collections in NY apple orchards,1,count,mean,,both,adult,,,,,,,,,,,
PreservedSpecimen,Osmia lignaria cornifrons,Pollen Purity,,0.76,%,single observation,,both,adult,,,,,,,,,,,
PreservedSpecimen,Osmia lignaria cornifrons,Pollen Purity,,0.76,%,single observation,,both,adult,,,,,,,,,,,
HumanObservation,Osmia lignaria cornifrons,Score,,7.10,Relative contribution,Comparison of relative contributions,,both,adult,,,,,,,,,,,
HumanObservation,Osmia lignaria cornifrons,Score,,7.10,Relative contribution,Comparison of relative contributions,,both,adult,,,,,,,,,,,
PreservedSpecimen,Osmia lignaria cornifrons,Length,Measurement of intertegular distances of field-collected bees,9.5,mm,mean,,both,adult,,,,,,,,,,,
PreservedSpecimen,Osmia lignaria cornifrons,Length (mm),Measurement of intertegular distance or body length of field-collected bees,9.5,mm,range,,both,adult,,,,,,,,,,,
HumanObservation,Osmia lignaria cornifrons,Martins et al 2015,,na,Proportion,single observation,,both,adult,,,,,,,,,,,
HumanObservation,Osmia lignaria cornifrons,Martins et al 2015,,na,Proportion,single observation,,both,adult,,,,,,,,,,,
HumanObservation,Osmia lignaria cornifrons,Park et al 2015,,na,,mode,,both,adult,,,,,,,,,,,
HumanObservation,Osmia lignaria cornifrons,Park et al 2015,,na,,mode,,both,adult,,,,,,,,,,,
HumanObservation,Osmia lignaria cornifrons,Floral Handling,,na,%,mean,,both,adult,,,,,,,,,,,
HumanObservation,Osmia lignaria cornifrons,Floral Handling,,na,%,mean,,both,adult,,,,,,,,,,,
HumanObservation,Osmia lignaria cornifrons,Intertegular distances,,2.4288,proportion,mean,,both,adult,,,,,,,,,,,
HumanObservation,Osmia lignaria cornifrons,Intertegular distances,,2.4288,proportion,mean,,both,adult,,,,,,,,,,,
HumanObservation,Osmia lignaria cornifrons,Abundance,15-min standardized net collections in NY apple orchards,2,count,mean,,both,adult,,,,,,,,,,,
PreservedSpecimen,Xylocopa virginica male,Pollen Purity,,0.66,%,single observation,,male,adult,,,,,,,,,,,
PreservedSpecimen,Xylocopa virginica male,Pollen Purity,,0.66,%,single observation,,male,adult,,,,,,,,,,,
HumanObservation,Xylocopa virginica male,Score,,2.95,Relative contribution,Comparison of relative contributions,,male,adult,,,,,,,,,,,
HumanObservation,Xylocopa virginica male,Score,,2.95,Relative contribution,Comparison of relative contributions,,male,adult,,,,,,,,,,,
PreservedSpecimen,Xylocopa virginica male,Length,Measurement of intertegular distances of field-collected bees,17,mm,mean,,male,adult,,,,,,,,,,,
PreservedSpecimen,Xylocopa virginica male,Length (mm),Measurement of intertegular distance or body length of field-collected bees,17,mm,range,,male,adult,,,,,,,,,,,
HumanObservation,Xylocopa virginica male,Martins et al 2015,,na,Proportion,single observation,,male,adult,,,,,,,,,,,
HumanObservation,Xylocopa virginica male,Martins et al 2015,,na,Proportion,single observation,,male,adult,,,,,,,,,,,
HumanObservation,Xylocopa virginica male,Park et al 2015,,0.82,,mode,,male,adult,,,,,,,,,,,
HumanObservation,Xylocopa virginica male,Park et al 2015,,0.82,,mode,,male,adult,,,,,,,,,,,
HumanObservation,Xylocopa virginica male,Floral Handling,,0.82,%,mean,,male,adult,,,,,,,,,,,
HumanObservation,Xylocopa virginica male,Floral Handling,,0.82,%,mean,,male,adult,,,,,,,,,,,
HumanObservation,Xylocopa virginica male,Intertegular distances,,6.4128,proportion,mean,,male,adult,,,,,,,,,,,
HumanObservation,Xylocopa virginica male,Intertegular distances,,6.4128,proportion,mean,,male,adult,,,,,,,,,,,
HumanObservation,Xylocopa virginica male,Abundance,15-min standardized net collections in NY apple orchards,114,count,mean,,male,adult,,,,,,,,,,,
