basisOfRecord,verbatimIdentification,measurementType,measurementMethod,measurementValue ,measurementUnit,measurementStatistic,measurementRemarks,sex,lifeStage,caste,sampleSizeValue,sampleSizeUnit,sampleTreatment,samplingProtocol,verbatimLocality ,verbatimCoordinates,verbatimEventDate,associatedOccurrences,associatedReferences ,externalLink
HumanObservation,Altitude,Functional Guild,"Classification based on food allocation strategies for reproduction (rollers, tunnelers, dwellers)",Altitude (m a.s.l.),,mode,,both,adult,,,,,,,,,,,
PreservedSpecimen,Altitude,Biomass,,Altitude (m a.s.l.),g,mean,,both,adult,,1400,,,,,,,,,
PreservedSpecimen,Altitude,Number of Individuals,,800,count,single observation,,both,adult,,,,,,,,,,,
PreservedSpecimen,Altitude,Number of Individuals,,1400,count,single observation,,both,adult,,,,,,,,,,,
PreservedSpecimen,Altitude,Number of Individuals,,1400,count,single observation,,both,adult,,,,,,,,,,,
PreservedSpecimen,Altitude,Number of Individuals,,1300,count,single observation,,both,adult,,,,,,,,,,,
PreservedSpecimen,Altitude,Number of Individuals,,1300,count,single observation,,both,adult,,,,,,,,,,,
PreservedSpecimen,Altitude,Number of Individuals,,1300,count,single observation,,both,adult,,,,,,,,,,,
PreservedSpecimen,Altitude,Number of Individuals,,1200,count,single observation,,both,adult,,,,,,,,,,,
PreservedSpecimen,Altitude,Number of Individuals,,1200,count,single observation,,both,adult,,,,,,,,,,,
PreservedSpecimen,Altitude,Number of Individuals,,1200,count,single observation,,both,adult,,,,,,,,,,,
PreservedSpecimen,Altitude,Number of Individuals,,1100,count,single observation,,both,adult,,,,,,,,,,,
PreservedSpecimen,Altitude,Number of Individuals,,1100,count,single observation,,both,adult,,,,,,,,,,,
PreservedSpecimen,Altitude,Number of Individuals,,1100,count,single observation,,both,adult,,,,,,,,,,,
PreservedSpecimen,Altitude,Number of Individuals,,1000,count,single observation,,both,adult,,,,,,,,,,,
PreservedSpecimen,Altitude,Number of Individuals,,1000,count,single observation,,both,adult,,,,,,,,,,,
PreservedSpecimen,Altitude,Number of Individuals,,1000,count,single observation,,both,adult,,,,,,,,,,,
PreservedSpecimen,Altitude,Number of Individuals,,900,count,single observation,,both,adult,,,,,,,,,,,
PreservedSpecimen,Altitude,Number of Individuals,,900,count,single observation,,both,adult,,,,,,,,,,,
PreservedSpecimen,Altitude,Number of Individuals,,900,count,single observation,,both,adult,,,,,,,,,,,
PreservedSpecimen,Altitude,Number of Individuals,,800,count,single observation,,both,adult,,,,,,,,,,,
PreservedSpecimen,Altitude,Number of Individuals,,800,count,single observation,,both,adult,,,,,,,,,,,
PreservedSpecimen,Altitude,Number of Individuals,,800,count,single observation,,both,adult,,,,,,,,,,,
HumanObservation,Transects,Functional Guild,"Classification based on food allocation strategies for reproduction (rollers, tunnelers, dwellers)",Transects,,mode,,both,adult,,,,,,,,,,,
PreservedSpecimen,Transects,Biomass,,Transects,g,mean,,both,adult,,I,,,,,,,,,
PreservedSpecimen,Transects,Number of Individuals,,II,count,single observation,,both,adult,,,,,,,,,,,
PreservedSpecimen,Transects,Number of Individuals,,II,count,single observation,,both,adult,,,,,,,,,,,
PreservedSpecimen,Transects,Number of Individuals,,II,count,single observation,,both,adult,,,,,,,,,,,
PreservedSpecimen,Transects,Number of Individuals,,I,count,single observation,,both,adult,,,,,,,,,,,
PreservedSpecimen,Transects,Number of Individuals,,II,count,single observation,,both,adult,,,,,,,,,,,
PreservedSpecimen,Transects,Number of Individuals,,II,count,single observation,,both,adult,,,,,,,,,,,
PreservedSpecimen,Transects,Number of Individuals,,I,count,single observation,,both,adult,,,,,,,,,,,
PreservedSpecimen,Transects,Number of Individuals,,II,count,single observation,,both,adult,,,,,,,,,,,
PreservedSpecimen,Transects,Number of Individuals,,II,count,single observation,,both,adult,,,,,,,,,,,
PreservedSpecimen,Transects,Number of Individuals,,I,count,single observation,,both,adult,,,,,,,,,,,
PreservedSpecimen,Transects,Number of Individuals,,II,count,single observation,,both,adult,,,,,,,,,,,
PreservedSpecimen,Transects,Number of Individuals,,II,count,single observation,,both,adult,,,,,,,,,,,
PreservedSpecimen,Transects,Number of Individuals,,I,count,single observation,,both,adult,,,,,,,,,,,
PreservedSpecimen,Transects,Number of Individuals,,II,count,single observation,,both,adult,,,,,,,,,,,
PreservedSpecimen,Transects,Number of Individuals,,II,count,single observation,,both,adult,,,,,,,,,,,
PreservedSpecimen,Transects,Number of Individuals,,I,count,single observation,,both,adult,,,,,,,,,,,
PreservedSpecimen,Transects,Number of Individuals,,II,count,single observation,,both,adult,,,,,,,,,,,
PreservedSpecimen,Transects,Number of Individuals,,II,count,single observation,,both,adult,,,,,,,,,,,
PreservedSpecimen,Transects,Number of Individuals,,I,count,single observation,,both,adult,,,,,,,,,,,
PreservedSpecimen,Transects,Number of Individuals,,II,count,single observation,,both,adult,,,,,,,,,,,
PreservedSpecimen,Transects,Number of Individuals,,II,count,single observation,,both,adult,,,,,,,,,,,
HumanObservation,Agamopus unguicularis,Functional Guild,"Classification based on food allocation strategies for reproduction (rollers, tunnelers, dwellers)",Tunnelers that dig tunnels directly beneath the food source where they will store their dung balls,,mode,,both,adult,,,,,,,,,,,
PreservedSpecimen,Agamopus unguicularis,Biomass,,3.8,g,mean,,both,adult,,0,,,,,,,,,
PreservedSpecimen,Agamopus unguicularis,Number of Individuals,,1,count,single observation,,both,adult,,,,,,,,,,,
PreservedSpecimen,Agamopus unguicularis,Number of Individuals,,0,count,single observation,,both,adult,,,,,,,,,,,
PreservedSpecimen,Agamopus unguicularis,Number of Individuals,,0,count,single observation,,both,adult,,,,,,,,,,,
PreservedSpecimen,Agamopus unguicularis,Number of Individuals,,0,count,single observation,,both,adult,,,,,,,,,,,
PreservedSpecimen,Agamopus unguicularis,Number of Individuals,,0,count,single observation,,both,adult,,,,,,,,,,,
PreservedSpecimen,Agamopus unguicularis,Number of Individuals,,0,count,single observation,,both,adult,,,,,,,,,,,
PreservedSpecimen,Agamopus unguicularis,Number of Individuals,,0,count,single observation,,both,adult,,,,,,,,,,,
PreservedSpecimen,Agamopus unguicularis,Number of Individuals,,0,count,single observation,,both,adult,,,,,,,,,,,
PreservedSpecimen,Agamopus unguicularis,Number of Individuals,,0,count,single observation,,both,adult,,,,,,,,,,,
PreservedSpecimen,Agamopus unguicularis,Number of Individuals,,0,count,single observation,,both,adult,,,,,,,,,,,
PreservedSpecimen,Agamopus unguicularis,Number of Individuals,,0,count,single observation,,both,adult,,,,,,,,,,,
PreservedSpecimen,Agamopus unguicularis,Number of Individuals,,0,count,single observation,,both,adult,,,,,,,,,,,
PreservedSpecimen,Agamopus unguicularis,Number of Individuals,,1,count,single observation,,both,adult,,,,,,,,,,,
PreservedSpecimen,Agamopus unguicularis,Number of Individuals,,0,count,single observation,,both,adult,,,,,,,,,,,
PreservedSpecimen,Agamopus unguicularis,Number of Individuals,,0,count,single observation,,both,adult,,,,,,,,,,,
PreservedSpecimen,Agamopus unguicularis,Number of Individuals,,0,count,single observation,,both,adult,,,,,,,,,,,
PreservedSpecimen,Agamopus unguicularis,Number of Individuals,,0,count,single observation,,both,adult,,,,,,,,,,,
PreservedSpecimen,Agamopus unguicularis,Number of Individuals,,0,count,single observation,,both,adult,,,,,,,,,,,
PreservedSpecimen,Agamopus unguicularis,Number of Individuals,,0,count,single observation,,both,adult,,,,,,,,,,,
PreservedSpecimen,Agamopus unguicularis,Number of Individuals,,0,count,single observation,,both,adult,,,,,,,,,,,
PreservedSpecimen,Agamopus unguicularis,Number of Individuals,,1,count,single observation,,both,adult,,,,,,,,,,,
HumanObservation,Agamopus viridis,Functional Guild,"Classification based on food allocation strategies for reproduction (rollers, tunnelers, dwellers)",Tunnelers that dig tunnels directly beneath the food source where they will store their dung balls,,mode,,both,adult,,,,,,,,,,,
PreservedSpecimen,Agamopus viridis,Biomass,,3.0,g,mean,,both,adult,,0,,,,,,,,,
PreservedSpecimen,Agamopus viridis,Number of Individuals,,0,count,single observation,,both,adult,,,,,,,,,,,
PreservedSpecimen,Agamopus viridis,Number of Individuals,,0,count,single observation,,both,adult,,,,,,,,,,,
PreservedSpecimen,Agamopus viridis,Number of Individuals,,0,count,single observation,,both,adult,,,,,,,,,,,
PreservedSpecimen,Agamopus viridis,Number of Individuals,,0,count,single observation,,both,adult,,,,,,,,,,,
PreservedSpecimen,Agamopus viridis,Number of Individuals,,1,count,single observation,,both,adult,,,,,,,,,,,
PreservedSpecimen,Agamopus viridis,Number of Individuals,,0,count,single observation,,both,adult,,,,,,,,,,,
PreservedSpecimen,Agamopus viridis,Number of Individuals,,1,count,single observation,,both,adult,,,,,,,,,,,
PreservedSpecimen,Agamopus viridis,Number of Individuals,,0,count,single observation,,both,adult,,,,,,,,,,,
PreservedSpecimen,Agamopus viridis,Number of Individuals,,0,count,single observation,,both,adult,,,,,,,,,,,
PreservedSpecimen,Agamopus viridis,Number of Individuals,,0,count,single observation,,both,adult,,,,,,,,,,,
PreservedSpecimen,Agamopus viridis,Number of Individuals,,0,count,single observation,,both,adult,,,,,,,,,,,
PreservedSpecimen,Agamopus viridis,Number of Individuals,,0,count,single observation,,both,adult,,,,,,,,,,,
PreservedSpecimen,Agamopus viridis,Number of Individuals,,0,count,single observation,,both,adult,,,,,,,,,,,
PreservedSpecimen,Agamopus viridis,Number of Individuals,,1,count,single observation,,both,adult,,,,,,,,,,,
PreservedSpecimen,Agamopus viridis,Number of Individuals,,2,count,single observation,,both,adult,,,,,,,,,,,
PreservedSpecimen,Agamopus viridis,Number of Individuals,,0,count,single observation,,both,adult,,,,,,,,,,,
PreservedSpecimen,Agamopus viridis,Number of Individuals,,0,count,single observation,,both,adult,,,,,,,,,,,
PreservedSpecimen,Agamopus viridis,Number of Individuals,,1,count,single observation,,both,adult,,,,,,,,,,,
PreservedSpecimen,Agamopus viridis,Number of Individuals,,1,count,single observation,,both,adult,,,,,,,,,,,
PreservedSpecimen,Agamopus viridis,Number of Individuals,,1,count,single observation,,both,adult,,,,,,,,,,,
PreservedSpecimen,Agamopus viridis,Number of Individuals,,0,count,single observation,,both,adult,,,,,,,,,,,
HumanObservation,Anomiopus virescens,Functional Guild,"Classification based on food allocation strategies for reproduction (rollers, tunnelers, dwellers)",Tunnelers that dig tunnels directly beneath the food source where they will store their dung balls,,mode,,both,adult,,,,,,,,,,,
PreservedSpecimen,Anomiopus virescens,Biomass,,11.2,g,mean,,both,adult,,0,,,,,,,,,
PreservedSpecimen,Anomiopus virescens,Number of Individuals,,0,count,single observation,,both,adult,,,,,,,,,,,
PreservedSpecimen,Anomiopus virescens,Number of Individuals,,0,count,single observation,,both,adult,,,,,,,,,,,
PreservedSpecimen,Anomiopus virescens,Number of Individuals,,0,count,single observation,,both,adult,,,,,,,,,,,
PreservedSpecimen,Anomiopus virescens,Number of Individuals,,0,count,single observation,,both,adult,,,,,,,,,,,
PreservedSpecimen,Anomiopus virescens,Number of Individuals,,0,count,single observation,,both,adult,,,,,,,,,,,
PreservedSpecimen,Anomiopus virescens,Number of Individuals,,1,count,single observation,,both,adult,,,,,,,,,,,
PreservedSpecimen,Anomiopus virescens,Number of Individuals,,0,count,single observation,,both,adult,,,,,,,,,,,
PreservedSpecimen,Anomiopus virescens,Number of Individuals,,0,count,single observation,,both,adult,,,,,,,,,,,
PreservedSpecimen,Anomiopus virescens,Number of Individuals,,0,count,single observation,,both,adult,,,,,,,,,,,
PreservedSpecimen,Anomiopus virescens,Number of Individuals,,0,count,single observation,,both,adult,,,,,,,,,,,
PreservedSpecimen,Anomiopus virescens,Number of Individuals,,0,count,single observation,,both,adult,,,,,,,,,,,
PreservedSpecimen,Anomiopus virescens,Number of Individuals,,0,count,single observation,,both,adult,,,,,,,,,,,
PreservedSpecimen,Anomiopus virescens,Number of Individuals,,0,count,single observation,,both,adult,,,,,,,,,,,
PreservedSpecimen,Anomiopus virescens,Number of Individuals,,0,count,single observation,,both,adult,,,,,,,,,,,
PreservedSpecimen,Anomiopus virescens,Number of Individuals,,0,count,single observation,,both,adult,,,,,,,,,,,
PreservedSpecimen,Anomiopus virescens,Number of Individuals,,0,count,single observation,,both,adult,,,,,,,,,,,
PreservedSpecimen,Anomiopus virescens,Number of Individuals,,1,count,single observation,,both,adult,,,,,,,,,,,
PreservedSpecimen,Anomiopus virescens,Number of Individuals,,0,count,single observation,,both,adult,,,,,,,,,,,
PreservedSpecimen,Anomiopus virescens,Number of Individuals,,0,count,single observation,,both,adult,,,,,,,,,,,
PreservedSpecimen,Anomiopus virescens,Number of Individuals,,0,count,single observation,,both,adult,,,,,,,,,,,
PreservedSpecimen,Anomiopus virescens,Number of Individuals,,0,count,single observation,,both,adult,,,,,,,,,,,
HumanObservation,Ateuchus vividus,Functional Guild,"Classification based on food allocation strategies for reproduction (rollers, tunnelers, dwellers)",Tunnelers that dig tunnels directly beneath the food source where they will store their dung balls,,mode,,both,adult,,,,,,,,,,,
PreservedSpecimen,Ateuchus vividus,Biomass,,21.7,g,mean,,both,adult,,1,,,,,,,,,
PreservedSpecimen,Ateuchus vividus,Number of Individuals,,0,count,single observation,,both,adult,,,,,,,,,,,
PreservedSpecimen,Ateuchus vividus,Number of Individuals,,0,count,single observation,,both,adult,,,,,,,,,,,
PreservedSpecimen,Ateuchus vividus,Number of Individuals,,0,count,single observation,,both,adult,,,,,,,,,,,
PreservedSpecimen,Ateuchus vividus,Number of Individuals,,0,count,single observation,,both,adult,,,,,,,,,,,
PreservedSpecimen,Ateuchus vividus,Number of Individuals,,0,count,single observation,,both,adult,,,,,,,,,,,
PreservedSpecimen,Ateuchus vividus,Number of Individuals,,0,count,single observation,,both,adult,,,,,,,,,,,
PreservedSpecimen,Ateuchus vividus,Number of Individuals,,0,count,single observation,,both,adult,,,,,,,,,,,
PreservedSpecimen,Ateuchus vividus,Number of Individuals,,0,count,single observation,,both,adult,,,,,,,,,,,
PreservedSpecimen,Ateuchus vividus,Number of Individuals,,0,count,single observation,,both,adult,,,,,,,,,,,
PreservedSpecimen,Ateuchus vividus,Number of Individuals,,1,count,single observation,,both,adult,,,,,,,,,,,
PreservedSpecimen,Ateuchus vividus,Number of Individuals,,0,count,single observation,,both,adult,,,,,,,,,,,
PreservedSpecimen,Ateuchus vividus,Number of Individuals,,1,count,single observation,,both,adult,,,,,,,,,,,
PreservedSpecimen,Ateuchus vividus,Number of Individuals,,15,count,single observation,,both,adult,,,,,,,,,,,
PreservedSpecimen,Ateuchus vividus,Number of Individuals,,6,count,single observation,,both,adult,,,,,,,,,,,
PreservedSpecimen,Ateuchus vividus,Number of Individuals,,8,count,single observation,,both,adult,,,,,,,,,,,
PreservedSpecimen,Ateuchus vividus,Number of Individuals,,1,count,single observation,,both,adult,,,,,,,,,,,
PreservedSpecimen,Ateuchus vividus,Number of Individuals,,0,count,single observation,,both,adult,,,,,,,,,,,
PreservedSpecimen,Ateuchus vividus,Number of Individuals,,0,count,single observation,,both,adult,,,,,,,,,,,
PreservedSpecimen,Ateuchus vividus,Number of Individuals,,0,count,single observation,,both,adult,,,,,,,,,,,
PreservedSpecimen,Ateuchus vividus,Number of Individuals,,0,count,single observation,,both,adult,,,,,,,,,,,
PreservedSpecimen,Ateuchus vividus,Number of Individuals,,0,count,single observation,,both,adult,,,,,,,,,,,
HumanObservation,Canthidium aff barbacenicum,Functional Guild,"Classification based on food allocation strategies for reproduction (rollers, tunnelers, dwellers)",Tunnelers that dig tunnels directly beneath the food source where they will store their dung balls,,mode,,both,adult,,,,,,,,,,,
PreservedSpecimen,Canthidium aff barbacenicum,Biomass,,8.6,g,mean,,both,adult,,0,,,,,,,,,
PreservedSpecimen,Canthidium aff barbacenicum,Number of Individuals,,4,count,single observation,,both,adult,,,,,,,,,,,
PreservedSpecimen,Canthidium aff barbacenicum,Number of Individuals,,0,count,single observation,,both,adult,,,,,,,,,,,
PreservedSpecimen,Canthidium aff barbacenicum,Number of Individuals,,0,count,single observation,,both,adult,,,,,,,,,,,
PreservedSpecimen,Canthidium aff barbacenicum,Number of Individuals,,0,count,single observation,,both,adult,,,,,,,,,,,
PreservedSpecimen,Canthidium aff barbacenicum,Number of Individuals,,0,count,single observation,,both,adult,,,,,,,,,,,
PreservedSpecimen,Canthidium aff barbacenicum,Number of Individuals,,0,count,single observation,,both,adult,,,,,,,,,,,
PreservedSpecimen,Canthidium aff barbacenicum,Number of Individuals,,0,count,single observation,,both,adult,,,,,,,,,,,
PreservedSpecimen,Canthidium aff barbacenicum,Number of Individuals,,0,count,single observation,,both,adult,,,,,,,,,,,
PreservedSpecimen,Canthidium aff barbacenicum,Number of Individuals,,0,count,single observation,,both,adult,,,,,,,,,,,
PreservedSpecimen,Canthidium aff barbacenicum,Number of Individuals,,2,count,single observation,,both,adult,,,,,,,,,,,
PreservedSpecimen,Canthidium aff barbacenicum,Number of Individuals,,0,count,single observation,,both,adult,,,,,,,,,,,
PreservedSpecimen,Canthidium aff barbacenicum,Number of Individuals,,0,count,single observation,,both,adult,,,,,,,,,,,
PreservedSpecimen,Canthidium aff barbacenicum,Number of Individuals,,0,count,single observation,,both,adult,,,,,,,,,,,
PreservedSpecimen,Canthidium aff barbacenicum,Number of Individuals,,0,count,single observation,,both,adult,,,,,,,,,,,
PreservedSpecimen,Canthidium aff barbacenicum,Number of Individuals,,0,count,single observation,,both,adult,,,,,,,,,,,
PreservedSpecimen,Canthidium aff barbacenicum,Number of Individuals,,0,count,single observation,,both,adult,,,,,,,,,,,
PreservedSpecimen,Canthidium aff barbacenicum,Number of Individuals,,0,count,single observation,,both,adult,,,,,,,,,,,
PreservedSpecimen,Canthidium aff barbacenicum,Number of Individuals,,0,count,single observation,,both,adult,,,,,,,,,,,
PreservedSpecimen,Canthidium aff barbacenicum,Number of Individuals,,4,count,single observation,,both,adult,,,,,,,,,,,
PreservedSpecimen,Canthidium aff barbacenicum,Number of Individuals,,3,count,single observation,,both,adult,,,,,,,,,,,
PreservedSpecimen,Canthidium aff barbacenicum,Number of Individuals,,4,count,single observation,,both,adult,,,,,,,,,,,
HumanObservation,Canthidium sp 1,Functional Guild,"Classification based on food allocation strategies for reproduction (rollers, tunnelers, dwellers)",Tunnelers that dig tunnels directly beneath the food source where they will store their dung balls,,mode,,both,adult,,,,,,,,,,,
PreservedSpecimen,Canthidium sp 1,Biomass,,6.8,g,mean,,both,adult,,1,,,,,,,,,
PreservedSpecimen,Canthidium sp 1,Number of Individuals,,2,count,single observation,,both,adult,,,,,,,,,,,
PreservedSpecimen,Canthidium sp 1,Number of Individuals,,0,count,single observation,,both,adult,,,,,,,,,,,
PreservedSpecimen,Canthidium sp 1,Number of Individuals,,0,count,single observation,,both,adult,,,,,,,,,,,
PreservedSpecimen,Canthidium sp 1,Number of Individuals,,1,count,single observation,,both,adult,,,,,,,,,,,
PreservedSpecimen,Canthidium sp 1,Number of Individuals,,5,count,single observation,,both,adult,,,,,,,,,,,
PreservedSpecimen,Canthidium sp 1,Number of Individuals,,2,count,single observation,,both,adult,,,,,,,,,,,
PreservedSpecimen,Canthidium sp 1,Number of Individuals,,5,count,single observation,,both,adult,,,,,,,,,,,
PreservedSpecimen,Canthidium sp 1,Number of Individuals,,2,count,single observation,,both,adult,,,,,,,,,,,
PreservedSpecimen,Canthidium sp 1,Number of Individuals,,1,count,single observation,,both,adult,,,,,,,,,,,
PreservedSpecimen,Canthidium sp 1,Number of Individuals,,0,count,single observation,,both,adult,,,,,,,,,,,
PreservedSpecimen,Canthidium sp 1,Number of Individuals,,6,count,single observation,,both,adult,,,,,,,,,,,
PreservedSpecimen,Canthidium sp 1,Number of Individuals,,4,count,single observation,,both,adult,,,,,,,,,,,
PreservedSpecimen,Canthidium sp 1,Number of Individuals,,1,count,single observation,,both,adult,,,,,,,,,,,
PreservedSpecimen,Canthidium sp 1,Number of Individuals,,0,count,single observation,,both,adult,,,,,,,,,,,
PreservedSpecimen,Canthidium sp 1,Number of Individuals,,2,count,single observation,,both,adult,,,,,,,,,,,
PreservedSpecimen,Canthidium sp 1,Number of Individuals,,24,count,single observation,,both,adult,,,,,,,,,,,
PreservedSpecimen,Canthidium sp 1,Number of Individuals,,4,count,single observation,,both,adult,,,,,,,,,,,
PreservedSpecimen,Canthidium sp 1,Number of Individuals,,9,count,single observation,,both,adult,,,,,,,,,,,
PreservedSpecimen,Canthidium sp 1,Number of Individuals,,32,count,single observation,,both,adult,,,,,,,,,,,
PreservedSpecimen,Canthidium sp 1,Number of Individuals,,4,count,single observation,,both,adult,,,,,,,,,,,
PreservedSpecimen,Canthidium sp 1,Number of Individuals,,2,count,single observation,,both,adult,,,,,,,,,,,
HumanObservation,Canthidium sp 2,Functional Guild,"Classification based on food allocation strategies for reproduction (rollers, tunnelers, dwellers)",Tunnelers that dig tunnels directly beneath the food source where they will store their dung balls,,mode,,both,adult,,,,,,,,,,,
PreservedSpecimen,Canthidium sp 2,Biomass,,8.3,g,mean,,both,adult,,0,,,,,,,,,
PreservedSpecimen,Canthidium sp 2,Number of Individuals,,0,count,single observation,,both,adult,,,,,,,,,,,
PreservedSpecimen,Canthidium sp 2,Number of Individuals,,0,count,single observation,,both,adult,,,,,,,,,,,
PreservedSpecimen,Canthidium sp 2,Number of Individuals,,0,count,single observation,,both,adult,,,,,,,,,,,
PreservedSpecimen,Canthidium sp 2,Number of Individuals,,0,count,single observation,,both,adult,,,,,,,,,,,
PreservedSpecimen,Canthidium sp 2,Number of Individuals,,0,count,single observation,,both,adult,,,,,,,,,,,
PreservedSpecimen,Canthidium sp 2,Number of Individuals,,0,count,single observation,,both,adult,,,,,,,,,,,
PreservedSpecimen,Canthidium sp 2,Number of Individuals,,0,count,single observation,,both,adult,,,,,,,,,,,
PreservedSpecimen,Canthidium sp 2,Number of Individuals,,0,count,single observation,,both,adult,,,,,,,,,,,
PreservedSpecimen,Canthidium sp 2,Number of Individuals,,0,count,single observation,,both,adult,,,,,,,,,,,
PreservedSpecimen,Canthidium sp 2,Number of Individuals,,0,count,single observation,,both,adult,,,,,,,,,,,
PreservedSpecimen,Canthidium sp 2,Number of Individuals,,0,count,single observation,,both,adult,,,,,,,,,,,
PreservedSpecimen,Canthidium sp 2,Number of Individuals,,0,count,single observation,,both,adult,,,,,,,,,,,
PreservedSpecimen,Canthidium sp 2,Number of Individuals,,0,count,single observation,,both,adult,,,,,,,,,,,
PreservedSpecimen,Canthidium sp 2,Number of Individuals,,0,count,single observation,,both,adult,,,,,,,,,,,
PreservedSpecimen,Canthidium sp 2,Number of Individuals,,0,count,single observation,,both,adult,,,,,,,,,,,
PreservedSpecimen,Canthidium sp 2,Number of Individuals,,0,count,single observation,,both,adult,,,,,,,,,,,
PreservedSpecimen,Canthidium sp 2,Number of Individuals,,0,count,single observation,,both,adult,,,,,,,,,,,
PreservedSpecimen,Canthidium sp 2,Number of Individuals,,2,count,single observation,,both,adult,,,,,,,,,,,
PreservedSpecimen,Canthidium sp 2,Number of Individuals,,0,count,single observation,,both,adult,,,,,,,,,,,
PreservedSpecimen,Canthidium sp 2,Number of Individuals,,0,count,single observation,,both,adult,,,,,,,,,,,
PreservedSpecimen,Canthidium sp 2,Number of Individuals,,0,count,single observation,,both,adult,,,,,,,,,,,
HumanObservation,Canthidium sp 3,Functional Guild,"Classification based on food allocation strategies for reproduction (rollers, tunnelers, dwellers)",Tunnelers that dig tunnels directly beneath the food source where they will store their dung balls,,mode,,both,adult,,,,,,,,,,,
PreservedSpecimen,Canthidium sp 3,Biomass,,11.2,g,mean,,both,adult,,0,,,,,,,,,
PreservedSpecimen,Canthidium sp 3,Number of Individuals,,9,count,single observation,,both,adult,,,,,,,,,,,
PreservedSpecimen,Canthidium sp 3,Number of Individuals,,0,count,single observation,,both,adult,,,,,,,,,,,
PreservedSpecimen,Canthidium sp 3,Number of Individuals,,0,count,single observation,,both,adult,,,,,,,,,,,
PreservedSpecimen,Canthidium sp 3,Number of Individuals,,0,count,single observation,,both,adult,,,,,,,,,,,
PreservedSpecimen,Canthidium sp 3,Number of Individuals,,1,count,single observation,,both,adult,,,,,,,,,,,
PreservedSpecimen,Canthidium sp 3,Number of Individuals,,0,count,single observation,,both,adult,,,,,,,,,,,
PreservedSpecimen,Canthidium sp 3,Number of Individuals,,5,count,single observation,,both,adult,,,,,,,,,,,
PreservedSpecimen,Canthidium sp 3,Number of Individuals,,3,count,single observation,,both,adult,,,,,,,,,,,
PreservedSpecimen,Canthidium sp 3,Number of Individuals,,3,count,single observation,,both,adult,,,,,,,,,,,
PreservedSpecimen,Canthidium sp 3,Number of Individuals,,2,count,single observation,,both,adult,,,,,,,,,,,
PreservedSpecimen,Canthidium sp 3,Number of Individuals,,2,count,single observation,,both,adult,,,,,,,,,,,
PreservedSpecimen,Canthidium sp 3,Number of Individuals,,1,count,single observation,,both,adult,,,,,,,,,,,
PreservedSpecimen,Canthidium sp 3,Number of Individuals,,0,count,single observation,,both,adult,,,,,,,,,,,
PreservedSpecimen,Canthidium sp 3,Number of Individuals,,0,count,single observation,,both,adult,,,,,,,,,,,
PreservedSpecimen,Canthidium sp 3,Number of Individuals,,0,count,single observation,,both,adult,,,,,,,,,,,
PreservedSpecimen,Canthidium sp 3,Number of Individuals,,3,count,single observation,,both,adult,,,,,,,,,,,
PreservedSpecimen,Canthidium sp 3,Number of Individuals,,0,count,single observation,,both,adult,,,,,,,,,,,
PreservedSpecimen,Canthidium sp 3,Number of Individuals,,1,count,single observation,,both,adult,,,,,,,,,,,
PreservedSpecimen,Canthidium sp 3,Number of Individuals,,25,count,single observation,,both,adult,,,,,,,,,,,
PreservedSpecimen,Canthidium sp 3,Number of Individuals,,9,count,single observation,,both,adult,,,,,,,,,,,
PreservedSpecimen,Canthidium sp 3,Number of Individuals,,9,count,single observation,,both,adult,,,,,,,,,,,
HumanObservation,Canthidium sp 4,Functional Guild,"Classification based on food allocation strategies for reproduction (rollers, tunnelers, dwellers)",Tunnelers that dig tunnels directly beneath the food source where they will store their dung balls,,mode,,both,adult,,,,,,,,,,,
PreservedSpecimen,Canthidium sp 4,Biomass,,8.2,g,mean,,both,adult,,0,,,,,,,,,
PreservedSpecimen,Canthidium sp 4,Number of Individuals,,0,count,single observation,,both,adult,,,,,,,,,,,
PreservedSpecimen,Canthidium sp 4,Number of Individuals,,0,count,single observation,,both,adult,,,,,,,,,,,
PreservedSpecimen,Canthidium sp 4,Number of Individuals,,0,count,single observation,,both,adult,,,,,,,,,,,
PreservedSpecimen,Canthidium sp 4,Number of Individuals,,0,count,single observation,,both,adult,,,,,,,,,,,
PreservedSpecimen,Canthidium sp 4,Number of Individuals,,0,count,single observation,,both,adult,,,,,,,,,,,
PreservedSpecimen,Canthidium sp 4,Number of Individuals,,0,count,single observation,,both,adult,,,,,,,,,,,
PreservedSpecimen,Canthidium sp 4,Number of Individuals,,0,count,single observation,,both,adult,,,,,,,,,,,
PreservedSpecimen,Canthidium sp 4,Number of Individuals,,0,count,single observation,,both,adult,,,,,,,,,,,
PreservedSpecimen,Canthidium sp 4,Number of Individuals,,0,count,single observation,,both,adult,,,,,,,,,,,
PreservedSpecimen,Canthidium sp 4,Number of Individuals,,1,count,single observation,,both,adult,,,,,,,,,,,
PreservedSpecimen,Canthidium sp 4,Number of Individuals,,0,count,single observation,,both,adult,,,,,,,,,,,
PreservedSpecimen,Canthidium sp 4,Number of Individuals,,5,count,single observation,,both,adult,,,,,,,,,,,
PreservedSpecimen,Canthidium sp 4,Number of Individuals,,0,count,single observation,,both,adult,,,,,,,,,,,
PreservedSpecimen,Canthidium sp 4,Number of Individuals,,0,count,single observation,,both,adult,,,,,,,,,,,
PreservedSpecimen,Canthidium sp 4,Number of Individuals,,1,count,single observation,,both,adult,,,,,,,,,,,
PreservedSpecimen,Canthidium sp 4,Number of Individuals,,0,count,single observation,,both,adult,,,,,,,,,,,
PreservedSpecimen,Canthidium sp 4,Number of Individuals,,1,count,single observation,,both,adult,,,,,,,,,,,
PreservedSpecimen,Canthidium sp 4,Number of Individuals,,0,count,single observation,,both,adult,,,,,,,,,,,
PreservedSpecimen,Canthidium sp 4,Number of Individuals,,0,count,single observation,,both,adult,,,,,,,,,,,
PreservedSpecimen,Canthidium sp 4,Number of Individuals,,0,count,single observation,,both,adult,,,,,,,,,,,
PreservedSpecimen,Canthidium sp 4,Number of Individuals,,0,count,single observation,,both,adult,,,,,,,,,,,
HumanObservation,Canthidium sp 5,Functional Guild,"Classification based on food allocation strategies for reproduction (rollers, tunnelers, dwellers)",Tunnelers that dig tunnels directly beneath the food source where they will store their dung balls,,mode,,both,adult,,,,,,,,,,,
PreservedSpecimen,Canthidium sp 5,Biomass,,7.2,g,mean,,both,adult,,2,,,,,,,,,
PreservedSpecimen,Canthidium sp 5,Number of Individuals,,0,count,single observation,,both,adult,,,,,,,,,,,
PreservedSpecimen,Canthidium sp 5,Number of Individuals,,1,count,single observation,,both,adult,,,,,,,,,,,
PreservedSpecimen,Canthidium sp 5,Number of Individuals,,1,count,single observation,,both,adult,,,,,,,,,,,
PreservedSpecimen,Canthidium sp 5,Number of Individuals,,0,count,single observation,,both,adult,,,,,,,,,,,
PreservedSpecimen,Canthidium sp 5,Number of Individuals,,0,count,single observation,,both,adult,,,,,,,,,,,
PreservedSpecimen,Canthidium sp 5,Number of Individuals,,0,count,single observation,,both,adult,,,,,,,,,,,
PreservedSpecimen,Canthidium sp 5,Number of Individuals,,0,count,single observation,,both,adult,,,,,,,,,,,
PreservedSpecimen,Canthidium sp 5,Number of Individuals,,0,count,single observation,,both,adult,,,,,,,,,,,
PreservedSpecimen,Canthidium sp 5,Number of Individuals,,0,count,single observation,,both,adult,,,,,,,,,,,
PreservedSpecimen,Canthidium sp 5,Number of Individuals,,0,count,single observation,,both,adult,,,,,,,,,,,
PreservedSpecimen,Canthidium sp 5,Number of Individuals,,0,count,single observation,,both,adult,,,,,,,,,,,
PreservedSpecimen,Canthidium sp 5,Number of Individuals,,0,count,single observation,,both,adult,,,,,,,,,,,
PreservedSpecimen,Canthidium sp 5,Number of Individuals,,0,count,single observation,,both,adult,,,,,,,,,,,
PreservedSpecimen,Canthidium sp 5,Number of Individuals,,0,count,single observation,,both,adult,,,,,,,,,,,
PreservedSpecimen,Canthidium sp 5,Number of Individuals,,0,count,single observation,,both,adult,,,,,,,,,,,
PreservedSpecimen,Canthidium sp 5,Number of Individuals,,0,count,single observation,,both,adult,,,,,,,,,,,
PreservedSpecimen,Canthidium sp 5,Number of Individuals,,0,count,single observation,,both,adult,,,,,,,,,,,
PreservedSpecimen,Canthidium sp 5,Number of Individuals,,0,count,single observation,,both,adult,,,,,,,,,,,
PreservedSpecimen,Canthidium sp 5,Number of Individuals,,0,count,single observation,,both,adult,,,,,,,,,,,
PreservedSpecimen,Canthidium sp 5,Number of Individuals,,0,count,single observation,,both,adult,,,,,,,,,,,
PreservedSpecimen,Canthidium sp 5,Number of Individuals,,0,count,single observation,,both,adult,,,,,,,,,,,
HumanObservation,Canthidium sp 6,Functional Guild,"Classification based on food allocation strategies for reproduction (rollers, tunnelers, dwellers)",Tunnelers that dig tunnels directly beneath the food source where they will store their dung balls,,mode,,both,adult,,,,,,,,,,,
PreservedSpecimen,Canthidium sp 6,Biomass,,11.8,g,mean,,both,adult,,1,,,,,,,,,
PreservedSpecimen,Canthidium sp 6,Number of Individuals,,0,count,single observation,,both,adult,,,,,,,,,,,
PreservedSpecimen,Canthidium sp 6,Number of Individuals,,1,count,single observation,,both,adult,,,,,,,,,,,
PreservedSpecimen,Canthidium sp 6,Number of Individuals,,8,count,single observation,,both,adult,,,,,,,,,,,
PreservedSpecimen,Canthidium sp 6,Number of Individuals,,0,count,single observation,,both,adult,,,,,,,,,,,
PreservedSpecimen,Canthidium sp 6,Number of Individuals,,0,count,single observation,,both,adult,,,,,,,,,,,
PreservedSpecimen,Canthidium sp 6,Number of Individuals,,0,count,single observation,,both,adult,,,,,,,,,,,
PreservedSpecimen,Canthidium sp 6,Number of Individuals,,0,count,single observation,,both,adult,,,,,,,,,,,
PreservedSpecimen,Canthidium sp 6,Number of Individuals,,1,count,single observation,,both,adult,,,,,,,,,,,
PreservedSpecimen,Canthidium sp 6,Number of Individuals,,0,count,single observation,,both,adult,,,,,,,,,,,
PreservedSpecimen,Canthidium sp 6,Number of Individuals,,0,count,single observation,,both,adult,,,,,,,,,,,
PreservedSpecimen,Canthidium sp 6,Number of Individuals,,0,count,single observation,,both,adult,,,,,,,,,,,
PreservedSpecimen,Canthidium sp 6,Number of Individuals,,0,count,single observation,,both,adult,,,,,,,,,,,
PreservedSpecimen,Canthidium sp 6,Number of Individuals,,0,count,single observation,,both,adult,,,,,,,,,,,
PreservedSpecimen,Canthidium sp 6,Number of Individuals,,0,count,single observation,,both,adult,,,,,,,,,,,
PreservedSpecimen,Canthidium sp 6,Number of Individuals,,0,count,single observation,,both,adult,,,,,,,,,,,
PreservedSpecimen,Canthidium sp 6,Number of Individuals,,1,count,single observation,,both,adult,,,,,,,,,,,
PreservedSpecimen,Canthidium sp 6,Number of Individuals,,0,count,single observation,,both,adult,,,,,,,,,,,
PreservedSpecimen,Canthidium sp 6,Number of Individuals,,0,count,single observation,,both,adult,,,,,,,,,,,
PreservedSpecimen,Canthidium sp 6,Number of Individuals,,0,count,single observation,,both,adult,,,,,,,,,,,
PreservedSpecimen,Canthidium sp 6,Number of Individuals,,0,count,single observation,,both,adult,,,,,,,,,,,
PreservedSpecimen,Canthidium sp 6,Number of Individuals,,0,count,single observation,,both,adult,,,,,,,,,,,
HumanObservation,Canthidium sp 8,Functional Guild,"Classification based on food allocation strategies for reproduction (rollers, tunnelers, dwellers)",Tunnelers that dig tunnels directly beneath the food source where they will store their dung balls,,mode,,both,adult,,,,,,,,,,,
PreservedSpecimen,Canthidium sp 8,Biomass,,7.9,g,mean,,both,adult,,0,,,,,,,,,
PreservedSpecimen,Canthidium sp 8,Number of Individuals,,0,count,single observation,,both,adult,,,,,,,,,,,
PreservedSpecimen,Canthidium sp 8,Number of Individuals,,0,count,single observation,,both,adult,,,,,,,,,,,
PreservedSpecimen,Canthidium sp 8,Number of Individuals,,0,count,single observation,,both,adult,,,,,,,,,,,
PreservedSpecimen,Canthidium sp 8,Number of Individuals,,7,count,single observation,,both,adult,,,,,,,,,,,
PreservedSpecimen,Canthidium sp 8,Number of Individuals,,0,count,single observation,,both,adult,,,,,,,,,,,
PreservedSpecimen,Canthidium sp 8,Number of Individuals,,4,count,single observation,,both,adult,,,,,,,,,,,
PreservedSpecimen,Canthidium sp 8,Number of Individuals,,1,count,single observation,,both,adult,,,,,,,,,,,
PreservedSpecimen,Canthidium sp 8,Number of Individuals,,0,count,single observation,,both,adult,,,,,,,,,,,
PreservedSpecimen,Canthidium sp 8,Number of Individuals,,1,count,single observation,,both,adult,,,,,,,,,,,
PreservedSpecimen,Canthidium sp 8,Number of Individuals,,7,count,single observation,,both,adult,,,,,,,,,,,
PreservedSpecimen,Canthidium sp 8,Number of Individuals,,4,count,single observation,,both,adult,,,,,,,,,,,
PreservedSpecimen,Canthidium sp 8,Number of Individuals,,9,count,single observation,,both,adult,,,,,,,,,,,
PreservedSpecimen,Canthidium sp 8,Number of Individuals,,9,count,single observation,,both,adult,,,,,,,,,,,
PreservedSpecimen,Canthidium sp 8,Number of Individuals,,0,count,single observation,,both,adult,,,,,,,,,,,
PreservedSpecimen,Canthidium sp 8,Number of Individuals,,5,count,single observation,,both,adult,,,,,,,,,,,
PreservedSpecimen,Canthidium sp 8,Number of Individuals,,1,count,single observation,,both,adult,,,,,,,,,,,
PreservedSpecimen,Canthidium sp 8,Number of Individuals,,3,count,single observation,,both,adult,,,,,,,,,,,
PreservedSpecimen,Canthidium sp 8,Number of Individuals,,3,count,single observation,,both,adult,,,,,,,,,,,
PreservedSpecimen,Canthidium sp 8,Number of Individuals,,0,count,single observation,,both,adult,,,,,,,,,,,
PreservedSpecimen,Canthidium sp 8,Number of Individuals,,0,count,single observation,,both,adult,,,,,,,,,,,
PreservedSpecimen,Canthidium sp 8,Number of Individuals,,0,count,single observation,,both,adult,,,,,,,,,,,
HumanObservation,Canthidium sp 10,Functional Guild,"Classification based on food allocation strategies for reproduction (rollers, tunnelers, dwellers)",Tunnelers that dig tunnels directly beneath the food source where they will store their dung balls,,mode,,both,adult,,,,,,,,,,,
PreservedSpecimen,Canthidium sp 10,Biomass,,14.7,g,mean,,both,adult,,0,,,,,,,,,
PreservedSpecimen,Canthidium sp 10,Number of Individuals,,0,count,single observation,,both,adult,,,,,,,,,,,
PreservedSpecimen,Canthidium sp 10,Number of Individuals,,0,count,single observation,,both,adult,,,,,,,,,,,
PreservedSpecimen,Canthidium sp 10,Number of Individuals,,0,count,single observation,,both,adult,,,,,,,,,,,
PreservedSpecimen,Canthidium sp 10,Number of Individuals,,0,count,single observation,,both,adult,,,,,,,,,,,
PreservedSpecimen,Canthidium sp 10,Number of Individuals,,0,count,single observation,,both,adult,,,,,,,,,,,
PreservedSpecimen,Canthidium sp 10,Number of Individuals,,0,count,single observation,,both,adult,,,,,,,,,,,
PreservedSpecimen,Canthidium sp 10,Number of Individuals,,1,count,single observation,,both,adult,,,,,,,,,,,
PreservedSpecimen,Canthidium sp 10,Number of Individuals,,0,count,single observation,,both,adult,,,,,,,,,,,
PreservedSpecimen,Canthidium sp 10,Number of Individuals,,0,count,single observation,,both,adult,,,,,,,,,,,
PreservedSpecimen,Canthidium sp 10,Number of Individuals,,0,count,single observation,,both,adult,,,,,,,,,,,
PreservedSpecimen,Canthidium sp 10,Number of Individuals,,0,count,single observation,,both,adult,,,,,,,,,,,
PreservedSpecimen,Canthidium sp 10,Number of Individuals,,0,count,single observation,,both,adult,,,,,,,,,,,
PreservedSpecimen,Canthidium sp 10,Number of Individuals,,0,count,single observation,,both,adult,,,,,,,,,,,
PreservedSpecimen,Canthidium sp 10,Number of Individuals,,0,count,single observation,,both,adult,,,,,,,,,,,
PreservedSpecimen,Canthidium sp 10,Number of Individuals,,0,count,single observation,,both,adult,,,,,,,,,,,
PreservedSpecimen,Canthidium sp 10,Number of Individuals,,0,count,single observation,,both,adult,,,,,,,,,,,
PreservedSpecimen,Canthidium sp 10,Number of Individuals,,17,count,single observation,,both,adult,,,,,,,,,,,
PreservedSpecimen,Canthidium sp 10,Number of Individuals,,8,count,single observation,,both,adult,,,,,,,,,,,
PreservedSpecimen,Canthidium sp 10,Number of Individuals,,3,count,single observation,,both,adult,,,,,,,,,,,
PreservedSpecimen,Canthidium sp 10,Number of Individuals,,21,count,single observation,,both,adult,,,,,,,,,,,
PreservedSpecimen,Canthidium sp 10,Number of Individuals,,0,count,single observation,,both,adult,,,,,,,,,,,
HumanObservation,Canthon aff podagricus,Functional Guild,"Classification based on food allocation strategies for reproduction (rollers, tunnelers, dwellers)",Telecoprid,,mode,,both,adult,,,,,,,,,,,
PreservedSpecimen,Canthon aff podagricus,Biomass,,6.4,g,mean,,both,adult,,0,,,,,,,,,
PreservedSpecimen,Canthon aff podagricus,Number of Individuals,,0,count,single observation,,both,adult,,,,,,,,,,,
PreservedSpecimen,Canthon aff podagricus,Number of Individuals,,0,count,single observation,,both,adult,,,,,,,,,,,
PreservedSpecimen,Canthon aff podagricus,Number of Individuals,,0,count,single observation,,both,adult,,,,,,,,,,,
PreservedSpecimen,Canthon aff podagricus,Number of Individuals,,0,count,single observation,,both,adult,,,,,,,,,,,
PreservedSpecimen,Canthon aff podagricus,Number of Individuals,,0,count,single observation,,both,adult,,,,,,,,,,,
PreservedSpecimen,Canthon aff podagricus,Number of Individuals,,0,count,single observation,,both,adult,,,,,,,,,,,
PreservedSpecimen,Canthon aff podagricus,Number of Individuals,,0,count,single observation,,both,adult,,,,,,,,,,,
PreservedSpecimen,Canthon aff podagricus,Number of Individuals,,0,count,single observation,,both,adult,,,,,,,,,,,
PreservedSpecimen,Canthon aff podagricus,Number of Individuals,,0,count,single observation,,both,adult,,,,,,,,,,,
PreservedSpecimen,Canthon aff podagricus,Number of Individuals,,0,count,single observation,,both,adult,,,,,,,,,,,
PreservedSpecimen,Canthon aff podagricus,Number of Individuals,,0,count,single observation,,both,adult,,,,,,,,,,,
PreservedSpecimen,Canthon aff podagricus,Number of Individuals,,3,count,single observation,,both,adult,,,,,,,,,,,
PreservedSpecimen,Canthon aff podagricus,Number of Individuals,,0,count,single observation,,both,adult,,,,,,,,,,,
PreservedSpecimen,Canthon aff podagricus,Number of Individuals,,0,count,single observation,,both,adult,,,,,,,,,,,
PreservedSpecimen,Canthon aff podagricus,Number of Individuals,,0,count,single observation,,both,adult,,,,,,,,,,,
PreservedSpecimen,Canthon aff podagricus,Number of Individuals,,0,count,single observation,,both,adult,,,,,,,,,,,
PreservedSpecimen,Canthon aff podagricus,Number of Individuals,,0,count,single observation,,both,adult,,,,,,,,,,,
PreservedSpecimen,Canthon aff podagricus,Number of Individuals,,0,count,single observation,,both,adult,,,,,,,,,,,
PreservedSpecimen,Canthon aff podagricus,Number of Individuals,,0,count,single observation,,both,adult,,,,,,,,,,,
PreservedSpecimen,Canthon aff podagricus,Number of Individuals,,0,count,single observation,,both,adult,,,,,,,,,,,
PreservedSpecimen,Canthon aff podagricus,Number of Individuals,,0,count,single observation,,both,adult,,,,,,,,,,,
HumanObservation,Canthon lamproderes,Functional Guild,"Classification based on food allocation strategies for reproduction (rollers, tunnelers, dwellers)",Telecoprid,,mode,,both,adult,,,,,,,,,,,
PreservedSpecimen,Canthon lamproderes,Biomass,,72.9,g,mean,,both,adult,,0,,,,,,,,,
PreservedSpecimen,Canthon lamproderes,Number of Individuals,,0,count,single observation,,both,adult,,,,,,,,,,,
PreservedSpecimen,Canthon lamproderes,Number of Individuals,,0,count,single observation,,both,adult,,,,,,,,,,,
PreservedSpecimen,Canthon lamproderes,Number of Individuals,,0,count,single observation,,both,adult,,,,,,,,,,,
PreservedSpecimen,Canthon lamproderes,Number of Individuals,,0,count,single observation,,both,adult,,,,,,,,,,,
PreservedSpecimen,Canthon lamproderes,Number of Individuals,,0,count,single observation,,both,adult,,,,,,,,,,,
PreservedSpecimen,Canthon lamproderes,Number of Individuals,,0,count,single observation,,both,adult,,,,,,,,,,,
PreservedSpecimen,Canthon lamproderes,Number of Individuals,,0,count,single observation,,both,adult,,,,,,,,,,,
PreservedSpecimen,Canthon lamproderes,Number of Individuals,,0,count,single observation,,both,adult,,,,,,,,,,,
PreservedSpecimen,Canthon lamproderes,Number of Individuals,,0,count,single observation,,both,adult,,,,,,,,,,,
PreservedSpecimen,Canthon lamproderes,Number of Individuals,,0,count,single observation,,both,adult,,,,,,,,,,,
PreservedSpecimen,Canthon lamproderes,Number of Individuals,,0,count,single observation,,both,adult,,,,,,,,,,,
PreservedSpecimen,Canthon lamproderes,Number of Individuals,,0,count,single observation,,both,adult,,,,,,,,,,,
PreservedSpecimen,Canthon lamproderes,Number of Individuals,,0,count,single observation,,both,adult,,,,,,,,,,,
PreservedSpecimen,Canthon lamproderes,Number of Individuals,,0,count,single observation,,both,adult,,,,,,,,,,,
PreservedSpecimen,Canthon lamproderes,Number of Individuals,,0,count,single observation,,both,adult,,,,,,,,,,,
PreservedSpecimen,Canthon lamproderes,Number of Individuals,,0,count,single observation,,both,adult,,,,,,,,,,,
PreservedSpecimen,Canthon lamproderes,Number of Individuals,,0,count,single observation,,both,adult,,,,,,,,,,,
PreservedSpecimen,Canthon lamproderes,Number of Individuals,,0,count,single observation,,both,adult,,,,,,,,,,,
PreservedSpecimen,Canthon lamproderes,Number of Individuals,,0,count,single observation,,both,adult,,,,,,,,,,,
PreservedSpecimen,Canthon lamproderes,Number of Individuals,,10,count,single observation,,both,adult,,,,,,,,,,,
PreservedSpecimen,Canthon lamproderes,Number of Individuals,,9,count,single observation,,both,adult,,,,,,,,,,,
HumanObservation,Canthon sp 1,Functional Guild,"Classification based on food allocation strategies for reproduction (rollers, tunnelers, dwellers)",Telecoprid,,mode,,both,adult,,,,,,,,,,,
PreservedSpecimen,Canthon sp 1,Biomass,,5.9,g,mean,,both,adult,,0,,,,,,,,,
PreservedSpecimen,Canthon sp 1,Number of Individuals,,0,count,single observation,,both,adult,,,,,,,,,,,
PreservedSpecimen,Canthon sp 1,Number of Individuals,,0,count,single observation,,both,adult,,,,,,,,,,,
PreservedSpecimen,Canthon sp 1,Number of Individuals,,0,count,single observation,,both,adult,,,,,,,,,,,
PreservedSpecimen,Canthon sp 1,Number of Individuals,,6,count,single observation,,both,adult,,,,,,,,,,,
PreservedSpecimen,Canthon sp 1,Number of Individuals,,7,count,single observation,,both,adult,,,,,,,,,,,
PreservedSpecimen,Canthon sp 1,Number of Individuals,,3,count,single observation,,both,adult,,,,,,,,,,,
PreservedSpecimen,Canthon sp 1,Number of Individuals,,2,count,single observation,,both,adult,,,,,,,,,,,
PreservedSpecimen,Canthon sp 1,Number of Individuals,,1,count,single observation,,both,adult,,,,,,,,,,,
PreservedSpecimen,Canthon sp 1,Number of Individuals,,9,count,single observation,,both,adult,,,,,,,,,,,
PreservedSpecimen,Canthon sp 1,Number of Individuals,,1,count,single observation,,both,adult,,,,,,,,,,,
PreservedSpecimen,Canthon sp 1,Number of Individuals,,1,count,single observation,,both,adult,,,,,,,,,,,
PreservedSpecimen,Canthon sp 1,Number of Individuals,,9,count,single observation,,both,adult,,,,,,,,,,,
PreservedSpecimen,Canthon sp 1,Number of Individuals,,0,count,single observation,,both,adult,,,,,,,,,,,
PreservedSpecimen,Canthon sp 1,Number of Individuals,,0,count,single observation,,both,adult,,,,,,,,,,,
PreservedSpecimen,Canthon sp 1,Number of Individuals,,9,count,single observation,,both,adult,,,,,,,,,,,
PreservedSpecimen,Canthon sp 1,Number of Individuals,,59,count,single observation,,both,adult,,,,,,,,,,,
PreservedSpecimen,Canthon sp 1,Number of Individuals,,3,count,single observation,,both,adult,,,,,,,,,,,
PreservedSpecimen,Canthon sp 1,Number of Individuals,,7,count,single observation,,both,adult,,,,,,,,,,,
PreservedSpecimen,Canthon sp 1,Number of Individuals,,0,count,single observation,,both,adult,,,,,,,,,,,
PreservedSpecimen,Canthon sp 1,Number of Individuals,,5,count,single observation,,both,adult,,,,,,,,,,,
PreservedSpecimen,Canthon sp 1,Number of Individuals,,0,count,single observation,,both,adult,,,,,,,,,,,
HumanObservation,Canthon sp 2,Functional Guild,"Classification based on food allocation strategies for reproduction (rollers, tunnelers, dwellers)",Telecoprid,,mode,,both,adult,,,,,,,,,,,
PreservedSpecimen,Canthon sp 2,Biomass,,30.0,g,mean,,both,adult,,0,,,,,,,,,
PreservedSpecimen,Canthon sp 2,Number of Individuals,,0,count,single observation,,both,adult,,,,,,,,,,,
PreservedSpecimen,Canthon sp 2,Number of Individuals,,0,count,single observation,,both,adult,,,,,,,,,,,
PreservedSpecimen,Canthon sp 2,Number of Individuals,,0,count,single observation,,both,adult,,,,,,,,,,,
PreservedSpecimen,Canthon sp 2,Number of Individuals,,0,count,single observation,,both,adult,,,,,,,,,,,
PreservedSpecimen,Canthon sp 2,Number of Individuals,,0,count,single observation,,both,adult,,,,,,,,,,,
PreservedSpecimen,Canthon sp 2,Number of Individuals,,0,count,single observation,,both,adult,,,,,,,,,,,
PreservedSpecimen,Canthon sp 2,Number of Individuals,,0,count,single observation,,both,adult,,,,,,,,,,,
PreservedSpecimen,Canthon sp 2,Number of Individuals,,0,count,single observation,,both,adult,,,,,,,,,,,
PreservedSpecimen,Canthon sp 2,Number of Individuals,,0,count,single observation,,both,adult,,,,,,,,,,,
PreservedSpecimen,Canthon sp 2,Number of Individuals,,0,count,single observation,,both,adult,,,,,,,,,,,
PreservedSpecimen,Canthon sp 2,Number of Individuals,,0,count,single observation,,both,adult,,,,,,,,,,,
PreservedSpecimen,Canthon sp 2,Number of Individuals,,0,count,single observation,,both,adult,,,,,,,,,,,
PreservedSpecimen,Canthon sp 2,Number of Individuals,,0,count,single observation,,both,adult,,,,,,,,,,,
PreservedSpecimen,Canthon sp 2,Number of Individuals,,0,count,single observation,,both,adult,,,,,,,,,,,
PreservedSpecimen,Canthon sp 2,Number of Individuals,,0,count,single observation,,both,adult,,,,,,,,,,,
PreservedSpecimen,Canthon sp 2,Number of Individuals,,0,count,single observation,,both,adult,,,,,,,,,,,
PreservedSpecimen,Canthon sp 2,Number of Individuals,,0,count,single observation,,both,adult,,,,,,,,,,,
PreservedSpecimen,Canthon sp 2,Number of Individuals,,0,count,single observation,,both,adult,,,,,,,,,,,
PreservedSpecimen,Canthon sp 2,Number of Individuals,,0,count,single observation,,both,adult,,,,,,,,,,,
PreservedSpecimen,Canthon sp 2,Number of Individuals,,0,count,single observation,,both,adult,,,,,,,,,,,
PreservedSpecimen,Canthon sp 2,Number of Individuals,,4,count,single observation,,both,adult,,,,,,,,,,,
HumanObservation,Canthon sp 3,Functional Guild,"Classification based on food allocation strategies for reproduction (rollers, tunnelers, dwellers)",Telecoprid,,mode,,both,adult,,,,,,,,,,,
PreservedSpecimen,Canthon sp 3,Biomass,,18.4,g,mean,,both,adult,,0,,,,,,,,,
PreservedSpecimen,Canthon sp 3,Number of Individuals,,0,count,single observation,,both,adult,,,,,,,,,,,
PreservedSpecimen,Canthon sp 3,Number of Individuals,,0,count,single observation,,both,adult,,,,,,,,,,,
PreservedSpecimen,Canthon sp 3,Number of Individuals,,0,count,single observation,,both,adult,,,,,,,,,,,
PreservedSpecimen,Canthon sp 3,Number of Individuals,,0,count,single observation,,both,adult,,,,,,,,,,,
PreservedSpecimen,Canthon sp 3,Number of Individuals,,1,count,single observation,,both,adult,,,,,,,,,,,
PreservedSpecimen,Canthon sp 3,Number of Individuals,,0,count,single observation,,both,adult,,,,,,,,,,,
PreservedSpecimen,Canthon sp 3,Number of Individuals,,0,count,single observation,,both,adult,,,,,,,,,,,
PreservedSpecimen,Canthon sp 3,Number of Individuals,,0,count,single observation,,both,adult,,,,,,,,,,,
PreservedSpecimen,Canthon sp 3,Number of Individuals,,0,count,single observation,,both,adult,,,,,,,,,,,
PreservedSpecimen,Canthon sp 3,Number of Individuals,,0,count,single observation,,both,adult,,,,,,,,,,,
PreservedSpecimen,Canthon sp 3,Number of Individuals,,0,count,single observation,,both,adult,,,,,,,,,,,
PreservedSpecimen,Canthon sp 3,Number of Individuals,,0,count,single observation,,both,adult,,,,,,,,,,,
PreservedSpecimen,Canthon sp 3,Number of Individuals,,0,count,single observation,,both,adult,,,,,,,,,,,
PreservedSpecimen,Canthon sp 3,Number of Individuals,,0,count,single observation,,both,adult,,,,,,,,,,,
PreservedSpecimen,Canthon sp 3,Number of Individuals,,0,count,single observation,,both,adult,,,,,,,,,,,
PreservedSpecimen,Canthon sp 3,Number of Individuals,,0,count,single observation,,both,adult,,,,,,,,,,,
PreservedSpecimen,Canthon sp 3,Number of Individuals,,0,count,single observation,,both,adult,,,,,,,,,,,
PreservedSpecimen,Canthon sp 3,Number of Individuals,,0,count,single observation,,both,adult,,,,,,,,,,,
PreservedSpecimen,Canthon sp 3,Number of Individuals,,0,count,single observation,,both,adult,,,,,,,,,,,
PreservedSpecimen,Canthon sp 3,Number of Individuals,,3,count,single observation,,both,adult,,,,,,,,,,,
PreservedSpecimen,Canthon sp 3,Number of Individuals,,3,count,single observation,,both,adult,,,,,,,,,,,
HumanObservation,Canthon unicolor,Functional Guild,"Classification based on food allocation strategies for reproduction (rollers, tunnelers, dwellers)",Telecoprid,,mode,,both,adult,,,,,,,,,,,
PreservedSpecimen,Canthon unicolor,Biomass,,45.3,g,mean,,both,adult,,0,,,,,,,,,
PreservedSpecimen,Canthon unicolor,Number of Individuals,,0,count,single observation,,both,adult,,,,,,,,,,,
PreservedSpecimen,Canthon unicolor,Number of Individuals,,0,count,single observation,,both,adult,,,,,,,,,,,
PreservedSpecimen,Canthon unicolor,Number of Individuals,,0,count,single observation,,both,adult,,,,,,,,,,,
PreservedSpecimen,Canthon unicolor,Number of Individuals,,0,count,single observation,,both,adult,,,,,,,,,,,
PreservedSpecimen,Canthon unicolor,Number of Individuals,,0,count,single observation,,both,adult,,,,,,,,,,,
PreservedSpecimen,Canthon unicolor,Number of Individuals,,0,count,single observation,,both,adult,,,,,,,,,,,
PreservedSpecimen,Canthon unicolor,Number of Individuals,,0,count,single observation,,both,adult,,,,,,,,,,,
PreservedSpecimen,Canthon unicolor,Number of Individuals,,0,count,single observation,,both,adult,,,,,,,,,,,
PreservedSpecimen,Canthon unicolor,Number of Individuals,,0,count,single observation,,both,adult,,,,,,,,,,,
PreservedSpecimen,Canthon unicolor,Number of Individuals,,0,count,single observation,,both,adult,,,,,,,,,,,
PreservedSpecimen,Canthon unicolor,Number of Individuals,,0,count,single observation,,both,adult,,,,,,,,,,,
PreservedSpecimen,Canthon unicolor,Number of Individuals,,0,count,single observation,,both,adult,,,,,,,,,,,
PreservedSpecimen,Canthon unicolor,Number of Individuals,,0,count,single observation,,both,adult,,,,,,,,,,,
PreservedSpecimen,Canthon unicolor,Number of Individuals,,0,count,single observation,,both,adult,,,,,,,,,,,
PreservedSpecimen,Canthon unicolor,Number of Individuals,,0,count,single observation,,both,adult,,,,,,,,,,,
PreservedSpecimen,Canthon unicolor,Number of Individuals,,0,count,single observation,,both,adult,,,,,,,,,,,
PreservedSpecimen,Canthon unicolor,Number of Individuals,,0,count,single observation,,both,adult,,,,,,,,,,,
PreservedSpecimen,Canthon unicolor,Number of Individuals,,0,count,single observation,,both,adult,,,,,,,,,,,
PreservedSpecimen,Canthon unicolor,Number of Individuals,,0,count,single observation,,both,adult,,,,,,,,,,,
PreservedSpecimen,Canthon unicolor,Number of Individuals,,2,count,single observation,,both,adult,,,,,,,,,,,
PreservedSpecimen,Canthon unicolor,Number of Individuals,,4,count,single observation,,both,adult,,,,,,,,,,,
HumanObservation,Coprophanaeus cyanescens,Functional Guild,"Classification based on food allocation strategies for reproduction (rollers, tunnelers, dwellers)",Tunnelers that dig tunnels directly beneath the food source where they will store their dung balls,,mode,,both,adult,,,,,,,,,,,
PreservedSpecimen,Coprophanaeus cyanescens,Biomass,,690.8,g,mean,,both,adult,,0,,,,,,,,,
PreservedSpecimen,Coprophanaeus cyanescens,Number of Individuals,,0,count,single observation,,both,adult,,,,,,,,,,,
PreservedSpecimen,Coprophanaeus cyanescens,Number of Individuals,,0,count,single observation,,both,adult,,,,,,,,,,,
PreservedSpecimen,Coprophanaeus cyanescens,Number of Individuals,,0,count,single observation,,both,adult,,,,,,,,,,,
PreservedSpecimen,Coprophanaeus cyanescens,Number of Individuals,,0,count,single observation,,both,adult,,,,,,,,,,,
PreservedSpecimen,Coprophanaeus cyanescens,Number of Individuals,,0,count,single observation,,both,adult,,,,,,,,,,,
PreservedSpecimen,Coprophanaeus cyanescens,Number of Individuals,,0,count,single observation,,both,adult,,,,,,,,,,,
PreservedSpecimen,Coprophanaeus cyanescens,Number of Individuals,,0,count,single observation,,both,adult,,,,,,,,,,,
PreservedSpecimen,Coprophanaeus cyanescens,Number of Individuals,,0,count,single observation,,both,adult,,,,,,,,,,,
PreservedSpecimen,Coprophanaeus cyanescens,Number of Individuals,,0,count,single observation,,both,adult,,,,,,,,,,,
PreservedSpecimen,Coprophanaeus cyanescens,Number of Individuals,,0,count,single observation,,both,adult,,,,,,,,,,,
PreservedSpecimen,Coprophanaeus cyanescens,Number of Individuals,,0,count,single observation,,both,adult,,,,,,,,,,,
PreservedSpecimen,Coprophanaeus cyanescens,Number of Individuals,,0,count,single observation,,both,adult,,,,,,,,,,,
PreservedSpecimen,Coprophanaeus cyanescens,Number of Individuals,,0,count,single observation,,both,adult,,,,,,,,,,,
PreservedSpecimen,Coprophanaeus cyanescens,Number of Individuals,,0,count,single observation,,both,adult,,,,,,,,,,,
PreservedSpecimen,Coprophanaeus cyanescens,Number of Individuals,,0,count,single observation,,both,adult,,,,,,,,,,,
PreservedSpecimen,Coprophanaeus cyanescens,Number of Individuals,,0,count,single observation,,both,adult,,,,,,,,,,,
PreservedSpecimen,Coprophanaeus cyanescens,Number of Individuals,,0,count,single observation,,both,adult,,,,,,,,,,,
PreservedSpecimen,Coprophanaeus cyanescens,Number of Individuals,,0,count,single observation,,both,adult,,,,,,,,,,,
PreservedSpecimen,Coprophanaeus cyanescens,Number of Individuals,,0,count,single observation,,both,adult,,,,,,,,,,,
PreservedSpecimen,Coprophanaeus cyanescens,Number of Individuals,,0,count,single observation,,both,adult,,,,,,,,,,,
PreservedSpecimen,Coprophanaeus cyanescens,Number of Individuals,,0,count,single observation,,both,adult,,,,,,,,,,,
HumanObservation,Coprophanaeus ensifer,Functional Guild,"Classification based on food allocation strategies for reproduction (rollers, tunnelers, dwellers)",Tunnelers that dig tunnels directly beneath the food source where they will store their dung balls,,mode,,both,adult,,,,,,,,,,,
PreservedSpecimen,Coprophanaeus ensifer,Biomass,,2050.0,g,mean,,both,adult,,0,,,,,,,,,
PreservedSpecimen,Coprophanaeus ensifer,Number of Individuals,,0,count,single observation,,both,adult,,,,,,,,,,,
PreservedSpecimen,Coprophanaeus ensifer,Number of Individuals,,0,count,single observation,,both,adult,,,,,,,,,,,
PreservedSpecimen,Coprophanaeus ensifer,Number of Individuals,,0,count,single observation,,both,adult,,,,,,,,,,,
PreservedSpecimen,Coprophanaeus ensifer,Number of Individuals,,0,count,single observation,,both,adult,,,,,,,,,,,
PreservedSpecimen,Coprophanaeus ensifer,Number of Individuals,,0,count,single observation,,both,adult,,,,,,,,,,,
PreservedSpecimen,Coprophanaeus ensifer,Number of Individuals,,0,count,single observation,,both,adult,,,,,,,,,,,
PreservedSpecimen,Coprophanaeus ensifer,Number of Individuals,,0,count,single observation,,both,adult,,,,,,,,,,,
PreservedSpecimen,Coprophanaeus ensifer,Number of Individuals,,0,count,single observation,,both,adult,,,,,,,,,,,
PreservedSpecimen,Coprophanaeus ensifer,Number of Individuals,,0,count,single observation,,both,adult,,,,,,,,,,,
PreservedSpecimen,Coprophanaeus ensifer,Number of Individuals,,0,count,single observation,,both,adult,,,,,,,,,,,
PreservedSpecimen,Coprophanaeus ensifer,Number of Individuals,,0,count,single observation,,both,adult,,,,,,,,,,,
PreservedSpecimen,Coprophanaeus ensifer,Number of Individuals,,0,count,single observation,,both,adult,,,,,,,,,,,
PreservedSpecimen,Coprophanaeus ensifer,Number of Individuals,,0,count,single observation,,both,adult,,,,,,,,,,,
PreservedSpecimen,Coprophanaeus ensifer,Number of Individuals,,0,count,single observation,,both,adult,,,,,,,,,,,
PreservedSpecimen,Coprophanaeus ensifer,Number of Individuals,,0,count,single observation,,both,adult,,,,,,,,,,,
PreservedSpecimen,Coprophanaeus ensifer,Number of Individuals,,0,count,single observation,,both,adult,,,,,,,,,,,
PreservedSpecimen,Coprophanaeus ensifer,Number of Individuals,,0,count,single observation,,both,adult,,,,,,,,,,,
PreservedSpecimen,Coprophanaeus ensifer,Number of Individuals,,0,count,single observation,,both,adult,,,,,,,,,,,
PreservedSpecimen,Coprophanaeus ensifer,Number of Individuals,,0,count,single observation,,both,adult,,,,,,,,,,,
PreservedSpecimen,Coprophanaeus ensifer,Number of Individuals,,1,count,single observation,,both,adult,,,,,,,,,,,
PreservedSpecimen,Coprophanaeus ensifer,Number of Individuals,,0,count,single observation,,both,adult,,,,,,,,,,,
HumanObservation,Coprophanaeus jasius,Functional Guild,"Classification based on food allocation strategies for reproduction (rollers, tunnelers, dwellers)",Tunnelers that dig tunnels directly beneath the food source where they will store their dung balls,,mode,,both,adult,,,,,,,,,,,
PreservedSpecimen,Coprophanaeus jasius,Biomass,,894.7,g,mean,,both,adult,,0,,,,,,,,,
PreservedSpecimen,Coprophanaeus jasius,Number of Individuals,,0,count,single observation,,both,adult,,,,,,,,,,,
PreservedSpecimen,Coprophanaeus jasius,Number of Individuals,,0,count,single observation,,both,adult,,,,,,,,,,,
PreservedSpecimen,Coprophanaeus jasius,Number of Individuals,,0,count,single observation,,both,adult,,,,,,,,,,,
PreservedSpecimen,Coprophanaeus jasius,Number of Individuals,,0,count,single observation,,both,adult,,,,,,,,,,,
PreservedSpecimen,Coprophanaeus jasius,Number of Individuals,,0,count,single observation,,both,adult,,,,,,,,,,,
PreservedSpecimen,Coprophanaeus jasius,Number of Individuals,,0,count,single observation,,both,adult,,,,,,,,,,,
PreservedSpecimen,Coprophanaeus jasius,Number of Individuals,,0,count,single observation,,both,adult,,,,,,,,,,,
PreservedSpecimen,Coprophanaeus jasius,Number of Individuals,,0,count,single observation,,both,adult,,,,,,,,,,,
PreservedSpecimen,Coprophanaeus jasius,Number of Individuals,,0,count,single observation,,both,adult,,,,,,,,,,,
PreservedSpecimen,Coprophanaeus jasius,Number of Individuals,,0,count,single observation,,both,adult,,,,,,,,,,,
PreservedSpecimen,Coprophanaeus jasius,Number of Individuals,,0,count,single observation,,both,adult,,,,,,,,,,,
PreservedSpecimen,Coprophanaeus jasius,Number of Individuals,,0,count,single observation,,both,adult,,,,,,,,,,,
PreservedSpecimen,Coprophanaeus jasius,Number of Individuals,,0,count,single observation,,both,adult,,,,,,,,,,,
PreservedSpecimen,Coprophanaeus jasius,Number of Individuals,,0,count,single observation,,both,adult,,,,,,,,,,,
PreservedSpecimen,Coprophanaeus jasius,Number of Individuals,,0,count,single observation,,both,adult,,,,,,,,,,,
PreservedSpecimen,Coprophanaeus jasius,Number of Individuals,,0,count,single observation,,both,adult,,,,,,,,,,,
PreservedSpecimen,Coprophanaeus jasius,Number of Individuals,,0,count,single observation,,both,adult,,,,,,,,,,,
PreservedSpecimen,Coprophanaeus jasius,Number of Individuals,,0,count,single observation,,both,adult,,,,,,,,,,,
PreservedSpecimen,Coprophanaeus jasius,Number of Individuals,,0,count,single observation,,both,adult,,,,,,,,,,,
PreservedSpecimen,Coprophanaeus jasius,Number of Individuals,,0,count,single observation,,both,adult,,,,,,,,,,,
PreservedSpecimen,Coprophanaeus jasius,Number of Individuals,,0,count,single observation,,both,adult,,,,,,,,,,,
HumanObservation,Coprophanaeus milon magnoi,Functional Guild,"Classification based on food allocation strategies for reproduction (rollers, tunnelers, dwellers)",Tunnelers that dig tunnels directly beneath the food source where they will store their dung balls,,mode,,both,adult,,,,,,,,,,,
PreservedSpecimen,Coprophanaeus milon magnoi,Biomass,,751.0,g,mean,,both,adult,,0,,,,,,,,,
PreservedSpecimen,Coprophanaeus milon magnoi,Number of Individuals,,0,count,single observation,,both,adult,,,,,,,,,,,
PreservedSpecimen,Coprophanaeus milon magnoi,Number of Individuals,,0,count,single observation,,both,adult,,,,,,,,,,,
PreservedSpecimen,Coprophanaeus milon magnoi,Number of Individuals,,0,count,single observation,,both,adult,,,,,,,,,,,
PreservedSpecimen,Coprophanaeus milon magnoi,Number of Individuals,,0,count,single observation,,both,adult,,,,,,,,,,,
PreservedSpecimen,Coprophanaeus milon magnoi,Number of Individuals,,0,count,single observation,,both,adult,,,,,,,,,,,
PreservedSpecimen,Coprophanaeus milon magnoi,Number of Individuals,,0,count,single observation,,both,adult,,,,,,,,,,,
PreservedSpecimen,Coprophanaeus milon magnoi,Number of Individuals,,1,count,single observation,,both,adult,,,,,,,,,,,
PreservedSpecimen,Coprophanaeus milon magnoi,Number of Individuals,,0,count,single observation,,both,adult,,,,,,,,,,,
PreservedSpecimen,Coprophanaeus milon magnoi,Number of Individuals,,0,count,single observation,,both,adult,,,,,,,,,,,
PreservedSpecimen,Coprophanaeus milon magnoi,Number of Individuals,,2,count,single observation,,both,adult,,,,,,,,,,,
PreservedSpecimen,Coprophanaeus milon magnoi,Number of Individuals,,0,count,single observation,,both,adult,,,,,,,,,,,
PreservedSpecimen,Coprophanaeus milon magnoi,Number of Individuals,,1,count,single observation,,both,adult,,,,,,,,,,,
PreservedSpecimen,Coprophanaeus milon magnoi,Number of Individuals,,0,count,single observation,,both,adult,,,,,,,,,,,
PreservedSpecimen,Coprophanaeus milon magnoi,Number of Individuals,,0,count,single observation,,both,adult,,,,,,,,,,,
PreservedSpecimen,Coprophanaeus milon magnoi,Number of Individuals,,2,count,single observation,,both,adult,,,,,,,,,,,
PreservedSpecimen,Coprophanaeus milon magnoi,Number of Individuals,,0,count,single observation,,both,adult,,,,,,,,,,,
PreservedSpecimen,Coprophanaeus milon magnoi,Number of Individuals,,0,count,single observation,,both,adult,,,,,,,,,,,
PreservedSpecimen,Coprophanaeus milon magnoi,Number of Individuals,,0,count,single observation,,both,adult,,,,,,,,,,,
PreservedSpecimen,Coprophanaeus milon magnoi,Number of Individuals,,0,count,single observation,,both,adult,,,,,,,,,,,
PreservedSpecimen,Coprophanaeus milon magnoi,Number of Individuals,,0,count,single observation,,both,adult,,,,,,,,,,,
PreservedSpecimen,Coprophanaeus milon magnoi,Number of Individuals,,0,count,single observation,,both,adult,,,,,,,,,,,
HumanObservation,Deltochilum inaequale,Functional Guild,"Classification based on food allocation strategies for reproduction (rollers, tunnelers, dwellers)",Telecoprid,,mode,,both,adult,,,,,,,,,,,
PreservedSpecimen,Deltochilum inaequale,Biomass,,582.3,g,mean,,both,adult,,5,,,,,,,,,
PreservedSpecimen,Deltochilum inaequale,Number of Individuals,,5,count,single observation,,both,adult,,,,,,,,,,,
PreservedSpecimen,Deltochilum inaequale,Number of Individuals,,3,count,single observation,,both,adult,,,,,,,,,,,
PreservedSpecimen,Deltochilum inaequale,Number of Individuals,,0,count,single observation,,both,adult,,,,,,,,,,,
PreservedSpecimen,Deltochilum inaequale,Number of Individuals,,0,count,single observation,,both,adult,,,,,,,,,,,
PreservedSpecimen,Deltochilum inaequale,Number of Individuals,,0,count,single observation,,both,adult,,,,,,,,,,,
PreservedSpecimen,Deltochilum inaequale,Number of Individuals,,6,count,single observation,,both,adult,,,,,,,,,,,
PreservedSpecimen,Deltochilum inaequale,Number of Individuals,,6,count,single observation,,both,adult,,,,,,,,,,,
PreservedSpecimen,Deltochilum inaequale,Number of Individuals,,0,count,single observation,,both,adult,,,,,,,,,,,
PreservedSpecimen,Deltochilum inaequale,Number of Individuals,,4,count,single observation,,both,adult,,,,,,,,,,,
PreservedSpecimen,Deltochilum inaequale,Number of Individuals,,0,count,single observation,,both,adult,,,,,,,,,,,
PreservedSpecimen,Deltochilum inaequale,Number of Individuals,,0,count,single observation,,both,adult,,,,,,,,,,,
PreservedSpecimen,Deltochilum inaequale,Number of Individuals,,0,count,single observation,,both,adult,,,,,,,,,,,
PreservedSpecimen,Deltochilum inaequale,Number of Individuals,,0,count,single observation,,both,adult,,,,,,,,,,,
PreservedSpecimen,Deltochilum inaequale,Number of Individuals,,0,count,single observation,,both,adult,,,,,,,,,,,
PreservedSpecimen,Deltochilum inaequale,Number of Individuals,,1,count,single observation,,both,adult,,,,,,,,,,,
PreservedSpecimen,Deltochilum inaequale,Number of Individuals,,0,count,single observation,,both,adult,,,,,,,,,,,
PreservedSpecimen,Deltochilum inaequale,Number of Individuals,,0,count,single observation,,both,adult,,,,,,,,,,,
PreservedSpecimen,Deltochilum inaequale,Number of Individuals,,0,count,single observation,,both,adult,,,,,,,,,,,
PreservedSpecimen,Deltochilum inaequale,Number of Individuals,,0,count,single observation,,both,adult,,,,,,,,,,,
PreservedSpecimen,Deltochilum inaequale,Number of Individuals,,0,count,single observation,,both,adult,,,,,,,,,,,
PreservedSpecimen,Deltochilum inaequale,Number of Individuals,,0,count,single observation,,both,adult,,,,,,,,,,,
HumanObservation,Deltochilum komareki,Functional Guild,"Classification based on food allocation strategies for reproduction (rollers, tunnelers, dwellers)",Telecoprid,,mode,,both,adult,,,,,,,,,,,
PreservedSpecimen,Deltochilum komareki,Biomass,,74.4,g,mean,,both,adult,,0,,,,,,,,,
PreservedSpecimen,Deltochilum komareki,Number of Individuals,,0,count,single observation,,both,adult,,,,,,,,,,,
PreservedSpecimen,Deltochilum komareki,Number of Individuals,,0,count,single observation,,both,adult,,,,,,,,,,,
PreservedSpecimen,Deltochilum komareki,Number of Individuals,,0,count,single observation,,both,adult,,,,,,,,,,,
PreservedSpecimen,Deltochilum komareki,Number of Individuals,,0,count,single observation,,both,adult,,,,,,,,,,,
PreservedSpecimen,Deltochilum komareki,Number of Individuals,,0,count,single observation,,both,adult,,,,,,,,,,,
PreservedSpecimen,Deltochilum komareki,Number of Individuals,,0,count,single observation,,both,adult,,,,,,,,,,,
PreservedSpecimen,Deltochilum komareki,Number of Individuals,,0,count,single observation,,both,adult,,,,,,,,,,,
PreservedSpecimen,Deltochilum komareki,Number of Individuals,,0,count,single observation,,both,adult,,,,,,,,,,,
PreservedSpecimen,Deltochilum komareki,Number of Individuals,,0,count,single observation,,both,adult,,,,,,,,,,,
PreservedSpecimen,Deltochilum komareki,Number of Individuals,,0,count,single observation,,both,adult,,,,,,,,,,,
PreservedSpecimen,Deltochilum komareki,Number of Individuals,,0,count,single observation,,both,adult,,,,,,,,,,,
PreservedSpecimen,Deltochilum komareki,Number of Individuals,,0,count,single observation,,both,adult,,,,,,,,,,,
PreservedSpecimen,Deltochilum komareki,Number of Individuals,,0,count,single observation,,both,adult,,,,,,,,,,,
PreservedSpecimen,Deltochilum komareki,Number of Individuals,,0,count,single observation,,both,adult,,,,,,,,,,,
PreservedSpecimen,Deltochilum komareki,Number of Individuals,,0,count,single observation,,both,adult,,,,,,,,,,,
PreservedSpecimen,Deltochilum komareki,Number of Individuals,,1,count,single observation,,both,adult,,,,,,,,,,,
PreservedSpecimen,Deltochilum komareki,Number of Individuals,,1,count,single observation,,both,adult,,,,,,,,,,,
PreservedSpecimen,Deltochilum komareki,Number of Individuals,,3,count,single observation,,both,adult,,,,,,,,,,,
PreservedSpecimen,Deltochilum komareki,Number of Individuals,,2,count,single observation,,both,adult,,,,,,,,,,,
PreservedSpecimen,Deltochilum komareki,Number of Individuals,,4,count,single observation,,both,adult,,,,,,,,,,,
PreservedSpecimen,Deltochilum komareki,Number of Individuals,,2,count,single observation,,both,adult,,,,,,,,,,,
HumanObservation,Deltochilum pseudoicarus,Functional Guild,"Classification based on food allocation strategies for reproduction (rollers, tunnelers, dwellers)",Telecoprid,,mode,,both,adult,,,,,,,,,,,
PreservedSpecimen,Deltochilum pseudoicarus,Biomass,,464.2,g,mean,,both,adult,,0,,,,,,,,,
PreservedSpecimen,Deltochilum pseudoicarus,Number of Individuals,,0,count,single observation,,both,adult,,,,,,,,,,,
PreservedSpecimen,Deltochilum pseudoicarus,Number of Individuals,,0,count,single observation,,both,adult,,,,,,,,,,,
PreservedSpecimen,Deltochilum pseudoicarus,Number of Individuals,,0,count,single observation,,both,adult,,,,,,,,,,,
PreservedSpecimen,Deltochilum pseudoicarus,Number of Individuals,,6,count,single observation,,both,adult,,,,,,,,,,,
PreservedSpecimen,Deltochilum pseudoicarus,Number of Individuals,,8,count,single observation,,both,adult,,,,,,,,,,,
PreservedSpecimen,Deltochilum pseudoicarus,Number of Individuals,,0,count,single observation,,both,adult,,,,,,,,,,,
PreservedSpecimen,Deltochilum pseudoicarus,Number of Individuals,,0,count,single observation,,both,adult,,,,,,,,,,,
PreservedSpecimen,Deltochilum pseudoicarus,Number of Individuals,,1,count,single observation,,both,adult,,,,,,,,,,,
PreservedSpecimen,Deltochilum pseudoicarus,Number of Individuals,,0,count,single observation,,both,adult,,,,,,,,,,,
PreservedSpecimen,Deltochilum pseudoicarus,Number of Individuals,,1,count,single observation,,both,adult,,,,,,,,,,,
PreservedSpecimen,Deltochilum pseudoicarus,Number of Individuals,,3,count,single observation,,both,adult,,,,,,,,,,,
PreservedSpecimen,Deltochilum pseudoicarus,Number of Individuals,,2,count,single observation,,both,adult,,,,,,,,,,,
PreservedSpecimen,Deltochilum pseudoicarus,Number of Individuals,,0,count,single observation,,both,adult,,,,,,,,,,,
PreservedSpecimen,Deltochilum pseudoicarus,Number of Individuals,,0,count,single observation,,both,adult,,,,,,,,,,,
PreservedSpecimen,Deltochilum pseudoicarus,Number of Individuals,,1,count,single observation,,both,adult,,,,,,,,,,,
PreservedSpecimen,Deltochilum pseudoicarus,Number of Individuals,,6,count,single observation,,both,adult,,,,,,,,,,,
PreservedSpecimen,Deltochilum pseudoicarus,Number of Individuals,,7,count,single observation,,both,adult,,,,,,,,,,,
PreservedSpecimen,Deltochilum pseudoicarus,Number of Individuals,,1,count,single observation,,both,adult,,,,,,,,,,,
PreservedSpecimen,Deltochilum pseudoicarus,Number of Individuals,,0,count,single observation,,both,adult,,,,,,,,,,,
PreservedSpecimen,Deltochilum pseudoicarus,Number of Individuals,,1,count,single observation,,both,adult,,,,,,,,,,,
PreservedSpecimen,Deltochilum pseudoicarus,Number of Individuals,,0,count,single observation,,both,adult,,,,,,,,,,,
HumanObservation,Dichotomius bos,Functional Guild,"Classification based on food allocation strategies for reproduction (rollers, tunnelers, dwellers)",Tunnelers that dig tunnels directly beneath the food source where they will store their dung balls,,mode,,both,adult,,,,,,,,,,,
PreservedSpecimen,Dichotomius bos,Biomass,,347.7,g,mean,,both,adult,,0,,,,,,,,,
PreservedSpecimen,Dichotomius bos,Number of Individuals,,0,count,single observation,,both,adult,,,,,,,,,,,
PreservedSpecimen,Dichotomius bos,Number of Individuals,,0,count,single observation,,both,adult,,,,,,,,,,,
PreservedSpecimen,Dichotomius bos,Number of Individuals,,0,count,single observation,,both,adult,,,,,,,,,,,
PreservedSpecimen,Dichotomius bos,Number of Individuals,,0,count,single observation,,both,adult,,,,,,,,,,,
PreservedSpecimen,Dichotomius bos,Number of Individuals,,0,count,single observation,,both,adult,,,,,,,,,,,
PreservedSpecimen,Dichotomius bos,Number of Individuals,,0,count,single observation,,both,adult,,,,,,,,,,,
PreservedSpecimen,Dichotomius bos,Number of Individuals,,0,count,single observation,,both,adult,,,,,,,,,,,
PreservedSpecimen,Dichotomius bos,Number of Individuals,,0,count,single observation,,both,adult,,,,,,,,,,,
PreservedSpecimen,Dichotomius bos,Number of Individuals,,0,count,single observation,,both,adult,,,,,,,,,,,
PreservedSpecimen,Dichotomius bos,Number of Individuals,,0,count,single observation,,both,adult,,,,,,,,,,,
PreservedSpecimen,Dichotomius bos,Number of Individuals,,0,count,single observation,,both,adult,,,,,,,,,,,
PreservedSpecimen,Dichotomius bos,Number of Individuals,,0,count,single observation,,both,adult,,,,,,,,,,,
PreservedSpecimen,Dichotomius bos,Number of Individuals,,0,count,single observation,,both,adult,,,,,,,,,,,
PreservedSpecimen,Dichotomius bos,Number of Individuals,,1,count,single observation,,both,adult,,,,,,,,,,,
PreservedSpecimen,Dichotomius bos,Number of Individuals,,0,count,single observation,,both,adult,,,,,,,,,,,
PreservedSpecimen,Dichotomius bos,Number of Individuals,,0,count,single observation,,both,adult,,,,,,,,,,,
PreservedSpecimen,Dichotomius bos,Number of Individuals,,0,count,single observation,,both,adult,,,,,,,,,,,
PreservedSpecimen,Dichotomius bos,Number of Individuals,,0,count,single observation,,both,adult,,,,,,,,,,,
PreservedSpecimen,Dichotomius bos,Number of Individuals,,0,count,single observation,,both,adult,,,,,,,,,,,
PreservedSpecimen,Dichotomius bos,Number of Individuals,,3,count,single observation,,both,adult,,,,,,,,,,,
PreservedSpecimen,Dichotomius bos,Number of Individuals,,3,count,single observation,,both,adult,,,,,,,,,,,
HumanObservation,Dichotomius crinicollis,Functional Guild,"Classification based on food allocation strategies for reproduction (rollers, tunnelers, dwellers)",Tunnelers that dig tunnels directly beneath the food source where they will store their dung balls,,mode,,both,adult,,,,,,,,,,,
PreservedSpecimen,Dichotomius crinicollis,Biomass,,385.2,g,mean,,both,adult,,0,,,,,,,,,
PreservedSpecimen,Dichotomius crinicollis,Number of Individuals,,0,count,single observation,,both,adult,,,,,,,,,,,
PreservedSpecimen,Dichotomius crinicollis,Number of Individuals,,0,count,single observation,,both,adult,,,,,,,,,,,
PreservedSpecimen,Dichotomius crinicollis,Number of Individuals,,0,count,single observation,,both,adult,,,,,,,,,,,
PreservedSpecimen,Dichotomius crinicollis,Number of Individuals,,0,count,single observation,,both,adult,,,,,,,,,,,
PreservedSpecimen,Dichotomius crinicollis,Number of Individuals,,0,count,single observation,,both,adult,,,,,,,,,,,
PreservedSpecimen,Dichotomius crinicollis,Number of Individuals,,0,count,single observation,,both,adult,,,,,,,,,,,
PreservedSpecimen,Dichotomius crinicollis,Number of Individuals,,0,count,single observation,,both,adult,,,,,,,,,,,
PreservedSpecimen,Dichotomius crinicollis,Number of Individuals,,0,count,single observation,,both,adult,,,,,,,,,,,
PreservedSpecimen,Dichotomius crinicollis,Number of Individuals,,0,count,single observation,,both,adult,,,,,,,,,,,
PreservedSpecimen,Dichotomius crinicollis,Number of Individuals,,0,count,single observation,,both,adult,,,,,,,,,,,
PreservedSpecimen,Dichotomius crinicollis,Number of Individuals,,0,count,single observation,,both,adult,,,,,,,,,,,
PreservedSpecimen,Dichotomius crinicollis,Number of Individuals,,0,count,single observation,,both,adult,,,,,,,,,,,
PreservedSpecimen,Dichotomius crinicollis,Number of Individuals,,1,count,single observation,,both,adult,,,,,,,,,,,
PreservedSpecimen,Dichotomius crinicollis,Number of Individuals,,0,count,single observation,,both,adult,,,,,,,,,,,
PreservedSpecimen,Dichotomius crinicollis,Number of Individuals,,0,count,single observation,,both,adult,,,,,,,,,,,
PreservedSpecimen,Dichotomius crinicollis,Number of Individuals,,0,count,single observation,,both,adult,,,,,,,,,,,
PreservedSpecimen,Dichotomius crinicollis,Number of Individuals,,0,count,single observation,,both,adult,,,,,,,,,,,
PreservedSpecimen,Dichotomius crinicollis,Number of Individuals,,0,count,single observation,,both,adult,,,,,,,,,,,
PreservedSpecimen,Dichotomius crinicollis,Number of Individuals,,1,count,single observation,,both,adult,,,,,,,,,,,
PreservedSpecimen,Dichotomius crinicollis,Number of Individuals,,0,count,single observation,,both,adult,,,,,,,,,,,
PreservedSpecimen,Dichotomius crinicollis,Number of Individuals,,4,count,single observation,,both,adult,,,,,,,,,,,
HumanObservation,Dichotomius depressicollis,Functional Guild,"Classification based on food allocation strategies for reproduction (rollers, tunnelers, dwellers)",Tunnelers that dig tunnels directly beneath the food source where they will store their dung balls,,mode,,both,adult,,,,,,,,,,,
PreservedSpecimen,Dichotomius depressicollis,Biomass,,338.3,g,mean,,both,adult,,0,,,,,,,,,
PreservedSpecimen,Dichotomius depressicollis,Number of Individuals,,0,count,single observation,,both,adult,,,,,,,,,,,
PreservedSpecimen,Dichotomius depressicollis,Number of Individuals,,1,count,single observation,,both,adult,,,,,,,,,,,
PreservedSpecimen,Dichotomius depressicollis,Number of Individuals,,0,count,single observation,,both,adult,,,,,,,,,,,
PreservedSpecimen,Dichotomius depressicollis,Number of Individuals,,2,count,single observation,,both,adult,,,,,,,,,,,
PreservedSpecimen,Dichotomius depressicollis,Number of Individuals,,7,count,single observation,,both,adult,,,,,,,,,,,
PreservedSpecimen,Dichotomius depressicollis,Number of Individuals,,3,count,single observation,,both,adult,,,,,,,,,,,
PreservedSpecimen,Dichotomius depressicollis,Number of Individuals,,9,count,single observation,,both,adult,,,,,,,,,,,
PreservedSpecimen,Dichotomius depressicollis,Number of Individuals,,0,count,single observation,,both,adult,,,,,,,,,,,
PreservedSpecimen,Dichotomius depressicollis,Number of Individuals,,5,count,single observation,,both,adult,,,,,,,,,,,
PreservedSpecimen,Dichotomius depressicollis,Number of Individuals,,8,count,single observation,,both,adult,,,,,,,,,,,
PreservedSpecimen,Dichotomius depressicollis,Number of Individuals,,7,count,single observation,,both,adult,,,,,,,,,,,
PreservedSpecimen,Dichotomius depressicollis,Number of Individuals,,8,count,single observation,,both,adult,,,,,,,,,,,
PreservedSpecimen,Dichotomius depressicollis,Number of Individuals,,20,count,single observation,,both,adult,,,,,,,,,,,
PreservedSpecimen,Dichotomius depressicollis,Number of Individuals,,0,count,single observation,,both,adult,,,,,,,,,,,
PreservedSpecimen,Dichotomius depressicollis,Number of Individuals,,3,count,single observation,,both,adult,,,,,,,,,,,
PreservedSpecimen,Dichotomius depressicollis,Number of Individuals,,49,count,single observation,,both,adult,,,,,,,,,,,
PreservedSpecimen,Dichotomius depressicollis,Number of Individuals,,41,count,single observation,,both,adult,,,,,,,,,,,
PreservedSpecimen,Dichotomius depressicollis,Number of Individuals,,1,count,single observation,,both,adult,,,,,,,,,,,
PreservedSpecimen,Dichotomius depressicollis,Number of Individuals,,33,count,single observation,,both,adult,,,,,,,,,,,
PreservedSpecimen,Dichotomius depressicollis,Number of Individuals,,6,count,single observation,,both,adult,,,,,,,,,,,
PreservedSpecimen,Dichotomius depressicollis,Number of Individuals,,3,count,single observation,,both,adult,,,,,,,,,,,
HumanObservation,Dichotomius glaucus,Functional Guild,"Classification based on food allocation strategies for reproduction (rollers, tunnelers, dwellers)",Tunnelers that dig tunnels directly beneath the food source where they will store their dung balls,,mode,,both,adult,,,,,,,,,,,
PreservedSpecimen,Dichotomius glaucus,Biomass,,289.0,g,mean,,both,adult,,0,,,,,,,,,
PreservedSpecimen,Dichotomius glaucus,Number of Individuals,,0,count,single observation,,both,adult,,,,,,,,,,,
PreservedSpecimen,Dichotomius glaucus,Number of Individuals,,0,count,single observation,,both,adult,,,,,,,,,,,
PreservedSpecimen,Dichotomius glaucus,Number of Individuals,,0,count,single observation,,both,adult,,,,,,,,,,,
PreservedSpecimen,Dichotomius glaucus,Number of Individuals,,0,count,single observation,,both,adult,,,,,,,,,,,
PreservedSpecimen,Dichotomius glaucus,Number of Individuals,,1,count,single observation,,both,adult,,,,,,,,,,,
PreservedSpecimen,Dichotomius glaucus,Number of Individuals,,0,count,single observation,,both,adult,,,,,,,,,,,
PreservedSpecimen,Dichotomius glaucus,Number of Individuals,,0,count,single observation,,both,adult,,,,,,,,,,,
PreservedSpecimen,Dichotomius glaucus,Number of Individuals,,0,count,single observation,,both,adult,,,,,,,,,,,
PreservedSpecimen,Dichotomius glaucus,Number of Individuals,,0,count,single observation,,both,adult,,,,,,,,,,,
PreservedSpecimen,Dichotomius glaucus,Number of Individuals,,3,count,single observation,,both,adult,,,,,,,,,,,
PreservedSpecimen,Dichotomius glaucus,Number of Individuals,,1,count,single observation,,both,adult,,,,,,,,,,,
PreservedSpecimen,Dichotomius glaucus,Number of Individuals,,0,count,single observation,,both,adult,,,,,,,,,,,
PreservedSpecimen,Dichotomius glaucus,Number of Individuals,,1,count,single observation,,both,adult,,,,,,,,,,,
PreservedSpecimen,Dichotomius glaucus,Number of Individuals,,0,count,single observation,,both,adult,,,,,,,,,,,
PreservedSpecimen,Dichotomius glaucus,Number of Individuals,,0,count,single observation,,both,adult,,,,,,,,,,,
PreservedSpecimen,Dichotomius glaucus,Number of Individuals,,0,count,single observation,,both,adult,,,,,,,,,,,
PreservedSpecimen,Dichotomius glaucus,Number of Individuals,,0,count,single observation,,both,adult,,,,,,,,,,,
PreservedSpecimen,Dichotomius glaucus,Number of Individuals,,0,count,single observation,,both,adult,,,,,,,,,,,
PreservedSpecimen,Dichotomius glaucus,Number of Individuals,,0,count,single observation,,both,adult,,,,,,,,,,,
PreservedSpecimen,Dichotomius glaucus,Number of Individuals,,0,count,single observation,,both,adult,,,,,,,,,,,
PreservedSpecimen,Dichotomius glaucus,Number of Individuals,,0,count,single observation,,both,adult,,,,,,,,,,,
HumanObservation,Dichotomius luctuosus,Functional Guild,"Classification based on food allocation strategies for reproduction (rollers, tunnelers, dwellers)",Tunnelers that dig tunnels directly beneath the food source where they will store their dung balls,,mode,,both,adult,,,,,,,,,,,
PreservedSpecimen,Dichotomius luctuosus,Biomass,,197.3,g,mean,,both,adult,,0,,,,,,,,,
PreservedSpecimen,Dichotomius luctuosus,Number of Individuals,,0,count,single observation,,both,adult,,,,,,,,,,,
PreservedSpecimen,Dichotomius luctuosus,Number of Individuals,,7,count,single observation,,both,adult,,,,,,,,,,,
PreservedSpecimen,Dichotomius luctuosus,Number of Individuals,,3,count,single observation,,both,adult,,,,,,,,,,,
PreservedSpecimen,Dichotomius luctuosus,Number of Individuals,,0,count,single observation,,both,adult,,,,,,,,,,,
PreservedSpecimen,Dichotomius luctuosus,Number of Individuals,,0,count,single observation,,both,adult,,,,,,,,,,,
PreservedSpecimen,Dichotomius luctuosus,Number of Individuals,,0,count,single observation,,both,adult,,,,,,,,,,,
PreservedSpecimen,Dichotomius luctuosus,Number of Individuals,,1,count,single observation,,both,adult,,,,,,,,,,,
PreservedSpecimen,Dichotomius luctuosus,Number of Individuals,,1,count,single observation,,both,adult,,,,,,,,,,,
PreservedSpecimen,Dichotomius luctuosus,Number of Individuals,,1,count,single observation,,both,adult,,,,,,,,,,,
PreservedSpecimen,Dichotomius luctuosus,Number of Individuals,,0,count,single observation,,both,adult,,,,,,,,,,,
PreservedSpecimen,Dichotomius luctuosus,Number of Individuals,,0,count,single observation,,both,adult,,,,,,,,,,,
PreservedSpecimen,Dichotomius luctuosus,Number of Individuals,,0,count,single observation,,both,adult,,,,,,,,,,,
PreservedSpecimen,Dichotomius luctuosus,Number of Individuals,,0,count,single observation,,both,adult,,,,,,,,,,,
PreservedSpecimen,Dichotomius luctuosus,Number of Individuals,,2,count,single observation,,both,adult,,,,,,,,,,,
PreservedSpecimen,Dichotomius luctuosus,Number of Individuals,,0,count,single observation,,both,adult,,,,,,,,,,,
PreservedSpecimen,Dichotomius luctuosus,Number of Individuals,,0,count,single observation,,both,adult,,,,,,,,,,,
PreservedSpecimen,Dichotomius luctuosus,Number of Individuals,,0,count,single observation,,both,adult,,,,,,,,,,,
PreservedSpecimen,Dichotomius luctuosus,Number of Individuals,,1,count,single observation,,both,adult,,,,,,,,,,,
PreservedSpecimen,Dichotomius luctuosus,Number of Individuals,,0,count,single observation,,both,adult,,,,,,,,,,,
PreservedSpecimen,Dichotomius luctuosus,Number of Individuals,,0,count,single observation,,both,adult,,,,,,,,,,,
PreservedSpecimen,Dichotomius luctuosus,Number of Individuals,,1,count,single observation,,both,adult,,,,,,,,,,,
HumanObservation,Dichotomius nisus,Functional Guild,"Classification based on food allocation strategies for reproduction (rollers, tunnelers, dwellers)",Tunnelers that dig tunnels directly beneath the food source where they will store their dung balls,,mode,,both,adult,,,,,,,,,,,
PreservedSpecimen,Dichotomius nisus,Biomass,,309.8,g,mean,,both,adult,,0,,,,,,,,,
PreservedSpecimen,Dichotomius nisus,Number of Individuals,,0,count,single observation,,both,adult,,,,,,,,,,,
PreservedSpecimen,Dichotomius nisus,Number of Individuals,,0,count,single observation,,both,adult,,,,,,,,,,,
PreservedSpecimen,Dichotomius nisus,Number of Individuals,,0,count,single observation,,both,adult,,,,,,,,,,,
PreservedSpecimen,Dichotomius nisus,Number of Individuals,,0,count,single observation,,both,adult,,,,,,,,,,,
PreservedSpecimen,Dichotomius nisus,Number of Individuals,,1,count,single observation,,both,adult,,,,,,,,,,,
PreservedSpecimen,Dichotomius nisus,Number of Individuals,,1,count,single observation,,both,adult,,,,,,,,,,,
PreservedSpecimen,Dichotomius nisus,Number of Individuals,,0,count,single observation,,both,adult,,,,,,,,,,,
PreservedSpecimen,Dichotomius nisus,Number of Individuals,,0,count,single observation,,both,adult,,,,,,,,,,,
PreservedSpecimen,Dichotomius nisus,Number of Individuals,,0,count,single observation,,both,adult,,,,,,,,,,,
PreservedSpecimen,Dichotomius nisus,Number of Individuals,,2,count,single observation,,both,adult,,,,,,,,,,,
PreservedSpecimen,Dichotomius nisus,Number of Individuals,,0,count,single observation,,both,adult,,,,,,,,,,,
PreservedSpecimen,Dichotomius nisus,Number of Individuals,,1,count,single observation,,both,adult,,,,,,,,,,,
PreservedSpecimen,Dichotomius nisus,Number of Individuals,,2,count,single observation,,both,adult,,,,,,,,,,,
PreservedSpecimen,Dichotomius nisus,Number of Individuals,,2,count,single observation,,both,adult,,,,,,,,,,,
PreservedSpecimen,Dichotomius nisus,Number of Individuals,,5,count,single observation,,both,adult,,,,,,,,,,,
PreservedSpecimen,Dichotomius nisus,Number of Individuals,,1,count,single observation,,both,adult,,,,,,,,,,,
PreservedSpecimen,Dichotomius nisus,Number of Individuals,,0,count,single observation,,both,adult,,,,,,,,,,,
PreservedSpecimen,Dichotomius nisus,Number of Individuals,,1,count,single observation,,both,adult,,,,,,,,,,,
PreservedSpecimen,Dichotomius nisus,Number of Individuals,,1,count,single observation,,both,adult,,,,,,,,,,,
PreservedSpecimen,Dichotomius nisus,Number of Individuals,,1,count,single observation,,both,adult,,,,,,,,,,,
PreservedSpecimen,Dichotomius nisus,Number of Individuals,,1,count,single observation,,both,adult,,,,,,,,,,,
HumanObservation,Digitonthophagus gazella,Functional Guild,"Classification based on food allocation strategies for reproduction (rollers, tunnelers, dwellers)",Tunnelers that dig tunnels directly beneath the food source where they will store their dung balls,,mode,,both,adult,,,,,,,,,,,
PreservedSpecimen,Digitonthophagus gazella,Biomass,,51.0,g,mean,,both,adult,,0,,,,,,,,,
PreservedSpecimen,Digitonthophagus gazella,Number of Individuals,,0,count,single observation,,both,adult,,,,,,,,,,,
PreservedSpecimen,Digitonthophagus gazella,Number of Individuals,,0,count,single observation,,both,adult,,,,,,,,,,,
PreservedSpecimen,Digitonthophagus gazella,Number of Individuals,,0,count,single observation,,both,adult,,,,,,,,,,,
PreservedSpecimen,Digitonthophagus gazella,Number of Individuals,,0,count,single observation,,both,adult,,,,,,,,,,,
PreservedSpecimen,Digitonthophagus gazella,Number of Individuals,,0,count,single observation,,both,adult,,,,,,,,,,,
PreservedSpecimen,Digitonthophagus gazella,Number of Individuals,,0,count,single observation,,both,adult,,,,,,,,,,,
PreservedSpecimen,Digitonthophagus gazella,Number of Individuals,,0,count,single observation,,both,adult,,,,,,,,,,,
PreservedSpecimen,Digitonthophagus gazella,Number of Individuals,,0,count,single observation,,both,adult,,,,,,,,,,,
PreservedSpecimen,Digitonthophagus gazella,Number of Individuals,,0,count,single observation,,both,adult,,,,,,,,,,,
PreservedSpecimen,Digitonthophagus gazella,Number of Individuals,,0,count,single observation,,both,adult,,,,,,,,,,,
PreservedSpecimen,Digitonthophagus gazella,Number of Individuals,,0,count,single observation,,both,adult,,,,,,,,,,,
PreservedSpecimen,Digitonthophagus gazella,Number of Individuals,,1,count,single observation,,both,adult,,,,,,,,,,,
PreservedSpecimen,Digitonthophagus gazella,Number of Individuals,,0,count,single observation,,both,adult,,,,,,,,,,,
PreservedSpecimen,Digitonthophagus gazella,Number of Individuals,,1,count,single observation,,both,adult,,,,,,,,,,,
PreservedSpecimen,Digitonthophagus gazella,Number of Individuals,,0,count,single observation,,both,adult,,,,,,,,,,,
PreservedSpecimen,Digitonthophagus gazella,Number of Individuals,,0,count,single observation,,both,adult,,,,,,,,,,,
PreservedSpecimen,Digitonthophagus gazella,Number of Individuals,,0,count,single observation,,both,adult,,,,,,,,,,,
PreservedSpecimen,Digitonthophagus gazella,Number of Individuals,,0,count,single observation,,both,adult,,,,,,,,,,,
PreservedSpecimen,Digitonthophagus gazella,Number of Individuals,,0,count,single observation,,both,adult,,,,,,,,,,,
PreservedSpecimen,Digitonthophagus gazella,Number of Individuals,,0,count,single observation,,both,adult,,,,,,,,,,,
PreservedSpecimen,Digitonthophagus gazella,Number of Individuals,,0,count,single observation,,both,adult,,,,,,,,,,,
HumanObservation,Eurysternus nigrovirens,Functional Guild,"Classification based on food allocation strategies for reproduction (rollers, tunnelers, dwellers)",Dwellers that live and reproduce inside the food source,,mode,,both,adult,,,,,,,,,,,
PreservedSpecimen,Eurysternus nigrovirens,Biomass,,6.6,g,mean,,both,adult,,0,,,,,,,,,
PreservedSpecimen,Eurysternus nigrovirens,Number of Individuals,,0,count,single observation,,both,adult,,,,,,,,,,,
PreservedSpecimen,Eurysternus nigrovirens,Number of Individuals,,0,count,single observation,,both,adult,,,,,,,,,,,
PreservedSpecimen,Eurysternus nigrovirens,Number of Individuals,,0,count,single observation,,both,adult,,,,,,,,,,,
PreservedSpecimen,Eurysternus nigrovirens,Number of Individuals,,0,count,single observation,,both,adult,,,,,,,,,,,
PreservedSpecimen,Eurysternus nigrovirens,Number of Individuals,,0,count,single observation,,both,adult,,,,,,,,,,,
PreservedSpecimen,Eurysternus nigrovirens,Number of Individuals,,0,count,single observation,,both,adult,,,,,,,,,,,
PreservedSpecimen,Eurysternus nigrovirens,Number of Individuals,,1,count,single observation,,both,adult,,,,,,,,,,,
PreservedSpecimen,Eurysternus nigrovirens,Number of Individuals,,0,count,single observation,,both,adult,,,,,,,,,,,
PreservedSpecimen,Eurysternus nigrovirens,Number of Individuals,,1,count,single observation,,both,adult,,,,,,,,,,,
PreservedSpecimen,Eurysternus nigrovirens,Number of Individuals,,0,count,single observation,,both,adult,,,,,,,,,,,
PreservedSpecimen,Eurysternus nigrovirens,Number of Individuals,,0,count,single observation,,both,adult,,,,,,,,,,,
PreservedSpecimen,Eurysternus nigrovirens,Number of Individuals,,0,count,single observation,,both,adult,,,,,,,,,,,
PreservedSpecimen,Eurysternus nigrovirens,Number of Individuals,,0,count,single observation,,both,adult,,,,,,,,,,,
PreservedSpecimen,Eurysternus nigrovirens,Number of Individuals,,1,count,single observation,,both,adult,,,,,,,,,,,
PreservedSpecimen,Eurysternus nigrovirens,Number of Individuals,,0,count,single observation,,both,adult,,,,,,,,,,,
PreservedSpecimen,Eurysternus nigrovirens,Number of Individuals,,0,count,single observation,,both,adult,,,,,,,,,,,
PreservedSpecimen,Eurysternus nigrovirens,Number of Individuals,,1,count,single observation,,both,adult,,,,,,,,,,,
PreservedSpecimen,Eurysternus nigrovirens,Number of Individuals,,0,count,single observation,,both,adult,,,,,,,,,,,
PreservedSpecimen,Eurysternus nigrovirens,Number of Individuals,,0,count,single observation,,both,adult,,,,,,,,,,,
PreservedSpecimen,Eurysternus nigrovirens,Number of Individuals,,0,count,single observation,,both,adult,,,,,,,,,,,
PreservedSpecimen,Eurysternus nigrovirens,Number of Individuals,,1,count,single observation,,both,adult,,,,,,,,,,,
HumanObservation,Genieridium bidens,Functional Guild,"Classification based on food allocation strategies for reproduction (rollers, tunnelers, dwellers)",Dwellers that live and reproduce inside the food source,,mode,,both,adult,,,,,,,,,,,
PreservedSpecimen,Genieridium bidens,Biomass,,6.0,g,mean,,both,adult,,0,,,,,,,,,
PreservedSpecimen,Genieridium bidens,Number of Individuals,,0,count,single observation,,both,adult,,,,,,,,,,,
PreservedSpecimen,Genieridium bidens,Number of Individuals,,0,count,single observation,,both,adult,,,,,,,,,,,
PreservedSpecimen,Genieridium bidens,Number of Individuals,,0,count,single observation,,both,adult,,,,,,,,,,,
PreservedSpecimen,Genieridium bidens,Number of Individuals,,0,count,single observation,,both,adult,,,,,,,,,,,
PreservedSpecimen,Genieridium bidens,Number of Individuals,,0,count,single observation,,both,adult,,,,,,,,,,,
PreservedSpecimen,Genieridium bidens,Number of Individuals,,0,count,single observation,,both,adult,,,,,,,,,,,
PreservedSpecimen,Genieridium bidens,Number of Individuals,,0,count,single observation,,both,adult,,,,,,,,,,,
PreservedSpecimen,Genieridium bidens,Number of Individuals,,0,count,single observation,,both,adult,,,,,,,,,,,
PreservedSpecimen,Genieridium bidens,Number of Individuals,,0,count,single observation,,both,adult,,,,,,,,,,,
PreservedSpecimen,Genieridium bidens,Number of Individuals,,0,count,single observation,,both,adult,,,,,,,,,,,
PreservedSpecimen,Genieridium bidens,Number of Individuals,,0,count,single observation,,both,adult,,,,,,,,,,,
PreservedSpecimen,Genieridium bidens,Number of Individuals,,0,count,single observation,,both,adult,,,,,,,,,,,
PreservedSpecimen,Genieridium bidens,Number of Individuals,,0,count,single observation,,both,adult,,,,,,,,,,,
PreservedSpecimen,Genieridium bidens,Number of Individuals,,0,count,single observation,,both,adult,,,,,,,,,,,
PreservedSpecimen,Genieridium bidens,Number of Individuals,,0,count,single observation,,both,adult,,,,,,,,,,,
PreservedSpecimen,Genieridium bidens,Number of Individuals,,0,count,single observation,,both,adult,,,,,,,,,,,
PreservedSpecimen,Genieridium bidens,Number of Individuals,,0,count,single observation,,both,adult,,,,,,,,,,,
PreservedSpecimen,Genieridium bidens,Number of Individuals,,0,count,single observation,,both,adult,,,,,,,,,,,
PreservedSpecimen,Genieridium bidens,Number of Individuals,,1,count,single observation,,both,adult,,,,,,,,,,,
PreservedSpecimen,Genieridium bidens,Number of Individuals,,0,count,single observation,,both,adult,,,,,,,,,,,
PreservedSpecimen,Genieridium bidens,Number of Individuals,,0,count,single observation,,both,adult,,,,,,,,,,,
HumanObservation,Genieridium cryptops,Functional Guild,"Classification based on food allocation strategies for reproduction (rollers, tunnelers, dwellers)",Tunnelers that dig tunnels directly beneath the food source where they will store their dung balls,,mode,,both,adult,,,,,,,,,,,
PreservedSpecimen,Genieridium cryptops,Biomass,,79.2,g,mean,,both,adult,,0,,,,,,,,,
PreservedSpecimen,Genieridium cryptops,Number of Individuals,,0,count,single observation,,both,adult,,,,,,,,,,,
PreservedSpecimen,Genieridium cryptops,Number of Individuals,,0,count,single observation,,both,adult,,,,,,,,,,,
PreservedSpecimen,Genieridium cryptops,Number of Individuals,,0,count,single observation,,both,adult,,,,,,,,,,,
PreservedSpecimen,Genieridium cryptops,Number of Individuals,,0,count,single observation,,both,adult,,,,,,,,,,,
PreservedSpecimen,Genieridium cryptops,Number of Individuals,,0,count,single observation,,both,adult,,,,,,,,,,,
PreservedSpecimen,Genieridium cryptops,Number of Individuals,,0,count,single observation,,both,adult,,,,,,,,,,,
PreservedSpecimen,Genieridium cryptops,Number of Individuals,,6,count,single observation,,both,adult,,,,,,,,,,,
PreservedSpecimen,Genieridium cryptops,Number of Individuals,,4,count,single observation,,both,adult,,,,,,,,,,,
PreservedSpecimen,Genieridium cryptops,Number of Individuals,,1,count,single observation,,both,adult,,,,,,,,,,,
PreservedSpecimen,Genieridium cryptops,Number of Individuals,,0,count,single observation,,both,adult,,,,,,,,,,,
PreservedSpecimen,Genieridium cryptops,Number of Individuals,,0,count,single observation,,both,adult,,,,,,,,,,,
PreservedSpecimen,Genieridium cryptops,Number of Individuals,,0,count,single observation,,both,adult,,,,,,,,,,,
PreservedSpecimen,Genieridium cryptops,Number of Individuals,,1,count,single observation,,both,adult,,,,,,,,,,,
PreservedSpecimen,Genieridium cryptops,Number of Individuals,,0,count,single observation,,both,adult,,,,,,,,,,,
PreservedSpecimen,Genieridium cryptops,Number of Individuals,,0,count,single observation,,both,adult,,,,,,,,,,,
PreservedSpecimen,Genieridium cryptops,Number of Individuals,,3,count,single observation,,both,adult,,,,,,,,,,,
PreservedSpecimen,Genieridium cryptops,Number of Individuals,,0,count,single observation,,both,adult,,,,,,,,,,,
PreservedSpecimen,Genieridium cryptops,Number of Individuals,,2,count,single observation,,both,adult,,,,,,,,,,,
PreservedSpecimen,Genieridium cryptops,Number of Individuals,,0,count,single observation,,both,adult,,,,,,,,,,,
PreservedSpecimen,Genieridium cryptops,Number of Individuals,,0,count,single observation,,both,adult,,,,,,,,,,,
PreservedSpecimen,Genieridium cryptops,Number of Individuals,,0,count,single observation,,both,adult,,,,,,,,,,,
HumanObservation,Homocopris sp 1,Functional Guild,"Classification based on food allocation strategies for reproduction (rollers, tunnelers, dwellers)",Tunnelers that dig tunnels directly beneath the food source where they will store their dung balls,,mode,,both,adult,,,,,,,,,,,
PreservedSpecimen,Homocopris sp 1,Biomass,,40.4,g,mean,,both,adult,,0,,,,,,,,,
PreservedSpecimen,Homocopris sp 1,Number of Individuals,,0,count,single observation,,both,adult,,,,,,,,,,,
PreservedSpecimen,Homocopris sp 1,Number of Individuals,,0,count,single observation,,both,adult,,,,,,,,,,,
PreservedSpecimen,Homocopris sp 1,Number of Individuals,,0,count,single observation,,both,adult,,,,,,,,,,,
PreservedSpecimen,Homocopris sp 1,Number of Individuals,,0,count,single observation,,both,adult,,,,,,,,,,,
PreservedSpecimen,Homocopris sp 1,Number of Individuals,,0,count,single observation,,both,adult,,,,,,,,,,,
PreservedSpecimen,Homocopris sp 1,Number of Individuals,,0,count,single observation,,both,adult,,,,,,,,,,,
PreservedSpecimen,Homocopris sp 1,Number of Individuals,,0,count,single observation,,both,adult,,,,,,,,,,,
PreservedSpecimen,Homocopris sp 1,Number of Individuals,,7,count,single observation,,both,adult,,,,,,,,,,,
PreservedSpecimen,Homocopris sp 1,Number of Individuals,,0,count,single observation,,both,adult,,,,,,,,,,,
PreservedSpecimen,Homocopris sp 1,Number of Individuals,,0,count,single observation,,both,adult,,,,,,,,,,,
PreservedSpecimen,Homocopris sp 1,Number of Individuals,,0,count,single observation,,both,adult,,,,,,,,,,,
PreservedSpecimen,Homocopris sp 1,Number of Individuals,,0,count,single observation,,both,adult,,,,,,,,,,,
PreservedSpecimen,Homocopris sp 1,Number of Individuals,,0,count,single observation,,both,adult,,,,,,,,,,,
PreservedSpecimen,Homocopris sp 1,Number of Individuals,,0,count,single observation,,both,adult,,,,,,,,,,,
PreservedSpecimen,Homocopris sp 1,Number of Individuals,,0,count,single observation,,both,adult,,,,,,,,,,,
PreservedSpecimen,Homocopris sp 1,Number of Individuals,,0,count,single observation,,both,adult,,,,,,,,,,,
PreservedSpecimen,Homocopris sp 1,Number of Individuals,,0,count,single observation,,both,adult,,,,,,,,,,,
PreservedSpecimen,Homocopris sp 1,Number of Individuals,,0,count,single observation,,both,adult,,,,,,,,,,,
PreservedSpecimen,Homocopris sp 1,Number of Individuals,,0,count,single observation,,both,adult,,,,,,,,,,,
PreservedSpecimen,Homocopris sp 1,Number of Individuals,,0,count,single observation,,both,adult,,,,,,,,,,,
PreservedSpecimen,Homocopris sp 1,Number of Individuals,,0,count,single observation,,both,adult,,,,,,,,,,,
HumanObservation,Homocopris sp 2,Functional Guild,"Classification based on food allocation strategies for reproduction (rollers, tunnelers, dwellers)",Tunnelers that dig tunnels directly beneath the food source where they will store their dung balls,,mode,,both,adult,,,,,,,,,,,
PreservedSpecimen,Homocopris sp 2,Biomass,,69.0,g,mean,,both,adult,,0,,,,,,,,,
PreservedSpecimen,Homocopris sp 2,Number of Individuals,,0,count,single observation,,both,adult,,,,,,,,,,,
PreservedSpecimen,Homocopris sp 2,Number of Individuals,,0,count,single observation,,both,adult,,,,,,,,,,,
PreservedSpecimen,Homocopris sp 2,Number of Individuals,,0,count,single observation,,both,adult,,,,,,,,,,,
PreservedSpecimen,Homocopris sp 2,Number of Individuals,,0,count,single observation,,both,adult,,,,,,,,,,,
PreservedSpecimen,Homocopris sp 2,Number of Individuals,,0,count,single observation,,both,adult,,,,,,,,,,,
PreservedSpecimen,Homocopris sp 2,Number of Individuals,,0,count,single observation,,both,adult,,,,,,,,,,,
PreservedSpecimen,Homocopris sp 2,Number of Individuals,,0,count,single observation,,both,adult,,,,,,,,,,,
PreservedSpecimen,Homocopris sp 2,Number of Individuals,,4,count,single observation,,both,adult,,,,,,,,,,,
PreservedSpecimen,Homocopris sp 2,Number of Individuals,,0,count,single observation,,both,adult,,,,,,,,,,,
PreservedSpecimen,Homocopris sp 2,Number of Individuals,,0,count,single observation,,both,adult,,,,,,,,,,,
PreservedSpecimen,Homocopris sp 2,Number of Individuals,,0,count,single observation,,both,adult,,,,,,,,,,,
PreservedSpecimen,Homocopris sp 2,Number of Individuals,,0,count,single observation,,both,adult,,,,,,,,,,,
PreservedSpecimen,Homocopris sp 2,Number of Individuals,,0,count,single observation,,both,adult,,,,,,,,,,,
PreservedSpecimen,Homocopris sp 2,Number of Individuals,,0,count,single observation,,both,adult,,,,,,,,,,,
PreservedSpecimen,Homocopris sp 2,Number of Individuals,,0,count,single observation,,both,adult,,,,,,,,,,,
PreservedSpecimen,Homocopris sp 2,Number of Individuals,,0,count,single observation,,both,adult,,,,,,,,,,,
PreservedSpecimen,Homocopris sp 2,Number of Individuals,,0,count,single observation,,both,adult,,,,,,,,,,,
PreservedSpecimen,Homocopris sp 2,Number of Individuals,,0,count,single observation,,both,adult,,,,,,,,,,,
PreservedSpecimen,Homocopris sp 2,Number of Individuals,,0,count,single observation,,both,adult,,,,,,,,,,,
PreservedSpecimen,Homocopris sp 2,Number of Individuals,,0,count,single observation,,both,adult,,,,,,,,,,,
PreservedSpecimen,Homocopris sp 2,Number of Individuals,,0,count,single observation,,both,adult,,,,,,,,,,,
HumanObservation,Homocopris sp 3,Functional Guild,"Classification based on food allocation strategies for reproduction (rollers, tunnelers, dwellers)",Tunnelers that dig tunnels directly beneath the food source where they will store their dung balls,,mode,,both,adult,,,,,,,,,,,
PreservedSpecimen,Homocopris sp 3,Biomass,,26.0,g,mean,,both,adult,,0,,,,,,,,,
PreservedSpecimen,Homocopris sp 3,Number of Individuals,,0,count,single observation,,both,adult,,,,,,,,,,,
PreservedSpecimen,Homocopris sp 3,Number of Individuals,,0,count,single observation,,both,adult,,,,,,,,,,,
PreservedSpecimen,Homocopris sp 3,Number of Individuals,,0,count,single observation,,both,adult,,,,,,,,,,,
PreservedSpecimen,Homocopris sp 3,Number of Individuals,,0,count,single observation,,both,adult,,,,,,,,,,,
PreservedSpecimen,Homocopris sp 3,Number of Individuals,,1,count,single observation,,both,adult,,,,,,,,,,,
PreservedSpecimen,Homocopris sp 3,Number of Individuals,,0,count,single observation,,both,adult,,,,,,,,,,,
PreservedSpecimen,Homocopris sp 3,Number of Individuals,,0,count,single observation,,both,adult,,,,,,,,,,,
PreservedSpecimen,Homocopris sp 3,Number of Individuals,,0,count,single observation,,both,adult,,,,,,,,,,,
PreservedSpecimen,Homocopris sp 3,Number of Individuals,,0,count,single observation,,both,adult,,,,,,,,,,,
PreservedSpecimen,Homocopris sp 3,Number of Individuals,,0,count,single observation,,both,adult,,,,,,,,,,,
PreservedSpecimen,Homocopris sp 3,Number of Individuals,,0,count,single observation,,both,adult,,,,,,,,,,,
PreservedSpecimen,Homocopris sp 3,Number of Individuals,,0,count,single observation,,both,adult,,,,,,,,,,,
PreservedSpecimen,Homocopris sp 3,Number of Individuals,,0,count,single observation,,both,adult,,,,,,,,,,,
PreservedSpecimen,Homocopris sp 3,Number of Individuals,,0,count,single observation,,both,adult,,,,,,,,,,,
PreservedSpecimen,Homocopris sp 3,Number of Individuals,,0,count,single observation,,both,adult,,,,,,,,,,,
PreservedSpecimen,Homocopris sp 3,Number of Individuals,,0,count,single observation,,both,adult,,,,,,,,,,,
PreservedSpecimen,Homocopris sp 3,Number of Individuals,,0,count,single observation,,both,adult,,,,,,,,,,,
PreservedSpecimen,Homocopris sp 3,Number of Individuals,,0,count,single observation,,both,adult,,,,,,,,,,,
PreservedSpecimen,Homocopris sp 3,Number of Individuals,,0,count,single observation,,both,adult,,,,,,,,,,,
PreservedSpecimen,Homocopris sp 3,Number of Individuals,,0,count,single observation,,both,adult,,,,,,,,,,,
PreservedSpecimen,Homocopris sp 3,Number of Individuals,,0,count,single observation,,both,adult,,,,,,,,,,,
HumanObservation,Ontherus sp,Functional Guild,"Classification based on food allocation strategies for reproduction (rollers, tunnelers, dwellers)",Tunnelers that dig tunnels directly beneath the food source where they will store their dung balls,,mode,,both,adult,,,,,,,,,,,
PreservedSpecimen,Ontherus sp,Biomass,,39.6,g,mean,,both,adult,,0,,,,,,,,,
PreservedSpecimen,Ontherus sp,Number of Individuals,,0,count,single observation,,both,adult,,,,,,,,,,,
PreservedSpecimen,Ontherus sp,Number of Individuals,,0,count,single observation,,both,adult,,,,,,,,,,,
PreservedSpecimen,Ontherus sp,Number of Individuals,,1,count,single observation,,both,adult,,,,,,,,,,,
PreservedSpecimen,Ontherus sp,Number of Individuals,,1,count,single observation,,both,adult,,,,,,,,,,,
PreservedSpecimen,Ontherus sp,Number of Individuals,,2,count,single observation,,both,adult,,,,,,,,,,,
PreservedSpecimen,Ontherus sp,Number of Individuals,,1,count,single observation,,both,adult,,,,,,,,,,,
PreservedSpecimen,Ontherus sp,Number of Individuals,,1,count,single observation,,both,adult,,,,,,,,,,,
PreservedSpecimen,Ontherus sp,Number of Individuals,,2,count,single observation,,both,adult,,,,,,,,,,,
PreservedSpecimen,Ontherus sp,Number of Individuals,,4,count,single observation,,both,adult,,,,,,,,,,,
PreservedSpecimen,Ontherus sp,Number of Individuals,,0,count,single observation,,both,adult,,,,,,,,,,,
PreservedSpecimen,Ontherus sp,Number of Individuals,,2,count,single observation,,both,adult,,,,,,,,,,,
PreservedSpecimen,Ontherus sp,Number of Individuals,,0,count,single observation,,both,adult,,,,,,,,,,,
PreservedSpecimen,Ontherus sp,Number of Individuals,,0,count,single observation,,both,adult,,,,,,,,,,,
PreservedSpecimen,Ontherus sp,Number of Individuals,,0,count,single observation,,both,adult,,,,,,,,,,,
PreservedSpecimen,Ontherus sp,Number of Individuals,,0,count,single observation,,both,adult,,,,,,,,,,,
PreservedSpecimen,Ontherus sp,Number of Individuals,,1,count,single observation,,both,adult,,,,,,,,,,,
PreservedSpecimen,Ontherus sp,Number of Individuals,,0,count,single observation,,both,adult,,,,,,,,,,,
PreservedSpecimen,Ontherus sp,Number of Individuals,,0,count,single observation,,both,adult,,,,,,,,,,,
PreservedSpecimen,Ontherus sp,Number of Individuals,,0,count,single observation,,both,adult,,,,,,,,,,,
PreservedSpecimen,Ontherus sp,Number of Individuals,,0,count,single observation,,both,adult,,,,,,,,,,,
PreservedSpecimen,Ontherus sp,Number of Individuals,,0,count,single observation,,both,adult,,,,,,,,,,,
HumanObservation,Ontherus aff carinifrons,Functional Guild,"Classification based on food allocation strategies for reproduction (rollers, tunnelers, dwellers)",Tunnelers that dig tunnels directly beneath the food source where they will store their dung balls,,mode,,both,adult,,,,,,,,,,,
PreservedSpecimen,Ontherus aff carinifrons,Biomass,,58.2,g,mean,,both,adult,,0,,,,,,,,,
PreservedSpecimen,Ontherus aff carinifrons,Number of Individuals,,0,count,single observation,,both,adult,,,,,,,,,,,
PreservedSpecimen,Ontherus aff carinifrons,Number of Individuals,,0,count,single observation,,both,adult,,,,,,,,,,,
PreservedSpecimen,Ontherus aff carinifrons,Number of Individuals,,0,count,single observation,,both,adult,,,,,,,,,,,
PreservedSpecimen,Ontherus aff carinifrons,Number of Individuals,,0,count,single observation,,both,adult,,,,,,,,,,,
PreservedSpecimen,Ontherus aff carinifrons,Number of Individuals,,0,count,single observation,,both,adult,,,,,,,,,,,
PreservedSpecimen,Ontherus aff carinifrons,Number of Individuals,,0,count,single observation,,both,adult,,,,,,,,,,,
PreservedSpecimen,Ontherus aff carinifrons,Number of Individuals,,0,count,single observation,,both,adult,,,,,,,,,,,
PreservedSpecimen,Ontherus aff carinifrons,Number of Individuals,,0,count,single observation,,both,adult,,,,,,,,,,,
PreservedSpecimen,Ontherus aff carinifrons,Number of Individuals,,0,count,single observation,,both,adult,,,,,,,,,,,
PreservedSpecimen,Ontherus aff carinifrons,Number of Individuals,,0,count,single observation,,both,adult,,,,,,,,,,,
PreservedSpecimen,Ontherus aff carinifrons,Number of Individuals,,0,count,single observation,,both,adult,,,,,,,,,,,
PreservedSpecimen,Ontherus aff carinifrons,Number of Individuals,,0,count,single observation,,both,adult,,,,,,,,,,,
PreservedSpecimen,Ontherus aff carinifrons,Number of Individuals,,7,count,single observation,,both,adult,,,,,,,,,,,
PreservedSpecimen,Ontherus aff carinifrons,Number of Individuals,,2,count,single observation,,both,adult,,,,,,,,,,,
PreservedSpecimen,Ontherus aff carinifrons,Number of Individuals,,1,count,single observation,,both,adult,,,,,,,,,,,
PreservedSpecimen,Ontherus aff carinifrons,Number of Individuals,,0,count,single observation,,both,adult,,,,,,,,,,,
PreservedSpecimen,Ontherus aff carinifrons,Number of Individuals,,1,count,single observation,,both,adult,,,,,,,,,,,
PreservedSpecimen,Ontherus aff carinifrons,Number of Individuals,,1,count,single observation,,both,adult,,,,,,,,,,,
PreservedSpecimen,Ontherus aff carinifrons,Number of Individuals,,2,count,single observation,,both,adult,,,,,,,,,,,
PreservedSpecimen,Ontherus aff carinifrons,Number of Individuals,,2,count,single observation,,both,adult,,,,,,,,,,,
PreservedSpecimen,Ontherus aff carinifrons,Number of Individuals,,2,count,single observation,,both,adult,,,,,,,,,,,
HumanObservation,Ontherus appendiculatus,Functional Guild,"Classification based on food allocation strategies for reproduction (rollers, tunnelers, dwellers)",Tunnelers that dig tunnels directly beneath the food source where they will store their dung balls,,mode,,both,adult,,,,,,,,,,,
PreservedSpecimen,Ontherus appendiculatus,Biomass,,11.1,g,mean,,both,adult,,2,,,,,,,,,
PreservedSpecimen,Ontherus appendiculatus,Number of Individuals,,2,count,single observation,,both,adult,,,,,,,,,,,
PreservedSpecimen,Ontherus appendiculatus,Number of Individuals,,1,count,single observation,,both,adult,,,,,,,,,,,
PreservedSpecimen,Ontherus appendiculatus,Number of Individuals,,2,count,single observation,,both,adult,,,,,,,,,,,
PreservedSpecimen,Ontherus appendiculatus,Number of Individuals,,0,count,single observation,,both,adult,,,,,,,,,,,
PreservedSpecimen,Ontherus appendiculatus,Number of Individuals,,0,count,single observation,,both,adult,,,,,,,,,,,
PreservedSpecimen,Ontherus appendiculatus,Number of Individuals,,0,count,single observation,,both,adult,,,,,,,,,,,
PreservedSpecimen,Ontherus appendiculatus,Number of Individuals,,1,count,single observation,,both,adult,,,,,,,,,,,
PreservedSpecimen,Ontherus appendiculatus,Number of Individuals,,0,count,single observation,,both,adult,,,,,,,,,,,
PreservedSpecimen,Ontherus appendiculatus,Number of Individuals,,0,count,single observation,,both,adult,,,,,,,,,,,
PreservedSpecimen,Ontherus appendiculatus,Number of Individuals,,0,count,single observation,,both,adult,,,,,,,,,,,
PreservedSpecimen,Ontherus appendiculatus,Number of Individuals,,0,count,single observation,,both,adult,,,,,,,,,,,
PreservedSpecimen,Ontherus appendiculatus,Number of Individuals,,1,count,single observation,,both,adult,,,,,,,,,,,
PreservedSpecimen,Ontherus appendiculatus,Number of Individuals,,1,count,single observation,,both,adult,,,,,,,,,,,
PreservedSpecimen,Ontherus appendiculatus,Number of Individuals,,0,count,single observation,,both,adult,,,,,,,,,,,
PreservedSpecimen,Ontherus appendiculatus,Number of Individuals,,0,count,single observation,,both,adult,,,,,,,,,,,
PreservedSpecimen,Ontherus appendiculatus,Number of Individuals,,1,count,single observation,,both,adult,,,,,,,,,,,
PreservedSpecimen,Ontherus appendiculatus,Number of Individuals,,0,count,single observation,,both,adult,,,,,,,,,,,
PreservedSpecimen,Ontherus appendiculatus,Number of Individuals,,1,count,single observation,,both,adult,,,,,,,,,,,
PreservedSpecimen,Ontherus appendiculatus,Number of Individuals,,2,count,single observation,,both,adult,,,,,,,,,,,
PreservedSpecimen,Ontherus appendiculatus,Number of Individuals,,0,count,single observation,,both,adult,,,,,,,,,,,
PreservedSpecimen,Ontherus appendiculatus,Number of Individuals,,0,count,single observation,,both,adult,,,,,,,,,,,
HumanObservation,Onthophagus aff buculus,Functional Guild,"Classification based on food allocation strategies for reproduction (rollers, tunnelers, dwellers)",Tunnelers that dig tunnels directly beneath the food source where they will store their dung balls,,mode,,both,adult,,,,,,,,,,,
PreservedSpecimen,Onthophagus aff buculus,Biomass,,9.7,g,mean,,both,adult,,18,,,,,,,,,
PreservedSpecimen,Onthophagus aff buculus,Number of Individuals,,18,count,single observation,,both,adult,,,,,,,,,,,
PreservedSpecimen,Onthophagus aff buculus,Number of Individuals,,3,count,single observation,,both,adult,,,,,,,,,,,
PreservedSpecimen,Onthophagus aff buculus,Number of Individuals,,4,count,single observation,,both,adult,,,,,,,,,,,
PreservedSpecimen,Onthophagus aff buculus,Number of Individuals,,1,count,single observation,,both,adult,,,,,,,,,,,
PreservedSpecimen,Onthophagus aff buculus,Number of Individuals,,1,count,single observation,,both,adult,,,,,,,,,,,
PreservedSpecimen,Onthophagus aff buculus,Number of Individuals,,1,count,single observation,,both,adult,,,,,,,,,,,
PreservedSpecimen,Onthophagus aff buculus,Number of Individuals,,2,count,single observation,,both,adult,,,,,,,,,,,
PreservedSpecimen,Onthophagus aff buculus,Number of Individuals,,,count,single observation,,both,adult,,,,,,,,,,,
PreservedSpecimen,Onthophagus aff buculus,Number of Individuals,,1,count,single observation,,both,adult,,,,,,,,,,,
PreservedSpecimen,Onthophagus aff buculus,Number of Individuals,,,count,single observation,,both,adult,,,,,,,,,,,
PreservedSpecimen,Onthophagus aff buculus,Number of Individuals,,2,count,single observation,,both,adult,,,,,,,,,,,
PreservedSpecimen,Onthophagus aff buculus,Number of Individuals,,1,count,single observation,,both,adult,,,,,,,,,,,
PreservedSpecimen,Onthophagus aff buculus,Number of Individuals,,,count,single observation,,both,adult,,,,,,,,,,,
PreservedSpecimen,Onthophagus aff buculus,Number of Individuals,,1,count,single observation,,both,adult,,,,,,,,,,,
PreservedSpecimen,Onthophagus aff buculus,Number of Individuals,,2,count,single observation,,both,adult,,,,,,,,,,,
PreservedSpecimen,Onthophagus aff buculus,Number of Individuals,,,count,single observation,,both,adult,,,,,,,,,,,
PreservedSpecimen,Onthophagus aff buculus,Number of Individuals,,,count,single observation,,both,adult,,,,,,,,,,,
PreservedSpecimen,Onthophagus aff buculus,Number of Individuals,,1,count,single observation,,both,adult,,,,,,,,,,,
PreservedSpecimen,Onthophagus aff buculus,Number of Individuals,,,count,single observation,,both,adult,,,,,,,,,,,
PreservedSpecimen,Onthophagus aff buculus,Number of Individuals,,1,count,single observation,,both,adult,,,,,,,,,,,
PreservedSpecimen,Onthophagus aff buculus,Number of Individuals,,1,count,single observation,,both,adult,,,,,,,,,,,
HumanObservation,Onthophagus aff hirculus,Functional Guild,"Classification based on food allocation strategies for reproduction (rollers, tunnelers, dwellers)",,,mode,,both,adult,,,,,,,,,,,
PreservedSpecimen,Onthophagus aff hirculus,Biomass,,,g,mean,,both,adult,,8,,,,,,,,,
PreservedSpecimen,Onthophagus aff hirculus,Number of Individuals,,8,count,single observation,,both,adult,,,,,,,,,,,
PreservedSpecimen,Onthophagus aff hirculus,Number of Individuals,,1,count,single observation,,both,adult,,,,,,,,,,,
PreservedSpecimen,Onthophagus aff hirculus,Number of Individuals,,3,count,single observation,,both,adult,,,,,,,,,,,
PreservedSpecimen,Onthophagus aff hirculus,Number of Individuals,,3,count,single observation,,both,adult,,,,,,,,,,,
PreservedSpecimen,Onthophagus aff hirculus,Number of Individuals,,2,count,single observation,,both,adult,,,,,,,,,,,
PreservedSpecimen,Onthophagus aff hirculus,Number of Individuals,,6,count,single observation,,both,adult,,,,,,,,,,,
PreservedSpecimen,Onthophagus aff hirculus,Number of Individuals,,0,count,single observation,,both,adult,,,,,,,,,,,
PreservedSpecimen,Onthophagus aff hirculus,Number of Individuals,,5,count,single observation,,both,adult,,,,,,,,,,,
PreservedSpecimen,Onthophagus aff hirculus,Number of Individuals,,0,count,single observation,,both,adult,,,,,,,,,,,
PreservedSpecimen,Onthophagus aff hirculus,Number of Individuals,,9,count,single observation,,both,adult,,,,,,,,,,,
PreservedSpecimen,Onthophagus aff hirculus,Number of Individuals,,8,count,single observation,,both,adult,,,,,,,,,,,
PreservedSpecimen,Onthophagus aff hirculus,Number of Individuals,,7,count,single observation,,both,adult,,,,,,,,,,,
PreservedSpecimen,Onthophagus aff hirculus,Number of Individuals,,28,count,single observation,,both,adult,,,,,,,,,,,
PreservedSpecimen,Onthophagus aff hirculus,Number of Individuals,,9,count,single observation,,both,adult,,,,,,,,,,,
PreservedSpecimen,Onthophagus aff hirculus,Number of Individuals,,7,count,single observation,,both,adult,,,,,,,,,,,
PreservedSpecimen,Onthophagus aff hirculus,Number of Individuals,,7,count,single observation,,both,adult,,,,,,,,,,,
PreservedSpecimen,Onthophagus aff hirculus,Number of Individuals,,17,count,single observation,,both,adult,,,,,,,,,,,
PreservedSpecimen,Onthophagus aff hirculus,Number of Individuals,,5,count,single observation,,both,adult,,,,,,,,,,,
PreservedSpecimen,Onthophagus aff hirculus,Number of Individuals,,15,count,single observation,,both,adult,,,,,,,,,,,
PreservedSpecimen,Onthophagus aff hirculus,Number of Individuals,,3,count,single observation,,both,adult,,,,,,,,,,,
PreservedSpecimen,Onthophagus aff hirculus,Number of Individuals,,6,count,single observation,,both,adult,,,,,,,,,,,
HumanObservation,Oxysternon palaemon,Functional Guild,"Classification based on food allocation strategies for reproduction (rollers, tunnelers, dwellers)",Tunnelers that dig tunnels directly beneath the food source where they will store their dung balls,,mode,,both,adult,,,,,,,,,,,
PreservedSpecimen,Oxysternon palaemon,Biomass,,273.4,g,mean,,both,adult,,0,,,,,,,,,
PreservedSpecimen,Oxysternon palaemon,Number of Individuals,,0,count,single observation,,both,adult,,,,,,,,,,,
PreservedSpecimen,Oxysternon palaemon,Number of Individuals,,0,count,single observation,,both,adult,,,,,,,,,,,
PreservedSpecimen,Oxysternon palaemon,Number of Individuals,,0,count,single observation,,both,adult,,,,,,,,,,,
PreservedSpecimen,Oxysternon palaemon,Number of Individuals,,1,count,single observation,,both,adult,,,,,,,,,,,
PreservedSpecimen,Oxysternon palaemon,Number of Individuals,,1,count,single observation,,both,adult,,,,,,,,,,,
PreservedSpecimen,Oxysternon palaemon,Number of Individuals,,0,count,single observation,,both,adult,,,,,,,,,,,
PreservedSpecimen,Oxysternon palaemon,Number of Individuals,,0,count,single observation,,both,adult,,,,,,,,,,,
PreservedSpecimen,Oxysternon palaemon,Number of Individuals,,0,count,single observation,,both,adult,,,,,,,,,,,
PreservedSpecimen,Oxysternon palaemon,Number of Individuals,,0,count,single observation,,both,adult,,,,,,,,,,,
PreservedSpecimen,Oxysternon palaemon,Number of Individuals,,0,count,single observation,,both,adult,,,,,,,,,,,
PreservedSpecimen,Oxysternon palaemon,Number of Individuals,,0,count,single observation,,both,adult,,,,,,,,,,,
PreservedSpecimen,Oxysternon palaemon,Number of Individuals,,0,count,single observation,,both,adult,,,,,,,,,,,
PreservedSpecimen,Oxysternon palaemon,Number of Individuals,,7,count,single observation,,both,adult,,,,,,,,,,,
PreservedSpecimen,Oxysternon palaemon,Number of Individuals,,1,count,single observation,,both,adult,,,,,,,,,,,
PreservedSpecimen,Oxysternon palaemon,Number of Individuals,,1,count,single observation,,both,adult,,,,,,,,,,,
PreservedSpecimen,Oxysternon palaemon,Number of Individuals,,11,count,single observation,,both,adult,,,,,,,,,,,
PreservedSpecimen,Oxysternon palaemon,Number of Individuals,,3,count,single observation,,both,adult,,,,,,,,,,,
PreservedSpecimen,Oxysternon palaemon,Number of Individuals,,2,count,single observation,,both,adult,,,,,,,,,,,
PreservedSpecimen,Oxysternon palaemon,Number of Individuals,,3,count,single observation,,both,adult,,,,,,,,,,,
PreservedSpecimen,Oxysternon palaemon,Number of Individuals,,8,count,single observation,,both,adult,,,,,,,,,,,
PreservedSpecimen,Oxysternon palaemon,Number of Individuals,,4,count,single observation,,both,adult,,,,,,,,,,,
HumanObservation,Phanaeus dzidoi,Functional Guild,"Classification based on food allocation strategies for reproduction (rollers, tunnelers, dwellers)",Tunnelers that dig tunnels directly beneath the food source where they will store their dung balls,,mode,,both,adult,,,,,,,,,,,
PreservedSpecimen,Phanaeus dzidoi,Biomass,,130.0,g,mean,,both,adult,,0,,,,,,,,,
PreservedSpecimen,Phanaeus dzidoi,Number of Individuals,,0,count,single observation,,both,adult,,,,,,,,,,,
PreservedSpecimen,Phanaeus dzidoi,Number of Individuals,,0,count,single observation,,both,adult,,,,,,,,,,,
PreservedSpecimen,Phanaeus dzidoi,Number of Individuals,,0,count,single observation,,both,adult,,,,,,,,,,,
PreservedSpecimen,Phanaeus dzidoi,Number of Individuals,,0,count,single observation,,both,adult,,,,,,,,,,,
PreservedSpecimen,Phanaeus dzidoi,Number of Individuals,,0,count,single observation,,both,adult,,,,,,,,,,,
PreservedSpecimen,Phanaeus dzidoi,Number of Individuals,,0,count,single observation,,both,adult,,,,,,,,,,,
PreservedSpecimen,Phanaeus dzidoi,Number of Individuals,,0,count,single observation,,both,adult,,,,,,,,,,,
PreservedSpecimen,Phanaeus dzidoi,Number of Individuals,,0,count,single observation,,both,adult,,,,,,,,,,,
PreservedSpecimen,Phanaeus dzidoi,Number of Individuals,,0,count,single observation,,both,adult,,,,,,,,,,,
PreservedSpecimen,Phanaeus dzidoi,Number of Individuals,,0,count,single observation,,both,adult,,,,,,,,,,,
PreservedSpecimen,Phanaeus dzidoi,Number of Individuals,,0,count,single observation,,both,adult,,,,,,,,,,,
PreservedSpecimen,Phanaeus dzidoi,Number of Individuals,,0,count,single observation,,both,adult,,,,,,,,,,,
PreservedSpecimen,Phanaeus dzidoi,Number of Individuals,,0,count,single observation,,both,adult,,,,,,,,,,,
PreservedSpecimen,Phanaeus dzidoi,Number of Individuals,,0,count,single observation,,both,adult,,,,,,,,,,,
PreservedSpecimen,Phanaeus dzidoi,Number of Individuals,,0,count,single observation,,both,adult,,,,,,,,,,,
PreservedSpecimen,Phanaeus dzidoi,Number of Individuals,,0,count,single observation,,both,adult,,,,,,,,,,,
PreservedSpecimen,Phanaeus dzidoi,Number of Individuals,,0,count,single observation,,both,adult,,,,,,,,,,,
PreservedSpecimen,Phanaeus dzidoi,Number of Individuals,,0,count,single observation,,both,adult,,,,,,,,,,,
PreservedSpecimen,Phanaeus dzidoi,Number of Individuals,,1,count,single observation,,both,adult,,,,,,,,,,,
PreservedSpecimen,Phanaeus dzidoi,Number of Individuals,,0,count,single observation,,both,adult,,,,,,,,,,,
PreservedSpecimen,Phanaeus dzidoi,Number of Individuals,,1,count,single observation,,both,adult,,,,,,,,,,,
HumanObservation,Phanaeus kirbyi ledezmai,Functional Guild,"Classification based on food allocation strategies for reproduction (rollers, tunnelers, dwellers)",Tunnelers that dig tunnels directly beneath the food source where they will store their dung balls,,mode,,both,adult,,,,,,,,,,,
PreservedSpecimen,Phanaeus kirbyi ledezmai,Biomass,,202.0,g,mean,,both,adult,,0,,,,,,,,,
PreservedSpecimen,Phanaeus kirbyi ledezmai,Number of Individuals,,0,count,single observation,,both,adult,,,,,,,,,,,
PreservedSpecimen,Phanaeus kirbyi ledezmai,Number of Individuals,,0,count,single observation,,both,adult,,,,,,,,,,,
PreservedSpecimen,Phanaeus kirbyi ledezmai,Number of Individuals,,0,count,single observation,,both,adult,,,,,,,,,,,
PreservedSpecimen,Phanaeus kirbyi ledezmai,Number of Individuals,,0,count,single observation,,both,adult,,,,,,,,,,,
PreservedSpecimen,Phanaeus kirbyi ledezmai,Number of Individuals,,0,count,single observation,,both,adult,,,,,,,,,,,
PreservedSpecimen,Phanaeus kirbyi ledezmai,Number of Individuals,,1,count,single observation,,both,adult,,,,,,,,,,,
PreservedSpecimen,Phanaeus kirbyi ledezmai,Number of Individuals,,0,count,single observation,,both,adult,,,,,,,,,,,
PreservedSpecimen,Phanaeus kirbyi ledezmai,Number of Individuals,,0,count,single observation,,both,adult,,,,,,,,,,,
PreservedSpecimen,Phanaeus kirbyi ledezmai,Number of Individuals,,0,count,single observation,,both,adult,,,,,,,,,,,
PreservedSpecimen,Phanaeus kirbyi ledezmai,Number of Individuals,,0,count,single observation,,both,adult,,,,,,,,,,,
PreservedSpecimen,Phanaeus kirbyi ledezmai,Number of Individuals,,0,count,single observation,,both,adult,,,,,,,,,,,
PreservedSpecimen,Phanaeus kirbyi ledezmai,Number of Individuals,,0,count,single observation,,both,adult,,,,,,,,,,,
PreservedSpecimen,Phanaeus kirbyi ledezmai,Number of Individuals,,0,count,single observation,,both,adult,,,,,,,,,,,
PreservedSpecimen,Phanaeus kirbyi ledezmai,Number of Individuals,,0,count,single observation,,both,adult,,,,,,,,,,,
PreservedSpecimen,Phanaeus kirbyi ledezmai,Number of Individuals,,0,count,single observation,,both,adult,,,,,,,,,,,
PreservedSpecimen,Phanaeus kirbyi ledezmai,Number of Individuals,,0,count,single observation,,both,adult,,,,,,,,,,,
PreservedSpecimen,Phanaeus kirbyi ledezmai,Number of Individuals,,0,count,single observation,,both,adult,,,,,,,,,,,
PreservedSpecimen,Phanaeus kirbyi ledezmai,Number of Individuals,,0,count,single observation,,both,adult,,,,,,,,,,,
PreservedSpecimen,Phanaeus kirbyi ledezmai,Number of Individuals,,0,count,single observation,,both,adult,,,,,,,,,,,
PreservedSpecimen,Phanaeus kirbyi ledezmai,Number of Individuals,,0,count,single observation,,both,adult,,,,,,,,,,,
PreservedSpecimen,Phanaeus kirbyi ledezmai,Number of Individuals,,0,count,single observation,,both,adult,,,,,,,,,,,
HumanObservation,Phanaeus palaeno,Functional Guild,"Classification based on food allocation strategies for reproduction (rollers, tunnelers, dwellers)",Tunnelers that dig tunnels directly beneath the food source where they will store their dung balls,,mode,,both,adult,,,,,,,,,,,
PreservedSpecimen,Phanaeus palaeno,Biomass,,215.3,g,mean,,both,adult,,0,,,,,,,,,
PreservedSpecimen,Phanaeus palaeno,Number of Individuals,,0,count,single observation,,both,adult,,,,,,,,,,,
PreservedSpecimen,Phanaeus palaeno,Number of Individuals,,0,count,single observation,,both,adult,,,,,,,,,,,
PreservedSpecimen,Phanaeus palaeno,Number of Individuals,,0,count,single observation,,both,adult,,,,,,,,,,,
PreservedSpecimen,Phanaeus palaeno,Number of Individuals,,0,count,single observation,,both,adult,,,,,,,,,,,
PreservedSpecimen,Phanaeus palaeno,Number of Individuals,,0,count,single observation,,both,adult,,,,,,,,,,,
PreservedSpecimen,Phanaeus palaeno,Number of Individuals,,3,count,single observation,,both,adult,,,,,,,,,,,
PreservedSpecimen,Phanaeus palaeno,Number of Individuals,,0,count,single observation,,both,adult,,,,,,,,,,,
PreservedSpecimen,Phanaeus palaeno,Number of Individuals,,0,count,single observation,,both,adult,,,,,,,,,,,
PreservedSpecimen,Phanaeus palaeno,Number of Individuals,,0,count,single observation,,both,adult,,,,,,,,,,,
PreservedSpecimen,Phanaeus palaeno,Number of Individuals,,1,count,single observation,,both,adult,,,,,,,,,,,
PreservedSpecimen,Phanaeus palaeno,Number of Individuals,,0,count,single observation,,both,adult,,,,,,,,,,,
PreservedSpecimen,Phanaeus palaeno,Number of Individuals,,0,count,single observation,,both,adult,,,,,,,,,,,
PreservedSpecimen,Phanaeus palaeno,Number of Individuals,,1,count,single observation,,both,adult,,,,,,,,,,,
PreservedSpecimen,Phanaeus palaeno,Number of Individuals,,0,count,single observation,,both,adult,,,,,,,,,,,
PreservedSpecimen,Phanaeus palaeno,Number of Individuals,,0,count,single observation,,both,adult,,,,,,,,,,,
PreservedSpecimen,Phanaeus palaeno,Number of Individuals,,0,count,single observation,,both,adult,,,,,,,,,,,
PreservedSpecimen,Phanaeus palaeno,Number of Individuals,,0,count,single observation,,both,adult,,,,,,,,,,,
PreservedSpecimen,Phanaeus palaeno,Number of Individuals,,0,count,single observation,,both,adult,,,,,,,,,,,
PreservedSpecimen,Phanaeus palaeno,Number of Individuals,,17,count,single observation,,both,adult,,,,,,,,,,,
PreservedSpecimen,Phanaeus palaeno,Number of Individuals,,0,count,single observation,,both,adult,,,,,,,,,,,
PreservedSpecimen,Phanaeus palaeno,Number of Individuals,,5,count,single observation,,both,adult,,,,,,,,,,,
HumanObservation,Sulcophanaeus menelas,Functional Guild,"Classification based on food allocation strategies for reproduction (rollers, tunnelers, dwellers)",Tunnelers that dig tunnels directly beneath the food source where they will store their dung balls,,mode,,both,adult,,,,,,,,,,,
PreservedSpecimen,Sulcophanaeus menelas,Biomass,,428.3,g,mean,,both,adult,,47,,,,,,,,,
PreservedSpecimen,Sulcophanaeus menelas,Number of Individuals,,47,count,single observation,,both,adult,,,,,,,,,,,
PreservedSpecimen,Sulcophanaeus menelas,Number of Individuals,,3,count,single observation,,both,adult,,,,,,,,,,,
PreservedSpecimen,Sulcophanaeus menelas,Number of Individuals,,1,count,single observation,,both,adult,,,,,,,,,,,
PreservedSpecimen,Sulcophanaeus menelas,Number of Individuals,,,count,single observation,,both,adult,,,,,,,,,,,
PreservedSpecimen,Sulcophanaeus menelas,Number of Individuals,,,count,single observation,,both,adult,,,,,,,,,,,
PreservedSpecimen,Sulcophanaeus menelas,Number of Individuals,,1,count,single observation,,both,adult,,,,,,,,,,,
PreservedSpecimen,Sulcophanaeus menelas,Number of Individuals,,,count,single observation,,both,adult,,,,,,,,,,,
PreservedSpecimen,Sulcophanaeus menelas,Number of Individuals,,,count,single observation,,both,adult,,,,,,,,,,,
PreservedSpecimen,Sulcophanaeus menelas,Number of Individuals,,,count,single observation,,both,adult,,,,,,,,,,,
PreservedSpecimen,Sulcophanaeus menelas,Number of Individuals,,,count,single observation,,both,adult,,,,,,,,,,,
PreservedSpecimen,Sulcophanaeus menelas,Number of Individuals,,,count,single observation,,both,adult,,,,,,,,,,,
PreservedSpecimen,Sulcophanaeus menelas,Number of Individuals,,1,count,single observation,,both,adult,,,,,,,,,,,
PreservedSpecimen,Sulcophanaeus menelas,Number of Individuals,,,count,single observation,,both,adult,,,,,,,,,,,
PreservedSpecimen,Sulcophanaeus menelas,Number of Individuals,,,count,single observation,,both,adult,,,,,,,,,,,
PreservedSpecimen,Sulcophanaeus menelas,Number of Individuals,,,count,single observation,,both,adult,,,,,,,,,,,
PreservedSpecimen,Sulcophanaeus menelas,Number of Individuals,,,count,single observation,,both,adult,,,,,,,,,,,
PreservedSpecimen,Sulcophanaeus menelas,Number of Individuals,,,count,single observation,,both,adult,,,,,,,,,,,
PreservedSpecimen,Sulcophanaeus menelas,Number of Individuals,,,count,single observation,,both,adult,,,,,,,,,,,
PreservedSpecimen,Sulcophanaeus menelas,Number of Individuals,,,count,single observation,,both,adult,,,,,,,,,,,
PreservedSpecimen,Sulcophanaeus menelas,Number of Individuals,,,count,single observation,,both,adult,,,,,,,,,,,
PreservedSpecimen,Sulcophanaeus menelas,Number of Individuals,,,count,single observation,,both,adult,,,,,,,,,,,
HumanObservation,Trichillum sp 1,Functional Guild,"Classification based on food allocation strategies for reproduction (rollers, tunnelers, dwellers)",Dwellers that live and reproduce inside the food source,,mode,,both,adult,,,,,,,,,,,
PreservedSpecimen,Trichillum sp 1,Biomass,,0.7,g,mean,,both,adult,,0,,,,,,,,,
PreservedSpecimen,Trichillum sp 1,Number of Individuals,,0,count,single observation,,both,adult,,,,,,,,,,,
PreservedSpecimen,Trichillum sp 1,Number of Individuals,,0,count,single observation,,both,adult,,,,,,,,,,,
PreservedSpecimen,Trichillum sp 1,Number of Individuals,,0,count,single observation,,both,adult,,,,,,,,,,,
PreservedSpecimen,Trichillum sp 1,Number of Individuals,,1,count,single observation,,both,adult,,,,,,,,,,,
PreservedSpecimen,Trichillum sp 1,Number of Individuals,,7,count,single observation,,both,adult,,,,,,,,,,,
PreservedSpecimen,Trichillum sp 1,Number of Individuals,,0,count,single observation,,both,adult,,,,,,,,,,,
PreservedSpecimen,Trichillum sp 1,Number of Individuals,,0,count,single observation,,both,adult,,,,,,,,,,,
PreservedSpecimen,Trichillum sp 1,Number of Individuals,,3,count,single observation,,both,adult,,,,,,,,,,,
PreservedSpecimen,Trichillum sp 1,Number of Individuals,,5,count,single observation,,both,adult,,,,,,,,,,,
PreservedSpecimen,Trichillum sp 1,Number of Individuals,,1,count,single observation,,both,adult,,,,,,,,,,,
PreservedSpecimen,Trichillum sp 1,Number of Individuals,,2,count,single observation,,both,adult,,,,,,,,,,,
PreservedSpecimen,Trichillum sp 1,Number of Individuals,,1,count,single observation,,both,adult,,,,,,,,,,,
PreservedSpecimen,Trichillum sp 1,Number of Individuals,,1,count,single observation,,both,adult,,,,,,,,,,,
PreservedSpecimen,Trichillum sp 1,Number of Individuals,,1,count,single observation,,both,adult,,,,,,,,,,,
PreservedSpecimen,Trichillum sp 1,Number of Individuals,,5,count,single observation,,both,adult,,,,,,,,,,,
PreservedSpecimen,Trichillum sp 1,Number of Individuals,,31,count,single observation,,both,adult,,,,,,,,,,,
PreservedSpecimen,Trichillum sp 1,Number of Individuals,,18,count,single observation,,both,adult,,,,,,,,,,,
PreservedSpecimen,Trichillum sp 1,Number of Individuals,,8,count,single observation,,both,adult,,,,,,,,,,,
PreservedSpecimen,Trichillum sp 1,Number of Individuals,,4,count,single observation,,both,adult,,,,,,,,,,,
PreservedSpecimen,Trichillum sp 1,Number of Individuals,,3,count,single observation,,both,adult,,,,,,,,,,,
PreservedSpecimen,Trichillum sp 1,Number of Individuals,,9,count,single observation,,both,adult,,,,,,,,,,,
HumanObservation,Trichillum sp 2,Functional Guild,"Classification based on food allocation strategies for reproduction (rollers, tunnelers, dwellers)",Dwellers that live and reproduce inside the food source,,mode,,both,adult,,,,,,,,,,,
PreservedSpecimen,Trichillum sp 2,Biomass,,0.9,g,mean,,both,adult,,0,,,,,,,,,
PreservedSpecimen,Trichillum sp 2,Number of Individuals,,0,count,single observation,,both,adult,,,,,,,,,,,
PreservedSpecimen,Trichillum sp 2,Number of Individuals,,1,count,single observation,,both,adult,,,,,,,,,,,
PreservedSpecimen,Trichillum sp 2,Number of Individuals,,0,count,single observation,,both,adult,,,,,,,,,,,
PreservedSpecimen,Trichillum sp 2,Number of Individuals,,0,count,single observation,,both,adult,,,,,,,,,,,
PreservedSpecimen,Trichillum sp 2,Number of Individuals,,0,count,single observation,,both,adult,,,,,,,,,,,
PreservedSpecimen,Trichillum sp 2,Number of Individuals,,0,count,single observation,,both,adult,,,,,,,,,,,
PreservedSpecimen,Trichillum sp 2,Number of Individuals,,0,count,single observation,,both,adult,,,,,,,,,,,
PreservedSpecimen,Trichillum sp 2,Number of Individuals,,0,count,single observation,,both,adult,,,,,,,,,,,
PreservedSpecimen,Trichillum sp 2,Number of Individuals,,0,count,single observation,,both,adult,,,,,,,,,,,
PreservedSpecimen,Trichillum sp 2,Number of Individuals,,0,count,single observation,,both,adult,,,,,,,,,,,
PreservedSpecimen,Trichillum sp 2,Number of Individuals,,0,count,single observation,,both,adult,,,,,,,,,,,
PreservedSpecimen,Trichillum sp 2,Number of Individuals,,0,count,single observation,,both,adult,,,,,,,,,,,
PreservedSpecimen,Trichillum sp 2,Number of Individuals,,0,count,single observation,,both,adult,,,,,,,,,,,
PreservedSpecimen,Trichillum sp 2,Number of Individuals,,4,count,single observation,,both,adult,,,,,,,,,,,
PreservedSpecimen,Trichillum sp 2,Number of Individuals,,0,count,single observation,,both,adult,,,,,,,,,,,
PreservedSpecimen,Trichillum sp 2,Number of Individuals,,0,count,single observation,,both,adult,,,,,,,,,,,
PreservedSpecimen,Trichillum sp 2,Number of Individuals,,2,count,single observation,,both,adult,,,,,,,,,,,
PreservedSpecimen,Trichillum sp 2,Number of Individuals,,0,count,single observation,,both,adult,,,,,,,,,,,
PreservedSpecimen,Trichillum sp 2,Number of Individuals,,0,count,single observation,,both,adult,,,,,,,,,,,
PreservedSpecimen,Trichillum sp 2,Number of Individuals,,0,count,single observation,,both,adult,,,,,,,,,,,
PreservedSpecimen,Trichillum sp 2,Number of Individuals,,0,count,single observation,,both,adult,,,,,,,,,,,
HumanObservation,Uroxys sp 1,Functional Guild,"Classification based on food allocation strategies for reproduction (rollers, tunnelers, dwellers)",Tunnelers that dig tunnels directly beneath the food source where they will store their dung balls,,mode,,both,adult,,,,,,,,,,,
PreservedSpecimen,Uroxys sp 1,Biomass,,1.1,g,mean,,both,adult,,0,,,,,,,,,
PreservedSpecimen,Uroxys sp 1,Number of Individuals,,0,count,single observation,,both,adult,,,,,,,,,,,
PreservedSpecimen,Uroxys sp 1,Number of Individuals,,0,count,single observation,,both,adult,,,,,,,,,,,
PreservedSpecimen,Uroxys sp 1,Number of Individuals,,0,count,single observation,,both,adult,,,,,,,,,,,
PreservedSpecimen,Uroxys sp 1,Number of Individuals,,5,count,single observation,,both,adult,,,,,,,,,,,
PreservedSpecimen,Uroxys sp 1,Number of Individuals,,2,count,single observation,,both,adult,,,,,,,,,,,
PreservedSpecimen,Uroxys sp 1,Number of Individuals,,0,count,single observation,,both,adult,,,,,,,,,,,
PreservedSpecimen,Uroxys sp 1,Number of Individuals,,7,count,single observation,,both,adult,,,,,,,,,,,
PreservedSpecimen,Uroxys sp 1,Number of Individuals,,9,count,single observation,,both,adult,,,,,,,,,,,
PreservedSpecimen,Uroxys sp 1,Number of Individuals,,3,count,single observation,,both,adult,,,,,,,,,,,
PreservedSpecimen,Uroxys sp 1,Number of Individuals,,1,count,single observation,,both,adult,,,,,,,,,,,
PreservedSpecimen,Uroxys sp 1,Number of Individuals,,9,count,single observation,,both,adult,,,,,,,,,,,
PreservedSpecimen,Uroxys sp 1,Number of Individuals,,8,count,single observation,,both,adult,,,,,,,,,,,
PreservedSpecimen,Uroxys sp 1,Number of Individuals,,0,count,single observation,,both,adult,,,,,,,,,,,
PreservedSpecimen,Uroxys sp 1,Number of Individuals,,1,count,single observation,,both,adult,,,,,,,,,,,
PreservedSpecimen,Uroxys sp 1,Number of Individuals,,0,count,single observation,,both,adult,,,,,,,,,,,
PreservedSpecimen,Uroxys sp 1,Number of Individuals,,30,count,single observation,,both,adult,,,,,,,,,,,
PreservedSpecimen,Uroxys sp 1,Number of Individuals,,14,count,single observation,,both,adult,,,,,,,,,,,
PreservedSpecimen,Uroxys sp 1,Number of Individuals,,8,count,single observation,,both,adult,,,,,,,,,,,
PreservedSpecimen,Uroxys sp 1,Number of Individuals,,0,count,single observation,,both,adult,,,,,,,,,,,
PreservedSpecimen,Uroxys sp 1,Number of Individuals,,1,count,single observation,,both,adult,,,,,,,,,,,
PreservedSpecimen,Uroxys sp 1,Number of Individuals,,0,count,single observation,,both,adult,,,,,,,,,,,
HumanObservation,Uroxys sp 2,Functional Guild,"Classification based on food allocation strategies for reproduction (rollers, tunnelers, dwellers)",Tunnelers that dig tunnels directly beneath the food source where they will store their dung balls,,mode,,both,adult,,,,,,,,,,,
PreservedSpecimen,Uroxys sp 2,Biomass,,0.6,g,mean,,both,adult,,4,,,,,,,,,
PreservedSpecimen,Uroxys sp 2,Number of Individuals,,4,count,single observation,,both,adult,,,,,,,,,,,
PreservedSpecimen,Uroxys sp 2,Number of Individuals,,4,count,single observation,,both,adult,,,,,,,,,,,
PreservedSpecimen,Uroxys sp 2,Number of Individuals,,4,count,single observation,,both,adult,,,,,,,,,,,
PreservedSpecimen,Uroxys sp 2,Number of Individuals,,4,count,single observation,,both,adult,,,,,,,,,,,
PreservedSpecimen,Uroxys sp 2,Number of Individuals,,4,count,single observation,,both,adult,,,,,,,,,,,
PreservedSpecimen,Uroxys sp 2,Number of Individuals,,4,count,single observation,,both,adult,,,,,,,,,,,
PreservedSpecimen,Uroxys sp 2,Number of Individuals,,3,count,single observation,,both,adult,,,,,,,,,,,
PreservedSpecimen,Uroxys sp 2,Number of Individuals,,1,count,single observation,,both,adult,,,,,,,,,,,
PreservedSpecimen,Uroxys sp 2,Number of Individuals,,,count,single observation,,both,adult,,,,,,,,,,,
PreservedSpecimen,Uroxys sp 2,Number of Individuals,,,count,single observation,,both,adult,,,,,,,,,,,
PreservedSpecimen,Uroxys sp 2,Number of Individuals,,,count,single observation,,both,adult,,,,,,,,,,,
PreservedSpecimen,Uroxys sp 2,Number of Individuals,,,count,single observation,,both,adult,,,,,,,,,,,
PreservedSpecimen,Uroxys sp 2,Number of Individuals,,,count,single observation,,both,adult,,,,,,,,,,,
PreservedSpecimen,Uroxys sp 2,Number of Individuals,,,count,single observation,,both,adult,,,,,,,,,,,
PreservedSpecimen,Uroxys sp 2,Number of Individuals,,,count,single observation,,both,adult,,,,,,,,,,,
PreservedSpecimen,Uroxys sp 2,Number of Individuals,,,count,single observation,,both,adult,,,,,,,,,,,
PreservedSpecimen,Uroxys sp 2,Number of Individuals,,1,count,single observation,,both,adult,,,,,,,,,,,
PreservedSpecimen,Uroxys sp 2,Number of Individuals,,,count,single observation,,both,adult,,,,,,,,,,,
PreservedSpecimen,Uroxys sp 2,Number of Individuals,,,count,single observation,,both,adult,,,,,,,,,,,
PreservedSpecimen,Uroxys sp 2,Number of Individuals,,,count,single observation,,both,adult,,,,,,,,,,,
PreservedSpecimen,Uroxys sp 2,Number of Individuals,,,count,single observation,,both,adult,,,,,,,,,,,
HumanObservation,Uroxys sp 2,Functional Guild,"Classification based on food allocation strategies for reproduction (rollers, tunnelers, dwellers)",Tunnelers that dig tunnels directly beneath the food source where they will store their dung balls,,mode,,both,adult,,,,,,,,,,,
PreservedSpecimen,Uroxys sp 2,Biomass,,0.6,g,mean,,both,adult,,0,,,,,,,,,
PreservedSpecimen,Uroxys sp 2,Number of Individuals,,0,count,single observation,,both,adult,,,,,,,,,,,
PreservedSpecimen,Uroxys sp 2,Number of Individuals,,2,count,single observation,,both,adult,,,,,,,,,,,
PreservedSpecimen,Uroxys sp 2,Number of Individuals,,2,count,single observation,,both,adult,,,,,,,,,,,
PreservedSpecimen,Uroxys sp 2,Number of Individuals,,2,count,single observation,,both,adult,,,,,,,,,,,
PreservedSpecimen,Uroxys sp 2,Number of Individuals,,0,count,single observation,,both,adult,,,,,,,,,,,
PreservedSpecimen,Uroxys sp 2,Number of Individuals,,0,count,single observation,,both,adult,,,,,,,,,,,
PreservedSpecimen,Uroxys sp 2,Number of Individuals,,3,count,single observation,,both,adult,,,,,,,,,,,
PreservedSpecimen,Uroxys sp 2,Number of Individuals,,5,count,single observation,,both,adult,,,,,,,,,,,
PreservedSpecimen,Uroxys sp 2,Number of Individuals,,1,count,single observation,,both,adult,,,,,,,,,,,
PreservedSpecimen,Uroxys sp 2,Number of Individuals,,5,count,single observation,,both,adult,,,,,,,,,,,
PreservedSpecimen,Uroxys sp 2,Number of Individuals,,6,count,single observation,,both,adult,,,,,,,,,,,
PreservedSpecimen,Uroxys sp 2,Number of Individuals,,2,count,single observation,,both,adult,,,,,,,,,,,
PreservedSpecimen,Uroxys sp 2,Number of Individuals,,0,count,single observation,,both,adult,,,,,,,,,,,
PreservedSpecimen,Uroxys sp 2,Number of Individuals,,0,count,single observation,,both,adult,,,,,,,,,,,
PreservedSpecimen,Uroxys sp 2,Number of Individuals,,0,count,single observation,,both,adult,,,,,,,,,,,
PreservedSpecimen,Uroxys sp 2,Number of Individuals,,12,count,single observation,,both,adult,,,,,,,,,,,
PreservedSpecimen,Uroxys sp 2,Number of Individuals,,5,count,single observation,,both,adult,,,,,,,,,,,
PreservedSpecimen,Uroxys sp 2,Number of Individuals,,0,count,single observation,,both,adult,,,,,,,,,,,
PreservedSpecimen,Uroxys sp 2,Number of Individuals,,19,count,single observation,,both,adult,,,,,,,,,,,
PreservedSpecimen,Uroxys sp 2,Number of Individuals,,2,count,single observation,,both,adult,,,,,,,,,,,
PreservedSpecimen,Uroxys sp 2,Number of Individuals,,1,count,single observation,,both,adult,,,,,,,,,,,
HumanObservation,Uroxys sp 2,Functional Guild,"Classification based on food allocation strategies for reproduction (rollers, tunnelers, dwellers)",Tunnelers that dig tunnels directly beneath the food source where they will store their dung balls,,mode,,both,adult,,,,,,,,,,,
PreservedSpecimen,Uroxys sp 2,Biomass,,1.5,g,mean,,both,adult,,1,,,,,,,,,
PreservedSpecimen,Uroxys sp 2,Number of Individuals,,1,count,single observation,,both,adult,,,,,,,,,,,
PreservedSpecimen,Uroxys sp 2,Number of Individuals,,1,count,single observation,,both,adult,,,,,,,,,,,
PreservedSpecimen,Uroxys sp 2,Number of Individuals,,1,count,single observation,,both,adult,,,,,,,,,,,
PreservedSpecimen,Uroxys sp 2,Number of Individuals,,2,count,single observation,,both,adult,,,,,,,,,,,
PreservedSpecimen,Uroxys sp 2,Number of Individuals,,2,count,single observation,,both,adult,,,,,,,,,,,
PreservedSpecimen,Uroxys sp 2,Number of Individuals,,4,count,single observation,,both,adult,,,,,,,,,,,
PreservedSpecimen,Uroxys sp 2,Number of Individuals,,3,count,single observation,,both,adult,,,,,,,,,,,
PreservedSpecimen,Uroxys sp 2,Number of Individuals,,,count,single observation,,both,adult,,,,,,,,,,,
PreservedSpecimen,Uroxys sp 2,Number of Individuals,,,count,single observation,,both,adult,,,,,,,,,,,
PreservedSpecimen,Uroxys sp 2,Number of Individuals,,3,count,single observation,,both,adult,,,,,,,,,,,
PreservedSpecimen,Uroxys sp 2,Number of Individuals,,,count,single observation,,both,adult,,,,,,,,,,,
PreservedSpecimen,Uroxys sp 2,Number of Individuals,,,count,single observation,,both,adult,,,,,,,,,,,
PreservedSpecimen,Uroxys sp 2,Number of Individuals,,,count,single observation,,both,adult,,,,,,,,,,,
PreservedSpecimen,Uroxys sp 2,Number of Individuals,,,count,single observation,,both,adult,,,,,,,,,,,
PreservedSpecimen,Uroxys sp 2,Number of Individuals,,,count,single observation,,both,adult,,,,,,,,,,,
PreservedSpecimen,Uroxys sp 2,Number of Individuals,,,count,single observation,,both,adult,,,,,,,,,,,
PreservedSpecimen,Uroxys sp 2,Number of Individuals,,,count,single observation,,both,adult,,,,,,,,,,,
PreservedSpecimen,Uroxys sp 2,Number of Individuals,,,count,single observation,,both,adult,,,,,,,,,,,
PreservedSpecimen,Uroxys sp 2,Number of Individuals,,,count,single observation,,both,adult,,,,,,,,,,,
PreservedSpecimen,Uroxys sp 2,Number of Individuals,,,count,single observation,,both,adult,,,,,,,,,,,
PreservedSpecimen,Uroxys sp 2,Number of Individuals,,,count,single observation,,both,adult,,,,,,,,,,,
HumanObservation,Uroxys sp 3,Functional Guild,"Classification based on food allocation strategies for reproduction (rollers, tunnelers, dwellers)",Tunnelers that dig tunnels directly beneath the food source where they will store their dung balls,,mode,,both,adult,,,,,,,,,,,
PreservedSpecimen,Uroxys sp 3,Biomass,,1.5,g,mean,,both,adult,,0,,,,,,,,,
PreservedSpecimen,Uroxys sp 3,Number of Individuals,,0,count,single observation,,both,adult,,,,,,,,,,,
PreservedSpecimen,Uroxys sp 3,Number of Individuals,,0,count,single observation,,both,adult,,,,,,,,,,,
PreservedSpecimen,Uroxys sp 3,Number of Individuals,,0,count,single observation,,both,adult,,,,,,,,,,,
PreservedSpecimen,Uroxys sp 3,Number of Individuals,,6,count,single observation,,both,adult,,,,,,,,,,,
PreservedSpecimen,Uroxys sp 3,Number of Individuals,,7,count,single observation,,both,adult,,,,,,,,,,,
PreservedSpecimen,Uroxys sp 3,Number of Individuals,,0,count,single observation,,both,adult,,,,,,,,,,,
PreservedSpecimen,Uroxys sp 3,Number of Individuals,,9,count,single observation,,both,adult,,,,,,,,,,,
PreservedSpecimen,Uroxys sp 3,Number of Individuals,,2,count,single observation,,both,adult,,,,,,,,,,,
PreservedSpecimen,Uroxys sp 3,Number of Individuals,,3,count,single observation,,both,adult,,,,,,,,,,,
PreservedSpecimen,Uroxys sp 3,Number of Individuals,,4,count,single observation,,both,adult,,,,,,,,,,,
PreservedSpecimen,Uroxys sp 3,Number of Individuals,,2,count,single observation,,both,adult,,,,,,,,,,,
PreservedSpecimen,Uroxys sp 3,Number of Individuals,,3,count,single observation,,both,adult,,,,,,,,,,,
PreservedSpecimen,Uroxys sp 3,Number of Individuals,,0,count,single observation,,both,adult,,,,,,,,,,,
PreservedSpecimen,Uroxys sp 3,Number of Individuals,,0,count,single observation,,both,adult,,,,,,,,,,,
PreservedSpecimen,Uroxys sp 3,Number of Individuals,,0,count,single observation,,both,adult,,,,,,,,,,,
PreservedSpecimen,Uroxys sp 3,Number of Individuals,,24,count,single observation,,both,adult,,,,,,,,,,,
PreservedSpecimen,Uroxys sp 3,Number of Individuals,,0,count,single observation,,both,adult,,,,,,,,,,,
PreservedSpecimen,Uroxys sp 3,Number of Individuals,,6,count,single observation,,both,adult,,,,,,,,,,,
PreservedSpecimen,Uroxys sp 3,Number of Individuals,,9,count,single observation,,both,adult,,,,,,,,,,,
PreservedSpecimen,Uroxys sp 3,Number of Individuals,,0,count,single observation,,both,adult,,,,,,,,,,,
PreservedSpecimen,Uroxys sp 3,Number of Individuals,,0,count,single observation,,both,adult,,,,,,,,,,,
HumanObservation,Uroxys sp 4,Functional Guild,"Classification based on food allocation strategies for reproduction (rollers, tunnelers, dwellers)",Tunnelers that dig tunnels directly beneath the food source where they will store their dung balls,,mode,,both,adult,,,,,,,,,,,
PreservedSpecimen,Uroxys sp 4,Biomass,,2.2,g,mean,,both,adult,,0,,,,,,,,,
PreservedSpecimen,Uroxys sp 4,Number of Individuals,,0,count,single observation,,both,adult,,,,,,,,,,,
PreservedSpecimen,Uroxys sp 4,Number of Individuals,,0,count,single observation,,both,adult,,,,,,,,,,,
PreservedSpecimen,Uroxys sp 4,Number of Individuals,,0,count,single observation,,both,adult,,,,,,,,,,,
PreservedSpecimen,Uroxys sp 4,Number of Individuals,,0,count,single observation,,both,adult,,,,,,,,,,,
PreservedSpecimen,Uroxys sp 4,Number of Individuals,,0,count,single observation,,both,adult,,,,,,,,,,,
PreservedSpecimen,Uroxys sp 4,Number of Individuals,,0,count,single observation,,both,adult,,,,,,,,,,,
PreservedSpecimen,Uroxys sp 4,Number of Individuals,,0,count,single observation,,both,adult,,,,,,,,,,,
PreservedSpecimen,Uroxys sp 4,Number of Individuals,,0,count,single observation,,both,adult,,,,,,,,,,,
PreservedSpecimen,Uroxys sp 4,Number of Individuals,,0,count,single observation,,both,adult,,,,,,,,,,,
PreservedSpecimen,Uroxys sp 4,Number of Individuals,,1,count,single observation,,both,adult,,,,,,,,,,,
PreservedSpecimen,Uroxys sp 4,Number of Individuals,,0,count,single observation,,both,adult,,,,,,,,,,,
PreservedSpecimen,Uroxys sp 4,Number of Individuals,,1,count,single observation,,both,adult,,,,,,,,,,,
PreservedSpecimen,Uroxys sp 4,Number of Individuals,,0,count,single observation,,both,adult,,,,,,,,,,,
PreservedSpecimen,Uroxys sp 4,Number of Individuals,,0,count,single observation,,both,adult,,,,,,,,,,,
PreservedSpecimen,Uroxys sp 4,Number of Individuals,,0,count,single observation,,both,adult,,,,,,,,,,,
PreservedSpecimen,Uroxys sp 4,Number of Individuals,,0,count,single observation,,both,adult,,,,,,,,,,,
PreservedSpecimen,Uroxys sp 4,Number of Individuals,,0,count,single observation,,both,adult,,,,,,,,,,,
PreservedSpecimen,Uroxys sp 4,Number of Individuals,,1,count,single observation,,both,adult,,,,,,,,,,,
PreservedSpecimen,Uroxys sp 4,Number of Individuals,,2,count,single observation,,both,adult,,,,,,,,,,,
PreservedSpecimen,Uroxys sp 4,Number of Individuals,,0,count,single observation,,both,adult,,,,,,,,,,,
PreservedSpecimen,Uroxys sp 4,Number of Individuals,,0,count,single observation,,both,adult,,,,,,,,,,,
HumanObservation,Uroxys sp 5,Functional Guild,"Classification based on food allocation strategies for reproduction (rollers, tunnelers, dwellers)",Tunnelers that dig tunnels directly beneath the food source where they will store their dung balls,,mode,,both,adult,,,,,,,,,,,
PreservedSpecimen,Uroxys sp 5,Biomass,,12.0,g,mean,,both,adult,,0,,,,,,,,,
PreservedSpecimen,Uroxys sp 5,Number of Individuals,,0,count,single observation,,both,adult,,,,,,,,,,,
PreservedSpecimen,Uroxys sp 5,Number of Individuals,,1,count,single observation,,both,adult,,,,,,,,,,,
PreservedSpecimen,Uroxys sp 5,Number of Individuals,,0,count,single observation,,both,adult,,,,,,,,,,,
PreservedSpecimen,Uroxys sp 5,Number of Individuals,,0,count,single observation,,both,adult,,,,,,,,,,,
PreservedSpecimen,Uroxys sp 5,Number of Individuals,,0,count,single observation,,both,adult,,,,,,,,,,,
PreservedSpecimen,Uroxys sp 5,Number of Individuals,,0,count,single observation,,both,adult,,,,,,,,,,,
PreservedSpecimen,Uroxys sp 5,Number of Individuals,,0,count,single observation,,both,adult,,,,,,,,,,,
PreservedSpecimen,Uroxys sp 5,Number of Individuals,,0,count,single observation,,both,adult,,,,,,,,,,,
PreservedSpecimen,Uroxys sp 5,Number of Individuals,,0,count,single observation,,both,adult,,,,,,,,,,,
PreservedSpecimen,Uroxys sp 5,Number of Individuals,,0,count,single observation,,both,adult,,,,,,,,,,,
PreservedSpecimen,Uroxys sp 5,Number of Individuals,,0,count,single observation,,both,adult,,,,,,,,,,,
PreservedSpecimen,Uroxys sp 5,Number of Individuals,,0,count,single observation,,both,adult,,,,,,,,,,,
PreservedSpecimen,Uroxys sp 5,Number of Individuals,,0,count,single observation,,both,adult,,,,,,,,,,,
PreservedSpecimen,Uroxys sp 5,Number of Individuals,,0,count,single observation,,both,adult,,,,,,,,,,,
PreservedSpecimen,Uroxys sp 5,Number of Individuals,,0,count,single observation,,both,adult,,,,,,,,,,,
PreservedSpecimen,Uroxys sp 5,Number of Individuals,,0,count,single observation,,both,adult,,,,,,,,,,,
PreservedSpecimen,Uroxys sp 5,Number of Individuals,,0,count,single observation,,both,adult,,,,,,,,,,,
PreservedSpecimen,Uroxys sp 5,Number of Individuals,,0,count,single observation,,both,adult,,,,,,,,,,,
PreservedSpecimen,Uroxys sp 5,Number of Individuals,,0,count,single observation,,both,adult,,,,,,,,,,,
PreservedSpecimen,Uroxys sp 5,Number of Individuals,,0,count,single observation,,both,adult,,,,,,,,,,,
PreservedSpecimen,Uroxys sp 5,Number of Individuals,,0,count,single observation,,both,adult,,,,,,,,,,,
