basisOfRecord,verbatimIdentification,measurementType,measurementMethod,measurementValue ,measurementUnit,measurementStatistic,measurementRemarks,sex,lifeStage,caste,sampleSizeValue,sampleSizeUnit,sampleTreatment,samplingProtocol,verbatimLocality ,verbatimCoordinates,verbatimEventDate,associatedOccurrences,associatedReferences ,externalLink
PreservedSpecimen,Arachnida Araneae Linyphiidae Agyneta fuscipalpa,Stand. body size,,-0.65,mm,mean,,both,adult,,,,,,,,,,,
PreservedSpecimen,Arachnida Araneae Linyphiidae Agyneta fuscipalpa,FoodPl,,0,mm,mean,,both,adult,,,,,,,,,,,
HumanObservation,Arachnida Araneae Linyphiidae Agyneta fuscipalpa,FoodAni,Literature review and expert consultation based on species descriptions and ecological research.,1,mm,mean,,both,adult,,,,,,,,,,,
PreservedSpecimen,Arachnida Araneae Linyphiidae Agyneta fuscipalpa,FoodFg,Functional trait determination based on expert knowledge and literature review of species characteristics,0,mm,mean,,both,adult,,,,,,,,,,,
PreservedSpecimen,Arachnida Araneae Linyphiidae Agyneta fuscipalpa,FoodDet,Functional trait assignment based on literature review and expert identification of collected specimens,0,mm,mean,,both,adult,,,,,,,,,,,
PreservedSpecimen,Arachnida Araneae Linyphiidae Agyneta fuscipalpa,FoodCopro,Functional trait determination based on expert knowledge and literature review,0,mm,mean,,both,adult,,,,,,,,,,,
PreservedSpecimen,Arachnida Araneae Linyphiidae Agyneta fuscipalpa,IngestFood,Functional trait analysis based on taxonomic identification and literature review,External digestion and sucking,mm,mean,,both,adult,,,,,,,,,,,
HumanObservation,Arachnida Araneae Linyphiidae Agyneta fuscipalpa,ActDay,,1,mm,mean,,both,adult,,,,,,,,,,,
PreservedSpecimen,Arachnida Araneae Linyphiidae Agyneta fuscipalpa,ActNig,,1,mm,mean,,both,adult,,,,,,,,,,,
HumanObservation,Arachnida Araneae Linyphiidae Agyneta fuscipalpa,ActTwi,,1,mm,mean,,both,adult,,,,,,,,,,,
PreservedSpecimen,Arachnida Araneae Linyphiidae Agyneta fuscipalpa,DispersaLdisp,,High dispersal ability,mm,mean,,both,adult,,,,,,,,,,,
PreservedSpecimen,Arachnida Araneae Theridiidae Cryptachaea blattea,Stand. body size,,-0.48,mm,mean,,both,adult,,,,,,,,,,,
PreservedSpecimen,Arachnida Araneae Theridiidae Cryptachaea blattea,FoodPl,,0,mm,mean,,both,adult,,,,,,,,,,,
HumanObservation,Arachnida Araneae Theridiidae Cryptachaea blattea,FoodAni,Literature review and expert consultation based on species descriptions and ecological research.,1,mm,mean,,both,adult,,,,,,,,,,,
PreservedSpecimen,Arachnida Araneae Theridiidae Cryptachaea blattea,FoodFg,Functional trait determination based on expert knowledge and literature review of species characteristics,0,mm,mean,,both,adult,,,,,,,,,,,
PreservedSpecimen,Arachnida Araneae Theridiidae Cryptachaea blattea,FoodDet,Functional trait assignment based on literature review and expert identification of collected specimens,0,mm,mean,,both,adult,,,,,,,,,,,
PreservedSpecimen,Arachnida Araneae Theridiidae Cryptachaea blattea,FoodCopro,Functional trait determination based on expert knowledge and literature review,0,mm,mean,,both,adult,,,,,,,,,,,
PreservedSpecimen,Arachnida Araneae Theridiidae Cryptachaea blattea,IngestFood,Functional trait analysis based on taxonomic identification and literature review,External digestion and sucking,mm,mean,,both,adult,,,,,,,,,,,
HumanObservation,Arachnida Araneae Theridiidae Cryptachaea blattea,ActDay,,0,mm,mean,,both,adult,,,,,,,,,,,
PreservedSpecimen,Arachnida Araneae Theridiidae Cryptachaea blattea,ActNig,,1,mm,mean,,both,adult,,,,,,,,,,,
HumanObservation,Arachnida Araneae Theridiidae Cryptachaea blattea,ActTwi,,0,mm,mean,,both,adult,,,,,,,,,,,
PreservedSpecimen,Arachnida Araneae Theridiidae Cryptachaea blattea,DispersaLdisp,,High dispersal ability,mm,mean,,both,adult,,,,,,,,,,,
PreservedSpecimen,Arachnida Araneae Dysderidae Dysdera crocata,Stand. body size,,3.13,mm,mean,,both,adult,,,,,,,,,,,
PreservedSpecimen,Arachnida Araneae Dysderidae Dysdera crocata,FoodPl,,0,mm,mean,,both,adult,,,,,,,,,,,
HumanObservation,Arachnida Araneae Dysderidae Dysdera crocata,FoodAni,Literature review and expert consultation based on species descriptions and ecological research.,1,mm,mean,,both,adult,,,,,,,,,,,
PreservedSpecimen,Arachnida Araneae Dysderidae Dysdera crocata,FoodFg,Functional trait determination based on expert knowledge and literature review of species characteristics,0,mm,mean,,both,adult,,,,,,,,,,,
PreservedSpecimen,Arachnida Araneae Dysderidae Dysdera crocata,FoodDet,Functional trait assignment based on literature review and expert identification of collected specimens,0,mm,mean,,both,adult,,,,,,,,,,,
PreservedSpecimen,Arachnida Araneae Dysderidae Dysdera crocata,FoodCopro,Functional trait determination based on expert knowledge and literature review,0,mm,mean,,both,adult,,,,,,,,,,,
PreservedSpecimen,Arachnida Araneae Dysderidae Dysdera crocata,IngestFood,Functional trait analysis based on taxonomic identification and literature review,External digestion and sucking,mm,mean,,both,adult,,,,,,,,,,,
HumanObservation,Arachnida Araneae Dysderidae Dysdera crocata,ActDay,,0,mm,mean,,both,adult,,,,,,,,,,,
PreservedSpecimen,Arachnida Araneae Dysderidae Dysdera crocata,ActNig,,1,mm,mean,,both,adult,,,,,,,,,,,
HumanObservation,Arachnida Araneae Dysderidae Dysdera crocata,ActTwi,,0,mm,mean,,both,adult,,,,,,,,,,,
PreservedSpecimen,Arachnida Araneae Dysderidae Dysdera crocata,DispersaLdisp,,Low dispersal ability,mm,mean,,both,adult,,,,,,,,,,,
PreservedSpecimen,Arachnida Araneae Linyphiidae Erigone atra,Stand. body size,,-0.73,mm,mean,,both,adult,,,,,,,,,,,
PreservedSpecimen,Arachnida Araneae Linyphiidae Erigone atra,FoodPl,,0,mm,mean,,both,adult,,,,,,,,,,,
HumanObservation,Arachnida Araneae Linyphiidae Erigone atra,FoodAni,Literature review and expert consultation based on species descriptions and ecological research.,1,mm,mean,,both,adult,,,,,,,,,,,
PreservedSpecimen,Arachnida Araneae Linyphiidae Erigone atra,FoodFg,Functional trait determination based on expert knowledge and literature review of species characteristics,0,mm,mean,,both,adult,,,,,,,,,,,
PreservedSpecimen,Arachnida Araneae Linyphiidae Erigone atra,FoodDet,Functional trait assignment based on literature review and expert identification of collected specimens,0,mm,mean,,both,adult,,,,,,,,,,,
PreservedSpecimen,Arachnida Araneae Linyphiidae Erigone atra,FoodCopro,Functional trait determination based on expert knowledge and literature review,0,mm,mean,,both,adult,,,,,,,,,,,
PreservedSpecimen,Arachnida Araneae Linyphiidae Erigone atra,IngestFood,Functional trait analysis based on taxonomic identification and literature review,External digestion and sucking,mm,mean,,both,adult,,,,,,,,,,,
HumanObservation,Arachnida Araneae Linyphiidae Erigone atra,ActDay,,1,mm,mean,,both,adult,,,,,,,,,,,
PreservedSpecimen,Arachnida Araneae Linyphiidae Erigone atra,ActNig,,1,mm,mean,,both,adult,,,,,,,,,,,
HumanObservation,Arachnida Araneae Linyphiidae Erigone atra,ActTwi,,1,mm,mean,,both,adult,,,,,,,,,,,
PreservedSpecimen,Arachnida Araneae Linyphiidae Erigone atra,DispersaLdisp,,High dispersal ability,mm,mean,,both,adult,,,,,,,,,,,
PreservedSpecimen,Arachnida Araneae Linyphiidae Erigone autumnalis,Stand. body size,,-0.98,mm,mean,,both,adult,,,,,,,,,,,
PreservedSpecimen,Arachnida Araneae Linyphiidae Erigone autumnalis,FoodPl,,0,mm,mean,,both,adult,,,,,,,,,,,
HumanObservation,Arachnida Araneae Linyphiidae Erigone autumnalis,FoodAni,Literature review and expert consultation based on species descriptions and ecological research.,1,mm,mean,,both,adult,,,,,,,,,,,
PreservedSpecimen,Arachnida Araneae Linyphiidae Erigone autumnalis,FoodFg,Functional trait determination based on expert knowledge and literature review of species characteristics,0,mm,mean,,both,adult,,,,,,,,,,,
PreservedSpecimen,Arachnida Araneae Linyphiidae Erigone autumnalis,FoodDet,Functional trait assignment based on literature review and expert identification of collected specimens,0,mm,mean,,both,adult,,,,,,,,,,,
PreservedSpecimen,Arachnida Araneae Linyphiidae Erigone autumnalis,FoodCopro,Functional trait determination based on expert knowledge and literature review,0,mm,mean,,both,adult,,,,,,,,,,,
PreservedSpecimen,Arachnida Araneae Linyphiidae Erigone autumnalis,IngestFood,Functional trait analysis based on taxonomic identification and literature review,External digestion and sucking,mm,mean,,both,adult,,,,,,,,,,,
HumanObservation,Arachnida Araneae Linyphiidae Erigone autumnalis,ActDay,,1,mm,mean,,both,adult,,,,,,,,,,,
PreservedSpecimen,Arachnida Araneae Linyphiidae Erigone autumnalis,ActNig,,1,mm,mean,,both,adult,,,,,,,,,,,
HumanObservation,Arachnida Araneae Linyphiidae Erigone autumnalis,ActTwi,,1,mm,mean,,both,adult,,,,,,,,,,,
PreservedSpecimen,Arachnida Araneae Linyphiidae Erigone autumnalis,DispersaLdisp,,High dispersal ability,mm,mean,,both,adult,,,,,,,,,,,
PreservedSpecimen,Arachnida Araneae Linyphiidae Erigone dentipalpis,Stand. body size,,-0.59,mm,mean,,both,adult,,,,,,,,,,,
PreservedSpecimen,Arachnida Araneae Linyphiidae Erigone dentipalpis,FoodPl,,0,mm,mean,,both,adult,,,,,,,,,,,
HumanObservation,Arachnida Araneae Linyphiidae Erigone dentipalpis,FoodAni,Literature review and expert consultation based on species descriptions and ecological research.,1,mm,mean,,both,adult,,,,,,,,,,,
PreservedSpecimen,Arachnida Araneae Linyphiidae Erigone dentipalpis,FoodFg,Functional trait determination based on expert knowledge and literature review of species characteristics,0,mm,mean,,both,adult,,,,,,,,,,,
PreservedSpecimen,Arachnida Araneae Linyphiidae Erigone dentipalpis,FoodDet,Functional trait assignment based on literature review and expert identification of collected specimens,0,mm,mean,,both,adult,,,,,,,,,,,
PreservedSpecimen,Arachnida Araneae Linyphiidae Erigone dentipalpis,FoodCopro,Functional trait determination based on expert knowledge and literature review,0,mm,mean,,both,adult,,,,,,,,,,,
PreservedSpecimen,Arachnida Araneae Linyphiidae Erigone dentipalpis,IngestFood,Functional trait analysis based on taxonomic identification and literature review,External digestion and sucking,mm,mean,,both,adult,,,,,,,,,,,
HumanObservation,Arachnida Araneae Linyphiidae Erigone dentipalpis,ActDay,,1,mm,mean,,both,adult,,,,,,,,,,,
PreservedSpecimen,Arachnida Araneae Linyphiidae Erigone dentipalpis,ActNig,,1,mm,mean,,both,adult,,,,,,,,,,,
HumanObservation,Arachnida Araneae Linyphiidae Erigone dentipalpis,ActTwi,,1,mm,mean,,both,adult,,,,,,,,,,,
PreservedSpecimen,Arachnida Araneae Linyphiidae Erigone dentipalpis,DispersaLdisp,,High dispersal ability,mm,mean,,both,adult,,,,,,,,,,,
PreservedSpecimen,Arachnida Araneae Mimetidae Ero furcata,Stand. body size,,-0.14,mm,mean,,both,adult,,,,,,,,,,,
PreservedSpecimen,Arachnida Araneae Mimetidae Ero furcata,FoodPl,,0,mm,mean,,both,adult,,,,,,,,,,,
HumanObservation,Arachnida Araneae Mimetidae Ero furcata,FoodAni,Literature review and expert consultation based on species descriptions and ecological research.,1,mm,mean,,both,adult,,,,,,,,,,,
PreservedSpecimen,Arachnida Araneae Mimetidae Ero furcata,FoodFg,Functional trait determination based on expert knowledge and literature review of species characteristics,0,mm,mean,,both,adult,,,,,,,,,,,
PreservedSpecimen,Arachnida Araneae Mimetidae Ero furcata,FoodDet,Functional trait assignment based on literature review and expert identification of collected specimens,0,mm,mean,,both,adult,,,,,,,,,,,
PreservedSpecimen,Arachnida Araneae Mimetidae Ero furcata,FoodCopro,Functional trait determination based on expert knowledge and literature review,0,mm,mean,,both,adult,,,,,,,,,,,
PreservedSpecimen,Arachnida Araneae Mimetidae Ero furcata,IngestFood,Functional trait analysis based on taxonomic identification and literature review,External digestion and sucking,mm,mean,,both,adult,,,,,,,,,,,
HumanObservation,Arachnida Araneae Mimetidae Ero furcata,ActDay,,0,mm,mean,,both,adult,,,,,,,,,,,
PreservedSpecimen,Arachnida Araneae Mimetidae Ero furcata,ActNig,,1,mm,mean,,both,adult,,,,,,,,,,,
HumanObservation,Arachnida Araneae Mimetidae Ero furcata,ActTwi,,0,mm,mean,,both,adult,,,,,,,,,,,
PreservedSpecimen,Arachnida Araneae Mimetidae Ero furcata,DispersaLdisp,,Low dispersal ability,mm,mean,,both,adult,,,,,,,,,,,
PreservedSpecimen,Arachnida Araneae Linyphiidae Gen. sp.,Stand. body size,,NA,mm,mean,,both,adult,,,,,,,,,,,
PreservedSpecimen,Arachnida Araneae Linyphiidae Gen. sp.,FoodPl,,0,mm,mean,,both,adult,,,,,,,,,,,
HumanObservation,Arachnida Araneae Linyphiidae Gen. sp.,FoodAni,Literature review and expert consultation based on species descriptions and ecological research.,1,mm,mean,,both,adult,,,,,,,,,,,
PreservedSpecimen,Arachnida Araneae Linyphiidae Gen. sp.,FoodFg,Functional trait determination based on expert knowledge and literature review of species characteristics,0,mm,mean,,both,adult,,,,,,,,,,,
PreservedSpecimen,Arachnida Araneae Linyphiidae Gen. sp.,FoodDet,Functional trait assignment based on literature review and expert identification of collected specimens,0,mm,mean,,both,adult,,,,,,,,,,,
PreservedSpecimen,Arachnida Araneae Linyphiidae Gen. sp.,FoodCopro,Functional trait determination based on expert knowledge and literature review,0,mm,mean,,both,adult,,,,,,,,,,,
PreservedSpecimen,Arachnida Araneae Linyphiidae Gen. sp.,IngestFood,Functional trait analysis based on taxonomic identification and literature review,External digestion and sucking,mm,mean,,both,adult,,,,,,,,,,,
HumanObservation,Arachnida Araneae Linyphiidae Gen. sp.,ActDay,,0,mm,mean,,both,adult,,,,,,,,,,,
PreservedSpecimen,Arachnida Araneae Linyphiidae Gen. sp.,ActNig,,1,mm,mean,,both,adult,,,,,,,,,,,
HumanObservation,Arachnida Araneae Linyphiidae Gen. sp.,ActTwi,,0,mm,mean,,both,adult,,,,,,,,,,,
PreservedSpecimen,Arachnida Araneae Linyphiidae Gen. sp.,DispersaLdisp,,High dispersal ability,mm,mean,,both,adult,,,,,,,,,,,
PreservedSpecimen,Arachnida Araneae Gnaphosidae Marinarozelotes lyonneti,Stand. body size,,1.22,mm,mean,,both,adult,,,,,,,,,,,
PreservedSpecimen,Arachnida Araneae Gnaphosidae Marinarozelotes lyonneti,FoodPl,,0,mm,mean,,both,adult,,,,,,,,,,,
HumanObservation,Arachnida Araneae Gnaphosidae Marinarozelotes lyonneti,FoodAni,Literature review and expert consultation based on species descriptions and ecological research.,1,mm,mean,,both,adult,,,,,,,,,,,
PreservedSpecimen,Arachnida Araneae Gnaphosidae Marinarozelotes lyonneti,FoodFg,Functional trait determination based on expert knowledge and literature review of species characteristics,0,mm,mean,,both,adult,,,,,,,,,,,
PreservedSpecimen,Arachnida Araneae Gnaphosidae Marinarozelotes lyonneti,FoodDet,Functional trait assignment based on literature review and expert identification of collected specimens,0,mm,mean,,both,adult,,,,,,,,,,,
PreservedSpecimen,Arachnida Araneae Gnaphosidae Marinarozelotes lyonneti,FoodCopro,Functional trait determination based on expert knowledge and literature review,0,mm,mean,,both,adult,,,,,,,,,,,
PreservedSpecimen,Arachnida Araneae Gnaphosidae Marinarozelotes lyonneti,IngestFood,Functional trait analysis based on taxonomic identification and literature review,External digestion and sucking,mm,mean,,both,adult,,,,,,,,,,,
HumanObservation,Arachnida Araneae Gnaphosidae Marinarozelotes lyonneti,ActDay,,0,mm,mean,,both,adult,,,,,,,,,,,
PreservedSpecimen,Arachnida Araneae Gnaphosidae Marinarozelotes lyonneti,ActNig,,1,mm,mean,,both,adult,,,,,,,,,,,
HumanObservation,Arachnida Araneae Gnaphosidae Marinarozelotes lyonneti,ActTwi,,0,mm,mean,,both,adult,,,,,,,,,,,
PreservedSpecimen,Arachnida Araneae Gnaphosidae Marinarozelotes lyonneti,DispersaLdisp,,High dispersal ability,mm,mean,,both,adult,,,,,,,,,,,
PreservedSpecimen,Arachnida Araneae Linyphiidae Mermessus bryantae,Stand. body size,,-0.83,mm,mean,,both,adult,,,,,,,,,,,
PreservedSpecimen,Arachnida Araneae Linyphiidae Mermessus bryantae,FoodPl,,0,mm,mean,,both,adult,,,,,,,,,,,
HumanObservation,Arachnida Araneae Linyphiidae Mermessus bryantae,FoodAni,Literature review and expert consultation based on species descriptions and ecological research.,1,mm,mean,,both,adult,,,,,,,,,,,
PreservedSpecimen,Arachnida Araneae Linyphiidae Mermessus bryantae,FoodFg,Functional trait determination based on expert knowledge and literature review of species characteristics,0,mm,mean,,both,adult,,,,,,,,,,,
PreservedSpecimen,Arachnida Araneae Linyphiidae Mermessus bryantae,FoodDet,Functional trait assignment based on literature review and expert identification of collected specimens,0,mm,mean,,both,adult,,,,,,,,,,,
PreservedSpecimen,Arachnida Araneae Linyphiidae Mermessus bryantae,FoodCopro,Functional trait determination based on expert knowledge and literature review,0,mm,mean,,both,adult,,,,,,,,,,,
PreservedSpecimen,Arachnida Araneae Linyphiidae Mermessus bryantae,IngestFood,Functional trait analysis based on taxonomic identification and literature review,External digestion and sucking,mm,mean,,both,adult,,,,,,,,,,,
HumanObservation,Arachnida Araneae Linyphiidae Mermessus bryantae,ActDay,,1,mm,mean,,both,adult,,,,,,,,,,,
PreservedSpecimen,Arachnida Araneae Linyphiidae Mermessus bryantae,ActNig,,1,mm,mean,,both,adult,,,,,,,,,,,
HumanObservation,Arachnida Araneae Linyphiidae Mermessus bryantae,ActTwi,,1,mm,mean,,both,adult,,,,,,,,,,,
PreservedSpecimen,Arachnida Araneae Linyphiidae Mermessus bryantae,DispersaLdisp,,High dispersal ability,mm,mean,,both,adult,,,,,,,,,,,
PreservedSpecimen,Arachnida Araneae Linyphiidae Mermessus fradeorum,Stand. body size,,-0.18,mm,mean,,both,adult,,,,,,,,,,,
PreservedSpecimen,Arachnida Araneae Linyphiidae Mermessus fradeorum,FoodPl,,0,mm,mean,,both,adult,,,,,,,,,,,
HumanObservation,Arachnida Araneae Linyphiidae Mermessus fradeorum,FoodAni,Literature review and expert consultation based on species descriptions and ecological research.,1,mm,mean,,both,adult,,,,,,,,,,,
PreservedSpecimen,Arachnida Araneae Linyphiidae Mermessus fradeorum,FoodFg,Functional trait determination based on expert knowledge and literature review of species characteristics,0,mm,mean,,both,adult,,,,,,,,,,,
PreservedSpecimen,Arachnida Araneae Linyphiidae Mermessus fradeorum,FoodDet,Functional trait assignment based on literature review and expert identification of collected specimens,0,mm,mean,,both,adult,,,,,,,,,,,
PreservedSpecimen,Arachnida Araneae Linyphiidae Mermessus fradeorum,FoodCopro,Functional trait determination based on expert knowledge and literature review,0,mm,mean,,both,adult,,,,,,,,,,,
PreservedSpecimen,Arachnida Araneae Linyphiidae Mermessus fradeorum,IngestFood,Functional trait analysis based on taxonomic identification and literature review,External digestion and sucking,mm,mean,,both,adult,,,,,,,,,,,
HumanObservation,Arachnida Araneae Linyphiidae Mermessus fradeorum,ActDay,,1,mm,mean,,both,adult,,,,,,,,,,,
PreservedSpecimen,Arachnida Araneae Linyphiidae Mermessus fradeorum,ActNig,,1,mm,mean,,both,adult,,,,,,,,,,,
HumanObservation,Arachnida Araneae Linyphiidae Mermessus fradeorum,ActTwi,,1,mm,mean,,both,adult,,,,,,,,,,,
PreservedSpecimen,Arachnida Araneae Linyphiidae Mermessus fradeorum,DispersaLdisp,,High dispersal ability,mm,mean,,both,adult,,,,,,,,,,,
PreservedSpecimen,Arachnida Araneae Linyphiidae Neriene clathrata,Stand. body size,,0.5,mm,mean,,both,adult,,,,,,,,,,,
PreservedSpecimen,Arachnida Araneae Linyphiidae Neriene clathrata,FoodPl,,0,mm,mean,,both,adult,,,,,,,,,,,
HumanObservation,Arachnida Araneae Linyphiidae Neriene clathrata,FoodAni,Literature review and expert consultation based on species descriptions and ecological research.,1,mm,mean,,both,adult,,,,,,,,,,,
PreservedSpecimen,Arachnida Araneae Linyphiidae Neriene clathrata,FoodFg,Functional trait determination based on expert knowledge and literature review of species characteristics,0,mm,mean,,both,adult,,,,,,,,,,,
PreservedSpecimen,Arachnida Araneae Linyphiidae Neriene clathrata,FoodDet,Functional trait assignment based on literature review and expert identification of collected specimens,0,mm,mean,,both,adult,,,,,,,,,,,
PreservedSpecimen,Arachnida Araneae Linyphiidae Neriene clathrata,FoodCopro,Functional trait determination based on expert knowledge and literature review,0,mm,mean,,both,adult,,,,,,,,,,,
PreservedSpecimen,Arachnida Araneae Linyphiidae Neriene clathrata,IngestFood,Functional trait analysis based on taxonomic identification and literature review,External digestion and sucking,mm,mean,,both,adult,,,,,,,,,,,
HumanObservation,Arachnida Araneae Linyphiidae Neriene clathrata,ActDay,,0,mm,mean,,both,adult,,,,,,,,,,,
PreservedSpecimen,Arachnida Araneae Linyphiidae Neriene clathrata,ActNig,,1,mm,mean,,both,adult,,,,,,,,,,,
HumanObservation,Arachnida Araneae Linyphiidae Neriene clathrata,ActTwi,,0,mm,mean,,both,adult,,,,,,,,,,,
PreservedSpecimen,Arachnida Araneae Linyphiidae Neriene clathrata,DispersaLdisp,,High dispersal ability,mm,mean,,both,adult,,,,,,,,,,,
PreservedSpecimen,Arachnida Araneae Oecobiidae Oecobius navus,Stand. body size,,-0.49,mm,mean,,both,adult,,,,,,,,,,,
PreservedSpecimen,Arachnida Araneae Oecobiidae Oecobius navus,FoodPl,,0,mm,mean,,both,adult,,,,,,,,,,,
HumanObservation,Arachnida Araneae Oecobiidae Oecobius navus,FoodAni,Literature review and expert consultation based on species descriptions and ecological research.,1,mm,mean,,both,adult,,,,,,,,,,,
PreservedSpecimen,Arachnida Araneae Oecobiidae Oecobius navus,FoodFg,Functional trait determination based on expert knowledge and literature review of species characteristics,0,mm,mean,,both,adult,,,,,,,,,,,
PreservedSpecimen,Arachnida Araneae Oecobiidae Oecobius navus,FoodDet,Functional trait assignment based on literature review and expert identification of collected specimens,0,mm,mean,,both,adult,,,,,,,,,,,
PreservedSpecimen,Arachnida Araneae Oecobiidae Oecobius navus,FoodCopro,Functional trait determination based on expert knowledge and literature review,0,mm,mean,,both,adult,,,,,,,,,,,
PreservedSpecimen,Arachnida Araneae Oecobiidae Oecobius navus,IngestFood,Functional trait analysis based on taxonomic identification and literature review,External digestion and sucking,mm,mean,,both,adult,,,,,,,,,,,
HumanObservation,Arachnida Araneae Oecobiidae Oecobius navus,ActDay,,1,mm,mean,,both,adult,,,,,,,,,,,
PreservedSpecimen,Arachnida Araneae Oecobiidae Oecobius navus,ActNig,,1,mm,mean,,both,adult,,,,,,,,,,,
HumanObservation,Arachnida Araneae Oecobiidae Oecobius navus,ActTwi,,1,mm,mean,,both,adult,,,,,,,,,,,
PreservedSpecimen,Arachnida Araneae Oecobiidae Oecobius navus,DispersaLdisp,,Low dispersal ability,mm,mean,,both,adult,,,,,,,,,,,
PreservedSpecimen,Arachnida Araneae Linyphiidae Oedothorax fuscus,Stand. body size,,-0.61,mm,mean,,both,adult,,,,,,,,,,,
PreservedSpecimen,Arachnida Araneae Linyphiidae Oedothorax fuscus,FoodPl,,0,mm,mean,,both,adult,,,,,,,,,,,
HumanObservation,Arachnida Araneae Linyphiidae Oedothorax fuscus,FoodAni,Literature review and expert consultation based on species descriptions and ecological research.,1,mm,mean,,both,adult,,,,,,,,,,,
PreservedSpecimen,Arachnida Araneae Linyphiidae Oedothorax fuscus,FoodFg,Functional trait determination based on expert knowledge and literature review of species characteristics,0,mm,mean,,both,adult,,,,,,,,,,,
PreservedSpecimen,Arachnida Araneae Linyphiidae Oedothorax fuscus,FoodDet,Functional trait assignment based on literature review and expert identification of collected specimens,0,mm,mean,,both,adult,,,,,,,,,,,
PreservedSpecimen,Arachnida Araneae Linyphiidae Oedothorax fuscus,FoodCopro,Functional trait determination based on expert knowledge and literature review,0,mm,mean,,both,adult,,,,,,,,,,,
PreservedSpecimen,Arachnida Araneae Linyphiidae Oedothorax fuscus,IngestFood,Functional trait analysis based on taxonomic identification and literature review,External digestion and sucking,mm,mean,,both,adult,,,,,,,,,,,
HumanObservation,Arachnida Araneae Linyphiidae Oedothorax fuscus,ActDay,,0,mm,mean,,both,adult,,,,,,,,,,,
PreservedSpecimen,Arachnida Araneae Linyphiidae Oedothorax fuscus,ActNig,,1,mm,mean,,both,adult,,,,,,,,,,,
HumanObservation,Arachnida Araneae Linyphiidae Oedothorax fuscus,ActTwi,,0,mm,mean,,both,adult,,,,,,,,,,,
PreservedSpecimen,Arachnida Araneae Linyphiidae Oedothorax fuscus,DispersaLdisp,,High dispersal ability,mm,mean,,both,adult,,,,,,,,,,,
PreservedSpecimen,Arachnida Araneae Linyphiidae Ostearius melanopygius,Stand. body size,,-0.53,mm,mean,,both,adult,,,,,,,,,,,
PreservedSpecimen,Arachnida Araneae Linyphiidae Ostearius melanopygius,FoodPl,,0,mm,mean,,both,adult,,,,,,,,,,,
HumanObservation,Arachnida Araneae Linyphiidae Ostearius melanopygius,FoodAni,Literature review and expert consultation based on species descriptions and ecological research.,1,mm,mean,,both,adult,,,,,,,,,,,
PreservedSpecimen,Arachnida Araneae Linyphiidae Ostearius melanopygius,FoodFg,Functional trait determination based on expert knowledge and literature review of species characteristics,0,mm,mean,,both,adult,,,,,,,,,,,
PreservedSpecimen,Arachnida Araneae Linyphiidae Ostearius melanopygius,FoodDet,Functional trait assignment based on literature review and expert identification of collected specimens,0,mm,mean,,both,adult,,,,,,,,,,,
PreservedSpecimen,Arachnida Araneae Linyphiidae Ostearius melanopygius,FoodCopro,Functional trait determination based on expert knowledge and literature review,0,mm,mean,,both,adult,,,,,,,,,,,
PreservedSpecimen,Arachnida Araneae Linyphiidae Ostearius melanopygius,IngestFood,Functional trait analysis based on taxonomic identification and literature review,External digestion and sucking,mm,mean,,both,adult,,,,,,,,,,,
HumanObservation,Arachnida Araneae Linyphiidae Ostearius melanopygius,ActDay,,1,mm,mean,,both,adult,,,,,,,,,,,
PreservedSpecimen,Arachnida Araneae Linyphiidae Ostearius melanopygius,ActNig,,1,mm,mean,,both,adult,,,,,,,,,,,
HumanObservation,Arachnida Araneae Linyphiidae Ostearius melanopygius,ActTwi,,1,mm,mean,,both,adult,,,,,,,,,,,
PreservedSpecimen,Arachnida Araneae Linyphiidae Ostearius melanopygius,DispersaLdisp,,High dispersal ability,mm,mean,,both,adult,,,,,,,,,,,
PreservedSpecimen,Arachnida Araneae Tetragnathidae Pachygnatha degeeri,Stand. body size,,0.09,mm,mean,,both,adult,,,,,,,,,,,
PreservedSpecimen,Arachnida Araneae Tetragnathidae Pachygnatha degeeri,FoodPl,,0,mm,mean,,both,adult,,,,,,,,,,,
HumanObservation,Arachnida Araneae Tetragnathidae Pachygnatha degeeri,FoodAni,Literature review and expert consultation based on species descriptions and ecological research.,1,mm,mean,,both,adult,,,,,,,,,,,
PreservedSpecimen,Arachnida Araneae Tetragnathidae Pachygnatha degeeri,FoodFg,Functional trait determination based on expert knowledge and literature review of species characteristics,0,mm,mean,,both,adult,,,,,,,,,,,
PreservedSpecimen,Arachnida Araneae Tetragnathidae Pachygnatha degeeri,FoodDet,Functional trait assignment based on literature review and expert identification of collected specimens,0,mm,mean,,both,adult,,,,,,,,,,,
PreservedSpecimen,Arachnida Araneae Tetragnathidae Pachygnatha degeeri,FoodCopro,Functional trait determination based on expert knowledge and literature review,0,mm,mean,,both,adult,,,,,,,,,,,
PreservedSpecimen,Arachnida Araneae Tetragnathidae Pachygnatha degeeri,IngestFood,Functional trait analysis based on taxonomic identification and literature review,External digestion and sucking,mm,mean,,both,adult,,,,,,,,,,,
HumanObservation,Arachnida Araneae Tetragnathidae Pachygnatha degeeri,ActDay,,1,mm,mean,,both,adult,,,,,,,,,,,
PreservedSpecimen,Arachnida Araneae Tetragnathidae Pachygnatha degeeri,ActNig,,1,mm,mean,,both,adult,,,,,,,,,,,
HumanObservation,Arachnida Araneae Tetragnathidae Pachygnatha degeeri,ActTwi,,1,mm,mean,,both,adult,,,,,,,,,,,
PreservedSpecimen,Arachnida Araneae Tetragnathidae Pachygnatha degeeri,DispersaLdisp,,High dispersal ability,mm,mean,,both,adult,,,,,,,,,,,
PreservedSpecimen,Arachnida Araneae Lycosidae Pardosa acorensis,Stand. body size,,1.33,mm,mean,,both,adult,,,,,,,,,,,
PreservedSpecimen,Arachnida Araneae Lycosidae Pardosa acorensis,FoodPl,,0,mm,mean,,both,adult,,,,,,,,,,,
HumanObservation,Arachnida Araneae Lycosidae Pardosa acorensis,FoodAni,Literature review and expert consultation based on species descriptions and ecological research.,1,mm,mean,,both,adult,,,,,,,,,,,
PreservedSpecimen,Arachnida Araneae Lycosidae Pardosa acorensis,FoodFg,Functional trait determination based on expert knowledge and literature review of species characteristics,0,mm,mean,,both,adult,,,,,,,,,,,
PreservedSpecimen,Arachnida Araneae Lycosidae Pardosa acorensis,FoodDet,Functional trait assignment based on literature review and expert identification of collected specimens,0,mm,mean,,both,adult,,,,,,,,,,,
PreservedSpecimen,Arachnida Araneae Lycosidae Pardosa acorensis,FoodCopro,Functional trait determination based on expert knowledge and literature review,0,mm,mean,,both,adult,,,,,,,,,,,
PreservedSpecimen,Arachnida Araneae Lycosidae Pardosa acorensis,IngestFood,Functional trait analysis based on taxonomic identification and literature review,External digestion and sucking,mm,mean,,both,adult,,,,,,,,,,,
HumanObservation,Arachnida Araneae Lycosidae Pardosa acorensis,ActDay,,1,mm,mean,,both,adult,,,,,,,,,,,
PreservedSpecimen,Arachnida Araneae Lycosidae Pardosa acorensis,ActNig,,0,mm,mean,,both,adult,,,,,,,,,,,
HumanObservation,Arachnida Araneae Lycosidae Pardosa acorensis,ActTwi,,0,mm,mean,,both,adult,,,,,,,,,,,
PreservedSpecimen,Arachnida Araneae Lycosidae Pardosa acorensis,DispersaLdisp,,High dispersal ability,mm,mean,,both,adult,,,,,,,,,,,
PreservedSpecimen,Arachnida Araneae Linyphiidae Prinerigone vagans,Stand. body size,,-0.63,mm,mean,,both,adult,,,,,,,,,,,
PreservedSpecimen,Arachnida Araneae Linyphiidae Prinerigone vagans,FoodPl,,0,mm,mean,,both,adult,,,,,,,,,,,
HumanObservation,Arachnida Araneae Linyphiidae Prinerigone vagans,FoodAni,Literature review and expert consultation based on species descriptions and ecological research.,1,mm,mean,,both,adult,,,,,,,,,,,
PreservedSpecimen,Arachnida Araneae Linyphiidae Prinerigone vagans,FoodFg,Functional trait determination based on expert knowledge and literature review of species characteristics,0,mm,mean,,both,adult,,,,,,,,,,,
PreservedSpecimen,Arachnida Araneae Linyphiidae Prinerigone vagans,FoodDet,Functional trait assignment based on literature review and expert identification of collected specimens,0,mm,mean,,both,adult,,,,,,,,,,,
PreservedSpecimen,Arachnida Araneae Linyphiidae Prinerigone vagans,FoodCopro,Functional trait determination based on expert knowledge and literature review,0,mm,mean,,both,adult,,,,,,,,,,,
PreservedSpecimen,Arachnida Araneae Linyphiidae Prinerigone vagans,IngestFood,Functional trait analysis based on taxonomic identification and literature review,External digestion and sucking,mm,mean,,both,adult,,,,,,,,,,,
HumanObservation,Arachnida Araneae Linyphiidae Prinerigone vagans,ActDay,,0,mm,mean,,both,adult,,,,,,,,,,,
PreservedSpecimen,Arachnida Araneae Linyphiidae Prinerigone vagans,ActNig,,1,mm,mean,,both,adult,,,,,,,,,,,
HumanObservation,Arachnida Araneae Linyphiidae Prinerigone vagans,ActTwi,,0,mm,mean,,both,adult,,,,,,,,,,,
PreservedSpecimen,Arachnida Araneae Linyphiidae Prinerigone vagans,DispersaLdisp,,High dispersal ability,mm,mean,,both,adult,,,,,,,,,,,
PreservedSpecimen,Arachnida Araneae Linyphiidae Tenuiphantes tenuis,Stand. body size,,-0.52,mm,mean,,both,adult,,,,,,,,,,,
PreservedSpecimen,Arachnida Araneae Linyphiidae Tenuiphantes tenuis,FoodPl,,0,mm,mean,,both,adult,,,,,,,,,,,
HumanObservation,Arachnida Araneae Linyphiidae Tenuiphantes tenuis,FoodAni,Literature review and expert consultation based on species descriptions and ecological research.,1,mm,mean,,both,adult,,,,,,,,,,,
PreservedSpecimen,Arachnida Araneae Linyphiidae Tenuiphantes tenuis,FoodFg,Functional trait determination based on expert knowledge and literature review of species characteristics,0,mm,mean,,both,adult,,,,,,,,,,,
PreservedSpecimen,Arachnida Araneae Linyphiidae Tenuiphantes tenuis,FoodDet,Functional trait assignment based on literature review and expert identification of collected specimens,0,mm,mean,,both,adult,,,,,,,,,,,
PreservedSpecimen,Arachnida Araneae Linyphiidae Tenuiphantes tenuis,FoodCopro,Functional trait determination based on expert knowledge and literature review,0,mm,mean,,both,adult,,,,,,,,,,,
PreservedSpecimen,Arachnida Araneae Linyphiidae Tenuiphantes tenuis,IngestFood,Functional trait analysis based on taxonomic identification and literature review,External digestion and sucking,mm,mean,,both,adult,,,,,,,,,,,
HumanObservation,Arachnida Araneae Linyphiidae Tenuiphantes tenuis,ActDay,,0,mm,mean,,both,adult,,,,,,,,,,,
PreservedSpecimen,Arachnida Araneae Linyphiidae Tenuiphantes tenuis,ActNig,,1,mm,mean,,both,adult,,,,,,,,,,,
HumanObservation,Arachnida Araneae Linyphiidae Tenuiphantes tenuis,ActTwi,,0,mm,mean,,both,adult,,,,,,,,,,,
PreservedSpecimen,Arachnida Araneae Linyphiidae Tenuiphantes tenuis,DispersaLdisp,,High dispersal ability,mm,mean,,both,adult,,,,,,,,,,,
PreservedSpecimen,Arachnida Araneae Gnaphosidae Zelotes aeneus,Stand. body size,,1.36,mm,mean,,both,adult,,,,,,,,,,,
PreservedSpecimen,Arachnida Araneae Gnaphosidae Zelotes aeneus,FoodPl,,0,mm,mean,,both,adult,,,,,,,,,,,
HumanObservation,Arachnida Araneae Gnaphosidae Zelotes aeneus,FoodAni,Literature review and expert consultation based on species descriptions and ecological research.,1,mm,mean,,both,adult,,,,,,,,,,,
PreservedSpecimen,Arachnida Araneae Gnaphosidae Zelotes aeneus,FoodFg,Functional trait determination based on expert knowledge and literature review of species characteristics,0,mm,mean,,both,adult,,,,,,,,,,,
PreservedSpecimen,Arachnida Araneae Gnaphosidae Zelotes aeneus,FoodDet,Functional trait assignment based on literature review and expert identification of collected specimens,0,mm,mean,,both,adult,,,,,,,,,,,
PreservedSpecimen,Arachnida Araneae Gnaphosidae Zelotes aeneus,FoodCopro,Functional trait determination based on expert knowledge and literature review,0,mm,mean,,both,adult,,,,,,,,,,,
PreservedSpecimen,Arachnida Araneae Gnaphosidae Zelotes aeneus,IngestFood,Functional trait analysis based on taxonomic identification and literature review,External digestion and sucking,mm,mean,,both,adult,,,,,,,,,,,
HumanObservation,Arachnida Araneae Gnaphosidae Zelotes aeneus,ActDay,,0,mm,mean,,both,adult,,,,,,,,,,,
PreservedSpecimen,Arachnida Araneae Gnaphosidae Zelotes aeneus,ActNig,,1,mm,mean,,both,adult,,,,,,,,,,,
HumanObservation,Arachnida Araneae Gnaphosidae Zelotes aeneus,ActTwi,,0,mm,mean,,both,adult,,,,,,,,,,,
PreservedSpecimen,Arachnida Araneae Gnaphosidae Zelotes aeneus,DispersaLdisp,,High dispersal ability,mm,mean,,both,adult,,,,,,,,,,,
PreservedSpecimen,Arachnida Araneae Zodariidae Zodarion atlanticum,Stand. body size,,-0.28,mm,mean,,both,adult,,,,,,,,,,,
PreservedSpecimen,Arachnida Araneae Zodariidae Zodarion atlanticum,FoodPl,,0,mm,mean,,both,adult,,,,,,,,,,,
HumanObservation,Arachnida Araneae Zodariidae Zodarion atlanticum,FoodAni,Literature review and expert consultation based on species descriptions and ecological research.,1,mm,mean,,both,adult,,,,,,,,,,,
PreservedSpecimen,Arachnida Araneae Zodariidae Zodarion atlanticum,FoodFg,Functional trait determination based on expert knowledge and literature review of species characteristics,0,mm,mean,,both,adult,,,,,,,,,,,
PreservedSpecimen,Arachnida Araneae Zodariidae Zodarion atlanticum,FoodDet,Functional trait assignment based on literature review and expert identification of collected specimens,0,mm,mean,,both,adult,,,,,,,,,,,
PreservedSpecimen,Arachnida Araneae Zodariidae Zodarion atlanticum,FoodCopro,Functional trait determination based on expert knowledge and literature review,0,mm,mean,,both,adult,,,,,,,,,,,
PreservedSpecimen,Arachnida Araneae Zodariidae Zodarion atlanticum,IngestFood,Functional trait analysis based on taxonomic identification and literature review,External digestion and sucking,mm,mean,,both,adult,,,,,,,,,,,
HumanObservation,Arachnida Araneae Zodariidae Zodarion atlanticum,ActDay,,1,mm,mean,,both,adult,,,,,,,,,,,
PreservedSpecimen,Arachnida Araneae Zodariidae Zodarion atlanticum,ActNig,,1,mm,mean,,both,adult,,,,,,,,,,,
HumanObservation,Arachnida Araneae Zodariidae Zodarion atlanticum,ActTwi,,1,mm,mean,,both,adult,,,,,,,,,,,
PreservedSpecimen,Arachnida Araneae Zodariidae Zodarion atlanticum,DispersaLdisp,,Not Applicable,mm,mean,,both,adult,,,,,,,,,,,
PreservedSpecimen,Insecta Coleoptera Elateridae Aeolus melliculus moreleti,Stand. body size,,0.52,mm,mean,,both,adult,,,,,,,,,,,
PreservedSpecimen,Insecta Coleoptera Elateridae Aeolus melliculus moreleti,FoodPl,,1,mm,mean,,both,adult,,,,,,,,,,,
HumanObservation,Insecta Coleoptera Elateridae Aeolus melliculus moreleti,FoodAni,Literature review and expert consultation based on species descriptions and ecological research.,0,mm,mean,,both,adult,,,,,,,,,,,
PreservedSpecimen,Insecta Coleoptera Elateridae Aeolus melliculus moreleti,FoodFg,Functional trait determination based on expert knowledge and literature review of species characteristics,0,mm,mean,,both,adult,,,,,,,,,,,
PreservedSpecimen,Insecta Coleoptera Elateridae Aeolus melliculus moreleti,FoodDet,Functional trait assignment based on literature review and expert identification of collected specimens,0,mm,mean,,both,adult,,,,,,,,,,,
PreservedSpecimen,Insecta Coleoptera Elateridae Aeolus melliculus moreleti,FoodCopro,Functional trait determination based on expert knowledge and literature review,0,mm,mean,,both,adult,,,,,,,,,,,
PreservedSpecimen,Insecta Coleoptera Elateridae Aeolus melliculus moreleti,IngestFood,Functional trait analysis based on taxonomic identification and literature review,Chewing and cutting,mm,mean,,both,adult,,,,,,,,,,,
HumanObservation,Insecta Coleoptera Elateridae Aeolus melliculus moreleti,ActDay,,0,mm,mean,,both,adult,,,,,,,,,,,
PreservedSpecimen,Insecta Coleoptera Elateridae Aeolus melliculus moreleti,ActNig,,1,mm,mean,,both,adult,,,,,,,,,,,
HumanObservation,Insecta Coleoptera Elateridae Aeolus melliculus moreleti,ActTwi,,0,mm,mean,,both,adult,,,,,,,,,,,
PreservedSpecimen,Insecta Coleoptera Elateridae Aeolus melliculus moreleti,DispersaLdisp,,High dispersal ability,mm,mean,,both,adult,,,,,,,,,,,
PreservedSpecimen,Insecta Coleoptera Carabidae Agonum muelleri,Stand. body size,,NA,mm,mean,,both,adult,,,,,,,,,,,
PreservedSpecimen,Insecta Coleoptera Carabidae Agonum muelleri,FoodPl,,0,mm,mean,,both,adult,,,,,,,,,,,
HumanObservation,Insecta Coleoptera Carabidae Agonum muelleri,FoodAni,Literature review and expert consultation based on species descriptions and ecological research.,1,mm,mean,,both,adult,,,,,,,,,,,
PreservedSpecimen,Insecta Coleoptera Carabidae Agonum muelleri,FoodFg,Functional trait determination based on expert knowledge and literature review of species characteristics,0,mm,mean,,both,adult,,,,,,,,,,,
PreservedSpecimen,Insecta Coleoptera Carabidae Agonum muelleri,FoodDet,Functional trait assignment based on literature review and expert identification of collected specimens,0,mm,mean,,both,adult,,,,,,,,,,,
PreservedSpecimen,Insecta Coleoptera Carabidae Agonum muelleri,FoodCopro,Functional trait determination based on expert knowledge and literature review,0,mm,mean,,both,adult,,,,,,,,,,,
PreservedSpecimen,Insecta Coleoptera Carabidae Agonum muelleri,IngestFood,Functional trait analysis based on taxonomic identification and literature review,Chewing and cutting,mm,mean,,both,adult,,,,,,,,,,,
HumanObservation,Insecta Coleoptera Carabidae Agonum muelleri,ActDay,,1,mm,mean,,both,adult,,,,,,,,,,,
PreservedSpecimen,Insecta Coleoptera Carabidae Agonum muelleri,ActNig,,1,mm,mean,,both,adult,,,,,,,,,,,
HumanObservation,Insecta Coleoptera Carabidae Agonum muelleri,ActTwi,,1,mm,mean,,both,adult,,,,,,,,,,,
PreservedSpecimen,Insecta Coleoptera Carabidae Agonum muelleri,DispersaLdisp,,High dispersal ability,mm,mean,,both,adult,,,,,,,,,,,
PreservedSpecimen,Insecta Coleoptera Staphylinidae Aleochara bipustulata,Stand. body size,,-0.26,mm,mean,,both,adult,,,,,,,,,,,
PreservedSpecimen,Insecta Coleoptera Staphylinidae Aleochara bipustulata,FoodPl,,0,mm,mean,,both,adult,,,,,,,,,,,
HumanObservation,Insecta Coleoptera Staphylinidae Aleochara bipustulata,FoodAni,Literature review and expert consultation based on species descriptions and ecological research.,1,mm,mean,,both,adult,,,,,,,,,,,
PreservedSpecimen,Insecta Coleoptera Staphylinidae Aleochara bipustulata,FoodFg,Functional trait determination based on expert knowledge and literature review of species characteristics,0,mm,mean,,both,adult,,,,,,,,,,,
PreservedSpecimen,Insecta Coleoptera Staphylinidae Aleochara bipustulata,FoodDet,Functional trait assignment based on literature review and expert identification of collected specimens,0,mm,mean,,both,adult,,,,,,,,,,,
PreservedSpecimen,Insecta Coleoptera Staphylinidae Aleochara bipustulata,FoodCopro,Functional trait determination based on expert knowledge and literature review,0,mm,mean,,both,adult,,,,,,,,,,,
PreservedSpecimen,Insecta Coleoptera Staphylinidae Aleochara bipustulata,IngestFood,Functional trait analysis based on taxonomic identification and literature review,Chewing and cutting,mm,mean,,both,adult,,,,,,,,,,,
HumanObservation,Insecta Coleoptera Staphylinidae Aleochara bipustulata,ActDay,,0,mm,mean,,both,adult,,,,,,,,,,,
PreservedSpecimen,Insecta Coleoptera Staphylinidae Aleochara bipustulata,ActNig,,1,mm,mean,,both,adult,,,,,,,,,,,
HumanObservation,Insecta Coleoptera Staphylinidae Aleochara bipustulata,ActTwi,,0,mm,mean,,both,adult,,,,,,,,,,,
PreservedSpecimen,Insecta Coleoptera Staphylinidae Aleochara bipustulata,DispersaLdisp,,High dispersal ability,mm,mean,,both,adult,,,,,,,,,,,
PreservedSpecimen,Insecta Coleoptera Staphylinidae Aleochara verna,Stand. body size,,-0.21,mm,mean,,both,adult,,,,,,,,,,,
PreservedSpecimen,Insecta Coleoptera Staphylinidae Aleochara verna,FoodPl,,0,mm,mean,,both,adult,,,,,,,,,,,
HumanObservation,Insecta Coleoptera Staphylinidae Aleochara verna,FoodAni,Literature review and expert consultation based on species descriptions and ecological research.,1,mm,mean,,both,adult,,,,,,,,,,,
PreservedSpecimen,Insecta Coleoptera Staphylinidae Aleochara verna,FoodFg,Functional trait determination based on expert knowledge and literature review of species characteristics,0,mm,mean,,both,adult,,,,,,,,,,,
PreservedSpecimen,Insecta Coleoptera Staphylinidae Aleochara verna,FoodDet,Functional trait assignment based on literature review and expert identification of collected specimens,0,mm,mean,,both,adult,,,,,,,,,,,
PreservedSpecimen,Insecta Coleoptera Staphylinidae Aleochara verna,FoodCopro,Functional trait determination based on expert knowledge and literature review,0,mm,mean,,both,adult,,,,,,,,,,,
PreservedSpecimen,Insecta Coleoptera Staphylinidae Aleochara verna,IngestFood,Functional trait analysis based on taxonomic identification and literature review,Chewing and cutting,mm,mean,,both,adult,,,,,,,,,,,
HumanObservation,Insecta Coleoptera Staphylinidae Aleochara verna,ActDay,,0,mm,mean,,both,adult,,,,,,,,,,,
PreservedSpecimen,Insecta Coleoptera Staphylinidae Aleochara verna,ActNig,,1,mm,mean,,both,adult,,,,,,,,,,,
HumanObservation,Insecta Coleoptera Staphylinidae Aleochara verna,ActTwi,,0,mm,mean,,both,adult,,,,,,,,,,,
PreservedSpecimen,Insecta Coleoptera Staphylinidae Aleochara verna,DispersaLdisp,,High dispersal ability,mm,mean,,both,adult,,,,,,,,,,,
PreservedSpecimen,Insecta Coleoptera Staphylinidae Aloconota sulcifrons,Stand. body size,,-0.36,mm,mean,,both,adult,,,,,,,,,,,
PreservedSpecimen,Insecta Coleoptera Staphylinidae Aloconota sulcifrons,FoodPl,,0,mm,mean,,both,adult,,,,,,,,,,,
HumanObservation,Insecta Coleoptera Staphylinidae Aloconota sulcifrons,FoodAni,Literature review and expert consultation based on species descriptions and ecological research.,1,mm,mean,,both,adult,,,,,,,,,,,
PreservedSpecimen,Insecta Coleoptera Staphylinidae Aloconota sulcifrons,FoodFg,Functional trait determination based on expert knowledge and literature review of species characteristics,0,mm,mean,,both,adult,,,,,,,,,,,
PreservedSpecimen,Insecta Coleoptera Staphylinidae Aloconota sulcifrons,FoodDet,Functional trait assignment based on literature review and expert identification of collected specimens,0,mm,mean,,both,adult,,,,,,,,,,,
PreservedSpecimen,Insecta Coleoptera Staphylinidae Aloconota sulcifrons,FoodCopro,Functional trait determination based on expert knowledge and literature review,0,mm,mean,,both,adult,,,,,,,,,,,
PreservedSpecimen,Insecta Coleoptera Staphylinidae Aloconota sulcifrons,IngestFood,Functional trait analysis based on taxonomic identification and literature review,Chewing and cutting,mm,mean,,both,adult,,,,,,,,,,,
HumanObservation,Insecta Coleoptera Staphylinidae Aloconota sulcifrons,ActDay,,0,mm,mean,,both,adult,,,,,,,,,,,
PreservedSpecimen,Insecta Coleoptera Staphylinidae Aloconota sulcifrons,ActNig,,1,mm,mean,,both,adult,,,,,,,,,,,
HumanObservation,Insecta Coleoptera Staphylinidae Aloconota sulcifrons,ActTwi,,0,mm,mean,,both,adult,,,,,,,,,,,
PreservedSpecimen,Insecta Coleoptera Staphylinidae Aloconota sulcifrons,DispersaLdisp,,High dispersal ability,mm,mean,,both,adult,,,,,,,,,,,
PreservedSpecimen,Insecta Coleoptera Carabidae Amara aenea,Stand. body size,,0.41,mm,mean,,both,adult,,,,,,,,,,,
PreservedSpecimen,Insecta Coleoptera Carabidae Amara aenea,FoodPl,,1,mm,mean,,both,adult,,,,,,,,,,,
HumanObservation,Insecta Coleoptera Carabidae Amara aenea,FoodAni,Literature review and expert consultation based on species descriptions and ecological research.,1,mm,mean,,both,adult,,,,,,,,,,,
PreservedSpecimen,Insecta Coleoptera Carabidae Amara aenea,FoodFg,Functional trait determination based on expert knowledge and literature review of species characteristics,0,mm,mean,,both,adult,,,,,,,,,,,
PreservedSpecimen,Insecta Coleoptera Carabidae Amara aenea,FoodDet,Functional trait assignment based on literature review and expert identification of collected specimens,0,mm,mean,,both,adult,,,,,,,,,,,
PreservedSpecimen,Insecta Coleoptera Carabidae Amara aenea,FoodCopro,Functional trait determination based on expert knowledge and literature review,0,mm,mean,,both,adult,,,,,,,,,,,
PreservedSpecimen,Insecta Coleoptera Carabidae Amara aenea,IngestFood,Functional trait analysis based on taxonomic identification and literature review,Chewing and cutting,mm,mean,,both,adult,,,,,,,,,,,
HumanObservation,Insecta Coleoptera Carabidae Amara aenea,ActDay,,1,mm,mean,,both,adult,,,,,,,,,,,
PreservedSpecimen,Insecta Coleoptera Carabidae Amara aenea,ActNig,,0,mm,mean,,both,adult,,,,,,,,,,,
HumanObservation,Insecta Coleoptera Carabidae Amara aenea,ActTwi,,0,mm,mean,,both,adult,,,,,,,,,,,
PreservedSpecimen,Insecta Coleoptera Carabidae Amara aenea,DispersaLdisp,,High dispersal ability,mm,mean,,both,adult,,,,,,,,,,,
PreservedSpecimen,Insecta Coleoptera Staphylinidae Amischa analis,Stand. body size,,-0.5,mm,mean,,both,adult,,,,,,,,,,,
PreservedSpecimen,Insecta Coleoptera Staphylinidae Amischa analis,FoodPl,,0,mm,mean,,both,adult,,,,,,,,,,,
HumanObservation,Insecta Coleoptera Staphylinidae Amischa analis,FoodAni,Literature review and expert consultation based on species descriptions and ecological research.,1,mm,mean,,both,adult,,,,,,,,,,,
PreservedSpecimen,Insecta Coleoptera Staphylinidae Amischa analis,FoodFg,Functional trait determination based on expert knowledge and literature review of species characteristics,0,mm,mean,,both,adult,,,,,,,,,,,
PreservedSpecimen,Insecta Coleoptera Staphylinidae Amischa analis,FoodDet,Functional trait assignment based on literature review and expert identification of collected specimens,0,mm,mean,,both,adult,,,,,,,,,,,
PreservedSpecimen,Insecta Coleoptera Staphylinidae Amischa analis,FoodCopro,Functional trait determination based on expert knowledge and literature review,0,mm,mean,,both,adult,,,,,,,,,,,
PreservedSpecimen,Insecta Coleoptera Staphylinidae Amischa analis,IngestFood,Functional trait analysis based on taxonomic identification and literature review,Chewing and cutting,mm,mean,,both,adult,,,,,,,,,,,
HumanObservation,Insecta Coleoptera Staphylinidae Amischa analis,ActDay,,0,mm,mean,,both,adult,,,,,,,,,,,
PreservedSpecimen,Insecta Coleoptera Staphylinidae Amischa analis,ActNig,,1,mm,mean,,both,adult,,,,,,,,,,,
HumanObservation,Insecta Coleoptera Staphylinidae Amischa analis,ActTwi,,0,mm,mean,,both,adult,,,,,,,,,,,
PreservedSpecimen,Insecta Coleoptera Staphylinidae Amischa analis,DispersaLdisp,,High dispersal ability,mm,mean,,both,adult,,,,,,,,,,,
PreservedSpecimen,Insecta Coleoptera Staphylinidae Amischa forcipata,Stand. body size,,NA,mm,mean,,both,adult,,,,,,,,,,,
PreservedSpecimen,Insecta Coleoptera Staphylinidae Amischa forcipata,FoodPl,,0,mm,mean,,both,adult,,,,,,,,,,,
HumanObservation,Insecta Coleoptera Staphylinidae Amischa forcipata,FoodAni,Literature review and expert consultation based on species descriptions and ecological research.,1,mm,mean,,both,adult,,,,,,,,,,,
PreservedSpecimen,Insecta Coleoptera Staphylinidae Amischa forcipata,FoodFg,Functional trait determination based on expert knowledge and literature review of species characteristics,0,mm,mean,,both,adult,,,,,,,,,,,
PreservedSpecimen,Insecta Coleoptera Staphylinidae Amischa forcipata,FoodDet,Functional trait assignment based on literature review and expert identification of collected specimens,0,mm,mean,,both,adult,,,,,,,,,,,
PreservedSpecimen,Insecta Coleoptera Staphylinidae Amischa forcipata,FoodCopro,Functional trait determination based on expert knowledge and literature review,0,mm,mean,,both,adult,,,,,,,,,,,
PreservedSpecimen,Insecta Coleoptera Staphylinidae Amischa forcipata,IngestFood,Functional trait analysis based on taxonomic identification and literature review,Chewing and cutting,mm,mean,,both,adult,,,,,,,,,,,
HumanObservation,Insecta Coleoptera Staphylinidae Amischa forcipata,ActDay,,0,mm,mean,,both,adult,,,,,,,,,,,
PreservedSpecimen,Insecta Coleoptera Staphylinidae Amischa forcipata,ActNig,,1,mm,mean,,both,adult,,,,,,,,,,,
HumanObservation,Insecta Coleoptera Staphylinidae Amischa forcipata,ActTwi,,0,mm,mean,,both,adult,,,,,,,,,,,
PreservedSpecimen,Insecta Coleoptera Staphylinidae Amischa forcipata,DispersaLdisp,,High dispersal ability,mm,mean,,both,adult,,,,,,,,,,,
PreservedSpecimen,Insecta Coleoptera Carabidae Anisodactylus binotatus,Stand. body size,,1.02,mm,mean,,both,adult,,,,,,,,,,,
PreservedSpecimen,Insecta Coleoptera Carabidae Anisodactylus binotatus,FoodPl,,1,mm,mean,,both,adult,,,,,,,,,,,
HumanObservation,Insecta Coleoptera Carabidae Anisodactylus binotatus,FoodAni,Literature review and expert consultation based on species descriptions and ecological research.,1,mm,mean,,both,adult,,,,,,,,,,,
PreservedSpecimen,Insecta Coleoptera Carabidae Anisodactylus binotatus,FoodFg,Functional trait determination based on expert knowledge and literature review of species characteristics,0,mm,mean,,both,adult,,,,,,,,,,,
PreservedSpecimen,Insecta Coleoptera Carabidae Anisodactylus binotatus,FoodDet,Functional trait assignment based on literature review and expert identification of collected specimens,0,mm,mean,,both,adult,,,,,,,,,,,
PreservedSpecimen,Insecta Coleoptera Carabidae Anisodactylus binotatus,FoodCopro,Functional trait determination based on expert knowledge and literature review,0,mm,mean,,both,adult,,,,,,,,,,,
PreservedSpecimen,Insecta Coleoptera Carabidae Anisodactylus binotatus,IngestFood,Functional trait analysis based on taxonomic identification and literature review,Chewing and cutting,mm,mean,,both,adult,,,,,,,,,,,
HumanObservation,Insecta Coleoptera Carabidae Anisodactylus binotatus,ActDay,,0,mm,mean,,both,adult,,,,,,,,,,,
PreservedSpecimen,Insecta Coleoptera Carabidae Anisodactylus binotatus,ActNig,,1,mm,mean,,both,adult,,,,,,,,,,,
HumanObservation,Insecta Coleoptera Carabidae Anisodactylus binotatus,ActTwi,,0,mm,mean,,both,adult,,,,,,,,,,,
PreservedSpecimen,Insecta Coleoptera Carabidae Anisodactylus binotatus,DispersaLdisp,,High dispersal ability,mm,mean,,both,adult,,,,,,,,,,,
PreservedSpecimen,Insecta Coleoptera Staphylinidae Anotylus nitidifrons,Stand. body size,,-0.65,mm,mean,,both,adult,,,,,,,,,,,
PreservedSpecimen,Insecta Coleoptera Staphylinidae Anotylus nitidifrons,FoodPl,,0,mm,mean,,both,adult,,,,,,,,,,,
HumanObservation,Insecta Coleoptera Staphylinidae Anotylus nitidifrons,FoodAni,Literature review and expert consultation based on species descriptions and ecological research.,1,mm,mean,,both,adult,,,,,,,,,,,
PreservedSpecimen,Insecta Coleoptera Staphylinidae Anotylus nitidifrons,FoodFg,Functional trait determination based on expert knowledge and literature review of species characteristics,0,mm,mean,,both,adult,,,,,,,,,,,
PreservedSpecimen,Insecta Coleoptera Staphylinidae Anotylus nitidifrons,FoodDet,Functional trait assignment based on literature review and expert identification of collected specimens,0,mm,mean,,both,adult,,,,,,,,,,,
PreservedSpecimen,Insecta Coleoptera Staphylinidae Anotylus nitidifrons,FoodCopro,Functional trait determination based on expert knowledge and literature review,0,mm,mean,,both,adult,,,,,,,,,,,
PreservedSpecimen,Insecta Coleoptera Staphylinidae Anotylus nitidifrons,IngestFood,Functional trait analysis based on taxonomic identification and literature review,Chewing and cutting,mm,mean,,both,adult,,,,,,,,,,,
HumanObservation,Insecta Coleoptera Staphylinidae Anotylus nitidifrons,ActDay,,0,mm,mean,,both,adult,,,,,,,,,,,
PreservedSpecimen,Insecta Coleoptera Staphylinidae Anotylus nitidifrons,ActNig,,1,mm,mean,,both,adult,,,,,,,,,,,
HumanObservation,Insecta Coleoptera Staphylinidae Anotylus nitidifrons,ActTwi,,0,mm,mean,,both,adult,,,,,,,,,,,
PreservedSpecimen,Insecta Coleoptera Staphylinidae Anotylus nitidifrons,DispersaLdisp,,High dispersal ability,mm,mean,,both,adult,,,,,,,,,,,
PreservedSpecimen,Insecta Coleoptera Staphylinidae Anotylus nitidulus,Stand. body size,,-0.67,mm,mean,,both,adult,,,,,,,,,,,
PreservedSpecimen,Insecta Coleoptera Staphylinidae Anotylus nitidulus,FoodPl,,0,mm,mean,,both,adult,,,,,,,,,,,
HumanObservation,Insecta Coleoptera Staphylinidae Anotylus nitidulus,FoodAni,Literature review and expert consultation based on species descriptions and ecological research.,1,mm,mean,,both,adult,,,,,,,,,,,
PreservedSpecimen,Insecta Coleoptera Staphylinidae Anotylus nitidulus,FoodFg,Functional trait determination based on expert knowledge and literature review of species characteristics,0,mm,mean,,both,adult,,,,,,,,,,,
PreservedSpecimen,Insecta Coleoptera Staphylinidae Anotylus nitidulus,FoodDet,Functional trait assignment based on literature review and expert identification of collected specimens,0,mm,mean,,both,adult,,,,,,,,,,,
PreservedSpecimen,Insecta Coleoptera Staphylinidae Anotylus nitidulus,FoodCopro,Functional trait determination based on expert knowledge and literature review,0,mm,mean,,both,adult,,,,,,,,,,,
PreservedSpecimen,Insecta Coleoptera Staphylinidae Anotylus nitidulus,IngestFood,Functional trait analysis based on taxonomic identification and literature review,Chewing and cutting,mm,mean,,both,adult,,,,,,,,,,,
HumanObservation,Insecta Coleoptera Staphylinidae Anotylus nitidulus,ActDay,,0,mm,mean,,both,adult,,,,,,,,,,,
PreservedSpecimen,Insecta Coleoptera Staphylinidae Anotylus nitidulus,ActNig,,1,mm,mean,,both,adult,,,,,,,,,,,
HumanObservation,Insecta Coleoptera Staphylinidae Anotylus nitidulus,ActTwi,,0,mm,mean,,both,adult,,,,,,,,,,,
PreservedSpecimen,Insecta Coleoptera Staphylinidae Anotylus nitidulus,DispersaLdisp,,High dispersal ability,mm,mean,,both,adult,,,,,,,,,,,
PreservedSpecimen,Insecta Coleoptera Apionidae Aspidapion radiolus,Stand. body size,,-0.65,mm,mean,,both,adult,,,,,,,,,,,
PreservedSpecimen,Insecta Coleoptera Apionidae Aspidapion radiolus,FoodPl,,1,mm,mean,,both,adult,,,,,,,,,,,
HumanObservation,Insecta Coleoptera Apionidae Aspidapion radiolus,FoodAni,Literature review and expert consultation based on species descriptions and ecological research.,0,mm,mean,,both,adult,,,,,,,,,,,
PreservedSpecimen,Insecta Coleoptera Apionidae Aspidapion radiolus,FoodFg,Functional trait determination based on expert knowledge and literature review of species characteristics,0,mm,mean,,both,adult,,,,,,,,,,,
PreservedSpecimen,Insecta Coleoptera Apionidae Aspidapion radiolus,FoodDet,Functional trait assignment based on literature review and expert identification of collected specimens,0,mm,mean,,both,adult,,,,,,,,,,,
PreservedSpecimen,Insecta Coleoptera Apionidae Aspidapion radiolus,FoodCopro,Functional trait determination based on expert knowledge and literature review,0,mm,mean,,both,adult,,,,,,,,,,,
PreservedSpecimen,Insecta Coleoptera Apionidae Aspidapion radiolus,IngestFood,Functional trait analysis based on taxonomic identification and literature review,Chewing and cutting,mm,mean,,both,adult,,,,,,,,,,,
HumanObservation,Insecta Coleoptera Apionidae Aspidapion radiolus,ActDay,,1,mm,mean,,both,adult,,,,,,,,,,,
PreservedSpecimen,Insecta Coleoptera Apionidae Aspidapion radiolus,ActNig,,0,mm,mean,,both,adult,,,,,,,,,,,
HumanObservation,Insecta Coleoptera Apionidae Aspidapion radiolus,ActTwi,,0,mm,mean,,both,adult,,,,,,,,,,,
PreservedSpecimen,Insecta Coleoptera Apionidae Aspidapion radiolus,DispersaLdisp,,Not Applicable,mm,mean,,both,adult,,,,,,,,,,,
PreservedSpecimen,Insecta Coleoptera Staphylinidae Astenus lyonessius,Stand. body size,,-0.45,mm,mean,,both,adult,,,,,,,,,,,
PreservedSpecimen,Insecta Coleoptera Staphylinidae Astenus lyonessius,FoodPl,,0,mm,mean,,both,adult,,,,,,,,,,,
HumanObservation,Insecta Coleoptera Staphylinidae Astenus lyonessius,FoodAni,Literature review and expert consultation based on species descriptions and ecological research.,1,mm,mean,,both,adult,,,,,,,,,,,
PreservedSpecimen,Insecta Coleoptera Staphylinidae Astenus lyonessius,FoodFg,Functional trait determination based on expert knowledge and literature review of species characteristics,0,mm,mean,,both,adult,,,,,,,,,,,
PreservedSpecimen,Insecta Coleoptera Staphylinidae Astenus lyonessius,FoodDet,Functional trait assignment based on literature review and expert identification of collected specimens,0,mm,mean,,both,adult,,,,,,,,,,,
PreservedSpecimen,Insecta Coleoptera Staphylinidae Astenus lyonessius,FoodCopro,Functional trait determination based on expert knowledge and literature review,0,mm,mean,,both,adult,,,,,,,,,,,
PreservedSpecimen,Insecta Coleoptera Staphylinidae Astenus lyonessius,IngestFood,Functional trait analysis based on taxonomic identification and literature review,Chewing and cutting,mm,mean,,both,adult,,,,,,,,,,,
HumanObservation,Insecta Coleoptera Staphylinidae Astenus lyonessius,ActDay,,0,mm,mean,,both,adult,,,,,,,,,,,
PreservedSpecimen,Insecta Coleoptera Staphylinidae Astenus lyonessius,ActNig,,1,mm,mean,,both,adult,,,,,,,,,,,
HumanObservation,Insecta Coleoptera Staphylinidae Astenus lyonessius,ActTwi,,0,mm,mean,,both,adult,,,,,,,,,,,
PreservedSpecimen,Insecta Coleoptera Staphylinidae Astenus lyonessius,DispersaLdisp,,High dispersal ability,mm,mean,,both,adult,,,,,,,,,,,
PreservedSpecimen,Insecta Coleoptera Staphylinidae Atheta sp.,Stand. body size,,NA,mm,mean,,both,adult,,,,,,,,,,,
PreservedSpecimen,Insecta Coleoptera Staphylinidae Atheta sp.,FoodPl,,0,mm,mean,,both,adult,,,,,,,,,,,
HumanObservation,Insecta Coleoptera Staphylinidae Atheta sp.,FoodAni,Literature review and expert consultation based on species descriptions and ecological research.,1,mm,mean,,both,adult,,,,,,,,,,,
PreservedSpecimen,Insecta Coleoptera Staphylinidae Atheta sp.,FoodFg,Functional trait determination based on expert knowledge and literature review of species characteristics,0,mm,mean,,both,adult,,,,,,,,,,,
PreservedSpecimen,Insecta Coleoptera Staphylinidae Atheta sp.,FoodDet,Functional trait assignment based on literature review and expert identification of collected specimens,0,mm,mean,,both,adult,,,,,,,,,,,
PreservedSpecimen,Insecta Coleoptera Staphylinidae Atheta sp.,FoodCopro,Functional trait determination based on expert knowledge and literature review,0,mm,mean,,both,adult,,,,,,,,,,,
PreservedSpecimen,Insecta Coleoptera Staphylinidae Atheta sp.,IngestFood,Functional trait analysis based on taxonomic identification and literature review,Chewing and cutting,mm,mean,,both,adult,,,,,,,,,,,
HumanObservation,Insecta Coleoptera Staphylinidae Atheta sp.,ActDay,,0,mm,mean,,both,adult,,,,,,,,,,,
PreservedSpecimen,Insecta Coleoptera Staphylinidae Atheta sp.,ActNig,,1,mm,mean,,both,adult,,,,,,,,,,,
HumanObservation,Insecta Coleoptera Staphylinidae Atheta sp.,ActTwi,,0,mm,mean,,both,adult,,,,,,,,,,,
PreservedSpecimen,Insecta Coleoptera Staphylinidae Atheta sp.,DispersaLdisp,,High dispersal ability,mm,mean,,both,adult,,,,,,,,,,,
PreservedSpecimen,Insecta Coleoptera Staphylinidae Atheta aeneicollis,Stand. body size,,NA,mm,mean,,both,adult,,,,,,,,,,,
PreservedSpecimen,Insecta Coleoptera Staphylinidae Atheta aeneicollis,FoodPl,,0,mm,mean,,both,adult,,,,,,,,,,,
HumanObservation,Insecta Coleoptera Staphylinidae Atheta aeneicollis,FoodAni,Literature review and expert consultation based on species descriptions and ecological research.,1,mm,mean,,both,adult,,,,,,,,,,,
PreservedSpecimen,Insecta Coleoptera Staphylinidae Atheta aeneicollis,FoodFg,Functional trait determination based on expert knowledge and literature review of species characteristics,0,mm,mean,,both,adult,,,,,,,,,,,
PreservedSpecimen,Insecta Coleoptera Staphylinidae Atheta aeneicollis,FoodDet,Functional trait assignment based on literature review and expert identification of collected specimens,0,mm,mean,,both,adult,,,,,,,,,,,
PreservedSpecimen,Insecta Coleoptera Staphylinidae Atheta aeneicollis,FoodCopro,Functional trait determination based on expert knowledge and literature review,0,mm,mean,,both,adult,,,,,,,,,,,
PreservedSpecimen,Insecta Coleoptera Staphylinidae Atheta aeneicollis,IngestFood,Functional trait analysis based on taxonomic identification and literature review,Chewing and cutting,mm,mean,,both,adult,,,,,,,,,,,
HumanObservation,Insecta Coleoptera Staphylinidae Atheta aeneicollis,ActDay,,0,mm,mean,,both,adult,,,,,,,,,,,
PreservedSpecimen,Insecta Coleoptera Staphylinidae Atheta aeneicollis,ActNig,,1,mm,mean,,both,adult,,,,,,,,,,,
HumanObservation,Insecta Coleoptera Staphylinidae Atheta aeneicollis,ActTwi,,0,mm,mean,,both,adult,,,,,,,,,,,
PreservedSpecimen,Insecta Coleoptera Staphylinidae Atheta aeneicollis,DispersaLdisp,,High dispersal ability,mm,mean,,both,adult,,,,,,,,,,,
PreservedSpecimen,Insecta Coleoptera Staphylinidae Atheta fungi,Stand. body size,,-0.62,mm,mean,,both,adult,,,,,,,,,,,
PreservedSpecimen,Insecta Coleoptera Staphylinidae Atheta fungi,FoodPl,,0,mm,mean,,both,adult,,,,,,,,,,,
HumanObservation,Insecta Coleoptera Staphylinidae Atheta fungi,FoodAni,Literature review and expert consultation based on species descriptions and ecological research.,0,mm,mean,,both,adult,,,,,,,,,,,
PreservedSpecimen,Insecta Coleoptera Staphylinidae Atheta fungi,FoodFg,Functional trait determination based on expert knowledge and literature review of species characteristics,1,mm,mean,,both,adult,,,,,,,,,,,
PreservedSpecimen,Insecta Coleoptera Staphylinidae Atheta fungi,FoodDet,Functional trait assignment based on literature review and expert identification of collected specimens,0,mm,mean,,both,adult,,,,,,,,,,,
PreservedSpecimen,Insecta Coleoptera Staphylinidae Atheta fungi,FoodCopro,Functional trait determination based on expert knowledge and literature review,0,mm,mean,,both,adult,,,,,,,,,,,
PreservedSpecimen,Insecta Coleoptera Staphylinidae Atheta fungi,IngestFood,Functional trait analysis based on taxonomic identification and literature review,Chewing and cutting,mm,mean,,both,adult,,,,,,,,,,,
HumanObservation,Insecta Coleoptera Staphylinidae Atheta fungi,ActDay,,0,mm,mean,,both,adult,,,,,,,,,,,
PreservedSpecimen,Insecta Coleoptera Staphylinidae Atheta fungi,ActNig,,1,mm,mean,,both,adult,,,,,,,,,,,
HumanObservation,Insecta Coleoptera Staphylinidae Atheta fungi,ActTwi,,0,mm,mean,,both,adult,,,,,,,,,,,
PreservedSpecimen,Insecta Coleoptera Staphylinidae Atheta fungi,DispersaLdisp,,High dispersal ability,mm,mean,,both,adult,,,,,,,,,,,
PreservedSpecimen,Insecta Coleoptera Staphylinidae Atheta palustris,Stand. body size,,-0.58,mm,mean,,both,adult,,,,,,,,,,,
PreservedSpecimen,Insecta Coleoptera Staphylinidae Atheta palustris,FoodPl,,0,mm,mean,,both,adult,,,,,,,,,,,
HumanObservation,Insecta Coleoptera Staphylinidae Atheta palustris,FoodAni,Literature review and expert consultation based on species descriptions and ecological research.,1,mm,mean,,both,adult,,,,,,,,,,,
PreservedSpecimen,Insecta Coleoptera Staphylinidae Atheta palustris,FoodFg,Functional trait determination based on expert knowledge and literature review of species characteristics,0,mm,mean,,both,adult,,,,,,,,,,,
PreservedSpecimen,Insecta Coleoptera Staphylinidae Atheta palustris,FoodDet,Functional trait assignment based on literature review and expert identification of collected specimens,0,mm,mean,,both,adult,,,,,,,,,,,
PreservedSpecimen,Insecta Coleoptera Staphylinidae Atheta palustris,FoodCopro,Functional trait determination based on expert knowledge and literature review,0,mm,mean,,both,adult,,,,,,,,,,,
PreservedSpecimen,Insecta Coleoptera Staphylinidae Atheta palustris,IngestFood,Functional trait analysis based on taxonomic identification and literature review,Chewing and cutting,mm,mean,,both,adult,,,,,,,,,,,
HumanObservation,Insecta Coleoptera Staphylinidae Atheta palustris,ActDay,,0,mm,mean,,both,adult,,,,,,,,,,,
PreservedSpecimen,Insecta Coleoptera Staphylinidae Atheta palustris,ActNig,,1,mm,mean,,both,adult,,,,,,,,,,,
HumanObservation,Insecta Coleoptera Staphylinidae Atheta palustris,ActTwi,,0,mm,mean,,both,adult,,,,,,,,,,,
PreservedSpecimen,Insecta Coleoptera Staphylinidae Atheta palustris,DispersaLdisp,,High dispersal ability,mm,mean,,both,adult,,,,,,,,,,,
PreservedSpecimen,Insecta Coleoptera Staphylinidae Atheta pasadenae,Stand. body size,,NA,mm,mean,,both,adult,,,,,,,,,,,
PreservedSpecimen,Insecta Coleoptera Staphylinidae Atheta pasadenae,FoodPl,,0,mm,mean,,both,adult,,,,,,,,,,,
HumanObservation,Insecta Coleoptera Staphylinidae Atheta pasadenae,FoodAni,Literature review and expert consultation based on species descriptions and ecological research.,1,mm,mean,,both,adult,,,,,,,,,,,
PreservedSpecimen,Insecta Coleoptera Staphylinidae Atheta pasadenae,FoodFg,Functional trait determination based on expert knowledge and literature review of species characteristics,0,mm,mean,,both,adult,,,,,,,,,,,
PreservedSpecimen,Insecta Coleoptera Staphylinidae Atheta pasadenae,FoodDet,Functional trait assignment based on literature review and expert identification of collected specimens,0,mm,mean,,both,adult,,,,,,,,,,,
PreservedSpecimen,Insecta Coleoptera Staphylinidae Atheta pasadenae,FoodCopro,Functional trait determination based on expert knowledge and literature review,0,mm,mean,,both,adult,,,,,,,,,,,
PreservedSpecimen,Insecta Coleoptera Staphylinidae Atheta pasadenae,IngestFood,Functional trait analysis based on taxonomic identification and literature review,Chewing and cutting,mm,mean,,both,adult,,,,,,,,,,,
HumanObservation,Insecta Coleoptera Staphylinidae Atheta pasadenae,ActDay,,0,mm,mean,,both,adult,,,,,,,,,,,
PreservedSpecimen,Insecta Coleoptera Staphylinidae Atheta pasadenae,ActNig,,1,mm,mean,,both,adult,,,,,,,,,,,
HumanObservation,Insecta Coleoptera Staphylinidae Atheta pasadenae,ActTwi,,0,mm,mean,,both,adult,,,,,,,,,,,
PreservedSpecimen,Insecta Coleoptera Staphylinidae Atheta pasadenae,DispersaLdisp,,High dispersal ability,mm,mean,,both,adult,,,,,,,,,,,
PreservedSpecimen,Insecta Coleoptera Carabidae Bembidion ambiguum,Stand. body size,,-0.41,mm,mean,,both,adult,,,,,,,,,,,
PreservedSpecimen,Insecta Coleoptera Carabidae Bembidion ambiguum,FoodPl,,0,mm,mean,,both,adult,,,,,,,,,,,
HumanObservation,Insecta Coleoptera Carabidae Bembidion ambiguum,FoodAni,Literature review and expert consultation based on species descriptions and ecological research.,1,mm,mean,,both,adult,,,,,,,,,,,
PreservedSpecimen,Insecta Coleoptera Carabidae Bembidion ambiguum,FoodFg,Functional trait determination based on expert knowledge and literature review of species characteristics,0,mm,mean,,both,adult,,,,,,,,,,,
PreservedSpecimen,Insecta Coleoptera Carabidae Bembidion ambiguum,FoodDet,Functional trait assignment based on literature review and expert identification of collected specimens,0,mm,mean,,both,adult,,,,,,,,,,,
PreservedSpecimen,Insecta Coleoptera Carabidae Bembidion ambiguum,FoodCopro,Functional trait determination based on expert knowledge and literature review,0,mm,mean,,both,adult,,,,,,,,,,,
PreservedSpecimen,Insecta Coleoptera Carabidae Bembidion ambiguum,IngestFood,Functional trait analysis based on taxonomic identification and literature review,Chewing and cutting,mm,mean,,both,adult,,,,,,,,,,,
HumanObservation,Insecta Coleoptera Carabidae Bembidion ambiguum,ActDay,,1,mm,mean,,both,adult,,,,,,,,,,,
PreservedSpecimen,Insecta Coleoptera Carabidae Bembidion ambiguum,ActNig,,0,mm,mean,,both,adult,,,,,,,,,,,
HumanObservation,Insecta Coleoptera Carabidae Bembidion ambiguum,ActTwi,,0,mm,mean,,both,adult,,,,,,,,,,,
PreservedSpecimen,Insecta Coleoptera Carabidae Bembidion ambiguum,DispersaLdisp,,Low dispersal ability,mm,mean,,both,adult,,,,,,,,,,,
PreservedSpecimen,Insecta Coleoptera Tenebrionidae Blaps lethifera,Stand. body size,,3.75,mm,mean,,both,adult,,,,,,,,,,,
PreservedSpecimen,Insecta Coleoptera Tenebrionidae Blaps lethifera,FoodPl,,1,mm,mean,,both,adult,,,,,,,,,,,
HumanObservation,Insecta Coleoptera Tenebrionidae Blaps lethifera,FoodAni,Literature review and expert consultation based on species descriptions and ecological research.,0,mm,mean,,both,adult,,,,,,,,,,,
PreservedSpecimen,Insecta Coleoptera Tenebrionidae Blaps lethifera,FoodFg,Functional trait determination based on expert knowledge and literature review of species characteristics,0,mm,mean,,both,adult,,,,,,,,,,,
PreservedSpecimen,Insecta Coleoptera Tenebrionidae Blaps lethifera,FoodDet,Functional trait assignment based on literature review and expert identification of collected specimens,1,mm,mean,,both,adult,,,,,,,,,,,
PreservedSpecimen,Insecta Coleoptera Tenebrionidae Blaps lethifera,FoodCopro,Functional trait determination based on expert knowledge and literature review,0,mm,mean,,both,adult,,,,,,,,,,,
PreservedSpecimen,Insecta Coleoptera Tenebrionidae Blaps lethifera,IngestFood,Functional trait analysis based on taxonomic identification and literature review,Chewing and cutting,mm,mean,,both,adult,,,,,,,,,,,
HumanObservation,Insecta Coleoptera Tenebrionidae Blaps lethifera,ActDay,,0,mm,mean,,both,adult,,,,,,,,,,,
PreservedSpecimen,Insecta Coleoptera Tenebrionidae Blaps lethifera,ActNig,,1,mm,mean,,both,adult,,,,,,,,,,,
HumanObservation,Insecta Coleoptera Tenebrionidae Blaps lethifera,ActTwi,,0,mm,mean,,both,adult,,,,,,,,,,,
PreservedSpecimen,Insecta Coleoptera Tenebrionidae Blaps lethifera,DispersaLdisp,,Low dispersal ability,mm,mean,,both,adult,,,,,,,,,,,
PreservedSpecimen,Insecta Coleoptera Aphodiidae Calamosternus granarius,Stand. body size,,-0.13,mm,mean,,both,adult,,,,,,,,,,,
PreservedSpecimen,Insecta Coleoptera Aphodiidae Calamosternus granarius,FoodPl,,0,mm,mean,,both,adult,,,,,,,,,,,
HumanObservation,Insecta Coleoptera Aphodiidae Calamosternus granarius,FoodAni,Literature review and expert consultation based on species descriptions and ecological research.,0,mm,mean,,both,adult,,,,,,,,,,,
PreservedSpecimen,Insecta Coleoptera Aphodiidae Calamosternus granarius,FoodFg,Functional trait determination based on expert knowledge and literature review of species characteristics,0,mm,mean,,both,adult,,,,,,,,,,,
PreservedSpecimen,Insecta Coleoptera Aphodiidae Calamosternus granarius,FoodDet,Functional trait assignment based on literature review and expert identification of collected specimens,0,mm,mean,,both,adult,,,,,,,,,,,
PreservedSpecimen,Insecta Coleoptera Aphodiidae Calamosternus granarius,FoodCopro,Functional trait determination based on expert knowledge and literature review,1,mm,mean,,both,adult,,,,,,,,,,,
PreservedSpecimen,Insecta Coleoptera Aphodiidae Calamosternus granarius,IngestFood,Functional trait analysis based on taxonomic identification and literature review,Chewing and cutting,mm,mean,,both,adult,,,,,,,,,,,
HumanObservation,Insecta Coleoptera Aphodiidae Calamosternus granarius,ActDay,,1,mm,mean,,both,adult,,,,,,,,,,,
PreservedSpecimen,Insecta Coleoptera Aphodiidae Calamosternus granarius,ActNig,,1,mm,mean,,both,adult,,,,,,,,,,,
HumanObservation,Insecta Coleoptera Aphodiidae Calamosternus granarius,ActTwi,,1,mm,mean,,both,adult,,,,,,,,,,,
PreservedSpecimen,Insecta Coleoptera Aphodiidae Calamosternus granarius,DispersaLdisp,,Not Applicable,mm,mean,,both,adult,,,,,,,,,,,
PreservedSpecimen,Insecta Coleoptera Carabidae Calosoma olivieri,Stand. body size,,3.37,mm,mean,,both,adult,,,,,,,,,,,
PreservedSpecimen,Insecta Coleoptera Carabidae Calosoma olivieri,FoodPl,,0,mm,mean,,both,adult,,,,,,,,,,,
HumanObservation,Insecta Coleoptera Carabidae Calosoma olivieri,FoodAni,Literature review and expert consultation based on species descriptions and ecological research.,1,mm,mean,,both,adult,,,,,,,,,,,
PreservedSpecimen,Insecta Coleoptera Carabidae Calosoma olivieri,FoodFg,Functional trait determination based on expert knowledge and literature review of species characteristics,0,mm,mean,,both,adult,,,,,,,,,,,
PreservedSpecimen,Insecta Coleoptera Carabidae Calosoma olivieri,FoodDet,Functional trait assignment based on literature review and expert identification of collected specimens,0,mm,mean,,both,adult,,,,,,,,,,,
PreservedSpecimen,Insecta Coleoptera Carabidae Calosoma olivieri,FoodCopro,Functional trait determination based on expert knowledge and literature review,0,mm,mean,,both,adult,,,,,,,,,,,
PreservedSpecimen,Insecta Coleoptera Carabidae Calosoma olivieri,IngestFood,Functional trait analysis based on taxonomic identification and literature review,Chewing and cutting,mm,mean,,both,adult,,,,,,,,,,,
HumanObservation,Insecta Coleoptera Carabidae Calosoma olivieri,ActDay,,0,mm,mean,,both,adult,,,,,,,,,,,
PreservedSpecimen,Insecta Coleoptera Carabidae Calosoma olivieri,ActNig,,1,mm,mean,,both,adult,,,,,,,,,,,
HumanObservation,Insecta Coleoptera Carabidae Calosoma olivieri,ActTwi,,0,mm,mean,,both,adult,,,,,,,,,,,
PreservedSpecimen,Insecta Coleoptera Carabidae Calosoma olivieri,DispersaLdisp,,High dispersal ability,mm,mean,,both,adult,,,,,,,,,,,
PreservedSpecimen,Insecta Coleoptera Staphylinidae Carpelimus corticinus,Stand. body size,,-0.61,mm,mean,,both,adult,,,,,,,,,,,
PreservedSpecimen,Insecta Coleoptera Staphylinidae Carpelimus corticinus,FoodPl,,0,mm,mean,,both,adult,,,,,,,,,,,
HumanObservation,Insecta Coleoptera Staphylinidae Carpelimus corticinus,FoodAni,Literature review and expert consultation based on species descriptions and ecological research.,1,mm,mean,,both,adult,,,,,,,,,,,
PreservedSpecimen,Insecta Coleoptera Staphylinidae Carpelimus corticinus,FoodFg,Functional trait determination based on expert knowledge and literature review of species characteristics,0,mm,mean,,both,adult,,,,,,,,,,,
PreservedSpecimen,Insecta Coleoptera Staphylinidae Carpelimus corticinus,FoodDet,Functional trait assignment based on literature review and expert identification of collected specimens,0,mm,mean,,both,adult,,,,,,,,,,,
PreservedSpecimen,Insecta Coleoptera Staphylinidae Carpelimus corticinus,FoodCopro,Functional trait determination based on expert knowledge and literature review,0,mm,mean,,both,adult,,,,,,,,,,,
PreservedSpecimen,Insecta Coleoptera Staphylinidae Carpelimus corticinus,IngestFood,Functional trait analysis based on taxonomic identification and literature review,Chewing and cutting,mm,mean,,both,adult,,,,,,,,,,,
HumanObservation,Insecta Coleoptera Staphylinidae Carpelimus corticinus,ActDay,,0,mm,mean,,both,adult,,,,,,,,,,,
PreservedSpecimen,Insecta Coleoptera Staphylinidae Carpelimus corticinus,ActNig,,1,mm,mean,,both,adult,,,,,,,,,,,
HumanObservation,Insecta Coleoptera Staphylinidae Carpelimus corticinus,ActTwi,,0,mm,mean,,both,adult,,,,,,,,,,,
PreservedSpecimen,Insecta Coleoptera Staphylinidae Carpelimus corticinus,DispersaLdisp,,High dispersal ability,mm,mean,,both,adult,,,,,,,,,,,
PreservedSpecimen,Insecta Coleoptera Staphylinidae Carpelimus zealandicus,Stand. body size,,NA,mm,mean,,both,adult,,,,,,,,,,,
PreservedSpecimen,Insecta Coleoptera Staphylinidae Carpelimus zealandicus,FoodPl,,0,mm,mean,,both,adult,,,,,,,,,,,
HumanObservation,Insecta Coleoptera Staphylinidae Carpelimus zealandicus,FoodAni,Literature review and expert consultation based on species descriptions and ecological research.,1,mm,mean,,both,adult,,,,,,,,,,,
PreservedSpecimen,Insecta Coleoptera Staphylinidae Carpelimus zealandicus,FoodFg,Functional trait determination based on expert knowledge and literature review of species characteristics,0,mm,mean,,both,adult,,,,,,,,,,,
PreservedSpecimen,Insecta Coleoptera Staphylinidae Carpelimus zealandicus,FoodDet,Functional trait assignment based on literature review and expert identification of collected specimens,0,mm,mean,,both,adult,,,,,,,,,,,
PreservedSpecimen,Insecta Coleoptera Staphylinidae Carpelimus zealandicus,FoodCopro,Functional trait determination based on expert knowledge and literature review,0,mm,mean,,both,adult,,,,,,,,,,,
PreservedSpecimen,Insecta Coleoptera Staphylinidae Carpelimus zealandicus,IngestFood,Functional trait analysis based on taxonomic identification and literature review,Chewing and cutting,mm,mean,,both,adult,,,,,,,,,,,
HumanObservation,Insecta Coleoptera Staphylinidae Carpelimus zealandicus,ActDay,,0,mm,mean,,both,adult,,,,,,,,,,,
PreservedSpecimen,Insecta Coleoptera Staphylinidae Carpelimus zealandicus,ActNig,,1,mm,mean,,both,adult,,,,,,,,,,,
HumanObservation,Insecta Coleoptera Staphylinidae Carpelimus zealandicus,ActTwi,,0,mm,mean,,both,adult,,,,,,,,,,,
PreservedSpecimen,Insecta Coleoptera Staphylinidae Carpelimus zealandicus,DispersaLdisp,,High dispersal ability,mm,mean,,both,adult,,,,,,,,,,,
PreservedSpecimen,Insecta Coleoptera Nitidulidae Carpophilus sp.,Stand. body size,,NA,mm,mean,,both,adult,,,,,,,,,,,
PreservedSpecimen,Insecta Coleoptera Nitidulidae Carpophilus sp.,FoodPl,,1,mm,mean,,both,adult,,,,,,,,,,,
HumanObservation,Insecta Coleoptera Nitidulidae Carpophilus sp.,FoodAni,Literature review and expert consultation based on species descriptions and ecological research.,0,mm,mean,,both,adult,,,,,,,,,,,
PreservedSpecimen,Insecta Coleoptera Nitidulidae Carpophilus sp.,FoodFg,Functional trait determination based on expert knowledge and literature review of species characteristics,0,mm,mean,,both,adult,,,,,,,,,,,
PreservedSpecimen,Insecta Coleoptera Nitidulidae Carpophilus sp.,FoodDet,Functional trait assignment based on literature review and expert identification of collected specimens,0,mm,mean,,both,adult,,,,,,,,,,,
PreservedSpecimen,Insecta Coleoptera Nitidulidae Carpophilus sp.,FoodCopro,Functional trait determination based on expert knowledge and literature review,0,mm,mean,,both,adult,,,,,,,,,,,
PreservedSpecimen,Insecta Coleoptera Nitidulidae Carpophilus sp.,IngestFood,Functional trait analysis based on taxonomic identification and literature review,Chewing and cutting,mm,mean,,both,adult,,,,,,,,,,,
HumanObservation,Insecta Coleoptera Nitidulidae Carpophilus sp.,ActDay,,1,mm,mean,,both,adult,,,,,,,,,,,
PreservedSpecimen,Insecta Coleoptera Nitidulidae Carpophilus sp.,ActNig,,0,mm,mean,,both,adult,,,,,,,,,,,
HumanObservation,Insecta Coleoptera Nitidulidae Carpophilus sp.,ActTwi,,0,mm,mean,,both,adult,,,,,,,,,,,
PreservedSpecimen,Insecta Coleoptera Nitidulidae Carpophilus sp.,DispersaLdisp,,High dispersal ability,mm,mean,,both,adult,,,,,,,,,,,
PreservedSpecimen,Insecta Coleoptera Nitidulidae Carpophilus sp.,Stand. body size,,NA,mm,mean,,both,adult,,,,,,,,,,,
PreservedSpecimen,Insecta Coleoptera Nitidulidae Carpophilus sp.,FoodPl,,1,mm,mean,,both,adult,,,,,,,,,,,
HumanObservation,Insecta Coleoptera Nitidulidae Carpophilus sp.,FoodAni,Literature review and expert consultation based on species descriptions and ecological research.,0,mm,mean,,both,adult,,,,,,,,,,,
PreservedSpecimen,Insecta Coleoptera Nitidulidae Carpophilus sp.,FoodFg,Functional trait determination based on expert knowledge and literature review of species characteristics,0,mm,mean,,both,adult,,,,,,,,,,,
PreservedSpecimen,Insecta Coleoptera Nitidulidae Carpophilus sp.,FoodDet,Functional trait assignment based on literature review and expert identification of collected specimens,0,mm,mean,,both,adult,,,,,,,,,,,
PreservedSpecimen,Insecta Coleoptera Nitidulidae Carpophilus sp.,FoodCopro,Functional trait determination based on expert knowledge and literature review,0,mm,mean,,both,adult,,,,,,,,,,,
PreservedSpecimen,Insecta Coleoptera Nitidulidae Carpophilus sp.,IngestFood,Functional trait analysis based on taxonomic identification and literature review,Chewing and cutting,mm,mean,,both,adult,,,,,,,,,,,
HumanObservation,Insecta Coleoptera Nitidulidae Carpophilus sp.,ActDay,,1,mm,mean,,both,adult,,,,,,,,,,,
PreservedSpecimen,Insecta Coleoptera Nitidulidae Carpophilus sp.,ActNig,,0,mm,mean,,both,adult,,,,,,,,,,,
HumanObservation,Insecta Coleoptera Nitidulidae Carpophilus sp.,ActTwi,,0,mm,mean,,both,adult,,,,,,,,,,,
PreservedSpecimen,Insecta Coleoptera Nitidulidae Carpophilus sp.,DispersaLdisp,,High dispersal ability,mm,mean,,both,adult,,,,,,,,,,,
PreservedSpecimen,Insecta Coleoptera Nitidulidae Carpophilus fumatus,Stand. body size,,-0.5,mm,mean,,both,adult,,,,,,,,,,,
PreservedSpecimen,Insecta Coleoptera Nitidulidae Carpophilus fumatus,FoodPl,,1,mm,mean,,both,adult,,,,,,,,,,,
HumanObservation,Insecta Coleoptera Nitidulidae Carpophilus fumatus,FoodAni,Literature review and expert consultation based on species descriptions and ecological research.,0,mm,mean,,both,adult,,,,,,,,,,,
PreservedSpecimen,Insecta Coleoptera Nitidulidae Carpophilus fumatus,FoodFg,Functional trait determination based on expert knowledge and literature review of species characteristics,0,mm,mean,,both,adult,,,,,,,,,,,
PreservedSpecimen,Insecta Coleoptera Nitidulidae Carpophilus fumatus,FoodDet,Functional trait assignment based on literature review and expert identification of collected specimens,0,mm,mean,,both,adult,,,,,,,,,,,
PreservedSpecimen,Insecta Coleoptera Nitidulidae Carpophilus fumatus,FoodCopro,Functional trait determination based on expert knowledge and literature review,0,mm,mean,,both,adult,,,,,,,,,,,
PreservedSpecimen,Insecta Coleoptera Nitidulidae Carpophilus fumatus,IngestFood,Functional trait analysis based on taxonomic identification and literature review,Chewing and cutting,mm,mean,,both,adult,,,,,,,,,,,
HumanObservation,Insecta Coleoptera Nitidulidae Carpophilus fumatus,ActDay,,1,mm,mean,,both,adult,,,,,,,,,,,
PreservedSpecimen,Insecta Coleoptera Nitidulidae Carpophilus fumatus,ActNig,,0,mm,mean,,both,adult,,,,,,,,,,,
HumanObservation,Insecta Coleoptera Nitidulidae Carpophilus fumatus,ActTwi,,0,mm,mean,,both,adult,,,,,,,,,,,
PreservedSpecimen,Insecta Coleoptera Nitidulidae Carpophilus fumatus,DispersaLdisp,,High dispersal ability,mm,mean,,both,adult,,,,,,,,,,,
PreservedSpecimen,Insecta Coleoptera Latridiidae Cartodere nodifer,Stand. body size,,-0.73,mm,mean,,both,adult,,,,,,,,,,,
PreservedSpecimen,Insecta Coleoptera Latridiidae Cartodere nodifer,FoodPl,,0,mm,mean,,both,adult,,,,,,,,,,,
HumanObservation,Insecta Coleoptera Latridiidae Cartodere nodifer,FoodAni,Literature review and expert consultation based on species descriptions and ecological research.,0,mm,mean,,both,adult,,,,,,,,,,,
PreservedSpecimen,Insecta Coleoptera Latridiidae Cartodere nodifer,FoodFg,Functional trait determination based on expert knowledge and literature review of species characteristics,1,mm,mean,,both,adult,,,,,,,,,,,
PreservedSpecimen,Insecta Coleoptera Latridiidae Cartodere nodifer,FoodDet,Functional trait assignment based on literature review and expert identification of collected specimens,0,mm,mean,,both,adult,,,,,,,,,,,
PreservedSpecimen,Insecta Coleoptera Latridiidae Cartodere nodifer,FoodCopro,Functional trait determination based on expert knowledge and literature review,0,mm,mean,,both,adult,,,,,,,,,,,
PreservedSpecimen,Insecta Coleoptera Latridiidae Cartodere nodifer,IngestFood,Functional trait analysis based on taxonomic identification and literature review,Chewing and cutting,mm,mean,,both,adult,,,,,,,,,,,
HumanObservation,Insecta Coleoptera Latridiidae Cartodere nodifer,ActDay,,1,mm,mean,,both,adult,,,,,,,,,,,
PreservedSpecimen,Insecta Coleoptera Latridiidae Cartodere nodifer,ActNig,,1,mm,mean,,both,adult,,,,,,,,,,,
HumanObservation,Insecta Coleoptera Latridiidae Cartodere nodifer,ActTwi,,1,mm,mean,,both,adult,,,,,,,,,,,
PreservedSpecimen,Insecta Coleoptera Latridiidae Cartodere nodifer,DispersaLdisp,,Not Applicable,mm,mean,,both,adult,,,,,,,,,,,
PreservedSpecimen,Insecta Coleoptera Leiodidae Catops sp.,Stand. body size,,NA,mm,mean,,both,adult,,,,,,,,,,,
PreservedSpecimen,Insecta Coleoptera Leiodidae Catops sp.,FoodPl,,0,mm,mean,,both,adult,,,,,,,,,,,
HumanObservation,Insecta Coleoptera Leiodidae Catops sp.,FoodAni,Literature review and expert consultation based on species descriptions and ecological research.,0,mm,mean,,both,adult,,,,,,,,,,,
PreservedSpecimen,Insecta Coleoptera Leiodidae Catops sp.,FoodFg,Functional trait determination based on expert knowledge and literature review of species characteristics,0,mm,mean,,both,adult,,,,,,,,,,,
PreservedSpecimen,Insecta Coleoptera Leiodidae Catops sp.,FoodDet,Functional trait assignment based on literature review and expert identification of collected specimens,1,mm,mean,,both,adult,,,,,,,,,,,
PreservedSpecimen,Insecta Coleoptera Leiodidae Catops sp.,FoodCopro,Functional trait determination based on expert knowledge and literature review,0,mm,mean,,both,adult,,,,,,,,,,,
PreservedSpecimen,Insecta Coleoptera Leiodidae Catops sp.,IngestFood,Functional trait analysis based on taxonomic identification and literature review,Chewing and cutting,mm,mean,,both,adult,,,,,,,,,,,
HumanObservation,Insecta Coleoptera Leiodidae Catops sp.,ActDay,,0,mm,mean,,both,adult,,,,,,,,,,,
PreservedSpecimen,Insecta Coleoptera Leiodidae Catops sp.,ActNig,,1,mm,mean,,both,adult,,,,,,,,,,,
HumanObservation,Insecta Coleoptera Leiodidae Catops sp.,ActTwi,,0,mm,mean,,both,adult,,,,,,,,,,,
PreservedSpecimen,Insecta Coleoptera Leiodidae Catops sp.,DispersaLdisp,,Not Applicable,mm,mean,,both,adult,,,,,,,,,,,
PreservedSpecimen,Insecta Coleoptera Hydrophilidae Cercyon sp.,Stand. body size,,NA,mm,mean,,both,adult,,,,,,,,,,,
PreservedSpecimen,Insecta Coleoptera Hydrophilidae Cercyon sp.,FoodPl,,0,mm,mean,,both,adult,,,,,,,,,,,
HumanObservation,Insecta Coleoptera Hydrophilidae Cercyon sp.,FoodAni,Literature review and expert consultation based on species descriptions and ecological research.,0,mm,mean,,both,adult,,,,,,,,,,,
PreservedSpecimen,Insecta Coleoptera Hydrophilidae Cercyon sp.,FoodFg,Functional trait determination based on expert knowledge and literature review of species characteristics,0,mm,mean,,both,adult,,,,,,,,,,,
PreservedSpecimen,Insecta Coleoptera Hydrophilidae Cercyon sp.,FoodDet,Functional trait assignment based on literature review and expert identification of collected specimens,1,mm,mean,,both,adult,,,,,,,,,,,
PreservedSpecimen,Insecta Coleoptera Hydrophilidae Cercyon sp.,FoodCopro,Functional trait determination based on expert knowledge and literature review,0,mm,mean,,both,adult,,,,,,,,,,,
PreservedSpecimen,Insecta Coleoptera Hydrophilidae Cercyon sp.,IngestFood,Functional trait analysis based on taxonomic identification and literature review,Chewing and cutting,mm,mean,,both,adult,,,,,,,,,,,
HumanObservation,Insecta Coleoptera Hydrophilidae Cercyon sp.,ActDay,,1,mm,mean,,both,adult,,,,,,,,,,,
PreservedSpecimen,Insecta Coleoptera Hydrophilidae Cercyon sp.,ActNig,,1,mm,mean,,both,adult,,,,,,,,,,,
HumanObservation,Insecta Coleoptera Hydrophilidae Cercyon sp.,ActTwi,,1,mm,mean,,both,adult,,,,,,,,,,,
PreservedSpecimen,Insecta Coleoptera Hydrophilidae Cercyon sp.,DispersaLdisp,,High dispersal ability,mm,mean,,both,adult,,,,,,,,,,,
PreservedSpecimen,Insecta Coleoptera Hydrophilidae Cercyon sp.,Stand. body size,,NA,mm,mean,,both,adult,,,,,,,,,,,
PreservedSpecimen,Insecta Coleoptera Hydrophilidae Cercyon sp.,FoodPl,,0,mm,mean,,both,adult,,,,,,,,,,,
HumanObservation,Insecta Coleoptera Hydrophilidae Cercyon sp.,FoodAni,Literature review and expert consultation based on species descriptions and ecological research.,0,mm,mean,,both,adult,,,,,,,,,,,
PreservedSpecimen,Insecta Coleoptera Hydrophilidae Cercyon sp.,FoodFg,Functional trait determination based on expert knowledge and literature review of species characteristics,0,mm,mean,,both,adult,,,,,,,,,,,
PreservedSpecimen,Insecta Coleoptera Hydrophilidae Cercyon sp.,FoodDet,Functional trait assignment based on literature review and expert identification of collected specimens,1,mm,mean,,both,adult,,,,,,,,,,,
PreservedSpecimen,Insecta Coleoptera Hydrophilidae Cercyon sp.,FoodCopro,Functional trait determination based on expert knowledge and literature review,0,mm,mean,,both,adult,,,,,,,,,,,
PreservedSpecimen,Insecta Coleoptera Hydrophilidae Cercyon sp.,IngestFood,Functional trait analysis based on taxonomic identification and literature review,Chewing and cutting,mm,mean,,both,adult,,,,,,,,,,,
HumanObservation,Insecta Coleoptera Hydrophilidae Cercyon sp.,ActDay,,1,mm,mean,,both,adult,,,,,,,,,,,
PreservedSpecimen,Insecta Coleoptera Hydrophilidae Cercyon sp.,ActNig,,1,mm,mean,,both,adult,,,,,,,,,,,
HumanObservation,Insecta Coleoptera Hydrophilidae Cercyon sp.,ActTwi,,1,mm,mean,,both,adult,,,,,,,,,,,
PreservedSpecimen,Insecta Coleoptera Hydrophilidae Cercyon sp.,DispersaLdisp,,High dispersal ability,mm,mean,,both,adult,,,,,,,,,,,
PreservedSpecimen,Insecta Coleoptera Hydrophilidae Cercyon haemorrhoidalis,Stand. body size,,-0.51,mm,mean,,both,adult,,,,,,,,,,,
PreservedSpecimen,Insecta Coleoptera Hydrophilidae Cercyon haemorrhoidalis,FoodPl,,0,mm,mean,,both,adult,,,,,,,,,,,
HumanObservation,Insecta Coleoptera Hydrophilidae Cercyon haemorrhoidalis,FoodAni,Literature review and expert consultation based on species descriptions and ecological research.,0,mm,mean,,both,adult,,,,,,,,,,,
PreservedSpecimen,Insecta Coleoptera Hydrophilidae Cercyon haemorrhoidalis,FoodFg,Functional trait determination based on expert knowledge and literature review of species characteristics,0,mm,mean,,both,adult,,,,,,,,,,,
PreservedSpecimen,Insecta Coleoptera Hydrophilidae Cercyon haemorrhoidalis,FoodDet,Functional trait assignment based on literature review and expert identification of collected specimens,1,mm,mean,,both,adult,,,,,,,,,,,
PreservedSpecimen,Insecta Coleoptera Hydrophilidae Cercyon haemorrhoidalis,FoodCopro,Functional trait determination based on expert knowledge and literature review,0,mm,mean,,both,adult,,,,,,,,,,,
PreservedSpecimen,Insecta Coleoptera Hydrophilidae Cercyon haemorrhoidalis,IngestFood,Functional trait analysis based on taxonomic identification and literature review,Chewing and cutting,mm,mean,,both,adult,,,,,,,,,,,
HumanObservation,Insecta Coleoptera Hydrophilidae Cercyon haemorrhoidalis,ActDay,,1,mm,mean,,both,adult,,,,,,,,,,,
PreservedSpecimen,Insecta Coleoptera Hydrophilidae Cercyon haemorrhoidalis,ActNig,,1,mm,mean,,both,adult,,,,,,,,,,,
HumanObservation,Insecta Coleoptera Hydrophilidae Cercyon haemorrhoidalis,ActTwi,,1,mm,mean,,both,adult,,,,,,,,,,,
PreservedSpecimen,Insecta Coleoptera Hydrophilidae Cercyon haemorrhoidalis,DispersaLdisp,,High dispersal ability,mm,mean,,both,adult,,,,,,,,,,,
PreservedSpecimen,Insecta Coleoptera Chrysomelidae Gen. sp.,Stand. body size,,NA,mm,mean,,both,adult,,,,,,,,,,,
PreservedSpecimen,Insecta Coleoptera Chrysomelidae Gen. sp.,FoodPl,,1,mm,mean,,both,adult,,,,,,,,,,,
HumanObservation,Insecta Coleoptera Chrysomelidae Gen. sp.,FoodAni,Literature review and expert consultation based on species descriptions and ecological research.,0,mm,mean,,both,adult,,,,,,,,,,,
PreservedSpecimen,Insecta Coleoptera Chrysomelidae Gen. sp.,FoodFg,Functional trait determination based on expert knowledge and literature review of species characteristics,0,mm,mean,,both,adult,,,,,,,,,,,
PreservedSpecimen,Insecta Coleoptera Chrysomelidae Gen. sp.,FoodDet,Functional trait assignment based on literature review and expert identification of collected specimens,0,mm,mean,,both,adult,,,,,,,,,,,
PreservedSpecimen,Insecta Coleoptera Chrysomelidae Gen. sp.,FoodCopro,Functional trait determination based on expert knowledge and literature review,0,mm,mean,,both,adult,,,,,,,,,,,
PreservedSpecimen,Insecta Coleoptera Chrysomelidae Gen. sp.,IngestFood,Functional trait analysis based on taxonomic identification and literature review,Chewing and cutting,mm,mean,,both,adult,,,,,,,,,,,
HumanObservation,Insecta Coleoptera Chrysomelidae Gen. sp.,ActDay,,1,mm,mean,,both,adult,,,,,,,,,,,
PreservedSpecimen,Insecta Coleoptera Chrysomelidae Gen. sp.,ActNig,,0,mm,mean,,both,adult,,,,,,,,,,,
HumanObservation,Insecta Coleoptera Chrysomelidae Gen. sp.,ActTwi,,0,mm,mean,,both,adult,,,,,,,,,,,
PreservedSpecimen,Insecta Coleoptera Chrysomelidae Gen. sp.,DispersaLdisp,,Not Applicable,mm,mean,,both,adult,,,,,,,,,,,
PreservedSpecimen,Insecta Coleoptera Curculionidae Coccotrypes carpophagus,Stand. body size,,-0.64,mm,mean,,both,adult,,,,,,,,,,,
PreservedSpecimen,Insecta Coleoptera Curculionidae Coccotrypes carpophagus,FoodPl,,1,mm,mean,,both,adult,,,,,,,,,,,
HumanObservation,Insecta Coleoptera Curculionidae Coccotrypes carpophagus,FoodAni,Literature review and expert consultation based on species descriptions and ecological research.,0,mm,mean,,both,adult,,,,,,,,,,,
PreservedSpecimen,Insecta Coleoptera Curculionidae Coccotrypes carpophagus,FoodFg,Functional trait determination based on expert knowledge and literature review of species characteristics,0,mm,mean,,both,adult,,,,,,,,,,,
PreservedSpecimen,Insecta Coleoptera Curculionidae Coccotrypes carpophagus,FoodDet,Functional trait assignment based on literature review and expert identification of collected specimens,0,mm,mean,,both,adult,,,,,,,,,,,
PreservedSpecimen,Insecta Coleoptera Curculionidae Coccotrypes carpophagus,FoodCopro,Functional trait determination based on expert knowledge and literature review,0,mm,mean,,both,adult,,,,,,,,,,,
PreservedSpecimen,Insecta Coleoptera Curculionidae Coccotrypes carpophagus,IngestFood,Functional trait analysis based on taxonomic identification and literature review,Chewing and cutting,mm,mean,,both,adult,,,,,,,,,,,
HumanObservation,Insecta Coleoptera Curculionidae Coccotrypes carpophagus,ActDay,,1,mm,mean,,both,adult,,,,,,,,,,,
PreservedSpecimen,Insecta Coleoptera Curculionidae Coccotrypes carpophagus,ActNig,,1,mm,mean,,both,adult,,,,,,,,,,,
HumanObservation,Insecta Coleoptera Curculionidae Coccotrypes carpophagus,ActTwi,,1,mm,mean,,both,adult,,,,,,,,,,,
PreservedSpecimen,Insecta Coleoptera Curculionidae Coccotrypes carpophagus,DispersaLdisp,,High dispersal ability,mm,mean,,both,adult,,,,,,,,,,,
PreservedSpecimen,Insecta Coleoptera Staphylinidae Coproporus pulchellus,Stand. body size,,-0.7,mm,mean,,both,adult,,,,,,,,,,,
PreservedSpecimen,Insecta Coleoptera Staphylinidae Coproporus pulchellus,FoodPl,,0,mm,mean,,both,adult,,,,,,,,,,,
HumanObservation,Insecta Coleoptera Staphylinidae Coproporus pulchellus,FoodAni,Literature review and expert consultation based on species descriptions and ecological research.,1,mm,mean,,both,adult,,,,,,,,,,,
PreservedSpecimen,Insecta Coleoptera Staphylinidae Coproporus pulchellus,FoodFg,Functional trait determination based on expert knowledge and literature review of species characteristics,0,mm,mean,,both,adult,,,,,,,,,,,
PreservedSpecimen,Insecta Coleoptera Staphylinidae Coproporus pulchellus,FoodDet,Functional trait assignment based on literature review and expert identification of collected specimens,0,mm,mean,,both,adult,,,,,,,,,,,
PreservedSpecimen,Insecta Coleoptera Staphylinidae Coproporus pulchellus,FoodCopro,Functional trait determination based on expert knowledge and literature review,0,mm,mean,,both,adult,,,,,,,,,,,
PreservedSpecimen,Insecta Coleoptera Staphylinidae Coproporus pulchellus,IngestFood,Functional trait analysis based on taxonomic identification and literature review,Chewing and cutting,mm,mean,,both,adult,,,,,,,,,,,
HumanObservation,Insecta Coleoptera Staphylinidae Coproporus pulchellus,ActDay,,0,mm,mean,,both,adult,,,,,,,,,,,
PreservedSpecimen,Insecta Coleoptera Staphylinidae Coproporus pulchellus,ActNig,,1,mm,mean,,both,adult,,,,,,,,,,,
HumanObservation,Insecta Coleoptera Staphylinidae Coproporus pulchellus,ActTwi,,0,mm,mean,,both,adult,,,,,,,,,,,
PreservedSpecimen,Insecta Coleoptera Staphylinidae Coproporus pulchellus,DispersaLdisp,,High dispersal ability,mm,mean,,both,adult,,,,,,,,,,,
PreservedSpecimen,Insecta Coleoptera Staphylinidae Cordalia sp.,Stand. body size,,NA,mm,mean,,both,adult,,,,,,,,,,,
PreservedSpecimen,Insecta Coleoptera Staphylinidae Cordalia sp.,FoodPl,,0,mm,mean,,both,adult,,,,,,,,,,,
HumanObservation,Insecta Coleoptera Staphylinidae Cordalia sp.,FoodAni,Literature review and expert consultation based on species descriptions and ecological research.,1,mm,mean,,both,adult,,,,,,,,,,,
PreservedSpecimen,Insecta Coleoptera Staphylinidae Cordalia sp.,FoodFg,Functional trait determination based on expert knowledge and literature review of species characteristics,0,mm,mean,,both,adult,,,,,,,,,,,
PreservedSpecimen,Insecta Coleoptera Staphylinidae Cordalia sp.,FoodDet,Functional trait assignment based on literature review and expert identification of collected specimens,0,mm,mean,,both,adult,,,,,,,,,,,
PreservedSpecimen,Insecta Coleoptera Staphylinidae Cordalia sp.,FoodCopro,Functional trait determination based on expert knowledge and literature review,0,mm,mean,,both,adult,,,,,,,,,,,
PreservedSpecimen,Insecta Coleoptera Staphylinidae Cordalia sp.,IngestFood,Functional trait analysis based on taxonomic identification and literature review,Chewing and cutting,mm,mean,,both,adult,,,,,,,,,,,
HumanObservation,Insecta Coleoptera Staphylinidae Cordalia sp.,ActDay,,0,mm,mean,,both,adult,,,,,,,,,,,
PreservedSpecimen,Insecta Coleoptera Staphylinidae Cordalia sp.,ActNig,,1,mm,mean,,both,adult,,,,,,,,,,,
HumanObservation,Insecta Coleoptera Staphylinidae Cordalia sp.,ActTwi,,0,mm,mean,,both,adult,,,,,,,,,,,
PreservedSpecimen,Insecta Coleoptera Staphylinidae Cordalia sp.,DispersaLdisp,,High dispersal ability,mm,mean,,both,adult,,,,,,,,,,,
PreservedSpecimen,Insecta Coleoptera Staphylinidae Cordalia obscura,Stand. body size,,-0.72,mm,mean,,both,adult,,,,,,,,,,,
PreservedSpecimen,Insecta Coleoptera Staphylinidae Cordalia obscura,FoodPl,,0,mm,mean,,both,adult,,,,,,,,,,,
HumanObservation,Insecta Coleoptera Staphylinidae Cordalia obscura,FoodAni,Literature review and expert consultation based on species descriptions and ecological research.,1,mm,mean,,both,adult,,,,,,,,,,,
PreservedSpecimen,Insecta Coleoptera Staphylinidae Cordalia obscura,FoodFg,Functional trait determination based on expert knowledge and literature review of species characteristics,0,mm,mean,,both,adult,,,,,,,,,,,
PreservedSpecimen,Insecta Coleoptera Staphylinidae Cordalia obscura,FoodDet,Functional trait assignment based on literature review and expert identification of collected specimens,0,mm,mean,,both,adult,,,,,,,,,,,
PreservedSpecimen,Insecta Coleoptera Staphylinidae Cordalia obscura,FoodCopro,Functional trait determination based on expert knowledge and literature review,0,mm,mean,,both,adult,,,,,,,,,,,
PreservedSpecimen,Insecta Coleoptera Staphylinidae Cordalia obscura,IngestFood,Functional trait analysis based on taxonomic identification and literature review,Chewing and cutting,mm,mean,,both,adult,,,,,,,,,,,
HumanObservation,Insecta Coleoptera Staphylinidae Cordalia obscura,ActDay,,0,mm,mean,,both,adult,,,,,,,,,,,
PreservedSpecimen,Insecta Coleoptera Staphylinidae Cordalia obscura,ActNig,,1,mm,mean,,both,adult,,,,,,,,,,,
HumanObservation,Insecta Coleoptera Staphylinidae Cordalia obscura,ActTwi,,0,mm,mean,,both,adult,,,,,,,,,,,
PreservedSpecimen,Insecta Coleoptera Staphylinidae Cordalia obscura,DispersaLdisp,,High dispersal ability,mm,mean,,both,adult,,,,,,,,,,,
PreservedSpecimen,Insecta Coleoptera Cryptophagidae,Stand. body size,,NA,mm,mean,,both,adult,,,,,,,,,,,
PreservedSpecimen,Insecta Coleoptera Cryptophagidae,FoodPl,,0,mm,mean,,both,adult,,,,,,,,,,,
HumanObservation,Insecta Coleoptera Cryptophagidae,FoodAni,Literature review and expert consultation based on species descriptions and ecological research.,0,mm,mean,,both,adult,,,,,,,,,,,
PreservedSpecimen,Insecta Coleoptera Cryptophagidae,FoodFg,Functional trait determination based on expert knowledge and literature review of species characteristics,0,mm,mean,,both,adult,,,,,,,,,,,
PreservedSpecimen,Insecta Coleoptera Cryptophagidae,FoodDet,Functional trait assignment based on literature review and expert identification of collected specimens,1,mm,mean,,both,adult,,,,,,,,,,,
PreservedSpecimen,Insecta Coleoptera Cryptophagidae,FoodCopro,Functional trait determination based on expert knowledge and literature review,0,mm,mean,,both,adult,,,,,,,,,,,
PreservedSpecimen,Insecta Coleoptera Cryptophagidae,IngestFood,Functional trait analysis based on taxonomic identification and literature review,Chewing and cutting,mm,mean,,both,adult,,,,,,,,,,,
HumanObservation,Insecta Coleoptera Cryptophagidae,ActDay,,1,mm,mean,,both,adult,,,,,,,,,,,
PreservedSpecimen,Insecta Coleoptera Cryptophagidae,ActNig,,1,mm,mean,,both,adult,,,,,,,,,,,
HumanObservation,Insecta Coleoptera Cryptophagidae,ActTwi,,1,mm,mean,,both,adult,,,,,,,,,,,
PreservedSpecimen,Insecta Coleoptera Cryptophagidae,DispersaLdisp,,Not Applicable,mm,mean,,both,adult,,,,,,,,,,,
PreservedSpecimen,Insecta Coleoptera Cryptophagidae Cryptophagus sp.,Stand. body size,,NA,mm,mean,,both,adult,,,,,,,,,,,
PreservedSpecimen,Insecta Coleoptera Cryptophagidae Cryptophagus sp.,FoodPl,,0,mm,mean,,both,adult,,,,,,,,,,,
HumanObservation,Insecta Coleoptera Cryptophagidae Cryptophagus sp.,FoodAni,Literature review and expert consultation based on species descriptions and ecological research.,0,mm,mean,,both,adult,,,,,,,,,,,
PreservedSpecimen,Insecta Coleoptera Cryptophagidae Cryptophagus sp.,FoodFg,Functional trait determination based on expert knowledge and literature review of species characteristics,1,mm,mean,,both,adult,,,,,,,,,,,
PreservedSpecimen,Insecta Coleoptera Cryptophagidae Cryptophagus sp.,FoodDet,Functional trait assignment based on literature review and expert identification of collected specimens,0,mm,mean,,both,adult,,,,,,,,,,,
PreservedSpecimen,Insecta Coleoptera Cryptophagidae Cryptophagus sp.,FoodCopro,Functional trait determination based on expert knowledge and literature review,0,mm,mean,,both,adult,,,,,,,,,,,
PreservedSpecimen,Insecta Coleoptera Cryptophagidae Cryptophagus sp.,IngestFood,Functional trait analysis based on taxonomic identification and literature review,Chewing and cutting,mm,mean,,both,adult,,,,,,,,,,,
HumanObservation,Insecta Coleoptera Cryptophagidae Cryptophagus sp.,ActDay,,1,mm,mean,,both,adult,,,,,,,,,,,
PreservedSpecimen,Insecta Coleoptera Cryptophagidae Cryptophagus sp.,ActNig,,1,mm,mean,,both,adult,,,,,,,,,,,
HumanObservation,Insecta Coleoptera Cryptophagidae Cryptophagus sp.,ActTwi,,1,mm,mean,,both,adult,,,,,,,,,,,
PreservedSpecimen,Insecta Coleoptera Cryptophagidae Cryptophagus sp.,DispersaLdisp,,High dispersal ability,mm,mean,,both,adult,,,,,,,,,,,
PreservedSpecimen,Insecta Coleoptera Cryptophagidae Cryptophagus sp.,Stand. body size,,NA,mm,mean,,both,adult,,,,,,,,,,,
PreservedSpecimen,Insecta Coleoptera Cryptophagidae Cryptophagus sp.,FoodPl,,0,mm,mean,,both,adult,,,,,,,,,,,
HumanObservation,Insecta Coleoptera Cryptophagidae Cryptophagus sp.,FoodAni,Literature review and expert consultation based on species descriptions and ecological research.,0,mm,mean,,both,adult,,,,,,,,,,,
PreservedSpecimen,Insecta Coleoptera Cryptophagidae Cryptophagus sp.,FoodFg,Functional trait determination based on expert knowledge and literature review of species characteristics,1,mm,mean,,both,adult,,,,,,,,,,,
PreservedSpecimen,Insecta Coleoptera Cryptophagidae Cryptophagus sp.,FoodDet,Functional trait assignment based on literature review and expert identification of collected specimens,0,mm,mean,,both,adult,,,,,,,,,,,
PreservedSpecimen,Insecta Coleoptera Cryptophagidae Cryptophagus sp.,FoodCopro,Functional trait determination based on expert knowledge and literature review,0,mm,mean,,both,adult,,,,,,,,,,,
PreservedSpecimen,Insecta Coleoptera Cryptophagidae Cryptophagus sp.,IngestFood,Functional trait analysis based on taxonomic identification and literature review,Chewing and cutting,mm,mean,,both,adult,,,,,,,,,,,
HumanObservation,Insecta Coleoptera Cryptophagidae Cryptophagus sp.,ActDay,,1,mm,mean,,both,adult,,,,,,,,,,,
PreservedSpecimen,Insecta Coleoptera Cryptophagidae Cryptophagus sp.,ActNig,,1,mm,mean,,both,adult,,,,,,,,,,,
HumanObservation,Insecta Coleoptera Cryptophagidae Cryptophagus sp.,ActTwi,,1,mm,mean,,both,adult,,,,,,,,,,,
PreservedSpecimen,Insecta Coleoptera Cryptophagidae Cryptophagus sp.,DispersaLdisp,,High dispersal ability,mm,mean,,both,adult,,,,,,,,,,,
PreservedSpecimen,Insecta Coleoptera Dryopidae Dryops luridus,Stand. body size,,-0.19,mm,mean,,both,adult,,,,,,,,,,,
PreservedSpecimen,Insecta Coleoptera Dryopidae Dryops luridus,FoodPl,,1,mm,mean,,both,adult,,,,,,,,,,,
HumanObservation,Insecta Coleoptera Dryopidae Dryops luridus,FoodAni,Literature review and expert consultation based on species descriptions and ecological research.,0,mm,mean,,both,adult,,,,,,,,,,,
PreservedSpecimen,Insecta Coleoptera Dryopidae Dryops luridus,FoodFg,Functional trait determination based on expert knowledge and literature review of species characteristics,0,mm,mean,,both,adult,,,,,,,,,,,
PreservedSpecimen,Insecta Coleoptera Dryopidae Dryops luridus,FoodDet,Functional trait assignment based on literature review and expert identification of collected specimens,1,mm,mean,,both,adult,,,,,,,,,,,
PreservedSpecimen,Insecta Coleoptera Dryopidae Dryops luridus,FoodCopro,Functional trait determination based on expert knowledge and literature review,0,mm,mean,,both,adult,,,,,,,,,,,
PreservedSpecimen,Insecta Coleoptera Dryopidae Dryops luridus,IngestFood,Functional trait analysis based on taxonomic identification and literature review,Chewing and cutting,mm,mean,,both,adult,,,,,,,,,,,
HumanObservation,Insecta Coleoptera Dryopidae Dryops luridus,ActDay,,1,mm,mean,,both,adult,,,,,,,,,,,
PreservedSpecimen,Insecta Coleoptera Dryopidae Dryops luridus,ActNig,,1,mm,mean,,both,adult,,,,,,,,,,,
HumanObservation,Insecta Coleoptera Dryopidae Dryops luridus,ActTwi,,1,mm,mean,,both,adult,,,,,,,,,,,
PreservedSpecimen,Insecta Coleoptera Dryopidae Dryops luridus,DispersaLdisp,,Not Applicable,mm,mean,,both,adult,,,,,,,,,,,
PreservedSpecimen,Insecta Coleoptera Chrysomelidae Epitrix cucumeris,Stand. body size,,-0.72,mm,mean,,both,adult,,,,,,,,,,,
PreservedSpecimen,Insecta Coleoptera Chrysomelidae Epitrix cucumeris,FoodPl,,1,mm,mean,,both,adult,,,,,,,,,,,
HumanObservation,Insecta Coleoptera Chrysomelidae Epitrix cucumeris,FoodAni,Literature review and expert consultation based on species descriptions and ecological research.,0,mm,mean,,both,adult,,,,,,,,,,,
PreservedSpecimen,Insecta Coleoptera Chrysomelidae Epitrix cucumeris,FoodFg,Functional trait determination based on expert knowledge and literature review of species characteristics,0,mm,mean,,both,adult,,,,,,,,,,,
PreservedSpecimen,Insecta Coleoptera Chrysomelidae Epitrix cucumeris,FoodDet,Functional trait assignment based on literature review and expert identification of collected specimens,0,mm,mean,,both,adult,,,,,,,,,,,
PreservedSpecimen,Insecta Coleoptera Chrysomelidae Epitrix cucumeris,FoodCopro,Functional trait determination based on expert knowledge and literature review,0,mm,mean,,both,adult,,,,,,,,,,,
PreservedSpecimen,Insecta Coleoptera Chrysomelidae Epitrix cucumeris,IngestFood,Functional trait analysis based on taxonomic identification and literature review,Chewing and cutting,mm,mean,,both,adult,,,,,,,,,,,
HumanObservation,Insecta Coleoptera Chrysomelidae Epitrix cucumeris,ActDay,,1,mm,mean,,both,adult,,,,,,,,,,,
PreservedSpecimen,Insecta Coleoptera Chrysomelidae Epitrix cucumeris,ActNig,,0,mm,mean,,both,adult,,,,,,,,,,,
HumanObservation,Insecta Coleoptera Chrysomelidae Epitrix cucumeris,ActTwi,,0,mm,mean,,both,adult,,,,,,,,,,,
PreservedSpecimen,Insecta Coleoptera Chrysomelidae Epitrix cucumeris,DispersaLdisp,,High dispersal ability,mm,mean,,both,adult,,,,,,,,,,,
PreservedSpecimen,Insecta Coleoptera Chrysomelidae Epitrix hirtipennis,Stand. body size,,-0.76,mm,mean,,both,adult,,,,,,,,,,,
PreservedSpecimen,Insecta Coleoptera Chrysomelidae Epitrix hirtipennis,FoodPl,,1,mm,mean,,both,adult,,,,,,,,,,,
HumanObservation,Insecta Coleoptera Chrysomelidae Epitrix hirtipennis,FoodAni,Literature review and expert consultation based on species descriptions and ecological research.,0,mm,mean,,both,adult,,,,,,,,,,,
PreservedSpecimen,Insecta Coleoptera Chrysomelidae Epitrix hirtipennis,FoodFg,Functional trait determination based on expert knowledge and literature review of species characteristics,0,mm,mean,,both,adult,,,,,,,,,,,
PreservedSpecimen,Insecta Coleoptera Chrysomelidae Epitrix hirtipennis,FoodDet,Functional trait assignment based on literature review and expert identification of collected specimens,0,mm,mean,,both,adult,,,,,,,,,,,
PreservedSpecimen,Insecta Coleoptera Chrysomelidae Epitrix hirtipennis,FoodCopro,Functional trait determination based on expert knowledge and literature review,0,mm,mean,,both,adult,,,,,,,,,,,
PreservedSpecimen,Insecta Coleoptera Chrysomelidae Epitrix hirtipennis,IngestFood,Functional trait analysis based on taxonomic identification and literature review,Chewing and cutting,mm,mean,,both,adult,,,,,,,,,,,
HumanObservation,Insecta Coleoptera Chrysomelidae Epitrix hirtipennis,ActDay,,1,mm,mean,,both,adult,,,,,,,,,,,
PreservedSpecimen,Insecta Coleoptera Chrysomelidae Epitrix hirtipennis,ActNig,,0,mm,mean,,both,adult,,,,,,,,,,,
HumanObservation,Insecta Coleoptera Chrysomelidae Epitrix hirtipennis,ActTwi,,0,mm,mean,,both,adult,,,,,,,,,,,
PreservedSpecimen,Insecta Coleoptera Chrysomelidae Epitrix hirtipennis,DispersaLdisp,,High dispersal ability,mm,mean,,both,adult,,,,,,,,,,,
PreservedSpecimen,Insecta Coleoptera Nitidulidae Epuraeas sp.,Stand. body size,,NA,mm,mean,,both,adult,,,,,,,,,,,
PreservedSpecimen,Insecta Coleoptera Nitidulidae Epuraeas sp.,FoodPl,,0,mm,mean,,both,adult,,,,,,,,,,,
HumanObservation,Insecta Coleoptera Nitidulidae Epuraeas sp.,FoodAni,Literature review and expert consultation based on species descriptions and ecological research.,0,mm,mean,,both,adult,,,,,,,,,,,
PreservedSpecimen,Insecta Coleoptera Nitidulidae Epuraeas sp.,FoodFg,Functional trait determination based on expert knowledge and literature review of species characteristics,0,mm,mean,,both,adult,,,,,,,,,,,
PreservedSpecimen,Insecta Coleoptera Nitidulidae Epuraeas sp.,FoodDet,Functional trait assignment based on literature review and expert identification of collected specimens,1,mm,mean,,both,adult,,,,,,,,,,,
PreservedSpecimen,Insecta Coleoptera Nitidulidae Epuraeas sp.,FoodCopro,Functional trait determination based on expert knowledge and literature review,0,mm,mean,,both,adult,,,,,,,,,,,
PreservedSpecimen,Insecta Coleoptera Nitidulidae Epuraeas sp.,IngestFood,Functional trait analysis based on taxonomic identification and literature review,Chewing and cutting,mm,mean,,both,adult,,,,,,,,,,,
HumanObservation,Insecta Coleoptera Nitidulidae Epuraeas sp.,ActDay,,1,mm,mean,,both,adult,,,,,,,,,,,
PreservedSpecimen,Insecta Coleoptera Nitidulidae Epuraeas sp.,ActNig,,0,mm,mean,,both,adult,,,,,,,,,,,
HumanObservation,Insecta Coleoptera Nitidulidae Epuraeas sp.,ActTwi,,0,mm,mean,,both,adult,,,,,,,,,,,
PreservedSpecimen,Insecta Coleoptera Nitidulidae Epuraeas sp.,DispersaLdisp,,High dispersal ability,mm,mean,,both,adult,,,,,,,,,,,
PreservedSpecimen,Insecta Coleoptera Nitidulidae Epuraea biguttata,Stand. body size,,-0.55,mm,mean,,both,adult,,,,,,,,,,,
PreservedSpecimen,Insecta Coleoptera Nitidulidae Epuraea biguttata,FoodPl,,1,mm,mean,,both,adult,,,,,,,,,,,
HumanObservation,Insecta Coleoptera Nitidulidae Epuraea biguttata,FoodAni,Literature review and expert consultation based on species descriptions and ecological research.,0,mm,mean,,both,adult,,,,,,,,,,,
PreservedSpecimen,Insecta Coleoptera Nitidulidae Epuraea biguttata,FoodFg,Functional trait determination based on expert knowledge and literature review of species characteristics,1,mm,mean,,both,adult,,,,,,,,,,,
PreservedSpecimen,Insecta Coleoptera Nitidulidae Epuraea biguttata,FoodDet,Functional trait assignment based on literature review and expert identification of collected specimens,0,mm,mean,,both,adult,,,,,,,,,,,
PreservedSpecimen,Insecta Coleoptera Nitidulidae Epuraea biguttata,FoodCopro,Functional trait determination based on expert knowledge and literature review,0,mm,mean,,both,adult,,,,,,,,,,,
PreservedSpecimen,Insecta Coleoptera Nitidulidae Epuraea biguttata,IngestFood,Functional trait analysis based on taxonomic identification and literature review,Chewing and cutting,mm,mean,,both,adult,,,,,,,,,,,
HumanObservation,Insecta Coleoptera Nitidulidae Epuraea biguttata,ActDay,,1,mm,mean,,both,adult,,,,,,,,,,,
PreservedSpecimen,Insecta Coleoptera Nitidulidae Epuraea biguttata,ActNig,,0,mm,mean,,both,adult,,,,,,,,,,,
HumanObservation,Insecta Coleoptera Nitidulidae Epuraea biguttata,ActTwi,,0,mm,mean,,both,adult,,,,,,,,,,,
PreservedSpecimen,Insecta Coleoptera Nitidulidae Epuraea biguttata,DispersaLdisp,,High dispersal ability,mm,mean,,both,adult,,,,,,,,,,,
PreservedSpecimen,Insecta Coleoptera Staphylinidae Gabrius nigritulus,Stand. body size,,-0.44,mm,mean,,both,adult,,,,,,,,,,,
PreservedSpecimen,Insecta Coleoptera Staphylinidae Gabrius nigritulus,FoodPl,,0,mm,mean,,both,adult,,,,,,,,,,,
HumanObservation,Insecta Coleoptera Staphylinidae Gabrius nigritulus,FoodAni,Literature review and expert consultation based on species descriptions and ecological research.,1,mm,mean,,both,adult,,,,,,,,,,,
PreservedSpecimen,Insecta Coleoptera Staphylinidae Gabrius nigritulus,FoodFg,Functional trait determination based on expert knowledge and literature review of species characteristics,0,mm,mean,,both,adult,,,,,,,,,,,
PreservedSpecimen,Insecta Coleoptera Staphylinidae Gabrius nigritulus,FoodDet,Functional trait assignment based on literature review and expert identification of collected specimens,0,mm,mean,,both,adult,,,,,,,,,,,
PreservedSpecimen,Insecta Coleoptera Staphylinidae Gabrius nigritulus,FoodCopro,Functional trait determination based on expert knowledge and literature review,0,mm,mean,,both,adult,,,,,,,,,,,
PreservedSpecimen,Insecta Coleoptera Staphylinidae Gabrius nigritulus,IngestFood,Functional trait analysis based on taxonomic identification and literature review,Chewing and cutting,mm,mean,,both,adult,,,,,,,,,,,
HumanObservation,Insecta Coleoptera Staphylinidae Gabrius nigritulus,ActDay,,0,mm,mean,,both,adult,,,,,,,,,,,
PreservedSpecimen,Insecta Coleoptera Staphylinidae Gabrius nigritulus,ActNig,,1,mm,mean,,both,adult,,,,,,,,,,,
HumanObservation,Insecta Coleoptera Staphylinidae Gabrius nigritulus,ActTwi,,0,mm,mean,,both,adult,,,,,,,,,,,
PreservedSpecimen,Insecta Coleoptera Staphylinidae Gabrius nigritulus,DispersaLdisp,,High dispersal ability,mm,mean,,both,adult,,,,,,,,,,,
PreservedSpecimen,Insecta Coleoptera Staphylinidae Geostiba sp.,Stand. body size,,NA,mm,mean,,both,adult,,,,,,,,,,,
PreservedSpecimen,Insecta Coleoptera Staphylinidae Geostiba sp.,FoodPl,,0,mm,mean,,both,adult,,,,,,,,,,,
HumanObservation,Insecta Coleoptera Staphylinidae Geostiba sp.,FoodAni,Literature review and expert consultation based on species descriptions and ecological research.,1,mm,mean,,both,adult,,,,,,,,,,,
PreservedSpecimen,Insecta Coleoptera Staphylinidae Geostiba sp.,FoodFg,Functional trait determination based on expert knowledge and literature review of species characteristics,0,mm,mean,,both,adult,,,,,,,,,,,
PreservedSpecimen,Insecta Coleoptera Staphylinidae Geostiba sp.,FoodDet,Functional trait assignment based on literature review and expert identification of collected specimens,0,mm,mean,,both,adult,,,,,,,,,,,
PreservedSpecimen,Insecta Coleoptera Staphylinidae Geostiba sp.,FoodCopro,Functional trait determination based on expert knowledge and literature review,0,mm,mean,,both,adult,,,,,,,,,,,
PreservedSpecimen,Insecta Coleoptera Staphylinidae Geostiba sp.,IngestFood,Functional trait analysis based on taxonomic identification and literature review,Chewing and cutting,mm,mean,,both,adult,,,,,,,,,,,
HumanObservation,Insecta Coleoptera Staphylinidae Geostiba sp.,ActDay,,0,mm,mean,,both,adult,,,,,,,,,,,
PreservedSpecimen,Insecta Coleoptera Staphylinidae Geostiba sp.,ActNig,,1,mm,mean,,both,adult,,,,,,,,,,,
HumanObservation,Insecta Coleoptera Staphylinidae Geostiba sp.,ActTwi,,0,mm,mean,,both,adult,,,,,,,,,,,
PreservedSpecimen,Insecta Coleoptera Staphylinidae Geostiba sp.,DispersaLdisp,,High dispersal ability,mm,mean,,both,adult,,,,,,,,,,,
PreservedSpecimen,Insecta Coleoptera Staphylinidae Gyrohypnus fracticornis,Stand. body size,,0.32,mm,mean,,both,adult,,,,,,,,,,,
PreservedSpecimen,Insecta Coleoptera Staphylinidae Gyrohypnus fracticornis,FoodPl,,0,mm,mean,,both,adult,,,,,,,,,,,
HumanObservation,Insecta Coleoptera Staphylinidae Gyrohypnus fracticornis,FoodAni,Literature review and expert consultation based on species descriptions and ecological research.,1,mm,mean,,both,adult,,,,,,,,,,,
PreservedSpecimen,Insecta Coleoptera Staphylinidae Gyrohypnus fracticornis,FoodFg,Functional trait determination based on expert knowledge and literature review of species characteristics,0,mm,mean,,both,adult,,,,,,,,,,,
PreservedSpecimen,Insecta Coleoptera Staphylinidae Gyrohypnus fracticornis,FoodDet,Functional trait assignment based on literature review and expert identification of collected specimens,0,mm,mean,,both,adult,,,,,,,,,,,
PreservedSpecimen,Insecta Coleoptera Staphylinidae Gyrohypnus fracticornis,FoodCopro,Functional trait determination based on expert knowledge and literature review,0,mm,mean,,both,adult,,,,,,,,,,,
PreservedSpecimen,Insecta Coleoptera Staphylinidae Gyrohypnus fracticornis,IngestFood,Functional trait analysis based on taxonomic identification and literature review,Chewing and cutting,mm,mean,,both,adult,,,,,,,,,,,
HumanObservation,Insecta Coleoptera Staphylinidae Gyrohypnus fracticornis,ActDay,,0,mm,mean,,both,adult,,,,,,,,,,,
PreservedSpecimen,Insecta Coleoptera Staphylinidae Gyrohypnus fracticornis,ActNig,,1,mm,mean,,both,adult,,,,,,,,,,,
HumanObservation,Insecta Coleoptera Staphylinidae Gyrohypnus fracticornis,ActTwi,,0,mm,mean,,both,adult,,,,,,,,,,,
PreservedSpecimen,Insecta Coleoptera Staphylinidae Gyrohypnus fracticornis,DispersaLdisp,,High dispersal ability,mm,mean,,both,adult,,,,,,,,,,,
PreservedSpecimen,Insecta Coleoptera Carabidae Harpalus distinguendus,Stand. body size,,NA,mm,mean,,both,adult,,,,,,,,,,,
PreservedSpecimen,Insecta Coleoptera Carabidae Harpalus distinguendus,FoodPl,,1,mm,mean,,both,adult,,,,,,,,,,,
HumanObservation,Insecta Coleoptera Carabidae Harpalus distinguendus,FoodAni,Literature review and expert consultation based on species descriptions and ecological research.,1,mm,mean,,both,adult,,,,,,,,,,,
PreservedSpecimen,Insecta Coleoptera Carabidae Harpalus distinguendus,FoodFg,Functional trait determination based on expert knowledge and literature review of species characteristics,0,mm,mean,,both,adult,,,,,,,,,,,
PreservedSpecimen,Insecta Coleoptera Carabidae Harpalus distinguendus,FoodDet,Functional trait assignment based on literature review and expert identification of collected specimens,0,mm,mean,,both,adult,,,,,,,,,,,
PreservedSpecimen,Insecta Coleoptera Carabidae Harpalus distinguendus,FoodCopro,Functional trait determination based on expert knowledge and literature review,0,mm,mean,,both,adult,,,,,,,,,,,
PreservedSpecimen,Insecta Coleoptera Carabidae Harpalus distinguendus,IngestFood,Functional trait analysis based on taxonomic identification and literature review,Chewing and cutting,mm,mean,,both,adult,,,,,,,,,,,
HumanObservation,Insecta Coleoptera Carabidae Harpalus distinguendus,ActDay,,1,mm,mean,,both,adult,,,,,,,,,,,
PreservedSpecimen,Insecta Coleoptera Carabidae Harpalus distinguendus,ActNig,,0,mm,mean,,both,adult,,,,,,,,,,,
HumanObservation,Insecta Coleoptera Carabidae Harpalus distinguendus,ActTwi,,0,mm,mean,,both,adult,,,,,,,,,,,
PreservedSpecimen,Insecta Coleoptera Carabidae Harpalus distinguendus,DispersaLdisp,,High dispersal ability,mm,mean,,both,adult,,,,,,,,,,,
PreservedSpecimen,Insecta Coleoptera Anthicidae Hirticollis quadriguttatus,Stand. body size,,-0.23,mm,mean,,both,adult,,,,,,,,,,,
PreservedSpecimen,Insecta Coleoptera Anthicidae Hirticollis quadriguttatus,FoodPl,,1,mm,mean,,both,adult,,,,,,,,,,,
HumanObservation,Insecta Coleoptera Anthicidae Hirticollis quadriguttatus,FoodAni,Literature review and expert consultation based on species descriptions and ecological research.,1,mm,mean,,both,adult,,,,,,,,,,,
PreservedSpecimen,Insecta Coleoptera Anthicidae Hirticollis quadriguttatus,FoodFg,Functional trait determination based on expert knowledge and literature review of species characteristics,1,mm,mean,,both,adult,,,,,,,,,,,
PreservedSpecimen,Insecta Coleoptera Anthicidae Hirticollis quadriguttatus,FoodDet,Functional trait assignment based on literature review and expert identification of collected specimens,0,mm,mean,,both,adult,,,,,,,,,,,
PreservedSpecimen,Insecta Coleoptera Anthicidae Hirticollis quadriguttatus,FoodCopro,Functional trait determination based on expert knowledge and literature review,0,mm,mean,,both,adult,,,,,,,,,,,
PreservedSpecimen,Insecta Coleoptera Anthicidae Hirticollis quadriguttatus,IngestFood,Functional trait analysis based on taxonomic identification and literature review,Chewing and cutting,mm,mean,,both,adult,,,,,,,,,,,
HumanObservation,Insecta Coleoptera Anthicidae Hirticollis quadriguttatus,ActDay,,1,mm,mean,,both,adult,,,,,,,,,,,
PreservedSpecimen,Insecta Coleoptera Anthicidae Hirticollis quadriguttatus,ActNig,,1,mm,mean,,both,adult,,,,,,,,,,,
HumanObservation,Insecta Coleoptera Anthicidae Hirticollis quadriguttatus,ActTwi,,1,mm,mean,,both,adult,,,,,,,,,,,
PreservedSpecimen,Insecta Coleoptera Anthicidae Hirticollis quadriguttatus,DispersaLdisp,,High dispersal ability,mm,mean,,both,adult,,,,,,,,,,,
PreservedSpecimen,Insecta Coleoptera Carabidae Laemostenus complanatus,Stand. body size,,1.47,mm,mean,,both,adult,,,,,,,,,,,
PreservedSpecimen,Insecta Coleoptera Carabidae Laemostenus complanatus,FoodPl,,0,mm,mean,,both,adult,,,,,,,,,,,
HumanObservation,Insecta Coleoptera Carabidae Laemostenus complanatus,FoodAni,Literature review and expert consultation based on species descriptions and ecological research.,1,mm,mean,,both,adult,,,,,,,,,,,
PreservedSpecimen,Insecta Coleoptera Carabidae Laemostenus complanatus,FoodFg,Functional trait determination based on expert knowledge and literature review of species characteristics,0,mm,mean,,both,adult,,,,,,,,,,,
PreservedSpecimen,Insecta Coleoptera Carabidae Laemostenus complanatus,FoodDet,Functional trait assignment based on literature review and expert identification of collected specimens,0,mm,mean,,both,adult,,,,,,,,,,,
PreservedSpecimen,Insecta Coleoptera Carabidae Laemostenus complanatus,FoodCopro,Functional trait determination based on expert knowledge and literature review,0,mm,mean,,both,adult,,,,,,,,,,,
PreservedSpecimen,Insecta Coleoptera Carabidae Laemostenus complanatus,IngestFood,Functional trait analysis based on taxonomic identification and literature review,Chewing and cutting,mm,mean,,both,adult,,,,,,,,,,,
HumanObservation,Insecta Coleoptera Carabidae Laemostenus complanatus,ActDay,,0,mm,mean,,both,adult,,,,,,,,,,,
PreservedSpecimen,Insecta Coleoptera Carabidae Laemostenus complanatus,ActNig,,1,mm,mean,,both,adult,,,,,,,,,,,
HumanObservation,Insecta Coleoptera Carabidae Laemostenus complanatus,ActTwi,,0,mm,mean,,both,adult,,,,,,,,,,,
PreservedSpecimen,Insecta Coleoptera Carabidae Laemostenus complanatus,DispersaLdisp,,Not Applicable,mm,mean,,both,adult,,,,,,,,,,,
PreservedSpecimen,Insecta Coleoptera Latridiidae Gen. sp.,Stand. body size,,NA,mm,mean,,both,adult,,,,,,,,,,,
PreservedSpecimen,Insecta Coleoptera Latridiidae Gen. sp.,FoodPl,,0,mm,mean,,both,adult,,,,,,,,,,,
HumanObservation,Insecta Coleoptera Latridiidae Gen. sp.,FoodAni,Literature review and expert consultation based on species descriptions and ecological research.,0,mm,mean,,both,adult,,,,,,,,,,,
PreservedSpecimen,Insecta Coleoptera Latridiidae Gen. sp.,FoodFg,Functional trait determination based on expert knowledge and literature review of species characteristics,1,mm,mean,,both,adult,,,,,,,,,,,
PreservedSpecimen,Insecta Coleoptera Latridiidae Gen. sp.,FoodDet,Functional trait assignment based on literature review and expert identification of collected specimens,0,mm,mean,,both,adult,,,,,,,,,,,
PreservedSpecimen,Insecta Coleoptera Latridiidae Gen. sp.,FoodCopro,Functional trait determination based on expert knowledge and literature review,0,mm,mean,,both,adult,,,,,,,,,,,
PreservedSpecimen,Insecta Coleoptera Latridiidae Gen. sp.,IngestFood,Functional trait analysis based on taxonomic identification and literature review,Chewing and cutting,mm,mean,,both,adult,,,,,,,,,,,
HumanObservation,Insecta Coleoptera Latridiidae Gen. sp.,ActDay,,1,mm,mean,,both,adult,,,,,,,,,,,
PreservedSpecimen,Insecta Coleoptera Latridiidae Gen. sp.,ActNig,,1,mm,mean,,both,adult,,,,,,,,,,,
HumanObservation,Insecta Coleoptera Latridiidae Gen. sp.,ActTwi,,1,mm,mean,,both,adult,,,,,,,,,,,
PreservedSpecimen,Insecta Coleoptera Latridiidae Gen. sp.,DispersaLdisp,,Not Applicable,mm,mean,,both,adult,,,,,,,,,,,
PreservedSpecimen,Insecta Coleoptera Mycetophagidae Litargus balteatus,Stand. body size,,-0.66,mm,mean,,both,adult,,,,,,,,,,,
PreservedSpecimen,Insecta Coleoptera Mycetophagidae Litargus balteatus,FoodPl,,0,mm,mean,,both,adult,,,,,,,,,,,
HumanObservation,Insecta Coleoptera Mycetophagidae Litargus balteatus,FoodAni,Literature review and expert consultation based on species descriptions and ecological research.,0,mm,mean,,both,adult,,,,,,,,,,,
PreservedSpecimen,Insecta Coleoptera Mycetophagidae Litargus balteatus,FoodFg,Functional trait determination based on expert knowledge and literature review of species characteristics,1,mm,mean,,both,adult,,,,,,,,,,,
PreservedSpecimen,Insecta Coleoptera Mycetophagidae Litargus balteatus,FoodDet,Functional trait assignment based on literature review and expert identification of collected specimens,0,mm,mean,,both,adult,,,,,,,,,,,
PreservedSpecimen,Insecta Coleoptera Mycetophagidae Litargus balteatus,FoodCopro,Functional trait determination based on expert knowledge and literature review,0,mm,mean,,both,adult,,,,,,,,,,,
PreservedSpecimen,Insecta Coleoptera Mycetophagidae Litargus balteatus,IngestFood,Functional trait analysis based on taxonomic identification and literature review,Chewing and cutting,mm,mean,,both,adult,,,,,,,,,,,
HumanObservation,Insecta Coleoptera Mycetophagidae Litargus balteatus,ActDay,,1,mm,mean,,both,adult,,,,,,,,,,,
PreservedSpecimen,Insecta Coleoptera Mycetophagidae Litargus balteatus,ActNig,,0,mm,mean,,both,adult,,,,,,,,,,,
HumanObservation,Insecta Coleoptera Mycetophagidae Litargus balteatus,ActTwi,,0,mm,mean,,both,adult,,,,,,,,,,,
PreservedSpecimen,Insecta Coleoptera Mycetophagidae Litargus balteatus,DispersaLdisp,,Not Applicable,mm,mean,,both,adult,,,,,,,,,,,
PreservedSpecimen,Insecta Coleoptera Curculionidae Mecinus pascuorum,Stand. body size,,NA,mm,mean,,both,adult,,,,,,,,,,,
PreservedSpecimen,Insecta Coleoptera Curculionidae Mecinus pascuorum,FoodPl,,1,mm,mean,,both,adult,,,,,,,,,,,
HumanObservation,Insecta Coleoptera Curculionidae Mecinus pascuorum,FoodAni,Literature review and expert consultation based on species descriptions and ecological research.,0,mm,mean,,both,adult,,,,,,,,,,,
PreservedSpecimen,Insecta Coleoptera Curculionidae Mecinus pascuorum,FoodFg,Functional trait determination based on expert knowledge and literature review of species characteristics,0,mm,mean,,both,adult,,,,,,,,,,,
PreservedSpecimen,Insecta Coleoptera Curculionidae Mecinus pascuorum,FoodDet,Functional trait assignment based on literature review and expert identification of collected specimens,0,mm,mean,,both,adult,,,,,,,,,,,
PreservedSpecimen,Insecta Coleoptera Curculionidae Mecinus pascuorum,FoodCopro,Functional trait determination based on expert knowledge and literature review,0,mm,mean,,both,adult,,,,,,,,,,,
PreservedSpecimen,Insecta Coleoptera Curculionidae Mecinus pascuorum,IngestFood,Functional trait analysis based on taxonomic identification and literature review,Chewing and cutting,mm,mean,,both,adult,,,,,,,,,,,
HumanObservation,Insecta Coleoptera Curculionidae Mecinus pascuorum,ActDay,,1,mm,mean,,both,adult,,,,,,,,,,,
PreservedSpecimen,Insecta Coleoptera Curculionidae Mecinus pascuorum,ActNig,,0,mm,mean,,both,adult,,,,,,,,,,,
HumanObservation,Insecta Coleoptera Curculionidae Mecinus pascuorum,ActTwi,,0,mm,mean,,both,adult,,,,,,,,,,,
PreservedSpecimen,Insecta Coleoptera Curculionidae Mecinus pascuorum,DispersaLdisp,,Not Applicable,mm,mean,,both,adult,,,,,,,,,,,
PreservedSpecimen,Insecta Coleoptera Elateridae Melanotus dichrous,Stand. body size,,1.79,mm,mean,,both,adult,,,,,,,,,,,
PreservedSpecimen,Insecta Coleoptera Elateridae Melanotus dichrous,FoodPl,,1,mm,mean,,both,adult,,,,,,,,,,,
HumanObservation,Insecta Coleoptera Elateridae Melanotus dichrous,FoodAni,Literature review and expert consultation based on species descriptions and ecological research.,0,mm,mean,,both,adult,,,,,,,,,,,
PreservedSpecimen,Insecta Coleoptera Elateridae Melanotus dichrous,FoodFg,Functional trait determination based on expert knowledge and literature review of species characteristics,0,mm,mean,,both,adult,,,,,,,,,,,
PreservedSpecimen,Insecta Coleoptera Elateridae Melanotus dichrous,FoodDet,Functional trait assignment based on literature review and expert identification of collected specimens,0,mm,mean,,both,adult,,,,,,,,,,,
PreservedSpecimen,Insecta Coleoptera Elateridae Melanotus dichrous,FoodCopro,Functional trait determination based on expert knowledge and literature review,0,mm,mean,,both,adult,,,,,,,,,,,
PreservedSpecimen,Insecta Coleoptera Elateridae Melanotus dichrous,IngestFood,Functional trait analysis based on taxonomic identification and literature review,Chewing and cutting,mm,mean,,both,adult,,,,,,,,,,,
HumanObservation,Insecta Coleoptera Elateridae Melanotus dichrous,ActDay,,0,mm,mean,,both,adult,,,,,,,,,,,
PreservedSpecimen,Insecta Coleoptera Elateridae Melanotus dichrous,ActNig,,1,mm,mean,,both,adult,,,,,,,,,,,
HumanObservation,Insecta Coleoptera Elateridae Melanotus dichrous,ActTwi,,0,mm,mean,,both,adult,,,,,,,,,,,
PreservedSpecimen,Insecta Coleoptera Elateridae Melanotus dichrous,DispersaLdisp,,Not Applicable,mm,mean,,both,adult,,,,,,,,,,,
PreservedSpecimen,Insecta Coleoptera Nitidulidae Gen. sp.,Stand. body size,,NA,mm,mean,,both,adult,,,,,,,,,,,
PreservedSpecimen,Insecta Coleoptera Nitidulidae Gen. sp.,FoodPl,,0,mm,mean,,both,adult,,,,,,,,,,,
HumanObservation,Insecta Coleoptera Nitidulidae Gen. sp.,FoodAni,Literature review and expert consultation based on species descriptions and ecological research.,0,mm,mean,,both,adult,,,,,,,,,,,
PreservedSpecimen,Insecta Coleoptera Nitidulidae Gen. sp.,FoodFg,Functional trait determination based on expert knowledge and literature review of species characteristics,0,mm,mean,,both,adult,,,,,,,,,,,
PreservedSpecimen,Insecta Coleoptera Nitidulidae Gen. sp.,FoodDet,Functional trait assignment based on literature review and expert identification of collected specimens,1,mm,mean,,both,adult,,,,,,,,,,,
PreservedSpecimen,Insecta Coleoptera Nitidulidae Gen. sp.,FoodCopro,Functional trait determination based on expert knowledge and literature review,0,mm,mean,,both,adult,,,,,,,,,,,
PreservedSpecimen,Insecta Coleoptera Nitidulidae Gen. sp.,IngestFood,Functional trait analysis based on taxonomic identification and literature review,Chewing and cutting,mm,mean,,both,adult,,,,,,,,,,,
HumanObservation,Insecta Coleoptera Nitidulidae Gen. sp.,ActDay,,1,mm,mean,,both,adult,,,,,,,,,,,
PreservedSpecimen,Insecta Coleoptera Nitidulidae Gen. sp.,ActNig,,0,mm,mean,,both,adult,,,,,,,,,,,
HumanObservation,Insecta Coleoptera Nitidulidae Gen. sp.,ActTwi,,0,mm,mean,,both,adult,,,,,,,,,,,
PreservedSpecimen,Insecta Coleoptera Nitidulidae Gen. sp.,DispersaLdisp,,Not Applicable,mm,mean,,both,adult,,,,,,,,,,,
PreservedSpecimen,Insecta Coleoptera Carabidae Notiophilus quadripunctatus,Stand. body size,,-0.2,mm,mean,,both,adult,,,,,,,,,,,
PreservedSpecimen,Insecta Coleoptera Carabidae Notiophilus quadripunctatus,FoodPl,,0,mm,mean,,both,adult,,,,,,,,,,,
HumanObservation,Insecta Coleoptera Carabidae Notiophilus quadripunctatus,FoodAni,Literature review and expert consultation based on species descriptions and ecological research.,1,mm,mean,,both,adult,,,,,,,,,,,
PreservedSpecimen,Insecta Coleoptera Carabidae Notiophilus quadripunctatus,FoodFg,Functional trait determination based on expert knowledge and literature review of species characteristics,0,mm,mean,,both,adult,,,,,,,,,,,
PreservedSpecimen,Insecta Coleoptera Carabidae Notiophilus quadripunctatus,FoodDet,Functional trait assignment based on literature review and expert identification of collected specimens,0,mm,mean,,both,adult,,,,,,,,,,,
PreservedSpecimen,Insecta Coleoptera Carabidae Notiophilus quadripunctatus,FoodCopro,Functional trait determination based on expert knowledge and literature review,0,mm,mean,,both,adult,,,,,,,,,,,
PreservedSpecimen,Insecta Coleoptera Carabidae Notiophilus quadripunctatus,IngestFood,Functional trait analysis based on taxonomic identification and literature review,Chewing and cutting,mm,mean,,both,adult,,,,,,,,,,,
HumanObservation,Insecta Coleoptera Carabidae Notiophilus quadripunctatus,ActDay,,1,mm,mean,,both,adult,,,,,,,,,,,
PreservedSpecimen,Insecta Coleoptera Carabidae Notiophilus quadripunctatus,ActNig,,0,mm,mean,,both,adult,,,,,,,,,,,
HumanObservation,Insecta Coleoptera Carabidae Notiophilus quadripunctatus,ActTwi,,0,mm,mean,,both,adult,,,,,,,,,,,
PreservedSpecimen,Insecta Coleoptera Carabidae Notiophilus quadripunctatus,DispersaLdisp,,Not Applicable,mm,mean,,both,adult,,,,,,,,,,,
PreservedSpecimen,Insecta Coleoptera Staphylinidae Ocypus olens,Stand. body size,,3.61,mm,mean,,both,adult,,,,,,,,,,,
PreservedSpecimen,Insecta Coleoptera Staphylinidae Ocypus olens,FoodPl,,0,mm,mean,,both,adult,,,,,,,,,,,
HumanObservation,Insecta Coleoptera Staphylinidae Ocypus olens,FoodAni,Literature review and expert consultation based on species descriptions and ecological research.,1,mm,mean,,both,adult,,,,,,,,,,,
PreservedSpecimen,Insecta Coleoptera Staphylinidae Ocypus olens,FoodFg,Functional trait determination based on expert knowledge and literature review of species characteristics,0,mm,mean,,both,adult,,,,,,,,,,,
PreservedSpecimen,Insecta Coleoptera Staphylinidae Ocypus olens,FoodDet,Functional trait assignment based on literature review and expert identification of collected specimens,0,mm,mean,,both,adult,,,,,,,,,,,
PreservedSpecimen,Insecta Coleoptera Staphylinidae Ocypus olens,FoodCopro,Functional trait determination based on expert knowledge and literature review,0,mm,mean,,both,adult,,,,,,,,,,,
PreservedSpecimen,Insecta Coleoptera Staphylinidae Ocypus olens,IngestFood,Functional trait analysis based on taxonomic identification and literature review,Chewing and cutting,mm,mean,,both,adult,,,,,,,,,,,
HumanObservation,Insecta Coleoptera Staphylinidae Ocypus olens,ActDay,,0,mm,mean,,both,adult,,,,,,,,,,,
PreservedSpecimen,Insecta Coleoptera Staphylinidae Ocypus olens,ActNig,,1,mm,mean,,both,adult,,,,,,,,,,,
HumanObservation,Insecta Coleoptera Staphylinidae Ocypus olens,ActTwi,,0,mm,mean,,both,adult,,,,,,,,,,,
PreservedSpecimen,Insecta Coleoptera Staphylinidae Ocypus olens,DispersaLdisp,,High dispersal ability,mm,mean,,both,adult,,,,,,,,,,,
PreservedSpecimen,Insecta Coleoptera Staphylinidae Oligota pumilio,Stand. body size,,-0.86,mm,mean,,both,adult,,,,,,,,,,,
PreservedSpecimen,Insecta Coleoptera Staphylinidae Oligota pumilio,FoodPl,,0,mm,mean,,both,adult,,,,,,,,,,,
HumanObservation,Insecta Coleoptera Staphylinidae Oligota pumilio,FoodAni,Literature review and expert consultation based on species descriptions and ecological research.,1,mm,mean,,both,adult,,,,,,,,,,,
PreservedSpecimen,Insecta Coleoptera Staphylinidae Oligota pumilio,FoodFg,Functional trait determination based on expert knowledge and literature review of species characteristics,0,mm,mean,,both,adult,,,,,,,,,,,
PreservedSpecimen,Insecta Coleoptera Staphylinidae Oligota pumilio,FoodDet,Functional trait assignment based on literature review and expert identification of collected specimens,0,mm,mean,,both,adult,,,,,,,,,,,
PreservedSpecimen,Insecta Coleoptera Staphylinidae Oligota pumilio,FoodCopro,Functional trait determination based on expert knowledge and literature review,0,mm,mean,,both,adult,,,,,,,,,,,
PreservedSpecimen,Insecta Coleoptera Staphylinidae Oligota pumilio,IngestFood,Functional trait analysis based on taxonomic identification and literature review,Chewing and cutting,mm,mean,,both,adult,,,,,,,,,,,
HumanObservation,Insecta Coleoptera Staphylinidae Oligota pumilio,ActDay,,0,mm,mean,,both,adult,,,,,,,,,,,
PreservedSpecimen,Insecta Coleoptera Staphylinidae Oligota pumilio,ActNig,,1,mm,mean,,both,adult,,,,,,,,,,,
HumanObservation,Insecta Coleoptera Staphylinidae Oligota pumilio,ActTwi,,0,mm,mean,,both,adult,,,,,,,,,,,
PreservedSpecimen,Insecta Coleoptera Staphylinidae Oligota pumilio,DispersaLdisp,,High dispersal ability,mm,mean,,both,adult,,,,,,,,,,,
PreservedSpecimen,Insecta Coleoptera Staphylinidae Oligota pusillima,Stand. body size,,-0.84,mm,mean,,both,adult,,,,,,,,,,,
PreservedSpecimen,Insecta Coleoptera Staphylinidae Oligota pusillima,FoodPl,,0,mm,mean,,both,adult,,,,,,,,,,,
HumanObservation,Insecta Coleoptera Staphylinidae Oligota pusillima,FoodAni,Literature review and expert consultation based on species descriptions and ecological research.,1,mm,mean,,both,adult,,,,,,,,,,,
PreservedSpecimen,Insecta Coleoptera Staphylinidae Oligota pusillima,FoodFg,Functional trait determination based on expert knowledge and literature review of species characteristics,0,mm,mean,,both,adult,,,,,,,,,,,
PreservedSpecimen,Insecta Coleoptera Staphylinidae Oligota pusillima,FoodDet,Functional trait assignment based on literature review and expert identification of collected specimens,0,mm,mean,,both,adult,,,,,,,,,,,
PreservedSpecimen,Insecta Coleoptera Staphylinidae Oligota pusillima,FoodCopro,Functional trait determination based on expert knowledge and literature review,0,mm,mean,,both,adult,,,,,,,,,,,
PreservedSpecimen,Insecta Coleoptera Staphylinidae Oligota pusillima,IngestFood,Functional trait analysis based on taxonomic identification and literature review,Chewing and cutting,mm,mean,,both,adult,,,,,,,,,,,
HumanObservation,Insecta Coleoptera Staphylinidae Oligota pusillima,ActDay,,0,mm,mean,,both,adult,,,,,,,,,,,
PreservedSpecimen,Insecta Coleoptera Staphylinidae Oligota pusillima,ActNig,,1,mm,mean,,both,adult,,,,,,,,,,,
HumanObservation,Insecta Coleoptera Staphylinidae Oligota pusillima,ActTwi,,0,mm,mean,,both,adult,,,,,,,,,,,
PreservedSpecimen,Insecta Coleoptera Staphylinidae Oligota pusillima,DispersaLdisp,,High dispersal ability,mm,mean,,both,adult,,,,,,,,,,,
PreservedSpecimen,Insecta Coleoptera Scarabaeidae Onthophagus taurus,Stand. body size,,0.71,mm,mean,,both,adult,,,,,,,,,,,
PreservedSpecimen,Insecta Coleoptera Scarabaeidae Onthophagus taurus,FoodPl,,0,mm,mean,,both,adult,,,,,,,,,,,
HumanObservation,Insecta Coleoptera Scarabaeidae Onthophagus taurus,FoodAni,Literature review and expert consultation based on species descriptions and ecological research.,0,mm,mean,,both,adult,,,,,,,,,,,
PreservedSpecimen,Insecta Coleoptera Scarabaeidae Onthophagus taurus,FoodFg,Functional trait determination based on expert knowledge and literature review of species characteristics,0,mm,mean,,both,adult,,,,,,,,,,,
PreservedSpecimen,Insecta Coleoptera Scarabaeidae Onthophagus taurus,FoodDet,Functional trait assignment based on literature review and expert identification of collected specimens,0,mm,mean,,both,adult,,,,,,,,,,,
PreservedSpecimen,Insecta Coleoptera Scarabaeidae Onthophagus taurus,FoodCopro,Functional trait determination based on expert knowledge and literature review,1,mm,mean,,both,adult,,,,,,,,,,,
PreservedSpecimen,Insecta Coleoptera Scarabaeidae Onthophagus taurus,IngestFood,Functional trait analysis based on taxonomic identification and literature review,Chewing and cutting,mm,mean,,both,adult,,,,,,,,,,,
HumanObservation,Insecta Coleoptera Scarabaeidae Onthophagus taurus,ActDay,,1,mm,mean,,both,adult,,,,,,,,,,,
PreservedSpecimen,Insecta Coleoptera Scarabaeidae Onthophagus taurus,ActNig,,1,mm,mean,,both,adult,,,,,,,,,,,
HumanObservation,Insecta Coleoptera Scarabaeidae Onthophagus taurus,ActTwi,,1,mm,mean,,both,adult,,,,,,,,,,,
PreservedSpecimen,Insecta Coleoptera Scarabaeidae Onthophagus taurus,DispersaLdisp,,High dispersal ability,mm,mean,,both,adult,,,,,,,,,,,
PreservedSpecimen,Insecta Coleoptera Scarabaeidae Onthophagus vacca,Stand. body size,,0.65,mm,mean,,both,adult,,,,,,,,,,,
PreservedSpecimen,Insecta Coleoptera Scarabaeidae Onthophagus vacca,FoodPl,,0,mm,mean,,both,adult,,,,,,,,,,,
HumanObservation,Insecta Coleoptera Scarabaeidae Onthophagus vacca,FoodAni,Literature review and expert consultation based on species descriptions and ecological research.,0,mm,mean,,both,adult,,,,,,,,,,,
PreservedSpecimen,Insecta Coleoptera Scarabaeidae Onthophagus vacca,FoodFg,Functional trait determination based on expert knowledge and literature review of species characteristics,0,mm,mean,,both,adult,,,,,,,,,,,
PreservedSpecimen,Insecta Coleoptera Scarabaeidae Onthophagus vacca,FoodDet,Functional trait assignment based on literature review and expert identification of collected specimens,0,mm,mean,,both,adult,,,,,,,,,,,
PreservedSpecimen,Insecta Coleoptera Scarabaeidae Onthophagus vacca,FoodCopro,Functional trait determination based on expert knowledge and literature review,1,mm,mean,,both,adult,,,,,,,,,,,
PreservedSpecimen,Insecta Coleoptera Scarabaeidae Onthophagus vacca,IngestFood,Functional trait analysis based on taxonomic identification and literature review,Chewing and cutting,mm,mean,,both,adult,,,,,,,,,,,
HumanObservation,Insecta Coleoptera Scarabaeidae Onthophagus vacca,ActDay,,1,mm,mean,,both,adult,,,,,,,,,,,
PreservedSpecimen,Insecta Coleoptera Scarabaeidae Onthophagus vacca,ActNig,,1,mm,mean,,both,adult,,,,,,,,,,,
HumanObservation,Insecta Coleoptera Scarabaeidae Onthophagus vacca,ActTwi,,1,mm,mean,,both,adult,,,,,,,,,,,
PreservedSpecimen,Insecta Coleoptera Scarabaeidae Onthophagus vacca,DispersaLdisp,,High dispersal ability,mm,mean,,both,adult,,,,,,,,,,,
PreservedSpecimen,Insecta Coleoptera Carabidae Ophonus ardosiacus,Stand. body size,,1.08,mm,mean,,both,adult,,,,,,,,,,,
PreservedSpecimen,Insecta Coleoptera Carabidae Ophonus ardosiacus,FoodPl,,1,mm,mean,,both,adult,,,,,,,,,,,
HumanObservation,Insecta Coleoptera Carabidae Ophonus ardosiacus,FoodAni,Literature review and expert consultation based on species descriptions and ecological research.,0,mm,mean,,both,adult,,,,,,,,,,,
PreservedSpecimen,Insecta Coleoptera Carabidae Ophonus ardosiacus,FoodFg,Functional trait determination based on expert knowledge and literature review of species characteristics,0,mm,mean,,both,adult,,,,,,,,,,,
PreservedSpecimen,Insecta Coleoptera Carabidae Ophonus ardosiacus,FoodDet,Functional trait assignment based on literature review and expert identification of collected specimens,0,mm,mean,,both,adult,,,,,,,,,,,
PreservedSpecimen,Insecta Coleoptera Carabidae Ophonus ardosiacus,FoodCopro,Functional trait determination based on expert knowledge and literature review,0,mm,mean,,both,adult,,,,,,,,,,,
PreservedSpecimen,Insecta Coleoptera Carabidae Ophonus ardosiacus,IngestFood,Functional trait analysis based on taxonomic identification and literature review,Chewing and cutting,mm,mean,,both,adult,,,,,,,,,,,
HumanObservation,Insecta Coleoptera Carabidae Ophonus ardosiacus,ActDay,,0,mm,mean,,both,adult,,,,,,,,,,,
PreservedSpecimen,Insecta Coleoptera Carabidae Ophonus ardosiacus,ActNig,,1,mm,mean,,both,adult,,,,,,,,,,,
HumanObservation,Insecta Coleoptera Carabidae Ophonus ardosiacus,ActTwi,,0,mm,mean,,both,adult,,,,,,,,,,,
PreservedSpecimen,Insecta Coleoptera Carabidae Ophonus ardosiacus,DispersaLdisp,,Not Applicable,mm,mean,,both,adult,,,,,,,,,,,
PreservedSpecimen,Insecta Coleoptera Curculionidae Orthochaetes insignis,Stand. body size,,-0.62,mm,mean,,both,adult,,,,,,,,,,,
PreservedSpecimen,Insecta Coleoptera Curculionidae Orthochaetes insignis,FoodPl,,1,mm,mean,,both,adult,,,,,,,,,,,
HumanObservation,Insecta Coleoptera Curculionidae Orthochaetes insignis,FoodAni,Literature review and expert consultation based on species descriptions and ecological research.,0,mm,mean,,both,adult,,,,,,,,,,,
PreservedSpecimen,Insecta Coleoptera Curculionidae Orthochaetes insignis,FoodFg,Functional trait determination based on expert knowledge and literature review of species characteristics,0,mm,mean,,both,adult,,,,,,,,,,,
PreservedSpecimen,Insecta Coleoptera Curculionidae Orthochaetes insignis,FoodDet,Functional trait assignment based on literature review and expert identification of collected specimens,0,mm,mean,,both,adult,,,,,,,,,,,
PreservedSpecimen,Insecta Coleoptera Curculionidae Orthochaetes insignis,FoodCopro,Functional trait determination based on expert knowledge and literature review,0,mm,mean,,both,adult,,,,,,,,,,,
PreservedSpecimen,Insecta Coleoptera Curculionidae Orthochaetes insignis,IngestFood,Functional trait analysis based on taxonomic identification and literature review,Chewing and cutting,mm,mean,,both,adult,,,,,,,,,,,
HumanObservation,Insecta Coleoptera Curculionidae Orthochaetes insignis,ActDay,,1,mm,mean,,both,adult,,,,,,,,,,,
PreservedSpecimen,Insecta Coleoptera Curculionidae Orthochaetes insignis,ActNig,,0,mm,mean,,both,adult,,,,,,,,,,,
HumanObservation,Insecta Coleoptera Curculionidae Orthochaetes insignis,ActTwi,,0,mm,mean,,both,adult,,,,,,,,,,,
PreservedSpecimen,Insecta Coleoptera Curculionidae Orthochaetes insignis,DispersaLdisp,,Not Applicable,mm,mean,,both,adult,,,,,,,,,,,
PreservedSpecimen,Insecta Coleoptera Staphylinidae Oxypoda sp.,Stand. body size,,NA,mm,mean,,both,adult,,,,,,,,,,,
PreservedSpecimen,Insecta Coleoptera Staphylinidae Oxypoda sp.,FoodPl,,0,mm,mean,,both,adult,,,,,,,,,,,
HumanObservation,Insecta Coleoptera Staphylinidae Oxypoda sp.,FoodAni,Literature review and expert consultation based on species descriptions and ecological research.,1,mm,mean,,both,adult,,,,,,,,,,,
PreservedSpecimen,Insecta Coleoptera Staphylinidae Oxypoda sp.,FoodFg,Functional trait determination based on expert knowledge and literature review of species characteristics,0,mm,mean,,both,adult,,,,,,,,,,,
PreservedSpecimen,Insecta Coleoptera Staphylinidae Oxypoda sp.,FoodDet,Functional trait assignment based on literature review and expert identification of collected specimens,0,mm,mean,,both,adult,,,,,,,,,,,
PreservedSpecimen,Insecta Coleoptera Staphylinidae Oxypoda sp.,FoodCopro,Functional trait determination based on expert knowledge and literature review,0,mm,mean,,both,adult,,,,,,,,,,,
PreservedSpecimen,Insecta Coleoptera Staphylinidae Oxypoda sp.,IngestFood,Functional trait analysis based on taxonomic identification and literature review,Chewing and cutting,mm,mean,,both,adult,,,,,,,,,,,
HumanObservation,Insecta Coleoptera Staphylinidae Oxypoda sp.,ActDay,,0,mm,mean,,both,adult,,,,,,,,,,,
PreservedSpecimen,Insecta Coleoptera Staphylinidae Oxypoda sp.,ActNig,,1,mm,mean,,both,adult,,,,,,,,,,,
HumanObservation,Insecta Coleoptera Staphylinidae Oxypoda sp.,ActTwi,,0,mm,mean,,both,adult,,,,,,,,,,,
PreservedSpecimen,Insecta Coleoptera Staphylinidae Oxypoda sp.,DispersaLdisp,,High dispersal ability,mm,mean,,both,adult,,,,,,,,,,,
PreservedSpecimen,Insecta Coleoptera Carabidae Paranchus albipes,Stand. body size,,0.82,mm,mean,,both,adult,,,,,,,,,,,
PreservedSpecimen,Insecta Coleoptera Carabidae Paranchus albipes,FoodPl,,0,mm,mean,,both,adult,,,,,,,,,,,
HumanObservation,Insecta Coleoptera Carabidae Paranchus albipes,FoodAni,Literature review and expert consultation based on species descriptions and ecological research.,1,mm,mean,,both,adult,,,,,,,,,,,
PreservedSpecimen,Insecta Coleoptera Carabidae Paranchus albipes,FoodFg,Functional trait determination based on expert knowledge and literature review of species characteristics,0,mm,mean,,both,adult,,,,,,,,,,,
PreservedSpecimen,Insecta Coleoptera Carabidae Paranchus albipes,FoodDet,Functional trait assignment based on literature review and expert identification of collected specimens,0,mm,mean,,both,adult,,,,,,,,,,,
PreservedSpecimen,Insecta Coleoptera Carabidae Paranchus albipes,FoodCopro,Functional trait determination based on expert knowledge and literature review,0,mm,mean,,both,adult,,,,,,,,,,,
PreservedSpecimen,Insecta Coleoptera Carabidae Paranchus albipes,IngestFood,Functional trait analysis based on taxonomic identification and literature review,Chewing and cutting,mm,mean,,both,adult,,,,,,,,,,,
HumanObservation,Insecta Coleoptera Carabidae Paranchus albipes,ActDay,,0,mm,mean,,both,adult,,,,,,,,,,,
PreservedSpecimen,Insecta Coleoptera Carabidae Paranchus albipes,ActNig,,1,mm,mean,,both,adult,,,,,,,,,,,
HumanObservation,Insecta Coleoptera Carabidae Paranchus albipes,ActTwi,,0,mm,mean,,both,adult,,,,,,,,,,,
PreservedSpecimen,Insecta Coleoptera Carabidae Paranchus albipes,DispersaLdisp,,High dispersal ability,mm,mean,,both,adult,,,,,,,,,,,
PreservedSpecimen,Insecta Coleoptera Phalacridae Gen. sp.,Stand. body size,,NA,mm,mean,,both,adult,,,,,,,,,,,
PreservedSpecimen,Insecta Coleoptera Phalacridae Gen. sp.,FoodPl,,1,mm,mean,,both,adult,,,,,,,,,,,
HumanObservation,Insecta Coleoptera Phalacridae Gen. sp.,FoodAni,Literature review and expert consultation based on species descriptions and ecological research.,0,mm,mean,,both,adult,,,,,,,,,,,
PreservedSpecimen,Insecta Coleoptera Phalacridae Gen. sp.,FoodFg,Functional trait determination based on expert knowledge and literature review of species characteristics,1,mm,mean,,both,adult,,,,,,,,,,,
PreservedSpecimen,Insecta Coleoptera Phalacridae Gen. sp.,FoodDet,Functional trait assignment based on literature review and expert identification of collected specimens,0,mm,mean,,both,adult,,,,,,,,,,,
PreservedSpecimen,Insecta Coleoptera Phalacridae Gen. sp.,FoodCopro,Functional trait determination based on expert knowledge and literature review,0,mm,mean,,both,adult,,,,,,,,,,,
PreservedSpecimen,Insecta Coleoptera Phalacridae Gen. sp.,IngestFood,Functional trait analysis based on taxonomic identification and literature review,Chewing and cutting,mm,mean,,both,adult,,,,,,,,,,,
HumanObservation,Insecta Coleoptera Phalacridae Gen. sp.,ActDay,,1,mm,mean,,both,adult,,,,,,,,,,,
PreservedSpecimen,Insecta Coleoptera Phalacridae Gen. sp.,ActNig,,0,mm,mean,,both,adult,,,,,,,,,,,
HumanObservation,Insecta Coleoptera Phalacridae Gen. sp.,ActTwi,,0,mm,mean,,both,adult,,,,,,,,,,,
PreservedSpecimen,Insecta Coleoptera Phalacridae Gen. sp.,DispersaLdisp,,Not Applicable,mm,mean,,both,adult,,,,,,,,,,,
PreservedSpecimen,Insecta Coleoptera Nitidulidae Phenolia limbata tibialis,Stand. body size,,0.42,mm,mean,,both,adult,,,,,,,,,,,
PreservedSpecimen,Insecta Coleoptera Nitidulidae Phenolia limbata tibialis,FoodPl,,1,mm,mean,,both,adult,,,,,,,,,,,
HumanObservation,Insecta Coleoptera Nitidulidae Phenolia limbata tibialis,FoodAni,Literature review and expert consultation based on species descriptions and ecological research.,0,mm,mean,,both,adult,,,,,,,,,,,
PreservedSpecimen,Insecta Coleoptera Nitidulidae Phenolia limbata tibialis,FoodFg,Functional trait determination based on expert knowledge and literature review of species characteristics,1,mm,mean,,both,adult,,,,,,,,,,,
PreservedSpecimen,Insecta Coleoptera Nitidulidae Phenolia limbata tibialis,FoodDet,Functional trait assignment based on literature review and expert identification of collected specimens,0,mm,mean,,both,adult,,,,,,,,,,,
PreservedSpecimen,Insecta Coleoptera Nitidulidae Phenolia limbata tibialis,FoodCopro,Functional trait determination based on expert knowledge and literature review,0,mm,mean,,both,adult,,,,,,,,,,,
PreservedSpecimen,Insecta Coleoptera Nitidulidae Phenolia limbata tibialis,IngestFood,Functional trait analysis based on taxonomic identification and literature review,Chewing and cutting,mm,mean,,both,adult,,,,,,,,,,,
HumanObservation,Insecta Coleoptera Nitidulidae Phenolia limbata tibialis,ActDay,,1,mm,mean,,both,adult,,,,,,,,,,,
PreservedSpecimen,Insecta Coleoptera Nitidulidae Phenolia limbata tibialis,ActNig,,0,mm,mean,,both,adult,,,,,,,,,,,
HumanObservation,Insecta Coleoptera Nitidulidae Phenolia limbata tibialis,ActTwi,,0,mm,mean,,both,adult,,,,,,,,,,,
PreservedSpecimen,Insecta Coleoptera Nitidulidae Phenolia limbata tibialis,DispersaLdisp,,High dispersal ability,mm,mean,,both,adult,,,,,,,,,,,
PreservedSpecimen,Insecta Coleoptera Staphylinidae Philonthus longicornis,Stand. body size,,0.13,mm,mean,,both,adult,,,,,,,,,,,
PreservedSpecimen,Insecta Coleoptera Staphylinidae Philonthus longicornis,FoodPl,,0,mm,mean,,both,adult,,,,,,,,,,,
HumanObservation,Insecta Coleoptera Staphylinidae Philonthus longicornis,FoodAni,Literature review and expert consultation based on species descriptions and ecological research.,1,mm,mean,,both,adult,,,,,,,,,,,
PreservedSpecimen,Insecta Coleoptera Staphylinidae Philonthus longicornis,FoodFg,Functional trait determination based on expert knowledge and literature review of species characteristics,0,mm,mean,,both,adult,,,,,,,,,,,
PreservedSpecimen,Insecta Coleoptera Staphylinidae Philonthus longicornis,FoodDet,Functional trait assignment based on literature review and expert identification of collected specimens,0,mm,mean,,both,adult,,,,,,,,,,,
PreservedSpecimen,Insecta Coleoptera Staphylinidae Philonthus longicornis,FoodCopro,Functional trait determination based on expert knowledge and literature review,0,mm,mean,,both,adult,,,,,,,,,,,
PreservedSpecimen,Insecta Coleoptera Staphylinidae Philonthus longicornis,IngestFood,Functional trait analysis based on taxonomic identification and literature review,Chewing and cutting,mm,mean,,both,adult,,,,,,,,,,,
HumanObservation,Insecta Coleoptera Staphylinidae Philonthus longicornis,ActDay,,0,mm,mean,,both,adult,,,,,,,,,,,
PreservedSpecimen,Insecta Coleoptera Staphylinidae Philonthus longicornis,ActNig,,1,mm,mean,,both,adult,,,,,,,,,,,
HumanObservation,Insecta Coleoptera Staphylinidae Philonthus longicornis,ActTwi,,0,mm,mean,,both,adult,,,,,,,,,,,
PreservedSpecimen,Insecta Coleoptera Staphylinidae Philonthus longicornis,DispersaLdisp,,High dispersal ability,mm,mean,,both,adult,,,,,,,,,,,
PreservedSpecimen,Insecta Coleoptera Staphylinidae Philonthus quisquiliarius,Stand. body size,,0.44,mm,mean,,both,adult,,,,,,,,,,,
PreservedSpecimen,Insecta Coleoptera Staphylinidae Philonthus quisquiliarius,FoodPl,,0,mm,mean,,both,adult,,,,,,,,,,,
HumanObservation,Insecta Coleoptera Staphylinidae Philonthus quisquiliarius,FoodAni,Literature review and expert consultation based on species descriptions and ecological research.,1,mm,mean,,both,adult,,,,,,,,,,,
PreservedSpecimen,Insecta Coleoptera Staphylinidae Philonthus quisquiliarius,FoodFg,Functional trait determination based on expert knowledge and literature review of species characteristics,0,mm,mean,,both,adult,,,,,,,,,,,
PreservedSpecimen,Insecta Coleoptera Staphylinidae Philonthus quisquiliarius,FoodDet,Functional trait assignment based on literature review and expert identification of collected specimens,0,mm,mean,,both,adult,,,,,,,,,,,
PreservedSpecimen,Insecta Coleoptera Staphylinidae Philonthus quisquiliarius,FoodCopro,Functional trait determination based on expert knowledge and literature review,0,mm,mean,,both,adult,,,,,,,,,,,
PreservedSpecimen,Insecta Coleoptera Staphylinidae Philonthus quisquiliarius,IngestFood,Functional trait analysis based on taxonomic identification and literature review,Chewing and cutting,mm,mean,,both,adult,,,,,,,,,,,
HumanObservation,Insecta Coleoptera Staphylinidae Philonthus quisquiliarius,ActDay,,0,mm,mean,,both,adult,,,,,,,,,,,
PreservedSpecimen,Insecta Coleoptera Staphylinidae Philonthus quisquiliarius,ActNig,,1,mm,mean,,both,adult,,,,,,,,,,,
HumanObservation,Insecta Coleoptera Staphylinidae Philonthus quisquiliarius,ActTwi,,0,mm,mean,,both,adult,,,,,,,,,,,
PreservedSpecimen,Insecta Coleoptera Staphylinidae Philonthus quisquiliarius,DispersaLdisp,,High dispersal ability,mm,mean,,both,adult,,,,,,,,,,,
PreservedSpecimen,Insecta Coleoptera Carabidae Pseudoophonus rufipes,Stand. body size,,1.58,mm,mean,,both,adult,,,,,,,,,,,
PreservedSpecimen,Insecta Coleoptera Carabidae Pseudoophonus rufipes,FoodPl,,1,mm,mean,,both,adult,,,,,,,,,,,
HumanObservation,Insecta Coleoptera Carabidae Pseudoophonus rufipes,FoodAni,Literature review and expert consultation based on species descriptions and ecological research.,1,mm,mean,,both,adult,,,,,,,,,,,
PreservedSpecimen,Insecta Coleoptera Carabidae Pseudoophonus rufipes,FoodFg,Functional trait determination based on expert knowledge and literature review of species characteristics,0,mm,mean,,both,adult,,,,,,,,,,,
PreservedSpecimen,Insecta Coleoptera Carabidae Pseudoophonus rufipes,FoodDet,Functional trait assignment based on literature review and expert identification of collected specimens,0,mm,mean,,both,adult,,,,,,,,,,,
PreservedSpecimen,Insecta Coleoptera Carabidae Pseudoophonus rufipes,FoodCopro,Functional trait determination based on expert knowledge and literature review,0,mm,mean,,both,adult,,,,,,,,,,,
PreservedSpecimen,Insecta Coleoptera Carabidae Pseudoophonus rufipes,IngestFood,Functional trait analysis based on taxonomic identification and literature review,Chewing and cutting,mm,mean,,both,adult,,,,,,,,,,,
HumanObservation,Insecta Coleoptera Carabidae Pseudoophonus rufipes,ActDay,,0,mm,mean,,both,adult,,,,,,,,,,,
PreservedSpecimen,Insecta Coleoptera Carabidae Pseudoophonus rufipes,ActNig,,1,mm,mean,,both,adult,,,,,,,,,,,
HumanObservation,Insecta Coleoptera Carabidae Pseudoophonus rufipes,ActTwi,,0,mm,mean,,both,adult,,,,,,,,,,,
PreservedSpecimen,Insecta Coleoptera Carabidae Pseudoophonus rufipes,DispersaLdisp,,High dispersal ability,mm,mean,,both,adult,,,,,,,,,,,
PreservedSpecimen,Insecta Coleoptera Staphylinidae Pseudoplectus perplexus,Stand. body size,,1.92,mm,mean,,both,adult,,,,,,,,,,,
PreservedSpecimen,Insecta Coleoptera Staphylinidae Pseudoplectus perplexus,FoodPl,,0,mm,mean,,both,adult,,,,,,,,,,,
HumanObservation,Insecta Coleoptera Staphylinidae Pseudoplectus perplexus,FoodAni,Literature review and expert consultation based on species descriptions and ecological research.,1,mm,mean,,both,adult,,,,,,,,,,,
PreservedSpecimen,Insecta Coleoptera Staphylinidae Pseudoplectus perplexus,FoodFg,Functional trait determination based on expert knowledge and literature review of species characteristics,0,mm,mean,,both,adult,,,,,,,,,,,
PreservedSpecimen,Insecta Coleoptera Staphylinidae Pseudoplectus perplexus,FoodDet,Functional trait assignment based on literature review and expert identification of collected specimens,0,mm,mean,,both,adult,,,,,,,,,,,
PreservedSpecimen,Insecta Coleoptera Staphylinidae Pseudoplectus perplexus,FoodCopro,Functional trait determination based on expert knowledge and literature review,0,mm,mean,,both,adult,,,,,,,,,,,
PreservedSpecimen,Insecta Coleoptera Staphylinidae Pseudoplectus perplexus,IngestFood,Functional trait analysis based on taxonomic identification and literature review,Chewing and cutting,mm,mean,,both,adult,,,,,,,,,,,
HumanObservation,Insecta Coleoptera Staphylinidae Pseudoplectus perplexus,ActDay,,0,mm,mean,,both,adult,,,,,,,,,,,
PreservedSpecimen,Insecta Coleoptera Staphylinidae Pseudoplectus perplexus,ActNig,,1,mm,mean,,both,adult,,,,,,,,,,,
HumanObservation,Insecta Coleoptera Staphylinidae Pseudoplectus perplexus,ActTwi,,0,mm,mean,,both,adult,,,,,,,,,,,
PreservedSpecimen,Insecta Coleoptera Staphylinidae Pseudoplectus perplexus,DispersaLdisp,,High dispersal ability,mm,mean,,both,adult,,,,,,,,,,,
PreservedSpecimen,Insecta Coleoptera Ptiliidae Ptenidium pusillum,Stand. body size,,-0.9,mm,mean,,both,adult,,,,,,,,,,,
PreservedSpecimen,Insecta Coleoptera Ptiliidae Ptenidium pusillum,FoodPl,,0,mm,mean,,both,adult,,,,,,,,,,,
HumanObservation,Insecta Coleoptera Ptiliidae Ptenidium pusillum,FoodAni,Literature review and expert consultation based on species descriptions and ecological research.,0,mm,mean,,both,adult,,,,,,,,,,,
PreservedSpecimen,Insecta Coleoptera Ptiliidae Ptenidium pusillum,FoodFg,Functional trait determination based on expert knowledge and literature review of species characteristics,1,mm,mean,,both,adult,,,,,,,,,,,
PreservedSpecimen,Insecta Coleoptera Ptiliidae Ptenidium pusillum,FoodDet,Functional trait assignment based on literature review and expert identification of collected specimens,0,mm,mean,,both,adult,,,,,,,,,,,
PreservedSpecimen,Insecta Coleoptera Ptiliidae Ptenidium pusillum,FoodCopro,Functional trait determination based on expert knowledge and literature review,0,mm,mean,,both,adult,,,,,,,,,,,
PreservedSpecimen,Insecta Coleoptera Ptiliidae Ptenidium pusillum,IngestFood,Functional trait analysis based on taxonomic identification and literature review,Chewing and cutting,mm,mean,,both,adult,,,,,,,,,,,
HumanObservation,Insecta Coleoptera Ptiliidae Ptenidium pusillum,ActDay,,1,mm,mean,,both,adult,,,,,,,,,,,
PreservedSpecimen,Insecta Coleoptera Ptiliidae Ptenidium pusillum,ActNig,,1,mm,mean,,both,adult,,,,,,,,,,,
HumanObservation,Insecta Coleoptera Ptiliidae Ptenidium pusillum,ActTwi,,1,mm,mean,,both,adult,,,,,,,,,,,
PreservedSpecimen,Insecta Coleoptera Ptiliidae Ptenidium pusillum,DispersaLdisp,,High dispersal ability,mm,mean,,both,adult,,,,,,,,,,,
PreservedSpecimen,Insecta Coleoptera Carabidae Pterostichus vernalis,Stand. body size,,0.3,mm,mean,,both,adult,,,,,,,,,,,
PreservedSpecimen,Insecta Coleoptera Carabidae Pterostichus vernalis,FoodPl,,0,mm,mean,,both,adult,,,,,,,,,,,
HumanObservation,Insecta Coleoptera Carabidae Pterostichus vernalis,FoodAni,Literature review and expert consultation based on species descriptions and ecological research.,1,mm,mean,,both,adult,,,,,,,,,,,
PreservedSpecimen,Insecta Coleoptera Carabidae Pterostichus vernalis,FoodFg,Functional trait determination based on expert knowledge and literature review of species characteristics,0,mm,mean,,both,adult,,,,,,,,,,,
PreservedSpecimen,Insecta Coleoptera Carabidae Pterostichus vernalis,FoodDet,Functional trait assignment based on literature review and expert identification of collected specimens,0,mm,mean,,both,adult,,,,,,,,,,,
PreservedSpecimen,Insecta Coleoptera Carabidae Pterostichus vernalis,FoodCopro,Functional trait determination based on expert knowledge and literature review,0,mm,mean,,both,adult,,,,,,,,,,,
PreservedSpecimen,Insecta Coleoptera Carabidae Pterostichus vernalis,IngestFood,Functional trait analysis based on taxonomic identification and literature review,Chewing and cutting,mm,mean,,both,adult,,,,,,,,,,,
HumanObservation,Insecta Coleoptera Carabidae Pterostichus vernalis,ActDay,,0,mm,mean,,both,adult,,,,,,,,,,,
PreservedSpecimen,Insecta Coleoptera Carabidae Pterostichus vernalis,ActNig,,1,mm,mean,,both,adult,,,,,,,,,,,
HumanObservation,Insecta Coleoptera Carabidae Pterostichus vernalis,ActTwi,,0,mm,mean,,both,adult,,,,,,,,,,,
PreservedSpecimen,Insecta Coleoptera Carabidae Pterostichus vernalis,DispersaLdisp,,High dispersal ability,mm,mean,,both,adult,,,,,,,,,,,
PreservedSpecimen,Insecta Coleoptera Staphylinidae Quedius simplicifrons,Stand. body size,,-0.49,mm,mean,,both,adult,,,,,,,,,,,
PreservedSpecimen,Insecta Coleoptera Staphylinidae Quedius simplicifrons,FoodPl,,0,mm,mean,,both,adult,,,,,,,,,,,
HumanObservation,Insecta Coleoptera Staphylinidae Quedius simplicifrons,FoodAni,Literature review and expert consultation based on species descriptions and ecological research.,1,mm,mean,,both,adult,,,,,,,,,,,
PreservedSpecimen,Insecta Coleoptera Staphylinidae Quedius simplicifrons,FoodFg,Functional trait determination based on expert knowledge and literature review of species characteristics,0,mm,mean,,both,adult,,,,,,,,,,,
PreservedSpecimen,Insecta Coleoptera Staphylinidae Quedius simplicifrons,FoodDet,Functional trait assignment based on literature review and expert identification of collected specimens,0,mm,mean,,both,adult,,,,,,,,,,,
PreservedSpecimen,Insecta Coleoptera Staphylinidae Quedius simplicifrons,FoodCopro,Functional trait determination based on expert knowledge and literature review,0,mm,mean,,both,adult,,,,,,,,,,,
PreservedSpecimen,Insecta Coleoptera Staphylinidae Quedius simplicifrons,IngestFood,Functional trait analysis based on taxonomic identification and literature review,Chewing and cutting,mm,mean,,both,adult,,,,,,,,,,,
HumanObservation,Insecta Coleoptera Staphylinidae Quedius simplicifrons,ActDay,,0,mm,mean,,both,adult,,,,,,,,,,,
PreservedSpecimen,Insecta Coleoptera Staphylinidae Quedius simplicifrons,ActNig,,1,mm,mean,,both,adult,,,,,,,,,,,
HumanObservation,Insecta Coleoptera Staphylinidae Quedius simplicifrons,ActTwi,,0,mm,mean,,both,adult,,,,,,,,,,,
PreservedSpecimen,Insecta Coleoptera Staphylinidae Quedius simplicifrons,DispersaLdisp,,High dispersal ability,mm,mean,,both,adult,,,,,,,,,,,
PreservedSpecimen,Insecta Coleoptera Coccinellidae Rhyzobius lophanthae,Stand. body size,,-0.54,mm,mean,,both,adult,,,,,,,,,,,
PreservedSpecimen,Insecta Coleoptera Coccinellidae Rhyzobius lophanthae,FoodPl,,0,mm,mean,,both,adult,,,,,,,,,,,
HumanObservation,Insecta Coleoptera Coccinellidae Rhyzobius lophanthae,FoodAni,Literature review and expert consultation based on species descriptions and ecological research.,1,mm,mean,,both,adult,,,,,,,,,,,
PreservedSpecimen,Insecta Coleoptera Coccinellidae Rhyzobius lophanthae,FoodFg,Functional trait determination based on expert knowledge and literature review of species characteristics,0,mm,mean,,both,adult,,,,,,,,,,,
PreservedSpecimen,Insecta Coleoptera Coccinellidae Rhyzobius lophanthae,FoodDet,Functional trait assignment based on literature review and expert identification of collected specimens,0,mm,mean,,both,adult,,,,,,,,,,,
PreservedSpecimen,Insecta Coleoptera Coccinellidae Rhyzobius lophanthae,FoodCopro,Functional trait determination based on expert knowledge and literature review,0,mm,mean,,both,adult,,,,,,,,,,,
PreservedSpecimen,Insecta Coleoptera Coccinellidae Rhyzobius lophanthae,IngestFood,Functional trait analysis based on taxonomic identification and literature review,Chewing and cutting,mm,mean,,both,adult,,,,,,,,,,,
HumanObservation,Insecta Coleoptera Coccinellidae Rhyzobius lophanthae,ActDay,,1,mm,mean,,both,adult,,,,,,,,,,,
PreservedSpecimen,Insecta Coleoptera Coccinellidae Rhyzobius lophanthae,ActNig,,0,mm,mean,,both,adult,,,,,,,,,,,
HumanObservation,Insecta Coleoptera Coccinellidae Rhyzobius lophanthae,ActTwi,,0,mm,mean,,both,adult,,,,,,,,,,,
PreservedSpecimen,Insecta Coleoptera Coccinellidae Rhyzobius lophanthae,DispersaLdisp,,Not Applicable,mm,mean,,both,adult,,,,,,,,,,,
PreservedSpecimen,Insecta Coleoptera Staphylinidae Rugilus orbiculatus,Stand. body size,,-0.31,mm,mean,,both,adult,,,,,,,,,,,
PreservedSpecimen,Insecta Coleoptera Staphylinidae Rugilus orbiculatus,FoodPl,,0,mm,mean,,both,adult,,,,,,,,,,,
HumanObservation,Insecta Coleoptera Staphylinidae Rugilus orbiculatus,FoodAni,Literature review and expert consultation based on species descriptions and ecological research.,1,mm,mean,,both,adult,,,,,,,,,,,
PreservedSpecimen,Insecta Coleoptera Staphylinidae Rugilus orbiculatus,FoodFg,Functional trait determination based on expert knowledge and literature review of species characteristics,0,mm,mean,,both,adult,,,,,,,,,,,
PreservedSpecimen,Insecta Coleoptera Staphylinidae Rugilus orbiculatus,FoodDet,Functional trait assignment based on literature review and expert identification of collected specimens,0,mm,mean,,both,adult,,,,,,,,,,,
PreservedSpecimen,Insecta Coleoptera Staphylinidae Rugilus orbiculatus,FoodCopro,Functional trait determination based on expert knowledge and literature review,0,mm,mean,,both,adult,,,,,,,,,,,
PreservedSpecimen,Insecta Coleoptera Staphylinidae Rugilus orbiculatus,IngestFood,Functional trait analysis based on taxonomic identification and literature review,Chewing and cutting,mm,mean,,both,adult,,,,,,,,,,,
HumanObservation,Insecta Coleoptera Staphylinidae Rugilus orbiculatus,ActDay,,0,mm,mean,,both,adult,,,,,,,,,,,
PreservedSpecimen,Insecta Coleoptera Staphylinidae Rugilus orbiculatus,ActNig,,1,mm,mean,,both,adult,,,,,,,,,,,
HumanObservation,Insecta Coleoptera Staphylinidae Rugilus orbiculatus,ActTwi,,0,mm,mean,,both,adult,,,,,,,,,,,
PreservedSpecimen,Insecta Coleoptera Staphylinidae Rugilus orbiculatus,DispersaLdisp,,High dispersal ability,mm,mean,,both,adult,,,,,,,,,,,
PreservedSpecimen,Insecta Coleoptera Scarabaeidae Gen. sp.,Stand. body size,,NA,mm,mean,,both,adult,,,,,,,,,,,
PreservedSpecimen,Insecta Coleoptera Scarabaeidae Gen. sp.,FoodPl,,0,mm,mean,,both,adult,,,,,,,,,,,
HumanObservation,Insecta Coleoptera Scarabaeidae Gen. sp.,FoodAni,Literature review and expert consultation based on species descriptions and ecological research.,0,mm,mean,,both,adult,,,,,,,,,,,
PreservedSpecimen,Insecta Coleoptera Scarabaeidae Gen. sp.,FoodFg,Functional trait determination based on expert knowledge and literature review of species characteristics,0,mm,mean,,both,adult,,,,,,,,,,,
PreservedSpecimen,Insecta Coleoptera Scarabaeidae Gen. sp.,FoodDet,Functional trait assignment based on literature review and expert identification of collected specimens,1,mm,mean,,both,adult,,,,,,,,,,,
PreservedSpecimen,Insecta Coleoptera Scarabaeidae Gen. sp.,FoodCopro,Functional trait determination based on expert knowledge and literature review,0,mm,mean,,both,adult,,,,,,,,,,,
PreservedSpecimen,Insecta Coleoptera Scarabaeidae Gen. sp.,IngestFood,Functional trait analysis based on taxonomic identification and literature review,Chewing and cutting,mm,mean,,both,adult,,,,,,,,,,,
HumanObservation,Insecta Coleoptera Scarabaeidae Gen. sp.,ActDay,,1,mm,mean,,both,adult,,,,,,,,,,,
PreservedSpecimen,Insecta Coleoptera Scarabaeidae Gen. sp.,ActNig,,0,mm,mean,,both,adult,,,,,,,,,,,
HumanObservation,Insecta Coleoptera Scarabaeidae Gen. sp.,ActTwi,,0,mm,mean,,both,adult,,,,,,,,,,,
PreservedSpecimen,Insecta Coleoptera Scarabaeidae Gen. sp.,DispersaLdisp,,Not Applicable,mm,mean,,both,adult,,,,,,,,,,,
PreservedSpecimen,Insecta Coleoptera Scarabaeidae Gen. sp.,Stand. body size,,NA,mm,mean,,both,adult,,,,,,,,,,,
PreservedSpecimen,Insecta Coleoptera Scarabaeidae Gen. sp.,FoodPl,,0,mm,mean,,both,adult,,,,,,,,,,,
HumanObservation,Insecta Coleoptera Scarabaeidae Gen. sp.,FoodAni,Literature review and expert consultation based on species descriptions and ecological research.,0,mm,mean,,both,adult,,,,,,,,,,,
PreservedSpecimen,Insecta Coleoptera Scarabaeidae Gen. sp.,FoodFg,Functional trait determination based on expert knowledge and literature review of species characteristics,0,mm,mean,,both,adult,,,,,,,,,,,
PreservedSpecimen,Insecta Coleoptera Scarabaeidae Gen. sp.,FoodDet,Functional trait assignment based on literature review and expert identification of collected specimens,1,mm,mean,,both,adult,,,,,,,,,,,
PreservedSpecimen,Insecta Coleoptera Scarabaeidae Gen. sp.,FoodCopro,Functional trait determination based on expert knowledge and literature review,0,mm,mean,,both,adult,,,,,,,,,,,
PreservedSpecimen,Insecta Coleoptera Scarabaeidae Gen. sp.,IngestFood,Functional trait analysis based on taxonomic identification and literature review,Chewing and cutting,mm,mean,,both,adult,,,,,,,,,,,
HumanObservation,Insecta Coleoptera Scarabaeidae Gen. sp.,ActDay,,1,mm,mean,,both,adult,,,,,,,,,,,
PreservedSpecimen,Insecta Coleoptera Scarabaeidae Gen. sp.,ActNig,,0,mm,mean,,both,adult,,,,,,,,,,,
HumanObservation,Insecta Coleoptera Scarabaeidae Gen. sp.,ActTwi,,0,mm,mean,,both,adult,,,,,,,,,,,
PreservedSpecimen,Insecta Coleoptera Scarabaeidae Gen. sp.,DispersaLdisp,,Not Applicable,mm,mean,,both,adult,,,,,,,,,,,
PreservedSpecimen,Insecta Coleoptera Coccinellidae Scymnus interruptus,Stand. body size,,-0.68,mm,mean,,both,adult,,,,,,,,,,,
PreservedSpecimen,Insecta Coleoptera Coccinellidae Scymnus interruptus,FoodPl,,0,mm,mean,,both,adult,,,,,,,,,,,
HumanObservation,Insecta Coleoptera Coccinellidae Scymnus interruptus,FoodAni,Literature review and expert consultation based on species descriptions and ecological research.,1,mm,mean,,both,adult,,,,,,,,,,,
PreservedSpecimen,Insecta Coleoptera Coccinellidae Scymnus interruptus,FoodFg,Functional trait determination based on expert knowledge and literature review of species characteristics,0,mm,mean,,both,adult,,,,,,,,,,,
PreservedSpecimen,Insecta Coleoptera Coccinellidae Scymnus interruptus,FoodDet,Functional trait assignment based on literature review and expert identification of collected specimens,0,mm,mean,,both,adult,,,,,,,,,,,
PreservedSpecimen,Insecta Coleoptera Coccinellidae Scymnus interruptus,FoodCopro,Functional trait determination based on expert knowledge and literature review,0,mm,mean,,both,adult,,,,,,,,,,,
PreservedSpecimen,Insecta Coleoptera Coccinellidae Scymnus interruptus,IngestFood,Functional trait analysis based on taxonomic identification and literature review,Chewing and cutting,mm,mean,,both,adult,,,,,,,,,,,
HumanObservation,Insecta Coleoptera Coccinellidae Scymnus interruptus,ActDay,,1,mm,mean,,both,adult,,,,,,,,,,,
PreservedSpecimen,Insecta Coleoptera Coccinellidae Scymnus interruptus,ActNig,,0,mm,mean,,both,adult,,,,,,,,,,,
HumanObservation,Insecta Coleoptera Coccinellidae Scymnus interruptus,ActTwi,,0,mm,mean,,both,adult,,,,,,,,,,,
PreservedSpecimen,Insecta Coleoptera Coccinellidae Scymnus interruptus,DispersaLdisp,,High dispersal ability,mm,mean,,both,adult,,,,,,,,,,,
PreservedSpecimen,Insecta Coleoptera Coccinellidae Scymnus nubilus,Stand. body size,,-0.68,mm,mean,,both,adult,,,,,,,,,,,
PreservedSpecimen,Insecta Coleoptera Coccinellidae Scymnus nubilus,FoodPl,,0,mm,mean,,both,adult,,,,,,,,,,,
HumanObservation,Insecta Coleoptera Coccinellidae Scymnus nubilus,FoodAni,Literature review and expert consultation based on species descriptions and ecological research.,1,mm,mean,,both,adult,,,,,,,,,,,
PreservedSpecimen,Insecta Coleoptera Coccinellidae Scymnus nubilus,FoodFg,Functional trait determination based on expert knowledge and literature review of species characteristics,0,mm,mean,,both,adult,,,,,,,,,,,
PreservedSpecimen,Insecta Coleoptera Coccinellidae Scymnus nubilus,FoodDet,Functional trait assignment based on literature review and expert identification of collected specimens,0,mm,mean,,both,adult,,,,,,,,,,,
PreservedSpecimen,Insecta Coleoptera Coccinellidae Scymnus nubilus,FoodCopro,Functional trait determination based on expert knowledge and literature review,0,mm,mean,,both,adult,,,,,,,,,,,
PreservedSpecimen,Insecta Coleoptera Coccinellidae Scymnus nubilus,IngestFood,Functional trait analysis based on taxonomic identification and literature review,Chewing and cutting,mm,mean,,both,adult,,,,,,,,,,,
HumanObservation,Insecta Coleoptera Coccinellidae Scymnus nubilus,ActDay,,1,mm,mean,,both,adult,,,,,,,,,,,
PreservedSpecimen,Insecta Coleoptera Coccinellidae Scymnus nubilus,ActNig,,0,mm,mean,,both,adult,,,,,,,,,,,
HumanObservation,Insecta Coleoptera Coccinellidae Scymnus nubilus,ActTwi,,0,mm,mean,,both,adult,,,,,,,,,,,
PreservedSpecimen,Insecta Coleoptera Coccinellidae Scymnus nubilus,DispersaLdisp,,High dispersal ability,mm,mean,,both,adult,,,,,,,,,,,
PreservedSpecimen,Insecta Coleoptera Staphylinidae Sepedophilus lusitanicus,Stand. body size,,0.09,mm,mean,,both,adult,,,,,,,,,,,
PreservedSpecimen,Insecta Coleoptera Staphylinidae Sepedophilus lusitanicus,FoodPl,,0,mm,mean,,both,adult,,,,,,,,,,,
HumanObservation,Insecta Coleoptera Staphylinidae Sepedophilus lusitanicus,FoodAni,Literature review and expert consultation based on species descriptions and ecological research.,1,mm,mean,,both,adult,,,,,,,,,,,
PreservedSpecimen,Insecta Coleoptera Staphylinidae Sepedophilus lusitanicus,FoodFg,Functional trait determination based on expert knowledge and literature review of species characteristics,1,mm,mean,,both,adult,,,,,,,,,,,
PreservedSpecimen,Insecta Coleoptera Staphylinidae Sepedophilus lusitanicus,FoodDet,Functional trait assignment based on literature review and expert identification of collected specimens,0,mm,mean,,both,adult,,,,,,,,,,,
PreservedSpecimen,Insecta Coleoptera Staphylinidae Sepedophilus lusitanicus,FoodCopro,Functional trait determination based on expert knowledge and literature review,0,mm,mean,,both,adult,,,,,,,,,,,
PreservedSpecimen,Insecta Coleoptera Staphylinidae Sepedophilus lusitanicus,IngestFood,Functional trait analysis based on taxonomic identification and literature review,Chewing and cutting,mm,mean,,both,adult,,,,,,,,,,,
HumanObservation,Insecta Coleoptera Staphylinidae Sepedophilus lusitanicus,ActDay,,0,mm,mean,,both,adult,,,,,,,,,,,
PreservedSpecimen,Insecta Coleoptera Staphylinidae Sepedophilus lusitanicus,ActNig,,1,mm,mean,,both,adult,,,,,,,,,,,
HumanObservation,Insecta Coleoptera Staphylinidae Sepedophilus lusitanicus,ActTwi,,0,mm,mean,,both,adult,,,,,,,,,,,
PreservedSpecimen,Insecta Coleoptera Staphylinidae Sepedophilus lusitanicus,DispersaLdisp,,High dispersal ability,mm,mean,,both,adult,,,,,,,,,,,
PreservedSpecimen,Insecta Coleoptera Corylophidae Sericoderus lateralis,Stand. body size,,-1,mm,mean,,both,adult,,,,,,,,,,,
PreservedSpecimen,Insecta Coleoptera Corylophidae Sericoderus lateralis,FoodPl,,0,mm,mean,,both,adult,,,,,,,,,,,
HumanObservation,Insecta Coleoptera Corylophidae Sericoderus lateralis,FoodAni,Literature review and expert consultation based on species descriptions and ecological research.,0,mm,mean,,both,adult,,,,,,,,,,,
PreservedSpecimen,Insecta Coleoptera Corylophidae Sericoderus lateralis,FoodFg,Functional trait determination based on expert knowledge and literature review of species characteristics,1,mm,mean,,both,adult,,,,,,,,,,,
PreservedSpecimen,Insecta Coleoptera Corylophidae Sericoderus lateralis,FoodDet,Functional trait assignment based on literature review and expert identification of collected specimens,0,mm,mean,,both,adult,,,,,,,,,,,
PreservedSpecimen,Insecta Coleoptera Corylophidae Sericoderus lateralis,FoodCopro,Functional trait determination based on expert knowledge and literature review,0,mm,mean,,both,adult,,,,,,,,,,,
PreservedSpecimen,Insecta Coleoptera Corylophidae Sericoderus lateralis,IngestFood,Functional trait analysis based on taxonomic identification and literature review,Chewing and cutting,mm,mean,,both,adult,,,,,,,,,,,
HumanObservation,Insecta Coleoptera Corylophidae Sericoderus lateralis,ActDay,,1,mm,mean,,both,adult,,,,,,,,,,,
PreservedSpecimen,Insecta Coleoptera Corylophidae Sericoderus lateralis,ActNig,,0,mm,mean,,both,adult,,,,,,,,,,,
HumanObservation,Insecta Coleoptera Corylophidae Sericoderus lateralis,ActTwi,,0,mm,mean,,both,adult,,,,,,,,,,,
PreservedSpecimen,Insecta Coleoptera Corylophidae Sericoderus lateralis,DispersaLdisp,,High dispersal ability,mm,mean,,both,adult,,,,,,,,,,,
PreservedSpecimen,Insecta Coleoptera Curculionidae Sitona discoideus,Stand. body size,,-0.11,mm,mean,,both,adult,,,,,,,,,,,
PreservedSpecimen,Insecta Coleoptera Curculionidae Sitona discoideus,FoodPl,,1,mm,mean,,both,adult,,,,,,,,,,,
HumanObservation,Insecta Coleoptera Curculionidae Sitona discoideus,FoodAni,Literature review and expert consultation based on species descriptions and ecological research.,0,mm,mean,,both,adult,,,,,,,,,,,
PreservedSpecimen,Insecta Coleoptera Curculionidae Sitona discoideus,FoodFg,Functional trait determination based on expert knowledge and literature review of species characteristics,0,mm,mean,,both,adult,,,,,,,,,,,
PreservedSpecimen,Insecta Coleoptera Curculionidae Sitona discoideus,FoodDet,Functional trait assignment based on literature review and expert identification of collected specimens,0,mm,mean,,both,adult,,,,,,,,,,,
PreservedSpecimen,Insecta Coleoptera Curculionidae Sitona discoideus,FoodCopro,Functional trait determination based on expert knowledge and literature review,0,mm,mean,,both,adult,,,,,,,,,,,
PreservedSpecimen,Insecta Coleoptera Curculionidae Sitona discoideus,IngestFood,Functional trait analysis based on taxonomic identification and literature review,Chewing and cutting,mm,mean,,both,adult,,,,,,,,,,,
HumanObservation,Insecta Coleoptera Curculionidae Sitona discoideus,ActDay,,0,mm,mean,,both,adult,,,,,,,,,,,
PreservedSpecimen,Insecta Coleoptera Curculionidae Sitona discoideus,ActNig,,0,mm,mean,,both,adult,,,,,,,,,,,
HumanObservation,Insecta Coleoptera Curculionidae Sitona discoideus,ActTwi,,1,mm,mean,,both,adult,,,,,,,,,,,
PreservedSpecimen,Insecta Coleoptera Curculionidae Sitona discoideus,DispersaLdisp,,High dispersal ability,mm,mean,,both,adult,,,,,,,,,,,
PreservedSpecimen,Insecta Coleoptera Dryophthoridae Sitophilus oryzae,Stand. body size,,-0.48,mm,mean,,both,adult,,,,,,,,,,,
PreservedSpecimen,Insecta Coleoptera Dryophthoridae Sitophilus oryzae,FoodPl,,1,mm,mean,,both,adult,,,,,,,,,,,
HumanObservation,Insecta Coleoptera Dryophthoridae Sitophilus oryzae,FoodAni,Literature review and expert consultation based on species descriptions and ecological research.,0,mm,mean,,both,adult,,,,,,,,,,,
PreservedSpecimen,Insecta Coleoptera Dryophthoridae Sitophilus oryzae,FoodFg,Functional trait determination based on expert knowledge and literature review of species characteristics,0,mm,mean,,both,adult,,,,,,,,,,,
PreservedSpecimen,Insecta Coleoptera Dryophthoridae Sitophilus oryzae,FoodDet,Functional trait assignment based on literature review and expert identification of collected specimens,0,mm,mean,,both,adult,,,,,,,,,,,
PreservedSpecimen,Insecta Coleoptera Dryophthoridae Sitophilus oryzae,FoodCopro,Functional trait determination based on expert knowledge and literature review,0,mm,mean,,both,adult,,,,,,,,,,,
PreservedSpecimen,Insecta Coleoptera Dryophthoridae Sitophilus oryzae,IngestFood,Functional trait analysis based on taxonomic identification and literature review,Chewing and cutting,mm,mean,,both,adult,,,,,,,,,,,
HumanObservation,Insecta Coleoptera Dryophthoridae Sitophilus oryzae,ActDay,,1,mm,mean,,both,adult,,,,,,,,,,,
PreservedSpecimen,Insecta Coleoptera Dryophthoridae Sitophilus oryzae,ActNig,,0,mm,mean,,both,adult,,,,,,,,,,,
HumanObservation,Insecta Coleoptera Dryophthoridae Sitophilus oryzae,ActTwi,,0,mm,mean,,both,adult,,,,,,,,,,,
PreservedSpecimen,Insecta Coleoptera Dryophthoridae Sitophilus oryzae,DispersaLdisp,,Not Applicable,mm,mean,,both,adult,,,,,,,,,,,
PreservedSpecimen,Insecta Coleoptera Hydrophilidae Sphaeridium bipustulatum,Stand. body size,,-0.25,mm,mean,,both,adult,,,,,,,,,,,
PreservedSpecimen,Insecta Coleoptera Hydrophilidae Sphaeridium bipustulatum,FoodPl,,0,mm,mean,,both,adult,,,,,,,,,,,
HumanObservation,Insecta Coleoptera Hydrophilidae Sphaeridium bipustulatum,FoodAni,Literature review and expert consultation based on species descriptions and ecological research.,0,mm,mean,,both,adult,,,,,,,,,,,
PreservedSpecimen,Insecta Coleoptera Hydrophilidae Sphaeridium bipustulatum,FoodFg,Functional trait determination based on expert knowledge and literature review of species characteristics,0,mm,mean,,both,adult,,,,,,,,,,,
PreservedSpecimen,Insecta Coleoptera Hydrophilidae Sphaeridium bipustulatum,FoodDet,Functional trait assignment based on literature review and expert identification of collected specimens,1,mm,mean,,both,adult,,,,,,,,,,,
PreservedSpecimen,Insecta Coleoptera Hydrophilidae Sphaeridium bipustulatum,FoodCopro,Functional trait determination based on expert knowledge and literature review,0,mm,mean,,both,adult,,,,,,,,,,,
PreservedSpecimen,Insecta Coleoptera Hydrophilidae Sphaeridium bipustulatum,IngestFood,Functional trait analysis based on taxonomic identification and literature review,Chewing and cutting,mm,mean,,both,adult,,,,,,,,,,,
HumanObservation,Insecta Coleoptera Hydrophilidae Sphaeridium bipustulatum,ActDay,,1,mm,mean,,both,adult,,,,,,,,,,,
PreservedSpecimen,Insecta Coleoptera Hydrophilidae Sphaeridium bipustulatum,ActNig,,1,mm,mean,,both,adult,,,,,,,,,,,
HumanObservation,Insecta Coleoptera Hydrophilidae Sphaeridium bipustulatum,ActTwi,,1,mm,mean,,both,adult,,,,,,,,,,,
PreservedSpecimen,Insecta Coleoptera Hydrophilidae Sphaeridium bipustulatum,DispersaLdisp,,High dispersal ability,mm,mean,,both,adult,,,,,,,,,,,
PreservedSpecimen,Insecta Coleoptera Dryophthoridae Sphenophorus abbreviatus,Stand. body size,,0.76,mm,mean,,both,adult,,,,,,,,,,,
PreservedSpecimen,Insecta Coleoptera Dryophthoridae Sphenophorus abbreviatus,FoodPl,,1,mm,mean,,both,adult,,,,,,,,,,,
HumanObservation,Insecta Coleoptera Dryophthoridae Sphenophorus abbreviatus,FoodAni,Literature review and expert consultation based on species descriptions and ecological research.,0,mm,mean,,both,adult,,,,,,,,,,,
PreservedSpecimen,Insecta Coleoptera Dryophthoridae Sphenophorus abbreviatus,FoodFg,Functional trait determination based on expert knowledge and literature review of species characteristics,0,mm,mean,,both,adult,,,,,,,,,,,
PreservedSpecimen,Insecta Coleoptera Dryophthoridae Sphenophorus abbreviatus,FoodDet,Functional trait assignment based on literature review and expert identification of collected specimens,0,mm,mean,,both,adult,,,,,,,,,,,
PreservedSpecimen,Insecta Coleoptera Dryophthoridae Sphenophorus abbreviatus,FoodCopro,Functional trait determination based on expert knowledge and literature review,0,mm,mean,,both,adult,,,,,,,,,,,
PreservedSpecimen,Insecta Coleoptera Dryophthoridae Sphenophorus abbreviatus,IngestFood,Functional trait analysis based on taxonomic identification and literature review,Chewing and cutting,mm,mean,,both,adult,,,,,,,,,,,
HumanObservation,Insecta Coleoptera Dryophthoridae Sphenophorus abbreviatus,ActDay,,1,mm,mean,,both,adult,,,,,,,,,,,
PreservedSpecimen,Insecta Coleoptera Dryophthoridae Sphenophorus abbreviatus,ActNig,,1,mm,mean,,both,adult,,,,,,,,,,,
HumanObservation,Insecta Coleoptera Dryophthoridae Sphenophorus abbreviatus,ActTwi,,1,mm,mean,,both,adult,,,,,,,,,,,
PreservedSpecimen,Insecta Coleoptera Dryophthoridae Sphenophorus abbreviatus,DispersaLdisp,,Low dispersal ability,mm,mean,,both,adult,,,,,,,,,,,
PreservedSpecimen,Insecta Coleoptera Staphylinidae Gen. sp.,Stand. body size,,NA,mm,mean,,both,adult,,,,,,,,,,,
PreservedSpecimen,Insecta Coleoptera Staphylinidae Gen. sp.,FoodPl,,0,mm,mean,,both,adult,,,,,,,,,,,
HumanObservation,Insecta Coleoptera Staphylinidae Gen. sp.,FoodAni,Literature review and expert consultation based on species descriptions and ecological research.,1,mm,mean,,both,adult,,,,,,,,,,,
PreservedSpecimen,Insecta Coleoptera Staphylinidae Gen. sp.,FoodFg,Functional trait determination based on expert knowledge and literature review of species characteristics,0,mm,mean,,both,adult,,,,,,,,,,,
PreservedSpecimen,Insecta Coleoptera Staphylinidae Gen. sp.,FoodDet,Functional trait assignment based on literature review and expert identification of collected specimens,0,mm,mean,,both,adult,,,,,,,,,,,
PreservedSpecimen,Insecta Coleoptera Staphylinidae Gen. sp.,FoodCopro,Functional trait determination based on expert knowledge and literature review,0,mm,mean,,both,adult,,,,,,,,,,,
PreservedSpecimen,Insecta Coleoptera Staphylinidae Gen. sp.,IngestFood,Functional trait analysis based on taxonomic identification and literature review,Chewing and cutting,mm,mean,,both,adult,,,,,,,,,,,
HumanObservation,Insecta Coleoptera Staphylinidae Gen. sp.,ActDay,,0,mm,mean,,both,adult,,,,,,,,,,,
PreservedSpecimen,Insecta Coleoptera Staphylinidae Gen. sp.,ActNig,,1,mm,mean,,both,adult,,,,,,,,,,,
HumanObservation,Insecta Coleoptera Staphylinidae Gen. sp.,ActTwi,,0,mm,mean,,both,adult,,,,,,,,,,,
PreservedSpecimen,Insecta Coleoptera Staphylinidae Gen. sp.,DispersaLdisp,,High dispersal ability,mm,mean,,both,adult,,,,,,,,,,,
PreservedSpecimen,Insecta Coleoptera Staphylinidae Gen. sp.,Stand. body size,,NA,mm,mean,,both,adult,,,,,,,,,,,
PreservedSpecimen,Insecta Coleoptera Staphylinidae Gen. sp.,FoodPl,,0,mm,mean,,both,adult,,,,,,,,,,,
HumanObservation,Insecta Coleoptera Staphylinidae Gen. sp.,FoodAni,Literature review and expert consultation based on species descriptions and ecological research.,1,mm,mean,,both,adult,,,,,,,,,,,
PreservedSpecimen,Insecta Coleoptera Staphylinidae Gen. sp.,FoodFg,Functional trait determination based on expert knowledge and literature review of species characteristics,0,mm,mean,,both,adult,,,,,,,,,,,
PreservedSpecimen,Insecta Coleoptera Staphylinidae Gen. sp.,FoodDet,Functional trait assignment based on literature review and expert identification of collected specimens,0,mm,mean,,both,adult,,,,,,,,,,,
PreservedSpecimen,Insecta Coleoptera Staphylinidae Gen. sp.,FoodCopro,Functional trait determination based on expert knowledge and literature review,0,mm,mean,,both,adult,,,,,,,,,,,
PreservedSpecimen,Insecta Coleoptera Staphylinidae Gen. sp.,IngestFood,Functional trait analysis based on taxonomic identification and literature review,Chewing and cutting,mm,mean,,both,adult,,,,,,,,,,,
HumanObservation,Insecta Coleoptera Staphylinidae Gen. sp.,ActDay,,0,mm,mean,,both,adult,,,,,,,,,,,
PreservedSpecimen,Insecta Coleoptera Staphylinidae Gen. sp.,ActNig,,1,mm,mean,,both,adult,,,,,,,,,,,
HumanObservation,Insecta Coleoptera Staphylinidae Gen. sp.,ActTwi,,0,mm,mean,,both,adult,,,,,,,,,,,
PreservedSpecimen,Insecta Coleoptera Staphylinidae Gen. sp.,DispersaLdisp,,High dispersal ability,mm,mean,,both,adult,,,,,,,,,,,
PreservedSpecimen,Insecta Coleoptera Staphylinidae Gen. sp.,Stand. body size,,NA,mm,mean,,both,adult,,,,,,,,,,,
PreservedSpecimen,Insecta Coleoptera Staphylinidae Gen. sp.,FoodPl,,0,mm,mean,,both,adult,,,,,,,,,,,
HumanObservation,Insecta Coleoptera Staphylinidae Gen. sp.,FoodAni,Literature review and expert consultation based on species descriptions and ecological research.,1,mm,mean,,both,adult,,,,,,,,,,,
PreservedSpecimen,Insecta Coleoptera Staphylinidae Gen. sp.,FoodFg,Functional trait determination based on expert knowledge and literature review of species characteristics,0,mm,mean,,both,adult,,,,,,,,,,,
PreservedSpecimen,Insecta Coleoptera Staphylinidae Gen. sp.,FoodDet,Functional trait assignment based on literature review and expert identification of collected specimens,0,mm,mean,,both,adult,,,,,,,,,,,
PreservedSpecimen,Insecta Coleoptera Staphylinidae Gen. sp.,FoodCopro,Functional trait determination based on expert knowledge and literature review,0,mm,mean,,both,adult,,,,,,,,,,,
PreservedSpecimen,Insecta Coleoptera Staphylinidae Gen. sp.,IngestFood,Functional trait analysis based on taxonomic identification and literature review,Chewing and cutting,mm,mean,,both,adult,,,,,,,,,,,
HumanObservation,Insecta Coleoptera Staphylinidae Gen. sp.,ActDay,,0,mm,mean,,both,adult,,,,,,,,,,,
PreservedSpecimen,Insecta Coleoptera Staphylinidae Gen. sp.,ActNig,,1,mm,mean,,both,adult,,,,,,,,,,,
HumanObservation,Insecta Coleoptera Staphylinidae Gen. sp.,ActTwi,,0,mm,mean,,both,adult,,,,,,,,,,,
PreservedSpecimen,Insecta Coleoptera Staphylinidae Gen. sp.,DispersaLdisp,,High dispersal ability,mm,mean,,both,adult,,,,,,,,,,,
PreservedSpecimen,Insecta Coleoptera Staphylinidae Gen. sp.,Stand. body size,,NA,mm,mean,,both,adult,,,,,,,,,,,
PreservedSpecimen,Insecta Coleoptera Staphylinidae Gen. sp.,FoodPl,,0,mm,mean,,both,adult,,,,,,,,,,,
HumanObservation,Insecta Coleoptera Staphylinidae Gen. sp.,FoodAni,Literature review and expert consultation based on species descriptions and ecological research.,1,mm,mean,,both,adult,,,,,,,,,,,
PreservedSpecimen,Insecta Coleoptera Staphylinidae Gen. sp.,FoodFg,Functional trait determination based on expert knowledge and literature review of species characteristics,0,mm,mean,,both,adult,,,,,,,,,,,
PreservedSpecimen,Insecta Coleoptera Staphylinidae Gen. sp.,FoodDet,Functional trait assignment based on literature review and expert identification of collected specimens,0,mm,mean,,both,adult,,,,,,,,,,,
PreservedSpecimen,Insecta Coleoptera Staphylinidae Gen. sp.,FoodCopro,Functional trait determination based on expert knowledge and literature review,0,mm,mean,,both,adult,,,,,,,,,,,
PreservedSpecimen,Insecta Coleoptera Staphylinidae Gen. sp.,IngestFood,Functional trait analysis based on taxonomic identification and literature review,Chewing and cutting,mm,mean,,both,adult,,,,,,,,,,,
HumanObservation,Insecta Coleoptera Staphylinidae Gen. sp.,ActDay,,0,mm,mean,,both,adult,,,,,,,,,,,
PreservedSpecimen,Insecta Coleoptera Staphylinidae Gen. sp.,ActNig,,1,mm,mean,,both,adult,,,,,,,,,,,
HumanObservation,Insecta Coleoptera Staphylinidae Gen. sp.,ActTwi,,0,mm,mean,,both,adult,,,,,,,,,,,
PreservedSpecimen,Insecta Coleoptera Staphylinidae Gen. sp.,DispersaLdisp,,High dispersal ability,mm,mean,,both,adult,,,,,,,,,,,
PreservedSpecimen,Insecta Coleoptera Nitidulidae Stelidota geminata,Stand. body size,,-0.5,mm,mean,,both,adult,,,,,,,,,,,
PreservedSpecimen,Insecta Coleoptera Nitidulidae Stelidota geminata,FoodPl,,1,mm,mean,,both,adult,,,,,,,,,,,
HumanObservation,Insecta Coleoptera Nitidulidae Stelidota geminata,FoodAni,Literature review and expert consultation based on species descriptions and ecological research.,0,mm,mean,,both,adult,,,,,,,,,,,
PreservedSpecimen,Insecta Coleoptera Nitidulidae Stelidota geminata,FoodFg,Functional trait determination based on expert knowledge and literature review of species characteristics,0,mm,mean,,both,adult,,,,,,,,,,,
PreservedSpecimen,Insecta Coleoptera Nitidulidae Stelidota geminata,FoodDet,Functional trait assignment based on literature review and expert identification of collected specimens,0,mm,mean,,both,adult,,,,,,,,,,,
PreservedSpecimen,Insecta Coleoptera Nitidulidae Stelidota geminata,FoodCopro,Functional trait determination based on expert knowledge and literature review,0,mm,mean,,both,adult,,,,,,,,,,,
PreservedSpecimen,Insecta Coleoptera Nitidulidae Stelidota geminata,IngestFood,Functional trait analysis based on taxonomic identification and literature review,Chewing and cutting,mm,mean,,both,adult,,,,,,,,,,,
HumanObservation,Insecta Coleoptera Nitidulidae Stelidota geminata,ActDay,,1,mm,mean,,both,adult,,,,,,,,,,,
PreservedSpecimen,Insecta Coleoptera Nitidulidae Stelidota geminata,ActNig,,0,mm,mean,,both,adult,,,,,,,,,,,
HumanObservation,Insecta Coleoptera Nitidulidae Stelidota geminata,ActTwi,,0,mm,mean,,both,adult,,,,,,,,,,,
PreservedSpecimen,Insecta Coleoptera Nitidulidae Stelidota geminata,DispersaLdisp,,High dispersal ability,mm,mean,,both,adult,,,,,,,,,,,
PreservedSpecimen,Insecta Coleoptera Carabidae Stenolophus teutonus,Stand. body size,,0.15,mm,mean,,both,adult,,,,,,,,,,,
PreservedSpecimen,Insecta Coleoptera Carabidae Stenolophus teutonus,FoodPl,,0,mm,mean,,both,adult,,,,,,,,,,,
HumanObservation,Insecta Coleoptera Carabidae Stenolophus teutonus,FoodAni,Literature review and expert consultation based on species descriptions and ecological research.,1,mm,mean,,both,adult,,,,,,,,,,,
PreservedSpecimen,Insecta Coleoptera Carabidae Stenolophus teutonus,FoodFg,Functional trait determination based on expert knowledge and literature review of species characteristics,0,mm,mean,,both,adult,,,,,,,,,,,
PreservedSpecimen,Insecta Coleoptera Carabidae Stenolophus teutonus,FoodDet,Functional trait assignment based on literature review and expert identification of collected specimens,0,mm,mean,,both,adult,,,,,,,,,,,
PreservedSpecimen,Insecta Coleoptera Carabidae Stenolophus teutonus,FoodCopro,Functional trait determination based on expert knowledge and literature review,0,mm,mean,,both,adult,,,,,,,,,,,
PreservedSpecimen,Insecta Coleoptera Carabidae Stenolophus teutonus,IngestFood,Functional trait analysis based on taxonomic identification and literature review,Chewing and cutting,mm,mean,,both,adult,,,,,,,,,,,
HumanObservation,Insecta Coleoptera Carabidae Stenolophus teutonus,ActDay,,0,mm,mean,,both,adult,,,,,,,,,,,
PreservedSpecimen,Insecta Coleoptera Carabidae Stenolophus teutonus,ActNig,,1,mm,mean,,both,adult,,,,,,,,,,,
HumanObservation,Insecta Coleoptera Carabidae Stenolophus teutonus,ActTwi,,0,mm,mean,,both,adult,,,,,,,,,,,
PreservedSpecimen,Insecta Coleoptera Carabidae Stenolophus teutonus,DispersaLdisp,,High dispersal ability,mm,mean,,both,adult,,,,,,,,,,,
PreservedSpecimen,Insecta Coleoptera Staphylinidae Stenomastax madeirae,Stand. body size,,-0.56,mm,mean,,both,adult,,,,,,,,,,,
PreservedSpecimen,Insecta Coleoptera Staphylinidae Stenomastax madeirae,FoodPl,,0,mm,mean,,both,adult,,,,,,,,,,,
HumanObservation,Insecta Coleoptera Staphylinidae Stenomastax madeirae,FoodAni,Literature review and expert consultation based on species descriptions and ecological research.,1,mm,mean,,both,adult,,,,,,,,,,,
PreservedSpecimen,Insecta Coleoptera Staphylinidae Stenomastax madeirae,FoodFg,Functional trait determination based on expert knowledge and literature review of species characteristics,0,mm,mean,,both,adult,,,,,,,,,,,
PreservedSpecimen,Insecta Coleoptera Staphylinidae Stenomastax madeirae,FoodDet,Functional trait assignment based on literature review and expert identification of collected specimens,0,mm,mean,,both,adult,,,,,,,,,,,
PreservedSpecimen,Insecta Coleoptera Staphylinidae Stenomastax madeirae,FoodCopro,Functional trait determination based on expert knowledge and literature review,0,mm,mean,,both,adult,,,,,,,,,,,
PreservedSpecimen,Insecta Coleoptera Staphylinidae Stenomastax madeirae,IngestFood,Functional trait analysis based on taxonomic identification and literature review,Chewing and cutting,mm,mean,,both,adult,,,,,,,,,,,
HumanObservation,Insecta Coleoptera Staphylinidae Stenomastax madeirae,ActDay,,0,mm,mean,,both,adult,,,,,,,,,,,
PreservedSpecimen,Insecta Coleoptera Staphylinidae Stenomastax madeirae,ActNig,,1,mm,mean,,both,adult,,,,,,,,,,,
HumanObservation,Insecta Coleoptera Staphylinidae Stenomastax madeirae,ActTwi,,0,mm,mean,,both,adult,,,,,,,,,,,
PreservedSpecimen,Insecta Coleoptera Staphylinidae Stenomastax madeirae,DispersaLdisp,,High dispersal ability,mm,mean,,both,adult,,,,,,,,,,,
PreservedSpecimen,Insecta Coleoptera Phalacridae Stilbus testaceus,Stand. body size,,-0.59,mm,mean,,both,adult,,,,,,,,,,,
PreservedSpecimen,Insecta Coleoptera Phalacridae Stilbus testaceus,FoodPl,,1,mm,mean,,both,adult,,,,,,,,,,,
HumanObservation,Insecta Coleoptera Phalacridae Stilbus testaceus,FoodAni,Literature review and expert consultation based on species descriptions and ecological research.,0,mm,mean,,both,adult,,,,,,,,,,,
PreservedSpecimen,Insecta Coleoptera Phalacridae Stilbus testaceus,FoodFg,Functional trait determination based on expert knowledge and literature review of species characteristics,1,mm,mean,,both,adult,,,,,,,,,,,
PreservedSpecimen,Insecta Coleoptera Phalacridae Stilbus testaceus,FoodDet,Functional trait assignment based on literature review and expert identification of collected specimens,0,mm,mean,,both,adult,,,,,,,,,,,
PreservedSpecimen,Insecta Coleoptera Phalacridae Stilbus testaceus,FoodCopro,Functional trait determination based on expert knowledge and literature review,0,mm,mean,,both,adult,,,,,,,,,,,
PreservedSpecimen,Insecta Coleoptera Phalacridae Stilbus testaceus,IngestFood,Functional trait analysis based on taxonomic identification and literature review,Chewing and cutting,mm,mean,,both,adult,,,,,,,,,,,
HumanObservation,Insecta Coleoptera Phalacridae Stilbus testaceus,ActDay,,1,mm,mean,,both,adult,,,,,,,,,,,
PreservedSpecimen,Insecta Coleoptera Phalacridae Stilbus testaceus,ActNig,,0,mm,mean,,both,adult,,,,,,,,,,,
HumanObservation,Insecta Coleoptera Phalacridae Stilbus testaceus,ActTwi,,0,mm,mean,,both,adult,,,,,,,,,,,
PreservedSpecimen,Insecta Coleoptera Phalacridae Stilbus testaceus,DispersaLdisp,,Not Applicable,mm,mean,,both,adult,,,,,,,,,,,
PreservedSpecimen,Insecta Coleoptera Staphylinidae Sunius propinquus,Stand. body size,,-0.51,mm,mean,,both,adult,,,,,,,,,,,
PreservedSpecimen,Insecta Coleoptera Staphylinidae Sunius propinquus,FoodPl,,0,mm,mean,,both,adult,,,,,,,,,,,
HumanObservation,Insecta Coleoptera Staphylinidae Sunius propinquus,FoodAni,Literature review and expert consultation based on species descriptions and ecological research.,1,mm,mean,,both,adult,,,,,,,,,,,
PreservedSpecimen,Insecta Coleoptera Staphylinidae Sunius propinquus,FoodFg,Functional trait determination based on expert knowledge and literature review of species characteristics,0,mm,mean,,both,adult,,,,,,,,,,,
PreservedSpecimen,Insecta Coleoptera Staphylinidae Sunius propinquus,FoodDet,Functional trait assignment based on literature review and expert identification of collected specimens,0,mm,mean,,both,adult,,,,,,,,,,,
PreservedSpecimen,Insecta Coleoptera Staphylinidae Sunius propinquus,FoodCopro,Functional trait determination based on expert knowledge and literature review,0,mm,mean,,both,adult,,,,,,,,,,,
PreservedSpecimen,Insecta Coleoptera Staphylinidae Sunius propinquus,IngestFood,Functional trait analysis based on taxonomic identification and literature review,Chewing and cutting,mm,mean,,both,adult,,,,,,,,,,,
HumanObservation,Insecta Coleoptera Staphylinidae Sunius propinquus,ActDay,,0,mm,mean,,both,adult,,,,,,,,,,,
PreservedSpecimen,Insecta Coleoptera Staphylinidae Sunius propinquus,ActNig,,1,mm,mean,,both,adult,,,,,,,,,,,
HumanObservation,Insecta Coleoptera Staphylinidae Sunius propinquus,ActTwi,,0,mm,mean,,both,adult,,,,,,,,,,,
PreservedSpecimen,Insecta Coleoptera Staphylinidae Sunius propinquus,DispersaLdisp,,High dispersal ability,mm,mean,,both,adult,,,,,,,,,,,
PreservedSpecimen,Insecta Coleoptera Staphylinidae Tachyporus chrysomelinus,Stand. body size,,-0.45,mm,mean,,both,adult,,,,,,,,,,,
PreservedSpecimen,Insecta Coleoptera Staphylinidae Tachyporus chrysomelinus,FoodPl,,0,mm,mean,,both,adult,,,,,,,,,,,
HumanObservation,Insecta Coleoptera Staphylinidae Tachyporus chrysomelinus,FoodAni,Literature review and expert consultation based on species descriptions and ecological research.,1,mm,mean,,both,adult,,,,,,,,,,,
PreservedSpecimen,Insecta Coleoptera Staphylinidae Tachyporus chrysomelinus,FoodFg,Functional trait determination based on expert knowledge and literature review of species characteristics,0,mm,mean,,both,adult,,,,,,,,,,,
PreservedSpecimen,Insecta Coleoptera Staphylinidae Tachyporus chrysomelinus,FoodDet,Functional trait assignment based on literature review and expert identification of collected specimens,0,mm,mean,,both,adult,,,,,,,,,,,
PreservedSpecimen,Insecta Coleoptera Staphylinidae Tachyporus chrysomelinus,FoodCopro,Functional trait determination based on expert knowledge and literature review,0,mm,mean,,both,adult,,,,,,,,,,,
PreservedSpecimen,Insecta Coleoptera Staphylinidae Tachyporus chrysomelinus,IngestFood,Functional trait analysis based on taxonomic identification and literature review,Chewing and cutting,mm,mean,,both,adult,,,,,,,,,,,
HumanObservation,Insecta Coleoptera Staphylinidae Tachyporus chrysomelinus,ActDay,,0,mm,mean,,both,adult,,,,,,,,,,,
PreservedSpecimen,Insecta Coleoptera Staphylinidae Tachyporus chrysomelinus,ActNig,,1,mm,mean,,both,adult,,,,,,,,,,,
HumanObservation,Insecta Coleoptera Staphylinidae Tachyporus chrysomelinus,ActTwi,,0,mm,mean,,both,adult,,,,,,,,,,,
PreservedSpecimen,Insecta Coleoptera Staphylinidae Tachyporus chrysomelinus,DispersaLdisp,,High dispersal ability,mm,mean,,both,adult,,,,,,,,,,,
PreservedSpecimen,Insecta Coleoptera Staphylinidae Tachyporus nitidulus,Stand. body size,,-0.43,mm,mean,,both,adult,,,,,,,,,,,
PreservedSpecimen,Insecta Coleoptera Staphylinidae Tachyporus nitidulus,FoodPl,,0,mm,mean,,both,adult,,,,,,,,,,,
HumanObservation,Insecta Coleoptera Staphylinidae Tachyporus nitidulus,FoodAni,Literature review and expert consultation based on species descriptions and ecological research.,1,mm,mean,,both,adult,,,,,,,,,,,
PreservedSpecimen,Insecta Coleoptera Staphylinidae Tachyporus nitidulus,FoodFg,Functional trait determination based on expert knowledge and literature review of species characteristics,0,mm,mean,,both,adult,,,,,,,,,,,
PreservedSpecimen,Insecta Coleoptera Staphylinidae Tachyporus nitidulus,FoodDet,Functional trait assignment based on literature review and expert identification of collected specimens,0,mm,mean,,both,adult,,,,,,,,,,,
PreservedSpecimen,Insecta Coleoptera Staphylinidae Tachyporus nitidulus,FoodCopro,Functional trait determination based on expert knowledge and literature review,0,mm,mean,,both,adult,,,,,,,,,,,
PreservedSpecimen,Insecta Coleoptera Staphylinidae Tachyporus nitidulus,IngestFood,Functional trait analysis based on taxonomic identification and literature review,Chewing and cutting,mm,mean,,both,adult,,,,,,,,,,,
HumanObservation,Insecta Coleoptera Staphylinidae Tachyporus nitidulus,ActDay,,0,mm,mean,,both,adult,,,,,,,,,,,
PreservedSpecimen,Insecta Coleoptera Staphylinidae Tachyporus nitidulus,ActNig,,1,mm,mean,,both,adult,,,,,,,,,,,
HumanObservation,Insecta Coleoptera Staphylinidae Tachyporus nitidulus,ActTwi,,0,mm,mean,,both,adult,,,,,,,,,,,
PreservedSpecimen,Insecta Coleoptera Staphylinidae Tachyporus nitidulus,DispersaLdisp,,High dispersal ability,mm,mean,,both,adult,,,,,,,,,,,
PreservedSpecimen,Insecta Coleoptera Curculionidae Tychius picirostris,Stand. body size,,-0.57,mm,mean,,both,adult,,,,,,,,,,,
PreservedSpecimen,Insecta Coleoptera Curculionidae Tychius picirostris,FoodPl,,1,mm,mean,,both,adult,,,,,,,,,,,
HumanObservation,Insecta Coleoptera Curculionidae Tychius picirostris,FoodAni,Literature review and expert consultation based on species descriptions and ecological research.,0,mm,mean,,both,adult,,,,,,,,,,,
PreservedSpecimen,Insecta Coleoptera Curculionidae Tychius picirostris,FoodFg,Functional trait determination based on expert knowledge and literature review of species characteristics,0,mm,mean,,both,adult,,,,,,,,,,,
PreservedSpecimen,Insecta Coleoptera Curculionidae Tychius picirostris,FoodDet,Functional trait assignment based on literature review and expert identification of collected specimens,0,mm,mean,,both,adult,,,,,,,,,,,
PreservedSpecimen,Insecta Coleoptera Curculionidae Tychius picirostris,FoodCopro,Functional trait determination based on expert knowledge and literature review,0,mm,mean,,both,adult,,,,,,,,,,,
PreservedSpecimen,Insecta Coleoptera Curculionidae Tychius picirostris,IngestFood,Functional trait analysis based on taxonomic identification and literature review,Chewing and cutting,mm,mean,,both,adult,,,,,,,,,,,
HumanObservation,Insecta Coleoptera Curculionidae Tychius picirostris,ActDay,,1,mm,mean,,both,adult,,,,,,,,,,,
PreservedSpecimen,Insecta Coleoptera Curculionidae Tychius picirostris,ActNig,,0,mm,mean,,both,adult,,,,,,,,,,,
HumanObservation,Insecta Coleoptera Curculionidae Tychius picirostris,ActTwi,,0,mm,mean,,both,adult,,,,,,,,,,,
PreservedSpecimen,Insecta Coleoptera Curculionidae Tychius picirostris,DispersaLdisp,,High dispersal ability,mm,mean,,both,adult,,,,,,,,,,,
PreservedSpecimen,Insecta Coleoptera Mycetophagidae Typhaea stercorea,Stand. body size,,-0.51,mm,mean,,both,adult,,,,,,,,,,,
PreservedSpecimen,Insecta Coleoptera Mycetophagidae Typhaea stercorea,FoodPl,,0,mm,mean,,both,adult,,,,,,,,,,,
HumanObservation,Insecta Coleoptera Mycetophagidae Typhaea stercorea,FoodAni,Literature review and expert consultation based on species descriptions and ecological research.,0,mm,mean,,both,adult,,,,,,,,,,,
PreservedSpecimen,Insecta Coleoptera Mycetophagidae Typhaea stercorea,FoodFg,Functional trait determination based on expert knowledge and literature review of species characteristics,1,mm,mean,,both,adult,,,,,,,,,,,
PreservedSpecimen,Insecta Coleoptera Mycetophagidae Typhaea stercorea,FoodDet,Functional trait assignment based on literature review and expert identification of collected specimens,0,mm,mean,,both,adult,,,,,,,,,,,
PreservedSpecimen,Insecta Coleoptera Mycetophagidae Typhaea stercorea,FoodCopro,Functional trait determination based on expert knowledge and literature review,0,mm,mean,,both,adult,,,,,,,,,,,
PreservedSpecimen,Insecta Coleoptera Mycetophagidae Typhaea stercorea,IngestFood,Functional trait analysis based on taxonomic identification and literature review,Chewing and cutting,mm,mean,,both,adult,,,,,,,,,,,
HumanObservation,Insecta Coleoptera Mycetophagidae Typhaea stercorea,ActDay,,1,mm,mean,,both,adult,,,,,,,,,,,
PreservedSpecimen,Insecta Coleoptera Mycetophagidae Typhaea stercorea,ActNig,,0,mm,mean,,both,adult,,,,,,,,,,,
HumanObservation,Insecta Coleoptera Mycetophagidae Typhaea stercorea,ActTwi,,0,mm,mean,,both,adult,,,,,,,,,,,
PreservedSpecimen,Insecta Coleoptera Mycetophagidae Typhaea stercorea,DispersaLdisp,,High dispersal ability,mm,mean,,both,adult,,,,,,,,,,,
PreservedSpecimen,Insecta Coleoptera Staphylinidae Xantholinus longiventris,Stand. body size,,0.23,mm,mean,,both,adult,,,,,,,,,,,
PreservedSpecimen,Insecta Coleoptera Staphylinidae Xantholinus longiventris,FoodPl,,0,mm,mean,,both,adult,,,,,,,,,,,
HumanObservation,Insecta Coleoptera Staphylinidae Xantholinus longiventris,FoodAni,Literature review and expert consultation based on species descriptions and ecological research.,1,mm,mean,,both,adult,,,,,,,,,,,
PreservedSpecimen,Insecta Coleoptera Staphylinidae Xantholinus longiventris,FoodFg,Functional trait determination based on expert knowledge and literature review of species characteristics,0,mm,mean,,both,adult,,,,,,,,,,,
PreservedSpecimen,Insecta Coleoptera Staphylinidae Xantholinus longiventris,FoodDet,Functional trait assignment based on literature review and expert identification of collected specimens,0,mm,mean,,both,adult,,,,,,,,,,,
PreservedSpecimen,Insecta Coleoptera Staphylinidae Xantholinus longiventris,FoodCopro,Functional trait determination based on expert knowledge and literature review,0,mm,mean,,both,adult,,,,,,,,,,,
PreservedSpecimen,Insecta Coleoptera Staphylinidae Xantholinus longiventris,IngestFood,Functional trait analysis based on taxonomic identification and literature review,Chewing and cutting,mm,mean,,both,adult,,,,,,,,,,,
HumanObservation,Insecta Coleoptera Staphylinidae Xantholinus longiventris,ActDay,,0,mm,mean,,both,adult,,,,,,,,,,,
PreservedSpecimen,Insecta Coleoptera Staphylinidae Xantholinus longiventris,ActNig,,1,mm,mean,,both,adult,,,,,,,,,,,
HumanObservation,Insecta Coleoptera Staphylinidae Xantholinus longiventris,ActTwi,,0,mm,mean,,both,adult,,,,,,,,,,,
PreservedSpecimen,Insecta Coleoptera Staphylinidae Xantholinus longiventris,DispersaLdisp,,High dispersal ability,mm,mean,,both,adult,,,,,,,,,,,
PreservedSpecimen,Insecta Dermaptera Gen. sp.,Stand. body size,,NA,mm,mean,,both,adult,,,,,,,,,,,
PreservedSpecimen,Insecta Dermaptera Gen. sp.,FoodPl,,0,mm,mean,,both,adult,,,,,,,,,,,
HumanObservation,Insecta Dermaptera Gen. sp.,FoodAni,Literature review and expert consultation based on species descriptions and ecological research.,1,mm,mean,,both,adult,,,,,,,,,,,
PreservedSpecimen,Insecta Dermaptera Gen. sp.,FoodFg,Functional trait determination based on expert knowledge and literature review of species characteristics,0,mm,mean,,both,adult,,,,,,,,,,,
PreservedSpecimen,Insecta Dermaptera Gen. sp.,FoodDet,Functional trait assignment based on literature review and expert identification of collected specimens,0,mm,mean,,both,adult,,,,,,,,,,,
PreservedSpecimen,Insecta Dermaptera Gen. sp.,FoodCopro,Functional trait determination based on expert knowledge and literature review,0,mm,mean,,both,adult,,,,,,,,,,,
PreservedSpecimen,Insecta Dermaptera Gen. sp.,IngestFood,Functional trait analysis based on taxonomic identification and literature review,Chewing and cutting,mm,mean,,both,adult,,,,,,,,,,,
HumanObservation,Insecta Dermaptera Gen. sp.,ActDay,,0,mm,mean,,both,adult,,,,,,,,,,,
PreservedSpecimen,Insecta Dermaptera Gen. sp.,ActNig,,1,mm,mean,,both,adult,,,,,,,,,,,
HumanObservation,Insecta Dermaptera Gen. sp.,ActTwi,,0,mm,mean,,both,adult,,,,,,,,,,,
PreservedSpecimen,Insecta Dermaptera Gen. sp.,DispersaLdisp,,Not Applicable,mm,mean,,both,adult,,,,,,,,,,,
PreservedSpecimen,Insecta Dermaptera Anisolabididae Euborellia annulipes,Stand. body size,,-1,mm,mean,,both,adult,,,,,,,,,,,
PreservedSpecimen,Insecta Dermaptera Anisolabididae Euborellia annulipes,FoodPl,,1,mm,mean,,both,adult,,,,,,,,,,,
HumanObservation,Insecta Dermaptera Anisolabididae Euborellia annulipes,FoodAni,Literature review and expert consultation based on species descriptions and ecological research.,1,mm,mean,,both,adult,,,,,,,,,,,
PreservedSpecimen,Insecta Dermaptera Anisolabididae Euborellia annulipes,FoodFg,Functional trait determination based on expert knowledge and literature review of species characteristics,0,mm,mean,,both,adult,,,,,,,,,,,
PreservedSpecimen,Insecta Dermaptera Anisolabididae Euborellia annulipes,FoodDet,Functional trait assignment based on literature review and expert identification of collected specimens,1,mm,mean,,both,adult,,,,,,,,,,,
PreservedSpecimen,Insecta Dermaptera Anisolabididae Euborellia annulipes,FoodCopro,Functional trait determination based on expert knowledge and literature review,0,mm,mean,,both,adult,,,,,,,,,,,
PreservedSpecimen,Insecta Dermaptera Anisolabididae Euborellia annulipes,IngestFood,Functional trait analysis based on taxonomic identification and literature review,Chewing and cutting,mm,mean,,both,adult,,,,,,,,,,,
HumanObservation,Insecta Dermaptera Anisolabididae Euborellia annulipes,ActDay,,0,mm,mean,,both,adult,,,,,,,,,,,
PreservedSpecimen,Insecta Dermaptera Anisolabididae Euborellia annulipes,ActNig,,1,mm,mean,,both,adult,,,,,,,,,,,
HumanObservation,Insecta Dermaptera Anisolabididae Euborellia annulipes,ActTwi,,0,mm,mean,,both,adult,,,,,,,,,,,
PreservedSpecimen,Insecta Dermaptera Anisolabididae Euborellia annulipes,DispersaLdisp,,Low dispersal ability,mm,mean,,both,adult,,,,,,,,,,,
PreservedSpecimen,Insecta Dermaptera Forficulidae Forficula auricularia,Stand. body size,,1,mm,mean,,both,adult,,,,,,,,,,,
PreservedSpecimen,Insecta Dermaptera Forficulidae Forficula auricularia,FoodPl,,1,mm,mean,,both,adult,,,,,,,,,,,
HumanObservation,Insecta Dermaptera Forficulidae Forficula auricularia,FoodAni,Literature review and expert consultation based on species descriptions and ecological research.,1,mm,mean,,both,adult,,,,,,,,,,,
PreservedSpecimen,Insecta Dermaptera Forficulidae Forficula auricularia,FoodFg,Functional trait determination based on expert knowledge and literature review of species characteristics,0,mm,mean,,both,adult,,,,,,,,,,,
PreservedSpecimen,Insecta Dermaptera Forficulidae Forficula auricularia,FoodDet,Functional trait assignment based on literature review and expert identification of collected specimens,0,mm,mean,,both,adult,,,,,,,,,,,
PreservedSpecimen,Insecta Dermaptera Forficulidae Forficula auricularia,FoodCopro,Functional trait determination based on expert knowledge and literature review,0,mm,mean,,both,adult,,,,,,,,,,,
PreservedSpecimen,Insecta Dermaptera Forficulidae Forficula auricularia,IngestFood,Functional trait analysis based on taxonomic identification and literature review,Chewing and cutting,mm,mean,,both,adult,,,,,,,,,,,
HumanObservation,Insecta Dermaptera Forficulidae Forficula auricularia,ActDay,,0,mm,mean,,both,adult,,,,,,,,,,,
PreservedSpecimen,Insecta Dermaptera Forficulidae Forficula auricularia,ActNig,,1,mm,mean,,both,adult,,,,,,,,,,,
HumanObservation,Insecta Dermaptera Forficulidae Forficula auricularia,ActTwi,,0,mm,mean,,both,adult,,,,,,,,,,,
PreservedSpecimen,Insecta Dermaptera Forficulidae Forficula auricularia,DispersaLdisp,,Low dispersal ability,mm,mean,,both,adult,,,,,,,,,,,
PreservedSpecimen,Insecta Hemiptera Cicadellidae Anoscopus albifrons,Stand. body size,,0.03,mm,mean,,both,adult,,,,,,,,,,,
PreservedSpecimen,Insecta Hemiptera Cicadellidae Anoscopus albifrons,FoodPl,,1,mm,mean,,both,adult,,,,,,,,,,,
HumanObservation,Insecta Hemiptera Cicadellidae Anoscopus albifrons,FoodAni,Literature review and expert consultation based on species descriptions and ecological research.,0,mm,mean,,both,adult,,,,,,,,,,,
PreservedSpecimen,Insecta Hemiptera Cicadellidae Anoscopus albifrons,FoodFg,Functional trait determination based on expert knowledge and literature review of species characteristics,0,mm,mean,,both,adult,,,,,,,,,,,
PreservedSpecimen,Insecta Hemiptera Cicadellidae Anoscopus albifrons,FoodDet,Functional trait assignment based on literature review and expert identification of collected specimens,0,mm,mean,,both,adult,,,,,,,,,,,
PreservedSpecimen,Insecta Hemiptera Cicadellidae Anoscopus albifrons,FoodCopro,Functional trait determination based on expert knowledge and literature review,0,mm,mean,,both,adult,,,,,,,,,,,
PreservedSpecimen,Insecta Hemiptera Cicadellidae Anoscopus albifrons,IngestFood,Functional trait analysis based on taxonomic identification and literature review,Piercing and sucking,mm,mean,,both,adult,,,,,,,,,,,
HumanObservation,Insecta Hemiptera Cicadellidae Anoscopus albifrons,ActDay,,1,mm,mean,,both,adult,,,,,,,,,,,
PreservedSpecimen,Insecta Hemiptera Cicadellidae Anoscopus albifrons,ActNig,,0,mm,mean,,both,adult,,,,,,,,,,,
HumanObservation,Insecta Hemiptera Cicadellidae Anoscopus albifrons,ActTwi,,0,mm,mean,,both,adult,,,,,,,,,,,
PreservedSpecimen,Insecta Hemiptera Cicadellidae Anoscopus albifrons,DispersaLdisp,,High dispersal ability,mm,mean,,both,adult,,,,,,,,,,,
PreservedSpecimen,Insecta Hemiptera Anthocoridae Anthocoris nemoralis,Stand. body size,,-0.43,mm,mean,,both,adult,,,,,,,,,,,
PreservedSpecimen,Insecta Hemiptera Anthocoridae Anthocoris nemoralis,FoodPl,,0,mm,mean,,both,adult,,,,,,,,,,,
HumanObservation,Insecta Hemiptera Anthocoridae Anthocoris nemoralis,FoodAni,Literature review and expert consultation based on species descriptions and ecological research.,1,mm,mean,,both,adult,,,,,,,,,,,
PreservedSpecimen,Insecta Hemiptera Anthocoridae Anthocoris nemoralis,FoodFg,Functional trait determination based on expert knowledge and literature review of species characteristics,0,mm,mean,,both,adult,,,,,,,,,,,
PreservedSpecimen,Insecta Hemiptera Anthocoridae Anthocoris nemoralis,FoodDet,Functional trait assignment based on literature review and expert identification of collected specimens,0,mm,mean,,both,adult,,,,,,,,,,,
PreservedSpecimen,Insecta Hemiptera Anthocoridae Anthocoris nemoralis,FoodCopro,Functional trait determination based on expert knowledge and literature review,0,mm,mean,,both,adult,,,,,,,,,,,
PreservedSpecimen,Insecta Hemiptera Anthocoridae Anthocoris nemoralis,IngestFood,Functional trait analysis based on taxonomic identification and literature review,Piercing and sucking,mm,mean,,both,adult,,,,,,,,,,,
HumanObservation,Insecta Hemiptera Anthocoridae Anthocoris nemoralis,ActDay,,1,mm,mean,,both,adult,,,,,,,,,,,
PreservedSpecimen,Insecta Hemiptera Anthocoridae Anthocoris nemoralis,ActNig,,0,mm,mean,,both,adult,,,,,,,,,,,
HumanObservation,Insecta Hemiptera Anthocoridae Anthocoris nemoralis,ActTwi,,0,mm,mean,,both,adult,,,,,,,,,,,
PreservedSpecimen,Insecta Hemiptera Anthocoridae Anthocoris nemoralis,DispersaLdisp,,Not Applicable,mm,mean,,both,adult,,,,,,,,,,,
PreservedSpecimen,Insecta Hemiptera Rhyparochromidae Beosus maritimus,Stand. body size,,1.3,mm,mean,,both,adult,,,,,,,,,,,
PreservedSpecimen,Insecta Hemiptera Rhyparochromidae Beosus maritimus,FoodPl,,1,mm,mean,,both,adult,,,,,,,,,,,
HumanObservation,Insecta Hemiptera Rhyparochromidae Beosus maritimus,FoodAni,Literature review and expert consultation based on species descriptions and ecological research.,0,mm,mean,,both,adult,,,,,,,,,,,
PreservedSpecimen,Insecta Hemiptera Rhyparochromidae Beosus maritimus,FoodFg,Functional trait determination based on expert knowledge and literature review of species characteristics,0,mm,mean,,both,adult,,,,,,,,,,,
PreservedSpecimen,Insecta Hemiptera Rhyparochromidae Beosus maritimus,FoodDet,Functional trait assignment based on literature review and expert identification of collected specimens,0,mm,mean,,both,adult,,,,,,,,,,,
PreservedSpecimen,Insecta Hemiptera Rhyparochromidae Beosus maritimus,FoodCopro,Functional trait determination based on expert knowledge and literature review,0,mm,mean,,both,adult,,,,,,,,,,,
PreservedSpecimen,Insecta Hemiptera Rhyparochromidae Beosus maritimus,IngestFood,Functional trait analysis based on taxonomic identification and literature review,Piercing and sucking,mm,mean,,both,adult,,,,,,,,,,,
HumanObservation,Insecta Hemiptera Rhyparochromidae Beosus maritimus,ActDay,,1,mm,mean,,both,adult,,,,,,,,,,,
PreservedSpecimen,Insecta Hemiptera Rhyparochromidae Beosus maritimus,ActNig,,0,mm,mean,,both,adult,,,,,,,,,,,
HumanObservation,Insecta Hemiptera Rhyparochromidae Beosus maritimus,ActTwi,,0,mm,mean,,both,adult,,,,,,,,,,,
PreservedSpecimen,Insecta Hemiptera Rhyparochromidae Beosus maritimus,DispersaLdisp,,Not Applicable,mm,mean,,both,adult,,,,,,,,,,,
PreservedSpecimen,Insecta Hemiptera Coccidae Gen. sp.,Stand. body size,,-1.67,mm,mean,,both,adult,,,,,,,,,,,
PreservedSpecimen,Insecta Hemiptera Coccidae Gen. sp.,FoodPl,,1,mm,mean,,both,adult,,,,,,,,,,,
HumanObservation,Insecta Hemiptera Coccidae Gen. sp.,FoodAni,Literature review and expert consultation based on species descriptions and ecological research.,0,mm,mean,,both,adult,,,,,,,,,,,
PreservedSpecimen,Insecta Hemiptera Coccidae Gen. sp.,FoodFg,Functional trait determination based on expert knowledge and literature review of species characteristics,0,mm,mean,,both,adult,,,,,,,,,,,
PreservedSpecimen,Insecta Hemiptera Coccidae Gen. sp.,FoodDet,Functional trait assignment based on literature review and expert identification of collected specimens,0,mm,mean,,both,adult,,,,,,,,,,,
PreservedSpecimen,Insecta Hemiptera Coccidae Gen. sp.,FoodCopro,Functional trait determination based on expert knowledge and literature review,0,mm,mean,,both,adult,,,,,,,,,,,
PreservedSpecimen,Insecta Hemiptera Coccidae Gen. sp.,IngestFood,Functional trait analysis based on taxonomic identification and literature review,Piercing and sucking,mm,mean,,both,adult,,,,,,,,,,,
HumanObservation,Insecta Hemiptera Coccidae Gen. sp.,ActDay,,1,mm,mean,,both,adult,,,,,,,,,,,
PreservedSpecimen,Insecta Hemiptera Coccidae Gen. sp.,ActNig,,1,mm,mean,,both,adult,,,,,,,,,,,
HumanObservation,Insecta Hemiptera Coccidae Gen. sp.,ActTwi,,1,mm,mean,,both,adult,,,,,,,,,,,
PreservedSpecimen,Insecta Hemiptera Coccidae Gen. sp.,DispersaLdisp,,Not Applicable,mm,mean,,both,adult,,,,,,,,,,,
PreservedSpecimen,Insecta Hemiptera Cicadellidae Euscelidius variegatus,Stand. body size,,-0.17,mm,mean,,both,adult,,,,,,,,,,,
PreservedSpecimen,Insecta Hemiptera Cicadellidae Euscelidius variegatus,FoodPl,,1,mm,mean,,both,adult,,,,,,,,,,,
HumanObservation,Insecta Hemiptera Cicadellidae Euscelidius variegatus,FoodAni,Literature review and expert consultation based on species descriptions and ecological research.,0,mm,mean,,both,adult,,,,,,,,,,,
PreservedSpecimen,Insecta Hemiptera Cicadellidae Euscelidius variegatus,FoodFg,Functional trait determination based on expert knowledge and literature review of species characteristics,0,mm,mean,,both,adult,,,,,,,,,,,
PreservedSpecimen,Insecta Hemiptera Cicadellidae Euscelidius variegatus,FoodDet,Functional trait assignment based on literature review and expert identification of collected specimens,0,mm,mean,,both,adult,,,,,,,,,,,
PreservedSpecimen,Insecta Hemiptera Cicadellidae Euscelidius variegatus,FoodCopro,Functional trait determination based on expert knowledge and literature review,0,mm,mean,,both,adult,,,,,,,,,,,
PreservedSpecimen,Insecta Hemiptera Cicadellidae Euscelidius variegatus,IngestFood,Functional trait analysis based on taxonomic identification and literature review,Piercing and sucking,mm,mean,,both,adult,,,,,,,,,,,
HumanObservation,Insecta Hemiptera Cicadellidae Euscelidius variegatus,ActDay,,1,mm,mean,,both,adult,,,,,,,,,,,
PreservedSpecimen,Insecta Hemiptera Cicadellidae Euscelidius variegatus,ActNig,,0,mm,mean,,both,adult,,,,,,,,,,,
HumanObservation,Insecta Hemiptera Cicadellidae Euscelidius variegatus,ActTwi,,0,mm,mean,,both,adult,,,,,,,,,,,
PreservedSpecimen,Insecta Hemiptera Cicadellidae Euscelidius variegatus,DispersaLdisp,,High dispersal ability,mm,mean,,both,adult,,,,,,,,,,,
PreservedSpecimen,Insecta Hemiptera Cydnidae Geotomus punctulatus,Stand. body size,,0.31,mm,mean,,both,adult,,,,,,,,,,,
PreservedSpecimen,Insecta Hemiptera Cydnidae Geotomus punctulatus,FoodPl,,1,mm,mean,,both,adult,,,,,,,,,,,
HumanObservation,Insecta Hemiptera Cydnidae Geotomus punctulatus,FoodAni,Literature review and expert consultation based on species descriptions and ecological research.,0,mm,mean,,both,adult,,,,,,,,,,,
PreservedSpecimen,Insecta Hemiptera Cydnidae Geotomus punctulatus,FoodFg,Functional trait determination based on expert knowledge and literature review of species characteristics,0,mm,mean,,both,adult,,,,,,,,,,,
PreservedSpecimen,Insecta Hemiptera Cydnidae Geotomus punctulatus,FoodDet,Functional trait assignment based on literature review and expert identification of collected specimens,0,mm,mean,,both,adult,,,,,,,,,,,
PreservedSpecimen,Insecta Hemiptera Cydnidae Geotomus punctulatus,FoodCopro,Functional trait determination based on expert knowledge and literature review,0,mm,mean,,both,adult,,,,,,,,,,,
PreservedSpecimen,Insecta Hemiptera Cydnidae Geotomus punctulatus,IngestFood,Functional trait analysis based on taxonomic identification and literature review,Piercing and sucking,mm,mean,,both,adult,,,,,,,,,,,
HumanObservation,Insecta Hemiptera Cydnidae Geotomus punctulatus,ActDay,,1,mm,mean,,both,adult,,,,,,,,,,,
PreservedSpecimen,Insecta Hemiptera Cydnidae Geotomus punctulatus,ActNig,,1,mm,mean,,both,adult,,,,,,,,,,,
HumanObservation,Insecta Hemiptera Cydnidae Geotomus punctulatus,ActTwi,,1,mm,mean,,both,adult,,,,,,,,,,,
PreservedSpecimen,Insecta Hemiptera Cydnidae Geotomus punctulatus,DispersaLdisp,,High dispersal ability,mm,mean,,both,adult,,,,,,,,,,,
PreservedSpecimen,Insecta Hemiptera Delphacidae Kelisia ribauti,Stand. body size,,-0.63,mm,mean,,both,adult,,,,,,,,,,,
PreservedSpecimen,Insecta Hemiptera Delphacidae Kelisia ribauti,FoodPl,,1,mm,mean,,both,adult,,,,,,,,,,,
HumanObservation,Insecta Hemiptera Delphacidae Kelisia ribauti,FoodAni,Literature review and expert consultation based on species descriptions and ecological research.,0,mm,mean,,both,adult,,,,,,,,,,,
PreservedSpecimen,Insecta Hemiptera Delphacidae Kelisia ribauti,FoodFg,Functional trait determination based on expert knowledge and literature review of species characteristics,0,mm,mean,,both,adult,,,,,,,,,,,
PreservedSpecimen,Insecta Hemiptera Delphacidae Kelisia ribauti,FoodDet,Functional trait assignment based on literature review and expert identification of collected specimens,0,mm,mean,,both,adult,,,,,,,,,,,
PreservedSpecimen,Insecta Hemiptera Delphacidae Kelisia ribauti,FoodCopro,Functional trait determination based on expert knowledge and literature review,0,mm,mean,,both,adult,,,,,,,,,,,
PreservedSpecimen,Insecta Hemiptera Delphacidae Kelisia ribauti,IngestFood,Functional trait analysis based on taxonomic identification and literature review,Piercing and sucking,mm,mean,,both,adult,,,,,,,,,,,
HumanObservation,Insecta Hemiptera Delphacidae Kelisia ribauti,ActDay,,1,mm,mean,,both,adult,,,,,,,,,,,
PreservedSpecimen,Insecta Hemiptera Delphacidae Kelisia ribauti,ActNig,,0,mm,mean,,both,adult,,,,,,,,,,,
HumanObservation,Insecta Hemiptera Delphacidae Kelisia ribauti,ActTwi,,0,mm,mean,,both,adult,,,,,,,,,,,
PreservedSpecimen,Insecta Hemiptera Delphacidae Kelisia ribauti,DispersaLdisp,,Not Applicable,mm,mean,,both,adult,,,,,,,,,,,
PreservedSpecimen,Insecta Hemiptera Lygaeidae Kleidocerys ericae,Stand. body size,,0.62,mm,mean,,both,adult,,,,,,,,,,,
PreservedSpecimen,Insecta Hemiptera Lygaeidae Kleidocerys ericae,FoodPl,,1,mm,mean,,both,adult,,,,,,,,,,,
HumanObservation,Insecta Hemiptera Lygaeidae Kleidocerys ericae,FoodAni,Literature review and expert consultation based on species descriptions and ecological research.,0,mm,mean,,both,adult,,,,,,,,,,,
PreservedSpecimen,Insecta Hemiptera Lygaeidae Kleidocerys ericae,FoodFg,Functional trait determination based on expert knowledge and literature review of species characteristics,0,mm,mean,,both,adult,,,,,,,,,,,
PreservedSpecimen,Insecta Hemiptera Lygaeidae Kleidocerys ericae,FoodDet,Functional trait assignment based on literature review and expert identification of collected specimens,0,mm,mean,,both,adult,,,,,,,,,,,
PreservedSpecimen,Insecta Hemiptera Lygaeidae Kleidocerys ericae,FoodCopro,Functional trait determination based on expert knowledge and literature review,0,mm,mean,,both,adult,,,,,,,,,,,
PreservedSpecimen,Insecta Hemiptera Lygaeidae Kleidocerys ericae,IngestFood,Functional trait analysis based on taxonomic identification and literature review,Piercing and sucking,mm,mean,,both,adult,,,,,,,,,,,
HumanObservation,Insecta Hemiptera Lygaeidae Kleidocerys ericae,ActDay,,1,mm,mean,,both,adult,,,,,,,,,,,
PreservedSpecimen,Insecta Hemiptera Lygaeidae Kleidocerys ericae,ActNig,,0,mm,mean,,both,adult,,,,,,,,,,,
HumanObservation,Insecta Hemiptera Lygaeidae Kleidocerys ericae,ActTwi,,0,mm,mean,,both,adult,,,,,,,,,,,
PreservedSpecimen,Insecta Hemiptera Lygaeidae Kleidocerys ericae,DispersaLdisp,,Not Applicable,mm,mean,,both,adult,,,,,,,,,,,
PreservedSpecimen,Insecta Hemiptera Delphacidae Megamelodes quadrimaculatus,Stand. body size,,-0.43,mm,mean,,both,adult,,,,,,,,,,,
PreservedSpecimen,Insecta Hemiptera Delphacidae Megamelodes quadrimaculatus,FoodPl,,1,mm,mean,,both,adult,,,,,,,,,,,
HumanObservation,Insecta Hemiptera Delphacidae Megamelodes quadrimaculatus,FoodAni,Literature review and expert consultation based on species descriptions and ecological research.,0,mm,mean,,both,adult,,,,,,,,,,,
PreservedSpecimen,Insecta Hemiptera Delphacidae Megamelodes quadrimaculatus,FoodFg,Functional trait determination based on expert knowledge and literature review of species characteristics,0,mm,mean,,both,adult,,,,,,,,,,,
PreservedSpecimen,Insecta Hemiptera Delphacidae Megamelodes quadrimaculatus,FoodDet,Functional trait assignment based on literature review and expert identification of collected specimens,0,mm,mean,,both,adult,,,,,,,,,,,
PreservedSpecimen,Insecta Hemiptera Delphacidae Megamelodes quadrimaculatus,FoodCopro,Functional trait determination based on expert knowledge and literature review,0,mm,mean,,both,adult,,,,,,,,,,,
PreservedSpecimen,Insecta Hemiptera Delphacidae Megamelodes quadrimaculatus,IngestFood,Functional trait analysis based on taxonomic identification and literature review,Piercing and sucking,mm,mean,,both,adult,,,,,,,,,,,
HumanObservation,Insecta Hemiptera Delphacidae Megamelodes quadrimaculatus,ActDay,,1,mm,mean,,both,adult,,,,,,,,,,,
PreservedSpecimen,Insecta Hemiptera Delphacidae Megamelodes quadrimaculatus,ActNig,,0,mm,mean,,both,adult,,,,,,,,,,,
HumanObservation,Insecta Hemiptera Delphacidae Megamelodes quadrimaculatus,ActTwi,,0,mm,mean,,both,adult,,,,,,,,,,,
PreservedSpecimen,Insecta Hemiptera Delphacidae Megamelodes quadrimaculatus,DispersaLdisp,,High dispersal ability,mm,mean,,both,adult,,,,,,,,,,,
PreservedSpecimen,Insecta Hemiptera Nabidae Nabis pseudoferus ibericus,Stand. body size,,2.32,mm,mean,,both,adult,,,,,,,,,,,
PreservedSpecimen,Insecta Hemiptera Nabidae Nabis pseudoferus ibericus,FoodPl,,0,mm,mean,,both,adult,,,,,,,,,,,
HumanObservation,Insecta Hemiptera Nabidae Nabis pseudoferus ibericus,FoodAni,Literature review and expert consultation based on species descriptions and ecological research.,1,mm,mean,,both,adult,,,,,,,,,,,
PreservedSpecimen,Insecta Hemiptera Nabidae Nabis pseudoferus ibericus,FoodFg,Functional trait determination based on expert knowledge and literature review of species characteristics,0,mm,mean,,both,adult,,,,,,,,,,,
PreservedSpecimen,Insecta Hemiptera Nabidae Nabis pseudoferus ibericus,FoodDet,Functional trait assignment based on literature review and expert identification of collected specimens,0,mm,mean,,both,adult,,,,,,,,,,,
PreservedSpecimen,Insecta Hemiptera Nabidae Nabis pseudoferus ibericus,FoodCopro,Functional trait determination based on expert knowledge and literature review,0,mm,mean,,both,adult,,,,,,,,,,,
PreservedSpecimen,Insecta Hemiptera Nabidae Nabis pseudoferus ibericus,IngestFood,Functional trait analysis based on taxonomic identification and literature review,Piercing and sucking,mm,mean,,both,adult,,,,,,,,,,,
HumanObservation,Insecta Hemiptera Nabidae Nabis pseudoferus ibericus,ActDay,,1,mm,mean,,both,adult,,,,,,,,,,,
PreservedSpecimen,Insecta Hemiptera Nabidae Nabis pseudoferus ibericus,ActNig,,0,mm,mean,,both,adult,,,,,,,,,,,
HumanObservation,Insecta Hemiptera Nabidae Nabis pseudoferus ibericus,ActTwi,,0,mm,mean,,both,adult,,,,,,,,,,,
PreservedSpecimen,Insecta Hemiptera Nabidae Nabis pseudoferus ibericus,DispersaLdisp,,High dispersal ability,mm,mean,,both,adult,,,,,,,,,,,
PreservedSpecimen,Insecta Hemiptera Aphididae Rhopalosiphoninus latysiphon,Stand. body size,,-1.26,mm,mean,,both,adult,,,,,,,,,,,
PreservedSpecimen,Insecta Hemiptera Aphididae Rhopalosiphoninus latysiphon,FoodPl,,1,mm,mean,,both,adult,,,,,,,,,,,
HumanObservation,Insecta Hemiptera Aphididae Rhopalosiphoninus latysiphon,FoodAni,Literature review and expert consultation based on species descriptions and ecological research.,0,mm,mean,,both,adult,,,,,,,,,,,
PreservedSpecimen,Insecta Hemiptera Aphididae Rhopalosiphoninus latysiphon,FoodFg,Functional trait determination based on expert knowledge and literature review of species characteristics,0,mm,mean,,both,adult,,,,,,,,,,,
PreservedSpecimen,Insecta Hemiptera Aphididae Rhopalosiphoninus latysiphon,FoodDet,Functional trait assignment based on literature review and expert identification of collected specimens,0,mm,mean,,both,adult,,,,,,,,,,,
PreservedSpecimen,Insecta Hemiptera Aphididae Rhopalosiphoninus latysiphon,FoodCopro,Functional trait determination based on expert knowledge and literature review,0,mm,mean,,both,adult,,,,,,,,,,,
PreservedSpecimen,Insecta Hemiptera Aphididae Rhopalosiphoninus latysiphon,IngestFood,Functional trait analysis based on taxonomic identification and literature review,Piercing and sucking,mm,mean,,both,adult,,,,,,,,,,,
HumanObservation,Insecta Hemiptera Aphididae Rhopalosiphoninus latysiphon,ActDay,,1,mm,mean,,both,adult,,,,,,,,,,,
PreservedSpecimen,Insecta Hemiptera Aphididae Rhopalosiphoninus latysiphon,ActNig,,0,mm,mean,,both,adult,,,,,,,,,,,
HumanObservation,Insecta Hemiptera Aphididae Rhopalosiphoninus latysiphon,ActTwi,,0,mm,mean,,both,adult,,,,,,,,,,,
PreservedSpecimen,Insecta Hemiptera Aphididae Rhopalosiphoninus latysiphon,DispersaLdisp,,Not Applicable,mm,mean,,both,adult,,,,,,,,,,,
PreservedSpecimen,Insecta Hemiptera Saldidae Saldula palustris,Stand. body size,,-0.35,mm,mean,,both,adult,,,,,,,,,,,
PreservedSpecimen,Insecta Hemiptera Saldidae Saldula palustris,FoodPl,,0,mm,mean,,both,adult,,,,,,,,,,,
HumanObservation,Insecta Hemiptera Saldidae Saldula palustris,FoodAni,Literature review and expert consultation based on species descriptions and ecological research.,1,mm,mean,,both,adult,,,,,,,,,,,
PreservedSpecimen,Insecta Hemiptera Saldidae Saldula palustris,FoodFg,Functional trait determination based on expert knowledge and literature review of species characteristics,0,mm,mean,,both,adult,,,,,,,,,,,
PreservedSpecimen,Insecta Hemiptera Saldidae Saldula palustris,FoodDet,Functional trait assignment based on literature review and expert identification of collected specimens,0,mm,mean,,both,adult,,,,,,,,,,,
PreservedSpecimen,Insecta Hemiptera Saldidae Saldula palustris,FoodCopro,Functional trait determination based on expert knowledge and literature review,0,mm,mean,,both,adult,,,,,,,,,,,
PreservedSpecimen,Insecta Hemiptera Saldidae Saldula palustris,IngestFood,Functional trait analysis based on taxonomic identification and literature review,Piercing and sucking,mm,mean,,both,adult,,,,,,,,,,,
HumanObservation,Insecta Hemiptera Saldidae Saldula palustris,ActDay,,0,mm,mean,,both,adult,,,,,,,,,,,
PreservedSpecimen,Insecta Hemiptera Saldidae Saldula palustris,ActNig,,1,mm,mean,,both,adult,,,,,,,,,,,
HumanObservation,Insecta Hemiptera Saldidae Saldula palustris,ActTwi,,0,mm,mean,,both,adult,,,,,,,,,,,
PreservedSpecimen,Insecta Hemiptera Saldidae Saldula palustris,DispersaLdisp,,High dispersal ability,mm,mean,,both,adult,,,,,,,,,,,
PreservedSpecimen,Insecta Hemiptera Rhyparochromidae Scolopostethus decoratus,Stand. body size,,0.36,mm,mean,,both,adult,,,,,,,,,,,
PreservedSpecimen,Insecta Hemiptera Rhyparochromidae Scolopostethus decoratus,FoodPl,,1,mm,mean,,both,adult,,,,,,,,,,,
HumanObservation,Insecta Hemiptera Rhyparochromidae Scolopostethus decoratus,FoodAni,Literature review and expert consultation based on species descriptions and ecological research.,0,mm,mean,,both,adult,,,,,,,,,,,
PreservedSpecimen,Insecta Hemiptera Rhyparochromidae Scolopostethus decoratus,FoodFg,Functional trait determination based on expert knowledge and literature review of species characteristics,0,mm,mean,,both,adult,,,,,,,,,,,
PreservedSpecimen,Insecta Hemiptera Rhyparochromidae Scolopostethus decoratus,FoodDet,Functional trait assignment based on literature review and expert identification of collected specimens,0,mm,mean,,both,adult,,,,,,,,,,,
PreservedSpecimen,Insecta Hemiptera Rhyparochromidae Scolopostethus decoratus,FoodCopro,Functional trait determination based on expert knowledge and literature review,0,mm,mean,,both,adult,,,,,,,,,,,
PreservedSpecimen,Insecta Hemiptera Rhyparochromidae Scolopostethus decoratus,IngestFood,Functional trait analysis based on taxonomic identification and literature review,Piercing and sucking,mm,mean,,both,adult,,,,,,,,,,,
HumanObservation,Insecta Hemiptera Rhyparochromidae Scolopostethus decoratus,ActDay,,1,mm,mean,,both,adult,,,,,,,,,,,
PreservedSpecimen,Insecta Hemiptera Rhyparochromidae Scolopostethus decoratus,ActNig,,0,mm,mean,,both,adult,,,,,,,,,,,
HumanObservation,Insecta Hemiptera Rhyparochromidae Scolopostethus decoratus,ActTwi,,0,mm,mean,,both,adult,,,,,,,,,,,
PreservedSpecimen,Insecta Hemiptera Rhyparochromidae Scolopostethus decoratus,DispersaLdisp,,High dispersal ability,mm,mean,,both,adult,,,,,,,,,,,
PreservedSpecimen,Insecta Hymenoptera Apidae Bombus ruderatus,Stand. body size,,-0.21,mm,mean,,both,adult,,,,,,,,,,,
PreservedSpecimen,Insecta Hymenoptera Apidae Bombus ruderatus,FoodPl,,1,mm,mean,,both,adult,,,,,,,,,,,
HumanObservation,Insecta Hymenoptera Apidae Bombus ruderatus,FoodAni,Literature review and expert consultation based on species descriptions and ecological research.,0,mm,mean,,both,adult,,,,,,,,,,,
PreservedSpecimen,Insecta Hymenoptera Apidae Bombus ruderatus,FoodFg,Functional trait determination based on expert knowledge and literature review of species characteristics,0,mm,mean,,both,adult,,,,,,,,,,,
PreservedSpecimen,Insecta Hymenoptera Apidae Bombus ruderatus,FoodDet,Functional trait assignment based on literature review and expert identification of collected specimens,0,mm,mean,,both,adult,,,,,,,,,,,
PreservedSpecimen,Insecta Hymenoptera Apidae Bombus ruderatus,FoodCopro,Functional trait determination based on expert knowledge and literature review,0,mm,mean,,both,adult,,,,,,,,,,,
PreservedSpecimen,Insecta Hymenoptera Apidae Bombus ruderatus,IngestFood,Functional trait analysis based on taxonomic identification and literature review,Piercing and sucking,mm,mean,,both,adult,,,,,,,,,,,
HumanObservation,Insecta Hymenoptera Apidae Bombus ruderatus,ActDay,,1,mm,mean,,both,adult,,,,,,,,,,,
PreservedSpecimen,Insecta Hymenoptera Apidae Bombus ruderatus,ActNig,,0,mm,mean,,both,adult,,,,,,,,,,,
HumanObservation,Insecta Hymenoptera Apidae Bombus ruderatus,ActTwi,,0,mm,mean,,both,adult,,,,,,,,,,,
PreservedSpecimen,Insecta Hymenoptera Apidae Bombus ruderatus,DispersaLdisp,,Not Applicable,mm,mean,,both,adult,,,,,,,,,,,
PreservedSpecimen,Insecta Hymenoptera Formicidae Hypoponera sp.,Stand. body size,,NA,mm,mean,,both,adult,,,,,,,,,,,
PreservedSpecimen,Insecta Hymenoptera Formicidae Hypoponera sp.,FoodPl,,1,mm,mean,,both,adult,,,,,,,,,,,
HumanObservation,Insecta Hymenoptera Formicidae Hypoponera sp.,FoodAni,Literature review and expert consultation based on species descriptions and ecological research.,1,mm,mean,,both,adult,,,,,,,,,,,
PreservedSpecimen,Insecta Hymenoptera Formicidae Hypoponera sp.,FoodFg,Functional trait determination based on expert knowledge and literature review of species characteristics,1,mm,mean,,both,adult,,,,,,,,,,,
PreservedSpecimen,Insecta Hymenoptera Formicidae Hypoponera sp.,FoodDet,Functional trait assignment based on literature review and expert identification of collected specimens,1,mm,mean,,both,adult,,,,,,,,,,,
PreservedSpecimen,Insecta Hymenoptera Formicidae Hypoponera sp.,FoodCopro,Functional trait determination based on expert knowledge and literature review,1,mm,mean,,both,adult,,,,,,,,,,,
PreservedSpecimen,Insecta Hymenoptera Formicidae Hypoponera sp.,IngestFood,Functional trait analysis based on taxonomic identification and literature review,Chewing and cutting,mm,mean,,both,adult,,,,,,,,,,,
HumanObservation,Insecta Hymenoptera Formicidae Hypoponera sp.,ActDay,,1,mm,mean,,both,adult,,,,,,,,,,,
PreservedSpecimen,Insecta Hymenoptera Formicidae Hypoponera sp.,ActNig,,1,mm,mean,,both,adult,,,,,,,,,,,
HumanObservation,Insecta Hymenoptera Formicidae Hypoponera sp.,ActTwi,,1,mm,mean,,both,adult,,,,,,,,,,,
PreservedSpecimen,Insecta Hymenoptera Formicidae Hypoponera sp.,DispersaLdisp,,Not Applicable,mm,mean,,both,adult,,,,,,,,,,,
PreservedSpecimen,Insecta Hymenoptera Formicidae Hypoponera eduardi,Stand. body size,,1.85,mm,mean,,both,adult,,,,,,,,,,,
PreservedSpecimen,Insecta Hymenoptera Formicidae Hypoponera eduardi,FoodPl,,1,mm,mean,,both,adult,,,,,,,,,,,
HumanObservation,Insecta Hymenoptera Formicidae Hypoponera eduardi,FoodAni,Literature review and expert consultation based on species descriptions and ecological research.,1,mm,mean,,both,adult,,,,,,,,,,,
PreservedSpecimen,Insecta Hymenoptera Formicidae Hypoponera eduardi,FoodFg,Functional trait determination based on expert knowledge and literature review of species characteristics,1,mm,mean,,both,adult,,,,,,,,,,,
PreservedSpecimen,Insecta Hymenoptera Formicidae Hypoponera eduardi,FoodDet,Functional trait assignment based on literature review and expert identification of collected specimens,1,mm,mean,,both,adult,,,,,,,,,,,
PreservedSpecimen,Insecta Hymenoptera Formicidae Hypoponera eduardi,FoodCopro,Functional trait determination based on expert knowledge and literature review,1,mm,mean,,both,adult,,,,,,,,,,,
PreservedSpecimen,Insecta Hymenoptera Formicidae Hypoponera eduardi,IngestFood,Functional trait analysis based on taxonomic identification and literature review,Chewing and cutting,mm,mean,,both,adult,,,,,,,,,,,
HumanObservation,Insecta Hymenoptera Formicidae Hypoponera eduardi,ActDay,,1,mm,mean,,both,adult,,,,,,,,,,,
PreservedSpecimen,Insecta Hymenoptera Formicidae Hypoponera eduardi,ActNig,,1,mm,mean,,both,adult,,,,,,,,,,,
HumanObservation,Insecta Hymenoptera Formicidae Hypoponera eduardi,ActTwi,,1,mm,mean,,both,adult,,,,,,,,,,,
PreservedSpecimen,Insecta Hymenoptera Formicidae Hypoponera eduardi,DispersaLdisp,,Not Applicable,mm,mean,,both,adult,,,,,,,,,,,
PreservedSpecimen,Insecta Hymenoptera Formicidae Lasius grandis,Stand. body size,,-0.88,mm,mean,,both,adult,,,,,,,,,,,
PreservedSpecimen,Insecta Hymenoptera Formicidae Lasius grandis,FoodPl,,1,mm,mean,,both,adult,,,,,,,,,,,
HumanObservation,Insecta Hymenoptera Formicidae Lasius grandis,FoodAni,Literature review and expert consultation based on species descriptions and ecological research.,1,mm,mean,,both,adult,,,,,,,,,,,
PreservedSpecimen,Insecta Hymenoptera Formicidae Lasius grandis,FoodFg,Functional trait determination based on expert knowledge and literature review of species characteristics,1,mm,mean,,both,adult,,,,,,,,,,,
PreservedSpecimen,Insecta Hymenoptera Formicidae Lasius grandis,FoodDet,Functional trait assignment based on literature review and expert identification of collected specimens,1,mm,mean,,both,adult,,,,,,,,,,,
PreservedSpecimen,Insecta Hymenoptera Formicidae Lasius grandis,FoodCopro,Functional trait determination based on expert knowledge and literature review,1,mm,mean,,both,adult,,,,,,,,,,,
PreservedSpecimen,Insecta Hymenoptera Formicidae Lasius grandis,IngestFood,Functional trait analysis based on taxonomic identification and literature review,Chewing and cutting,mm,mean,,both,adult,,,,,,,,,,,
HumanObservation,Insecta Hymenoptera Formicidae Lasius grandis,ActDay,,1,mm,mean,,both,adult,,,,,,,,,,,
PreservedSpecimen,Insecta Hymenoptera Formicidae Lasius grandis,ActNig,,1,mm,mean,,both,adult,,,,,,,,,,,
HumanObservation,Insecta Hymenoptera Formicidae Lasius grandis,ActTwi,,1,mm,mean,,both,adult,,,,,,,,,,,
PreservedSpecimen,Insecta Hymenoptera Formicidae Lasius grandis,DispersaLdisp,,Not Applicable,mm,mean,,both,adult,,,,,,,,,,,
PreservedSpecimen,Insecta Hymenoptera Formicidae Linepithema humile,Stand. body size,,NA,mm,mean,,both,adult,,,,,,,,,,,
PreservedSpecimen,Insecta Hymenoptera Formicidae Linepithema humile,FoodPl,,1,mm,mean,,both,adult,,,,,,,,,,,
HumanObservation,Insecta Hymenoptera Formicidae Linepithema humile,FoodAni,Literature review and expert consultation based on species descriptions and ecological research.,1,mm,mean,,both,adult,,,,,,,,,,,
PreservedSpecimen,Insecta Hymenoptera Formicidae Linepithema humile,FoodFg,Functional trait determination based on expert knowledge and literature review of species characteristics,1,mm,mean,,both,adult,,,,,,,,,,,
PreservedSpecimen,Insecta Hymenoptera Formicidae Linepithema humile,FoodDet,Functional trait assignment based on literature review and expert identification of collected specimens,1,mm,mean,,both,adult,,,,,,,,,,,
PreservedSpecimen,Insecta Hymenoptera Formicidae Linepithema humile,FoodCopro,Functional trait determination based on expert knowledge and literature review,1,mm,mean,,both,adult,,,,,,,,,,,
PreservedSpecimen,Insecta Hymenoptera Formicidae Linepithema humile,IngestFood,Functional trait analysis based on taxonomic identification and literature review,Chewing and cutting,mm,mean,,both,adult,,,,,,,,,,,
HumanObservation,Insecta Hymenoptera Formicidae Linepithema humile,ActDay,,1,mm,mean,,both,adult,,,,,,,,,,,
PreservedSpecimen,Insecta Hymenoptera Formicidae Linepithema humile,ActNig,,1,mm,mean,,both,adult,,,,,,,,,,,
HumanObservation,Insecta Hymenoptera Formicidae Linepithema humile,ActTwi,,1,mm,mean,,both,adult,,,,,,,,,,,
PreservedSpecimen,Insecta Hymenoptera Formicidae Linepithema humile,DispersaLdisp,,Not Applicable,mm,mean,,both,adult,,,,,,,,,,,
PreservedSpecimen,Insecta Hymenoptera Formicidae Monomorium carbonarium,Stand. body size,,0.11,mm,mean,,both,adult,,,,,,,,,,,
PreservedSpecimen,Insecta Hymenoptera Formicidae Monomorium carbonarium,FoodPl,,1,mm,mean,,both,adult,,,,,,,,,,,
HumanObservation,Insecta Hymenoptera Formicidae Monomorium carbonarium,FoodAni,Literature review and expert consultation based on species descriptions and ecological research.,1,mm,mean,,both,adult,,,,,,,,,,,
PreservedSpecimen,Insecta Hymenoptera Formicidae Monomorium carbonarium,FoodFg,Functional trait determination based on expert knowledge and literature review of species characteristics,1,mm,mean,,both,adult,,,,,,,,,,,
PreservedSpecimen,Insecta Hymenoptera Formicidae Monomorium carbonarium,FoodDet,Functional trait assignment based on literature review and expert identification of collected specimens,1,mm,mean,,both,adult,,,,,,,,,,,
PreservedSpecimen,Insecta Hymenoptera Formicidae Monomorium carbonarium,FoodCopro,Functional trait determination based on expert knowledge and literature review,1,mm,mean,,both,adult,,,,,,,,,,,
PreservedSpecimen,Insecta Hymenoptera Formicidae Monomorium carbonarium,IngestFood,Functional trait analysis based on taxonomic identification and literature review,Chewing and cutting,mm,mean,,both,adult,,,,,,,,,,,
HumanObservation,Insecta Hymenoptera Formicidae Monomorium carbonarium,ActDay,,1,mm,mean,,both,adult,,,,,,,,,,,
PreservedSpecimen,Insecta Hymenoptera Formicidae Monomorium carbonarium,ActNig,,1,mm,mean,,both,adult,,,,,,,,,,,
HumanObservation,Insecta Hymenoptera Formicidae Monomorium carbonarium,ActTwi,,1,mm,mean,,both,adult,,,,,,,,,,,
PreservedSpecimen,Insecta Hymenoptera Formicidae Monomorium carbonarium,DispersaLdisp,,Not Applicable,mm,mean,,both,adult,,,,,,,,,,,
PreservedSpecimen,Insecta Hymenoptera Formicidae Tetramorium caespitum,Stand. body size,,-0.86,mm,mean,,both,adult,,,,,,,,,,,
PreservedSpecimen,Insecta Hymenoptera Formicidae Tetramorium caespitum,FoodPl,,1,mm,mean,,both,adult,,,,,,,,,,,
HumanObservation,Insecta Hymenoptera Formicidae Tetramorium caespitum,FoodAni,Literature review and expert consultation based on species descriptions and ecological research.,1,mm,mean,,both,adult,,,,,,,,,,,
PreservedSpecimen,Insecta Hymenoptera Formicidae Tetramorium caespitum,FoodFg,Functional trait determination based on expert knowledge and literature review of species characteristics,1,mm,mean,,both,adult,,,,,,,,,,,
PreservedSpecimen,Insecta Hymenoptera Formicidae Tetramorium caespitum,FoodDet,Functional trait assignment based on literature review and expert identification of collected specimens,1,mm,mean,,both,adult,,,,,,,,,,,
PreservedSpecimen,Insecta Hymenoptera Formicidae Tetramorium caespitum,FoodCopro,Functional trait determination based on expert knowledge and literature review,1,mm,mean,,both,adult,,,,,,,,,,,
PreservedSpecimen,Insecta Hymenoptera Formicidae Tetramorium caespitum,IngestFood,Functional trait analysis based on taxonomic identification and literature review,Chewing and cutting,mm,mean,,both,adult,,,,,,,,,,,
HumanObservation,Insecta Hymenoptera Formicidae Tetramorium caespitum,ActDay,,1,mm,mean,,both,adult,,,,,,,,,,,
PreservedSpecimen,Insecta Hymenoptera Formicidae Tetramorium caespitum,ActNig,,1,mm,mean,,both,adult,,,,,,,,,,,
HumanObservation,Insecta Hymenoptera Formicidae Tetramorium caespitum,ActTwi,,1,mm,mean,,both,adult,,,,,,,,,,,
PreservedSpecimen,Insecta Hymenoptera Formicidae Tetramorium caespitum,DispersaLdisp,,Not Applicable,mm,mean,,both,adult,,,,,,,,,,,
PreservedSpecimen,Diplopoda Julida Blaniulidae Blaniulus guttulatus,Stand. body size,,-0.95,mm,mean,,both,adult,,,,,,,,,,,
PreservedSpecimen,Diplopoda Julida Blaniulidae Blaniulus guttulatus,FoodPl,,1,mm,mean,,both,adult,,,,,,,,,,,
HumanObservation,Diplopoda Julida Blaniulidae Blaniulus guttulatus,FoodAni,Literature review and expert consultation based on species descriptions and ecological research.,0,mm,mean,,both,adult,,,,,,,,,,,
PreservedSpecimen,Diplopoda Julida Blaniulidae Blaniulus guttulatus,FoodFg,Functional trait determination based on expert knowledge and literature review of species characteristics,0,mm,mean,,both,adult,,,,,,,,,,,
PreservedSpecimen,Diplopoda Julida Blaniulidae Blaniulus guttulatus,FoodDet,Functional trait assignment based on literature review and expert identification of collected specimens,1,mm,mean,,both,adult,,,,,,,,,,,
PreservedSpecimen,Diplopoda Julida Blaniulidae Blaniulus guttulatus,FoodCopro,Functional trait determination based on expert knowledge and literature review,0,mm,mean,,both,adult,,,,,,,,,,,
PreservedSpecimen,Diplopoda Julida Blaniulidae Blaniulus guttulatus,IngestFood,Functional trait analysis based on taxonomic identification and literature review,Chewing and cutting,mm,mean,,both,adult,,,,,,,,,,,
HumanObservation,Diplopoda Julida Blaniulidae Blaniulus guttulatus,ActDay,,0,mm,mean,,both,adult,,,,,,,,,,,
PreservedSpecimen,Diplopoda Julida Blaniulidae Blaniulus guttulatus,ActNig,,1,mm,mean,,both,adult,,,,,,,,,,,
HumanObservation,Diplopoda Julida Blaniulidae Blaniulus guttulatus,ActTwi,,0,mm,mean,,both,adult,,,,,,,,,,,
PreservedSpecimen,Diplopoda Julida Blaniulidae Blaniulus guttulatus,DispersaLdisp,,Low dispersal ability,mm,mean,,both,adult,,,,,,,,,,,
PreservedSpecimen,Diplopoda Julida Julidae Cylindroiulus propinquus,Stand. body size,,1.13,mm,mean,,both,adult,,,,,,,,,,,
PreservedSpecimen,Diplopoda Julida Julidae Cylindroiulus propinquus,FoodPl,,0,mm,mean,,both,adult,,,,,,,,,,,
HumanObservation,Diplopoda Julida Julidae Cylindroiulus propinquus,FoodAni,Literature review and expert consultation based on species descriptions and ecological research.,0,mm,mean,,both,adult,,,,,,,,,,,
PreservedSpecimen,Diplopoda Julida Julidae Cylindroiulus propinquus,FoodFg,Functional trait determination based on expert knowledge and literature review of species characteristics,0,mm,mean,,both,adult,,,,,,,,,,,
PreservedSpecimen,Diplopoda Julida Julidae Cylindroiulus propinquus,FoodDet,Functional trait assignment based on literature review and expert identification of collected specimens,1,mm,mean,,both,adult,,,,,,,,,,,
PreservedSpecimen,Diplopoda Julida Julidae Cylindroiulus propinquus,FoodCopro,Functional trait determination based on expert knowledge and literature review,0,mm,mean,,both,adult,,,,,,,,,,,
PreservedSpecimen,Diplopoda Julida Julidae Cylindroiulus propinquus,IngestFood,Functional trait analysis based on taxonomic identification and literature review,Chewing and cutting,mm,mean,,both,adult,,,,,,,,,,,
HumanObservation,Diplopoda Julida Julidae Cylindroiulus propinquus,ActDay,,0,mm,mean,,both,adult,,,,,,,,,,,
PreservedSpecimen,Diplopoda Julida Julidae Cylindroiulus propinquus,ActNig,,1,mm,mean,,both,adult,,,,,,,,,,,
HumanObservation,Diplopoda Julida Julidae Cylindroiulus propinquus,ActTwi,,0,mm,mean,,both,adult,,,,,,,,,,,
PreservedSpecimen,Diplopoda Julida Julidae Cylindroiulus propinquus,DispersaLdisp,,Low dispersal ability,mm,mean,,both,adult,,,,,,,,,,,
PreservedSpecimen,Diplopoda Julida Blaniulidae Nopoiulus kochii,Stand. body size,,-0.83,mm,mean,,both,adult,,,,,,,,,,,
PreservedSpecimen,Diplopoda Julida Blaniulidae Nopoiulus kochii,FoodPl,,1,mm,mean,,both,adult,,,,,,,,,,,
HumanObservation,Diplopoda Julida Blaniulidae Nopoiulus kochii,FoodAni,Literature review and expert consultation based on species descriptions and ecological research.,0,mm,mean,,both,adult,,,,,,,,,,,
PreservedSpecimen,Diplopoda Julida Blaniulidae Nopoiulus kochii,FoodFg,Functional trait determination based on expert knowledge and literature review of species characteristics,0,mm,mean,,both,adult,,,,,,,,,,,
PreservedSpecimen,Diplopoda Julida Blaniulidae Nopoiulus kochii,FoodDet,Functional trait assignment based on literature review and expert identification of collected specimens,1,mm,mean,,both,adult,,,,,,,,,,,
PreservedSpecimen,Diplopoda Julida Blaniulidae Nopoiulus kochii,FoodCopro,Functional trait determination based on expert knowledge and literature review,0,mm,mean,,both,adult,,,,,,,,,,,
PreservedSpecimen,Diplopoda Julida Blaniulidae Nopoiulus kochii,IngestFood,Functional trait analysis based on taxonomic identification and literature review,Chewing and cutting,mm,mean,,both,adult,,,,,,,,,,,
HumanObservation,Diplopoda Julida Blaniulidae Nopoiulus kochii,ActDay,,0,mm,mean,,both,adult,,,,,,,,,,,
PreservedSpecimen,Diplopoda Julida Blaniulidae Nopoiulus kochii,ActNig,,1,mm,mean,,both,adult,,,,,,,,,,,
HumanObservation,Diplopoda Julida Blaniulidae Nopoiulus kochii,ActTwi,,0,mm,mean,,both,adult,,,,,,,,,,,
PreservedSpecimen,Diplopoda Julida Blaniulidae Nopoiulus kochii,DispersaLdisp,,Not Applicable,mm,mean,,both,adult,,,,,,,,,,,
PreservedSpecimen,Diplopoda Julida Julidae Ommatoiulus moreleti,Stand. body size,,1.31,mm,mean,,both,adult,,,,,,,,,,,
PreservedSpecimen,Diplopoda Julida Julidae Ommatoiulus moreleti,FoodPl,,1,mm,mean,,both,adult,,,,,,,,,,,
HumanObservation,Diplopoda Julida Julidae Ommatoiulus moreleti,FoodAni,Literature review and expert consultation based on species descriptions and ecological research.,0,mm,mean,,both,adult,,,,,,,,,,,
PreservedSpecimen,Diplopoda Julida Julidae Ommatoiulus moreleti,FoodFg,Functional trait determination based on expert knowledge and literature review of species characteristics,0,mm,mean,,both,adult,,,,,,,,,,,
PreservedSpecimen,Diplopoda Julida Julidae Ommatoiulus moreleti,FoodDet,Functional trait assignment based on literature review and expert identification of collected specimens,1,mm,mean,,both,adult,,,,,,,,,,,
PreservedSpecimen,Diplopoda Julida Julidae Ommatoiulus moreleti,FoodCopro,Functional trait determination based on expert knowledge and literature review,0,mm,mean,,both,adult,,,,,,,,,,,
PreservedSpecimen,Diplopoda Julida Julidae Ommatoiulus moreleti,IngestFood,Functional trait analysis based on taxonomic identification and literature review,Chewing and cutting,mm,mean,,both,adult,,,,,,,,,,,
HumanObservation,Diplopoda Julida Julidae Ommatoiulus moreleti,ActDay,,0,mm,mean,,both,adult,,,,,,,,,,,
PreservedSpecimen,Diplopoda Julida Julidae Ommatoiulus moreleti,ActNig,,1,mm,mean,,both,adult,,,,,,,,,,,
HumanObservation,Diplopoda Julida Julidae Ommatoiulus moreleti,ActTwi,,0,mm,mean,,both,adult,,,,,,,,,,,
PreservedSpecimen,Diplopoda Julida Julidae Ommatoiulus moreleti,DispersaLdisp,,Low dispersal ability,mm,mean,,both,adult,,,,,,,,,,,
PreservedSpecimen,Diplopoda Julida Blaniulidae Proteroiulus fuscus,Stand. body size,,-0.65,mm,mean,,both,adult,,,,,,,,,,,
PreservedSpecimen,Diplopoda Julida Blaniulidae Proteroiulus fuscus,FoodPl,,1,mm,mean,,both,adult,,,,,,,,,,,
HumanObservation,Diplopoda Julida Blaniulidae Proteroiulus fuscus,FoodAni,Literature review and expert consultation based on species descriptions and ecological research.,0,mm,mean,,both,adult,,,,,,,,,,,
PreservedSpecimen,Diplopoda Julida Blaniulidae Proteroiulus fuscus,FoodFg,Functional trait determination based on expert knowledge and literature review of species characteristics,0,mm,mean,,both,adult,,,,,,,,,,,
PreservedSpecimen,Diplopoda Julida Blaniulidae Proteroiulus fuscus,FoodDet,Functional trait assignment based on literature review and expert identification of collected specimens,1,mm,mean,,both,adult,,,,,,,,,,,
PreservedSpecimen,Diplopoda Julida Blaniulidae Proteroiulus fuscus,FoodCopro,Functional trait determination based on expert knowledge and literature review,0,mm,mean,,both,adult,,,,,,,,,,,
PreservedSpecimen,Diplopoda Julida Blaniulidae Proteroiulus fuscus,IngestFood,Functional trait analysis based on taxonomic identification and literature review,Chewing and cutting,mm,mean,,both,adult,,,,,,,,,,,
HumanObservation,Diplopoda Julida Blaniulidae Proteroiulus fuscus,ActDay,,0,mm,mean,,both,adult,,,,,,,,,,,
PreservedSpecimen,Diplopoda Julida Blaniulidae Proteroiulus fuscus,ActNig,,1,mm,mean,,both,adult,,,,,,,,,,,
HumanObservation,Diplopoda Julida Blaniulidae Proteroiulus fuscus,ActTwi,,0,mm,mean,,both,adult,,,,,,,,,,,
PreservedSpecimen,Diplopoda Julida Blaniulidae Proteroiulus fuscus,DispersaLdisp,,Low dispersal ability,mm,mean,,both,adult,,,,,,,,,,,
PreservedSpecimen,Insecta Lepidoptera Noctuidae Agrotis sp.,Stand. body size,,NA,mm,mean,,both,adult,,,,,,,,,,,
PreservedSpecimen,Insecta Lepidoptera Noctuidae Agrotis sp.,FoodPl,,1,mm,mean,,both,adult,,,,,,,,,,,
HumanObservation,Insecta Lepidoptera Noctuidae Agrotis sp.,FoodAni,Literature review and expert consultation based on species descriptions and ecological research.,0,mm,mean,,both,adult,,,,,,,,,,,
PreservedSpecimen,Insecta Lepidoptera Noctuidae Agrotis sp.,FoodFg,Functional trait determination based on expert knowledge and literature review of species characteristics,0,mm,mean,,both,adult,,,,,,,,,,,
PreservedSpecimen,Insecta Lepidoptera Noctuidae Agrotis sp.,FoodDet,Functional trait assignment based on literature review and expert identification of collected specimens,0,mm,mean,,both,adult,,,,,,,,,,,
PreservedSpecimen,Insecta Lepidoptera Noctuidae Agrotis sp.,FoodCopro,Functional trait determination based on expert knowledge and literature review,0,mm,mean,,both,adult,,,,,,,,,,,
PreservedSpecimen,Insecta Lepidoptera Noctuidae Agrotis sp.,IngestFood,Functional trait analysis based on taxonomic identification and literature review,Chewing and cutting,mm,mean,,both,adult,,,,,,,,,,,
HumanObservation,Insecta Lepidoptera Noctuidae Agrotis sp.,ActDay,,0,mm,mean,,both,adult,,,,,,,,,,,
PreservedSpecimen,Insecta Lepidoptera Noctuidae Agrotis sp.,ActNig,,1,mm,mean,,both,adult,,,,,,,,,,,
HumanObservation,Insecta Lepidoptera Noctuidae Agrotis sp.,ActTwi,,0,mm,mean,,both,adult,,,,,,,,,,,
PreservedSpecimen,Insecta Lepidoptera Noctuidae Agrotis sp.,DispersaLdisp,,Low dispersal ability,mm,mean,,both,adult,,,,,,,,,,,
PreservedSpecimen,Insecta Lepidoptera Noctuidae Mythimna unipuncta,Stand. body size,,-1,mm,mean,,both,adult,,,,,,,,,,,
PreservedSpecimen,Insecta Lepidoptera Noctuidae Mythimna unipuncta,FoodPl,,1,mm,mean,,both,adult,,,,,,,,,,,
HumanObservation,Insecta Lepidoptera Noctuidae Mythimna unipuncta,FoodAni,Literature review and expert consultation based on species descriptions and ecological research.,0,mm,mean,,both,adult,,,,,,,,,,,
PreservedSpecimen,Insecta Lepidoptera Noctuidae Mythimna unipuncta,FoodFg,Functional trait determination based on expert knowledge and literature review of species characteristics,0,mm,mean,,both,adult,,,,,,,,,,,
PreservedSpecimen,Insecta Lepidoptera Noctuidae Mythimna unipuncta,FoodDet,Functional trait assignment based on literature review and expert identification of collected specimens,0,mm,mean,,both,adult,,,,,,,,,,,
PreservedSpecimen,Insecta Lepidoptera Noctuidae Mythimna unipuncta,FoodCopro,Functional trait determination based on expert knowledge and literature review,0,mm,mean,,both,adult,,,,,,,,,,,
PreservedSpecimen,Insecta Lepidoptera Noctuidae Mythimna unipuncta,IngestFood,Functional trait analysis based on taxonomic identification and literature review,Chewing and cutting,mm,mean,,both,adult,,,,,,,,,,,
HumanObservation,Insecta Lepidoptera Noctuidae Mythimna unipuncta,ActDay,,0,mm,mean,,both,adult,,,,,,,,,,,
PreservedSpecimen,Insecta Lepidoptera Noctuidae Mythimna unipuncta,ActNig,,1,mm,mean,,both,adult,,,,,,,,,,,
HumanObservation,Insecta Lepidoptera Noctuidae Mythimna unipuncta,ActTwi,,0,mm,mean,,both,adult,,,,,,,,,,,
PreservedSpecimen,Insecta Lepidoptera Noctuidae Mythimna unipuncta,DispersaLdisp,,High dispersal ability,mm,mean,,both,adult,,,,,,,,,,,
PreservedSpecimen,Insecta Lepidoptera Noctuidae Gen. sp.,Stand. body size,,1,mm,mean,,both,adult,,,,,,,,,,,
PreservedSpecimen,Insecta Lepidoptera Noctuidae Gen. sp.,FoodPl,,1,mm,mean,,both,adult,,,,,,,,,,,
HumanObservation,Insecta Lepidoptera Noctuidae Gen. sp.,FoodAni,Literature review and expert consultation based on species descriptions and ecological research.,0,mm,mean,,both,adult,,,,,,,,,,,
PreservedSpecimen,Insecta Lepidoptera Noctuidae Gen. sp.,FoodFg,Functional trait determination based on expert knowledge and literature review of species characteristics,0,mm,mean,,both,adult,,,,,,,,,,,
PreservedSpecimen,Insecta Lepidoptera Noctuidae Gen. sp.,FoodDet,Functional trait assignment based on literature review and expert identification of collected specimens,0,mm,mean,,both,adult,,,,,,,,,,,
PreservedSpecimen,Insecta Lepidoptera Noctuidae Gen. sp.,FoodCopro,Functional trait determination based on expert knowledge and literature review,0,mm,mean,,both,adult,,,,,,,,,,,
PreservedSpecimen,Insecta Lepidoptera Noctuidae Gen. sp.,IngestFood,Functional trait analysis based on taxonomic identification and literature review,Chewing and cutting,mm,mean,,both,adult,,,,,,,,,,,
HumanObservation,Insecta Lepidoptera Noctuidae Gen. sp.,ActDay,,0,mm,mean,,both,adult,,,,,,,,,,,
PreservedSpecimen,Insecta Lepidoptera Noctuidae Gen. sp.,ActNig,,1,mm,mean,,both,adult,,,,,,,,,,,
HumanObservation,Insecta Lepidoptera Noctuidae Gen. sp.,ActTwi,,0,mm,mean,,both,adult,,,,,,,,,,,
PreservedSpecimen,Insecta Lepidoptera Noctuidae Gen. sp.,DispersaLdisp,,Not Applicable,mm,mean,,both,adult,,,,,,,,,,,
PreservedSpecimen,Chilipoda Lithobiomorpha Lithobiidae Lithobius sp.,Stand. body size,,-1,mm,mean,,both,adult,,,,,,,,,,,
PreservedSpecimen,Chilipoda Lithobiomorpha Lithobiidae Lithobius sp.,FoodPl,,0,mm,mean,,both,adult,,,,,,,,,,,
HumanObservation,Chilipoda Lithobiomorpha Lithobiidae Lithobius sp.,FoodAni,Literature review and expert consultation based on species descriptions and ecological research.,1,mm,mean,,both,adult,,,,,,,,,,,
PreservedSpecimen,Chilipoda Lithobiomorpha Lithobiidae Lithobius sp.,FoodFg,Functional trait determination based on expert knowledge and literature review of species characteristics,0,mm,mean,,both,adult,,,,,,,,,,,
PreservedSpecimen,Chilipoda Lithobiomorpha Lithobiidae Lithobius sp.,FoodDet,Functional trait assignment based on literature review and expert identification of collected specimens,0,mm,mean,,both,adult,,,,,,,,,,,
PreservedSpecimen,Chilipoda Lithobiomorpha Lithobiidae Lithobius sp.,FoodCopro,Functional trait determination based on expert knowledge and literature review,0,mm,mean,,both,adult,,,,,,,,,,,
PreservedSpecimen,Chilipoda Lithobiomorpha Lithobiidae Lithobius sp.,IngestFood,Functional trait analysis based on taxonomic identification and literature review,Chewing and cutting,mm,mean,,both,adult,,,,,,,,,,,
HumanObservation,Chilipoda Lithobiomorpha Lithobiidae Lithobius sp.,ActDay,,0,mm,mean,,both,adult,,,,,,,,,,,
PreservedSpecimen,Chilipoda Lithobiomorpha Lithobiidae Lithobius sp.,ActNig,,1,mm,mean,,both,adult,,,,,,,,,,,
HumanObservation,Chilipoda Lithobiomorpha Lithobiidae Lithobius sp.,ActTwi,,0,mm,mean,,both,adult,,,,,,,,,,,
PreservedSpecimen,Chilipoda Lithobiomorpha Lithobiidae Lithobius sp.,DispersaLdisp,,Low dispersal ability,mm,mean,,both,adult,,,,,,,,,,,
PreservedSpecimen,Chilipoda Lithobiomorpha Lithobiidae Lithobius pilicornis,Stand. body size,,1,mm,mean,,both,adult,,,,,,,,,,,
PreservedSpecimen,Chilipoda Lithobiomorpha Lithobiidae Lithobius pilicornis,FoodPl,,0,mm,mean,,both,adult,,,,,,,,,,,
HumanObservation,Chilipoda Lithobiomorpha Lithobiidae Lithobius pilicornis,FoodAni,Literature review and expert consultation based on species descriptions and ecological research.,1,mm,mean,,both,adult,,,,,,,,,,,
PreservedSpecimen,Chilipoda Lithobiomorpha Lithobiidae Lithobius pilicornis,FoodFg,Functional trait determination based on expert knowledge and literature review of species characteristics,0,mm,mean,,both,adult,,,,,,,,,,,
PreservedSpecimen,Chilipoda Lithobiomorpha Lithobiidae Lithobius pilicornis,FoodDet,Functional trait assignment based on literature review and expert identification of collected specimens,0,mm,mean,,both,adult,,,,,,,,,,,
PreservedSpecimen,Chilipoda Lithobiomorpha Lithobiidae Lithobius pilicornis,FoodCopro,Functional trait determination based on expert knowledge and literature review,0,mm,mean,,both,adult,,,,,,,,,,,
PreservedSpecimen,Chilipoda Lithobiomorpha Lithobiidae Lithobius pilicornis,IngestFood,Functional trait analysis based on taxonomic identification and literature review,Chewing and cutting,mm,mean,,both,adult,,,,,,,,,,,
HumanObservation,Chilipoda Lithobiomorpha Lithobiidae Lithobius pilicornis,ActDay,,0,mm,mean,,both,adult,,,,,,,,,,,
PreservedSpecimen,Chilipoda Lithobiomorpha Lithobiidae Lithobius pilicornis,ActNig,,1,mm,mean,,both,adult,,,,,,,,,,,
HumanObservation,Chilipoda Lithobiomorpha Lithobiidae Lithobius pilicornis,ActTwi,,0,mm,mean,,both,adult,,,,,,,,,,,
PreservedSpecimen,Chilipoda Lithobiomorpha Lithobiidae Lithobius pilicornis,DispersaLdisp,,Low dispersal ability,mm,mean,,both,adult,,,,,,,,,,,
PreservedSpecimen,Insecta Neuroptera Chrysopidae Chrysoperla lucasina,Stand. body size,,0.71,mm,mean,,both,adult,,,,,,,,,,,
PreservedSpecimen,Insecta Neuroptera Chrysopidae Chrysoperla lucasina,FoodPl,,1,mm,mean,,both,adult,,,,,,,,,,,
HumanObservation,Insecta Neuroptera Chrysopidae Chrysoperla lucasina,FoodAni,Literature review and expert consultation based on species descriptions and ecological research.,1,mm,mean,,both,adult,,,,,,,,,,,
PreservedSpecimen,Insecta Neuroptera Chrysopidae Chrysoperla lucasina,FoodFg,Functional trait determination based on expert knowledge and literature review of species characteristics,0,mm,mean,,both,adult,,,,,,,,,,,
PreservedSpecimen,Insecta Neuroptera Chrysopidae Chrysoperla lucasina,FoodDet,Functional trait assignment based on literature review and expert identification of collected specimens,0,mm,mean,,both,adult,,,,,,,,,,,
PreservedSpecimen,Insecta Neuroptera Chrysopidae Chrysoperla lucasina,FoodCopro,Functional trait determination based on expert knowledge and literature review,0,mm,mean,,both,adult,,,,,,,,,,,
PreservedSpecimen,Insecta Neuroptera Chrysopidae Chrysoperla lucasina,IngestFood,Functional trait analysis based on taxonomic identification and literature review,Chewing and cutting,mm,mean,,both,adult,,,,,,,,,,,
HumanObservation,Insecta Neuroptera Chrysopidae Chrysoperla lucasina,ActDay,,0,mm,mean,,both,adult,,,,,,,,,,,
PreservedSpecimen,Insecta Neuroptera Chrysopidae Chrysoperla lucasina,ActNig,,1,mm,mean,,both,adult,,,,,,,,,,,
HumanObservation,Insecta Neuroptera Chrysopidae Chrysoperla lucasina,ActTwi,,1,mm,mean,,both,adult,,,,,,,,,,,
PreservedSpecimen,Insecta Neuroptera Chrysopidae Chrysoperla lucasina,DispersaLdisp,,Not Applicable,mm,mean,,both,adult,,,,,,,,,,,
PreservedSpecimen,Insecta Neuroptera Hemerobiidae Gen. sp.,Stand. body size,,-1.41,mm,mean,,both,adult,,,,,,,,,,,
PreservedSpecimen,Insecta Neuroptera Hemerobiidae Gen. sp.,FoodPl,,0,mm,mean,,both,adult,,,,,,,,,,,
HumanObservation,Insecta Neuroptera Hemerobiidae Gen. sp.,FoodAni,Literature review and expert consultation based on species descriptions and ecological research.,1,mm,mean,,both,adult,,,,,,,,,,,
PreservedSpecimen,Insecta Neuroptera Hemerobiidae Gen. sp.,FoodFg,Functional trait determination based on expert knowledge and literature review of species characteristics,0,mm,mean,,both,adult,,,,,,,,,,,
PreservedSpecimen,Insecta Neuroptera Hemerobiidae Gen. sp.,FoodDet,Functional trait assignment based on literature review and expert identification of collected specimens,0,mm,mean,,both,adult,,,,,,,,,,,
PreservedSpecimen,Insecta Neuroptera Hemerobiidae Gen. sp.,FoodCopro,Functional trait determination based on expert knowledge and literature review,0,mm,mean,,both,adult,,,,,,,,,,,
PreservedSpecimen,Insecta Neuroptera Hemerobiidae Gen. sp.,IngestFood,Functional trait analysis based on taxonomic identification and literature review,Chewing and cutting,mm,mean,,both,adult,,,,,,,,,,,
HumanObservation,Insecta Neuroptera Hemerobiidae Gen. sp.,ActDay,,0,mm,mean,,both,adult,,,,,,,,,,,
PreservedSpecimen,Insecta Neuroptera Hemerobiidae Gen. sp.,ActNig,,1,mm,mean,,both,adult,,,,,,,,,,,
HumanObservation,Insecta Neuroptera Hemerobiidae Gen. sp.,ActTwi,,0,mm,mean,,both,adult,,,,,,,,,,,
PreservedSpecimen,Insecta Neuroptera Hemerobiidae Gen. sp.,DispersaLdisp,,Not Applicable,mm,mean,,both,adult,,,,,,,,,,,
PreservedSpecimen,Arachnida Opiliones Sclerosomatidae Homalenotus coriaceus,Stand. body size,,-1,mm,mean,,both,adult,,,,,,,,,,,
PreservedSpecimen,Arachnida Opiliones Sclerosomatidae Homalenotus coriaceus,FoodPl,,1,mm,mean,,both,adult,,,,,,,,,,,
HumanObservation,Arachnida Opiliones Sclerosomatidae Homalenotus coriaceus,FoodAni,Literature review and expert consultation based on species descriptions and ecological research.,1,mm,mean,,both,adult,,,,,,,,,,,
PreservedSpecimen,Arachnida Opiliones Sclerosomatidae Homalenotus coriaceus,FoodFg,Functional trait determination based on expert knowledge and literature review of species characteristics,1,mm,mean,,both,adult,,,,,,,,,,,
PreservedSpecimen,Arachnida Opiliones Sclerosomatidae Homalenotus coriaceus,FoodDet,Functional trait assignment based on literature review and expert identification of collected specimens,1,mm,mean,,both,adult,,,,,,,,,,,
PreservedSpecimen,Arachnida Opiliones Sclerosomatidae Homalenotus coriaceus,FoodCopro,Functional trait determination based on expert knowledge and literature review,1,mm,mean,,both,adult,,,,,,,,,,,
PreservedSpecimen,Arachnida Opiliones Sclerosomatidae Homalenotus coriaceus,IngestFood,Functional trait analysis based on taxonomic identification and literature review,Chewing and cutting,mm,mean,,both,adult,,,,,,,,,,,
HumanObservation,Arachnida Opiliones Sclerosomatidae Homalenotus coriaceus,ActDay,,0,mm,mean,,both,adult,,,,,,,,,,,
PreservedSpecimen,Arachnida Opiliones Sclerosomatidae Homalenotus coriaceus,ActNig,,1,mm,mean,,both,adult,,,,,,,,,,,
HumanObservation,Arachnida Opiliones Sclerosomatidae Homalenotus coriaceus,ActTwi,,0,mm,mean,,both,adult,,,,,,,,,,,
PreservedSpecimen,Arachnida Opiliones Sclerosomatidae Homalenotus coriaceus,DispersaLdisp,,Low dispersal ability,mm,mean,,both,adult,,,,,,,,,,,
PreservedSpecimen,Arachnida Opiliones Leiobunidae Leiobunum blackwalli,Stand. body size,,1,mm,mean,,both,adult,,,,,,,,,,,
PreservedSpecimen,Arachnida Opiliones Leiobunidae Leiobunum blackwalli,FoodPl,,1,mm,mean,,both,adult,,,,,,,,,,,
HumanObservation,Arachnida Opiliones Leiobunidae Leiobunum blackwalli,FoodAni,Literature review and expert consultation based on species descriptions and ecological research.,1,mm,mean,,both,adult,,,,,,,,,,,
PreservedSpecimen,Arachnida Opiliones Leiobunidae Leiobunum blackwalli,FoodFg,Functional trait determination based on expert knowledge and literature review of species characteristics,1,mm,mean,,both,adult,,,,,,,,,,,
PreservedSpecimen,Arachnida Opiliones Leiobunidae Leiobunum blackwalli,FoodDet,Functional trait assignment based on literature review and expert identification of collected specimens,1,mm,mean,,both,adult,,,,,,,,,,,
PreservedSpecimen,Arachnida Opiliones Leiobunidae Leiobunum blackwalli,FoodCopro,Functional trait determination based on expert knowledge and literature review,1,mm,mean,,both,adult,,,,,,,,,,,
PreservedSpecimen,Arachnida Opiliones Leiobunidae Leiobunum blackwalli,IngestFood,Functional trait analysis based on taxonomic identification and literature review,Chewing and cutting,mm,mean,,both,adult,,,,,,,,,,,
HumanObservation,Arachnida Opiliones Leiobunidae Leiobunum blackwalli,ActDay,,0,mm,mean,,both,adult,,,,,,,,,,,
PreservedSpecimen,Arachnida Opiliones Leiobunidae Leiobunum blackwalli,ActNig,,1,mm,mean,,both,adult,,,,,,,,,,,
HumanObservation,Arachnida Opiliones Leiobunidae Leiobunum blackwalli,ActTwi,,0,mm,mean,,both,adult,,,,,,,,,,,
PreservedSpecimen,Arachnida Opiliones Leiobunidae Leiobunum blackwalli,DispersaLdisp,,High dispersal ability,mm,mean,,both,adult,,,,,,,,,,,
PreservedSpecimen,Insecta Orthoptera Gryllidae Eumodicogryllus bordigalensis,Stand. body size,,-1,mm,mean,,both,adult,,,,,,,,,,,
PreservedSpecimen,Insecta Orthoptera Gryllidae Eumodicogryllus bordigalensis,FoodPl,,1,mm,mean,,both,adult,,,,,,,,,,,
HumanObservation,Insecta Orthoptera Gryllidae Eumodicogryllus bordigalensis,FoodAni,Literature review and expert consultation based on species descriptions and ecological research.,0,mm,mean,,both,adult,,,,,,,,,,,
PreservedSpecimen,Insecta Orthoptera Gryllidae Eumodicogryllus bordigalensis,FoodFg,Functional trait determination based on expert knowledge and literature review of species characteristics,0,mm,mean,,both,adult,,,,,,,,,,,
PreservedSpecimen,Insecta Orthoptera Gryllidae Eumodicogryllus bordigalensis,FoodDet,Functional trait assignment based on literature review and expert identification of collected specimens,0,mm,mean,,both,adult,,,,,,,,,,,
PreservedSpecimen,Insecta Orthoptera Gryllidae Eumodicogryllus bordigalensis,FoodCopro,Functional trait determination based on expert knowledge and literature review,0,mm,mean,,both,adult,,,,,,,,,,,
PreservedSpecimen,Insecta Orthoptera Gryllidae Eumodicogryllus bordigalensis,IngestFood,Functional trait analysis based on taxonomic identification and literature review,Chewing and cutting,mm,mean,,both,adult,,,,,,,,,,,
HumanObservation,Insecta Orthoptera Gryllidae Eumodicogryllus bordigalensis,ActDay,,0,mm,mean,,both,adult,,,,,,,,,,,
PreservedSpecimen,Insecta Orthoptera Gryllidae Eumodicogryllus bordigalensis,ActNig,,1,mm,mean,,both,adult,,,,,,,,,,,
HumanObservation,Insecta Orthoptera Gryllidae Eumodicogryllus bordigalensis,ActTwi,,0,mm,mean,,both,adult,,,,,,,,,,,
PreservedSpecimen,Insecta Orthoptera Gryllidae Eumodicogryllus bordigalensis,DispersaLdisp,,High dispersal ability,mm,mean,,both,adult,,,,,,,,,,,
PreservedSpecimen,Insecta Orthoptera Gryllidae Gryllus bimaculatus,Stand. body size,,1,mm,mean,,both,adult,,,,,,,,,,,
PreservedSpecimen,Insecta Orthoptera Gryllidae Gryllus bimaculatus,FoodPl,,1,mm,mean,,both,adult,,,,,,,,,,,
HumanObservation,Insecta Orthoptera Gryllidae Gryllus bimaculatus,FoodAni,Literature review and expert consultation based on species descriptions and ecological research.,1,mm,mean,,both,adult,,,,,,,,,,,
PreservedSpecimen,Insecta Orthoptera Gryllidae Gryllus bimaculatus,FoodFg,Functional trait determination based on expert knowledge and literature review of species characteristics,0,mm,mean,,both,adult,,,,,,,,,,,
PreservedSpecimen,Insecta Orthoptera Gryllidae Gryllus bimaculatus,FoodDet,Functional trait assignment based on literature review and expert identification of collected specimens,0,mm,mean,,both,adult,,,,,,,,,,,
PreservedSpecimen,Insecta Orthoptera Gryllidae Gryllus bimaculatus,FoodCopro,Functional trait determination based on expert knowledge and literature review,0,mm,mean,,both,adult,,,,,,,,,,,
PreservedSpecimen,Insecta Orthoptera Gryllidae Gryllus bimaculatus,IngestFood,Functional trait analysis based on taxonomic identification and literature review,Chewing and cutting,mm,mean,,both,adult,,,,,,,,,,,
HumanObservation,Insecta Orthoptera Gryllidae Gryllus bimaculatus,ActDay,,1,mm,mean,,both,adult,,,,,,,,,,,
PreservedSpecimen,Insecta Orthoptera Gryllidae Gryllus bimaculatus,ActNig,,1,mm,mean,,both,adult,,,,,,,,,,,
HumanObservation,Insecta Orthoptera Gryllidae Gryllus bimaculatus,ActTwi,,0,mm,mean,,both,adult,,,,,,,,,,,
PreservedSpecimen,Insecta Orthoptera Gryllidae Gryllus bimaculatus,DispersaLdisp,,High dispersal ability,mm,mean,,both,adult,,,,,,,,,,,
PreservedSpecimen,Diplopoda Polydesmida Paradoxosomatidae Oxidus gracilis,Stand. body size,,-1,mm,mean,,both,adult,,,,,,,,,,,
PreservedSpecimen,Diplopoda Polydesmida Paradoxosomatidae Oxidus gracilis,FoodPl,,0,mm,mean,,both,adult,,,,,,,,,,,
HumanObservation,Diplopoda Polydesmida Paradoxosomatidae Oxidus gracilis,FoodAni,Literature review and expert consultation based on species descriptions and ecological research.,0,mm,mean,,both,adult,,,,,,,,,,,
PreservedSpecimen,Diplopoda Polydesmida Paradoxosomatidae Oxidus gracilis,FoodFg,Functional trait determination based on expert knowledge and literature review of species characteristics,0,mm,mean,,both,adult,,,,,,,,,,,
PreservedSpecimen,Diplopoda Polydesmida Paradoxosomatidae Oxidus gracilis,FoodDet,Functional trait assignment based on literature review and expert identification of collected specimens,1,mm,mean,,both,adult,,,,,,,,,,,
PreservedSpecimen,Diplopoda Polydesmida Paradoxosomatidae Oxidus gracilis,FoodCopro,Functional trait determination based on expert knowledge and literature review,0,mm,mean,,both,adult,,,,,,,,,,,
PreservedSpecimen,Diplopoda Polydesmida Paradoxosomatidae Oxidus gracilis,IngestFood,Functional trait analysis based on taxonomic identification and literature review,Chewing and cutting,mm,mean,,both,adult,,,,,,,,,,,
HumanObservation,Diplopoda Polydesmida Paradoxosomatidae Oxidus gracilis,ActDay,,0,mm,mean,,both,adult,,,,,,,,,,,
PreservedSpecimen,Diplopoda Polydesmida Paradoxosomatidae Oxidus gracilis,ActNig,,1,mm,mean,,both,adult,,,,,,,,,,,
HumanObservation,Diplopoda Polydesmida Paradoxosomatidae Oxidus gracilis,ActTwi,,0,mm,mean,,both,adult,,,,,,,,,,,
PreservedSpecimen,Diplopoda Polydesmida Paradoxosomatidae Oxidus gracilis,DispersaLdisp,,Low dispersal ability,mm,mean,,both,adult,,,,,,,,,,,
PreservedSpecimen,Diplopoda Polydesmida Polydesmidae Polydesmus coriaceus,Stand. body size,,1,mm,mean,,both,adult,,,,,,,,,,,
PreservedSpecimen,Diplopoda Polydesmida Polydesmidae Polydesmus coriaceus,FoodPl,,0,mm,mean,,both,adult,,,,,,,,,,,
HumanObservation,Diplopoda Polydesmida Polydesmidae Polydesmus coriaceus,FoodAni,Literature review and expert consultation based on species descriptions and ecological research.,0,mm,mean,,both,adult,,,,,,,,,,,
PreservedSpecimen,Diplopoda Polydesmida Polydesmidae Polydesmus coriaceus,FoodFg,Functional trait determination based on expert knowledge and literature review of species characteristics,0,mm,mean,,both,adult,,,,,,,,,,,
PreservedSpecimen,Diplopoda Polydesmida Polydesmidae Polydesmus coriaceus,FoodDet,Functional trait assignment based on literature review and expert identification of collected specimens,1,mm,mean,,both,adult,,,,,,,,,,,
PreservedSpecimen,Diplopoda Polydesmida Polydesmidae Polydesmus coriaceus,FoodCopro,Functional trait determination based on expert knowledge and literature review,0,mm,mean,,both,adult,,,,,,,,,,,
PreservedSpecimen,Diplopoda Polydesmida Polydesmidae Polydesmus coriaceus,IngestFood,Functional trait analysis based on taxonomic identification and literature review,Chewing and cutting,mm,mean,,both,adult,,,,,,,,,,,
HumanObservation,Diplopoda Polydesmida Polydesmidae Polydesmus coriaceus,ActDay,,0,mm,mean,,both,adult,,,,,,,,,,,
PreservedSpecimen,Diplopoda Polydesmida Polydesmidae Polydesmus coriaceus,ActNig,,1,mm,mean,,both,adult,,,,,,,,,,,
HumanObservation,Diplopoda Polydesmida Polydesmidae Polydesmus coriaceus,ActTwi,,0,mm,mean,,both,adult,,,,,,,,,,,
PreservedSpecimen,Diplopoda Polydesmida Polydesmidae Polydesmus coriaceus,DispersaLdisp,,Low dispersal ability,mm,mean,,both,adult,,,,,,,,,,,
PreservedSpecimen,Arachnida Pseudoscorpiones Chthoniidae Chthonius ischnocheles,Stand. body size,,-1,mm,mean,,both,adult,,,,,,,,,,,
PreservedSpecimen,Arachnida Pseudoscorpiones Chthoniidae Chthonius ischnocheles,FoodPl,,0,mm,mean,,both,adult,,,,,,,,,,,
HumanObservation,Arachnida Pseudoscorpiones Chthoniidae Chthonius ischnocheles,FoodAni,Literature review and expert consultation based on species descriptions and ecological research.,1,mm,mean,,both,adult,,,,,,,,,,,
PreservedSpecimen,Arachnida Pseudoscorpiones Chthoniidae Chthonius ischnocheles,FoodFg,Functional trait determination based on expert knowledge and literature review of species characteristics,0,mm,mean,,both,adult,,,,,,,,,,,
PreservedSpecimen,Arachnida Pseudoscorpiones Chthoniidae Chthonius ischnocheles,FoodDet,Functional trait assignment based on literature review and expert identification of collected specimens,0,mm,mean,,both,adult,,,,,,,,,,,
PreservedSpecimen,Arachnida Pseudoscorpiones Chthoniidae Chthonius ischnocheles,FoodCopro,Functional trait determination based on expert knowledge and literature review,0,mm,mean,,both,adult,,,,,,,,,,,
PreservedSpecimen,Arachnida Pseudoscorpiones Chthoniidae Chthonius ischnocheles,IngestFood,Functional trait analysis based on taxonomic identification and literature review,Chewing and cutting,mm,mean,,both,adult,,,,,,,,,,,
HumanObservation,Arachnida Pseudoscorpiones Chthoniidae Chthonius ischnocheles,ActDay,,1,mm,mean,,both,adult,,,,,,,,,,,
PreservedSpecimen,Arachnida Pseudoscorpiones Chthoniidae Chthonius ischnocheles,ActNig,,1,mm,mean,,both,adult,,,,,,,,,,,
HumanObservation,Arachnida Pseudoscorpiones Chthoniidae Chthonius ischnocheles,ActTwi,,1,mm,mean,,both,adult,,,,,,,,,,,
PreservedSpecimen,Arachnida Pseudoscorpiones Chthoniidae Chthonius ischnocheles,DispersaLdisp,,Low dispersal ability,mm,mean,,both,adult,,,,,,,,,,,
PreservedSpecimen,Arachnida Pseudoscorpiones Neobisiidae Neobisium maroccanum,Stand. body size,,1,mm,mean,,both,adult,,,,,,,,,,,
PreservedSpecimen,Arachnida Pseudoscorpiones Neobisiidae Neobisium maroccanum,FoodPl,,0,mm,mean,,both,adult,,,,,,,,,,,
HumanObservation,Arachnida Pseudoscorpiones Neobisiidae Neobisium maroccanum,FoodAni,Literature review and expert consultation based on species descriptions and ecological research.,1,mm,mean,,both,adult,,,,,,,,,,,
PreservedSpecimen,Arachnida Pseudoscorpiones Neobisiidae Neobisium maroccanum,FoodFg,Functional trait determination based on expert knowledge and literature review of species characteristics,0,mm,mean,,both,adult,,,,,,,,,,,
PreservedSpecimen,Arachnida Pseudoscorpiones Neobisiidae Neobisium maroccanum,FoodDet,Functional trait assignment based on literature review and expert identification of collected specimens,0,mm,mean,,both,adult,,,,,,,,,,,
PreservedSpecimen,Arachnida Pseudoscorpiones Neobisiidae Neobisium maroccanum,FoodCopro,Functional trait determination based on expert knowledge and literature review,0,mm,mean,,both,adult,,,,,,,,,,,
PreservedSpecimen,Arachnida Pseudoscorpiones Neobisiidae Neobisium maroccanum,IngestFood,Functional trait analysis based on taxonomic identification and literature review,Chewing and cutting,mm,mean,,both,adult,,,,,,,,,,,
HumanObservation,Arachnida Pseudoscorpiones Neobisiidae Neobisium maroccanum,ActDay,,1,mm,mean,,both,adult,,,,,,,,,,,
PreservedSpecimen,Arachnida Pseudoscorpiones Neobisiidae Neobisium maroccanum,ActNig,,1,mm,mean,,both,adult,,,,,,,,,,,
HumanObservation,Arachnida Pseudoscorpiones Neobisiidae Neobisium maroccanum,ActTwi,,1,mm,mean,,both,adult,,,,,,,,,,,
PreservedSpecimen,Arachnida Pseudoscorpiones Neobisiidae Neobisium maroccanum,DispersaLdisp,,Not Applicable,mm,mean,,both,adult,,,,,,,,,,,
PreservedSpecimen,Insecta Psocodea Ectopsocidae Ectopsocus briggsi,Stand. body size,,2,mm,mean,,both,adult,,,,,,,,,,,
PreservedSpecimen,Insecta Psocodea Ectopsocidae Ectopsocus briggsi,FoodPl,,1,mm,mean,,both,adult,,,,,,,,,,,
HumanObservation,Insecta Psocodea Ectopsocidae Ectopsocus briggsi,FoodAni,Literature review and expert consultation based on species descriptions and ecological research.,0,mm,mean,,both,adult,,,,,,,,,,,
PreservedSpecimen,Insecta Psocodea Ectopsocidae Ectopsocus briggsi,FoodFg,Functional trait determination based on expert knowledge and literature review of species characteristics,1,mm,mean,,both,adult,,,,,,,,,,,
PreservedSpecimen,Insecta Psocodea Ectopsocidae Ectopsocus briggsi,FoodDet,Functional trait assignment based on literature review and expert identification of collected specimens,0,mm,mean,,both,adult,,,,,,,,,,,
PreservedSpecimen,Insecta Psocodea Ectopsocidae Ectopsocus briggsi,FoodCopro,Functional trait determination based on expert knowledge and literature review,0,mm,mean,,both,adult,,,,,,,,,,,
PreservedSpecimen,Insecta Psocodea Ectopsocidae Ectopsocus briggsi,IngestFood,Functional trait analysis based on taxonomic identification and literature review,Chewing and cutting,mm,mean,,both,adult,,,,,,,,,,,
HumanObservation,Insecta Psocodea Ectopsocidae Ectopsocus briggsi,ActDay,,1,mm,mean,,both,adult,,,,,,,,,,,
PreservedSpecimen,Insecta Psocodea Ectopsocidae Ectopsocus briggsi,ActNig,,1,mm,mean,,both,adult,,,,,,,,,,,
HumanObservation,Insecta Psocodea Ectopsocidae Ectopsocus briggsi,ActTwi,,1,mm,mean,,both,adult,,,,,,,,,,,
PreservedSpecimen,Insecta Psocodea Ectopsocidae Ectopsocus briggsi,DispersaLdisp,,High dispersal ability,mm,mean,,both,adult,,,,,,,,,,,
PreservedSpecimen,Insecta Psocodea Gen. sp.,Stand. body size,,NA,mm,mean,,both,adult,,,,,,,,,,,
PreservedSpecimen,Insecta Psocodea Gen. sp.,FoodPl,,1,mm,mean,,both,adult,,,,,,,,,,,
HumanObservation,Insecta Psocodea Gen. sp.,FoodAni,Literature review and expert consultation based on species descriptions and ecological research.,0,mm,mean,,both,adult,,,,,,,,,,,
PreservedSpecimen,Insecta Psocodea Gen. sp.,FoodFg,Functional trait determination based on expert knowledge and literature review of species characteristics,0,mm,mean,,both,adult,,,,,,,,,,,
PreservedSpecimen,Insecta Psocodea Gen. sp.,FoodDet,Functional trait assignment based on literature review and expert identification of collected specimens,1,mm,mean,,both,adult,,,,,,,,,,,
PreservedSpecimen,Insecta Psocodea Gen. sp.,FoodCopro,Functional trait determination based on expert knowledge and literature review,0,mm,mean,,both,adult,,,,,,,,,,,
PreservedSpecimen,Insecta Psocodea Gen. sp.,IngestFood,Functional trait analysis based on taxonomic identification and literature review,Chewing and cutting,mm,mean,,both,adult,,,,,,,,,,,
HumanObservation,Insecta Psocodea Gen. sp.,ActDay,,1,mm,mean,,both,adult,,,,,,,,,,,
PreservedSpecimen,Insecta Psocodea Gen. sp.,ActNig,,1,mm,mean,,both,adult,,,,,,,,,,,
HumanObservation,Insecta Psocodea Gen. sp.,ActTwi,,1,mm,mean,,both,adult,,,,,,,,,,,
PreservedSpecimen,Insecta Psocodea Gen. sp.,DispersaLdisp,,Not Applicable,mm,mean,,both,adult,,,,,,,,,,,
PreservedSpecimen,Chilipoda Scutigeromorpha Scutigeridae Scutigera coleoptrata,Stand. body size,,12.64,mm,mean,,both,adult,,,,,,,,,,,
PreservedSpecimen,Chilipoda Scutigeromorpha Scutigeridae Scutigera coleoptrata,FoodPl,,0,mm,mean,,both,adult,,,,,,,,,,,
HumanObservation,Chilipoda Scutigeromorpha Scutigeridae Scutigera coleoptrata,FoodAni,Literature review and expert consultation based on species descriptions and ecological research.,1,mm,mean,,both,adult,,,,,,,,,,,
PreservedSpecimen,Chilipoda Scutigeromorpha Scutigeridae Scutigera coleoptrata,FoodFg,Functional trait determination based on expert knowledge and literature review of species characteristics,0,mm,mean,,both,adult,,,,,,,,,,,
PreservedSpecimen,Chilipoda Scutigeromorpha Scutigeridae Scutigera coleoptrata,FoodDet,Functional trait assignment based on literature review and expert identification of collected specimens,0,mm,mean,,both,adult,,,,,,,,,,,
PreservedSpecimen,Chilipoda Scutigeromorpha Scutigeridae Scutigera coleoptrata,FoodCopro,Functional trait determination based on expert knowledge and literature review,0,mm,mean,,both,adult,,,,,,,,,,,
PreservedSpecimen,Chilipoda Scutigeromorpha Scutigeridae Scutigera coleoptrata,IngestFood,Functional trait analysis based on taxonomic identification and literature review,Chewing and cutting,mm,mean,,both,adult,,,,,,,,,,,
HumanObservation,Chilipoda Scutigeromorpha Scutigeridae Scutigera coleoptrata,ActDay,,0,mm,mean,,both,adult,,,,,,,,,,,
PreservedSpecimen,Chilipoda Scutigeromorpha Scutigeridae Scutigera coleoptrata,ActNig,,1,mm,mean,,both,adult,,,,,,,,,,,
HumanObservation,Chilipoda Scutigeromorpha Scutigeridae Scutigera coleoptrata,ActTwi,,0,mm,mean,,both,adult,,,,,,,,,,,
PreservedSpecimen,Chilipoda Scutigeromorpha Scutigeridae Scutigera coleoptrata,DispersaLdisp,,Low dispersal ability,mm,mean,,both,adult,,,,,,,,,,,
PreservedSpecimen,Cercyon .sp,Class,,Insecta,mm,mean,,both,adult,,,,,,,,,,,
PreservedSpecimen,Cercyon .sp,order,,Coleoptera,mm,mean,,both,adult,,,,,,,,,,,
HumanObservation,Cercyon .sp,family,,Hydrophilidae,mm,mean,,both,adult,,,,,,,,,,,
PreservedSpecimen,Cercyon .sp,bodysize,,NA,mm,mean,,both,adult,,,,,,,,,,,
HumanObservation,Cercyon .sp,FoodPI,Functional trait assignment based on taxonomic identification and literature review,0,mm,mean,,both,adult,,,,,,,,,,,
HumanObservation,Cercyon .sp,FoodAni,Literature review and expert consultation based on species descriptions and ecological research.,0,mm,mean,,both,adult,,,,,,,,,,,
PreservedSpecimen,Cercyon .sp,FoodFg,Functional trait determination based on expert knowledge and literature review of species characteristics,0,mm,mean,,both,adult,,,,,,,,,,,
PreservedSpecimen,Cercyon .sp,FoodDet,Functional trait assignment based on literature review and expert identification of collected specimens,1,mm,mean,,both,adult,,,,,,,,,,,
PreservedSpecimen,Cercyon .sp,FoodCopro,Functional trait determination based on expert knowledge and literature review,0,mm,mean,,both,adult,,,,,,,,,,,
HumanObservation,Cercyon .sp,ActDay,,1,mm,mean,,both,adult,,,,,,,,,,,
PreservedSpecimen,Cercyon .sp,ActNig,,1,mm,mean,,both,adult,,,,,,,,,,,
HumanObservation,Cercyon .sp,ActTwi,,1,mm,mean,,both,adult,,,,,,,,,,,
HumanObservation,Cercyon .sp,Dispersal,Functional trait assignment based on literature review and expert taxonomic knowledge,Hdsip,mm,mean,,both,adult,,,,,,,,,,,
PreservedSpecimen,Cercyon .sp,Iridescence,"Visual inspection of collected adult beetle specimens, potentially aided by expert taxonomic identification.",0,mm,mean,,both,adult,,,,,,,,,,,
PreservedSpecimen,Cercyon .sp,Color,"Visual inspection of preserved specimens, supplemented by expert taxonomic identification and literature review.",ReddishBrown,mm,mean,,both,adult,,,,,,,,,,,
PreservedSpecimen,Onthophagus vacca,Class,,Insecta,mm,mean,,both,adult,,,,,,,,,,,
PreservedSpecimen,Onthophagus vacca,order,,Coleoptera,mm,mean,,both,adult,,,,,,,,,,,
HumanObservation,Onthophagus vacca,family,,Scarabaeidae,mm,mean,,both,adult,,,,,,,,,,,
PreservedSpecimen,Onthophagus vacca,bodysize,,7.00,mm,mean,,both,adult,,,,,,,,,,,
HumanObservation,Onthophagus vacca,FoodPI,Functional trait assignment based on taxonomic identification and literature review,0,mm,mean,,both,adult,,,,,,,,,,,
HumanObservation,Onthophagus vacca,FoodAni,Literature review and expert consultation based on species descriptions and ecological research.,0,mm,mean,,both,adult,,,,,,,,,,,
PreservedSpecimen,Onthophagus vacca,FoodFg,Functional trait determination based on expert knowledge and literature review of species characteristics,0,mm,mean,,both,adult,,,,,,,,,,,
PreservedSpecimen,Onthophagus vacca,FoodDet,Functional trait assignment based on literature review and expert identification of collected specimens,0,mm,mean,,both,adult,,,,,,,,,,,
PreservedSpecimen,Onthophagus vacca,FoodCopro,Functional trait determination based on expert knowledge and literature review,1,mm,mean,,both,adult,,,,,,,,,,,
HumanObservation,Onthophagus vacca,ActDay,,1,mm,mean,,both,adult,,,,,,,,,,,
PreservedSpecimen,Onthophagus vacca,ActNig,,1,mm,mean,,both,adult,,,,,,,,,,,
HumanObservation,Onthophagus vacca,ActTwi,,1,mm,mean,,both,adult,,,,,,,,,,,
HumanObservation,Onthophagus vacca,Dispersal,Functional trait assignment based on literature review and expert taxonomic knowledge,Hdsip,mm,mean,,both,adult,,,,,,,,,,,
PreservedSpecimen,Onthophagus vacca,Iridescence,"Visual inspection of collected adult beetle specimens, potentially aided by expert taxonomic identification.",1,mm,mean,,both,adult,,,,,,,,,,,
PreservedSpecimen,Onthophagus vacca,Color,"Visual inspection of preserved specimens, supplemented by expert taxonomic identification and literature review.",ReddishBrown,mm,mean,,both,adult,,,,,,,,,,,
PreservedSpecimen,Blaps lethifera,Class,,Insecta,mm,mean,,both,adult,,,,,,,,,,,
PreservedSpecimen,Blaps lethifera,order,,Coleoptera,mm,mean,,both,adult,,,,,,,,,,,
HumanObservation,Blaps lethifera,family,,Tenebrionidae,mm,mean,,both,adult,,,,,,,,,,,
PreservedSpecimen,Blaps lethifera,bodysize,,19.17,mm,mean,,both,adult,,,,,,,,,,,
HumanObservation,Blaps lethifera,FoodPI,Functional trait assignment based on taxonomic identification and literature review,1,mm,mean,,both,adult,,,,,,,,,,,
HumanObservation,Blaps lethifera,FoodAni,Literature review and expert consultation based on species descriptions and ecological research.,0,mm,mean,,both,adult,,,,,,,,,,,
PreservedSpecimen,Blaps lethifera,FoodFg,Functional trait determination based on expert knowledge and literature review of species characteristics,0,mm,mean,,both,adult,,,,,,,,,,,
PreservedSpecimen,Blaps lethifera,FoodDet,Functional trait assignment based on literature review and expert identification of collected specimens,1,mm,mean,,both,adult,,,,,,,,,,,
PreservedSpecimen,Blaps lethifera,FoodCopro,Functional trait determination based on expert knowledge and literature review,0,mm,mean,,both,adult,,,,,,,,,,,
HumanObservation,Blaps lethifera,ActDay,,0,mm,mean,,both,adult,,,,,,,,,,,
PreservedSpecimen,Blaps lethifera,ActNig,,1,mm,mean,,both,adult,,,,,,,,,,,
HumanObservation,Blaps lethifera,ActTwi,,0,mm,mean,,both,adult,,,,,,,,,,,
HumanObservation,Blaps lethifera,Dispersal,Functional trait assignment based on literature review and expert taxonomic knowledge,Ldisp,mm,mean,,both,adult,,,,,,,,,,,
PreservedSpecimen,Blaps lethifera,Iridescence,"Visual inspection of collected adult beetle specimens, potentially aided by expert taxonomic identification.",0,mm,mean,,both,adult,,,,,,,,,,,
PreservedSpecimen,Blaps lethifera,Color,"Visual inspection of preserved specimens, supplemented by expert taxonomic identification and literature review.",Black,mm,mean,,both,adult,,,,,,,,,,,
PreservedSpecimen,Amischa forcipata,Class,,Insecta,mm,mean,,both,adult,,,,,,,,,,,
PreservedSpecimen,Amischa forcipata,order,,Coleoptera,mm,mean,,both,adult,,,,,,,,,,,
HumanObservation,Amischa forcipata,family,,Staphylinidae,mm,mean,,both,adult,,,,,,,,,,,
PreservedSpecimen,Amischa forcipata,bodysize,,NA,mm,mean,,both,adult,,,,,,,,,,,
HumanObservation,Amischa forcipata,FoodPI,Functional trait assignment based on taxonomic identification and literature review,0,mm,mean,,both,adult,,,,,,,,,,,
HumanObservation,Amischa forcipata,FoodAni,Literature review and expert consultation based on species descriptions and ecological research.,1,mm,mean,,both,adult,,,,,,,,,,,
PreservedSpecimen,Amischa forcipata,FoodFg,Functional trait determination based on expert knowledge and literature review of species characteristics,0,mm,mean,,both,adult,,,,,,,,,,,
PreservedSpecimen,Amischa forcipata,FoodDet,Functional trait assignment based on literature review and expert identification of collected specimens,0,mm,mean,,both,adult,,,,,,,,,,,
PreservedSpecimen,Amischa forcipata,FoodCopro,Functional trait determination based on expert knowledge and literature review,0,mm,mean,,both,adult,,,,,,,,,,,
HumanObservation,Amischa forcipata,ActDay,,0,mm,mean,,both,adult,,,,,,,,,,,
PreservedSpecimen,Amischa forcipata,ActNig,,1,mm,mean,,both,adult,,,,,,,,,,,
HumanObservation,Amischa forcipata,ActTwi,,0,mm,mean,,both,adult,,,,,,,,,,,
HumanObservation,Amischa forcipata,Dispersal,Functional trait assignment based on literature review and expert taxonomic knowledge,Hdsip,mm,mean,,both,adult,,,,,,,,,,,
PreservedSpecimen,Amischa forcipata,Iridescence,"Visual inspection of collected adult beetle specimens, potentially aided by expert taxonomic identification.",0,mm,mean,,both,adult,,,,,,,,,,,
PreservedSpecimen,Amischa forcipata,Color,"Visual inspection of preserved specimens, supplemented by expert taxonomic identification and literature review.",Blackish,mm,mean,,both,adult,,,,,,,,,,,
PreservedSpecimen,Carpophilus .sp,Class,,Insecta,mm,mean,,both,adult,,,,,,,,,,,
PreservedSpecimen,Carpophilus .sp,order,,Coleoptera,mm,mean,,both,adult,,,,,,,,,,,
HumanObservation,Carpophilus .sp,family,,Nitidulidae,mm,mean,,both,adult,,,,,,,,,,,
PreservedSpecimen,Carpophilus .sp,bodysize,,NA,mm,mean,,both,adult,,,,,,,,,,,
HumanObservation,Carpophilus .sp,FoodPI,Functional trait assignment based on taxonomic identification and literature review,1,mm,mean,,both,adult,,,,,,,,,,,
HumanObservation,Carpophilus .sp,FoodAni,Literature review and expert consultation based on species descriptions and ecological research.,0,mm,mean,,both,adult,,,,,,,,,,,
PreservedSpecimen,Carpophilus .sp,FoodFg,Functional trait determination based on expert knowledge and literature review of species characteristics,0,mm,mean,,both,adult,,,,,,,,,,,
PreservedSpecimen,Carpophilus .sp,FoodDet,Functional trait assignment based on literature review and expert identification of collected specimens,0,mm,mean,,both,adult,,,,,,,,,,,
PreservedSpecimen,Carpophilus .sp,FoodCopro,Functional trait determination based on expert knowledge and literature review,0,mm,mean,,both,adult,,,,,,,,,,,
HumanObservation,Carpophilus .sp,ActDay,,1,mm,mean,,both,adult,,,,,,,,,,,
PreservedSpecimen,Carpophilus .sp,ActNig,,0,mm,mean,,both,adult,,,,,,,,,,,
HumanObservation,Carpophilus .sp,ActTwi,,0,mm,mean,,both,adult,,,,,,,,,,,
HumanObservation,Carpophilus .sp,Dispersal,Functional trait assignment based on literature review and expert taxonomic knowledge,Hdsip,mm,mean,,both,adult,,,,,,,,,,,
PreservedSpecimen,Carpophilus .sp,Iridescence,"Visual inspection of collected adult beetle specimens, potentially aided by expert taxonomic identification.",0,mm,mean,,both,adult,,,,,,,,,,,
PreservedSpecimen,Carpophilus .sp,Color,"Visual inspection of preserved specimens, supplemented by expert taxonomic identification and literature review.",Blackish,mm,mean,,both,adult,,,,,,,,,,,
PreservedSpecimen,Calamosternus granarius,Class,,Insecta,mm,mean,,both,adult,,,,,,,,,,,
PreservedSpecimen,Calamosternus granarius,order,,Coleoptera,mm,mean,,both,adult,,,,,,,,,,,
HumanObservation,Calamosternus granarius,family,,Aphodiidae,mm,mean,,both,adult,,,,,,,,,,,
PreservedSpecimen,Calamosternus granarius,bodysize,,3.94,mm,mean,,both,adult,,,,,,,,,,,
HumanObservation,Calamosternus granarius,FoodPI,Functional trait assignment based on taxonomic identification and literature review,0,mm,mean,,both,adult,,,,,,,,,,,
HumanObservation,Calamosternus granarius,FoodAni,Literature review and expert consultation based on species descriptions and ecological research.,0,mm,mean,,both,adult,,,,,,,,,,,
PreservedSpecimen,Calamosternus granarius,FoodFg,Functional trait determination based on expert knowledge and literature review of species characteristics,0,mm,mean,,both,adult,,,,,,,,,,,
PreservedSpecimen,Calamosternus granarius,FoodDet,Functional trait assignment based on literature review and expert identification of collected specimens,0,mm,mean,,both,adult,,,,,,,,,,,
PreservedSpecimen,Calamosternus granarius,FoodCopro,Functional trait determination based on expert knowledge and literature review,1,mm,mean,,both,adult,,,,,,,,,,,
HumanObservation,Calamosternus granarius,ActDay,,1,mm,mean,,both,adult,,,,,,,,,,,
PreservedSpecimen,Calamosternus granarius,ActNig,,1,mm,mean,,both,adult,,,,,,,,,,,
HumanObservation,Calamosternus granarius,ActTwi,,1,mm,mean,,both,adult,,,,,,,,,,,
HumanObservation,Calamosternus granarius,Dispersal,Functional trait assignment based on literature review and expert taxonomic knowledge,NA,mm,mean,,both,adult,,,,,,,,,,,
PreservedSpecimen,Calamosternus granarius,Iridescence,"Visual inspection of collected adult beetle specimens, potentially aided by expert taxonomic identification.",0,mm,mean,,both,adult,,,,,,,,,,,
PreservedSpecimen,Calamosternus granarius,Color,"Visual inspection of preserved specimens, supplemented by expert taxonomic identification and literature review.",Blackish,mm,mean,,both,adult,,,,,,,,,,,
PreservedSpecimen,Notiophilus quadripunctatus,Class,,Insecta,mm,mean,,both,adult,,,,,,,,,,,
PreservedSpecimen,Notiophilus quadripunctatus,order,,Coleoptera,mm,mean,,both,adult,,,,,,,,,,,
HumanObservation,Notiophilus quadripunctatus,family,,Carabidae,mm,mean,,both,adult,,,,,,,,,,,
PreservedSpecimen,Notiophilus quadripunctatus,bodysize,,3.64,mm,mean,,both,adult,,,,,,,,,,,
HumanObservation,Notiophilus quadripunctatus,FoodPI,Functional trait assignment based on taxonomic identification and literature review,0,mm,mean,,both,adult,,,,,,,,,,,
HumanObservation,Notiophilus quadripunctatus,FoodAni,Literature review and expert consultation based on species descriptions and ecological research.,1,mm,mean,,both,adult,,,,,,,,,,,
PreservedSpecimen,Notiophilus quadripunctatus,FoodFg,Functional trait determination based on expert knowledge and literature review of species characteristics,0,mm,mean,,both,adult,,,,,,,,,,,
PreservedSpecimen,Notiophilus quadripunctatus,FoodDet,Functional trait assignment based on literature review and expert identification of collected specimens,0,mm,mean,,both,adult,,,,,,,,,,,
PreservedSpecimen,Notiophilus quadripunctatus,FoodCopro,Functional trait determination based on expert knowledge and literature review,0,mm,mean,,both,adult,,,,,,,,,,,
HumanObservation,Notiophilus quadripunctatus,ActDay,,1,mm,mean,,both,adult,,,,,,,,,,,
PreservedSpecimen,Notiophilus quadripunctatus,ActNig,,0,mm,mean,,both,adult,,,,,,,,,,,
HumanObservation,Notiophilus quadripunctatus,ActTwi,,0,mm,mean,,both,adult,,,,,,,,,,,
HumanObservation,Notiophilus quadripunctatus,Dispersal,Functional trait assignment based on literature review and expert taxonomic knowledge,NA,mm,mean,,both,adult,,,,,,,,,,,
PreservedSpecimen,Notiophilus quadripunctatus,Iridescence,"Visual inspection of collected adult beetle specimens, potentially aided by expert taxonomic identification.",1,mm,mean,,both,adult,,,,,,,,,,,
PreservedSpecimen,Notiophilus quadripunctatus,Color,"Visual inspection of preserved specimens, supplemented by expert taxonomic identification and literature review.",Black,mm,mean,,both,adult,,,,,,,,,,,
PreservedSpecimen,Typhaea stercorea,Class,,Insecta,mm,mean,,both,adult,,,,,,,,,,,
PreservedSpecimen,Typhaea stercorea,order,,Coleoptera,mm,mean,,both,adult,,,,,,,,,,,
HumanObservation,Typhaea stercorea,family,,Mycetophagidae,mm,mean,,both,adult,,,,,,,,,,,
PreservedSpecimen,Typhaea stercorea,bodysize,,2.43,mm,mean,,both,adult,,,,,,,,,,,
HumanObservation,Typhaea stercorea,FoodPI,Functional trait assignment based on taxonomic identification and literature review,0,mm,mean,,both,adult,,,,,,,,,,,
HumanObservation,Typhaea stercorea,FoodAni,Literature review and expert consultation based on species descriptions and ecological research.,0,mm,mean,,both,adult,,,,,,,,,,,
PreservedSpecimen,Typhaea stercorea,FoodFg,Functional trait determination based on expert knowledge and literature review of species characteristics,1,mm,mean,,both,adult,,,,,,,,,,,
PreservedSpecimen,Typhaea stercorea,FoodDet,Functional trait assignment based on literature review and expert identification of collected specimens,0,mm,mean,,both,adult,,,,,,,,,,,
PreservedSpecimen,Typhaea stercorea,FoodCopro,Functional trait determination based on expert knowledge and literature review,0,mm,mean,,both,adult,,,,,,,,,,,
HumanObservation,Typhaea stercorea,ActDay,,1,mm,mean,,both,adult,,,,,,,,,,,
PreservedSpecimen,Typhaea stercorea,ActNig,,0,mm,mean,,both,adult,,,,,,,,,,,
HumanObservation,Typhaea stercorea,ActTwi,,0,mm,mean,,both,adult,,,,,,,,,,,
HumanObservation,Typhaea stercorea,Dispersal,Functional trait assignment based on literature review and expert taxonomic knowledge,Hdsip,mm,mean,,both,adult,,,,,,,,,,,
PreservedSpecimen,Typhaea stercorea,Iridescence,"Visual inspection of collected adult beetle specimens, potentially aided by expert taxonomic identification.",0,mm,mean,,both,adult,,,,,,,,,,,
PreservedSpecimen,Typhaea stercorea,Color,"Visual inspection of preserved specimens, supplemented by expert taxonomic identification and literature review.",ReddishBrown,mm,mean,,both,adult,,,,,,,,,,,
PreservedSpecimen,Coccotrypes carpophagus,Class,,Insecta,mm,mean,,both,adult,,,,,,,,,,,
PreservedSpecimen,Coccotrypes carpophagus,order,,Coleoptera,mm,mean,,both,adult,,,,,,,,,,,
HumanObservation,Coccotrypes carpophagus,family,,Curculionidae,mm,mean,,both,adult,,,,,,,,,,,
PreservedSpecimen,Coccotrypes carpophagus,bodysize,,1.94,mm,mean,,both,adult,,,,,,,,,,,
HumanObservation,Coccotrypes carpophagus,FoodPI,Functional trait assignment based on taxonomic identification and literature review,1,mm,mean,,both,adult,,,,,,,,,,,
HumanObservation,Coccotrypes carpophagus,FoodAni,Literature review and expert consultation based on species descriptions and ecological research.,0,mm,mean,,both,adult,,,,,,,,,,,
PreservedSpecimen,Coccotrypes carpophagus,FoodFg,Functional trait determination based on expert knowledge and literature review of species characteristics,0,mm,mean,,both,adult,,,,,,,,,,,
PreservedSpecimen,Coccotrypes carpophagus,FoodDet,Functional trait assignment based on literature review and expert identification of collected specimens,0,mm,mean,,both,adult,,,,,,,,,,,
PreservedSpecimen,Coccotrypes carpophagus,FoodCopro,Functional trait determination based on expert knowledge and literature review,0,mm,mean,,both,adult,,,,,,,,,,,
HumanObservation,Coccotrypes carpophagus,ActDay,,1,mm,mean,,both,adult,,,,,,,,,,,
PreservedSpecimen,Coccotrypes carpophagus,ActNig,,1,mm,mean,,both,adult,,,,,,,,,,,
HumanObservation,Coccotrypes carpophagus,ActTwi,,1,mm,mean,,both,adult,,,,,,,,,,,
HumanObservation,Coccotrypes carpophagus,Dispersal,Functional trait assignment based on literature review and expert taxonomic knowledge,Hdsip,mm,mean,,both,adult,,,,,,,,,,,
PreservedSpecimen,Coccotrypes carpophagus,Iridescence,"Visual inspection of collected adult beetle specimens, potentially aided by expert taxonomic identification.",0,mm,mean,,both,adult,,,,,,,,,,,
PreservedSpecimen,Coccotrypes carpophagus,Color,"Visual inspection of preserved specimens, supplemented by expert taxonomic identification and literature review.",ReddishBrown,mm,mean,,both,adult,,,,,,,,,,,
PreservedSpecimen,Epuraea .sp,Class,,Insecta,mm,mean,,both,adult,,,,,,,,,,,
PreservedSpecimen,Epuraea .sp,order,,Coleoptera,mm,mean,,both,adult,,,,,,,,,,,
HumanObservation,Epuraea .sp,family,,Nitidulidae,mm,mean,,both,adult,,,,,,,,,,,
PreservedSpecimen,Epuraea .sp,bodysize,,NA,mm,mean,,both,adult,,,,,,,,,,,
HumanObservation,Epuraea .sp,FoodPI,Functional trait assignment based on taxonomic identification and literature review,0,mm,mean,,both,adult,,,,,,,,,,,
HumanObservation,Epuraea .sp,FoodAni,Literature review and expert consultation based on species descriptions and ecological research.,0,mm,mean,,both,adult,,,,,,,,,,,
PreservedSpecimen,Epuraea .sp,FoodFg,Functional trait determination based on expert knowledge and literature review of species characteristics,0,mm,mean,,both,adult,,,,,,,,,,,
PreservedSpecimen,Epuraea .sp,FoodDet,Functional trait assignment based on literature review and expert identification of collected specimens,1,mm,mean,,both,adult,,,,,,,,,,,
PreservedSpecimen,Epuraea .sp,FoodCopro,Functional trait determination based on expert knowledge and literature review,0,mm,mean,,both,adult,,,,,,,,,,,
HumanObservation,Epuraea .sp,ActDay,,1,mm,mean,,both,adult,,,,,,,,,,,
PreservedSpecimen,Epuraea .sp,ActNig,,0,mm,mean,,both,adult,,,,,,,,,,,
HumanObservation,Epuraea .sp,ActTwi,,0,mm,mean,,both,adult,,,,,,,,,,,
HumanObservation,Epuraea .sp,Dispersal,Functional trait assignment based on literature review and expert taxonomic knowledge,Hdsip,mm,mean,,both,adult,,,,,,,,,,,
PreservedSpecimen,Epuraea .sp,Iridescence,"Visual inspection of collected adult beetle specimens, potentially aided by expert taxonomic identification.",0,mm,mean,,both,adult,,,,,,,,,,,
PreservedSpecimen,Epuraea .sp,Color,"Visual inspection of preserved specimens, supplemented by expert taxonomic identification and literature review.",ReddishBrown,mm,mean,,both,adult,,,,,,,,,,,
PreservedSpecimen,Carpelimus zealandicus,Class,,Insecta,mm,mean,,both,adult,,,,,,,,,,,
PreservedSpecimen,Carpelimus zealandicus,order,,Coleoptera,mm,mean,,both,adult,,,,,,,,,,,
HumanObservation,Carpelimus zealandicus,family,,Staphylinidae,mm,mean,,both,adult,,,,,,,,,,,
PreservedSpecimen,Carpelimus zealandicus,bodysize,,NA,mm,mean,,both,adult,,,,,,,,,,,
HumanObservation,Carpelimus zealandicus,FoodPI,Functional trait assignment based on taxonomic identification and literature review,0,mm,mean,,both,adult,,,,,,,,,,,
HumanObservation,Carpelimus zealandicus,FoodAni,Literature review and expert consultation based on species descriptions and ecological research.,1,mm,mean,,both,adult,,,,,,,,,,,
PreservedSpecimen,Carpelimus zealandicus,FoodFg,Functional trait determination based on expert knowledge and literature review of species characteristics,0,mm,mean,,both,adult,,,,,,,,,,,
PreservedSpecimen,Carpelimus zealandicus,FoodDet,Functional trait assignment based on literature review and expert identification of collected specimens,0,mm,mean,,both,adult,,,,,,,,,,,
PreservedSpecimen,Carpelimus zealandicus,FoodCopro,Functional trait determination based on expert knowledge and literature review,0,mm,mean,,both,adult,,,,,,,,,,,
HumanObservation,Carpelimus zealandicus,ActDay,,0,mm,mean,,both,adult,,,,,,,,,,,
PreservedSpecimen,Carpelimus zealandicus,ActNig,,1,mm,mean,,both,adult,,,,,,,,,,,
HumanObservation,Carpelimus zealandicus,ActTwi,,0,mm,mean,,both,adult,,,,,,,,,,,
HumanObservation,Carpelimus zealandicus,Dispersal,Functional trait assignment based on literature review and expert taxonomic knowledge,Hdsip,mm,mean,,both,adult,,,,,,,,,,,
PreservedSpecimen,Carpelimus zealandicus,Iridescence,"Visual inspection of collected adult beetle specimens, potentially aided by expert taxonomic identification.",0,mm,mean,,both,adult,,,,,,,,,,,
PreservedSpecimen,Carpelimus zealandicus,Color,"Visual inspection of preserved specimens, supplemented by expert taxonomic identification and literature review.",Blackish,mm,mean,,both,adult,,,,,,,,,,,
PreservedSpecimen,Catops .sp,Class,,Insecta,mm,mean,,both,adult,,,,,,,,,,,
PreservedSpecimen,Catops .sp,order,,Coleoptera,mm,mean,,both,adult,,,,,,,,,,,
HumanObservation,Catops .sp,family,,Leiodidae,mm,mean,,both,adult,,,,,,,,,,,
PreservedSpecimen,Catops .sp,bodysize,,NA,mm,mean,,both,adult,,,,,,,,,,,
HumanObservation,Catops .sp,FoodPI,Functional trait assignment based on taxonomic identification and literature review,0,mm,mean,,both,adult,,,,,,,,,,,
HumanObservation,Catops .sp,FoodAni,Literature review and expert consultation based on species descriptions and ecological research.,0,mm,mean,,both,adult,,,,,,,,,,,
PreservedSpecimen,Catops .sp,FoodFg,Functional trait determination based on expert knowledge and literature review of species characteristics,0,mm,mean,,both,adult,,,,,,,,,,,
PreservedSpecimen,Catops .sp,FoodDet,Functional trait assignment based on literature review and expert identification of collected specimens,1,mm,mean,,both,adult,,,,,,,,,,,
PreservedSpecimen,Catops .sp,FoodCopro,Functional trait determination based on expert knowledge and literature review,0,mm,mean,,both,adult,,,,,,,,,,,
HumanObservation,Catops .sp,ActDay,,0,mm,mean,,both,adult,,,,,,,,,,,
PreservedSpecimen,Catops .sp,ActNig,,1,mm,mean,,both,adult,,,,,,,,,,,
HumanObservation,Catops .sp,ActTwi,,0,mm,mean,,both,adult,,,,,,,,,,,
HumanObservation,Catops .sp,Dispersal,Functional trait assignment based on literature review and expert taxonomic knowledge,NA,mm,mean,,both,adult,,,,,,,,,,,
PreservedSpecimen,Catops .sp,Iridescence,"Visual inspection of collected adult beetle specimens, potentially aided by expert taxonomic identification.",0,mm,mean,,both,adult,,,,,,,,,,,
PreservedSpecimen,Catops .sp,Color,"Visual inspection of preserved specimens, supplemented by expert taxonomic identification and literature review.",ReddishBrown,mm,mean,,both,adult,,,,,,,,,,,
PreservedSpecimen,Atheta,Class,,Insecta,mm,mean,,both,adult,,,,,,,,,,,
PreservedSpecimen,Atheta,order,,Coleoptera,mm,mean,,both,adult,,,,,,,,,,,
HumanObservation,Atheta,family,,Staphylinidae,mm,mean,,both,adult,,,,,,,,,,,
PreservedSpecimen,Atheta,bodysize,,NA,mm,mean,,both,adult,,,,,,,,,,,
HumanObservation,Atheta,FoodPI,Functional trait assignment based on taxonomic identification and literature review,0,mm,mean,,both,adult,,,,,,,,,,,
HumanObservation,Atheta,FoodAni,Literature review and expert consultation based on species descriptions and ecological research.,1,mm,mean,,both,adult,,,,,,,,,,,
PreservedSpecimen,Atheta,FoodFg,Functional trait determination based on expert knowledge and literature review of species characteristics,0,mm,mean,,both,adult,,,,,,,,,,,
PreservedSpecimen,Atheta,FoodDet,Functional trait assignment based on literature review and expert identification of collected specimens,0,mm,mean,,both,adult,,,,,,,,,,,
PreservedSpecimen,Atheta,FoodCopro,Functional trait determination based on expert knowledge and literature review,0,mm,mean,,both,adult,,,,,,,,,,,
HumanObservation,Atheta,ActDay,,0,mm,mean,,both,adult,,,,,,,,,,,
PreservedSpecimen,Atheta,ActNig,,1,mm,mean,,both,adult,,,,,,,,,,,
HumanObservation,Atheta,ActTwi,,0,mm,mean,,both,adult,,,,,,,,,,,
HumanObservation,Atheta,Dispersal,Functional trait assignment based on literature review and expert taxonomic knowledge,Hdsip,mm,mean,,both,adult,,,,,,,,,,,
PreservedSpecimen,Atheta,Iridescence,"Visual inspection of collected adult beetle specimens, potentially aided by expert taxonomic identification.",0,mm,mean,,both,adult,,,,,,,,,,,
PreservedSpecimen,Atheta,Color,"Visual inspection of preserved specimens, supplemented by expert taxonomic identification and literature review.",NA,mm,mean,,both,adult,,,,,,,,,,,
PreservedSpecimen,Tachyporus chrysomelinus,Class,,Insecta,mm,mean,,both,adult,,,,,,,,,,,
PreservedSpecimen,Tachyporus chrysomelinus,order,,Coleoptera,mm,mean,,both,adult,,,,,,,,,,,
HumanObservation,Tachyporus chrysomelinus,family,,Staphylinidae,mm,mean,,both,adult,,,,,,,,,,,
PreservedSpecimen,Tachyporus chrysomelinus,bodysize,,2.68,mm,mean,,both,adult,,,,,,,,,,,
HumanObservation,Tachyporus chrysomelinus,FoodPI,Functional trait assignment based on taxonomic identification and literature review,0,mm,mean,,both,adult,,,,,,,,,,,
HumanObservation,Tachyporus chrysomelinus,FoodAni,Literature review and expert consultation based on species descriptions and ecological research.,1,mm,mean,,both,adult,,,,,,,,,,,
PreservedSpecimen,Tachyporus chrysomelinus,FoodFg,Functional trait determination based on expert knowledge and literature review of species characteristics,0,mm,mean,,both,adult,,,,,,,,,,,
PreservedSpecimen,Tachyporus chrysomelinus,FoodDet,Functional trait assignment based on literature review and expert identification of collected specimens,0,mm,mean,,both,adult,,,,,,,,,,,
PreservedSpecimen,Tachyporus chrysomelinus,FoodCopro,Functional trait determination based on expert knowledge and literature review,0,mm,mean,,both,adult,,,,,,,,,,,
HumanObservation,Tachyporus chrysomelinus,ActDay,,0,mm,mean,,both,adult,,,,,,,,,,,
PreservedSpecimen,Tachyporus chrysomelinus,ActNig,,1,mm,mean,,both,adult,,,,,,,,,,,
HumanObservation,Tachyporus chrysomelinus,ActTwi,,0,mm,mean,,both,adult,,,,,,,,,,,
HumanObservation,Tachyporus chrysomelinus,Dispersal,Functional trait assignment based on literature review and expert taxonomic knowledge,Hdsip,mm,mean,,both,adult,,,,,,,,,,,
PreservedSpecimen,Tachyporus chrysomelinus,Iridescence,"Visual inspection of collected adult beetle specimens, potentially aided by expert taxonomic identification.",0,mm,mean,,both,adult,,,,,,,,,,,
PreservedSpecimen,Tachyporus chrysomelinus,Color,"Visual inspection of preserved specimens, supplemented by expert taxonomic identification and literature review.",ReddishBrown,mm,mean,,both,adult,,,,,,,,,,,
PreservedSpecimen,Oligota pusillima,Class,,Insecta,mm,mean,,both,adult,,,,,,,,,,,
PreservedSpecimen,Oligota pusillima,order,,Coleoptera,mm,mean,,both,adult,,,,,,,,,,,
HumanObservation,Oligota pusillima,family,,Staphylinidae,mm,mean,,both,adult,,,,,,,,,,,
PreservedSpecimen,Oligota pusillima,bodysize,,1.12,mm,mean,,both,adult,,,,,,,,,,,
HumanObservation,Oligota pusillima,FoodPI,Functional trait assignment based on taxonomic identification and literature review,0,mm,mean,,both,adult,,,,,,,,,,,
HumanObservation,Oligota pusillima,FoodAni,Literature review and expert consultation based on species descriptions and ecological research.,1,mm,mean,,both,adult,,,,,,,,,,,
PreservedSpecimen,Oligota pusillima,FoodFg,Functional trait determination based on expert knowledge and literature review of species characteristics,0,mm,mean,,both,adult,,,,,,,,,,,
PreservedSpecimen,Oligota pusillima,FoodDet,Functional trait assignment based on literature review and expert identification of collected specimens,0,mm,mean,,both,adult,,,,,,,,,,,
PreservedSpecimen,Oligota pusillima,FoodCopro,Functional trait determination based on expert knowledge and literature review,0,mm,mean,,both,adult,,,,,,,,,,,
HumanObservation,Oligota pusillima,ActDay,,0,mm,mean,,both,adult,,,,,,,,,,,
PreservedSpecimen,Oligota pusillima,ActNig,,1,mm,mean,,both,adult,,,,,,,,,,,
HumanObservation,Oligota pusillima,ActTwi,,0,mm,mean,,both,adult,,,,,,,,,,,
HumanObservation,Oligota pusillima,Dispersal,Functional trait assignment based on literature review and expert taxonomic knowledge,Hdsip,mm,mean,,both,adult,,,,,,,,,,,
PreservedSpecimen,Oligota pusillima,Iridescence,"Visual inspection of collected adult beetle specimens, potentially aided by expert taxonomic identification.",0,mm,mean,,both,adult,,,,,,,,,,,
PreservedSpecimen,Oligota pusillima,Color,"Visual inspection of preserved specimens, supplemented by expert taxonomic identification and literature review.",Blackish,mm,mean,,both,adult,,,,,,,,,,,
PreservedSpecimen,Sphaeridium bipustulatum,Class,,Insecta,mm,mean,,both,adult,,,,,,,,,,,
PreservedSpecimen,Sphaeridium bipustulatum,order,,Coleoptera,mm,mean,,both,adult,,,,,,,,,,,
HumanObservation,Sphaeridium bipustulatum,family,,Hydrophilidae,mm,mean,,both,adult,,,,,,,,,,,
PreservedSpecimen,Sphaeridium bipustulatum,bodysize,,3.45,mm,mean,,both,adult,,,,,,,,,,,
HumanObservation,Sphaeridium bipustulatum,FoodPI,Functional trait assignment based on taxonomic identification and literature review,0,mm,mean,,both,adult,,,,,,,,,,,
HumanObservation,Sphaeridium bipustulatum,FoodAni,Literature review and expert consultation based on species descriptions and ecological research.,0,mm,mean,,both,adult,,,,,,,,,,,
PreservedSpecimen,Sphaeridium bipustulatum,FoodFg,Functional trait determination based on expert knowledge and literature review of species characteristics,0,mm,mean,,both,adult,,,,,,,,,,,
PreservedSpecimen,Sphaeridium bipustulatum,FoodDet,Functional trait assignment based on literature review and expert identification of collected specimens,1,mm,mean,,both,adult,,,,,,,,,,,
PreservedSpecimen,Sphaeridium bipustulatum,FoodCopro,Functional trait determination based on expert knowledge and literature review,0,mm,mean,,both,adult,,,,,,,,,,,
HumanObservation,Sphaeridium bipustulatum,ActDay,,1,mm,mean,,both,adult,,,,,,,,,,,
PreservedSpecimen,Sphaeridium bipustulatum,ActNig,,1,mm,mean,,both,adult,,,,,,,,,,,
HumanObservation,Sphaeridium bipustulatum,ActTwi,,1,mm,mean,,both,adult,,,,,,,,,,,
HumanObservation,Sphaeridium bipustulatum,Dispersal,Functional trait assignment based on literature review and expert taxonomic knowledge,Hdsip,mm,mean,,both,adult,,,,,,,,,,,
PreservedSpecimen,Sphaeridium bipustulatum,Iridescence,"Visual inspection of collected adult beetle specimens, potentially aided by expert taxonomic identification.",0,mm,mean,,both,adult,,,,,,,,,,,
PreservedSpecimen,Sphaeridium bipustulatum,Color,"Visual inspection of preserved specimens, supplemented by expert taxonomic identification and literature review.",Blackish,mm,mean,,both,adult,,,,,,,,,,,
PreservedSpecimen,Cryptophagus .sp,Class,,Insecta,mm,mean,,both,adult,,,,,,,,,,,
PreservedSpecimen,Cryptophagus .sp,order,,Coleoptera,mm,mean,,both,adult,,,,,,,,,,,
HumanObservation,Cryptophagus .sp,family,,Cryptophagidae,mm,mean,,both,adult,,,,,,,,,,,
PreservedSpecimen,Cryptophagus .sp,bodysize,,NA,mm,mean,,both,adult,,,,,,,,,,,
HumanObservation,Cryptophagus .sp,FoodPI,Functional trait assignment based on taxonomic identification and literature review,0,mm,mean,,both,adult,,,,,,,,,,,
HumanObservation,Cryptophagus .sp,FoodAni,Literature review and expert consultation based on species descriptions and ecological research.,0,mm,mean,,both,adult,,,,,,,,,,,
PreservedSpecimen,Cryptophagus .sp,FoodFg,Functional trait determination based on expert knowledge and literature review of species characteristics,1,mm,mean,,both,adult,,,,,,,,,,,
PreservedSpecimen,Cryptophagus .sp,FoodDet,Functional trait assignment based on literature review and expert identification of collected specimens,0,mm,mean,,both,adult,,,,,,,,,,,
PreservedSpecimen,Cryptophagus .sp,FoodCopro,Functional trait determination based on expert knowledge and literature review,0,mm,mean,,both,adult,,,,,,,,,,,
HumanObservation,Cryptophagus .sp,ActDay,,1,mm,mean,,both,adult,,,,,,,,,,,
PreservedSpecimen,Cryptophagus .sp,ActNig,,1,mm,mean,,both,adult,,,,,,,,,,,
HumanObservation,Cryptophagus .sp,ActTwi,,1,mm,mean,,both,adult,,,,,,,,,,,
HumanObservation,Cryptophagus .sp,Dispersal,Functional trait assignment based on literature review and expert taxonomic knowledge,Hdsip,mm,mean,,both,adult,,,,,,,,,,,
PreservedSpecimen,Cryptophagus .sp,Iridescence,"Visual inspection of collected adult beetle specimens, potentially aided by expert taxonomic identification.",0,mm,mean,,both,adult,,,,,,,,,,,
PreservedSpecimen,Cryptophagus .sp,Color,"Visual inspection of preserved specimens, supplemented by expert taxonomic identification and literature review.",ReddishBrown,mm,mean,,both,adult,,,,,,,,,,,
PreservedSpecimen,Dryops luridus,Class,,Insecta,mm,mean,,both,adult,,,,,,,,,,,
PreservedSpecimen,Dryops luridus,order,,Coleoptera,mm,mean,,both,adult,,,,,,,,,,,
HumanObservation,Dryops luridus,family,,Dryopidae,mm,mean,,both,adult,,,,,,,,,,,
PreservedSpecimen,Dryops luridus,bodysize,,3.71,mm,mean,,both,adult,,,,,,,,,,,
HumanObservation,Dryops luridus,FoodPI,Functional trait assignment based on taxonomic identification and literature review,1,mm,mean,,both,adult,,,,,,,,,,,
HumanObservation,Dryops luridus,FoodAni,Literature review and expert consultation based on species descriptions and ecological research.,0,mm,mean,,both,adult,,,,,,,,,,,
PreservedSpecimen,Dryops luridus,FoodFg,Functional trait determination based on expert knowledge and literature review of species characteristics,0,mm,mean,,both,adult,,,,,,,,,,,
PreservedSpecimen,Dryops luridus,FoodDet,Functional trait assignment based on literature review and expert identification of collected specimens,1,mm,mean,,both,adult,,,,,,,,,,,
PreservedSpecimen,Dryops luridus,FoodCopro,Functional trait determination based on expert knowledge and literature review,0,mm,mean,,both,adult,,,,,,,,,,,
HumanObservation,Dryops luridus,ActDay,,1,mm,mean,,both,adult,,,,,,,,,,,
PreservedSpecimen,Dryops luridus,ActNig,,1,mm,mean,,both,adult,,,,,,,,,,,
HumanObservation,Dryops luridus,ActTwi,,1,mm,mean,,both,adult,,,,,,,,,,,
HumanObservation,Dryops luridus,Dispersal,Functional trait assignment based on literature review and expert taxonomic knowledge,NA,mm,mean,,both,adult,,,,,,,,,,,
PreservedSpecimen,Dryops luridus,Iridescence,"Visual inspection of collected adult beetle specimens, potentially aided by expert taxonomic identification.",0,mm,mean,,both,adult,,,,,,,,,,,
PreservedSpecimen,Dryops luridus,Color,"Visual inspection of preserved specimens, supplemented by expert taxonomic identification and literature review.",Blackish,mm,mean,,both,adult,,,,,,,,,,,
PreservedSpecimen,X,Class,,Insecta,mm,mean,,both,adult,,,,,,,,,,,
PreservedSpecimen,X,order,,Coleoptera,mm,mean,,both,adult,,,,,,,,,,,
HumanObservation,X,family,,Scarabaeidae,mm,mean,,both,adult,,,,,,,,,,,
PreservedSpecimen,X,bodysize,,NA,mm,mean,,both,adult,,,,,,,,,,,
HumanObservation,X,FoodPI,Functional trait assignment based on taxonomic identification and literature review,0,mm,mean,,both,adult,,,,,,,,,,,
HumanObservation,X,FoodAni,Literature review and expert consultation based on species descriptions and ecological research.,0,mm,mean,,both,adult,,,,,,,,,,,
PreservedSpecimen,X,FoodFg,Functional trait determination based on expert knowledge and literature review of species characteristics,0,mm,mean,,both,adult,,,,,,,,,,,
PreservedSpecimen,X,FoodDet,Functional trait assignment based on literature review and expert identification of collected specimens,1,mm,mean,,both,adult,,,,,,,,,,,
PreservedSpecimen,X,FoodCopro,Functional trait determination based on expert knowledge and literature review,0,mm,mean,,both,adult,,,,,,,,,,,
HumanObservation,X,ActDay,,1,mm,mean,,both,adult,,,,,,,,,,,
PreservedSpecimen,X,ActNig,,0,mm,mean,,both,adult,,,,,,,,,,,
HumanObservation,X,ActTwi,,0,mm,mean,,both,adult,,,,,,,,,,,
HumanObservation,X,Dispersal,Functional trait assignment based on literature review and expert taxonomic knowledge,NA,mm,mean,,both,adult,,,,,,,,,,,
PreservedSpecimen,X,Iridescence,"Visual inspection of collected adult beetle specimens, potentially aided by expert taxonomic identification.",0,mm,mean,,both,adult,,,,,,,,,,,
PreservedSpecimen,X,Color,"Visual inspection of preserved specimens, supplemented by expert taxonomic identification and literature review.",NA,mm,mean,,both,adult,,,,,,,,,,,
PreservedSpecimen,X,Class,,Insecta,mm,mean,,both,adult,,,,,,,,,,,
PreservedSpecimen,X,order,,Coleoptera,mm,mean,,both,adult,,,,,,,,,,,
HumanObservation,X,family,,Nitidulidae,mm,mean,,both,adult,,,,,,,,,,,
PreservedSpecimen,X,bodysize,,NA,mm,mean,,both,adult,,,,,,,,,,,
HumanObservation,X,FoodPI,Functional trait assignment based on taxonomic identification and literature review,0,mm,mean,,both,adult,,,,,,,,,,,
HumanObservation,X,FoodAni,Literature review and expert consultation based on species descriptions and ecological research.,0,mm,mean,,both,adult,,,,,,,,,,,
PreservedSpecimen,X,FoodFg,Functional trait determination based on expert knowledge and literature review of species characteristics,0,mm,mean,,both,adult,,,,,,,,,,,
PreservedSpecimen,X,FoodDet,Functional trait assignment based on literature review and expert identification of collected specimens,1,mm,mean,,both,adult,,,,,,,,,,,
PreservedSpecimen,X,FoodCopro,Functional trait determination based on expert knowledge and literature review,0,mm,mean,,both,adult,,,,,,,,,,,
HumanObservation,X,ActDay,,1,mm,mean,,both,adult,,,,,,,,,,,
PreservedSpecimen,X,ActNig,,0,mm,mean,,both,adult,,,,,,,,,,,
HumanObservation,X,ActTwi,,0,mm,mean,,both,adult,,,,,,,,,,,
HumanObservation,X,Dispersal,Functional trait assignment based on literature review and expert taxonomic knowledge,NA,mm,mean,,both,adult,,,,,,,,,,,
PreservedSpecimen,X,Iridescence,"Visual inspection of collected adult beetle specimens, potentially aided by expert taxonomic identification.",0,mm,mean,,both,adult,,,,,,,,,,,
PreservedSpecimen,X,Color,"Visual inspection of preserved specimens, supplemented by expert taxonomic identification and literature review.",ReddishBrown,mm,mean,,both,adult,,,,,,,,,,,
PreservedSpecimen,X,Class,,Insecta,mm,mean,,both,adult,,,,,,,,,,,
PreservedSpecimen,X,order,,Coleoptera,mm,mean,,both,adult,,,,,,,,,,,
HumanObservation,X,family,,Chrysomelidae,mm,mean,,both,adult,,,,,,,,,,,
PreservedSpecimen,X,bodysize,,NA,mm,mean,,both,adult,,,,,,,,,,,
HumanObservation,X,FoodPI,Functional trait assignment based on taxonomic identification and literature review,1,mm,mean,,both,adult,,,,,,,,,,,
HumanObservation,X,FoodAni,Literature review and expert consultation based on species descriptions and ecological research.,0,mm,mean,,both,adult,,,,,,,,,,,
PreservedSpecimen,X,FoodFg,Functional trait determination based on expert knowledge and literature review of species characteristics,0,mm,mean,,both,adult,,,,,,,,,,,
PreservedSpecimen,X,FoodDet,Functional trait assignment based on literature review and expert identification of collected specimens,0,mm,mean,,both,adult,,,,,,,,,,,
PreservedSpecimen,X,FoodCopro,Functional trait determination based on expert knowledge and literature review,0,mm,mean,,both,adult,,,,,,,,,,,
HumanObservation,X,ActDay,,1,mm,mean,,both,adult,,,,,,,,,,,
PreservedSpecimen,X,ActNig,,0,mm,mean,,both,adult,,,,,,,,,,,
HumanObservation,X,ActTwi,,0,mm,mean,,both,adult,,,,,,,,,,,
HumanObservation,X,Dispersal,Functional trait assignment based on literature review and expert taxonomic knowledge,NA,mm,mean,,both,adult,,,,,,,,,,,
PreservedSpecimen,X,Iridescence,"Visual inspection of collected adult beetle specimens, potentially aided by expert taxonomic identification.",0,mm,mean,,both,adult,,,,,,,,,,,
PreservedSpecimen,X,Color,"Visual inspection of preserved specimens, supplemented by expert taxonomic identification and literature review.",NA,mm,mean,,both,adult,,,,,,,,,,,
PreservedSpecimen,X,Class,,Insecta,mm,mean,,both,adult,,,,,,,,,,,
PreservedSpecimen,X,order,,Coleoptera,mm,mean,,both,adult,,,,,,,,,,,
HumanObservation,X,family,,Staphylinidae,mm,mean,,both,adult,,,,,,,,,,,
PreservedSpecimen,X,bodysize,,NA,mm,mean,,both,adult,,,,,,,,,,,
HumanObservation,X,FoodPI,Functional trait assignment based on taxonomic identification and literature review,0,mm,mean,,both,adult,,,,,,,,,,,
HumanObservation,X,FoodAni,Literature review and expert consultation based on species descriptions and ecological research.,1,mm,mean,,both,adult,,,,,,,,,,,
PreservedSpecimen,X,FoodFg,Functional trait determination based on expert knowledge and literature review of species characteristics,0,mm,mean,,both,adult,,,,,,,,,,,
PreservedSpecimen,X,FoodDet,Functional trait assignment based on literature review and expert identification of collected specimens,0,mm,mean,,both,adult,,,,,,,,,,,
PreservedSpecimen,X,FoodCopro,Functional trait determination based on expert knowledge and literature review,0,mm,mean,,both,adult,,,,,,,,,,,
HumanObservation,X,ActDay,,0,mm,mean,,both,adult,,,,,,,,,,,
PreservedSpecimen,X,ActNig,,1,mm,mean,,both,adult,,,,,,,,,,,
HumanObservation,X,ActTwi,,0,mm,mean,,both,adult,,,,,,,,,,,
HumanObservation,X,Dispersal,Functional trait assignment based on literature review and expert taxonomic knowledge,Hdsip,mm,mean,,both,adult,,,,,,,,,,,
PreservedSpecimen,X,Iridescence,"Visual inspection of collected adult beetle specimens, potentially aided by expert taxonomic identification.",0,mm,mean,,both,adult,,,,,,,,,,,
PreservedSpecimen,X,Color,"Visual inspection of preserved specimens, supplemented by expert taxonomic identification and literature review.",NA,mm,mean,,both,adult,,,,,,,,,,,
PreservedSpecimen,X,Class,,Insecta,mm,mean,,both,adult,,,,,,,,,,,
PreservedSpecimen,X,order,,Coleopter,mm,mean,,both,adult,,,,,,,,,,,
HumanObservation,X,family,,Staphylinidae,mm,mean,,both,adult,,,,,,,,,,,
PreservedSpecimen,X,bodysize,,NA,mm,mean,,both,adult,,,,,,,,,,,
HumanObservation,X,FoodPI,Functional trait assignment based on taxonomic identification and literature review,0,mm,mean,,both,adult,,,,,,,,,,,
HumanObservation,X,FoodAni,Literature review and expert consultation based on species descriptions and ecological research.,1,mm,mean,,both,adult,,,,,,,,,,,
PreservedSpecimen,X,FoodFg,Functional trait determination based on expert knowledge and literature review of species characteristics,0,mm,mean,,both,adult,,,,,,,,,,,
PreservedSpecimen,X,FoodDet,Functional trait assignment based on literature review and expert identification of collected specimens,0,mm,mean,,both,adult,,,,,,,,,,,
PreservedSpecimen,X,FoodCopro,Functional trait determination based on expert knowledge and literature review,0,mm,mean,,both,adult,,,,,,,,,,,
HumanObservation,X,ActDay,,0,mm,mean,,both,adult,,,,,,,,,,,
PreservedSpecimen,X,ActNig,,1,mm,mean,,both,adult,,,,,,,,,,,
HumanObservation,X,ActTwi,,0,mm,mean,,both,adult,,,,,,,,,,,
HumanObservation,X,Dispersal,Functional trait assignment based on literature review and expert taxonomic knowledge,Hdsip,mm,mean,,both,adult,,,,,,,,,,,
PreservedSpecimen,X,Iridescence,"Visual inspection of collected adult beetle specimens, potentially aided by expert taxonomic identification.",0,mm,mean,,both,adult,,,,,,,,,,,
PreservedSpecimen,X,Color,"Visual inspection of preserved specimens, supplemented by expert taxonomic identification and literature review.",NA,mm,mean,,both,adult,,,,,,,,,,,
PreservedSpecimen,X,Class,,Insecta,mm,mean,,both,adult,,,,,,,,,,,
PreservedSpecimen,X,order,,Coleoptera,mm,mean,,both,adult,,,,,,,,,,,
HumanObservation,X,family,,Phalacridae,mm,mean,,both,adult,,,,,,,,,,,
PreservedSpecimen,X,bodysize,,NA,mm,mean,,both,adult,,,,,,,,,,,
HumanObservation,X,FoodPI,Functional trait assignment based on taxonomic identification and literature review,1,mm,mean,,both,adult,,,,,,,,,,,
HumanObservation,X,FoodAni,Literature review and expert consultation based on species descriptions and ecological research.,0,mm,mean,,both,adult,,,,,,,,,,,
PreservedSpecimen,X,FoodFg,Functional trait determination based on expert knowledge and literature review of species characteristics,1,mm,mean,,both,adult,,,,,,,,,,,
PreservedSpecimen,X,FoodDet,Functional trait assignment based on literature review and expert identification of collected specimens,0,mm,mean,,both,adult,,,,,,,,,,,
PreservedSpecimen,X,FoodCopro,Functional trait determination based on expert knowledge and literature review,0,mm,mean,,both,adult,,,,,,,,,,,
HumanObservation,X,ActDay,,1,mm,mean,,both,adult,,,,,,,,,,,
PreservedSpecimen,X,ActNig,,0,mm,mean,,both,adult,,,,,,,,,,,
HumanObservation,X,ActTwi,,0,mm,mean,,both,adult,,,,,,,,,,,
HumanObservation,X,Dispersal,Functional trait assignment based on literature review and expert taxonomic knowledge,NA,mm,mean,,both,adult,,,,,,,,,,,
PreservedSpecimen,X,Iridescence,"Visual inspection of collected adult beetle specimens, potentially aided by expert taxonomic identification.",0,mm,mean,,both,adult,,,,,,,,,,,
PreservedSpecimen,X,Color,"Visual inspection of preserved specimens, supplemented by expert taxonomic identification and literature review.",Blackish,mm,mean,,both,adult,,,,,,,,,,,
PreservedSpecimen,X,Class,,Insecta,mm,mean,,both,adult,,,,,,,,,,,
PreservedSpecimen,X,order,,Coleoptera,mm,mean,,both,adult,,,,,,,,,,,
HumanObservation,X,family,,Latridiidae,mm,mean,,both,adult,,,,,,,,,,,
PreservedSpecimen,X,bodysize,,NA,mm,mean,,both,adult,,,,,,,,,,,
HumanObservation,X,FoodPI,Functional trait assignment based on taxonomic identification and literature review,0,mm,mean,,both,adult,,,,,,,,,,,
HumanObservation,X,FoodAni,Literature review and expert consultation based on species descriptions and ecological research.,0,mm,mean,,both,adult,,,,,,,,,,,
PreservedSpecimen,X,FoodFg,Functional trait determination based on expert knowledge and literature review of species characteristics,1,mm,mean,,both,adult,,,,,,,,,,,
PreservedSpecimen,X,FoodDet,Functional trait assignment based on literature review and expert identification of collected specimens,0,mm,mean,,both,adult,,,,,,,,,,,
PreservedSpecimen,X,FoodCopro,Functional trait determination based on expert knowledge and literature review,0,mm,mean,,both,adult,,,,,,,,,,,
HumanObservation,X,ActDay,,1,mm,mean,,both,adult,,,,,,,,,,,
PreservedSpecimen,X,ActNig,,1,mm,mean,,both,adult,,,,,,,,,,,
HumanObservation,X,ActTwi,,1,mm,mean,,both,adult,,,,,,,,,,,
HumanObservation,X,Dispersal,Functional trait assignment based on literature review and expert taxonomic knowledge,NA,mm,mean,,both,adult,,,,,,,,,,,
PreservedSpecimen,X,Iridescence,"Visual inspection of collected adult beetle specimens, potentially aided by expert taxonomic identification.",0,mm,mean,,both,adult,,,,,,,,,,,
PreservedSpecimen,X,Color,"Visual inspection of preserved specimens, supplemented by expert taxonomic identification and literature review.",ReddishBrown,mm,mean,,both,adult,,,,,,,,,,,
PreservedSpecimen,Geostiba sp.,Class,,Insecta,mm,mean,,both,adult,,,,,,,,,,,
PreservedSpecimen,Geostiba sp.,order,,Coleoptera,mm,mean,,both,adult,,,,,,,,,,,
HumanObservation,Geostiba sp.,family,,Staphylinidae,mm,mean,,both,adult,,,,,,,,,,,
PreservedSpecimen,Geostiba sp.,bodysize,,NA,mm,mean,,both,adult,,,,,,,,,,,
HumanObservation,Geostiba sp.,FoodPI,Functional trait assignment based on taxonomic identification and literature review,0,mm,mean,,both,adult,,,,,,,,,,,
HumanObservation,Geostiba sp.,FoodAni,Literature review and expert consultation based on species descriptions and ecological research.,1,mm,mean,,both,adult,,,,,,,,,,,
PreservedSpecimen,Geostiba sp.,FoodFg,Functional trait determination based on expert knowledge and literature review of species characteristics,0,mm,mean,,both,adult,,,,,,,,,,,
PreservedSpecimen,Geostiba sp.,FoodDet,Functional trait assignment based on literature review and expert identification of collected specimens,0,mm,mean,,both,adult,,,,,,,,,,,
PreservedSpecimen,Geostiba sp.,FoodCopro,Functional trait determination based on expert knowledge and literature review,0,mm,mean,,both,adult,,,,,,,,,,,
HumanObservation,Geostiba sp.,ActDay,,0,mm,mean,,both,adult,,,,,,,,,,,
PreservedSpecimen,Geostiba sp.,ActNig,,1,mm,mean,,both,adult,,,,,,,,,,,
HumanObservation,Geostiba sp.,ActTwi,,0,mm,mean,,both,adult,,,,,,,,,,,
HumanObservation,Geostiba sp.,Dispersal,Functional trait assignment based on literature review and expert taxonomic knowledge,Hdsip,mm,mean,,both,adult,,,,,,,,,,,
PreservedSpecimen,Geostiba sp.,Iridescence,"Visual inspection of collected adult beetle specimens, potentially aided by expert taxonomic identification.",0,mm,mean,,both,adult,,,,,,,,,,,
PreservedSpecimen,Geostiba sp.,Color,"Visual inspection of preserved specimens, supplemented by expert taxonomic identification and literature review.",ReddishBrown,mm,mean,,both,adult,,,,,,,,,,,
PreservedSpecimen,Atheta fungi,Class,,Insecta,mm,mean,,both,adult,,,,,,,,,,,
PreservedSpecimen,Atheta fungi,order,,Coleoptera,mm,mean,,both,adult,,,,,,,,,,,
HumanObservation,Atheta fungi,family,,Staphylinidae,mm,mean,,both,adult,,,,,,,,,,,
PreservedSpecimen,Atheta fungi,bodysize,,1.99,mm,mean,,both,adult,,,,,,,,,,,
HumanObservation,Atheta fungi,FoodPI,Functional trait assignment based on taxonomic identification and literature review,0,mm,mean,,both,adult,,,,,,,,,,,
HumanObservation,Atheta fungi,FoodAni,Literature review and expert consultation based on species descriptions and ecological research.,0,mm,mean,,both,adult,,,,,,,,,,,
PreservedSpecimen,Atheta fungi,FoodFg,Functional trait determination based on expert knowledge and literature review of species characteristics,1,mm,mean,,both,adult,,,,,,,,,,,
PreservedSpecimen,Atheta fungi,FoodDet,Functional trait assignment based on literature review and expert identification of collected specimens,0,mm,mean,,both,adult,,,,,,,,,,,
PreservedSpecimen,Atheta fungi,FoodCopro,Functional trait determination based on expert knowledge and literature review,0,mm,mean,,both,adult,,,,,,,,,,,
HumanObservation,Atheta fungi,ActDay,,0,mm,mean,,both,adult,,,,,,,,,,,
PreservedSpecimen,Atheta fungi,ActNig,,1,mm,mean,,both,adult,,,,,,,,,,,
HumanObservation,Atheta fungi,ActTwi,,0,mm,mean,,both,adult,,,,,,,,,,,
HumanObservation,Atheta fungi,Dispersal,Functional trait assignment based on literature review and expert taxonomic knowledge,Hdsip,mm,mean,,both,adult,,,,,,,,,,,
PreservedSpecimen,Atheta fungi,Iridescence,"Visual inspection of collected adult beetle specimens, potentially aided by expert taxonomic identification.",0,mm,mean,,both,adult,,,,,,,,,,,
PreservedSpecimen,Atheta fungi,Color,"Visual inspection of preserved specimens, supplemented by expert taxonomic identification and literature review.",Blackish,mm,mean,,both,adult,,,,,,,,,,,
PreservedSpecimen,Amara aenea,Class,,Insecta,mm,mean,,both,adult,,,,,,,,,,,
PreservedSpecimen,Amara aenea,order,,Coleoptera,mm,mean,,both,adult,,,,,,,,,,,
HumanObservation,Amara aenea,family,,Carabidae,mm,mean,,both,adult,,,,,,,,,,,
PreservedSpecimen,Amara aenea,bodysize,,6.04,mm,mean,,both,adult,,,,,,,,,,,
HumanObservation,Amara aenea,FoodPI,Functional trait assignment based on taxonomic identification and literature review,1,mm,mean,,both,adult,,,,,,,,,,,
HumanObservation,Amara aenea,FoodAni,Literature review and expert consultation based on species descriptions and ecological research.,1,mm,mean,,both,adult,,,,,,,,,,,
PreservedSpecimen,Amara aenea,FoodFg,Functional trait determination based on expert knowledge and literature review of species characteristics,0,mm,mean,,both,adult,,,,,,,,,,,
PreservedSpecimen,Amara aenea,FoodDet,Functional trait assignment based on literature review and expert identification of collected specimens,0,mm,mean,,both,adult,,,,,,,,,,,
PreservedSpecimen,Amara aenea,FoodCopro,Functional trait determination based on expert knowledge and literature review,0,mm,mean,,both,adult,,,,,,,,,,,
HumanObservation,Amara aenea,ActDay,,1,mm,mean,,both,adult,,,,,,,,,,,
PreservedSpecimen,Amara aenea,ActNig,,0,mm,mean,,both,adult,,,,,,,,,,,
HumanObservation,Amara aenea,ActTwi,,0,mm,mean,,both,adult,,,,,,,,,,,
HumanObservation,Amara aenea,Dispersal,Functional trait assignment based on literature review and expert taxonomic knowledge,Hdsip,mm,mean,,both,adult,,,,,,,,,,,
PreservedSpecimen,Amara aenea,Iridescence,"Visual inspection of collected adult beetle specimens, potentially aided by expert taxonomic identification.",1,mm,mean,,both,adult,,,,,,,,,,,
PreservedSpecimen,Amara aenea,Color,"Visual inspection of preserved specimens, supplemented by expert taxonomic identification and literature review.",Black,mm,mean,,both,adult,,,,,,,,,,,
PreservedSpecimen,Bembidion ambiguum,Class,,Insecta,mm,mean,,both,adult,,,,,,,,,,,
PreservedSpecimen,Bembidion ambiguum,order,,Coleoptera,mm,mean,,both,adult,,,,,,,,,,,
HumanObservation,Bembidion ambiguum,family,,Carabidae,mm,mean,,both,adult,,,,,,,,,,,
PreservedSpecimen,Bembidion ambiguum,bodysize,,2.83,mm,mean,,both,adult,,,,,,,,,,,
HumanObservation,Bembidion ambiguum,FoodPI,Functional trait assignment based on taxonomic identification and literature review,0,mm,mean,,both,adult,,,,,,,,,,,
HumanObservation,Bembidion ambiguum,FoodAni,Literature review and expert consultation based on species descriptions and ecological research.,1,mm,mean,,both,adult,,,,,,,,,,,
PreservedSpecimen,Bembidion ambiguum,FoodFg,Functional trait determination based on expert knowledge and literature review of species characteristics,0,mm,mean,,both,adult,,,,,,,,,,,
PreservedSpecimen,Bembidion ambiguum,FoodDet,Functional trait assignment based on literature review and expert identification of collected specimens,0,mm,mean,,both,adult,,,,,,,,,,,
PreservedSpecimen,Bembidion ambiguum,FoodCopro,Functional trait determination based on expert knowledge and literature review,0,mm,mean,,both,adult,,,,,,,,,,,
HumanObservation,Bembidion ambiguum,ActDay,,1,mm,mean,,both,adult,,,,,,,,,,,
PreservedSpecimen,Bembidion ambiguum,ActNig,,0,mm,mean,,both,adult,,,,,,,,,,,
HumanObservation,Bembidion ambiguum,ActTwi,,0,mm,mean,,both,adult,,,,,,,,,,,
HumanObservation,Bembidion ambiguum,Dispersal,Functional trait assignment based on literature review and expert taxonomic knowledge,Ldisp,mm,mean,,both,adult,,,,,,,,,,,
PreservedSpecimen,Bembidion ambiguum,Iridescence,"Visual inspection of collected adult beetle specimens, potentially aided by expert taxonomic identification.",1,mm,mean,,both,adult,,,,,,,,,,,
PreservedSpecimen,Bembidion ambiguum,Color,"Visual inspection of preserved specimens, supplemented by expert taxonomic identification and literature review.",Black,mm,mean,,both,adult,,,,,,,,,,,
PreservedSpecimen,Cordalia sp.,Class,,Insecta,mm,mean,,both,adult,,,,,,,,,,,
PreservedSpecimen,Cordalia sp.,order,,Coleoptera,mm,mean,,both,adult,,,,,,,,,,,
HumanObservation,Cordalia sp.,family,,Staphylinidae,mm,mean,,both,adult,,,,,,,,,,,
PreservedSpecimen,Cordalia sp.,bodysize,,NA,mm,mean,,both,adult,,,,,,,,,,,
HumanObservation,Cordalia sp.,FoodPI,Functional trait assignment based on taxonomic identification and literature review,0,mm,mean,,both,adult,,,,,,,,,,,
HumanObservation,Cordalia sp.,FoodAni,Literature review and expert consultation based on species descriptions and ecological research.,1,mm,mean,,both,adult,,,,,,,,,,,
PreservedSpecimen,Cordalia sp.,FoodFg,Functional trait determination based on expert knowledge and literature review of species characteristics,0,mm,mean,,both,adult,,,,,,,,,,,
PreservedSpecimen,Cordalia sp.,FoodDet,Functional trait assignment based on literature review and expert identification of collected specimens,0,mm,mean,,both,adult,,,,,,,,,,,
PreservedSpecimen,Cordalia sp.,FoodCopro,Functional trait determination based on expert knowledge and literature review,0,mm,mean,,both,adult,,,,,,,,,,,
HumanObservation,Cordalia sp.,ActDay,,0,mm,mean,,both,adult,,,,,,,,,,,
PreservedSpecimen,Cordalia sp.,ActNig,,1,mm,mean,,both,adult,,,,,,,,,,,
HumanObservation,Cordalia sp.,ActTwi,,0,mm,mean,,both,adult,,,,,,,,,,,
HumanObservation,Cordalia sp.,Dispersal,Functional trait assignment based on literature review and expert taxonomic knowledge,Hdsip,mm,mean,,both,adult,,,,,,,,,,,
PreservedSpecimen,Cordalia sp.,Iridescence,"Visual inspection of collected adult beetle specimens, potentially aided by expert taxonomic identification.",0,mm,mean,,both,adult,,,,,,,,,,,
PreservedSpecimen,Cordalia sp.,Color,"Visual inspection of preserved specimens, supplemented by expert taxonomic identification and literature review.",Blackish,mm,mean,,both,adult,,,,,,,,,,,
PreservedSpecimen,Tychius picirostris,Class,,Insecta,mm,mean,,both,adult,,,,,,,,,,,
PreservedSpecimen,Tychius picirostris,order,,Coleoptera,mm,mean,,both,adult,,,,,,,,,,,
HumanObservation,Tychius picirostris,family,,Curculionidae,mm,mean,,both,adult,,,,,,,,,,,
PreservedSpecimen,Tychius picirostris,bodysize,,2.18,mm,mean,,both,adult,,,,,,,,,,,
HumanObservation,Tychius picirostris,FoodPI,Functional trait assignment based on taxonomic identification and literature review,1,mm,mean,,both,adult,,,,,,,,,,,
HumanObservation,Tychius picirostris,FoodAni,Literature review and expert consultation based on species descriptions and ecological research.,0,mm,mean,,both,adult,,,,,,,,,,,
PreservedSpecimen,Tychius picirostris,FoodFg,Functional trait determination based on expert knowledge and literature review of species characteristics,0,mm,mean,,both,adult,,,,,,,,,,,
PreservedSpecimen,Tychius picirostris,FoodDet,Functional trait assignment based on literature review and expert identification of collected specimens,0,mm,mean,,both,adult,,,,,,,,,,,
PreservedSpecimen,Tychius picirostris,FoodCopro,Functional trait determination based on expert knowledge and literature review,0,mm,mean,,both,adult,,,,,,,,,,,
HumanObservation,Tychius picirostris,ActDay,,1,mm,mean,,both,adult,,,,,,,,,,,
PreservedSpecimen,Tychius picirostris,ActNig,,0,mm,mean,,both,adult,,,,,,,,,,,
HumanObservation,Tychius picirostris,ActTwi,,0,mm,mean,,both,adult,,,,,,,,,,,
HumanObservation,Tychius picirostris,Dispersal,Functional trait assignment based on literature review and expert taxonomic knowledge,Hdsip,mm,mean,,both,adult,,,,,,,,,,,
PreservedSpecimen,Tychius picirostris,Iridescence,"Visual inspection of collected adult beetle specimens, potentially aided by expert taxonomic identification.",0,mm,mean,,both,adult,,,,,,,,,,,
PreservedSpecimen,Tychius picirostris,Color,"Visual inspection of preserved specimens, supplemented by expert taxonomic identification and literature review.",ReddishBrown,mm,mean,,both,adult,,,,,,,,,,,
PreservedSpecimen,Aleochara verna,Class,,Insecta,mm,mean,,both,adult,,,,,,,,,,,
PreservedSpecimen,Aleochara verna,order,,Coleoptera,mm,mean,,both,adult,,,,,,,,,,,
HumanObservation,Aleochara verna,family,,Staphylinidae,mm,mean,,both,adult,,,,,,,,,,,
PreservedSpecimen,Aleochara verna,bodysize,,3.63,mm,mean,,both,adult,,,,,,,,,,,
HumanObservation,Aleochara verna,FoodPI,Functional trait assignment based on taxonomic identification and literature review,0,mm,mean,,both,adult,,,,,,,,,,,
HumanObservation,Aleochara verna,FoodAni,Literature review and expert consultation based on species descriptions and ecological research.,1,mm,mean,,both,adult,,,,,,,,,,,
PreservedSpecimen,Aleochara verna,FoodFg,Functional trait determination based on expert knowledge and literature review of species characteristics,0,mm,mean,,both,adult,,,,,,,,,,,
PreservedSpecimen,Aleochara verna,FoodDet,Functional trait assignment based on literature review and expert identification of collected specimens,0,mm,mean,,both,adult,,,,,,,,,,,
PreservedSpecimen,Aleochara verna,FoodCopro,Functional trait determination based on expert knowledge and literature review,0,mm,mean,,both,adult,,,,,,,,,,,
HumanObservation,Aleochara verna,ActDay,,0,mm,mean,,both,adult,,,,,,,,,,,
PreservedSpecimen,Aleochara verna,ActNig,,1,mm,mean,,both,adult,,,,,,,,,,,
HumanObservation,Aleochara verna,ActTwi,,0,mm,mean,,both,adult,,,,,,,,,,,
HumanObservation,Aleochara verna,Dispersal,Functional trait assignment based on literature review and expert taxonomic knowledge,Hdsip,mm,mean,,both,adult,,,,,,,,,,,
PreservedSpecimen,Aleochara verna,Iridescence,"Visual inspection of collected adult beetle specimens, potentially aided by expert taxonomic identification.",0,mm,mean,,both,adult,,,,,,,,,,,
PreservedSpecimen,Aleochara verna,Color,"Visual inspection of preserved specimens, supplemented by expert taxonomic identification and literature review.",Blackish,mm,mean,,both,adult,,,,,,,,,,,
PreservedSpecimen,Oxypoda sp.,Class,,Insecta,mm,mean,,both,adult,,,,,,,,,,,
PreservedSpecimen,Oxypoda sp.,order,,Coleoptera,mm,mean,,both,adult,,,,,,,,,,,
HumanObservation,Oxypoda sp.,family,,Staphylinidae,mm,mean,,both,adult,,,,,,,,,,,
PreservedSpecimen,Oxypoda sp.,bodysize,,NA,mm,mean,,both,adult,,,,,,,,,,,
HumanObservation,Oxypoda sp.,FoodPI,Functional trait assignment based on taxonomic identification and literature review,0,mm,mean,,both,adult,,,,,,,,,,,
HumanObservation,Oxypoda sp.,FoodAni,Literature review and expert consultation based on species descriptions and ecological research.,1,mm,mean,,both,adult,,,,,,,,,,,
PreservedSpecimen,Oxypoda sp.,FoodFg,Functional trait determination based on expert knowledge and literature review of species characteristics,0,mm,mean,,both,adult,,,,,,,,,,,
PreservedSpecimen,Oxypoda sp.,FoodDet,Functional trait assignment based on literature review and expert identification of collected specimens,0,mm,mean,,both,adult,,,,,,,,,,,
PreservedSpecimen,Oxypoda sp.,FoodCopro,Functional trait determination based on expert knowledge and literature review,0,mm,mean,,both,adult,,,,,,,,,,,
HumanObservation,Oxypoda sp.,ActDay,,0,mm,mean,,both,adult,,,,,,,,,,,
PreservedSpecimen,Oxypoda sp.,ActNig,,1,mm,mean,,both,adult,,,,,,,,,,,
HumanObservation,Oxypoda sp.,ActTwi,,0,mm,mean,,both,adult,,,,,,,,,,,
HumanObservation,Oxypoda sp.,Dispersal,Functional trait assignment based on literature review and expert taxonomic knowledge,Hdsip,mm,mean,,both,adult,,,,,,,,,,,
PreservedSpecimen,Oxypoda sp.,Iridescence,"Visual inspection of collected adult beetle specimens, potentially aided by expert taxonomic identification.",0,mm,mean,,both,adult,,,,,,,,,,,
PreservedSpecimen,Oxypoda sp.,Color,"Visual inspection of preserved specimens, supplemented by expert taxonomic identification and literature review.",Blackish,mm,mean,,both,adult,,,,,,,,,,,
PreservedSpecimen,Cryptophagidae,Class,,Insecta,mm,mean,,both,adult,,,,,,,,,,,
PreservedSpecimen,Cryptophagidae,order,,Coleoptera,mm,mean,,both,adult,,,,,,,,,,,
HumanObservation,Cryptophagidae,family,,Cryptophagidae,mm,mean,,both,adult,,,,,,,,,,,
PreservedSpecimen,Cryptophagidae,bodysize,,NA,mm,mean,,both,adult,,,,,,,,,,,
HumanObservation,Cryptophagidae,FoodPI,Functional trait assignment based on taxonomic identification and literature review,0,mm,mean,,both,adult,,,,,,,,,,,
HumanObservation,Cryptophagidae,FoodAni,Literature review and expert consultation based on species descriptions and ecological research.,0,mm,mean,,both,adult,,,,,,,,,,,
PreservedSpecimen,Cryptophagidae,FoodFg,Functional trait determination based on expert knowledge and literature review of species characteristics,0,mm,mean,,both,adult,,,,,,,,,,,
PreservedSpecimen,Cryptophagidae,FoodDet,Functional trait assignment based on literature review and expert identification of collected specimens,1,mm,mean,,both,adult,,,,,,,,,,,
PreservedSpecimen,Cryptophagidae,FoodCopro,Functional trait determination based on expert knowledge and literature review,0,mm,mean,,both,adult,,,,,,,,,,,
HumanObservation,Cryptophagidae,ActDay,,1,mm,mean,,both,adult,,,,,,,,,,,
PreservedSpecimen,Cryptophagidae,ActNig,,1,mm,mean,,both,adult,,,,,,,,,,,
HumanObservation,Cryptophagidae,ActTwi,,1,mm,mean,,both,adult,,,,,,,,,,,
HumanObservation,Cryptophagidae,Dispersal,Functional trait assignment based on literature review and expert taxonomic knowledge,NA,mm,mean,,both,adult,,,,,,,,,,,
PreservedSpecimen,Cryptophagidae,Iridescence,"Visual inspection of collected adult beetle specimens, potentially aided by expert taxonomic identification.",0,mm,mean,,both,adult,,,,,,,,,,,
PreservedSpecimen,Cryptophagidae,Color,"Visual inspection of preserved specimens, supplemented by expert taxonomic identification and literature review.",ReddishBrown,mm,mean,,both,adult,,,,,,,,,,,
PreservedSpecimen,Philonthus longicornis,Class,,Insecta,mm,mean,,both,adult,,,,,,,,,,,
PreservedSpecimen,Philonthus longicornis,order,,Coleoptera,mm,mean,,both,adult,,,,,,,,,,,
HumanObservation,Philonthus longicornis,family,,Staphylinidae,mm,mean,,both,adult,,,,,,,,,,,
PreservedSpecimen,Philonthus longicornis,bodysize,,4.95,mm,mean,,both,adult,,,,,,,,,,,
HumanObservation,Philonthus longicornis,FoodPI,Functional trait assignment based on taxonomic identification and literature review,0,mm,mean,,both,adult,,,,,,,,,,,
HumanObservation,Philonthus longicornis,FoodAni,Literature review and expert consultation based on species descriptions and ecological research.,1,mm,mean,,both,adult,,,,,,,,,,,
PreservedSpecimen,Philonthus longicornis,FoodFg,Functional trait determination based on expert knowledge and literature review of species characteristics,0,mm,mean,,both,adult,,,,,,,,,,,
PreservedSpecimen,Philonthus longicornis,FoodDet,Functional trait assignment based on literature review and expert identification of collected specimens,0,mm,mean,,both,adult,,,,,,,,,,,
PreservedSpecimen,Philonthus longicornis,FoodCopro,Functional trait determination based on expert knowledge and literature review,0,mm,mean,,both,adult,,,,,,,,,,,
HumanObservation,Philonthus longicornis,ActDay,,0,mm,mean,,both,adult,,,,,,,,,,,
PreservedSpecimen,Philonthus longicornis,ActNig,,1,mm,mean,,both,adult,,,,,,,,,,,
HumanObservation,Philonthus longicornis,ActTwi,,0,mm,mean,,both,adult,,,,,,,,,,,
HumanObservation,Philonthus longicornis,Dispersal,Functional trait assignment based on literature review and expert taxonomic knowledge,Hdsip,mm,mean,,both,adult,,,,,,,,,,,
PreservedSpecimen,Philonthus longicornis,Iridescence,"Visual inspection of collected adult beetle specimens, potentially aided by expert taxonomic identification.",0,mm,mean,,both,adult,,,,,,,,,,,
PreservedSpecimen,Philonthus longicornis,Color,"Visual inspection of preserved specimens, supplemented by expert taxonomic identification and literature review.",ReddishBrown,mm,mean,,both,adult,,,,,,,,,,,
PreservedSpecimen,Gabrius nigritulus,Class,,Insecta,mm,mean,,both,adult,,,,,,,,,,,
PreservedSpecimen,Gabrius nigritulus,order,,Coleoptera,mm,mean,,both,adult,,,,,,,,,,,
HumanObservation,Gabrius nigritulus,family,,Staphylinidae,mm,mean,,both,adult,,,,,,,,,,,
PreservedSpecimen,Gabrius nigritulus,bodysize,,2.71,mm,mean,,both,adult,,,,,,,,,,,
HumanObservation,Gabrius nigritulus,FoodPI,Functional trait assignment based on taxonomic identification and literature review,0,mm,mean,,both,adult,,,,,,,,,,,
HumanObservation,Gabrius nigritulus,FoodAni,Literature review and expert consultation based on species descriptions and ecological research.,1,mm,mean,,both,adult,,,,,,,,,,,
PreservedSpecimen,Gabrius nigritulus,FoodFg,Functional trait determination based on expert knowledge and literature review of species characteristics,0,mm,mean,,both,adult,,,,,,,,,,,
PreservedSpecimen,Gabrius nigritulus,FoodDet,Functional trait assignment based on literature review and expert identification of collected specimens,0,mm,mean,,both,adult,,,,,,,,,,,
PreservedSpecimen,Gabrius nigritulus,FoodCopro,Functional trait determination based on expert knowledge and literature review,0,mm,mean,,both,adult,,,,,,,,,,,
HumanObservation,Gabrius nigritulus,ActDay,,0,mm,mean,,both,adult,,,,,,,,,,,
PreservedSpecimen,Gabrius nigritulus,ActNig,,1,mm,mean,,both,adult,,,,,,,,,,,
HumanObservation,Gabrius nigritulus,ActTwi,,0,mm,mean,,both,adult,,,,,,,,,,,
HumanObservation,Gabrius nigritulus,Dispersal,Functional trait assignment based on literature review and expert taxonomic knowledge,Hdsip,mm,mean,,both,adult,,,,,,,,,,,
PreservedSpecimen,Gabrius nigritulus,Iridescence,"Visual inspection of collected adult beetle specimens, potentially aided by expert taxonomic identification.",0,mm,mean,,both,adult,,,,,,,,,,,
PreservedSpecimen,Gabrius nigritulus,Color,"Visual inspection of preserved specimens, supplemented by expert taxonomic identification and literature review.",Blackish,mm,mean,,both,adult,,,,,,,,,,,
PreservedSpecimen,Epitrix cucumeris,Class,,Insecta,mm,mean,,both,adult,,,,,,,,,,,
PreservedSpecimen,Epitrix cucumeris,order,,Coleoptera,mm,mean,,both,adult,,,,,,,,,,,
HumanObservation,Epitrix cucumeris,family,,Chrysomelidae,mm,mean,,both,adult,,,,,,,,,,,
PreservedSpecimen,Epitrix cucumeris,bodysize,,1.62,mm,mean,,both,adult,,,,,,,,,,,
HumanObservation,Epitrix cucumeris,FoodPI,Functional trait assignment based on taxonomic identification and literature review,1,mm,mean,,both,adult,,,,,,,,,,,
HumanObservation,Epitrix cucumeris,FoodAni,Literature review and expert consultation based on species descriptions and ecological research.,0,mm,mean,,both,adult,,,,,,,,,,,
PreservedSpecimen,Epitrix cucumeris,FoodFg,Functional trait determination based on expert knowledge and literature review of species characteristics,0,mm,mean,,both,adult,,,,,,,,,,,
PreservedSpecimen,Epitrix cucumeris,FoodDet,Functional trait assignment based on literature review and expert identification of collected specimens,0,mm,mean,,both,adult,,,,,,,,,,,
PreservedSpecimen,Epitrix cucumeris,FoodCopro,Functional trait determination based on expert knowledge and literature review,0,mm,mean,,both,adult,,,,,,,,,,,
HumanObservation,Epitrix cucumeris,ActDay,,1,mm,mean,,both,adult,,,,,,,,,,,
PreservedSpecimen,Epitrix cucumeris,ActNig,,0,mm,mean,,both,adult,,,,,,,,,,,
HumanObservation,Epitrix cucumeris,ActTwi,,0,mm,mean,,both,adult,,,,,,,,,,,
HumanObservation,Epitrix cucumeris,Dispersal,Functional trait assignment based on literature review and expert taxonomic knowledge,Hdsip,mm,mean,,both,adult,,,,,,,,,,,
PreservedSpecimen,Epitrix cucumeris,Iridescence,"Visual inspection of collected adult beetle specimens, potentially aided by expert taxonomic identification.",0,mm,mean,,both,adult,,,,,,,,,,,
PreservedSpecimen,Epitrix cucumeris,Color,"Visual inspection of preserved specimens, supplemented by expert taxonomic identification and literature review.",Black,mm,mean,,both,adult,,,,,,,,,,,
PreservedSpecimen,Carpophilus fumatus,Class,,Insecta,mm,mean,,both,adult,,,,,,,,,,,
PreservedSpecimen,Carpophilus fumatus,order,,Coleoptera,mm,mean,,both,adult,,,,,,,,,,,
HumanObservation,Carpophilus fumatus,family,,Nitidulidae,mm,mean,,both,adult,,,,,,,,,,,
PreservedSpecimen,Carpophilus fumatus,bodysize,,2.49,mm,mean,,both,adult,,,,,,,,,,,
HumanObservation,Carpophilus fumatus,FoodPI,Functional trait assignment based on taxonomic identification and literature review,1,mm,mean,,both,adult,,,,,,,,,,,
HumanObservation,Carpophilus fumatus,FoodAni,Literature review and expert consultation based on species descriptions and ecological research.,0,mm,mean,,both,adult,,,,,,,,,,,
PreservedSpecimen,Carpophilus fumatus,FoodFg,Functional trait determination based on expert knowledge and literature review of species characteristics,0,mm,mean,,both,adult,,,,,,,,,,,
PreservedSpecimen,Carpophilus fumatus,FoodDet,Functional trait assignment based on literature review and expert identification of collected specimens,0,mm,mean,,both,adult,,,,,,,,,,,
PreservedSpecimen,Carpophilus fumatus,FoodCopro,Functional trait determination based on expert knowledge and literature review,0,mm,mean,,both,adult,,,,,,,,,,,
HumanObservation,Carpophilus fumatus,ActDay,,1,mm,mean,,both,adult,,,,,,,,,,,
PreservedSpecimen,Carpophilus fumatus,ActNig,,0,mm,mean,,both,adult,,,,,,,,,,,
HumanObservation,Carpophilus fumatus,ActTwi,,0,mm,mean,,both,adult,,,,,,,,,,,
HumanObservation,Carpophilus fumatus,Dispersal,Functional trait assignment based on literature review and expert taxonomic knowledge,Hdsip,mm,mean,,both,adult,,,,,,,,,,,
PreservedSpecimen,Carpophilus fumatus,Iridescence,"Visual inspection of collected adult beetle specimens, potentially aided by expert taxonomic identification.",0,mm,mean,,both,adult,,,,,,,,,,,
PreservedSpecimen,Carpophilus fumatus,Color,"Visual inspection of preserved specimens, supplemented by expert taxonomic identification and literature review.",ReddishBrown,mm,mean,,both,adult,,,,,,,,,,,
PreservedSpecimen,Aleochara bipustulata,Class,,Insecta,mm,mean,,both,adult,,,,,,,,,,,
PreservedSpecimen,Aleochara bipustulata,order,,Coleoptera,mm,mean,,both,adult,,,,,,,,,,,
HumanObservation,Aleochara bipustulata,family,,Staphylinidae,mm,mean,,both,adult,,,,,,,,,,,
PreservedSpecimen,Aleochara bipustulata,bodysize,,3.41,mm,mean,,both,adult,,,,,,,,,,,
HumanObservation,Aleochara bipustulata,FoodPI,Functional trait assignment based on taxonomic identification and literature review,0,mm,mean,,both,adult,,,,,,,,,,,
HumanObservation,Aleochara bipustulata,FoodAni,Literature review and expert consultation based on species descriptions and ecological research.,1,mm,mean,,both,adult,,,,,,,,,,,
PreservedSpecimen,Aleochara bipustulata,FoodFg,Functional trait determination based on expert knowledge and literature review of species characteristics,0,mm,mean,,both,adult,,,,,,,,,,,
PreservedSpecimen,Aleochara bipustulata,FoodDet,Functional trait assignment based on literature review and expert identification of collected specimens,0,mm,mean,,both,adult,,,,,,,,,,,
PreservedSpecimen,Aleochara bipustulata,FoodCopro,Functional trait determination based on expert knowledge and literature review,0,mm,mean,,both,adult,,,,,,,,,,,
HumanObservation,Aleochara bipustulata,ActDay,,0,mm,mean,,both,adult,,,,,,,,,,,
PreservedSpecimen,Aleochara bipustulata,ActNig,,1,mm,mean,,both,adult,,,,,,,,,,,
HumanObservation,Aleochara bipustulata,ActTwi,,0,mm,mean,,both,adult,,,,,,,,,,,
HumanObservation,Aleochara bipustulata,Dispersal,Functional trait assignment based on literature review and expert taxonomic knowledge,Hdsip,mm,mean,,both,adult,,,,,,,,,,,
PreservedSpecimen,Aleochara bipustulata,Iridescence,"Visual inspection of collected adult beetle specimens, potentially aided by expert taxonomic identification.",0,mm,mean,,both,adult,,,,,,,,,,,
PreservedSpecimen,Aleochara bipustulata,Color,"Visual inspection of preserved specimens, supplemented by expert taxonomic identification and literature review.",Blackish,mm,mean,,both,adult,,,,,,,,,,,
PreservedSpecimen,Atheta palustris,Class,,Insecta,mm,mean,,both,adult,,,,,,,,,,,
PreservedSpecimen,Atheta palustris,order,,Coleoptera,mm,mean,,both,adult,,,,,,,,,,,
HumanObservation,Atheta palustris,family,,Staphylinidae,mm,mean,,both,adult,,,,,,,,,,,
PreservedSpecimen,Atheta palustris,bodysize,,2.16,mm,mean,,both,adult,,,,,,,,,,,
HumanObservation,Atheta palustris,FoodPI,Functional trait assignment based on taxonomic identification and literature review,0,mm,mean,,both,adult,,,,,,,,,,,
HumanObservation,Atheta palustris,FoodAni,Literature review and expert consultation based on species descriptions and ecological research.,1,mm,mean,,both,adult,,,,,,,,,,,
PreservedSpecimen,Atheta palustris,FoodFg,Functional trait determination based on expert knowledge and literature review of species characteristics,0,mm,mean,,both,adult,,,,,,,,,,,
PreservedSpecimen,Atheta palustris,FoodDet,Functional trait assignment based on literature review and expert identification of collected specimens,0,mm,mean,,both,adult,,,,,,,,,,,
PreservedSpecimen,Atheta palustris,FoodCopro,Functional trait determination based on expert knowledge and literature review,0,mm,mean,,both,adult,,,,,,,,,,,
HumanObservation,Atheta palustris,ActDay,,0,mm,mean,,both,adult,,,,,,,,,,,
PreservedSpecimen,Atheta palustris,ActNig,,1,mm,mean,,both,adult,,,,,,,,,,,
HumanObservation,Atheta palustris,ActTwi,,0,mm,mean,,both,adult,,,,,,,,,,,
HumanObservation,Atheta palustris,Dispersal,Functional trait assignment based on literature review and expert taxonomic knowledge,Hdsip,mm,mean,,both,adult,,,,,,,,,,,
PreservedSpecimen,Atheta palustris,Iridescence,"Visual inspection of collected adult beetle specimens, potentially aided by expert taxonomic identification.",0,mm,mean,,both,adult,,,,,,,,,,,
PreservedSpecimen,Atheta palustris,Color,"Visual inspection of preserved specimens, supplemented by expert taxonomic identification and literature review.",ReddishBrown,mm,mean,,both,adult,,,,,,,,,,,
PreservedSpecimen,Rugilus orbiculatus,Class,,Insecta,mm,mean,,both,adult,,,,,,,,,,,
PreservedSpecimen,Rugilus orbiculatus,order,,Coleoptera,mm,mean,,both,adult,,,,,,,,,,,
HumanObservation,Rugilus orbiculatus,family,,Staphylinidae,mm,mean,,both,adult,,,,,,,,,,,
PreservedSpecimen,Rugilus orbiculatus,bodysize,,3.22,mm,mean,,both,adult,,,,,,,,,,,
HumanObservation,Rugilus orbiculatus,FoodPI,Functional trait assignment based on taxonomic identification and literature review,0,mm,mean,,both,adult,,,,,,,,,,,
HumanObservation,Rugilus orbiculatus,FoodAni,Literature review and expert consultation based on species descriptions and ecological research.,1,mm,mean,,both,adult,,,,,,,,,,,
PreservedSpecimen,Rugilus orbiculatus,FoodFg,Functional trait determination based on expert knowledge and literature review of species characteristics,0,mm,mean,,both,adult,,,,,,,,,,,
PreservedSpecimen,Rugilus orbiculatus,FoodDet,Functional trait assignment based on literature review and expert identification of collected specimens,0,mm,mean,,both,adult,,,,,,,,,,,
PreservedSpecimen,Rugilus orbiculatus,FoodCopro,Functional trait determination based on expert knowledge and literature review,0,mm,mean,,both,adult,,,,,,,,,,,
HumanObservation,Rugilus orbiculatus,ActDay,,0,mm,mean,,both,adult,,,,,,,,,,,
PreservedSpecimen,Rugilus orbiculatus,ActNig,,1,mm,mean,,both,adult,,,,,,,,,,,
HumanObservation,Rugilus orbiculatus,ActTwi,,0,mm,mean,,both,adult,,,,,,,,,,,
HumanObservation,Rugilus orbiculatus,Dispersal,Functional trait assignment based on literature review and expert taxonomic knowledge,Hdsip,mm,mean,,both,adult,,,,,,,,,,,
PreservedSpecimen,Rugilus orbiculatus,Iridescence,"Visual inspection of collected adult beetle specimens, potentially aided by expert taxonomic identification.",0,mm,mean,,both,adult,,,,,,,,,,,
PreservedSpecimen,Rugilus orbiculatus,Color,"Visual inspection of preserved specimens, supplemented by expert taxonomic identification and literature review.",Blackish,mm,mean,,both,adult,,,,,,,,,,,
PreservedSpecimen,Anotylus nitidifrons,Class,,Insecta,mm,mean,,both,adult,,,,,,,,,,,
PreservedSpecimen,Anotylus nitidifrons,order,,Coleoptera,mm,mean,,both,adult,,,,,,,,,,,
HumanObservation,Anotylus nitidifrons,family,,Staphylinidae,mm,mean,,both,adult,,,,,,,,,,,
PreservedSpecimen,Anotylus nitidifrons,bodysize,,1.89,mm,mean,,both,adult,,,,,,,,,,,
HumanObservation,Anotylus nitidifrons,FoodPI,Functional trait assignment based on taxonomic identification and literature review,0,mm,mean,,both,adult,,,,,,,,,,,
HumanObservation,Anotylus nitidifrons,FoodAni,Literature review and expert consultation based on species descriptions and ecological research.,1,mm,mean,,both,adult,,,,,,,,,,,
PreservedSpecimen,Anotylus nitidifrons,FoodFg,Functional trait determination based on expert knowledge and literature review of species characteristics,0,mm,mean,,both,adult,,,,,,,,,,,
PreservedSpecimen,Anotylus nitidifrons,FoodDet,Functional trait assignment based on literature review and expert identification of collected specimens,0,mm,mean,,both,adult,,,,,,,,,,,
PreservedSpecimen,Anotylus nitidifrons,FoodCopro,Functional trait determination based on expert knowledge and literature review,0,mm,mean,,both,adult,,,,,,,,,,,
HumanObservation,Anotylus nitidifrons,ActDay,,0,mm,mean,,both,adult,,,,,,,,,,,
PreservedSpecimen,Anotylus nitidifrons,ActNig,,1,mm,mean,,both,adult,,,,,,,,,,,
HumanObservation,Anotylus nitidifrons,ActTwi,,0,mm,mean,,both,adult,,,,,,,,,,,
HumanObservation,Anotylus nitidifrons,Dispersal,Functional trait assignment based on literature review and expert taxonomic knowledge,Hdsip,mm,mean,,both,adult,,,,,,,,,,,
PreservedSpecimen,Anotylus nitidifrons,Iridescence,"Visual inspection of collected adult beetle specimens, potentially aided by expert taxonomic identification.",0,mm,mean,,both,adult,,,,,,,,,,,
PreservedSpecimen,Anotylus nitidifrons,Color,"Visual inspection of preserved specimens, supplemented by expert taxonomic identification and literature review.",ReddishBrown,mm,mean,,both,adult,,,,,,,,,,,
PreservedSpecimen,Xantholinus longiventris,Class,,Insecta,mm,mean,,both,adult,,,,,,,,,,,
PreservedSpecimen,Xantholinus longiventris,order,,Coleoptera,mm,mean,,both,adult,,,,,,,,,,,
HumanObservation,Xantholinus longiventris,family,,Staphylinidae,mm,mean,,both,adult,,,,,,,,,,,
PreservedSpecimen,Xantholinus longiventris,bodysize,,5.33,mm,mean,,both,adult,,,,,,,,,,,
HumanObservation,Xantholinus longiventris,FoodPI,Functional trait assignment based on taxonomic identification and literature review,0,mm,mean,,both,adult,,,,,,,,,,,
HumanObservation,Xantholinus longiventris,FoodAni,Literature review and expert consultation based on species descriptions and ecological research.,1,mm,mean,,both,adult,,,,,,,,,,,
PreservedSpecimen,Xantholinus longiventris,FoodFg,Functional trait determination based on expert knowledge and literature review of species characteristics,0,mm,mean,,both,adult,,,,,,,,,,,
PreservedSpecimen,Xantholinus longiventris,FoodDet,Functional trait assignment based on literature review and expert identification of collected specimens,0,mm,mean,,both,adult,,,,,,,,,,,
PreservedSpecimen,Xantholinus longiventris,FoodCopro,Functional trait determination based on expert knowledge and literature review,0,mm,mean,,both,adult,,,,,,,,,,,
HumanObservation,Xantholinus longiventris,ActDay,,0,mm,mean,,both,adult,,,,,,,,,,,
PreservedSpecimen,Xantholinus longiventris,ActNig,,1,mm,mean,,both,adult,,,,,,,,,,,
HumanObservation,Xantholinus longiventris,ActTwi,,0,mm,mean,,both,adult,,,,,,,,,,,
HumanObservation,Xantholinus longiventris,Dispersal,Functional trait assignment based on literature review and expert taxonomic knowledge,Hdsip,mm,mean,,both,adult,,,,,,,,,,,
PreservedSpecimen,Xantholinus longiventris,Iridescence,"Visual inspection of collected adult beetle specimens, potentially aided by expert taxonomic identification.",1,mm,mean,,both,adult,,,,,,,,,,,
PreservedSpecimen,Xantholinus longiventris,Color,"Visual inspection of preserved specimens, supplemented by expert taxonomic identification and literature review.",Black,mm,mean,,both,adult,,,,,,,,,,,
PreservedSpecimen,Carpophilus sp.,Class,,Insecta,mm,mean,,both,adult,,,,,,,,,,,
PreservedSpecimen,Carpophilus sp.,order,,Coleoptera,mm,mean,,both,adult,,,,,,,,,,,
HumanObservation,Carpophilus sp.,family,,Nitidulidae,mm,mean,,both,adult,,,,,,,,,,,
PreservedSpecimen,Carpophilus sp.,bodysize,,NA,mm,mean,,both,adult,,,,,,,,,,,
HumanObservation,Carpophilus sp.,FoodPI,Functional trait assignment based on taxonomic identification and literature review,1,mm,mean,,both,adult,,,,,,,,,,,
HumanObservation,Carpophilus sp.,FoodAni,Literature review and expert consultation based on species descriptions and ecological research.,0,mm,mean,,both,adult,,,,,,,,,,,
PreservedSpecimen,Carpophilus sp.,FoodFg,Functional trait determination based on expert knowledge and literature review of species characteristics,0,mm,mean,,both,adult,,,,,,,,,,,
PreservedSpecimen,Carpophilus sp.,FoodDet,Functional trait assignment based on literature review and expert identification of collected specimens,0,mm,mean,,both,adult,,,,,,,,,,,
PreservedSpecimen,Carpophilus sp.,FoodCopro,Functional trait determination based on expert knowledge and literature review,0,mm,mean,,both,adult,,,,,,,,,,,
HumanObservation,Carpophilus sp.,ActDay,,1,mm,mean,,both,adult,,,,,,,,,,,
PreservedSpecimen,Carpophilus sp.,ActNig,,0,mm,mean,,both,adult,,,,,,,,,,,
HumanObservation,Carpophilus sp.,ActTwi,,0,mm,mean,,both,adult,,,,,,,,,,,
HumanObservation,Carpophilus sp.,Dispersal,Functional trait assignment based on literature review and expert taxonomic knowledge,Hdsip,mm,mean,,both,adult,,,,,,,,,,,
PreservedSpecimen,Carpophilus sp.,Iridescence,"Visual inspection of collected adult beetle specimens, potentially aided by expert taxonomic identification.",0,mm,mean,,both,adult,,,,,,,,,,,
PreservedSpecimen,Carpophilus sp.,Color,"Visual inspection of preserved specimens, supplemented by expert taxonomic identification and literature review.",Blackish,mm,mean,,both,adult,,,,,,,,,,,
PreservedSpecimen,Agonum muelleri muelleri,Class,,Insecta,mm,mean,,both,adult,,,,,,,,,,,
PreservedSpecimen,Agonum muelleri muelleri,order,,Coleoptera,mm,mean,,both,adult,,,,,,,,,,,
HumanObservation,Agonum muelleri muelleri,family,,Carabidae,mm,mean,,both,adult,,,,,,,,,,,
PreservedSpecimen,Agonum muelleri muelleri,bodysize,,NA,mm,mean,,both,adult,,,,,,,,,,,
HumanObservation,Agonum muelleri muelleri,FoodPI,Functional trait assignment based on taxonomic identification and literature review,0,mm,mean,,both,adult,,,,,,,,,,,
HumanObservation,Agonum muelleri muelleri,FoodAni,Literature review and expert consultation based on species descriptions and ecological research.,1,mm,mean,,both,adult,,,,,,,,,,,
PreservedSpecimen,Agonum muelleri muelleri,FoodFg,Functional trait determination based on expert knowledge and literature review of species characteristics,0,mm,mean,,both,adult,,,,,,,,,,,
PreservedSpecimen,Agonum muelleri muelleri,FoodDet,Functional trait assignment based on literature review and expert identification of collected specimens,0,mm,mean,,both,adult,,,,,,,,,,,
PreservedSpecimen,Agonum muelleri muelleri,FoodCopro,Functional trait determination based on expert knowledge and literature review,0,mm,mean,,both,adult,,,,,,,,,,,
HumanObservation,Agonum muelleri muelleri,ActDay,,1,mm,mean,,both,adult,,,,,,,,,,,
PreservedSpecimen,Agonum muelleri muelleri,ActNig,,1,mm,mean,,both,adult,,,,,,,,,,,
HumanObservation,Agonum muelleri muelleri,ActTwi,,1,mm,mean,,both,adult,,,,,,,,,,,
HumanObservation,Agonum muelleri muelleri,Dispersal,Functional trait assignment based on literature review and expert taxonomic knowledge,Hdsip,mm,mean,,both,adult,,,,,,,,,,,
PreservedSpecimen,Agonum muelleri muelleri,Iridescence,"Visual inspection of collected adult beetle specimens, potentially aided by expert taxonomic identification.",1,mm,mean,,both,adult,,,,,,,,,,,
PreservedSpecimen,Agonum muelleri muelleri,Color,"Visual inspection of preserved specimens, supplemented by expert taxonomic identification and literature review.",Black,mm,mean,,both,adult,,,,,,,,,,,
PreservedSpecimen,Aeolus melliculus moreleti,Class,,Insecta,mm,mean,,both,adult,,,,,,,,,,,
PreservedSpecimen,Aeolus melliculus moreleti,order,,Coleoptera,mm,mean,,both,adult,,,,,,,,,,,
HumanObservation,Aeolus melliculus moreleti,family,,Elateridae,mm,mean,,both,adult,,,,,,,,,,,
PreservedSpecimen,Aeolus melliculus moreleti,bodysize,,6.5,mm,mean,,both,adult,,,,,,,,,,,
HumanObservation,Aeolus melliculus moreleti,FoodPI,Functional trait assignment based on taxonomic identification and literature review,1,mm,mean,,both,adult,,,,,,,,,,,
HumanObservation,Aeolus melliculus moreleti,FoodAni,Literature review and expert consultation based on species descriptions and ecological research.,0,mm,mean,,both,adult,,,,,,,,,,,
PreservedSpecimen,Aeolus melliculus moreleti,FoodFg,Functional trait determination based on expert knowledge and literature review of species characteristics,0,mm,mean,,both,adult,,,,,,,,,,,
PreservedSpecimen,Aeolus melliculus moreleti,FoodDet,Functional trait assignment based on literature review and expert identification of collected specimens,0,mm,mean,,both,adult,,,,,,,,,,,
PreservedSpecimen,Aeolus melliculus moreleti,FoodCopro,Functional trait determination based on expert knowledge and literature review,0,mm,mean,,both,adult,,,,,,,,,,,
HumanObservation,Aeolus melliculus moreleti,ActDay,,0,mm,mean,,both,adult,,,,,,,,,,,
PreservedSpecimen,Aeolus melliculus moreleti,ActNig,,1,mm,mean,,both,adult,,,,,,,,,,,
HumanObservation,Aeolus melliculus moreleti,ActTwi,,0,mm,mean,,both,adult,,,,,,,,,,,
HumanObservation,Aeolus melliculus moreleti,Dispersal,Functional trait assignment based on literature review and expert taxonomic knowledge,Hdsip,mm,mean,,both,adult,,,,,,,,,,,
PreservedSpecimen,Aeolus melliculus moreleti,Iridescence,"Visual inspection of collected adult beetle specimens, potentially aided by expert taxonomic identification.",0,mm,mean,,both,adult,,,,,,,,,,,
PreservedSpecimen,Aeolus melliculus moreleti,Color,"Visual inspection of preserved specimens, supplemented by expert taxonomic identification and literature review.",ReddishBrown,mm,mean,,both,adult,,,,,,,,,,,
PreservedSpecimen,Sitophilus oryzae,Class,,Insecta,mm,mean,,both,adult,,,,,,,,,,,
PreservedSpecimen,Sitophilus oryzae,order,,Coleoptera,mm,mean,,both,adult,,,,,,,,,,,
HumanObservation,Sitophilus oryzae,family,,Dryophthoridae,mm,mean,,both,adult,,,,,,,,,,,
PreservedSpecimen,Sitophilus oryzae,bodysize,,2.57,mm,mean,,both,adult,,,,,,,,,,,
HumanObservation,Sitophilus oryzae,FoodPI,Functional trait assignment based on taxonomic identification and literature review,1,mm,mean,,both,adult,,,,,,,,,,,
HumanObservation,Sitophilus oryzae,FoodAni,Literature review and expert consultation based on species descriptions and ecological research.,0,mm,mean,,both,adult,,,,,,,,,,,
PreservedSpecimen,Sitophilus oryzae,FoodFg,Functional trait determination based on expert knowledge and literature review of species characteristics,0,mm,mean,,both,adult,,,,,,,,,,,
PreservedSpecimen,Sitophilus oryzae,FoodDet,Functional trait assignment based on literature review and expert identification of collected specimens,0,mm,mean,,both,adult,,,,,,,,,,,
PreservedSpecimen,Sitophilus oryzae,FoodCopro,Functional trait determination based on expert knowledge and literature review,0,mm,mean,,both,adult,,,,,,,,,,,
HumanObservation,Sitophilus oryzae,ActDay,,1,mm,mean,,both,adult,,,,,,,,,,,
PreservedSpecimen,Sitophilus oryzae,ActNig,,0,mm,mean,,both,adult,,,,,,,,,,,
HumanObservation,Sitophilus oryzae,ActTwi,,0,mm,mean,,both,adult,,,,,,,,,,,
HumanObservation,Sitophilus oryzae,Dispersal,Functional trait assignment based on literature review and expert taxonomic knowledge,NA,mm,mean,,both,adult,,,,,,,,,,,
PreservedSpecimen,Sitophilus oryzae,Iridescence,"Visual inspection of collected adult beetle specimens, potentially aided by expert taxonomic identification.",0,mm,mean,,both,adult,,,,,,,,,,,
PreservedSpecimen,Sitophilus oryzae,Color,"Visual inspection of preserved specimens, supplemented by expert taxonomic identification and literature review.",ReddishBrown,mm,mean,,both,adult,,,,,,,,,,,
PreservedSpecimen,Stelidota geminata,Class,,Insecta,mm,mean,,both,adult,,,,,,,,,,,
PreservedSpecimen,Stelidota geminata,order,,Coleoptera,mm,mean,,both,adult,,,,,,,,,,,
HumanObservation,Stelidota geminata,family,,Nitidulidae,mm,mean,,both,adult,,,,,,,,,,,
PreservedSpecimen,Stelidota geminata,bodysize,,2.49,mm,mean,,both,adult,,,,,,,,,,,
HumanObservation,Stelidota geminata,FoodPI,Functional trait assignment based on taxonomic identification and literature review,1,mm,mean,,both,adult,,,,,,,,,,,
HumanObservation,Stelidota geminata,FoodAni,Literature review and expert consultation based on species descriptions and ecological research.,0,mm,mean,,both,adult,,,,,,,,,,,
PreservedSpecimen,Stelidota geminata,FoodFg,Functional trait determination based on expert knowledge and literature review of species characteristics,0,mm,mean,,both,adult,,,,,,,,,,,
PreservedSpecimen,Stelidota geminata,FoodDet,Functional trait assignment based on literature review and expert identification of collected specimens,0,mm,mean,,both,adult,,,,,,,,,,,
PreservedSpecimen,Stelidota geminata,FoodCopro,Functional trait determination based on expert knowledge and literature review,0,mm,mean,,both,adult,,,,,,,,,,,
HumanObservation,Stelidota geminata,ActDay,,1,mm,mean,,both,adult,,,,,,,,,,,
PreservedSpecimen,Stelidota geminata,ActNig,,0,mm,mean,,both,adult,,,,,,,,,,,
HumanObservation,Stelidota geminata,ActTwi,,0,mm,mean,,both,adult,,,,,,,,,,,
HumanObservation,Stelidota geminata,Dispersal,Functional trait assignment based on literature review and expert taxonomic knowledge,Hdsip,mm,mean,,both,adult,,,,,,,,,,,
PreservedSpecimen,Stelidota geminata,Iridescence,"Visual inspection of collected adult beetle specimens, potentially aided by expert taxonomic identification.",0,mm,mean,,both,adult,,,,,,,,,,,
PreservedSpecimen,Stelidota geminata,Color,"Visual inspection of preserved specimens, supplemented by expert taxonomic identification and literature review.",ReddishBrown,mm,mean,,both,adult,,,,,,,,,,,
PreservedSpecimen,Pterostichus vernalis,Class,,Insecta,mm,mean,,both,adult,,,,,,,,,,,
PreservedSpecimen,Pterostichus vernalis,order,,Coleoptera,mm,mean,,both,adult,,,,,,,,,,,
HumanObservation,Pterostichus vernalis,family,,Carabidae,mm,mean,,both,adult,,,,,,,,,,,
PreservedSpecimen,Pterostichus vernalis,bodysize,,5.63,mm,mean,,both,adult,,,,,,,,,,,
HumanObservation,Pterostichus vernalis,FoodPI,Functional trait assignment based on taxonomic identification and literature review,0,mm,mean,,both,adult,,,,,,,,,,,
HumanObservation,Pterostichus vernalis,FoodAni,Literature review and expert consultation based on species descriptions and ecological research.,1,mm,mean,,both,adult,,,,,,,,,,,
PreservedSpecimen,Pterostichus vernalis,FoodFg,Functional trait determination based on expert knowledge and literature review of species characteristics,0,mm,mean,,both,adult,,,,,,,,,,,
PreservedSpecimen,Pterostichus vernalis,FoodDet,Functional trait assignment based on literature review and expert identification of collected specimens,0,mm,mean,,both,adult,,,,,,,,,,,
PreservedSpecimen,Pterostichus vernalis,FoodCopro,Functional trait determination based on expert knowledge and literature review,0,mm,mean,,both,adult,,,,,,,,,,,
HumanObservation,Pterostichus vernalis,ActDay,,0,mm,mean,,both,adult,,,,,,,,,,,
PreservedSpecimen,Pterostichus vernalis,ActNig,,1,mm,mean,,both,adult,,,,,,,,,,,
HumanObservation,Pterostichus vernalis,ActTwi,,0,mm,mean,,both,adult,,,,,,,,,,,
HumanObservation,Pterostichus vernalis,Dispersal,Functional trait assignment based on literature review and expert taxonomic knowledge,Hdsip,mm,mean,,both,adult,,,,,,,,,,,
PreservedSpecimen,Pterostichus vernalis,Iridescence,"Visual inspection of collected adult beetle specimens, potentially aided by expert taxonomic identification.",0,mm,mean,,both,adult,,,,,,,,,,,
PreservedSpecimen,Pterostichus vernalis,Color,"Visual inspection of preserved specimens, supplemented by expert taxonomic identification and literature review.",Black,mm,mean,,both,adult,,,,,,,,,,,
PreservedSpecimen,Melanotus dichrous,Class,,Insecta,mm,mean,,both,adult,,,,,,,,,,,
PreservedSpecimen,Melanotus dichrous,order,,Coleoptera,mm,mean,,both,adult,,,,,,,,,,,
HumanObservation,Melanotus dichrous,family,,Elateridae,mm,mean,,both,adult,,,,,,,,,,,
PreservedSpecimen,Melanotus dichrous,bodysize,,11.46,mm,mean,,both,adult,,,,,,,,,,,
HumanObservation,Melanotus dichrous,FoodPI,Functional trait assignment based on taxonomic identification and literature review,1,mm,mean,,both,adult,,,,,,,,,,,
HumanObservation,Melanotus dichrous,FoodAni,Literature review and expert consultation based on species descriptions and ecological research.,0,mm,mean,,both,adult,,,,,,,,,,,
PreservedSpecimen,Melanotus dichrous,FoodFg,Functional trait determination based on expert knowledge and literature review of species characteristics,0,mm,mean,,both,adult,,,,,,,,,,,
PreservedSpecimen,Melanotus dichrous,FoodDet,Functional trait assignment based on literature review and expert identification of collected specimens,0,mm,mean,,both,adult,,,,,,,,,,,
PreservedSpecimen,Melanotus dichrous,FoodCopro,Functional trait determination based on expert knowledge and literature review,0,mm,mean,,both,adult,,,,,,,,,,,
HumanObservation,Melanotus dichrous,ActDay,,0,mm,mean,,both,adult,,,,,,,,,,,
PreservedSpecimen,Melanotus dichrous,ActNig,,1,mm,mean,,both,adult,,,,,,,,,,,
HumanObservation,Melanotus dichrous,ActTwi,,0,mm,mean,,both,adult,,,,,,,,,,,
HumanObservation,Melanotus dichrous,Dispersal,Functional trait assignment based on literature review and expert taxonomic knowledge,NA,mm,mean,,both,adult,,,,,,,,,,,
PreservedSpecimen,Melanotus dichrous,Iridescence,"Visual inspection of collected adult beetle specimens, potentially aided by expert taxonomic identification.",0,mm,mean,,both,adult,,,,,,,,,,,
PreservedSpecimen,Melanotus dichrous,Color,"Visual inspection of preserved specimens, supplemented by expert taxonomic identification and literature review.",Blackish,mm,mean,,both,adult,,,,,,,,,,,
PreservedSpecimen,Litargus balteatus,Class,,Insecta,mm,mean,,both,adult,,,,,,,,,,,
PreservedSpecimen,Litargus balteatus,order,,Coleoptera,mm,mean,,both,adult,,,,,,,,,,,
HumanObservation,Litargus balteatus,family,,Mycetophagidae,mm,mean,,both,adult,,,,,,,,,,,
PreservedSpecimen,Litargus balteatus,bodysize,,1.85,mm,mean,,both,adult,,,,,,,,,,,
HumanObservation,Litargus balteatus,FoodPI,Functional trait assignment based on taxonomic identification and literature review,0,mm,mean,,both,adult,,,,,,,,,,,
HumanObservation,Litargus balteatus,FoodAni,Literature review and expert consultation based on species descriptions and ecological research.,0,mm,mean,,both,adult,,,,,,,,,,,
PreservedSpecimen,Litargus balteatus,FoodFg,Functional trait determination based on expert knowledge and literature review of species characteristics,1,mm,mean,,both,adult,,,,,,,,,,,
PreservedSpecimen,Litargus balteatus,FoodDet,Functional trait assignment based on literature review and expert identification of collected specimens,0,mm,mean,,both,adult,,,,,,,,,,,
PreservedSpecimen,Litargus balteatus,FoodCopro,Functional trait determination based on expert knowledge and literature review,0,mm,mean,,both,adult,,,,,,,,,,,
HumanObservation,Litargus balteatus,ActDay,,1,mm,mean,,both,adult,,,,,,,,,,,
PreservedSpecimen,Litargus balteatus,ActNig,,0,mm,mean,,both,adult,,,,,,,,,,,
HumanObservation,Litargus balteatus,ActTwi,,0,mm,mean,,both,adult,,,,,,,,,,,
HumanObservation,Litargus balteatus,Dispersal,Functional trait assignment based on literature review and expert taxonomic knowledge,NA,mm,mean,,both,adult,,,,,,,,,,,
PreservedSpecimen,Litargus balteatus,Iridescence,"Visual inspection of collected adult beetle specimens, potentially aided by expert taxonomic identification.",0,mm,mean,,both,adult,,,,,,,,,,,
PreservedSpecimen,Litargus balteatus,Color,"Visual inspection of preserved specimens, supplemented by expert taxonomic identification and literature review.",ReddishBrown,mm,mean,,both,adult,,,,,,,,,,,
PreservedSpecimen,Cercyon sp.,Class,,Insecta,mm,mean,,both,adult,,,,,,,,,,,
PreservedSpecimen,Cercyon sp.,order,,Coleoptera,mm,mean,,both,adult,,,,,,,,,,,
HumanObservation,Cercyon sp.,family,,Hydrophilidae,mm,mean,,both,adult,,,,,,,,,,,
PreservedSpecimen,Cercyon sp.,bodysize,,NA,mm,mean,,both,adult,,,,,,,,,,,
HumanObservation,Cercyon sp.,FoodPI,Functional trait assignment based on taxonomic identification and literature review,0,mm,mean,,both,adult,,,,,,,,,,,
HumanObservation,Cercyon sp.,FoodAni,Literature review and expert consultation based on species descriptions and ecological research.,0,mm,mean,,both,adult,,,,,,,,,,,
PreservedSpecimen,Cercyon sp.,FoodFg,Functional trait determination based on expert knowledge and literature review of species characteristics,0,mm,mean,,both,adult,,,,,,,,,,,
PreservedSpecimen,Cercyon sp.,FoodDet,Functional trait assignment based on literature review and expert identification of collected specimens,1,mm,mean,,both,adult,,,,,,,,,,,
PreservedSpecimen,Cercyon sp.,FoodCopro,Functional trait determination based on expert knowledge and literature review,0,mm,mean,,both,adult,,,,,,,,,,,
HumanObservation,Cercyon sp.,ActDay,,1,mm,mean,,both,adult,,,,,,,,,,,
PreservedSpecimen,Cercyon sp.,ActNig,,1,mm,mean,,both,adult,,,,,,,,,,,
HumanObservation,Cercyon sp.,ActTwi,,1,mm,mean,,both,adult,,,,,,,,,,,
HumanObservation,Cercyon sp.,Dispersal,Functional trait assignment based on literature review and expert taxonomic knowledge,Hdsip,mm,mean,,both,adult,,,,,,,,,,,
PreservedSpecimen,Cercyon sp.,Iridescence,"Visual inspection of collected adult beetle specimens, potentially aided by expert taxonomic identification.",0,mm,mean,,both,adult,,,,,,,,,,,
PreservedSpecimen,Cercyon sp.,Color,"Visual inspection of preserved specimens, supplemented by expert taxonomic identification and literature review.",ReddishBrown,mm,mean,,both,adult,,,,,,,,,,,
PreservedSpecimen,Quedius simplicifrons,Class,,Insecta,mm,mean,,both,adult,,,,,,,,,,,
PreservedSpecimen,Quedius simplicifrons,order,,Coleoptera,mm,mean,,both,adult,,,,,,,,,,,
HumanObservation,Quedius simplicifrons,family,,Staphylinidae,mm,mean,,both,adult,,,,,,,,,,,
PreservedSpecimen,Quedius simplicifrons,bodysize,,2.52,mm,mean,,both,adult,,,,,,,,,,,
HumanObservation,Quedius simplicifrons,FoodPI,Functional trait assignment based on taxonomic identification and literature review,0,mm,mean,,both,adult,,,,,,,,,,,
HumanObservation,Quedius simplicifrons,FoodAni,Literature review and expert consultation based on species descriptions and ecological research.,1,mm,mean,,both,adult,,,,,,,,,,,
PreservedSpecimen,Quedius simplicifrons,FoodFg,Functional trait determination based on expert knowledge and literature review of species characteristics,0,mm,mean,,both,adult,,,,,,,,,,,
PreservedSpecimen,Quedius simplicifrons,FoodDet,Functional trait assignment based on literature review and expert identification of collected specimens,0,mm,mean,,both,adult,,,,,,,,,,,
PreservedSpecimen,Quedius simplicifrons,FoodCopro,Functional trait determination based on expert knowledge and literature review,0,mm,mean,,both,adult,,,,,,,,,,,
HumanObservation,Quedius simplicifrons,ActDay,,0,mm,mean,,both,adult,,,,,,,,,,,
PreservedSpecimen,Quedius simplicifrons,ActNig,,1,mm,mean,,both,adult,,,,,,,,,,,
HumanObservation,Quedius simplicifrons,ActTwi,,0,mm,mean,,both,adult,,,,,,,,,,,
HumanObservation,Quedius simplicifrons,Dispersal,Functional trait assignment based on literature review and expert taxonomic knowledge,Hdsip,mm,mean,,both,adult,,,,,,,,,,,
PreservedSpecimen,Quedius simplicifrons,Iridescence,"Visual inspection of collected adult beetle specimens, potentially aided by expert taxonomic identification.",0,mm,mean,,both,adult,,,,,,,,,,,
PreservedSpecimen,Quedius simplicifrons,Color,"Visual inspection of preserved specimens, supplemented by expert taxonomic identification and literature review.",Blackish,mm,mean,,both,adult,,,,,,,,,,,
PreservedSpecimen,Sitona discoideus,Class,,Insecta,mm,mean,,both,adult,,,,,,,,,,,
PreservedSpecimen,Sitona discoideus,order,,Coleoptera,mm,mean,,both,adult,,,,,,,,,,,
HumanObservation,Sitona discoideus,family,,Curculionidae,mm,mean,,both,adult,,,,,,,,,,,
PreservedSpecimen,Sitona discoideus,bodysize,,4.00,mm,mean,,both,adult,,,,,,,,,,,
HumanObservation,Sitona discoideus,FoodPI,Functional trait assignment based on taxonomic identification and literature review,1,mm,mean,,both,adult,,,,,,,,,,,
HumanObservation,Sitona discoideus,FoodAni,Literature review and expert consultation based on species descriptions and ecological research.,0,mm,mean,,both,adult,,,,,,,,,,,
PreservedSpecimen,Sitona discoideus,FoodFg,Functional trait determination based on expert knowledge and literature review of species characteristics,0,mm,mean,,both,adult,,,,,,,,,,,
PreservedSpecimen,Sitona discoideus,FoodDet,Functional trait assignment based on literature review and expert identification of collected specimens,0,mm,mean,,both,adult,,,,,,,,,,,
PreservedSpecimen,Sitona discoideus,FoodCopro,Functional trait determination based on expert knowledge and literature review,0,mm,mean,,both,adult,,,,,,,,,,,
HumanObservation,Sitona discoideus,ActDay,,0,mm,mean,,both,adult,,,,,,,,,,,
PreservedSpecimen,Sitona discoideus,ActNig,,0,mm,mean,,both,adult,,,,,,,,,,,
HumanObservation,Sitona discoideus,ActTwi,,1,mm,mean,,both,adult,,,,,,,,,,,
HumanObservation,Sitona discoideus,Dispersal,Functional trait assignment based on literature review and expert taxonomic knowledge,Hdsip,mm,mean,,both,adult,,,,,,,,,,,
PreservedSpecimen,Sitona discoideus,Iridescence,"Visual inspection of collected adult beetle specimens, potentially aided by expert taxonomic identification.",0,mm,mean,,both,adult,,,,,,,,,,,
PreservedSpecimen,Sitona discoideus,Color,"Visual inspection of preserved specimens, supplemented by expert taxonomic identification and literature review.",Greyish,mm,mean,,both,adult,,,,,,,,,,,
PreservedSpecimen,Orthochaetes insignis,Class,,Insecta,mm,mean,,both,adult,,,,,,,,,,,
PreservedSpecimen,Orthochaetes insignis,order,,Coleoptera,mm,mean,,both,adult,,,,,,,,,,,
HumanObservation,Orthochaetes insignis,family,,Curculionidae,mm,mean,,both,adult,,,,,,,,,,,
PreservedSpecimen,Orthochaetes insignis,bodysize,,2.00,mm,mean,,both,adult,,,,,,,,,,,
HumanObservation,Orthochaetes insignis,FoodPI,Functional trait assignment based on taxonomic identification and literature review,1,mm,mean,,both,adult,,,,,,,,,,,
HumanObservation,Orthochaetes insignis,FoodAni,Literature review and expert consultation based on species descriptions and ecological research.,0,mm,mean,,both,adult,,,,,,,,,,,
PreservedSpecimen,Orthochaetes insignis,FoodFg,Functional trait determination based on expert knowledge and literature review of species characteristics,0,mm,mean,,both,adult,,,,,,,,,,,
PreservedSpecimen,Orthochaetes insignis,FoodDet,Functional trait assignment based on literature review and expert identification of collected specimens,0,mm,mean,,both,adult,,,,,,,,,,,
PreservedSpecimen,Orthochaetes insignis,FoodCopro,Functional trait determination based on expert knowledge and literature review,0,mm,mean,,both,adult,,,,,,,,,,,
HumanObservation,Orthochaetes insignis,ActDay,,1,mm,mean,,both,adult,,,,,,,,,,,
PreservedSpecimen,Orthochaetes insignis,ActNig,,0,mm,mean,,both,adult,,,,,,,,,,,
HumanObservation,Orthochaetes insignis,ActTwi,,0,mm,mean,,both,adult,,,,,,,,,,,
HumanObservation,Orthochaetes insignis,Dispersal,Functional trait assignment based on literature review and expert taxonomic knowledge,NA,mm,mean,,both,adult,,,,,,,,,,,
PreservedSpecimen,Orthochaetes insignis,Iridescence,"Visual inspection of collected adult beetle specimens, potentially aided by expert taxonomic identification.",0,mm,mean,,both,adult,,,,,,,,,,,
PreservedSpecimen,Orthochaetes insignis,Color,"Visual inspection of preserved specimens, supplemented by expert taxonomic identification and literature review.",ReddishBrown,mm,mean,,both,adult,,,,,,,,,,,
PreservedSpecimen,Carpelimus corticinus,Class,,Insecta,mm,mean,,both,adult,,,,,,,,,,,
PreservedSpecimen,Carpelimus corticinus,order,,Coleoptera,mm,mean,,both,adult,,,,,,,,,,,
HumanObservation,Carpelimus corticinus,family,,Staphylinidae,mm,mean,,both,adult,,,,,,,,,,,
PreservedSpecimen,Carpelimus corticinus,bodysize,,2.03,mm,mean,,both,adult,,,,,,,,,,,
HumanObservation,Carpelimus corticinus,FoodPI,Functional trait assignment based on taxonomic identification and literature review,0,mm,mean,,both,adult,,,,,,,,,,,
HumanObservation,Carpelimus corticinus,FoodAni,Literature review and expert consultation based on species descriptions and ecological research.,1,mm,mean,,both,adult,,,,,,,,,,,
PreservedSpecimen,Carpelimus corticinus,FoodFg,Functional trait determination based on expert knowledge and literature review of species characteristics,0,mm,mean,,both,adult,,,,,,,,,,,
PreservedSpecimen,Carpelimus corticinus,FoodDet,Functional trait assignment based on literature review and expert identification of collected specimens,0,mm,mean,,both,adult,,,,,,,,,,,
PreservedSpecimen,Carpelimus corticinus,FoodCopro,Functional trait determination based on expert knowledge and literature review,0,mm,mean,,both,adult,,,,,,,,,,,
HumanObservation,Carpelimus corticinus,ActDay,,0,mm,mean,,both,adult,,,,,,,,,,,
PreservedSpecimen,Carpelimus corticinus,ActNig,,1,mm,mean,,both,adult,,,,,,,,,,,
HumanObservation,Carpelimus corticinus,ActTwi,,0,mm,mean,,both,adult,,,,,,,,,,,
HumanObservation,Carpelimus corticinus,Dispersal,Functional trait assignment based on literature review and expert taxonomic knowledge,Hdsip,mm,mean,,both,adult,,,,,,,,,,,
PreservedSpecimen,Carpelimus corticinus,Iridescence,"Visual inspection of collected adult beetle specimens, potentially aided by expert taxonomic identification.",0,mm,mean,,both,adult,,,,,,,,,,,
PreservedSpecimen,Carpelimus corticinus,Color,"Visual inspection of preserved specimens, supplemented by expert taxonomic identification and literature review.",Blackish,mm,mean,,both,adult,,,,,,,,,,,
PreservedSpecimen,Calosoma olivieri,Class,,Insecta,mm,mean,,both,adult,,,,,,,,,,,
PreservedSpecimen,Calosoma olivieri,order,,Coleoptera,mm,mean,,both,adult,,,,,,,,,,,
HumanObservation,Calosoma olivieri,family,,Carabidae,mm,mean,,both,adult,,,,,,,,,,,
PreservedSpecimen,Calosoma olivieri,bodysize,,17.67,mm,mean,,both,adult,,,,,,,,,,,
HumanObservation,Calosoma olivieri,FoodPI,Functional trait assignment based on taxonomic identification and literature review,0,mm,mean,,both,adult,,,,,,,,,,,
HumanObservation,Calosoma olivieri,FoodAni,Literature review and expert consultation based on species descriptions and ecological research.,1,mm,mean,,both,adult,,,,,,,,,,,
PreservedSpecimen,Calosoma olivieri,FoodFg,Functional trait determination based on expert knowledge and literature review of species characteristics,0,mm,mean,,both,adult,,,,,,,,,,,
PreservedSpecimen,Calosoma olivieri,FoodDet,Functional trait assignment based on literature review and expert identification of collected specimens,0,mm,mean,,both,adult,,,,,,,,,,,
PreservedSpecimen,Calosoma olivieri,FoodCopro,Functional trait determination based on expert knowledge and literature review,0,mm,mean,,both,adult,,,,,,,,,,,
HumanObservation,Calosoma olivieri,ActDay,,0,mm,mean,,both,adult,,,,,,,,,,,
PreservedSpecimen,Calosoma olivieri,ActNig,,1,mm,mean,,both,adult,,,,,,,,,,,
HumanObservation,Calosoma olivieri,ActTwi,,0,mm,mean,,both,adult,,,,,,,,,,,
HumanObservation,Calosoma olivieri,Dispersal,Functional trait assignment based on literature review and expert taxonomic knowledge,Hdsip,mm,mean,,both,adult,,,,,,,,,,,
PreservedSpecimen,Calosoma olivieri,Iridescence,"Visual inspection of collected adult beetle specimens, potentially aided by expert taxonomic identification.",1,mm,mean,,both,adult,,,,,,,,,,,
PreservedSpecimen,Calosoma olivieri,Color,"Visual inspection of preserved specimens, supplemented by expert taxonomic identification and literature review.",Black,mm,mean,,both,adult,,,,,,,,,,,
PreservedSpecimen,Cercyon haemorrhoidalis,Class,,Insecta,mm,mean,,both,adult,,,,,,,,,,,
PreservedSpecimen,Cercyon haemorrhoidalis,order,,Coleoptera,mm,mean,,both,adult,,,,,,,,,,,
HumanObservation,Cercyon haemorrhoidalis,family,,Hydrophilidae,mm,mean,,both,adult,,,,,,,,,,,
PreservedSpecimen,Cercyon haemorrhoidalis,bodysize,,2.45,mm,mean,,both,adult,,,,,,,,,,,
HumanObservation,Cercyon haemorrhoidalis,FoodPI,Functional trait assignment based on taxonomic identification and literature review,0,mm,mean,,both,adult,,,,,,,,,,,
HumanObservation,Cercyon haemorrhoidalis,FoodAni,Literature review and expert consultation based on species descriptions and ecological research.,0,mm,mean,,both,adult,,,,,,,,,,,
PreservedSpecimen,Cercyon haemorrhoidalis,FoodFg,Functional trait determination based on expert knowledge and literature review of species characteristics,0,mm,mean,,both,adult,,,,,,,,,,,
PreservedSpecimen,Cercyon haemorrhoidalis,FoodDet,Functional trait assignment based on literature review and expert identification of collected specimens,1,mm,mean,,both,adult,,,,,,,,,,,
PreservedSpecimen,Cercyon haemorrhoidalis,FoodCopro,Functional trait determination based on expert knowledge and literature review,0,mm,mean,,both,adult,,,,,,,,,,,
HumanObservation,Cercyon haemorrhoidalis,ActDay,,1,mm,mean,,both,adult,,,,,,,,,,,
PreservedSpecimen,Cercyon haemorrhoidalis,ActNig,,1,mm,mean,,both,adult,,,,,,,,,,,
HumanObservation,Cercyon haemorrhoidalis,ActTwi,,1,mm,mean,,both,adult,,,,,,,,,,,
HumanObservation,Cercyon haemorrhoidalis,Dispersal,Functional trait assignment based on literature review and expert taxonomic knowledge,Hdsip,mm,mean,,both,adult,,,,,,,,,,,
PreservedSpecimen,Cercyon haemorrhoidalis,Iridescence,"Visual inspection of collected adult beetle specimens, potentially aided by expert taxonomic identification.",0,mm,mean,,both,adult,,,,,,,,,,,
PreservedSpecimen,Cercyon haemorrhoidalis,Color,"Visual inspection of preserved specimens, supplemented by expert taxonomic identification and literature review.",ReddishBrown,mm,mean,,both,adult,,,,,,,,,,,
PreservedSpecimen,Laemostenus complanatus,Class,,Insecta,mm,mean,,both,adult,,,,,,,,,,,
PreservedSpecimen,Laemostenus complanatus,order,,Coleoptera,mm,mean,,both,adult,,,,,,,,,,,
HumanObservation,Laemostenus complanatus,family,,Carabidae,mm,mean,,both,adult,,,,,,,,,,,
PreservedSpecimen,Laemostenus complanatus,bodysize,,10.22,mm,mean,,both,adult,,,,,,,,,,,
HumanObservation,Laemostenus complanatus,FoodPI,Functional trait assignment based on taxonomic identification and literature review,0,mm,mean,,both,adult,,,,,,,,,,,
HumanObservation,Laemostenus complanatus,FoodAni,Literature review and expert consultation based on species descriptions and ecological research.,1,mm,mean,,both,adult,,,,,,,,,,,
PreservedSpecimen,Laemostenus complanatus,FoodFg,Functional trait determination based on expert knowledge and literature review of species characteristics,0,mm,mean,,both,adult,,,,,,,,,,,
PreservedSpecimen,Laemostenus complanatus,FoodDet,Functional trait assignment based on literature review and expert identification of collected specimens,0,mm,mean,,both,adult,,,,,,,,,,,
PreservedSpecimen,Laemostenus complanatus,FoodCopro,Functional trait determination based on expert knowledge and literature review,0,mm,mean,,both,adult,,,,,,,,,,,
HumanObservation,Laemostenus complanatus,ActDay,,0,mm,mean,,both,adult,,,,,,,,,,,
PreservedSpecimen,Laemostenus complanatus,ActNig,,1,mm,mean,,both,adult,,,,,,,,,,,
HumanObservation,Laemostenus complanatus,ActTwi,,0,mm,mean,,both,adult,,,,,,,,,,,
HumanObservation,Laemostenus complanatus,Dispersal,Functional trait assignment based on literature review and expert taxonomic knowledge,NA,mm,mean,,both,adult,,,,,,,,,,,
PreservedSpecimen,Laemostenus complanatus,Iridescence,"Visual inspection of collected adult beetle specimens, potentially aided by expert taxonomic identification.",0,mm,mean,,both,adult,,,,,,,,,,,
PreservedSpecimen,Laemostenus complanatus,Color,"Visual inspection of preserved specimens, supplemented by expert taxonomic identification and literature review.",Black,mm,mean,,both,adult,,,,,,,,,,,
PreservedSpecimen,Anisodactylus binotatus,Class,,Insecta,mm,mean,,both,adult,,,,,,,,,,,
PreservedSpecimen,Anisodactylus binotatus,order,,Coleoptera,mm,mean,,both,adult,,,,,,,,,,,
HumanObservation,Anisodactylus binotatus,family,,Carabidae,mm,mean,,both,adult,,,,,,,,,,,
PreservedSpecimen,Anisodactylus binotatus,bodysize,,8.43,mm,mean,,both,adult,,,,,,,,,,,
HumanObservation,Anisodactylus binotatus,FoodPI,Functional trait assignment based on taxonomic identification and literature review,1,mm,mean,,both,adult,,,,,,,,,,,
HumanObservation,Anisodactylus binotatus,FoodAni,Literature review and expert consultation based on species descriptions and ecological research.,1,mm,mean,,both,adult,,,,,,,,,,,
PreservedSpecimen,Anisodactylus binotatus,FoodFg,Functional trait determination based on expert knowledge and literature review of species characteristics,0,mm,mean,,both,adult,,,,,,,,,,,
PreservedSpecimen,Anisodactylus binotatus,FoodDet,Functional trait assignment based on literature review and expert identification of collected specimens,0,mm,mean,,both,adult,,,,,,,,,,,
PreservedSpecimen,Anisodactylus binotatus,FoodCopro,Functional trait determination based on expert knowledge and literature review,0,mm,mean,,both,adult,,,,,,,,,,,
HumanObservation,Anisodactylus binotatus,ActDay,,0,mm,mean,,both,adult,,,,,,,,,,,
PreservedSpecimen,Anisodactylus binotatus,ActNig,,1,mm,mean,,both,adult,,,,,,,,,,,
HumanObservation,Anisodactylus binotatus,ActTwi,,0,mm,mean,,both,adult,,,,,,,,,,,
HumanObservation,Anisodactylus binotatus,Dispersal,Functional trait assignment based on literature review and expert taxonomic knowledge,Hdsip,mm,mean,,both,adult,,,,,,,,,,,
PreservedSpecimen,Anisodactylus binotatus,Iridescence,"Visual inspection of collected adult beetle specimens, potentially aided by expert taxonomic identification.",0,mm,mean,,both,adult,,,,,,,,,,,
PreservedSpecimen,Anisodactylus binotatus,Color,"Visual inspection of preserved specimens, supplemented by expert taxonomic identification and literature review.",Black,mm,mean,,both,adult,,,,,,,,,,,
PreservedSpecimen,Phenolia limbata tibialis,Class,,Insecta,mm,mean,,both,adult,,,,,,,,,,,
PreservedSpecimen,Phenolia limbata tibialis,order,,Coleoptera,mm,mean,,both,adult,,,,,,,,,,,
HumanObservation,Phenolia limbata tibialis,family,,Nitidulidae,mm,mean,,both,adult,,,,,,,,,,,
PreservedSpecimen,Phenolia limbata tibialis,bodysize,,6.1,mm,mean,,both,adult,,,,,,,,,,,
HumanObservation,Phenolia limbata tibialis,FoodPI,Functional trait assignment based on taxonomic identification and literature review,1,mm,mean,,both,adult,,,,,,,,,,,
HumanObservation,Phenolia limbata tibialis,FoodAni,Literature review and expert consultation based on species descriptions and ecological research.,0,mm,mean,,both,adult,,,,,,,,,,,
PreservedSpecimen,Phenolia limbata tibialis,FoodFg,Functional trait determination based on expert knowledge and literature review of species characteristics,1,mm,mean,,both,adult,,,,,,,,,,,
PreservedSpecimen,Phenolia limbata tibialis,FoodDet,Functional trait assignment based on literature review and expert identification of collected specimens,0,mm,mean,,both,adult,,,,,,,,,,,
PreservedSpecimen,Phenolia limbata tibialis,FoodCopro,Functional trait determination based on expert knowledge and literature review,0,mm,mean,,both,adult,,,,,,,,,,,
HumanObservation,Phenolia limbata tibialis,ActDay,,1,mm,mean,,both,adult,,,,,,,,,,,
PreservedSpecimen,Phenolia limbata tibialis,ActNig,,0,mm,mean,,both,adult,,,,,,,,,,,
HumanObservation,Phenolia limbata tibialis,ActTwi,,0,mm,mean,,both,adult,,,,,,,,,,,
HumanObservation,Phenolia limbata tibialis,Dispersal,Functional trait assignment based on literature review and expert taxonomic knowledge,Hdsip,mm,mean,,both,adult,,,,,,,,,,,
PreservedSpecimen,Phenolia limbata tibialis,Iridescence,"Visual inspection of collected adult beetle specimens, potentially aided by expert taxonomic identification.",0,mm,mean,,both,adult,,,,,,,,,,,
PreservedSpecimen,Phenolia limbata tibialis,Color,"Visual inspection of preserved specimens, supplemented by expert taxonomic identification and literature review.",Blackish,mm,mean,,both,adult,,,,,,,,,,,
PreservedSpecimen,Sunius propinquus,Class,,Insecta,mm,mean,,both,adult,,,,,,,,,,,
PreservedSpecimen,Sunius propinquus,order,,Coleoptera,mm,mean,,both,adult,,,,,,,,,,,
HumanObservation,Sunius propinquus,family,,Staphylinidae,mm,mean,,both,adult,,,,,,,,,,,
PreservedSpecimen,Sunius propinquus,bodysize,,2.44,mm,mean,,both,adult,,,,,,,,,,,
HumanObservation,Sunius propinquus,FoodPI,Functional trait assignment based on taxonomic identification and literature review,0,mm,mean,,both,adult,,,,,,,,,,,
HumanObservation,Sunius propinquus,FoodAni,Literature review and expert consultation based on species descriptions and ecological research.,1,mm,mean,,both,adult,,,,,,,,,,,
PreservedSpecimen,Sunius propinquus,FoodFg,Functional trait determination based on expert knowledge and literature review of species characteristics,0,mm,mean,,both,adult,,,,,,,,,,,
PreservedSpecimen,Sunius propinquus,FoodDet,Functional trait assignment based on literature review and expert identification of collected specimens,0,mm,mean,,both,adult,,,,,,,,,,,
PreservedSpecimen,Sunius propinquus,FoodCopro,Functional trait determination based on expert knowledge and literature review,0,mm,mean,,both,adult,,,,,,,,,,,
HumanObservation,Sunius propinquus,ActDay,,0,mm,mean,,both,adult,,,,,,,,,,,
PreservedSpecimen,Sunius propinquus,ActNig,,1,mm,mean,,both,adult,,,,,,,,,,,
HumanObservation,Sunius propinquus,ActTwi,,0,mm,mean,,both,adult,,,,,,,,,,,
HumanObservation,Sunius propinquus,Dispersal,Functional trait assignment based on literature review and expert taxonomic knowledge,Hdsip,mm,mean,,both,adult,,,,,,,,,,,
PreservedSpecimen,Sunius propinquus,Iridescence,"Visual inspection of collected adult beetle specimens, potentially aided by expert taxonomic identification.",0,mm,mean,,both,adult,,,,,,,,,,,
PreservedSpecimen,Sunius propinquus,Color,"Visual inspection of preserved specimens, supplemented by expert taxonomic identification and literature review.",ReddishBrown,mm,mean,,both,adult,,,,,,,,,,,
PreservedSpecimen,Pseudoplectus perplexus,Class,,Insecta,mm,mean,,both,adult,,,,,,,,,,,
PreservedSpecimen,Pseudoplectus perplexus,order,,Coleoptera,mm,mean,,both,adult,,,,,,,,,,,
HumanObservation,Pseudoplectus perplexus,family,,Staphylinidae,mm,mean,,both,adult,,,,,,,,,,,
PreservedSpecimen,Pseudoplectus perplexus,bodysize,,12.00,mm,mean,,both,adult,,,,,,,,,,,
HumanObservation,Pseudoplectus perplexus,FoodPI,Functional trait assignment based on taxonomic identification and literature review,0,mm,mean,,both,adult,,,,,,,,,,,
HumanObservation,Pseudoplectus perplexus,FoodAni,Literature review and expert consultation based on species descriptions and ecological research.,1,mm,mean,,both,adult,,,,,,,,,,,
PreservedSpecimen,Pseudoplectus perplexus,FoodFg,Functional trait determination based on expert knowledge and literature review of species characteristics,0,mm,mean,,both,adult,,,,,,,,,,,
PreservedSpecimen,Pseudoplectus perplexus,FoodDet,Functional trait assignment based on literature review and expert identification of collected specimens,0,mm,mean,,both,adult,,,,,,,,,,,
PreservedSpecimen,Pseudoplectus perplexus,FoodCopro,Functional trait determination based on expert knowledge and literature review,0,mm,mean,,both,adult,,,,,,,,,,,
HumanObservation,Pseudoplectus perplexus,ActDay,,0,mm,mean,,both,adult,,,,,,,,,,,
PreservedSpecimen,Pseudoplectus perplexus,ActNig,,1,mm,mean,,both,adult,,,,,,,,,,,
HumanObservation,Pseudoplectus perplexus,ActTwi,,0,mm,mean,,both,adult,,,,,,,,,,,
HumanObservation,Pseudoplectus perplexus,Dispersal,Functional trait assignment based on literature review and expert taxonomic knowledge,Hdsip,mm,mean,,both,adult,,,,,,,,,,,
PreservedSpecimen,Pseudoplectus perplexus,Iridescence,"Visual inspection of collected adult beetle specimens, potentially aided by expert taxonomic identification.",0,mm,mean,,both,adult,,,,,,,,,,,
PreservedSpecimen,Pseudoplectus perplexus,Color,"Visual inspection of preserved specimens, supplemented by expert taxonomic identification and literature review.",Blackish,mm,mean,,both,adult,,,,,,,,,,,
PreservedSpecimen,Paranchus albipes,Class,,Insecta,mm,mean,,both,adult,,,,,,,,,,,
PreservedSpecimen,Paranchus albipes,order,,Coleoptera,mm,mean,,both,adult,,,,,,,,,,,
HumanObservation,Paranchus albipes,family,,Carabidae,mm,mean,,both,adult,,,,,,,,,,,
PreservedSpecimen,Paranchus albipes,bodysize,,7.65,mm,mean,,both,adult,,,,,,,,,,,
HumanObservation,Paranchus albipes,FoodPI,Functional trait assignment based on taxonomic identification and literature review,0,mm,mean,,both,adult,,,,,,,,,,,
HumanObservation,Paranchus albipes,FoodAni,Literature review and expert consultation based on species descriptions and ecological research.,1,mm,mean,,both,adult,,,,,,,,,,,
PreservedSpecimen,Paranchus albipes,FoodFg,Functional trait determination based on expert knowledge and literature review of species characteristics,0,mm,mean,,both,adult,,,,,,,,,,,
PreservedSpecimen,Paranchus albipes,FoodDet,Functional trait assignment based on literature review and expert identification of collected specimens,0,mm,mean,,both,adult,,,,,,,,,,,
PreservedSpecimen,Paranchus albipes,FoodCopro,Functional trait determination based on expert knowledge and literature review,0,mm,mean,,both,adult,,,,,,,,,,,
HumanObservation,Paranchus albipes,ActDay,,0,mm,mean,,both,adult,,,,,,,,,,,
PreservedSpecimen,Paranchus albipes,ActNig,,1,mm,mean,,both,adult,,,,,,,,,,,
HumanObservation,Paranchus albipes,ActTwi,,0,mm,mean,,both,adult,,,,,,,,,,,
HumanObservation,Paranchus albipes,Dispersal,Functional trait assignment based on literature review and expert taxonomic knowledge,Hdsip,mm,mean,,both,adult,,,,,,,,,,,
PreservedSpecimen,Paranchus albipes,Iridescence,"Visual inspection of collected adult beetle specimens, potentially aided by expert taxonomic identification.",0,mm,mean,,both,adult,,,,,,,,,,,
PreservedSpecimen,Paranchus albipes,Color,"Visual inspection of preserved specimens, supplemented by expert taxonomic identification and literature review.",Blackish,mm,mean,,both,adult,,,,,,,,,,,
PreservedSpecimen,Cordalia obscura,Class,,Insecta,mm,mean,,both,adult,,,,,,,,,,,
PreservedSpecimen,Cordalia obscura,order,,Coleoptera,mm,mean,,both,adult,,,,,,,,,,,
HumanObservation,Cordalia obscura,family,,Staphylinidae,mm,mean,,both,adult,,,,,,,,,,,
PreservedSpecimen,Cordalia obscura,bodysize,,1.61,mm,mean,,both,adult,,,,,,,,,,,
HumanObservation,Cordalia obscura,FoodPI,Functional trait assignment based on taxonomic identification and literature review,0,mm,mean,,both,adult,,,,,,,,,,,
HumanObservation,Cordalia obscura,FoodAni,Literature review and expert consultation based on species descriptions and ecological research.,1,mm,mean,,both,adult,,,,,,,,,,,
PreservedSpecimen,Cordalia obscura,FoodFg,Functional trait determination based on expert knowledge and literature review of species characteristics,0,mm,mean,,both,adult,,,,,,,,,,,
PreservedSpecimen,Cordalia obscura,FoodDet,Functional trait assignment based on literature review and expert identification of collected specimens,0,mm,mean,,both,adult,,,,,,,,,,,
PreservedSpecimen,Cordalia obscura,FoodCopro,Functional trait determination based on expert knowledge and literature review,0,mm,mean,,both,adult,,,,,,,,,,,
HumanObservation,Cordalia obscura,ActDay,,0,mm,mean,,both,adult,,,,,,,,,,,
PreservedSpecimen,Cordalia obscura,ActNig,,1,mm,mean,,both,adult,,,,,,,,,,,
HumanObservation,Cordalia obscura,ActTwi,,0,mm,mean,,both,adult,,,,,,,,,,,
HumanObservation,Cordalia obscura,Dispersal,Functional trait assignment based on literature review and expert taxonomic knowledge,Hdsip,mm,mean,,both,adult,,,,,,,,,,,
PreservedSpecimen,Cordalia obscura,Iridescence,"Visual inspection of collected adult beetle specimens, potentially aided by expert taxonomic identification.",0,mm,mean,,both,adult,,,,,,,,,,,
PreservedSpecimen,Cordalia obscura,Color,"Visual inspection of preserved specimens, supplemented by expert taxonomic identification and literature review.",Blackish,mm,mean,,both,adult,,,,,,,,,,,
PreservedSpecimen,Sphenophorus abbreviatus,Class,,Insecta,mm,mean,,both,adult,,,,,,,,,,,
PreservedSpecimen,Sphenophorus abbreviatus,order,,Coleoptera,mm,mean,,both,adult,,,,,,,,,,,
HumanObservation,Sphenophorus abbreviatus,family,,Dryophthoridae,mm,mean,,both,adult,,,,,,,,,,,
PreservedSpecimen,Sphenophorus abbreviatus,bodysize,,7.43,mm,mean,,both,adult,,,,,,,,,,,
HumanObservation,Sphenophorus abbreviatus,FoodPI,Functional trait assignment based on taxonomic identification and literature review,1,mm,mean,,both,adult,,,,,,,,,,,
HumanObservation,Sphenophorus abbreviatus,FoodAni,Literature review and expert consultation based on species descriptions and ecological research.,0,mm,mean,,both,adult,,,,,,,,,,,
PreservedSpecimen,Sphenophorus abbreviatus,FoodFg,Functional trait determination based on expert knowledge and literature review of species characteristics,0,mm,mean,,both,adult,,,,,,,,,,,
PreservedSpecimen,Sphenophorus abbreviatus,FoodDet,Functional trait assignment based on literature review and expert identification of collected specimens,0,mm,mean,,both,adult,,,,,,,,,,,
PreservedSpecimen,Sphenophorus abbreviatus,FoodCopro,Functional trait determination based on expert knowledge and literature review,0,mm,mean,,both,adult,,,,,,,,,,,
HumanObservation,Sphenophorus abbreviatus,ActDay,,1,mm,mean,,both,adult,,,,,,,,,,,
PreservedSpecimen,Sphenophorus abbreviatus,ActNig,,1,mm,mean,,both,adult,,,,,,,,,,,
HumanObservation,Sphenophorus abbreviatus,ActTwi,,1,mm,mean,,both,adult,,,,,,,,,,,
HumanObservation,Sphenophorus abbreviatus,Dispersal,Functional trait assignment based on literature review and expert taxonomic knowledge,Ldisp,mm,mean,,both,adult,,,,,,,,,,,
PreservedSpecimen,Sphenophorus abbreviatus,Iridescence,"Visual inspection of collected adult beetle specimens, potentially aided by expert taxonomic identification.",0,mm,mean,,both,adult,,,,,,,,,,,
PreservedSpecimen,Sphenophorus abbreviatus,Color,"Visual inspection of preserved specimens, supplemented by expert taxonomic identification and literature review.",Blackish,mm,mean,,both,adult,,,,,,,,,,,
PreservedSpecimen,Hirticollis quadriguttatus,Class,,Insecta,mm,mean,,both,adult,,,,,,,,,,,
PreservedSpecimen,Hirticollis quadriguttatus,order,,Coleoptera,mm,mean,,both,adult,,,,,,,,,,,
HumanObservation,Hirticollis quadriguttatus,family,,Anthicidae,mm,mean,,both,adult,,,,,,,,,,,
PreservedSpecimen,Hirticollis quadriguttatus,bodysize,,3.53,mm,mean,,both,adult,,,,,,,,,,,
HumanObservation,Hirticollis quadriguttatus,FoodPI,Functional trait assignment based on taxonomic identification and literature review,1,mm,mean,,both,adult,,,,,,,,,,,
HumanObservation,Hirticollis quadriguttatus,FoodAni,Literature review and expert consultation based on species descriptions and ecological research.,1,mm,mean,,both,adult,,,,,,,,,,,
PreservedSpecimen,Hirticollis quadriguttatus,FoodFg,Functional trait determination based on expert knowledge and literature review of species characteristics,1,mm,mean,,both,adult,,,,,,,,,,,
PreservedSpecimen,Hirticollis quadriguttatus,FoodDet,Functional trait assignment based on literature review and expert identification of collected specimens,0,mm,mean,,both,adult,,,,,,,,,,,
PreservedSpecimen,Hirticollis quadriguttatus,FoodCopro,Functional trait determination based on expert knowledge and literature review,0,mm,mean,,both,adult,,,,,,,,,,,
HumanObservation,Hirticollis quadriguttatus,ActDay,,1,mm,mean,,both,adult,,,,,,,,,,,
PreservedSpecimen,Hirticollis quadriguttatus,ActNig,,1,mm,mean,,both,adult,,,,,,,,,,,
HumanObservation,Hirticollis quadriguttatus,ActTwi,,1,mm,mean,,both,adult,,,,,,,,,,,
HumanObservation,Hirticollis quadriguttatus,Dispersal,Functional trait assignment based on literature review and expert taxonomic knowledge,Hdsip,mm,mean,,both,adult,,,,,,,,,,,
PreservedSpecimen,Hirticollis quadriguttatus,Iridescence,"Visual inspection of collected adult beetle specimens, potentially aided by expert taxonomic identification.",0,mm,mean,,both,adult,,,,,,,,,,,
PreservedSpecimen,Hirticollis quadriguttatus,Color,"Visual inspection of preserved specimens, supplemented by expert taxonomic identification and literature review.",BlackYellow,mm,mean,,both,adult,,,,,,,,,,,
PreservedSpecimen,Gyrohypnus fracticornis,Class,,Insecta,mm,mean,,both,adult,,,,,,,,,,,
PreservedSpecimen,Gyrohypnus fracticornis,order,,Coleoptera,mm,mean,,both,adult,,,,,,,,,,,
HumanObservation,Gyrohypnus fracticornis,family,,Staphylinidae,mm,mean,,both,adult,,,,,,,,,,,
PreservedSpecimen,Gyrohypnus fracticornis,bodysize,,5.68,mm,mean,,both,adult,,,,,,,,,,,
HumanObservation,Gyrohypnus fracticornis,FoodPI,Functional trait assignment based on taxonomic identification and literature review,0,mm,mean,,both,adult,,,,,,,,,,,
HumanObservation,Gyrohypnus fracticornis,FoodAni,Literature review and expert consultation based on species descriptions and ecological research.,1,mm,mean,,both,adult,,,,,,,,,,,
PreservedSpecimen,Gyrohypnus fracticornis,FoodFg,Functional trait determination based on expert knowledge and literature review of species characteristics,0,mm,mean,,both,adult,,,,,,,,,,,
PreservedSpecimen,Gyrohypnus fracticornis,FoodDet,Functional trait assignment based on literature review and expert identification of collected specimens,0,mm,mean,,both,adult,,,,,,,,,,,
PreservedSpecimen,Gyrohypnus fracticornis,FoodCopro,Functional trait determination based on expert knowledge and literature review,0,mm,mean,,both,adult,,,,,,,,,,,
HumanObservation,Gyrohypnus fracticornis,ActDay,,0,mm,mean,,both,adult,,,,,,,,,,,
PreservedSpecimen,Gyrohypnus fracticornis,ActNig,,1,mm,mean,,both,adult,,,,,,,,,,,
HumanObservation,Gyrohypnus fracticornis,ActTwi,,0,mm,mean,,both,adult,,,,,,,,,,,
HumanObservation,Gyrohypnus fracticornis,Dispersal,Functional trait assignment based on literature review and expert taxonomic knowledge,Hdsip,mm,mean,,both,adult,,,,,,,,,,,
PreservedSpecimen,Gyrohypnus fracticornis,Iridescence,"Visual inspection of collected adult beetle specimens, potentially aided by expert taxonomic identification.",0,mm,mean,,both,adult,,,,,,,,,,,
PreservedSpecimen,Gyrohypnus fracticornis,Color,"Visual inspection of preserved specimens, supplemented by expert taxonomic identification and literature review.",Black,mm,mean,,both,adult,,,,,,,,,,,
PreservedSpecimen,Atheta aeneicollis,Class,,Insecta,mm,mean,,both,adult,,,,,,,,,,,
PreservedSpecimen,Atheta aeneicollis,order,,Coleoptera,mm,mean,,both,adult,,,,,,,,,,,
HumanObservation,Atheta aeneicollis,family,,Staphylinidae,mm,mean,,both,adult,,,,,,,,,,,
PreservedSpecimen,Atheta aeneicollis,bodysize,,NA,mm,mean,,both,adult,,,,,,,,,,,
HumanObservation,Atheta aeneicollis,FoodPI,Functional trait assignment based on taxonomic identification and literature review,0,mm,mean,,both,adult,,,,,,,,,,,
HumanObservation,Atheta aeneicollis,FoodAni,Literature review and expert consultation based on species descriptions and ecological research.,1,mm,mean,,both,adult,,,,,,,,,,,
PreservedSpecimen,Atheta aeneicollis,FoodFg,Functional trait determination based on expert knowledge and literature review of species characteristics,0,mm,mean,,both,adult,,,,,,,,,,,
PreservedSpecimen,Atheta aeneicollis,FoodDet,Functional trait assignment based on literature review and expert identification of collected specimens,0,mm,mean,,both,adult,,,,,,,,,,,
PreservedSpecimen,Atheta aeneicollis,FoodCopro,Functional trait determination based on expert knowledge and literature review,0,mm,mean,,both,adult,,,,,,,,,,,
HumanObservation,Atheta aeneicollis,ActDay,,0,mm,mean,,both,adult,,,,,,,,,,,
PreservedSpecimen,Atheta aeneicollis,ActNig,,1,mm,mean,,both,adult,,,,,,,,,,,
HumanObservation,Atheta aeneicollis,ActTwi,,0,mm,mean,,both,adult,,,,,,,,,,,
HumanObservation,Atheta aeneicollis,Dispersal,Functional trait assignment based on literature review and expert taxonomic knowledge,Hdsip,mm,mean,,both,adult,,,,,,,,,,,
PreservedSpecimen,Atheta aeneicollis,Iridescence,"Visual inspection of collected adult beetle specimens, potentially aided by expert taxonomic identification.",0,mm,mean,,both,adult,,,,,,,,,,,
PreservedSpecimen,Atheta aeneicollis,Color,"Visual inspection of preserved specimens, supplemented by expert taxonomic identification and literature review.",Blackish,mm,mean,,both,adult,,,,,,,,,,,
PreservedSpecimen,Epuraea biguttata,Class,,Insecta,mm,mean,,both,adult,,,,,,,,,,,
PreservedSpecimen,Epuraea biguttata,order,,Coleoptera,mm,mean,,both,adult,,,,,,,,,,,
HumanObservation,Epuraea biguttata,family,,Nitidulidae,mm,mean,,both,adult,,,,,,,,,,,
PreservedSpecimen,Epuraea biguttata,bodysize,,2.28,mm,mean,,both,adult,,,,,,,,,,,
HumanObservation,Epuraea biguttata,FoodPI,Functional trait assignment based on taxonomic identification and literature review,1,mm,mean,,both,adult,,,,,,,,,,,
HumanObservation,Epuraea biguttata,FoodAni,Literature review and expert consultation based on species descriptions and ecological research.,0,mm,mean,,both,adult,,,,,,,,,,,
PreservedSpecimen,Epuraea biguttata,FoodFg,Functional trait determination based on expert knowledge and literature review of species characteristics,1,mm,mean,,both,adult,,,,,,,,,,,
PreservedSpecimen,Epuraea biguttata,FoodDet,Functional trait assignment based on literature review and expert identification of collected specimens,0,mm,mean,,both,adult,,,,,,,,,,,
PreservedSpecimen,Epuraea biguttata,FoodCopro,Functional trait determination based on expert knowledge and literature review,0,mm,mean,,both,adult,,,,,,,,,,,
HumanObservation,Epuraea biguttata,ActDay,,1,mm,mean,,both,adult,,,,,,,,,,,
PreservedSpecimen,Epuraea biguttata,ActNig,,0,mm,mean,,both,adult,,,,,,,,,,,
HumanObservation,Epuraea biguttata,ActTwi,,0,mm,mean,,both,adult,,,,,,,,,,,
HumanObservation,Epuraea biguttata,Dispersal,Functional trait assignment based on literature review and expert taxonomic knowledge,Hdsip,mm,mean,,both,adult,,,,,,,,,,,
PreservedSpecimen,Epuraea biguttata,Iridescence,"Visual inspection of collected adult beetle specimens, potentially aided by expert taxonomic identification.",0,mm,mean,,both,adult,,,,,,,,,,,
PreservedSpecimen,Epuraea biguttata,Color,"Visual inspection of preserved specimens, supplemented by expert taxonomic identification and literature review.",ReddishBrown,mm,mean,,both,adult,,,,,,,,,,,
PreservedSpecimen,Scymnus interruptus,Class,,Insecta,mm,mean,,both,adult,,,,,,,,,,,
PreservedSpecimen,Scymnus interruptus,order,,Coleoptera,mm,mean,,both,adult,,,,,,,,,,,
HumanObservation,Scymnus interruptus,family,,Coccinellidae,mm,mean,,both,adult,,,,,,,,,,,
PreservedSpecimen,Scymnus interruptus,bodysize,,1.76,mm,mean,,both,adult,,,,,,,,,,,
HumanObservation,Scymnus interruptus,FoodPI,Functional trait assignment based on taxonomic identification and literature review,0,mm,mean,,both,adult,,,,,,,,,,,
HumanObservation,Scymnus interruptus,FoodAni,Literature review and expert consultation based on species descriptions and ecological research.,1,mm,mean,,both,adult,,,,,,,,,,,
PreservedSpecimen,Scymnus interruptus,FoodFg,Functional trait determination based on expert knowledge and literature review of species characteristics,0,mm,mean,,both,adult,,,,,,,,,,,
PreservedSpecimen,Scymnus interruptus,FoodDet,Functional trait assignment based on literature review and expert identification of collected specimens,0,mm,mean,,both,adult,,,,,,,,,,,
PreservedSpecimen,Scymnus interruptus,FoodCopro,Functional trait determination based on expert knowledge and literature review,0,mm,mean,,both,adult,,,,,,,,,,,
HumanObservation,Scymnus interruptus,ActDay,,1,mm,mean,,both,adult,,,,,,,,,,,
PreservedSpecimen,Scymnus interruptus,ActNig,,0,mm,mean,,both,adult,,,,,,,,,,,
HumanObservation,Scymnus interruptus,ActTwi,,0,mm,mean,,both,adult,,,,,,,,,,,
HumanObservation,Scymnus interruptus,Dispersal,Functional trait assignment based on literature review and expert taxonomic knowledge,Hdsip,mm,mean,,both,adult,,,,,,,,,,,
PreservedSpecimen,Scymnus interruptus,Iridescence,"Visual inspection of collected adult beetle specimens, potentially aided by expert taxonomic identification.",0,mm,mean,,both,adult,,,,,,,,,,,
PreservedSpecimen,Scymnus interruptus,Color,"Visual inspection of preserved specimens, supplemented by expert taxonomic identification and literature review.",Blackish,mm,mean,,both,adult,,,,,,,,,,,
PreservedSpecimen,Scymnus nubilus,Class,,Insecta,mm,mean,,both,adult,,,,,,,,,,,
PreservedSpecimen,Scymnus nubilus,order,,Coleoptera,mm,mean,,both,adult,,,,,,,,,,,
HumanObservation,Scymnus nubilus,family,,Coccinellidae,mm,mean,,both,adult,,,,,,,,,,,
PreservedSpecimen,Scymnus nubilus,bodysize,,1.78,mm,mean,,both,adult,,,,,,,,,,,
HumanObservation,Scymnus nubilus,FoodPI,Functional trait assignment based on taxonomic identification and literature review,0,mm,mean,,both,adult,,,,,,,,,,,
HumanObservation,Scymnus nubilus,FoodAni,Literature review and expert consultation based on species descriptions and ecological research.,1,mm,mean,,both,adult,,,,,,,,,,,
PreservedSpecimen,Scymnus nubilus,FoodFg,Functional trait determination based on expert knowledge and literature review of species characteristics,0,mm,mean,,both,adult,,,,,,,,,,,
PreservedSpecimen,Scymnus nubilus,FoodDet,Functional trait assignment based on literature review and expert identification of collected specimens,0,mm,mean,,both,adult,,,,,,,,,,,
PreservedSpecimen,Scymnus nubilus,FoodCopro,Functional trait determination based on expert knowledge and literature review,0,mm,mean,,both,adult,,,,,,,,,,,
HumanObservation,Scymnus nubilus,ActDay,,1,mm,mean,,both,adult,,,,,,,,,,,
PreservedSpecimen,Scymnus nubilus,ActNig,,0,mm,mean,,both,adult,,,,,,,,,,,
HumanObservation,Scymnus nubilus,ActTwi,,0,mm,mean,,both,adult,,,,,,,,,,,
HumanObservation,Scymnus nubilus,Dispersal,Functional trait assignment based on literature review and expert taxonomic knowledge,Hdsip,mm,mean,,both,adult,,,,,,,,,,,
PreservedSpecimen,Scymnus nubilus,Iridescence,"Visual inspection of collected adult beetle specimens, potentially aided by expert taxonomic identification.",0,mm,mean,,both,adult,,,,,,,,,,,
PreservedSpecimen,Scymnus nubilus,Color,"Visual inspection of preserved specimens, supplemented by expert taxonomic identification and literature review.",ReddishBrown,mm,mean,,both,adult,,,,,,,,,,,
PreservedSpecimen,Sericoderus lateralis,Class,,Insecta,mm,mean,,both,adult,,,,,,,,,,,
PreservedSpecimen,Sericoderus lateralis,order,,Coleoptera,mm,mean,,both,adult,,,,,,,,,,,
HumanObservation,Sericoderus lateralis,family,,Corylophidae,mm,mean,,both,adult,,,,,,,,,,,
PreservedSpecimen,Sericoderus lateralis,bodysize,,0.5,mm,mean,,both,adult,,,,,,,,,,,
HumanObservation,Sericoderus lateralis,FoodPI,Functional trait assignment based on taxonomic identification and literature review,0,mm,mean,,both,adult,,,,,,,,,,,
HumanObservation,Sericoderus lateralis,FoodAni,Literature review and expert consultation based on species descriptions and ecological research.,0,mm,mean,,both,adult,,,,,,,,,,,
PreservedSpecimen,Sericoderus lateralis,FoodFg,Functional trait determination based on expert knowledge and literature review of species characteristics,1,mm,mean,,both,adult,,,,,,,,,,,
PreservedSpecimen,Sericoderus lateralis,FoodDet,Functional trait assignment based on literature review and expert identification of collected specimens,0,mm,mean,,both,adult,,,,,,,,,,,
PreservedSpecimen,Sericoderus lateralis,FoodCopro,Functional trait determination based on expert knowledge and literature review,0,mm,mean,,both,adult,,,,,,,,,,,
HumanObservation,Sericoderus lateralis,ActDay,,1,mm,mean,,both,adult,,,,,,,,,,,
PreservedSpecimen,Sericoderus lateralis,ActNig,,0,mm,mean,,both,adult,,,,,,,,,,,
HumanObservation,Sericoderus lateralis,ActTwi,,0,mm,mean,,both,adult,,,,,,,,,,,
HumanObservation,Sericoderus lateralis,Dispersal,Functional trait assignment based on literature review and expert taxonomic knowledge,Hdsip,mm,mean,,both,adult,,,,,,,,,,,
PreservedSpecimen,Sericoderus lateralis,Iridescence,"Visual inspection of collected adult beetle specimens, potentially aided by expert taxonomic identification.",0,mm,mean,,both,adult,,,,,,,,,,,
PreservedSpecimen,Sericoderus lateralis,Color,"Visual inspection of preserved specimens, supplemented by expert taxonomic identification and literature review.",ReddishBrown,mm,mean,,both,adult,,,,,,,,,,,
PreservedSpecimen,Amischa analis,Class,,Insecta,mm,mean,,both,adult,,,,,,,,,,,
PreservedSpecimen,Amischa analis,order,,Coleoptera,mm,mean,,both,adult,,,,,,,,,,,
HumanObservation,Amischa analis,family,,Staphylinidae,mm,mean,,both,adult,,,,,,,,,,,
PreservedSpecimen,Amischa analis,bodysize,,2.46,mm,mean,,both,adult,,,,,,,,,,,
HumanObservation,Amischa analis,FoodPI,Functional trait assignment based on taxonomic identification and literature review,0,mm,mean,,both,adult,,,,,,,,,,,
HumanObservation,Amischa analis,FoodAni,Literature review and expert consultation based on species descriptions and ecological research.,1,mm,mean,,both,adult,,,,,,,,,,,
PreservedSpecimen,Amischa analis,FoodFg,Functional trait determination based on expert knowledge and literature review of species characteristics,0,mm,mean,,both,adult,,,,,,,,,,,
PreservedSpecimen,Amischa analis,FoodDet,Functional trait assignment based on literature review and expert identification of collected specimens,0,mm,mean,,both,adult,,,,,,,,,,,
PreservedSpecimen,Amischa analis,FoodCopro,Functional trait determination based on expert knowledge and literature review,0,mm,mean,,both,adult,,,,,,,,,,,
HumanObservation,Amischa analis,ActDay,,0,mm,mean,,both,adult,,,,,,,,,,,
PreservedSpecimen,Amischa analis,ActNig,,1,mm,mean,,both,adult,,,,,,,,,,,
HumanObservation,Amischa analis,ActTwi,,0,mm,mean,,both,adult,,,,,,,,,,,
HumanObservation,Amischa analis,Dispersal,Functional trait assignment based on literature review and expert taxonomic knowledge,Hdsip,mm,mean,,both,adult,,,,,,,,,,,
PreservedSpecimen,Amischa analis,Iridescence,"Visual inspection of collected adult beetle specimens, potentially aided by expert taxonomic identification.",0,mm,mean,,both,adult,,,,,,,,,,,
PreservedSpecimen,Amischa analis,Color,"Visual inspection of preserved specimens, supplemented by expert taxonomic identification and literature review.",ReddishBrown,mm,mean,,both,adult,,,,,,,,,,,
PreservedSpecimen,Rhyzobius lophanthae,Class,,Insecta,mm,mean,,both,adult,,,,,,,,,,,
PreservedSpecimen,Rhyzobius lophanthae,order,,Coleoptera,mm,mean,,both,adult,,,,,,,,,,,
HumanObservation,Rhyzobius lophanthae,family,,Coccinellidae,mm,mean,,both,adult,,,,,,,,,,,
PreservedSpecimen,Rhyzobius lophanthae,bodysize,,2.3,mm,mean,,both,adult,,,,,,,,,,,
HumanObservation,Rhyzobius lophanthae,FoodPI,Functional trait assignment based on taxonomic identification and literature review,0,mm,mean,,both,adult,,,,,,,,,,,
HumanObservation,Rhyzobius lophanthae,FoodAni,Literature review and expert consultation based on species descriptions and ecological research.,1,mm,mean,,both,adult,,,,,,,,,,,
PreservedSpecimen,Rhyzobius lophanthae,FoodFg,Functional trait determination based on expert knowledge and literature review of species characteristics,0,mm,mean,,both,adult,,,,,,,,,,,
PreservedSpecimen,Rhyzobius lophanthae,FoodDet,Functional trait assignment based on literature review and expert identification of collected specimens,0,mm,mean,,both,adult,,,,,,,,,,,
PreservedSpecimen,Rhyzobius lophanthae,FoodCopro,Functional trait determination based on expert knowledge and literature review,0,mm,mean,,both,adult,,,,,,,,,,,
HumanObservation,Rhyzobius lophanthae,ActDay,,1,mm,mean,,both,adult,,,,,,,,,,,
PreservedSpecimen,Rhyzobius lophanthae,ActNig,,0,mm,mean,,both,adult,,,,,,,,,,,
HumanObservation,Rhyzobius lophanthae,ActTwi,,0,mm,mean,,both,adult,,,,,,,,,,,
HumanObservation,Rhyzobius lophanthae,Dispersal,Functional trait assignment based on literature review and expert taxonomic knowledge,NA,mm,mean,,both,adult,,,,,,,,,,,
PreservedSpecimen,Rhyzobius lophanthae,Iridescence,"Visual inspection of collected adult beetle specimens, potentially aided by expert taxonomic identification.",1,mm,mean,,both,adult,,,,,,,,,,,
PreservedSpecimen,Rhyzobius lophanthae,Color,"Visual inspection of preserved specimens, supplemented by expert taxonomic identification and literature review.",Blackish,mm,mean,,both,adult,,,,,,,,,,,
PreservedSpecimen,Mecinus pascuorum,Class,,Insecta,mm,mean,,both,adult,,,,,,,,,,,
PreservedSpecimen,Mecinus pascuorum,order,,Coleoptera,mm,mean,,both,adult,,,,,,,,,,,
HumanObservation,Mecinus pascuorum,family,,Curculionidae,mm,mean,,both,adult,,,,,,,,,,,
PreservedSpecimen,Mecinus pascuorum,bodysize,,NA,mm,mean,,both,adult,,,,,,,,,,,
HumanObservation,Mecinus pascuorum,FoodPI,Functional trait assignment based on taxonomic identification and literature review,1,mm,mean,,both,adult,,,,,,,,,,,
HumanObservation,Mecinus pascuorum,FoodAni,Literature review and expert consultation based on species descriptions and ecological research.,0,mm,mean,,both,adult,,,,,,,,,,,
PreservedSpecimen,Mecinus pascuorum,FoodFg,Functional trait determination based on expert knowledge and literature review of species characteristics,0,mm,mean,,both,adult,,,,,,,,,,,
PreservedSpecimen,Mecinus pascuorum,FoodDet,Functional trait assignment based on literature review and expert identification of collected specimens,0,mm,mean,,both,adult,,,,,,,,,,,
PreservedSpecimen,Mecinus pascuorum,FoodCopro,Functional trait determination based on expert knowledge and literature review,0,mm,mean,,both,adult,,,,,,,,,,,
HumanObservation,Mecinus pascuorum,ActDay,,1,mm,mean,,both,adult,,,,,,,,,,,
PreservedSpecimen,Mecinus pascuorum,ActNig,,0,mm,mean,,both,adult,,,,,,,,,,,
HumanObservation,Mecinus pascuorum,ActTwi,,0,mm,mean,,both,adult,,,,,,,,,,,
HumanObservation,Mecinus pascuorum,Dispersal,Functional trait assignment based on literature review and expert taxonomic knowledge,NA,mm,mean,,both,adult,,,,,,,,,,,
PreservedSpecimen,Mecinus pascuorum,Iridescence,"Visual inspection of collected adult beetle specimens, potentially aided by expert taxonomic identification.",0,mm,mean,,both,adult,,,,,,,,,,,
PreservedSpecimen,Mecinus pascuorum,Color,"Visual inspection of preserved specimens, supplemented by expert taxonomic identification and literature review.",Blackish,mm,mean,,both,adult,,,,,,,,,,,
PreservedSpecimen,Sepedophilus lusitanicus,Class,,Insecta,mm,mean,,both,adult,,,,,,,,,,,
PreservedSpecimen,Sepedophilus lusitanicus,order,,Coleoptera,mm,mean,,both,adult,,,,,,,,,,,
HumanObservation,Sepedophilus lusitanicus,family,,Staphylinidae,mm,mean,,both,adult,,,,,,,,,,,
PreservedSpecimen,Sepedophilus lusitanicus,bodysize,,4.79,mm,mean,,both,adult,,,,,,,,,,,
HumanObservation,Sepedophilus lusitanicus,FoodPI,Functional trait assignment based on taxonomic identification and literature review,0,mm,mean,,both,adult,,,,,,,,,,,
HumanObservation,Sepedophilus lusitanicus,FoodAni,Literature review and expert consultation based on species descriptions and ecological research.,1,mm,mean,,both,adult,,,,,,,,,,,
PreservedSpecimen,Sepedophilus lusitanicus,FoodFg,Functional trait determination based on expert knowledge and literature review of species characteristics,1,mm,mean,,both,adult,,,,,,,,,,,
PreservedSpecimen,Sepedophilus lusitanicus,FoodDet,Functional trait assignment based on literature review and expert identification of collected specimens,0,mm,mean,,both,adult,,,,,,,,,,,
PreservedSpecimen,Sepedophilus lusitanicus,FoodCopro,Functional trait determination based on expert knowledge and literature review,0,mm,mean,,both,adult,,,,,,,,,,,
HumanObservation,Sepedophilus lusitanicus,ActDay,,0,mm,mean,,both,adult,,,,,,,,,,,
PreservedSpecimen,Sepedophilus lusitanicus,ActNig,,1,mm,mean,,both,adult,,,,,,,,,,,
HumanObservation,Sepedophilus lusitanicus,ActTwi,,0,mm,mean,,both,adult,,,,,,,,,,,
HumanObservation,Sepedophilus lusitanicus,Dispersal,Functional trait assignment based on literature review and expert taxonomic knowledge,Hdsip,mm,mean,,both,adult,,,,,,,,,,,
PreservedSpecimen,Sepedophilus lusitanicus,Iridescence,"Visual inspection of collected adult beetle specimens, potentially aided by expert taxonomic identification.",0,mm,mean,,both,adult,,,,,,,,,,,
PreservedSpecimen,Sepedophilus lusitanicus,Color,"Visual inspection of preserved specimens, supplemented by expert taxonomic identification and literature review.",Blackish,mm,mean,,both,adult,,,,,,,,,,,
PreservedSpecimen,Onthophagus taurus,Class,,Insecta,mm,mean,,both,adult,,,,,,,,,,,
PreservedSpecimen,Onthophagus taurus,order,,Coleoptera,mm,mean,,both,adult,,,,,,,,,,,
HumanObservation,Onthophagus taurus,family,,Scarabaeidae,mm,mean,,both,adult,,,,,,,,,,,
PreservedSpecimen,Onthophagus taurus,bodysize,,7.23,mm,mean,,both,adult,,,,,,,,,,,
HumanObservation,Onthophagus taurus,FoodPI,Functional trait assignment based on taxonomic identification and literature review,0,mm,mean,,both,adult,,,,,,,,,,,
HumanObservation,Onthophagus taurus,FoodAni,Literature review and expert consultation based on species descriptions and ecological research.,0,mm,mean,,both,adult,,,,,,,,,,,
PreservedSpecimen,Onthophagus taurus,FoodFg,Functional trait determination based on expert knowledge and literature review of species characteristics,0,mm,mean,,both,adult,,,,,,,,,,,
PreservedSpecimen,Onthophagus taurus,FoodDet,Functional trait assignment based on literature review and expert identification of collected specimens,0,mm,mean,,both,adult,,,,,,,,,,,
PreservedSpecimen,Onthophagus taurus,FoodCopro,Functional trait determination based on expert knowledge and literature review,1,mm,mean,,both,adult,,,,,,,,,,,
HumanObservation,Onthophagus taurus,ActDay,,1,mm,mean,,both,adult,,,,,,,,,,,
PreservedSpecimen,Onthophagus taurus,ActNig,,1,mm,mean,,both,adult,,,,,,,,,,,
HumanObservation,Onthophagus taurus,ActTwi,,1,mm,mean,,both,adult,,,,,,,,,,,
HumanObservation,Onthophagus taurus,Dispersal,Functional trait assignment based on literature review and expert taxonomic knowledge,Hdsip,mm,mean,,both,adult,,,,,,,,,,,
PreservedSpecimen,Onthophagus taurus,Iridescence,"Visual inspection of collected adult beetle specimens, potentially aided by expert taxonomic identification.",0,mm,mean,,both,adult,,,,,,,,,,,
PreservedSpecimen,Onthophagus taurus,Color,"Visual inspection of preserved specimens, supplemented by expert taxonomic identification and literature review.",Black,mm,mean,,both,adult,,,,,,,,,,,
PreservedSpecimen,Stenolophus teutonus,Class,,Insecta,mm,mean,,both,adult,,,,,,,,,,,
PreservedSpecimen,Stenolophus teutonus,order,,Coleoptera,mm,mean,,both,adult,,,,,,,,,,,
HumanObservation,Stenolophus teutonus,family,,Carabidae,mm,mean,,both,adult,,,,,,,,,,,
PreservedSpecimen,Stenolophus teutonus,bodysize,,5.01,mm,mean,,both,adult,,,,,,,,,,,
HumanObservation,Stenolophus teutonus,FoodPI,Functional trait assignment based on taxonomic identification and literature review,0,mm,mean,,both,adult,,,,,,,,,,,
HumanObservation,Stenolophus teutonus,FoodAni,Literature review and expert consultation based on species descriptions and ecological research.,1,mm,mean,,both,adult,,,,,,,,,,,
PreservedSpecimen,Stenolophus teutonus,FoodFg,Functional trait determination based on expert knowledge and literature review of species characteristics,0,mm,mean,,both,adult,,,,,,,,,,,
PreservedSpecimen,Stenolophus teutonus,FoodDet,Functional trait assignment based on literature review and expert identification of collected specimens,0,mm,mean,,both,adult,,,,,,,,,,,
PreservedSpecimen,Stenolophus teutonus,FoodCopro,Functional trait determination based on expert knowledge and literature review,0,mm,mean,,both,adult,,,,,,,,,,,
HumanObservation,Stenolophus teutonus,ActDay,,0,mm,mean,,both,adult,,,,,,,,,,,
PreservedSpecimen,Stenolophus teutonus,ActNig,,1,mm,mean,,both,adult,,,,,,,,,,,
HumanObservation,Stenolophus teutonus,ActTwi,,0,mm,mean,,both,adult,,,,,,,,,,,
HumanObservation,Stenolophus teutonus,Dispersal,Functional trait assignment based on literature review and expert taxonomic knowledge,Hdsip,mm,mean,,both,adult,,,,,,,,,,,
PreservedSpecimen,Stenolophus teutonus,Iridescence,"Visual inspection of collected adult beetle specimens, potentially aided by expert taxonomic identification.",0,mm,mean,,both,adult,,,,,,,,,,,
PreservedSpecimen,Stenolophus teutonus,Color,"Visual inspection of preserved specimens, supplemented by expert taxonomic identification and literature review.",ReddishBrown,mm,mean,,both,adult,,,,,,,,,,,
PreservedSpecimen,Stilbus testaceus,Class,,Insecta,mm,mean,,both,adult,,,,,,,,,,,
PreservedSpecimen,Stilbus testaceus,order,,Coleoptera,mm,mean,,both,adult,,,,,,,,,,,
HumanObservation,Stilbus testaceus,family,,Phalacridae,mm,mean,,both,adult,,,,,,,,,,,
PreservedSpecimen,Stilbus testaceus,bodysize,,2.11,mm,mean,,both,adult,,,,,,,,,,,
HumanObservation,Stilbus testaceus,FoodPI,Functional trait assignment based on taxonomic identification and literature review,1,mm,mean,,both,adult,,,,,,,,,,,
HumanObservation,Stilbus testaceus,FoodAni,Literature review and expert consultation based on species descriptions and ecological research.,0,mm,mean,,both,adult,,,,,,,,,,,
PreservedSpecimen,Stilbus testaceus,FoodFg,Functional trait determination based on expert knowledge and literature review of species characteristics,1,mm,mean,,both,adult,,,,,,,,,,,
PreservedSpecimen,Stilbus testaceus,FoodDet,Functional trait assignment based on literature review and expert identification of collected specimens,0,mm,mean,,both,adult,,,,,,,,,,,
PreservedSpecimen,Stilbus testaceus,FoodCopro,Functional trait determination based on expert knowledge and literature review,0,mm,mean,,both,adult,,,,,,,,,,,
HumanObservation,Stilbus testaceus,ActDay,,1,mm,mean,,both,adult,,,,,,,,,,,
PreservedSpecimen,Stilbus testaceus,ActNig,,0,mm,mean,,both,adult,,,,,,,,,,,
HumanObservation,Stilbus testaceus,ActTwi,,0,mm,mean,,both,adult,,,,,,,,,,,
HumanObservation,Stilbus testaceus,Dispersal,Functional trait assignment based on literature review and expert taxonomic knowledge,NA,mm,mean,,both,adult,,,,,,,,,,,
PreservedSpecimen,Stilbus testaceus,Iridescence,"Visual inspection of collected adult beetle specimens, potentially aided by expert taxonomic identification.",0,mm,mean,,both,adult,,,,,,,,,,,
PreservedSpecimen,Stilbus testaceus,Color,"Visual inspection of preserved specimens, supplemented by expert taxonomic identification and literature review.",ReddishBrown,mm,mean,,both,adult,,,,,,,,,,,
PreservedSpecimen,Cartodere nodifer,Class,,Insecta,mm,mean,,both,adult,,,,,,,,,,,
PreservedSpecimen,Cartodere nodifer,order,,Coleoptera,mm,mean,,both,adult,,,,,,,,,,,
HumanObservation,Cartodere nodifer,family,,Latridiidae,mm,mean,,both,adult,,,,,,,,,,,
PreservedSpecimen,Cartodere nodifer,bodysize,,1.56,mm,mean,,both,adult,,,,,,,,,,,
HumanObservation,Cartodere nodifer,FoodPI,Functional trait assignment based on taxonomic identification and literature review,0,mm,mean,,both,adult,,,,,,,,,,,
HumanObservation,Cartodere nodifer,FoodAni,Literature review and expert consultation based on species descriptions and ecological research.,0,mm,mean,,both,adult,,,,,,,,,,,
PreservedSpecimen,Cartodere nodifer,FoodFg,Functional trait determination based on expert knowledge and literature review of species characteristics,1,mm,mean,,both,adult,,,,,,,,,,,
PreservedSpecimen,Cartodere nodifer,FoodDet,Functional trait assignment based on literature review and expert identification of collected specimens,0,mm,mean,,both,adult,,,,,,,,,,,
PreservedSpecimen,Cartodere nodifer,FoodCopro,Functional trait determination based on expert knowledge and literature review,0,mm,mean,,both,adult,,,,,,,,,,,
HumanObservation,Cartodere nodifer,ActDay,,1,mm,mean,,both,adult,,,,,,,,,,,
PreservedSpecimen,Cartodere nodifer,ActNig,,1,mm,mean,,both,adult,,,,,,,,,,,
HumanObservation,Cartodere nodifer,ActTwi,,1,mm,mean,,both,adult,,,,,,,,,,,
HumanObservation,Cartodere nodifer,Dispersal,Functional trait assignment based on literature review and expert taxonomic knowledge,NA,mm,mean,,both,adult,,,,,,,,,,,
PreservedSpecimen,Cartodere nodifer,Iridescence,"Visual inspection of collected adult beetle specimens, potentially aided by expert taxonomic identification.",0,mm,mean,,both,adult,,,,,,,,,,,
PreservedSpecimen,Cartodere nodifer,Color,"Visual inspection of preserved specimens, supplemented by expert taxonomic identification and literature review.",ReddishBrown,mm,mean,,both,adult,,,,,,,,,,,
PreservedSpecimen,Ptenidium pusillum,Class,,Insecta,mm,mean,,both,adult,,,,,,,,,,,
PreservedSpecimen,Ptenidium pusillum,order,,Coleoptera,mm,mean,,both,adult,,,,,,,,,,,
HumanObservation,Ptenidium pusillum,family,,Ptiliidae,mm,mean,,both,adult,,,,,,,,,,,
PreservedSpecimen,Ptenidium pusillum,bodysize,,0.89,mm,mean,,both,adult,,,,,,,,,,,
HumanObservation,Ptenidium pusillum,FoodPI,Functional trait assignment based on taxonomic identification and literature review,0,mm,mean,,both,adult,,,,,,,,,,,
HumanObservation,Ptenidium pusillum,FoodAni,Literature review and expert consultation based on species descriptions and ecological research.,0,mm,mean,,both,adult,,,,,,,,,,,
PreservedSpecimen,Ptenidium pusillum,FoodFg,Functional trait determination based on expert knowledge and literature review of species characteristics,1,mm,mean,,both,adult,,,,,,,,,,,
PreservedSpecimen,Ptenidium pusillum,FoodDet,Functional trait assignment based on literature review and expert identification of collected specimens,0,mm,mean,,both,adult,,,,,,,,,,,
PreservedSpecimen,Ptenidium pusillum,FoodCopro,Functional trait determination based on expert knowledge and literature review,0,mm,mean,,both,adult,,,,,,,,,,,
HumanObservation,Ptenidium pusillum,ActDay,,1,mm,mean,,both,adult,,,,,,,,,,,
PreservedSpecimen,Ptenidium pusillum,ActNig,,1,mm,mean,,both,adult,,,,,,,,,,,
HumanObservation,Ptenidium pusillum,ActTwi,,1,mm,mean,,both,adult,,,,,,,,,,,
HumanObservation,Ptenidium pusillum,Dispersal,Functional trait assignment based on literature review and expert taxonomic knowledge,Hdsip,mm,mean,,both,adult,,,,,,,,,,,
PreservedSpecimen,Ptenidium pusillum,Iridescence,"Visual inspection of collected adult beetle specimens, potentially aided by expert taxonomic identification.",0,mm,mean,,both,adult,,,,,,,,,,,
PreservedSpecimen,Ptenidium pusillum,Color,"Visual inspection of preserved specimens, supplemented by expert taxonomic identification and literature review.",Blackish,mm,mean,,both,adult,,,,,,,,,,,
PreservedSpecimen,Pseudoophonus rufipes,Class,,Insecta,mm,mean,,both,adult,,,,,,,,,,,
PreservedSpecimen,Pseudoophonus rufipes,order,,Coleoptera,mm,mean,,both,adult,,,,,,,,,,,
HumanObservation,Pseudoophonus rufipes,family,,Carabidae,mm,mean,,both,adult,,,,,,,,,,,
PreservedSpecimen,Pseudoophonus rufipes,bodysize,,10.66,mm,mean,,both,adult,,,,,,,,,,,
HumanObservation,Pseudoophonus rufipes,FoodPI,Functional trait assignment based on taxonomic identification and literature review,1,mm,mean,,both,adult,,,,,,,,,,,
HumanObservation,Pseudoophonus rufipes,FoodAni,Literature review and expert consultation based on species descriptions and ecological research.,1,mm,mean,,both,adult,,,,,,,,,,,
PreservedSpecimen,Pseudoophonus rufipes,FoodFg,Functional trait determination based on expert knowledge and literature review of species characteristics,0,mm,mean,,both,adult,,,,,,,,,,,
PreservedSpecimen,Pseudoophonus rufipes,FoodDet,Functional trait assignment based on literature review and expert identification of collected specimens,0,mm,mean,,both,adult,,,,,,,,,,,
PreservedSpecimen,Pseudoophonus rufipes,FoodCopro,Functional trait determination based on expert knowledge and literature review,0,mm,mean,,both,adult,,,,,,,,,,,
HumanObservation,Pseudoophonus rufipes,ActDay,,0,mm,mean,,both,adult,,,,,,,,,,,
PreservedSpecimen,Pseudoophonus rufipes,ActNig,,1,mm,mean,,both,adult,,,,,,,,,,,
HumanObservation,Pseudoophonus rufipes,ActTwi,,0,mm,mean,,both,adult,,,,,,,,,,,
HumanObservation,Pseudoophonus rufipes,Dispersal,Functional trait assignment based on literature review and expert taxonomic knowledge,Hdsip,mm,mean,,both,adult,,,,,,,,,,,
PreservedSpecimen,Pseudoophonus rufipes,Iridescence,"Visual inspection of collected adult beetle specimens, potentially aided by expert taxonomic identification.",0,mm,mean,,both,adult,,,,,,,,,,,
PreservedSpecimen,Pseudoophonus rufipes,Color,"Visual inspection of preserved specimens, supplemented by expert taxonomic identification and literature review.",Black,mm,mean,,both,adult,,,,,,,,,,,
PreservedSpecimen,Harpalus distinguendus distinguendus,Class,,Insecta,mm,mean,,both,adult,,,,,,,,,,,
PreservedSpecimen,Harpalus distinguendus distinguendus,order,,Coleoptera,mm,mean,,both,adult,,,,,,,,,,,
HumanObservation,Harpalus distinguendus distinguendus,family,,Carabidae,mm,mean,,both,adult,,,,,,,,,,,
PreservedSpecimen,Harpalus distinguendus distinguendus,bodysize,,NA,mm,mean,,both,adult,,,,,,,,,,,
HumanObservation,Harpalus distinguendus distinguendus,FoodPI,Functional trait assignment based on taxonomic identification and literature review,1,mm,mean,,both,adult,,,,,,,,,,,
HumanObservation,Harpalus distinguendus distinguendus,FoodAni,Literature review and expert consultation based on species descriptions and ecological research.,1,mm,mean,,both,adult,,,,,,,,,,,
PreservedSpecimen,Harpalus distinguendus distinguendus,FoodFg,Functional trait determination based on expert knowledge and literature review of species characteristics,0,mm,mean,,both,adult,,,,,,,,,,,
PreservedSpecimen,Harpalus distinguendus distinguendus,FoodDet,Functional trait assignment based on literature review and expert identification of collected specimens,0,mm,mean,,both,adult,,,,,,,,,,,
PreservedSpecimen,Harpalus distinguendus distinguendus,FoodCopro,Functional trait determination based on expert knowledge and literature review,0,mm,mean,,both,adult,,,,,,,,,,,
HumanObservation,Harpalus distinguendus distinguendus,ActDay,,1,mm,mean,,both,adult,,,,,,,,,,,
PreservedSpecimen,Harpalus distinguendus distinguendus,ActNig,,0,mm,mean,,both,adult,,,,,,,,,,,
HumanObservation,Harpalus distinguendus distinguendus,ActTwi,,0,mm,mean,,both,adult,,,,,,,,,,,
HumanObservation,Harpalus distinguendus distinguendus,Dispersal,Functional trait assignment based on literature review and expert taxonomic knowledge,Hdsip,mm,mean,,both,adult,,,,,,,,,,,
PreservedSpecimen,Harpalus distinguendus distinguendus,Iridescence,"Visual inspection of collected adult beetle specimens, potentially aided by expert taxonomic identification.",1,mm,mean,,both,adult,,,,,,,,,,,
PreservedSpecimen,Harpalus distinguendus distinguendus,Color,"Visual inspection of preserved specimens, supplemented by expert taxonomic identification and literature review.",Black,mm,mean,,both,adult,,,,,,,,,,,
PreservedSpecimen,Philonthus quisquiliarius quisquiliarius,Class,,Insecta,mm,mean,,both,adult,,,,,,,,,,,
PreservedSpecimen,Philonthus quisquiliarius quisquiliarius,order,,Coleoptera,mm,mean,,both,adult,,,,,,,,,,,
HumanObservation,Philonthus quisquiliarius quisquiliarius,family,,Staphylinidae,mm,mean,,both,adult,,,,,,,,,,,
PreservedSpecimen,Philonthus quisquiliarius quisquiliarius,bodysize,,6.15,mm,mean,,both,adult,,,,,,,,,,,
HumanObservation,Philonthus quisquiliarius quisquiliarius,FoodPI,Functional trait assignment based on taxonomic identification and literature review,0,mm,mean,,both,adult,,,,,,,,,,,
HumanObservation,Philonthus quisquiliarius quisquiliarius,FoodAni,Literature review and expert consultation based on species descriptions and ecological research.,1,mm,mean,,both,adult,,,,,,,,,,,
PreservedSpecimen,Philonthus quisquiliarius quisquiliarius,FoodFg,Functional trait determination based on expert knowledge and literature review of species characteristics,0,mm,mean,,both,adult,,,,,,,,,,,
PreservedSpecimen,Philonthus quisquiliarius quisquiliarius,FoodDet,Functional trait assignment based on literature review and expert identification of collected specimens,0,mm,mean,,both,adult,,,,,,,,,,,
PreservedSpecimen,Philonthus quisquiliarius quisquiliarius,FoodCopro,Functional trait determination based on expert knowledge and literature review,0,mm,mean,,both,adult,,,,,,,,,,,
HumanObservation,Philonthus quisquiliarius quisquiliarius,ActDay,,0,mm,mean,,both,adult,,,,,,,,,,,
PreservedSpecimen,Philonthus quisquiliarius quisquiliarius,ActNig,,1,mm,mean,,both,adult,,,,,,,,,,,
HumanObservation,Philonthus quisquiliarius quisquiliarius,ActTwi,,0,mm,mean,,both,adult,,,,,,,,,,,
HumanObservation,Philonthus quisquiliarius quisquiliarius,Dispersal,Functional trait assignment based on literature review and expert taxonomic knowledge,Hdsip,mm,mean,,both,adult,,,,,,,,,,,
PreservedSpecimen,Philonthus quisquiliarius quisquiliarius,Iridescence,"Visual inspection of collected adult beetle specimens, potentially aided by expert taxonomic identification.",1,mm,mean,,both,adult,,,,,,,,,,,
PreservedSpecimen,Philonthus quisquiliarius quisquiliarius,Color,"Visual inspection of preserved specimens, supplemented by expert taxonomic identification and literature review.",Blackish,mm,mean,,both,adult,,,,,,,,,,,
PreservedSpecimen,Oligota pumilio,Class,,Insecta,mm,mean,,both,adult,,,,,,,,,,,
PreservedSpecimen,Oligota pumilio,order,,Coleoptera,mm,mean,,both,adult,,,,,,,,,,,
HumanObservation,Oligota pumilio,family,,Staphylinidae,mm,mean,,both,adult,,,,,,,,,,,
PreservedSpecimen,Oligota pumilio,bodysize,,1.04,mm,mean,,both,adult,,,,,,,,,,,
HumanObservation,Oligota pumilio,FoodPI,Functional trait assignment based on taxonomic identification and literature review,0,mm,mean,,both,adult,,,,,,,,,,,
HumanObservation,Oligota pumilio,FoodAni,Literature review and expert consultation based on species descriptions and ecological research.,1,mm,mean,,both,adult,,,,,,,,,,,
PreservedSpecimen,Oligota pumilio,FoodFg,Functional trait determination based on expert knowledge and literature review of species characteristics,0,mm,mean,,both,adult,,,,,,,,,,,
PreservedSpecimen,Oligota pumilio,FoodDet,Functional trait assignment based on literature review and expert identification of collected specimens,0,mm,mean,,both,adult,,,,,,,,,,,
PreservedSpecimen,Oligota pumilio,FoodCopro,Functional trait determination based on expert knowledge and literature review,0,mm,mean,,both,adult,,,,,,,,,,,
HumanObservation,Oligota pumilio,ActDay,,0,mm,mean,,both,adult,,,,,,,,,,,
PreservedSpecimen,Oligota pumilio,ActNig,,1,mm,mean,,both,adult,,,,,,,,,,,
HumanObservation,Oligota pumilio,ActTwi,,0,mm,mean,,both,adult,,,,,,,,,,,
HumanObservation,Oligota pumilio,Dispersal,Functional trait assignment based on literature review and expert taxonomic knowledge,Hdsip,mm,mean,,both,adult,,,,,,,,,,,
PreservedSpecimen,Oligota pumilio,Iridescence,"Visual inspection of collected adult beetle specimens, potentially aided by expert taxonomic identification.",0,mm,mean,,both,adult,,,,,,,,,,,
PreservedSpecimen,Oligota pumilio,Color,"Visual inspection of preserved specimens, supplemented by expert taxonomic identification and literature review.",Blackish,mm,mean,,both,adult,,,,,,,,,,,
PreservedSpecimen,Astenus lyonessius,Class,,Insecta,mm,mean,,both,adult,,,,,,,,,,,
PreservedSpecimen,Astenus lyonessius,order,,Coleoptera,mm,mean,,both,adult,,,,,,,,,,,
HumanObservation,Astenus lyonessius,family,,Staphylinidae,mm,mean,,both,adult,,,,,,,,,,,
PreservedSpecimen,Astenus lyonessius,bodysize,,2.68,mm,mean,,both,adult,,,,,,,,,,,
HumanObservation,Astenus lyonessius,FoodPI,Functional trait assignment based on taxonomic identification and literature review,0,mm,mean,,both,adult,,,,,,,,,,,
HumanObservation,Astenus lyonessius,FoodAni,Literature review and expert consultation based on species descriptions and ecological research.,1,mm,mean,,both,adult,,,,,,,,,,,
PreservedSpecimen,Astenus lyonessius,FoodFg,Functional trait determination based on expert knowledge and literature review of species characteristics,0,mm,mean,,both,adult,,,,,,,,,,,
PreservedSpecimen,Astenus lyonessius,FoodDet,Functional trait assignment based on literature review and expert identification of collected specimens,0,mm,mean,,both,adult,,,,,,,,,,,
PreservedSpecimen,Astenus lyonessius,FoodCopro,Functional trait determination based on expert knowledge and literature review,0,mm,mean,,both,adult,,,,,,,,,,,
HumanObservation,Astenus lyonessius,ActDay,,0,mm,mean,,both,adult,,,,,,,,,,,
PreservedSpecimen,Astenus lyonessius,ActNig,,1,mm,mean,,both,adult,,,,,,,,,,,
HumanObservation,Astenus lyonessius,ActTwi,,0,mm,mean,,both,adult,,,,,,,,,,,
HumanObservation,Astenus lyonessius,Dispersal,Functional trait assignment based on literature review and expert taxonomic knowledge,Hdsip,mm,mean,,both,adult,,,,,,,,,,,
PreservedSpecimen,Astenus lyonessius,Iridescence,"Visual inspection of collected adult beetle specimens, potentially aided by expert taxonomic identification.",0,mm,mean,,both,adult,,,,,,,,,,,
PreservedSpecimen,Astenus lyonessius,Color,"Visual inspection of preserved specimens, supplemented by expert taxonomic identification and literature review.",ReddishBrown,mm,mean,,both,adult,,,,,,,,,,,
PreservedSpecimen,Ophonus ardosiacus,Class,,Insecta,mm,mean,,both,adult,,,,,,,,,,,
PreservedSpecimen,Ophonus ardosiacus,order,,Coleoptera,mm,mean,,both,adult,,,,,,,,,,,
HumanObservation,Ophonus ardosiacus,family,,Carabidae,mm,mean,,both,adult,,,,,,,,,,,
PreservedSpecimen,Ophonus ardosiacus,bodysize,,8.7,mm,mean,,both,adult,,,,,,,,,,,
HumanObservation,Ophonus ardosiacus,FoodPI,Functional trait assignment based on taxonomic identification and literature review,1,mm,mean,,both,adult,,,,,,,,,,,
HumanObservation,Ophonus ardosiacus,FoodAni,Literature review and expert consultation based on species descriptions and ecological research.,0,mm,mean,,both,adult,,,,,,,,,,,
PreservedSpecimen,Ophonus ardosiacus,FoodFg,Functional trait determination based on expert knowledge and literature review of species characteristics,0,mm,mean,,both,adult,,,,,,,,,,,
PreservedSpecimen,Ophonus ardosiacus,FoodDet,Functional trait assignment based on literature review and expert identification of collected specimens,0,mm,mean,,both,adult,,,,,,,,,,,
PreservedSpecimen,Ophonus ardosiacus,FoodCopro,Functional trait determination based on expert knowledge and literature review,0,mm,mean,,both,adult,,,,,,,,,,,
HumanObservation,Ophonus ardosiacus,ActDay,,0,mm,mean,,both,adult,,,,,,,,,,,
PreservedSpecimen,Ophonus ardosiacus,ActNig,,1,mm,mean,,both,adult,,,,,,,,,,,
HumanObservation,Ophonus ardosiacus,ActTwi,,0,mm,mean,,both,adult,,,,,,,,,,,
HumanObservation,Ophonus ardosiacus,Dispersal,Functional trait assignment based on literature review and expert taxonomic knowledge,NA,mm,mean,,both,adult,,,,,,,,,,,
PreservedSpecimen,Ophonus ardosiacus,Iridescence,"Visual inspection of collected adult beetle specimens, potentially aided by expert taxonomic identification.",1,mm,mean,,both,adult,,,,,,,,,,,
PreservedSpecimen,Ophonus ardosiacus,Color,"Visual inspection of preserved specimens, supplemented by expert taxonomic identification and literature review.",Blackish,mm,mean,,both,adult,,,,,,,,,,,
PreservedSpecimen,Aspidapion radiolus,Class,,Insecta,mm,mean,,both,adult,,,,,,,,,,,
PreservedSpecimen,Aspidapion radiolus,order,,Coleoptera,mm,mean,,both,adult,,,,,,,,,,,
HumanObservation,Aspidapion radiolus,family,,Apionidae,mm,mean,,both,adult,,,,,,,,,,,
PreservedSpecimen,Aspidapion radiolus,bodysize,,1.9,mm,mean,,both,adult,,,,,,,,,,,
HumanObservation,Aspidapion radiolus,FoodPI,Functional trait assignment based on taxonomic identification and literature review,1,mm,mean,,both,adult,,,,,,,,,,,
HumanObservation,Aspidapion radiolus,FoodAni,Literature review and expert consultation based on species descriptions and ecological research.,0,mm,mean,,both,adult,,,,,,,,,,,
PreservedSpecimen,Aspidapion radiolus,FoodFg,Functional trait determination based on expert knowledge and literature review of species characteristics,0,mm,mean,,both,adult,,,,,,,,,,,
PreservedSpecimen,Aspidapion radiolus,FoodDet,Functional trait assignment based on literature review and expert identification of collected specimens,0,mm,mean,,both,adult,,,,,,,,,,,
PreservedSpecimen,Aspidapion radiolus,FoodCopro,Functional trait determination based on expert knowledge and literature review,0,mm,mean,,both,adult,,,,,,,,,,,
HumanObservation,Aspidapion radiolus,ActDay,,1,mm,mean,,both,adult,,,,,,,,,,,
PreservedSpecimen,Aspidapion radiolus,ActNig,,0,mm,mean,,both,adult,,,,,,,,,,,
HumanObservation,Aspidapion radiolus,ActTwi,,0,mm,mean,,both,adult,,,,,,,,,,,
HumanObservation,Aspidapion radiolus,Dispersal,Functional trait assignment based on literature review and expert taxonomic knowledge,NA,mm,mean,,both,adult,,,,,,,,,,,
PreservedSpecimen,Aspidapion radiolus,Iridescence,"Visual inspection of collected adult beetle specimens, potentially aided by expert taxonomic identification.",1,mm,mean,,both,adult,,,,,,,,,,,
PreservedSpecimen,Aspidapion radiolus,Color,"Visual inspection of preserved specimens, supplemented by expert taxonomic identification and literature review.",Black,mm,mean,,both,adult,,,,,,,,,,,
PreservedSpecimen,Coproporus pulchellus,Class,,Insecta,mm,mean,,both,adult,,,,,,,,,,,
PreservedSpecimen,Coproporus pulchellus,order,,Coleoptera,mm,mean,,both,adult,,,,,,,,,,,
HumanObservation,Coproporus pulchellus,family,,Staphylinidae,mm,mean,,both,adult,,,,,,,,,,,
PreservedSpecimen,Coproporus pulchellus,bodysize,,1.69,mm,mean,,both,adult,,,,,,,,,,,
HumanObservation,Coproporus pulchellus,FoodPI,Functional trait assignment based on taxonomic identification and literature review,0,mm,mean,,both,adult,,,,,,,,,,,
HumanObservation,Coproporus pulchellus,FoodAni,Literature review and expert consultation based on species descriptions and ecological research.,1,mm,mean,,both,adult,,,,,,,,,,,
PreservedSpecimen,Coproporus pulchellus,FoodFg,Functional trait determination based on expert knowledge and literature review of species characteristics,0,mm,mean,,both,adult,,,,,,,,,,,
PreservedSpecimen,Coproporus pulchellus,FoodDet,Functional trait assignment based on literature review and expert identification of collected specimens,0,mm,mean,,both,adult,,,,,,,,,,,
PreservedSpecimen,Coproporus pulchellus,FoodCopro,Functional trait determination based on expert knowledge and literature review,0,mm,mean,,both,adult,,,,,,,,,,,
HumanObservation,Coproporus pulchellus,ActDay,,0,mm,mean,,both,adult,,,,,,,,,,,
PreservedSpecimen,Coproporus pulchellus,ActNig,,1,mm,mean,,both,adult,,,,,,,,,,,
HumanObservation,Coproporus pulchellus,ActTwi,,0,mm,mean,,both,adult,,,,,,,,,,,
HumanObservation,Coproporus pulchellus,Dispersal,Functional trait assignment based on literature review and expert taxonomic knowledge,Hdsip,mm,mean,,both,adult,,,,,,,,,,,
PreservedSpecimen,Coproporus pulchellus,Iridescence,"Visual inspection of collected adult beetle specimens, potentially aided by expert taxonomic identification.",0,mm,mean,,both,adult,,,,,,,,,,,
PreservedSpecimen,Coproporus pulchellus,Color,"Visual inspection of preserved specimens, supplemented by expert taxonomic identification and literature review.",ReddishBrown,mm,mean,,both,adult,,,,,,,,,,,
PreservedSpecimen,Atheta pasadenae,Class,,Insecta,mm,mean,,both,adult,,,,,,,,,,,
PreservedSpecimen,Atheta pasadenae,order,,Coleoptera,mm,mean,,both,adult,,,,,,,,,,,
HumanObservation,Atheta pasadenae,family,,Staphylinidae,mm,mean,,both,adult,,,,,,,,,,,
PreservedSpecimen,Atheta pasadenae,bodysize,,NA,mm,mean,,both,adult,,,,,,,,,,,
HumanObservation,Atheta pasadenae,FoodPI,Functional trait assignment based on taxonomic identification and literature review,0,mm,mean,,both,adult,,,,,,,,,,,
HumanObservation,Atheta pasadenae,FoodAni,Literature review and expert consultation based on species descriptions and ecological research.,1,mm,mean,,both,adult,,,,,,,,,,,
PreservedSpecimen,Atheta pasadenae,FoodFg,Functional trait determination based on expert knowledge and literature review of species characteristics,0,mm,mean,,both,adult,,,,,,,,,,,
PreservedSpecimen,Atheta pasadenae,FoodDet,Functional trait assignment based on literature review and expert identification of collected specimens,0,mm,mean,,both,adult,,,,,,,,,,,
PreservedSpecimen,Atheta pasadenae,FoodCopro,Functional trait determination based on expert knowledge and literature review,0,mm,mean,,both,adult,,,,,,,,,,,
HumanObservation,Atheta pasadenae,ActDay,,0,mm,mean,,both,adult,,,,,,,,,,,
PreservedSpecimen,Atheta pasadenae,ActNig,,1,mm,mean,,both,adult,,,,,,,,,,,
HumanObservation,Atheta pasadenae,ActTwi,,0,mm,mean,,both,adult,,,,,,,,,,,
HumanObservation,Atheta pasadenae,Dispersal,Functional trait assignment based on literature review and expert taxonomic knowledge,Hdsip,mm,mean,,both,adult,,,,,,,,,,,
PreservedSpecimen,Atheta pasadenae,Iridescence,"Visual inspection of collected adult beetle specimens, potentially aided by expert taxonomic identification.",0,mm,mean,,both,adult,,,,,,,,,,,
PreservedSpecimen,Atheta pasadenae,Color,"Visual inspection of preserved specimens, supplemented by expert taxonomic identification and literature review.",ReddishBrown,mm,mean,,both,adult,,,,,,,,,,,
PreservedSpecimen,Stenomastax madeirae,Class,,Insecta,mm,mean,,both,adult,,,,,,,,,,,
PreservedSpecimen,Stenomastax madeirae,order,,Coleoptera,mm,mean,,both,adult,,,,,,,,,,,
HumanObservation,Stenomastax madeirae,family,,Staphylinidae,mm,mean,,both,adult,,,,,,,,,,,
PreservedSpecimen,Stenomastax madeirae,bodysize,,2.25,mm,mean,,both,adult,,,,,,,,,,,
HumanObservation,Stenomastax madeirae,FoodPI,Functional trait assignment based on taxonomic identification and literature review,0,mm,mean,,both,adult,,,,,,,,,,,
HumanObservation,Stenomastax madeirae,FoodAni,Literature review and expert consultation based on species descriptions and ecological research.,1,mm,mean,,both,adult,,,,,,,,,,,
PreservedSpecimen,Stenomastax madeirae,FoodFg,Functional trait determination based on expert knowledge and literature review of species characteristics,0,mm,mean,,both,adult,,,,,,,,,,,
PreservedSpecimen,Stenomastax madeirae,FoodDet,Functional trait assignment based on literature review and expert identification of collected specimens,0,mm,mean,,both,adult,,,,,,,,,,,
PreservedSpecimen,Stenomastax madeirae,FoodCopro,Functional trait determination based on expert knowledge and literature review,0,mm,mean,,both,adult,,,,,,,,,,,
HumanObservation,Stenomastax madeirae,ActDay,,0,mm,mean,,both,adult,,,,,,,,,,,
PreservedSpecimen,Stenomastax madeirae,ActNig,,1,mm,mean,,both,adult,,,,,,,,,,,
HumanObservation,Stenomastax madeirae,ActTwi,,0,mm,mean,,both,adult,,,,,,,,,,,
HumanObservation,Stenomastax madeirae,Dispersal,Functional trait assignment based on literature review and expert taxonomic knowledge,Hdsip,mm,mean,,both,adult,,,,,,,,,,,
PreservedSpecimen,Stenomastax madeirae,Iridescence,"Visual inspection of collected adult beetle specimens, potentially aided by expert taxonomic identification.",0,mm,mean,,both,adult,,,,,,,,,,,
PreservedSpecimen,Stenomastax madeirae,Color,"Visual inspection of preserved specimens, supplemented by expert taxonomic identification and literature review.",Blackish,mm,mean,,both,adult,,,,,,,,,,,
PreservedSpecimen,Epitrix hirtipennis,Class,,Insecta,mm,mean,,both,adult,,,,,,,,,,,
PreservedSpecimen,Epitrix hirtipennis,order,,Coleoptera,mm,mean,,both,adult,,,,,,,,,,,
HumanObservation,Epitrix hirtipennis,family,,Chrysomelidae,mm,mean,,both,adult,,,,,,,,,,,
PreservedSpecimen,Epitrix hirtipennis,bodysize,,1.46,mm,mean,,both,adult,,,,,,,,,,,
HumanObservation,Epitrix hirtipennis,FoodPI,Functional trait assignment based on taxonomic identification and literature review,1,mm,mean,,both,adult,,,,,,,,,,,
HumanObservation,Epitrix hirtipennis,FoodAni,Literature review and expert consultation based on species descriptions and ecological research.,0,mm,mean,,both,adult,,,,,,,,,,,
PreservedSpecimen,Epitrix hirtipennis,FoodFg,Functional trait determination based on expert knowledge and literature review of species characteristics,0,mm,mean,,both,adult,,,,,,,,,,,
PreservedSpecimen,Epitrix hirtipennis,FoodDet,Functional trait assignment based on literature review and expert identification of collected specimens,0,mm,mean,,both,adult,,,,,,,,,,,
PreservedSpecimen,Epitrix hirtipennis,FoodCopro,Functional trait determination based on expert knowledge and literature review,0,mm,mean,,both,adult,,,,,,,,,,,
HumanObservation,Epitrix hirtipennis,ActDay,,1,mm,mean,,both,adult,,,,,,,,,,,
PreservedSpecimen,Epitrix hirtipennis,ActNig,,0,mm,mean,,both,adult,,,,,,,,,,,
HumanObservation,Epitrix hirtipennis,ActTwi,,0,mm,mean,,both,adult,,,,,,,,,,,
HumanObservation,Epitrix hirtipennis,Dispersal,Functional trait assignment based on literature review and expert taxonomic knowledge,Hdsip,mm,mean,,both,adult,,,,,,,,,,,
PreservedSpecimen,Epitrix hirtipennis,Iridescence,"Visual inspection of collected adult beetle specimens, potentially aided by expert taxonomic identification.",0,mm,mean,,both,adult,,,,,,,,,,,
PreservedSpecimen,Epitrix hirtipennis,Color,"Visual inspection of preserved specimens, supplemented by expert taxonomic identification and literature review.",ReddishBrown,mm,mean,,both,adult,,,,,,,,,,,
PreservedSpecimen,Aloconota sulcifrons,Class,,Insecta,mm,mean,,both,adult,,,,,,,,,,,
PreservedSpecimen,Aloconota sulcifrons,order,,Coleoptera,mm,mean,,both,adult,,,,,,,,,,,
HumanObservation,Aloconota sulcifrons,family,,Staphylinidae,mm,mean,,both,adult,,,,,,,,,,,
PreservedSpecimen,Aloconota sulcifrons,bodysize,,3.02,mm,mean,,both,adult,,,,,,,,,,,
HumanObservation,Aloconota sulcifrons,FoodPI,Functional trait assignment based on taxonomic identification and literature review,0,mm,mean,,both,adult,,,,,,,,,,,
HumanObservation,Aloconota sulcifrons,FoodAni,Literature review and expert consultation based on species descriptions and ecological research.,1,mm,mean,,both,adult,,,,,,,,,,,
PreservedSpecimen,Aloconota sulcifrons,FoodFg,Functional trait determination based on expert knowledge and literature review of species characteristics,0,mm,mean,,both,adult,,,,,,,,,,,
PreservedSpecimen,Aloconota sulcifrons,FoodDet,Functional trait assignment based on literature review and expert identification of collected specimens,0,mm,mean,,both,adult,,,,,,,,,,,
PreservedSpecimen,Aloconota sulcifrons,FoodCopro,Functional trait determination based on expert knowledge and literature review,0,mm,mean,,both,adult,,,,,,,,,,,
HumanObservation,Aloconota sulcifrons,ActDay,,0,mm,mean,,both,adult,,,,,,,,,,,
PreservedSpecimen,Aloconota sulcifrons,ActNig,,1,mm,mean,,both,adult,,,,,,,,,,,
HumanObservation,Aloconota sulcifrons,ActTwi,,0,mm,mean,,both,adult,,,,,,,,,,,
HumanObservation,Aloconota sulcifrons,Dispersal,Functional trait assignment based on literature review and expert taxonomic knowledge,Hdsip,mm,mean,,both,adult,,,,,,,,,,,
PreservedSpecimen,Aloconota sulcifrons,Iridescence,"Visual inspection of collected adult beetle specimens, potentially aided by expert taxonomic identification.",0,mm,mean,,both,adult,,,,,,,,,,,
PreservedSpecimen,Aloconota sulcifrons,Color,"Visual inspection of preserved specimens, supplemented by expert taxonomic identification and literature review.",Blackish,mm,mean,,both,adult,,,,,,,,,,,
PreservedSpecimen,Ocypus olens,Class,,Insecta,mm,mean,,both,adult,,,,,,,,,,,
PreservedSpecimen,Ocypus olens,order,,Coleoptera,mm,mean,,both,adult,,,,,,,,,,,
HumanObservation,Ocypus olens,family,,Staphylinidae,mm,mean,,both,adult,,,,,,,,,,,
PreservedSpecimen,Ocypus olens,bodysize,,18.63,mm,mean,,both,adult,,,,,,,,,,,
HumanObservation,Ocypus olens,FoodPI,Functional trait assignment based on taxonomic identification and literature review,0,mm,mean,,both,adult,,,,,,,,,,,
HumanObservation,Ocypus olens,FoodAni,Literature review and expert consultation based on species descriptions and ecological research.,1,mm,mean,,both,adult,,,,,,,,,,,
PreservedSpecimen,Ocypus olens,FoodFg,Functional trait determination based on expert knowledge and literature review of species characteristics,0,mm,mean,,both,adult,,,,,,,,,,,
PreservedSpecimen,Ocypus olens,FoodDet,Functional trait assignment based on literature review and expert identification of collected specimens,0,mm,mean,,both,adult,,,,,,,,,,,
PreservedSpecimen,Ocypus olens,FoodCopro,Functional trait determination based on expert knowledge and literature review,0,mm,mean,,both,adult,,,,,,,,,,,
HumanObservation,Ocypus olens,ActDay,,0,mm,mean,,both,adult,,,,,,,,,,,
PreservedSpecimen,Ocypus olens,ActNig,,1,mm,mean,,both,adult,,,,,,,,,,,
HumanObservation,Ocypus olens,ActTwi,,0,mm,mean,,both,adult,,,,,,,,,,,
HumanObservation,Ocypus olens,Dispersal,Functional trait assignment based on literature review and expert taxonomic knowledge,Hdsip,mm,mean,,both,adult,,,,,,,,,,,
PreservedSpecimen,Ocypus olens,Iridescence,"Visual inspection of collected adult beetle specimens, potentially aided by expert taxonomic identification.",0,mm,mean,,both,adult,,,,,,,,,,,
PreservedSpecimen,Ocypus olens,Color,"Visual inspection of preserved specimens, supplemented by expert taxonomic identification and literature review.",Black,mm,mean,,both,adult,,,,,,,,,,,
PreservedSpecimen,Anotylus nitidulus,Class,,Insecta,mm,mean,,both,adult,,,,,,,,,,,
PreservedSpecimen,Anotylus nitidulus,order,,Coleoptera,mm,mean,,both,adult,,,,,,,,,,,
HumanObservation,Anotylus nitidulus,family,,Staphylinidae,mm,mean,,both,adult,,,,,,,,,,,
PreservedSpecimen,Anotylus nitidulus,bodysize,,1.79,mm,mean,,both,adult,,,,,,,,,,,
HumanObservation,Anotylus nitidulus,FoodPI,Functional trait assignment based on taxonomic identification and literature review,0,mm,mean,,both,adult,,,,,,,,,,,
HumanObservation,Anotylus nitidulus,FoodAni,Literature review and expert consultation based on species descriptions and ecological research.,1,mm,mean,,both,adult,,,,,,,,,,,
PreservedSpecimen,Anotylus nitidulus,FoodFg,Functional trait determination based on expert knowledge and literature review of species characteristics,0,mm,mean,,both,adult,,,,,,,,,,,
PreservedSpecimen,Anotylus nitidulus,FoodDet,Functional trait assignment based on literature review and expert identification of collected specimens,0,mm,mean,,both,adult,,,,,,,,,,,
PreservedSpecimen,Anotylus nitidulus,FoodCopro,Functional trait determination based on expert knowledge and literature review,0,mm,mean,,both,adult,,,,,,,,,,,
HumanObservation,Anotylus nitidulus,ActDay,,0,mm,mean,,both,adult,,,,,,,,,,,
PreservedSpecimen,Anotylus nitidulus,ActNig,,1,mm,mean,,both,adult,,,,,,,,,,,
HumanObservation,Anotylus nitidulus,ActTwi,,0,mm,mean,,both,adult,,,,,,,,,,,
HumanObservation,Anotylus nitidulus,Dispersal,Functional trait assignment based on literature review and expert taxonomic knowledge,Hdsip,mm,mean,,both,adult,,,,,,,,,,,
PreservedSpecimen,Anotylus nitidulus,Iridescence,"Visual inspection of collected adult beetle specimens, potentially aided by expert taxonomic identification.",0,mm,mean,,both,adult,,,,,,,,,,,
PreservedSpecimen,Anotylus nitidulus,Color,"Visual inspection of preserved specimens, supplemented by expert taxonomic identification and literature review.",Blackish,mm,mean,,both,adult,,,,,,,,,,,
PreservedSpecimen,Tachyporus nitidulus,Class,,Insecta,mm,mean,,both,adult,,,,,,,,,,,
PreservedSpecimen,Tachyporus nitidulus,order,,Coleoptera,mm,mean,,both,adult,,,,,,,,,,,
HumanObservation,Tachyporus nitidulus,family,,Staphylinidae,mm,mean,,both,adult,,,,,,,,,,,
PreservedSpecimen,Tachyporus nitidulus,bodysize,,2.73,mm,mean,,both,adult,,,,,,,,,,,
HumanObservation,Tachyporus nitidulus,FoodPI,Functional trait assignment based on taxonomic identification and literature review,0,mm,mean,,both,adult,,,,,,,,,,,
HumanObservation,Tachyporus nitidulus,FoodAni,Literature review and expert consultation based on species descriptions and ecological research.,1,mm,mean,,both,adult,,,,,,,,,,,
PreservedSpecimen,Tachyporus nitidulus,FoodFg,Functional trait determination based on expert knowledge and literature review of species characteristics,0,mm,mean,,both,adult,,,,,,,,,,,
PreservedSpecimen,Tachyporus nitidulus,FoodDet,Functional trait assignment based on literature review and expert identification of collected specimens,0,mm,mean,,both,adult,,,,,,,,,,,
PreservedSpecimen,Tachyporus nitidulus,FoodCopro,Functional trait determination based on expert knowledge and literature review,0,mm,mean,,both,adult,,,,,,,,,,,
HumanObservation,Tachyporus nitidulus,ActDay,,0,mm,mean,,both,adult,,,,,,,,,,,
PreservedSpecimen,Tachyporus nitidulus,ActNig,,1,mm,mean,,both,adult,,,,,,,,,,,
HumanObservation,Tachyporus nitidulus,ActTwi,,0,mm,mean,,both,adult,,,,,,,,,,,
HumanObservation,Tachyporus nitidulus,Dispersal,Functional trait assignment based on literature review and expert taxonomic knowledge,Hdsip,mm,mean,,both,adult,,,,,,,,,,,
PreservedSpecimen,Tachyporus nitidulus,Iridescence,"Visual inspection of collected adult beetle specimens, potentially aided by expert taxonomic identification.",0,mm,mean,,both,adult,,,,,,,,,,,
PreservedSpecimen,Tachyporus nitidulus,Color,"Visual inspection of preserved specimens, supplemented by expert taxonomic identification and literature review.",Black,mm,mean,,both,adult,,,,,,,,,,,
