basisOfRecord,verbatimIdentification,measurementType,measurementMethod,measurementValue ,measurementUnit,measurementStatistic,measurementRemarks,sex,lifeStage,caste,sampleSizeValue,sampleSizeUnit,sampleTreatment,samplingProtocol,verbatimLocality ,verbatimCoordinates,verbatimEventDate,associatedOccurrences,associatedReferences ,externalLink
PreservedSpecimen,Abia fasciata,Family,Expert identification of collected specimens,Cimbicidae,mm,mode,,both,adult,,,,,,,,,,,
PreservedSpecimen,Abia fasciata,Proboscis,,0.8,mm,single observation,,both,adult,,,,,,,,,,,
PreservedSpecimen,Abia fasciata,Body,Total body length,12,mm,range,,both,adult,,,,,,,,,,,
HumanObservation,Abia fasciata,Foraging,,Non-central-place forager,mm,mode,,both,adult,,,,,,,,,,,
PreservedSpecimen,Amegilla quadrifasciata,Family,Expert identification of collected specimens,Apidae,mm,mode,,both,adult,,,,,,,,,,,
PreservedSpecimen,Amegilla quadrifasciata,Proboscis,,8.2,mm,single observation,,both,adult,,,,,,,,,,,
PreservedSpecimen,Amegilla quadrifasciata,Body,Total body length,13,mm,range,,both,adult,,,,,,,,,,,
HumanObservation,Amegilla quadrifasciata,Foraging,,Central-place forager,mm,mode,,both,adult,,,,,,,,,,,
PreservedSpecimen,Andrena aeneiventris,Family,Expert identification of collected specimens,Andrenidae,mm,mode,,both,adult,,,,,,,,,,,
PreservedSpecimen,Andrena aeneiventris,Proboscis,,1.1,mm,single observation,,both,adult,,,,,,,,,,,
PreservedSpecimen,Andrena aeneiventris,Body,Total body length,7,mm,range,,both,adult,,,,,,,,,,,
HumanObservation,Andrena aeneiventris,Foraging,,Central-place forager,mm,mode,,both,adult,,,,,,,,,,,
PreservedSpecimen,Andrena alfkenella,Family,Expert identification of collected specimens,Andrenidae,mm,mode,,both,adult,,,,,,,,,,,
PreservedSpecimen,Andrena alfkenella,Proboscis,,0.95,mm,single observation,,both,adult,,,,,,,,,,,
PreservedSpecimen,Andrena alfkenella,Body,Total body length,5.75,mm,range,,both,adult,,,,,,,,,,,
HumanObservation,Andrena alfkenella,Foraging,,Central-place forager,mm,mode,,both,adult,,,,,,,,,,,
PreservedSpecimen,Andrena cineraria,Family,Expert identification of collected specimens,Andrenidae,mm,mode,,both,adult,,,,,,,,,,,
PreservedSpecimen,Andrena cineraria,Proboscis,,2,mm,single observation,,both,adult,,,,,,,,,,,
PreservedSpecimen,Andrena cineraria,Body,Total body length,12,mm,range,,both,adult,,,,,,,,,,,
HumanObservation,Andrena cineraria,Foraging,,Central-place forager,mm,mode,,both,adult,,,,,,,,,,,
PreservedSpecimen,Andrena haemorrhoa,Family,Expert identification of collected specimens,Andrenidae,mm,mode,,both,adult,,,,,,,,,,,
PreservedSpecimen,Andrena haemorrhoa,Proboscis,,1.6,mm,single observation,,both,adult,,,,,,,,,,,
PreservedSpecimen,Andrena haemorrhoa,Body,Total body length,9,mm,range,,both,adult,,,,,,,,,,,
HumanObservation,Andrena haemorrhoa,Foraging,,Central-place forager,mm,mode,,both,adult,,,,,,,,,,,
PreservedSpecimen,Andrena hattorfiana,Family,Expert identification of collected specimens,Andrenidae,mm,mode,,both,adult,,,,,,,,,,,
PreservedSpecimen,Andrena hattorfiana,Proboscis,,3.5,mm,single observation,,both,adult,,,,,,,,,,,
PreservedSpecimen,Andrena hattorfiana,Body,Total body length,14,mm,range,,both,adult,,,,,,,,,,,
HumanObservation,Andrena hattorfiana,Foraging,,Central-place forager,mm,mode,,both,adult,,,,,,,,,,,
PreservedSpecimen,Andrena intermedia,Family,Expert identification of collected specimens,Andrenidae,mm,mode,,both,adult,,,,,,,,,,,
PreservedSpecimen,Andrena intermedia,Proboscis,,2.3,mm,single observation,,both,adult,,,,,,,,,,,
PreservedSpecimen,Andrena intermedia,Body,Total body length,11,mm,range,,both,adult,,,,,,,,,,,
HumanObservation,Andrena intermedia,Foraging,,Central-place forager,mm,mode,,both,adult,,,,,,,,,,,
PreservedSpecimen,Andrena labialis,Family,Expert identification of collected specimens,Andrenidae,mm,mode,,both,adult,,,,,,,,,,,
PreservedSpecimen,Andrena labialis,Proboscis,,2,mm,single observation,,both,adult,,,,,,,,,,,
PreservedSpecimen,Andrena labialis,Body,Total body length,11.5,mm,range,,both,adult,,,,,,,,,,,
HumanObservation,Andrena labialis,Foraging,,Central-place forager,mm,mode,,both,adult,,,,,,,,,,,
PreservedSpecimen,Andrena lathyri,Family,Expert identification of collected specimens,Andrenidae,mm,mode,,both,adult,,,,,,,,,,,
PreservedSpecimen,Andrena lathyri,Proboscis,,2.7,mm,single observation,,both,adult,,,,,,,,,,,
PreservedSpecimen,Andrena lathyri,Body,Total body length,10,mm,range,,both,adult,,,,,,,,,,,
HumanObservation,Andrena lathyri,Foraging,,Central-place forager,mm,mode,,both,adult,,,,,,,,,,,
PreservedSpecimen,Andrena limata,Family,Expert identification of collected specimens,Andrenidae,mm,mode,,both,adult,,,,,,,,,,,
PreservedSpecimen,Andrena limata,Proboscis,,1.85,mm,single observation,,both,adult,,,,,,,,,,,
PreservedSpecimen,Andrena limata,Body,Total body length,11,mm,range,,both,adult,,,,,,,,,,,
HumanObservation,Andrena limata,Foraging,,Central-place forager,mm,mode,,both,adult,,,,,,,,,,,
PreservedSpecimen,Andrena pandellei,Family,Expert identification of collected specimens,Andrenidae,mm,mode,,both,adult,,,,,,,,,,,
PreservedSpecimen,Andrena pandellei,Proboscis,,1.95,mm,single observation,,both,adult,,,,,,,,,,,
PreservedSpecimen,Andrena pandellei,Body,Total body length,9.5,mm,range,,both,adult,,,,,,,,,,,
HumanObservation,Andrena pandellei,Foraging,,Central-place forager,mm,mode,,both,adult,,,,,,,,,,,
PreservedSpecimen,Andrena schencki,Family,Expert identification of collected specimens,Andrenidae,mm,mode,,both,adult,,,,,,,,,,,
PreservedSpecimen,Andrena schencki,Proboscis,,2.8,mm,single observation,,both,adult,,,,,,,,,,,
PreservedSpecimen,Andrena schencki,Body,Total body length,12,mm,range,,both,adult,,,,,,,,,,,
HumanObservation,Andrena schencki,Foraging,,Central-place forager,mm,mode,,both,adult,,,,,,,,,,,
PreservedSpecimen,Andrena sp. 1,Family,Expert identification of collected specimens,Andrenidae,mm,mode,,both,adult,,,,,,,,,,,
PreservedSpecimen,Andrena sp. 1,Proboscis,,1.6,mm,single observation,,both,adult,,,,,,,,,,,
PreservedSpecimen,Andrena sp. 1,Body,Total body length,9,mm,range,,both,adult,,,,,,,,,,,
HumanObservation,Andrena sp. 1,Foraging,,Central-place forager,mm,mode,,both,adult,,,,,,,,,,,
PreservedSpecimen,Andrena sp. 2,Family,Expert identification of collected specimens,Andrenidae,mm,mode,,both,adult,,,,,,,,,,,
PreservedSpecimen,Andrena sp. 2,Proboscis,,1.45,mm,single observation,,both,adult,,,,,,,,,,,
PreservedSpecimen,Andrena sp. 2,Body,Total body length,9,mm,range,,both,adult,,,,,,,,,,,
HumanObservation,Andrena sp. 2,Foraging,,Central-place forager,mm,mode,,both,adult,,,,,,,,,,,
PreservedSpecimen,Andrena sp. 3,Family,Expert identification of collected specimens,Andrenidae,mm,mode,,both,adult,,,,,,,,,,,
PreservedSpecimen,Andrena sp. 3,Proboscis,,1.5,mm,single observation,,both,adult,,,,,,,,,,,
PreservedSpecimen,Andrena sp. 3,Body,Total body length,8,mm,range,,both,adult,,,,,,,,,,,
HumanObservation,Andrena sp. 3,Foraging,,Central-place forager,mm,mode,,both,adult,,,,,,,,,,,
PreservedSpecimen,Andrena sp. 4,Family,Expert identification of collected specimens,Andrenidae,mm,mode,,both,adult,,,,,,,,,,,
PreservedSpecimen,Andrena sp. 4,Proboscis,,1.03,mm,single observation,,both,adult,,,,,,,,,,,
PreservedSpecimen,Andrena sp. 4,Body,Total body length,6.75,mm,range,,both,adult,,,,,,,,,,,
HumanObservation,Andrena sp. 4,Foraging,,Central-place forager,mm,mode,,both,adult,,,,,,,,,,,
PreservedSpecimen,Andrena sp. 5,Family,Expert identification of collected specimens,Andrenidae,mm,mode,,both,adult,,,,,,,,,,,
PreservedSpecimen,Andrena sp. 5,Proboscis,,1.15,mm,single observation,,both,adult,,,,,,,,,,,
PreservedSpecimen,Andrena sp. 5,Body,Total body length,10,mm,range,,both,adult,,,,,,,,,,,
HumanObservation,Andrena sp. 5,Foraging,,Central-place forager,mm,mode,,both,adult,,,,,,,,,,,
PreservedSpecimen,Andrena sp. 6,Family,Expert identification of collected specimens,Andrenidae,mm,mode,,both,adult,,,,,,,,,,,
PreservedSpecimen,Andrena sp. 6,Proboscis,,1.2,mm,single observation,,both,adult,,,,,,,,,,,
PreservedSpecimen,Andrena sp. 6,Body,Total body length,10,mm,range,,both,adult,,,,,,,,,,,
HumanObservation,Andrena sp. 6,Foraging,,Central-place forager,mm,mode,,both,adult,,,,,,,,,,,
PreservedSpecimen,Andrena sp. 7,Family,Expert identification of collected specimens,Andrenidae,mm,mode,,both,adult,,,,,,,,,,,
PreservedSpecimen,Andrena sp. 7,Proboscis,,1.25,mm,single observation,,both,adult,,,,,,,,,,,
PreservedSpecimen,Andrena sp. 7,Body,Total body length,8,mm,range,,both,adult,,,,,,,,,,,
HumanObservation,Andrena sp. 7,Foraging,,Central-place forager,mm,mode,,both,adult,,,,,,,,,,,
PreservedSpecimen,Andrena subopaca,Family,Expert identification of collected specimens,Andrenidae,mm,mode,,both,adult,,,,,,,,,,,
PreservedSpecimen,Andrena subopaca,Proboscis,,1,mm,single observation,,both,adult,,,,,,,,,,,
PreservedSpecimen,Andrena subopaca,Body,Total body length,5.5,mm,range,,both,adult,,,,,,,,,,,
HumanObservation,Andrena subopaca,Foraging,,Central-place forager,mm,mode,,both,adult,,,,,,,,,,,
PreservedSpecimen,Andrena wilkella,Family,Expert identification of collected specimens,Andrenidae,mm,mode,,both,adult,,,,,,,,,,,
PreservedSpecimen,Andrena wilkella,Proboscis,,1.95,mm,single observation,,both,adult,,,,,,,,,,,
PreservedSpecimen,Andrena wilkella,Body,Total body length,9.5,mm,range,,both,adult,,,,,,,,,,,
HumanObservation,Andrena wilkella,Foraging,,Central-place forager,mm,mode,,both,adult,,,,,,,,,,,
PreservedSpecimen,Anthidiellum strigatum,Family,Expert identification of collected specimens,Megachilidae,mm,mode,,both,adult,,,,,,,,,,,
PreservedSpecimen,Anthidiellum strigatum,Proboscis,,3.2,mm,single observation,,both,adult,,,,,,,,,,,
PreservedSpecimen,Anthidiellum strigatum,Body,Total body length,7,mm,range,,both,adult,,,,,,,,,,,
HumanObservation,Anthidiellum strigatum,Foraging,,Central-place forager,mm,mode,,both,adult,,,,,,,,,,,
PreservedSpecimen,Anthidium florentinum,Family,Expert identification of collected specimens,Megachilidae,mm,mode,,both,adult,,,,,,,,,,,
PreservedSpecimen,Anthidium florentinum,Proboscis,,4,mm,single observation,,both,adult,,,,,,,,,,,
PreservedSpecimen,Anthidium florentinum,Body,Total body length,13,mm,range,,both,adult,,,,,,,,,,,
HumanObservation,Anthidium florentinum,Foraging,,Central-place forager,mm,mode,,both,adult,,,,,,,,,,,
PreservedSpecimen,Anthidium oblongatum,Family,Expert identification of collected specimens,Megachilidae,mm,mode,,both,adult,,,,,,,,,,,
PreservedSpecimen,Anthidium oblongatum,Proboscis,,2.7,mm,single observation,,both,adult,,,,,,,,,,,
PreservedSpecimen,Anthidium oblongatum,Body,Total body length,7,mm,range,,both,adult,,,,,,,,,,,
HumanObservation,Anthidium oblongatum,Foraging,,Central-place forager,mm,mode,,both,adult,,,,,,,,,,,
PreservedSpecimen,Anthidium punctatum,Family,Expert identification of collected specimens,Megachilidae,mm,mode,,both,adult,,,,,,,,,,,
PreservedSpecimen,Anthidium punctatum,Proboscis,,3.3,mm,single observation,,both,adult,,,,,,,,,,,
PreservedSpecimen,Anthidium punctatum,Body,Total body length,8,mm,range,,both,adult,,,,,,,,,,,
HumanObservation,Anthidium punctatum,Foraging,,Central-place forager,mm,mode,,both,adult,,,,,,,,,,,
PreservedSpecimen,Anthophora balneorum,Family,Expert identification of collected specimens,Apidae,mm,mode,,both,adult,,,,,,,,,,,
PreservedSpecimen,Anthophora balneorum,Proboscis,,12,mm,single observation,,both,adult,,,,,,,,,,,
PreservedSpecimen,Anthophora balneorum,Body,Total body length,15,mm,range,,both,adult,,,,,,,,,,,
HumanObservation,Anthophora balneorum,Foraging,,Central-place forager,mm,mode,,both,adult,,,,,,,,,,,
PreservedSpecimen,Anthophora furcata,Family,Expert identification of collected specimens,Apidae,mm,mode,,both,adult,,,,,,,,,,,
PreservedSpecimen,Anthophora furcata,Proboscis,,8.25,mm,single observation,,both,adult,,,,,,,,,,,
PreservedSpecimen,Anthophora furcata,Body,Total body length,11,mm,range,,both,adult,,,,,,,,,,,
HumanObservation,Anthophora furcata,Foraging,,Central-place forager,mm,mode,,both,adult,,,,,,,,,,,
PreservedSpecimen,Anthophora plumipes,Family,Expert identification of collected specimens,Apidae,mm,mode,,both,adult,,,,,,,,,,,
PreservedSpecimen,Anthophora plumipes,Proboscis,,9,mm,single observation,,both,adult,,,,,,,,,,,
PreservedSpecimen,Anthophora plumipes,Body,Total body length,14,mm,range,,both,adult,,,,,,,,,,,
HumanObservation,Anthophora plumipes,Foraging,,Central-place forager,mm,mode,,both,adult,,,,,,,,,,,
PreservedSpecimen,Anthophora salviae,Family,Expert identification of collected specimens,Apidae,mm,mode,,both,adult,,,,,,,,,,,
PreservedSpecimen,Anthophora salviae,Proboscis,,6,mm,single observation,,both,adult,,,,,,,,,,,
PreservedSpecimen,Anthophora salviae,Body,Total body length,12,mm,range,,both,adult,,,,,,,,,,,
HumanObservation,Anthophora salviae,Foraging,,Central-place forager,mm,mode,,both,adult,,,,,,,,,,,
PreservedSpecimen,Apis mellifera,Family,Expert identification of collected specimens,Apidae,mm,mode,,both,adult,,,,,,,,,,,
PreservedSpecimen,Apis mellifera,Proboscis,,5,mm,single observation,,both,adult,,,,,,,,,,,
PreservedSpecimen,Apis mellifera,Body,Total body length,12,mm,range,,both,adult,,,,,,,,,,,
HumanObservation,Apis mellifera,Foraging,,Central-place forager,mm,mode,,both,adult,,,,,,,,,,,
PreservedSpecimen,Argogorytes mystaceus,Family,Expert identification of collected specimens,Crabronidae,mm,mode,,both,adult,,,,,,,,,,,
PreservedSpecimen,Argogorytes mystaceus,Proboscis,,1.1,mm,single observation,,both,adult,,,,,,,,,,,
PreservedSpecimen,Argogorytes mystaceus,Body,Total body length,13,mm,range,,both,adult,,,,,,,,,,,
HumanObservation,Argogorytes mystaceus,Foraging,,Central-place forager,mm,mode,,both,adult,,,,,,,,,,,
PreservedSpecimen,Athalia rosae,Family,Expert identification of collected specimens,Tenthredinidae,mm,mode,,both,adult,,,,,,,,,,,
PreservedSpecimen,Athalia rosae,Proboscis,,0.5,mm,single observation,,both,adult,,,,,,,,,,,
PreservedSpecimen,Athalia rosae,Body,Total body length,6.5,mm,range,,both,adult,,,,,,,,,,,
HumanObservation,Athalia rosae,Foraging,,Non-central-place forager,mm,mode,,both,adult,,,,,,,,,,,
PreservedSpecimen,Billaea triangulifera,Family,Expert identification of collected specimens,Tachinidae,mm,mode,,both,adult,,,,,,,,,,,
PreservedSpecimen,Billaea triangulifera,Proboscis,,2.3,mm,single observation,,both,adult,,,,,,,,,,,
PreservedSpecimen,Billaea triangulifera,Body,Total body length,10,mm,range,,both,adult,,,,,,,,,,,
HumanObservation,Billaea triangulifera,Foraging,,Non-central-place forager,mm,mode,,both,adult,,,,,,,,,,,
PreservedSpecimen,Bombus argillaceus,Family,Expert identification of collected specimens,Apidae,mm,mode,,both,adult,,,,,,,,,,,
PreservedSpecimen,Bombus argillaceus,Proboscis,,10.7,mm,single observation,,both,adult,,,,,,,,,,,
PreservedSpecimen,Bombus argillaceus,Body,Total body length,15.67,mm,range,,both,adult,,,,,,,,,,,
HumanObservation,Bombus argillaceus,Foraging,,Central-place forager,mm,mode,,both,adult,,,,,,,,,,,
PreservedSpecimen,Bombus barbutellus,Family,Expert identification of collected specimens,Apidae,mm,mode,,both,adult,,,,,,,,,,,
PreservedSpecimen,Bombus barbutellus,Proboscis,,7.15,mm,single observation,,both,adult,,,,,,,,,,,
PreservedSpecimen,Bombus barbutellus,Body,Total body length,17,mm,range,,both,adult,,,,,,,,,,,
HumanObservation,Bombus barbutellus,Foraging,,Non-central-place forager,mm,mode,,both,adult,,,,,,,,,,,
PreservedSpecimen,Bombus bohemicus,Family,Expert identification of collected specimens,Apidae,mm,mode,,both,adult,,,,,,,,,,,
PreservedSpecimen,Bombus bohemicus,Proboscis,,6.35,mm,single observation,,both,adult,,,,,,,,,,,
PreservedSpecimen,Bombus bohemicus,Body,Total body length,17.75,mm,range,,both,adult,,,,,,,,,,,
HumanObservation,Bombus bohemicus,Foraging,,Non-central-place forager,mm,mode,,both,adult,,,,,,,,,,,
PreservedSpecimen,Bombus campestris,Family,Expert identification of collected specimens,Apidae,mm,mode,,both,adult,,,,,,,,,,,
PreservedSpecimen,Bombus campestris,Proboscis,,6.2,mm,single observation,,both,adult,,,,,,,,,,,
PreservedSpecimen,Bombus campestris,Body,Total body length,15,mm,range,,both,adult,,,,,,,,,,,
HumanObservation,Bombus campestris,Foraging,,Non-central-place forager,mm,mode,,both,adult,,,,,,,,,,,
PreservedSpecimen,Bombus gerstaeckeri,Family,Expert identification of collected specimens,Apidae,mm,mode,,both,adult,,,,,,,,,,,
PreservedSpecimen,Bombus gerstaeckeri,Proboscis,,16,mm,single observation,,both,adult,,,,,,,,,,,
PreservedSpecimen,Bombus gerstaeckeri,Body,Total body length,18,mm,range,,both,adult,,,,,,,,,,,
HumanObservation,Bombus gerstaeckeri,Foraging,,Central-place forager,mm,mode,,both,adult,,,,,,,,,,,
PreservedSpecimen,Bombus hortorum,Family,Expert identification of collected specimens,Apidae,mm,mode,,both,adult,,,,,,,,,,,
PreservedSpecimen,Bombus hortorum,Proboscis,,12.53,mm,single observation,,both,adult,,,,,,,,,,,
PreservedSpecimen,Bombus hortorum,Body,Total body length,16.83,mm,range,,both,adult,,,,,,,,,,,
HumanObservation,Bombus hortorum,Foraging,,Central-place forager,mm,mode,,both,adult,,,,,,,,,,,
PreservedSpecimen,Bombus humilis,Family,Expert identification of collected specimens,Apidae,mm,mode,,both,adult,,,,,,,,,,,
PreservedSpecimen,Bombus humilis,Proboscis,,8.33,mm,single observation,,both,adult,,,,,,,,,,,
PreservedSpecimen,Bombus humilis,Body,Total body length,15,mm,range,,both,adult,,,,,,,,,,,
HumanObservation,Bombus humilis,Foraging,,Central-place forager,mm,mode,,both,adult,,,,,,,,,,,
PreservedSpecimen,Bombus hypnorum,Family,Expert identification of collected specimens,Apidae,mm,mode,,both,adult,,,,,,,,,,,
PreservedSpecimen,Bombus hypnorum,Proboscis,,7.25,mm,single observation,,both,adult,,,,,,,,,,,
PreservedSpecimen,Bombus hypnorum,Body,Total body length,13.5,mm,range,,both,adult,,,,,,,,,,,
HumanObservation,Bombus hypnorum,Foraging,,Central-place forager,mm,mode,,both,adult,,,,,,,,,,,
PreservedSpecimen,Bombus inexspectatus,Family,Expert identification of collected specimens,Apidae,mm,mode,,both,adult,,,,,,,,,,,
PreservedSpecimen,Bombus inexspectatus,Proboscis,,7,mm,single observation,,both,adult,,,,,,,,,,,
PreservedSpecimen,Bombus inexspectatus,Body,Total body length,15,mm,range,,both,adult,,,,,,,,,,,
HumanObservation,Bombus inexspectatus,Foraging,,Non-central-place forager,mm,mode,,both,adult,,,,,,,,,,,
PreservedSpecimen,Bombus lapidarius,Family,Expert identification of collected specimens,Apidae,mm,mode,,both,adult,,,,,,,,,,,
PreservedSpecimen,Bombus lapidarius,Proboscis,,7.27,mm,single observation,,both,adult,,,,,,,,,,,
PreservedSpecimen,Bombus lapidarius,Body,Total body length,15.33,mm,range,,both,adult,,,,,,,,,,,
HumanObservation,Bombus lapidarius,Foraging,,Central-place forager,mm,mode,,both,adult,,,,,,,,,,,
PreservedSpecimen,Bombus lucorum,Family,Expert identification of collected specimens,Apidae,mm,mode,,both,adult,,,,,,,,,,,
PreservedSpecimen,Bombus lucorum,Proboscis,,5.5,mm,single observation,,both,adult,,,,,,,,,,,
PreservedSpecimen,Bombus lucorum,Body,Total body length,16,mm,range,,both,adult,,,,,,,,,,,
HumanObservation,Bombus lucorum,Foraging,,Central-place forager,mm,mode,,both,adult,,,,,,,,,,,
PreservedSpecimen,Bombus mendax,Family,Expert identification of collected specimens,Apidae,mm,mode,,both,adult,,,,,,,,,,,
PreservedSpecimen,Bombus mendax,Proboscis,,9.5,mm,single observation,,both,adult,,,,,,,,,,,
PreservedSpecimen,Bombus mendax,Body,Total body length,16,mm,range,,both,adult,,,,,,,,,,,
HumanObservation,Bombus mendax,Foraging,,Central-place forager,mm,mode,,both,adult,,,,,,,,,,,
PreservedSpecimen,Bombus mesomelas,Family,Expert identification of collected specimens,Apidae,mm,mode,,both,adult,,,,,,,,,,,
PreservedSpecimen,Bombus mesomelas,Proboscis,,8.5,mm,single observation,,both,adult,,,,,,,,,,,
PreservedSpecimen,Bombus mesomelas,Body,Total body length,15.5,mm,range,,both,adult,,,,,,,,,,,
HumanObservation,Bombus mesomelas,Foraging,,Central-place forager,mm,mode,,both,adult,,,,,,,,,,,
PreservedSpecimen,Bombus monticola,Family,Expert identification of collected specimens,Apidae,mm,mode,,both,adult,,,,,,,,,,,
PreservedSpecimen,Bombus monticola,Proboscis,,5.5,mm,single observation,,both,adult,,,,,,,,,,,
PreservedSpecimen,Bombus monticola,Body,Total body length,13,mm,range,,both,adult,,,,,,,,,,,
HumanObservation,Bombus monticola,Foraging,,Central-place forager,mm,mode,,both,adult,,,,,,,,,,,
PreservedSpecimen,Bombus pascuorum,Family,Expert identification of collected specimens,Apidae,mm,mode,,both,adult,,,,,,,,,,,
PreservedSpecimen,Bombus pascuorum,Proboscis,,8.25,mm,single observation,,both,adult,,,,,,,,,,,
PreservedSpecimen,Bombus pascuorum,Body,Total body length,15,mm,range,,both,adult,,,,,,,,,,,
HumanObservation,Bombus pascuorum,Foraging,,Central-place forager,mm,mode,,both,adult,,,,,,,,,,,
PreservedSpecimen,Bombus pratorum,Family,Expert identification of collected specimens,Apidae,mm,mode,,both,adult,,,,,,,,,,,
PreservedSpecimen,Bombus pratorum,Proboscis,,7.67,mm,single observation,,both,adult,,,,,,,,,,,
PreservedSpecimen,Bombus pratorum,Body,Total body length,14.67,mm,range,,both,adult,,,,,,,,,,,
HumanObservation,Bombus pratorum,Foraging,,Central-place forager,mm,mode,,both,adult,,,,,,,,,,,
PreservedSpecimen,Bombus pyrenaeus,Family,Expert identification of collected specimens,Apidae,mm,mode,,both,adult,,,,,,,,,,,
PreservedSpecimen,Bombus pyrenaeus,Proboscis,,5.13,mm,single observation,,both,adult,,,,,,,,,,,
PreservedSpecimen,Bombus pyrenaeus,Body,Total body length,13.33,mm,range,,both,adult,,,,,,,,,,,
HumanObservation,Bombus pyrenaeus,Foraging,,Central-place forager,mm,mode,,both,adult,,,,,,,,,,,
PreservedSpecimen,Bombus ruderarius,Family,Expert identification of collected specimens,Apidae,mm,mode,,both,adult,,,,,,,,,,,
PreservedSpecimen,Bombus ruderarius,Proboscis,,7.13,mm,single observation,,both,adult,,,,,,,,,,,
PreservedSpecimen,Bombus ruderarius,Body,Total body length,13.25,mm,range,,both,adult,,,,,,,,,,,
HumanObservation,Bombus ruderarius,Foraging,,Central-place forager,mm,mode,,both,adult,,,,,,,,,,,
PreservedSpecimen,Bombus rupestris,Family,Expert identification of collected specimens,Apidae,mm,mode,,both,adult,,,,,,,,,,,
PreservedSpecimen,Bombus rupestris,Proboscis,,7.4,mm,single observation,,both,adult,,,,,,,,,,,
PreservedSpecimen,Bombus rupestris,Body,Total body length,18,mm,range,,both,adult,,,,,,,,,,,
HumanObservation,Bombus rupestris,Foraging,,Non-central-place forager,mm,mode,,both,adult,,,,,,,,,,,
PreservedSpecimen,Bombus sichelii,Family,Expert identification of collected specimens,Apidae,mm,mode,,both,adult,,,,,,,,,,,
PreservedSpecimen,Bombus sichelii,Proboscis,,6.75,mm,single observation,,both,adult,,,,,,,,,,,
PreservedSpecimen,Bombus sichelii,Body,Total body length,15.5,mm,range,,both,adult,,,,,,,,,,,
HumanObservation,Bombus sichelii,Foraging,,Central-place forager,mm,mode,,both,adult,,,,,,,,,,,
PreservedSpecimen,Bombus soroeensis,Family,Expert identification of collected specimens,Apidae,mm,mode,,both,adult,,,,,,,,,,,
PreservedSpecimen,Bombus soroeensis,Proboscis,,6.35,mm,single observation,,both,adult,,,,,,,,,,,
PreservedSpecimen,Bombus soroeensis,Body,Total body length,17,mm,range,,both,adult,,,,,,,,,,,
HumanObservation,Bombus soroeensis,Foraging,,Central-place forager,mm,mode,,both,adult,,,,,,,,,,,
PreservedSpecimen,Bombus sylvarum,Family,Expert identification of collected specimens,Apidae,mm,mode,,both,adult,,,,,,,,,,,
PreservedSpecimen,Bombus sylvarum,Proboscis,,8.8,mm,single observation,,both,adult,,,,,,,,,,,
PreservedSpecimen,Bombus sylvarum,Body,Total body length,16,mm,range,,both,adult,,,,,,,,,,,
HumanObservation,Bombus sylvarum,Foraging,,Central-place forager,mm,mode,,both,adult,,,,,,,,,,,
PreservedSpecimen,Bombus sylvestris,Family,Expert identification of collected specimens,Apidae,mm,mode,,both,adult,,,,,,,,,,,
PreservedSpecimen,Bombus sylvestris,Proboscis,,6.5,mm,single observation,,both,adult,,,,,,,,,,,
PreservedSpecimen,Bombus sylvestris,Body,Total body length,16,mm,range,,both,adult,,,,,,,,,,,
HumanObservation,Bombus sylvestris,Foraging,,Non-central-place forager,mm,mode,,both,adult,,,,,,,,,,,
PreservedSpecimen,Bombus terrestris,Family,Expert identification of collected specimens,Apidae,mm,mode,,both,adult,,,,,,,,,,,
PreservedSpecimen,Bombus terrestris,Proboscis,,6.5,mm,single observation,,both,adult,,,,,,,,,,,
PreservedSpecimen,Bombus terrestris,Body,Total body length,14.67,mm,range,,both,adult,,,,,,,,,,,
HumanObservation,Bombus terrestris,Foraging,,Central-place forager,mm,mode,,both,adult,,,,,,,,,,,
PreservedSpecimen,Bombus vestalis,Family,Expert identification of collected specimens,Apidae,mm,mode,,both,adult,,,,,,,,,,,
PreservedSpecimen,Bombus vestalis,Proboscis,,8.4,mm,single observation,,both,adult,,,,,,,,,,,
PreservedSpecimen,Bombus vestalis,Body,Total body length,22,mm,range,,both,adult,,,,,,,,,,,
HumanObservation,Bombus vestalis,Foraging,,Non-central-place forager,mm,mode,,both,adult,,,,,,,,,,,
PreservedSpecimen,Bombus wurflenii,Family,Expert identification of collected specimens,Apidae,mm,mode,,both,adult,,,,,,,,,,,
PreservedSpecimen,Bombus wurflenii,Proboscis,,7.75,mm,single observation,,both,adult,,,,,,,,,,,
PreservedSpecimen,Bombus wurflenii,Body,Total body length,17,mm,range,,both,adult,,,,,,,,,,,
HumanObservation,Bombus wurflenii,Foraging,,Central-place forager,mm,mode,,both,adult,,,,,,,,,,,
PreservedSpecimen,Callicera aurata,Family,Expert identification of collected specimens,Syrphidae,mm,mode,,both,adult,,,,,,,,,,,
PreservedSpecimen,Callicera aurata,Proboscis,,1.5,mm,single observation,,both,adult,,,,,,,,,,,
PreservedSpecimen,Callicera aurata,Body,Total body length,12,mm,range,,both,adult,,,,,,,,,,,
HumanObservation,Callicera aurata,Foraging,,Non-central-place forager,mm,mode,,both,adult,,,,,,,,,,,
PreservedSpecimen,Ceratina chalybaea,Family,Expert identification of collected specimens,Apidae,mm,mode,,both,adult,,,,,,,,,,,
PreservedSpecimen,Ceratina chalybaea,Proboscis,,3.5,mm,single observation,,both,adult,,,,,,,,,,,
PreservedSpecimen,Ceratina chalybaea,Body,Total body length,9.5,mm,range,,both,adult,,,,,,,,,,,
HumanObservation,Ceratina chalybaea,Foraging,,Central-place forager,mm,mode,,both,adult,,,,,,,,,,,
PreservedSpecimen,Ceratina cucurbitina,Family,Expert identification of collected specimens,Apidae,mm,mode,,both,adult,,,,,,,,,,,
PreservedSpecimen,Ceratina cucurbitina,Proboscis,,3.5,mm,single observation,,both,adult,,,,,,,,,,,
PreservedSpecimen,Ceratina cucurbitina,Body,Total body length,8.5,mm,range,,both,adult,,,,,,,,,,,
HumanObservation,Ceratina cucurbitina,Foraging,,Central-place forager,mm,mode,,both,adult,,,,,,,,,,,
PreservedSpecimen,Ceratina cyanea,Family,Expert identification of collected specimens,Apidae,mm,mode,,both,adult,,,,,,,,,,,
PreservedSpecimen,Ceratina cyanea,Proboscis,,2.5,mm,single observation,,both,adult,,,,,,,,,,,
PreservedSpecimen,Ceratina cyanea,Body,Total body length,7.5,mm,range,,both,adult,,,,,,,,,,,
HumanObservation,Ceratina cyanea,Foraging,,Central-place forager,mm,mode,,both,adult,,,,,,,,,,,
PreservedSpecimen,Ceratina dallatorreana,Family,Expert identification of collected specimens,Apidae,mm,mode,,both,adult,,,,,,,,,,,
PreservedSpecimen,Ceratina dallatorreana,Proboscis,,2.6,mm,single observation,,both,adult,,,,,,,,,,,
PreservedSpecimen,Ceratina dallatorreana,Body,Total body length,6,mm,range,,both,adult,,,,,,,,,,,
HumanObservation,Ceratina dallatorreana,Foraging,,Central-place forager,mm,mode,,both,adult,,,,,,,,,,,
PreservedSpecimen,Ceratina gravidula,Family,Expert identification of collected specimens,Apidae,mm,mode,,both,adult,,,,,,,,,,,
PreservedSpecimen,Ceratina gravidula,Proboscis,,4.7,mm,single observation,,both,adult,,,,,,,,,,,
PreservedSpecimen,Ceratina gravidula,Body,Total body length,11,mm,range,,both,adult,,,,,,,,,,,
HumanObservation,Ceratina gravidula,Foraging,,Central-place forager,mm,mode,,both,adult,,,,,,,,,,,
PreservedSpecimen,Cerceris rubida,Family,Expert identification of collected specimens,Crabronidae,mm,mode,,both,adult,,,,,,,,,,,
PreservedSpecimen,Cerceris rubida,Proboscis,,1.6,mm,single observation,,both,adult,,,,,,,,,,,
PreservedSpecimen,Cerceris rubida,Body,Total body length,7.5,mm,range,,both,adult,,,,,,,,,,,
HumanObservation,Cerceris rubida,Foraging,,Central-place forager,mm,mode,,both,adult,,,,,,,,,,,
PreservedSpecimen,Cerceris sabulosa,Family,Expert identification of collected specimens,Crabronidae,mm,mode,,both,adult,,,,,,,,,,,
PreservedSpecimen,Cerceris sabulosa,Proboscis,,1.6,mm,single observation,,both,adult,,,,,,,,,,,
PreservedSpecimen,Cerceris sabulosa,Body,Total body length,9,mm,range,,both,adult,,,,,,,,,,,
HumanObservation,Cerceris sabulosa,Foraging,,Central-place forager,mm,mode,,both,adult,,,,,,,,,,,
PreservedSpecimen,Cheilosia aerea,Family,Expert identification of collected specimens,Syrphidae,mm,mode,,both,adult,,,,,,,,,,,
PreservedSpecimen,Cheilosia aerea,Proboscis,,1,mm,single observation,,both,adult,,,,,,,,,,,
PreservedSpecimen,Cheilosia aerea,Body,Total body length,8,mm,range,,both,adult,,,,,,,,,,,
HumanObservation,Cheilosia aerea,Foraging,,Non-central-place forager,mm,mode,,both,adult,,,,,,,,,,,
PreservedSpecimen,Cheilosia albipila,Family,Expert identification of collected specimens,Syrphidae,mm,mode,,both,adult,,,,,,,,,,,
PreservedSpecimen,Cheilosia albipila,Proboscis,,1,mm,single observation,,both,adult,,,,,,,,,,,
PreservedSpecimen,Cheilosia albipila,Body,Total body length,10,mm,range,,both,adult,,,,,,,,,,,
HumanObservation,Cheilosia albipila,Foraging,,Non-central-place forager,mm,mode,,both,adult,,,,,,,,,,,
PreservedSpecimen,Cheilosia antiqua,Family,Expert identification of collected specimens,Syrphidae,mm,mode,,both,adult,,,,,,,,,,,
PreservedSpecimen,Cheilosia antiqua,Proboscis,,1,mm,single observation,,both,adult,,,,,,,,,,,
PreservedSpecimen,Cheilosia antiqua,Body,Total body length,7,mm,range,,both,adult,,,,,,,,,,,
HumanObservation,Cheilosia antiqua,Foraging,,Non-central-place forager,mm,mode,,both,adult,,,,,,,,,,,
PreservedSpecimen,Cheilosia canicularis,Family,Expert identification of collected specimens,Syrphidae,mm,mode,,both,adult,,,,,,,,,,,
PreservedSpecimen,Cheilosia canicularis,Proboscis,,1,mm,single observation,,both,adult,,,,,,,,,,,
PreservedSpecimen,Cheilosia canicularis,Body,Total body length,12,mm,range,,both,adult,,,,,,,,,,,
HumanObservation,Cheilosia canicularis,Foraging,,Non-central-place forager,mm,mode,,both,adult,,,,,,,,,,,
PreservedSpecimen,Cheilosia frontalis,Family,Expert identification of collected specimens,Syrphidae,mm,mode,,both,adult,,,,,,,,,,,
PreservedSpecimen,Cheilosia frontalis,Proboscis,,1,mm,single observation,,both,adult,,,,,,,,,,,
PreservedSpecimen,Cheilosia frontalis,Body,Total body length,8.5,mm,range,,both,adult,,,,,,,,,,,
HumanObservation,Cheilosia frontalis,Foraging,,Non-central-place forager,mm,mode,,both,adult,,,,,,,,,,,
PreservedSpecimen,Cheilosia illustrata,Family,Expert identification of collected specimens,Syrphidae,mm,mode,,both,adult,,,,,,,,,,,
PreservedSpecimen,Cheilosia illustrata,Proboscis,,1,mm,single observation,,both,adult,,,,,,,,,,,
PreservedSpecimen,Cheilosia illustrata,Body,Total body length,10,mm,range,,both,adult,,,,,,,,,,,
HumanObservation,Cheilosia illustrata,Foraging,,Non-central-place forager,mm,mode,,both,adult,,,,,,,,,,,
PreservedSpecimen,Cheilosia laticornis,Family,Expert identification of collected specimens,Syrphidae,mm,mode,,both,adult,,,,,,,,,,,
PreservedSpecimen,Cheilosia laticornis,Proboscis,,1,mm,single observation,,both,adult,,,,,,,,,,,
PreservedSpecimen,Cheilosia laticornis,Body,Total body length,9,mm,range,,both,adult,,,,,,,,,,,
HumanObservation,Cheilosia laticornis,Foraging,,Non-central-place forager,mm,mode,,both,adult,,,,,,,,,,,
PreservedSpecimen,Cheilosia latifrons,Family,Expert identification of collected specimens,Syrphidae,mm,mode,,both,adult,,,,,,,,,,,
PreservedSpecimen,Cheilosia latifrons,Proboscis,,1,mm,single observation,,both,adult,,,,,,,,,,,
PreservedSpecimen,Cheilosia latifrons,Body,Total body length,9,mm,range,,both,adult,,,,,,,,,,,
HumanObservation,Cheilosia latifrons,Foraging,,Non-central-place forager,mm,mode,,both,adult,,,,,,,,,,,
PreservedSpecimen,Cheilosia longula,Family,Expert identification of collected specimens,Syrphidae,mm,mode,,both,adult,,,,,,,,,,,
PreservedSpecimen,Cheilosia longula,Proboscis,,1,mm,single observation,,both,adult,,,,,,,,,,,
PreservedSpecimen,Cheilosia longula,Body,Total body length,7.5,mm,range,,both,adult,,,,,,,,,,,
HumanObservation,Cheilosia longula,Foraging,,Non-central-place forager,mm,mode,,both,adult,,,,,,,,,,,
PreservedSpecimen,Cheilosia mutabilis,Family,Expert identification of collected specimens,Syrphidae,mm,mode,,both,adult,,,,,,,,,,,
PreservedSpecimen,Cheilosia mutabilis,Proboscis,,1,mm,single observation,,both,adult,,,,,,,,,,,
PreservedSpecimen,Cheilosia mutabilis,Body,Total body length,6.5,mm,range,,both,adult,,,,,,,,,,,
HumanObservation,Cheilosia mutabilis,Foraging,,Non-central-place forager,mm,mode,,both,adult,,,,,,,,,,,
PreservedSpecimen,Cheilosia nigripes,Family,Expert identification of collected specimens,Syrphidae,mm,mode,,both,adult,,,,,,,,,,,
PreservedSpecimen,Cheilosia nigripes,Proboscis,,1,mm,single observation,,both,adult,,,,,,,,,,,
PreservedSpecimen,Cheilosia nigripes,Body,Total body length,7,mm,range,,both,adult,,,,,,,,,,,
HumanObservation,Cheilosia nigripes,Foraging,,Non-central-place forager,mm,mode,,both,adult,,,,,,,,,,,
PreservedSpecimen,Cheilosia pagana,Family,Expert identification of collected specimens,Syrphidae,mm,mode,,both,adult,,,,,,,,,,,
PreservedSpecimen,Cheilosia pagana,Proboscis,,1,mm,single observation,,both,adult,,,,,,,,,,,
PreservedSpecimen,Cheilosia pagana,Body,Total body length,6.5,mm,range,,both,adult,,,,,,,,,,,
HumanObservation,Cheilosia pagana,Foraging,,Non-central-place forager,mm,mode,,both,adult,,,,,,,,,,,
PreservedSpecimen,Cheilosia personata,Family,Expert identification of collected specimens,Syrphidae,mm,mode,,both,adult,,,,,,,,,,,
PreservedSpecimen,Cheilosia personata,Proboscis,,1,mm,single observation,,both,adult,,,,,,,,,,,
PreservedSpecimen,Cheilosia personata,Body,Total body length,9.5,mm,range,,both,adult,,,,,,,,,,,
HumanObservation,Cheilosia personata,Foraging,,Non-central-place forager,mm,mode,,both,adult,,,,,,,,,,,
PreservedSpecimen,Cheilosia proxima,Family,Expert identification of collected specimens,Syrphidae,mm,mode,,both,adult,,,,,,,,,,,
PreservedSpecimen,Cheilosia proxima,Proboscis,,1,mm,single observation,,both,adult,,,,,,,,,,,
PreservedSpecimen,Cheilosia proxima,Body,Total body length,8,mm,range,,both,adult,,,,,,,,,,,
HumanObservation,Cheilosia proxima,Foraging,,Non-central-place forager,mm,mode,,both,adult,,,,,,,,,,,
PreservedSpecimen,Cheilosia ranunculi,Family,Expert identification of collected specimens,Syrphidae,mm,mode,,both,adult,,,,,,,,,,,
PreservedSpecimen,Cheilosia ranunculi,Proboscis,,1,mm,single observation,,both,adult,,,,,,,,,,,
PreservedSpecimen,Cheilosia ranunculi,Body,Total body length,8,mm,range,,both,adult,,,,,,,,,,,
HumanObservation,Cheilosia ranunculi,Foraging,,Non-central-place forager,mm,mode,,both,adult,,,,,,,,,,,
PreservedSpecimen,Cheilosia scutellata,Family,Expert identification of collected specimens,Syrphidae,mm,mode,,both,adult,,,,,,,,,,,
PreservedSpecimen,Cheilosia scutellata,Proboscis,,1,mm,single observation,,both,adult,,,,,,,,,,,
PreservedSpecimen,Cheilosia scutellata,Body,Total body length,8.5,mm,range,,both,adult,,,,,,,,,,,
HumanObservation,Cheilosia scutellata,Foraging,,Non-central-place forager,mm,mode,,both,adult,,,,,,,,,,,
PreservedSpecimen,Cheilosia soror,Family,Expert identification of collected specimens,Syrphidae,mm,mode,,both,adult,,,,,,,,,,,
PreservedSpecimen,Cheilosia soror,Proboscis,,1,mm,single observation,,both,adult,,,,,,,,,,,
PreservedSpecimen,Cheilosia soror,Body,Total body length,8.5,mm,range,,both,adult,,,,,,,,,,,
HumanObservation,Cheilosia soror,Foraging,,Non-central-place forager,mm,mode,,both,adult,,,,,,,,,,,
PreservedSpecimen,Cheilosia urbana,Family,Expert identification of collected specimens,Syrphidae,mm,mode,,both,adult,,,,,,,,,,,
PreservedSpecimen,Cheilosia urbana,Proboscis,,1,mm,single observation,,both,adult,,,,,,,,,,,
PreservedSpecimen,Cheilosia urbana,Body,Total body length,7,mm,range,,both,adult,,,,,,,,,,,
HumanObservation,Cheilosia urbana,Foraging,,Non-central-place forager,mm,mode,,both,adult,,,,,,,,,,,
PreservedSpecimen,Cheilosia vernalis,Family,Expert identification of collected specimens,Syrphidae,mm,mode,,both,adult,,,,,,,,,,,
PreservedSpecimen,Cheilosia vernalis,Proboscis,,1,mm,single observation,,both,adult,,,,,,,,,,,
PreservedSpecimen,Cheilosia vernalis,Body,Total body length,6,mm,range,,both,adult,,,,,,,,,,,
HumanObservation,Cheilosia vernalis,Foraging,,Non-central-place forager,mm,mode,,both,adult,,,,,,,,,,,
PreservedSpecimen,Cheilosia vulpina,Family,Expert identification of collected specimens,Syrphidae,mm,mode,,both,adult,,,,,,,,,,,
PreservedSpecimen,Cheilosia vulpina,Proboscis,,1,mm,single observation,,both,adult,,,,,,,,,,,
PreservedSpecimen,Cheilosia vulpina,Body,Total body length,9,mm,range,,both,adult,,,,,,,,,,,
HumanObservation,Cheilosia vulpina,Foraging,,Non-central-place forager,mm,mode,,both,adult,,,,,,,,,,,
PreservedSpecimen,Chelostoma campanularum,Family,Expert identification of collected specimens,Megachilidae,mm,mode,,both,adult,,,,,,,,,,,
PreservedSpecimen,Chelostoma campanularum,Proboscis,,2.9,mm,single observation,,both,adult,,,,,,,,,,,
PreservedSpecimen,Chelostoma campanularum,Body,Total body length,6.5,mm,range,,both,adult,,,,,,,,,,,
HumanObservation,Chelostoma campanularum,Foraging,,Central-place forager,mm,mode,,both,adult,,,,,,,,,,,
PreservedSpecimen,Chelostoma distinctum,Family,Expert identification of collected specimens,Megachilidae,mm,mode,,both,adult,,,,,,,,,,,
PreservedSpecimen,Chelostoma distinctum,Proboscis,,1.8,mm,single observation,,both,adult,,,,,,,,,,,
PreservedSpecimen,Chelostoma distinctum,Body,Total body length,7,mm,range,,both,adult,,,,,,,,,,,
HumanObservation,Chelostoma distinctum,Foraging,,Central-place forager,mm,mode,,both,adult,,,,,,,,,,,
PreservedSpecimen,Chelostoma florisomne,Family,Expert identification of collected specimens,Megachilidae,mm,mode,,both,adult,,,,,,,,,,,
PreservedSpecimen,Chelostoma florisomne,Proboscis,,2.3,mm,single observation,,both,adult,,,,,,,,,,,
PreservedSpecimen,Chelostoma florisomne,Body,Total body length,9.5,mm,range,,both,adult,,,,,,,,,,,
HumanObservation,Chelostoma florisomne,Foraging,,Central-place forager,mm,mode,,both,adult,,,,,,,,,,,
PreservedSpecimen,Chelostoma rapunculi,Family,Expert identification of collected specimens,Megachilidae,mm,mode,,both,adult,,,,,,,,,,,
PreservedSpecimen,Chelostoma rapunculi,Proboscis,,2.7,mm,single observation,,both,adult,,,,,,,,,,,
PreservedSpecimen,Chelostoma rapunculi,Body,Total body length,9,mm,range,,both,adult,,,,,,,,,,,
HumanObservation,Chelostoma rapunculi,Foraging,,Central-place forager,mm,mode,,both,adult,,,,,,,,,,,
PreservedSpecimen,Chrysosomoxys macrocercus,Family,Expert identification of collected specimens,Tachinidae,mm,mode,,both,adult,,,,,,,,,,,
PreservedSpecimen,Chrysosomoxys macrocercus,Proboscis,,2.2,mm,single observation,,both,adult,,,,,,,,,,,
PreservedSpecimen,Chrysosomoxys macrocercus,Body,Total body length,7.5,mm,range,,both,adult,,,,,,,,,,,
HumanObservation,Chrysosomoxys macrocercus,Foraging,,Non-central-place forager,mm,mode,,both,adult,,,,,,,,,,,
PreservedSpecimen,Chrysotoxum bicinctum,Family,Expert identification of collected specimens,Syrphidae,mm,mode,,both,adult,,,,,,,,,,,
PreservedSpecimen,Chrysotoxum bicinctum,Proboscis,,1,mm,single observation,,both,adult,,,,,,,,,,,
PreservedSpecimen,Chrysotoxum bicinctum,Body,Total body length,10.5,mm,range,,both,adult,,,,,,,,,,,
HumanObservation,Chrysotoxum bicinctum,Foraging,,Non-central-place forager,mm,mode,,both,adult,,,,,,,,,,,
PreservedSpecimen,Chrysotoxum intermedium,Family,Expert identification of collected specimens,Syrphidae,mm,mode,,both,adult,,,,,,,,,,,
PreservedSpecimen,Chrysotoxum intermedium,Proboscis,,1,mm,single observation,,both,adult,,,,,,,,,,,
PreservedSpecimen,Chrysotoxum intermedium,Body,Total body length,12,mm,range,,both,adult,,,,,,,,,,,
HumanObservation,Chrysotoxum intermedium,Foraging,,Non-central-place forager,mm,mode,,both,adult,,,,,,,,,,,
PreservedSpecimen,Chrysotoxum vernale,Family,Expert identification of collected specimens,Syrphidae,mm,mode,,both,adult,,,,,,,,,,,
PreservedSpecimen,Chrysotoxum vernale,Proboscis,,1,mm,single observation,,both,adult,,,,,,,,,,,
PreservedSpecimen,Chrysotoxum vernale,Body,Total body length,11.5,mm,range,,both,adult,,,,,,,,,,,
HumanObservation,Chrysotoxum vernale,Foraging,,Non-central-place forager,mm,mode,,both,adult,,,,,,,,,,,
PreservedSpecimen,Chrysotoxum verralli,Family,Expert identification of collected specimens,Syrphidae,mm,mode,,both,adult,,,,,,,,,,,
PreservedSpecimen,Chrysotoxum verralli,Proboscis,,1,mm,single observation,,both,adult,,,,,,,,,,,
PreservedSpecimen,Chrysotoxum verralli,Body,Total body length,11.5,mm,range,,both,adult,,,,,,,,,,,
HumanObservation,Chrysotoxum verralli,Foraging,,Non-central-place forager,mm,mode,,both,adult,,,,,,,,,,,
PreservedSpecimen,Coelioxys conoidea,Family,Expert identification of collected specimens,Megachilidae,mm,mode,,both,adult,,,,,,,,,,,
PreservedSpecimen,Coelioxys conoidea,Proboscis,,4.1,mm,single observation,,both,adult,,,,,,,,,,,
PreservedSpecimen,Coelioxys conoidea,Body,Total body length,10,mm,range,,both,adult,,,,,,,,,,,
HumanObservation,Coelioxys conoidea,Foraging,,Non-central-place forager,mm,mode,,both,adult,,,,,,,,,,,
PreservedSpecimen,Conops flavipes,Family,Expert identification of collected specimens,Conopidae,mm,mode,,both,adult,,,,,,,,,,,
PreservedSpecimen,Conops flavipes,Proboscis,,4.2,mm,single observation,,both,adult,,,,,,,,,,,
PreservedSpecimen,Conops flavipes,Body,Total body length,11,mm,range,,both,adult,,,,,,,,,,,
HumanObservation,Conops flavipes,Foraging,,Non-central-place forager,mm,mode,,both,adult,,,,,,,,,,,
PreservedSpecimen,Conops quadrifasciatus,Family,Expert identification of collected specimens,Conopidae,mm,mode,,both,adult,,,,,,,,,,,
PreservedSpecimen,Conops quadrifasciatus,Proboscis,,3.3,mm,single observation,,both,adult,,,,,,,,,,,
PreservedSpecimen,Conops quadrifasciatus,Body,Total body length,8.5,mm,range,,both,adult,,,,,,,,,,,
HumanObservation,Conops quadrifasciatus,Foraging,,Non-central-place forager,mm,mode,,both,adult,,,,,,,,,,,
PreservedSpecimen,Corynis crassicornis,Family,Expert identification of collected specimens,Cimbicidae,mm,mode,,both,adult,,,,,,,,,,,
PreservedSpecimen,Corynis crassicornis,Proboscis,,0.9,mm,single observation,,both,adult,,,,,,,,,,,
PreservedSpecimen,Corynis crassicornis,Body,Total body length,8,mm,range,,both,adult,,,,,,,,,,,
HumanObservation,Corynis crassicornis,Foraging,,Non-central-place forager,mm,mode,,both,adult,,,,,,,,,,,
PreservedSpecimen,Crossocerus cinxius,Family,Expert identification of collected specimens,Crabronidae,mm,mode,,both,adult,,,,,,,,,,,
PreservedSpecimen,Crossocerus cinxius,Proboscis,,0.65,mm,single observation,,both,adult,,,,,,,,,,,
PreservedSpecimen,Crossocerus cinxius,Body,Total body length,7,mm,range,,both,adult,,,,,,,,,,,
HumanObservation,Crossocerus cinxius,Foraging,,Central-place forager,mm,mode,,both,adult,,,,,,,,,,,
PreservedSpecimen,Crossocerus leucostoma,Family,Expert identification of collected specimens,Crabronidae,mm,mode,,both,adult,,,,,,,,,,,
PreservedSpecimen,Crossocerus leucostoma,Proboscis,,0.6,mm,single observation,,both,adult,,,,,,,,,,,
PreservedSpecimen,Crossocerus leucostoma,Body,Total body length,8,mm,range,,both,adult,,,,,,,,,,,
HumanObservation,Crossocerus leucostoma,Foraging,,Central-place forager,mm,mode,,both,adult,,,,,,,,,,,
PreservedSpecimen,Cylindromyia brassicaria,Family,Expert identification of collected specimens,Tachinidae,mm,mode,,both,adult,,,,,,,,,,,
PreservedSpecimen,Cylindromyia brassicaria,Proboscis,,2.4,mm,single observation,,both,adult,,,,,,,,,,,
PreservedSpecimen,Cylindromyia brassicaria,Body,Total body length,9,mm,range,,both,adult,,,,,,,,,,,
HumanObservation,Cylindromyia brassicaria,Foraging,,Non-central-place forager,mm,mode,,both,adult,,,,,,,,,,,
PreservedSpecimen,Dasysyrphus albostriatus,Family,Expert identification of collected specimens,Syrphidae,mm,mode,,both,adult,,,,,,,,,,,
PreservedSpecimen,Dasysyrphus albostriatus,Proboscis,,1,mm,single observation,,both,adult,,,,,,,,,,,
PreservedSpecimen,Dasysyrphus albostriatus,Body,Total body length,9,mm,range,,both,adult,,,,,,,,,,,
HumanObservation,Dasysyrphus albostriatus,Foraging,,Non-central-place forager,mm,mode,,both,adult,,,,,,,,,,,
PreservedSpecimen,Didea alneti,Family,Expert identification of collected specimens,Syrphidae,mm,mode,,both,adult,,,,,,,,,,,
PreservedSpecimen,Didea alneti,Proboscis,,1,mm,single observation,,both,adult,,,,,,,,,,,
PreservedSpecimen,Didea alneti,Body,Total body length,14,mm,range,,both,adult,,,,,,,,,,,
HumanObservation,Didea alneti,Foraging,,Non-central-place forager,mm,mode,,both,adult,,,,,,,,,,,
PreservedSpecimen,Didea erratica,Family,Expert identification of collected specimens,Syrphidae,mm,mode,,both,adult,,,,,,,,,,,
PreservedSpecimen,Didea erratica,Proboscis,,1,mm,single observation,,both,adult,,,,,,,,,,,
PreservedSpecimen,Didea erratica,Body,Total body length,12.5,mm,range,,both,adult,,,,,,,,,,,
HumanObservation,Didea erratica,Foraging,,Non-central-place forager,mm,mode,,both,adult,,,,,,,,,,,
PreservedSpecimen,Dinera carinifrons,Family,Expert identification of collected specimens,Tachinidae,mm,mode,,both,adult,,,,,,,,,,,
PreservedSpecimen,Dinera carinifrons,Proboscis,,2.3,mm,single observation,,both,adult,,,,,,,,,,,
PreservedSpecimen,Dinera carinifrons,Body,Total body length,7.5,mm,range,,both,adult,,,,,,,,,,,
HumanObservation,Dinera carinifrons,Foraging,,Non-central-place forager,mm,mode,,both,adult,,,,,,,,,,,
PreservedSpecimen,Dinera ferina,Family,Expert identification of collected specimens,Tachinidae,mm,mode,,both,adult,,,,,,,,,,,
PreservedSpecimen,Dinera ferina,Proboscis,,3.5,mm,single observation,,both,adult,,,,,,,,,,,
PreservedSpecimen,Dinera ferina,Body,Total body length,12,mm,range,,both,adult,,,,,,,,,,,
HumanObservation,Dinera ferina,Foraging,,Non-central-place forager,mm,mode,,both,adult,,,,,,,,,,,
PreservedSpecimen,Dufourea alpina,Family,Expert identification of collected specimens,Halictidae,mm,mode,,both,adult,,,,,,,,,,,
PreservedSpecimen,Dufourea alpina,Proboscis,,1.3,mm,single observation,,both,adult,,,,,,,,,,,
PreservedSpecimen,Dufourea alpina,Body,Total body length,5.5,mm,range,,both,adult,,,,,,,,,,,
HumanObservation,Dufourea alpina,Foraging,,Central-place forager,mm,mode,,both,adult,,,,,,,,,,,
PreservedSpecimen,Ectemnius borealis,Family,Expert identification of collected specimens,Crabronidae,mm,mode,,both,adult,,,,,,,,,,,
PreservedSpecimen,Ectemnius borealis,Proboscis,,0.95,mm,single observation,,both,adult,,,,,,,,,,,
PreservedSpecimen,Ectemnius borealis,Body,Total body length,7,mm,range,,both,adult,,,,,,,,,,,
HumanObservation,Ectemnius borealis,Foraging,,Central-place forager,mm,mode,,both,adult,,,,,,,,,,,
PreservedSpecimen,Ectemnius continuus,Family,Expert identification of collected specimens,Crabronidae,mm,mode,,both,adult,,,,,,,,,,,
PreservedSpecimen,Ectemnius continuus,Proboscis,,1.4,mm,single observation,,both,adult,,,,,,,,,,,
PreservedSpecimen,Ectemnius continuus,Body,Total body length,10,mm,range,,both,adult,,,,,,,,,,,
HumanObservation,Ectemnius continuus,Foraging,,Central-place forager,mm,mode,,both,adult,,,,,,,,,,,
PreservedSpecimen,Ectophasia crassipennis,Family,Expert identification of collected specimens,Tachinidae,mm,mode,,both,adult,,,,,,,,,,,
PreservedSpecimen,Ectophasia crassipennis,Proboscis,,3.3,mm,single observation,,both,adult,,,,,,,,,,,
PreservedSpecimen,Ectophasia crassipennis,Body,Total body length,9.75,mm,range,,both,adult,,,,,,,,,,,
HumanObservation,Ectophasia crassipennis,Foraging,,Non-central-place forager,mm,mode,,both,adult,,,,,,,,,,,
PreservedSpecimen,Entomognathus brevis,Family,Expert identification of collected specimens,Crabronidae,mm,mode,,both,adult,,,,,,,,,,,
PreservedSpecimen,Entomognathus brevis,Proboscis,,0.4,mm,single observation,,both,adult,,,,,,,,,,,
PreservedSpecimen,Entomognathus brevis,Body,Total body length,4.5,mm,range,,both,adult,,,,,,,,,,,
HumanObservation,Entomognathus brevis,Foraging,,Central-place forager,mm,mode,,both,adult,,,,,,,,,,,
PreservedSpecimen,Epistrophe grossulariae,Family,Expert identification of collected specimens,Syrphidae,mm,mode,,both,adult,,,,,,,,,,,
PreservedSpecimen,Epistrophe grossulariae,Proboscis,,1,mm,single observation,,both,adult,,,,,,,,,,,
PreservedSpecimen,Epistrophe grossulariae,Body,Total body length,13,mm,range,,both,adult,,,,,,,,,,,
HumanObservation,Epistrophe grossulariae,Foraging,,Non-central-place forager,mm,mode,,both,adult,,,,,,,,,,,
PreservedSpecimen,Epistrophe melanostoma,Family,Expert identification of collected specimens,Syrphidae,mm,mode,,both,adult,,,,,,,,,,,
PreservedSpecimen,Epistrophe melanostoma,Proboscis,,1,mm,single observation,,both,adult,,,,,,,,,,,
PreservedSpecimen,Epistrophe melanostoma,Body,Total body length,11,mm,range,,both,adult,,,,,,,,,,,
HumanObservation,Epistrophe melanostoma,Foraging,,Non-central-place forager,mm,mode,,both,adult,,,,,,,,,,,
PreservedSpecimen,Epistrophe nitidicollis,Family,Expert identification of collected specimens,Syrphidae,mm,mode,,both,adult,,,,,,,,,,,
PreservedSpecimen,Epistrophe nitidicollis,Proboscis,,1,mm,single observation,,both,adult,,,,,,,,,,,
PreservedSpecimen,Epistrophe nitidicollis,Body,Total body length,11.5,mm,range,,both,adult,,,,,,,,,,,
HumanObservation,Epistrophe nitidicollis,Foraging,,Non-central-place forager,mm,mode,,both,adult,,,,,,,,,,,
PreservedSpecimen,Episyrphus balteatus,Family,Expert identification of collected specimens,Syrphidae,mm,mode,,both,adult,,,,,,,,,,,
PreservedSpecimen,Episyrphus balteatus,Proboscis,,1,mm,single observation,,both,adult,,,,,,,,,,,
PreservedSpecimen,Episyrphus balteatus,Body,Total body length,11.5,mm,range,,both,adult,,,,,,,,,,,
HumanObservation,Episyrphus balteatus,Foraging,,Non-central-place forager,mm,mode,,both,adult,,,,,,,,,,,
PreservedSpecimen,Eriozona syrphoides,Family,Expert identification of collected specimens,Syrphidae,mm,mode,,both,adult,,,,,,,,,,,
PreservedSpecimen,Eriozona syrphoides,Proboscis,,1.5,mm,single observation,,both,adult,,,,,,,,,,,
PreservedSpecimen,Eriozona syrphoides,Body,Total body length,14,mm,range,,both,adult,,,,,,,,,,,
HumanObservation,Eriozona syrphoides,Foraging,,Non-central-place forager,mm,mode,,both,adult,,,,,,,,,,,
PreservedSpecimen,Eristalinus taeniops,Family,Expert identification of collected specimens,Syrphidae,mm,mode,,both,adult,,,,,,,,,,,
PreservedSpecimen,Eristalinus taeniops,Proboscis,,1.5,mm,single observation,,both,adult,,,,,,,,,,,
PreservedSpecimen,Eristalinus taeniops,Body,Total body length,12.5,mm,range,,both,adult,,,,,,,,,,,
HumanObservation,Eristalinus taeniops,Foraging,,Non-central-place forager,mm,mode,,both,adult,,,,,,,,,,,
PreservedSpecimen,Eristalis arbustorum,Family,Expert identification of collected specimens,Syrphidae,mm,mode,,both,adult,,,,,,,,,,,
PreservedSpecimen,Eristalis arbustorum,Proboscis,,1,mm,single observation,,both,adult,,,,,,,,,,,
PreservedSpecimen,Eristalis arbustorum,Body,Total body length,10,mm,range,,both,adult,,,,,,,,,,,
HumanObservation,Eristalis arbustorum,Foraging,,Non-central-place forager,mm,mode,,both,adult,,,,,,,,,,,
PreservedSpecimen,Eristalis horticola,Family,Expert identification of collected specimens,Syrphidae,mm,mode,,both,adult,,,,,,,,,,,
PreservedSpecimen,Eristalis horticola,Proboscis,,1.5,mm,single observation,,both,adult,,,,,,,,,,,
PreservedSpecimen,Eristalis horticola,Body,Total body length,12,mm,range,,both,adult,,,,,,,,,,,
HumanObservation,Eristalis horticola,Foraging,,Non-central-place forager,mm,mode,,both,adult,,,,,,,,,,,
PreservedSpecimen,Eristalis interrupta,Family,Expert identification of collected specimens,Syrphidae,mm,mode,,both,adult,,,,,,,,,,,
PreservedSpecimen,Eristalis interrupta,Proboscis,,1,mm,single observation,,both,adult,,,,,,,,,,,
PreservedSpecimen,Eristalis interrupta,Body,Total body length,12,mm,range,,both,adult,,,,,,,,,,,
HumanObservation,Eristalis interrupta,Foraging,,Non-central-place forager,mm,mode,,both,adult,,,,,,,,,,,
PreservedSpecimen,Eristalis jugorum,Family,Expert identification of collected specimens,Syrphidae,mm,mode,,both,adult,,,,,,,,,,,
PreservedSpecimen,Eristalis jugorum,Proboscis,,1.5,mm,single observation,,both,adult,,,,,,,,,,,
PreservedSpecimen,Eristalis jugorum,Body,Total body length,12.5,mm,range,,both,adult,,,,,,,,,,,
HumanObservation,Eristalis jugorum,Foraging,,Non-central-place forager,mm,mode,,both,adult,,,,,,,,,,,
PreservedSpecimen,Eristalis pertinax,Family,Expert identification of collected specimens,Syrphidae,mm,mode,,both,adult,,,,,,,,,,,
PreservedSpecimen,Eristalis pertinax,Proboscis,,1.5,mm,single observation,,both,adult,,,,,,,,,,,
PreservedSpecimen,Eristalis pertinax,Body,Total body length,14,mm,range,,both,adult,,,,,,,,,,,
HumanObservation,Eristalis pertinax,Foraging,,Non-central-place forager,mm,mode,,both,adult,,,,,,,,,,,
PreservedSpecimen,Eristalis rupium,Family,Expert identification of collected specimens,Syrphidae,mm,mode,,both,adult,,,,,,,,,,,
PreservedSpecimen,Eristalis rupium,Proboscis,,1,mm,single observation,,both,adult,,,,,,,,,,,
PreservedSpecimen,Eristalis rupium,Body,Total body length,11.5,mm,range,,both,adult,,,,,,,,,,,
HumanObservation,Eristalis rupium,Foraging,,Non-central-place forager,mm,mode,,both,adult,,,,,,,,,,,
PreservedSpecimen,Eristalis similis,Family,Expert identification of collected specimens,Syrphidae,mm,mode,,both,adult,,,,,,,,,,,
PreservedSpecimen,Eristalis similis,Proboscis,,1.5,mm,single observation,,both,adult,,,,,,,,,,,
PreservedSpecimen,Eristalis similis,Body,Total body length,14,mm,range,,both,adult,,,,,,,,,,,
HumanObservation,Eristalis similis,Foraging,,Non-central-place forager,mm,mode,,both,adult,,,,,,,,,,,
PreservedSpecimen,Eristalis tenax,Family,Expert identification of collected specimens,Syrphidae,mm,mode,,both,adult,,,,,,,,,,,
PreservedSpecimen,Eristalis tenax,Proboscis,,1.5,mm,single observation,,both,adult,,,,,,,,,,,
PreservedSpecimen,Eristalis tenax,Body,Total body length,15,mm,range,,both,adult,,,,,,,,,,,
HumanObservation,Eristalis tenax,Foraging,,Non-central-place forager,mm,mode,,both,adult,,,,,,,,,,,
PreservedSpecimen,Erycia fatua,Family,Expert identification of collected specimens,Tachinidae,mm,mode,,both,adult,,,,,,,,,,,
PreservedSpecimen,Erycia fatua,Proboscis,,2.1,mm,single observation,,both,adult,,,,,,,,,,,
PreservedSpecimen,Erycia fatua,Body,Total body length,8.5,mm,range,,both,adult,,,,,,,,,,,
HumanObservation,Erycia fatua,Foraging,,Non-central-place forager,mm,mode,,both,adult,,,,,,,,,,,
PreservedSpecimen,Eucera longicornis,Family,Expert identification of collected specimens,Apidae,mm,mode,,both,adult,,,,,,,,,,,
PreservedSpecimen,Eucera longicornis,Proboscis,,6.25,mm,single observation,,both,adult,,,,,,,,,,,
PreservedSpecimen,Eucera longicornis,Body,Total body length,14.5,mm,range,,both,adult,,,,,,,,,,,
HumanObservation,Eucera longicornis,Foraging,,Central-place forager,mm,mode,,both,adult,,,,,,,,,,,
PreservedSpecimen,Eucera nigrescens,Family,Expert identification of collected specimens,Apidae,mm,mode,,both,adult,,,,,,,,,,,
PreservedSpecimen,Eucera nigrescens,Proboscis,,8.25,mm,single observation,,both,adult,,,,,,,,,,,
PreservedSpecimen,Eucera nigrescens,Body,Total body length,13,mm,range,,both,adult,,,,,,,,,,,
HumanObservation,Eucera nigrescens,Foraging,,Central-place forager,mm,mode,,both,adult,,,,,,,,,,,
PreservedSpecimen,Eulabidogaster setifacies,Family,Expert identification of collected specimens,Tachinidae,mm,mode,,both,adult,,,,,,,,,,,
PreservedSpecimen,Eulabidogaster setifacies,Proboscis,,2.1,mm,single observation,,both,adult,,,,,,,,,,,
PreservedSpecimen,Eulabidogaster setifacies,Body,Total body length,7,mm,range,,both,adult,,,,,,,,,,,
HumanObservation,Eulabidogaster setifacies,Foraging,,Non-central-place forager,mm,mode,,both,adult,,,,,,,,,,,
PreservedSpecimen,Eupeodes corollae,Family,Expert identification of collected specimens,Syrphidae,mm,mode,,both,adult,,,,,,,,,,,
PreservedSpecimen,Eupeodes corollae,Proboscis,,1,mm,single observation,,both,adult,,,,,,,,,,,
PreservedSpecimen,Eupeodes corollae,Body,Total body length,8,mm,range,,both,adult,,,,,,,,,,,
HumanObservation,Eupeodes corollae,Foraging,,Non-central-place forager,mm,mode,,both,adult,,,,,,,,,,,
PreservedSpecimen,Eupeodes lapponicus,Family,Expert identification of collected specimens,Syrphidae,mm,mode,,both,adult,,,,,,,,,,,
PreservedSpecimen,Eupeodes lapponicus,Proboscis,,1,mm,single observation,,both,adult,,,,,,,,,,,
PreservedSpecimen,Eupeodes lapponicus,Body,Total body length,8,mm,range,,both,adult,,,,,,,,,,,
HumanObservation,Eupeodes lapponicus,Foraging,,Non-central-place forager,mm,mode,,both,adult,,,,,,,,,,,
PreservedSpecimen,Eupeodes latifasciatus,Family,Expert identification of collected specimens,Syrphidae,mm,mode,,both,adult,,,,,,,,,,,
PreservedSpecimen,Eupeodes latifasciatus,Proboscis,,1,mm,single observation,,both,adult,,,,,,,,,,,
PreservedSpecimen,Eupeodes latifasciatus,Body,Total body length,10,mm,range,,both,adult,,,,,,,,,,,
HumanObservation,Eupeodes latifasciatus,Foraging,,Non-central-place forager,mm,mode,,both,adult,,,,,,,,,,,
PreservedSpecimen,Eupeodes luniger,Family,Expert identification of collected specimens,Syrphidae,mm,mode,,both,adult,,,,,,,,,,,
PreservedSpecimen,Eupeodes luniger,Proboscis,,1,mm,single observation,,both,adult,,,,,,,,,,,
PreservedSpecimen,Eupeodes luniger,Body,Total body length,9.5,mm,range,,both,adult,,,,,,,,,,,
HumanObservation,Eupeodes luniger,Foraging,,Non-central-place forager,mm,mode,,both,adult,,,,,,,,,,,
PreservedSpecimen,Eupeodes tirolensis,Family,Expert identification of collected specimens,Syrphidae,mm,mode,,both,adult,,,,,,,,,,,
PreservedSpecimen,Eupeodes tirolensis,Proboscis,,1,mm,single observation,,both,adult,,,,,,,,,,,
PreservedSpecimen,Eupeodes tirolensis,Body,Total body length,10,mm,range,,both,adult,,,,,,,,,,,
HumanObservation,Eupeodes tirolensis,Foraging,,Non-central-place forager,mm,mode,,both,adult,,,,,,,,,,,
PreservedSpecimen,Exorista rustica,Family,Expert identification of collected specimens,Tachinidae,mm,mode,,both,adult,,,,,,,,,,,
PreservedSpecimen,Exorista rustica,Proboscis,,2.2,mm,single observation,,both,adult,,,,,,,,,,,
PreservedSpecimen,Exorista rustica,Body,Total body length,12,mm,range,,both,adult,,,,,,,,,,,
HumanObservation,Exorista rustica,Foraging,,Non-central-place forager,mm,mode,,both,adult,,,,,,,,,,,
PreservedSpecimen,Exorista tubulosa,Family,Expert identification of collected specimens,Tachinidae,mm,mode,,both,adult,,,,,,,,,,,
PreservedSpecimen,Exorista tubulosa,Proboscis,,2.4,mm,single observation,,both,adult,,,,,,,,,,,
PreservedSpecimen,Exorista tubulosa,Body,Total body length,8.5,mm,range,,both,adult,,,,,,,,,,,
HumanObservation,Exorista tubulosa,Foraging,,Non-central-place forager,mm,mode,,both,adult,,,,,,,,,,,
PreservedSpecimen,Gorytes quinquecinctus,Family,Expert identification of collected specimens,Crabronidae,mm,mode,,both,adult,,,,,,,,,,,
PreservedSpecimen,Gorytes quinquecinctus,Proboscis,,0.7,mm,single observation,,both,adult,,,,,,,,,,,
PreservedSpecimen,Gorytes quinquecinctus,Body,Total body length,10,mm,range,,both,adult,,,,,,,,,,,
HumanObservation,Gorytes quinquecinctus,Foraging,,Central-place forager,mm,mode,,both,adult,,,,,,,,,,,
PreservedSpecimen,Gymnosoma clavatum,Family,Expert identification of collected specimens,Tachinidae,mm,mode,,both,adult,,,,,,,,,,,
PreservedSpecimen,Gymnosoma clavatum,Proboscis,,1.9,mm,single observation,,both,adult,,,,,,,,,,,
PreservedSpecimen,Gymnosoma clavatum,Body,Total body length,7,mm,range,,both,adult,,,,,,,,,,,
HumanObservation,Gymnosoma clavatum,Foraging,,Non-central-place forager,mm,mode,,both,adult,,,,,,,,,,,
PreservedSpecimen,Gymnosoma nitens,Family,Expert identification of collected specimens,Tachinidae,mm,mode,,both,adult,,,,,,,,,,,
PreservedSpecimen,Gymnosoma nitens,Proboscis,,1.7,mm,single observation,,both,adult,,,,,,,,,,,
PreservedSpecimen,Gymnosoma nitens,Body,Total body length,5,mm,range,,both,adult,,,,,,,,,,,
HumanObservation,Gymnosoma nitens,Foraging,,Non-central-place forager,mm,mode,,both,adult,,,,,,,,,,,
PreservedSpecimen,Gymnosoma rotundatum,Family,Expert identification of collected specimens,Tachinidae,mm,mode,,both,adult,,,,,,,,,,,
PreservedSpecimen,Gymnosoma rotundatum,Proboscis,,2.4,mm,single observation,,both,adult,,,,,,,,,,,
PreservedSpecimen,Gymnosoma rotundatum,Body,Total body length,7.75,mm,range,,both,adult,,,,,,,,,,,
HumanObservation,Gymnosoma rotundatum,Foraging,,Non-central-place forager,mm,mode,,both,adult,,,,,,,,,,,
PreservedSpecimen,Gymnosoma sp.,Family,Expert identification of collected specimens,Tachinidae,mm,mode,,both,adult,,,,,,,,,,,
PreservedSpecimen,Gymnosoma sp.,Proboscis,,2,mm,single observation,,both,adult,,,,,,,,,,,
PreservedSpecimen,Gymnosoma sp.,Body,Total body length,7,mm,range,,both,adult,,,,,,,,,,,
HumanObservation,Gymnosoma sp.,Foraging,,Non-central-place forager,mm,mode,,both,adult,,,,,,,,,,,
PreservedSpecimen,Halictus compressus,Family,Expert identification of collected specimens,Halictidae,mm,mode,,both,adult,,,,,,,,,,,
PreservedSpecimen,Halictus compressus,Proboscis,,2.55,mm,single observation,,both,adult,,,,,,,,,,,
PreservedSpecimen,Halictus compressus,Body,Total body length,9.5,mm,range,,both,adult,,,,,,,,,,,
HumanObservation,Halictus compressus,Foraging,,Central-place forager,mm,mode,,both,adult,,,,,,,,,,,
PreservedSpecimen,Halictus langobardicus,Family,Expert identification of collected specimens,Halictidae,mm,mode,,both,adult,,,,,,,,,,,
PreservedSpecimen,Halictus langobardicus,Proboscis,,2.1,mm,single observation,,both,adult,,,,,,,,,,,
PreservedSpecimen,Halictus langobardicus,Body,Total body length,8.5,mm,range,,both,adult,,,,,,,,,,,
HumanObservation,Halictus langobardicus,Foraging,,Central-place forager,mm,mode,,both,adult,,,,,,,,,,,
PreservedSpecimen,Halictus maculatus,Family,Expert identification of collected specimens,Halictidae,mm,mode,,both,adult,,,,,,,,,,,
PreservedSpecimen,Halictus maculatus,Proboscis,,1.6,mm,single observation,,both,adult,,,,,,,,,,,
PreservedSpecimen,Halictus maculatus,Body,Total body length,8.5,mm,range,,both,adult,,,,,,,,,,,
HumanObservation,Halictus maculatus,Foraging,,Central-place forager,mm,mode,,both,adult,,,,,,,,,,,
PreservedSpecimen,Halictus rubicundus,Family,Expert identification of collected specimens,Halictidae,mm,mode,,both,adult,,,,,,,,,,,
PreservedSpecimen,Halictus rubicundus,Proboscis,,2.23,mm,single observation,,both,adult,,,,,,,,,,,
PreservedSpecimen,Halictus rubicundus,Body,Total body length,10.5,mm,range,,both,adult,,,,,,,,,,,
HumanObservation,Halictus rubicundus,Foraging,,Central-place forager,mm,mode,,both,adult,,,,,,,,,,,
PreservedSpecimen,Halictus scabiosae,Family,Expert identification of collected specimens,Halictidae,mm,mode,,both,adult,,,,,,,,,,,
PreservedSpecimen,Halictus scabiosae,Proboscis,,3.65,mm,single observation,,both,adult,,,,,,,,,,,
PreservedSpecimen,Halictus scabiosae,Body,Total body length,13,mm,range,,both,adult,,,,,,,,,,,
HumanObservation,Halictus scabiosae,Foraging,,Central-place forager,mm,mode,,both,adult,,,,,,,,,,,
PreservedSpecimen,Halictus simplex,Family,Expert identification of collected specimens,Halictidae,mm,mode,,both,adult,,,,,,,,,,,
PreservedSpecimen,Halictus simplex,Proboscis,,2.75,mm,single observation,,both,adult,,,,,,,,,,,
PreservedSpecimen,Halictus simplex,Body,Total body length,9.75,mm,range,,both,adult,,,,,,,,,,,
HumanObservation,Halictus simplex,Foraging,,Central-place forager,mm,mode,,both,adult,,,,,,,,,,,
PreservedSpecimen,Halictus subauratus,Family,Expert identification of collected specimens,Halictidae,mm,mode,,both,adult,,,,,,,,,,,
PreservedSpecimen,Halictus subauratus,Proboscis,,1.85,mm,single observation,,both,adult,,,,,,,,,,,
PreservedSpecimen,Halictus subauratus,Body,Total body length,7,mm,range,,both,adult,,,,,,,,,,,
HumanObservation,Halictus subauratus,Foraging,,Central-place forager,mm,mode,,both,adult,,,,,,,,,,,
PreservedSpecimen,Helophilus pendulus,Family,Expert identification of collected specimens,Syrphidae,mm,mode,,both,adult,,,,,,,,,,,
PreservedSpecimen,Helophilus pendulus,Proboscis,,1,mm,single observation,,both,adult,,,,,,,,,,,
PreservedSpecimen,Helophilus pendulus,Body,Total body length,12,mm,range,,both,adult,,,,,,,,,,,
HumanObservation,Helophilus pendulus,Foraging,,Non-central-place forager,mm,mode,,both,adult,,,,,,,,,,,
PreservedSpecimen,Helophilus trivittatus,Family,Expert identification of collected specimens,Syrphidae,mm,mode,,both,adult,,,,,,,,,,,
PreservedSpecimen,Helophilus trivittatus,Proboscis,,1,mm,single observation,,both,adult,,,,,,,,,,,
PreservedSpecimen,Helophilus trivittatus,Body,Total body length,15.5,mm,range,,both,adult,,,,,,,,,,,
HumanObservation,Helophilus trivittatus,Foraging,,Non-central-place forager,mm,mode,,both,adult,,,,,,,,,,,
PreservedSpecimen,Heriades rubicola,Family,Expert identification of collected specimens,Megachilidae,mm,mode,,both,adult,,,,,,,,,,,
PreservedSpecimen,Heriades rubicola,Proboscis,,1.8,mm,single observation,,both,adult,,,,,,,,,,,
PreservedSpecimen,Heriades rubicola,Body,Total body length,6,mm,range,,both,adult,,,,,,,,,,,
HumanObservation,Heriades rubicola,Foraging,,Central-place forager,mm,mode,,both,adult,,,,,,,,,,,
PreservedSpecimen,Heriades truncorum,Family,Expert identification of collected specimens,Megachilidae,mm,mode,,both,adult,,,,,,,,,,,
PreservedSpecimen,Heriades truncorum,Proboscis,,2.2,mm,single observation,,both,adult,,,,,,,,,,,
PreservedSpecimen,Heriades truncorum,Body,Total body length,8,mm,range,,both,adult,,,,,,,,,,,
HumanObservation,Heriades truncorum,Foraging,,Central-place forager,mm,mode,,both,adult,,,,,,,,,,,
PreservedSpecimen,Hopitis adunca,Family,Expert identification of collected specimens,Megachilidae,mm,mode,,both,adult,,,,,,,,,,,
PreservedSpecimen,Hopitis adunca,Proboscis,,4.5,mm,single observation,,both,adult,,,,,,,,,,,
PreservedSpecimen,Hopitis adunca,Body,Total body length,9,mm,range,,both,adult,,,,,,,,,,,
HumanObservation,Hopitis adunca,Foraging,,Central-place forager,mm,mode,,both,adult,,,,,,,,,,,
PreservedSpecimen,Hopitis sp. 1,Family,Expert identification of collected specimens,Megachilidae,mm,mode,,both,adult,,,,,,,,,,,
PreservedSpecimen,Hopitis sp. 1,Proboscis,,3.9,mm,single observation,,both,adult,,,,,,,,,,,
PreservedSpecimen,Hopitis sp. 1,Body,Total body length,7.5,mm,range,,both,adult,,,,,,,,,,,
HumanObservation,Hopitis sp. 1,Foraging,,Central-place forager,mm,mode,,both,adult,,,,,,,,,,,
PreservedSpecimen,Hopitis villosa,Family,Expert identification of collected specimens,Megachilidae,mm,mode,,both,adult,,,,,,,,,,,
PreservedSpecimen,Hopitis villosa,Proboscis,,4.8,mm,single observation,,both,adult,,,,,,,,,,,
PreservedSpecimen,Hopitis villosa,Body,Total body length,12,mm,range,,both,adult,,,,,,,,,,,
HumanObservation,Hopitis villosa,Foraging,,Central-place forager,mm,mode,,both,adult,,,,,,,,,,,
PreservedSpecimen,Hyalurgus cruciger,Family,Expert identification of collected specimens,Tachinidae,mm,mode,,both,adult,,,,,,,,,,,
PreservedSpecimen,Hyalurgus cruciger,Proboscis,,1.1,mm,single observation,,both,adult,,,,,,,,,,,
PreservedSpecimen,Hyalurgus cruciger,Body,Total body length,5.5,mm,range,,both,adult,,,,,,,,,,,
HumanObservation,Hyalurgus cruciger,Foraging,,Non-central-place forager,mm,mode,,both,adult,,,,,,,,,,,
PreservedSpecimen,Hylaeus brevicornis,Family,Expert identification of collected specimens,Colletidae,mm,mode,,both,adult,,,,,,,,,,,
PreservedSpecimen,Hylaeus brevicornis,Proboscis,,0.75,mm,single observation,,both,adult,,,,,,,,,,,
PreservedSpecimen,Hylaeus brevicornis,Body,Total body length,4.75,mm,range,,both,adult,,,,,,,,,,,
HumanObservation,Hylaeus brevicornis,Foraging,,Central-place forager,mm,mode,,both,adult,,,,,,,,,,,
PreservedSpecimen,Hylaeus communis,Family,Expert identification of collected specimens,Colletidae,mm,mode,,both,adult,,,,,,,,,,,
PreservedSpecimen,Hylaeus communis,Proboscis,,0.75,mm,single observation,,both,adult,,,,,,,,,,,
PreservedSpecimen,Hylaeus communis,Body,Total body length,4.75,mm,range,,both,adult,,,,,,,,,,,
HumanObservation,Hylaeus communis,Foraging,,Central-place forager,mm,mode,,both,adult,,,,,,,,,,,
PreservedSpecimen,Hylaeus confusus,Family,Expert identification of collected specimens,Colletidae,mm,mode,,both,adult,,,,,,,,,,,
PreservedSpecimen,Hylaeus confusus,Proboscis,,1,mm,single observation,,both,adult,,,,,,,,,,,
PreservedSpecimen,Hylaeus confusus,Body,Total body length,5.5,mm,range,,both,adult,,,,,,,,,,,
HumanObservation,Hylaeus confusus,Foraging,,Central-place forager,mm,mode,,both,adult,,,,,,,,,,,
PreservedSpecimen,Hylaeus gibbus,Family,Expert identification of collected specimens,Colletidae,mm,mode,,both,adult,,,,,,,,,,,
PreservedSpecimen,Hylaeus gibbus,Proboscis,,1.1,mm,single observation,,both,adult,,,,,,,,,,,
PreservedSpecimen,Hylaeus gibbus,Body,Total body length,6.75,mm,range,,both,adult,,,,,,,,,,,
HumanObservation,Hylaeus gibbus,Foraging,,Central-place forager,mm,mode,,both,adult,,,,,,,,,,,
PreservedSpecimen,Hylaeus hyalinatus,Family,Expert identification of collected specimens,Colletidae,mm,mode,,both,adult,,,,,,,,,,,
PreservedSpecimen,Hylaeus hyalinatus,Proboscis,,0.8,mm,single observation,,both,adult,,,,,,,,,,,
PreservedSpecimen,Hylaeus hyalinatus,Body,Total body length,5.3,mm,range,,both,adult,,,,,,,,,,,
HumanObservation,Hylaeus hyalinatus,Foraging,,Central-place forager,mm,mode,,both,adult,,,,,,,,,,,
PreservedSpecimen,Hylaeus imparilis,Family,Expert identification of collected specimens,Colletidae,mm,mode,,both,adult,,,,,,,,,,,
PreservedSpecimen,Hylaeus imparilis,Proboscis,,0.55,mm,single observation,,both,adult,,,,,,,,,,,
PreservedSpecimen,Hylaeus imparilis,Body,Total body length,4,mm,range,,both,adult,,,,,,,,,,,
HumanObservation,Hylaeus imparilis,Foraging,,Central-place forager,mm,mode,,both,adult,,,,,,,,,,,
PreservedSpecimen,Hylaeus punctatus,Family,Expert identification of collected specimens,Colletidae,mm,mode,,both,adult,,,,,,,,,,,
PreservedSpecimen,Hylaeus punctatus,Proboscis,,0.7,mm,single observation,,both,adult,,,,,,,,,,,
PreservedSpecimen,Hylaeus punctatus,Body,Total body length,5,mm,range,,both,adult,,,,,,,,,,,
HumanObservation,Hylaeus punctatus,Foraging,,Central-place forager,mm,mode,,both,adult,,,,,,,,,,,
PreservedSpecimen,Hylaeus taeniolatus,Family,Expert identification of collected specimens,Colletidae,mm,mode,,both,adult,,,,,,,,,,,
PreservedSpecimen,Hylaeus taeniolatus,Proboscis,,0.6,mm,single observation,,both,adult,,,,,,,,,,,
PreservedSpecimen,Hylaeus taeniolatus,Body,Total body length,4,mm,range,,both,adult,,,,,,,,,,,
HumanObservation,Hylaeus taeniolatus,Foraging,,Central-place forager,mm,mode,,both,adult,,,,,,,,,,,
PreservedSpecimen,Hylaeus tyrolensis,Family,Expert identification of collected specimens,Colletidae,mm,mode,,both,adult,,,,,,,,,,,
PreservedSpecimen,Hylaeus tyrolensis,Proboscis,,0.6,mm,single observation,,both,adult,,,,,,,,,,,
PreservedSpecimen,Hylaeus tyrolensis,Body,Total body length,5,mm,range,,both,adult,,,,,,,,,,,
HumanObservation,Hylaeus tyrolensis,Foraging,,Central-place forager,mm,mode,,both,adult,,,,,,,,,,,
PreservedSpecimen,Hylaeus variegatus,Family,Expert identification of collected specimens,Colletidae,mm,mode,,both,adult,,,,,,,,,,,
PreservedSpecimen,Hylaeus variegatus,Proboscis,,1,mm,single observation,,both,adult,,,,,,,,,,,
PreservedSpecimen,Hylaeus variegatus,Body,Total body length,6.25,mm,range,,both,adult,,,,,,,,,,,
HumanObservation,Hylaeus variegatus,Foraging,,Central-place forager,mm,mode,,both,adult,,,,,,,,,,,
PreservedSpecimen,Lasioglossum albipes,Family,Expert identification of collected specimens,Halictidae,mm,mode,,both,adult,,,,,,,,,,,
PreservedSpecimen,Lasioglossum albipes,Proboscis,,1.5,mm,single observation,,both,adult,,,,,,,,,,,
PreservedSpecimen,Lasioglossum albipes,Body,Total body length,8,mm,range,,both,adult,,,,,,,,,,,
HumanObservation,Lasioglossum albipes,Foraging,,Central-place forager,mm,mode,,both,adult,,,,,,,,,,,
PreservedSpecimen,Lasioglossum angusticeps,Family,Expert identification of collected specimens,Halictidae,mm,mode,,both,adult,,,,,,,,,,,
PreservedSpecimen,Lasioglossum angusticeps,Proboscis,,1.8,mm,single observation,,both,adult,,,,,,,,,,,
PreservedSpecimen,Lasioglossum angusticeps,Body,Total body length,7,mm,range,,both,adult,,,,,,,,,,,
HumanObservation,Lasioglossum angusticeps,Foraging,,Central-place forager,mm,mode,,both,adult,,,,,,,,,,,
PreservedSpecimen,Lasioglossum calceatum,Family,Expert identification of collected specimens,Halictidae,mm,mode,,both,adult,,,,,,,,,,,
PreservedSpecimen,Lasioglossum calceatum,Proboscis,,2.2,mm,single observation,,both,adult,,,,,,,,,,,
PreservedSpecimen,Lasioglossum calceatum,Body,Total body length,10,mm,range,,both,adult,,,,,,,,,,,
HumanObservation,Lasioglossum calceatum,Foraging,,Central-place forager,mm,mode,,both,adult,,,,,,,,,,,
PreservedSpecimen,Lasioglossum discum,Family,Expert identification of collected specimens,Halictidae,mm,mode,,both,adult,,,,,,,,,,,
PreservedSpecimen,Lasioglossum discum,Proboscis,,2.6,mm,single observation,,both,adult,,,,,,,,,,,
PreservedSpecimen,Lasioglossum discum,Body,Total body length,8.75,mm,range,,both,adult,,,,,,,,,,,
HumanObservation,Lasioglossum discum,Foraging,,Central-place forager,mm,mode,,both,adult,,,,,,,,,,,
PreservedSpecimen,Lasioglossum fulvicorne,Family,Expert identification of collected specimens,Halictidae,mm,mode,,both,adult,,,,,,,,,,,
PreservedSpecimen,Lasioglossum fulvicorne,Proboscis,,1.3,mm,single observation,,both,adult,,,,,,,,,,,
PreservedSpecimen,Lasioglossum fulvicorne,Body,Total body length,7.5,mm,range,,both,adult,,,,,,,,,,,
HumanObservation,Lasioglossum fulvicorne,Foraging,,Central-place forager,mm,mode,,both,adult,,,,,,,,,,,
PreservedSpecimen,Lasioglossum glabriusculum,Family,Expert identification of collected specimens,Halictidae,mm,mode,,both,adult,,,,,,,,,,,
PreservedSpecimen,Lasioglossum glabriusculum,Proboscis,,1,mm,single observation,,both,adult,,,,,,,,,,,
PreservedSpecimen,Lasioglossum glabriusculum,Body,Total body length,4.5,mm,range,,both,adult,,,,,,,,,,,
HumanObservation,Lasioglossum glabriusculum,Foraging,,Central-place forager,mm,mode,,both,adult,,,,,,,,,,,
PreservedSpecimen,Lasioglossum lativentre,Family,Expert identification of collected specimens,Halictidae,mm,mode,,both,adult,,,,,,,,,,,
PreservedSpecimen,Lasioglossum lativentre,Proboscis,,1.7,mm,single observation,,both,adult,,,,,,,,,,,
PreservedSpecimen,Lasioglossum lativentre,Body,Total body length,8,mm,range,,both,adult,,,,,,,,,,,
HumanObservation,Lasioglossum lativentre,Foraging,,Central-place forager,mm,mode,,both,adult,,,,,,,,,,,
PreservedSpecimen,Lasioglossum leucozonium,Family,Expert identification of collected specimens,Halictidae,mm,mode,,both,adult,,,,,,,,,,,
PreservedSpecimen,Lasioglossum leucozonium,Proboscis,,2.25,mm,single observation,,both,adult,,,,,,,,,,,
PreservedSpecimen,Lasioglossum leucozonium,Body,Total body length,8,mm,range,,both,adult,,,,,,,,,,,
HumanObservation,Lasioglossum leucozonium,Foraging,,Central-place forager,mm,mode,,both,adult,,,,,,,,,,,
PreservedSpecimen,Lasioglossum malachurum,Family,Expert identification of collected specimens,Halictidae,mm,mode,,both,adult,,,,,,,,,,,
PreservedSpecimen,Lasioglossum malachurum,Proboscis,,1.8,mm,single observation,,both,adult,,,,,,,,,,,
PreservedSpecimen,Lasioglossum malachurum,Body,Total body length,9,mm,range,,both,adult,,,,,,,,,,,
HumanObservation,Lasioglossum malachurum,Foraging,,Central-place forager,mm,mode,,both,adult,,,,,,,,,,,
PreservedSpecimen,Lasioglossum morio,Family,Expert identification of collected specimens,Halictidae,mm,mode,,both,adult,,,,,,,,,,,
PreservedSpecimen,Lasioglossum morio,Proboscis,,1.1,mm,single observation,,both,adult,,,,,,,,,,,
PreservedSpecimen,Lasioglossum morio,Body,Total body length,7,mm,range,,both,adult,,,,,,,,,,,
HumanObservation,Lasioglossum morio,Foraging,,Central-place forager,mm,mode,,both,adult,,,,,,,,,,,
PreservedSpecimen,Lasioglossum nigripes,Family,Expert identification of collected specimens,Halictidae,mm,mode,,both,adult,,,,,,,,,,,
PreservedSpecimen,Lasioglossum nigripes,Proboscis,,2.45,mm,single observation,,both,adult,,,,,,,,,,,
PreservedSpecimen,Lasioglossum nigripes,Body,Total body length,9.75,mm,range,,both,adult,,,,,,,,,,,
HumanObservation,Lasioglossum nigripes,Foraging,,Central-place forager,mm,mode,,both,adult,,,,,,,,,,,
PreservedSpecimen,Lasioglossum parvulum,Family,Expert identification of collected specimens,Halictidae,mm,mode,,both,adult,,,,,,,,,,,
PreservedSpecimen,Lasioglossum parvulum,Proboscis,,1.3,mm,single observation,,both,adult,,,,,,,,,,,
PreservedSpecimen,Lasioglossum parvulum,Body,Total body length,6.5,mm,range,,both,adult,,,,,,,,,,,
HumanObservation,Lasioglossum parvulum,Foraging,,Central-place forager,mm,mode,,both,adult,,,,,,,,,,,
PreservedSpecimen,Lasioglossum politum,Family,Expert identification of collected specimens,Halictidae,mm,mode,,both,adult,,,,,,,,,,,
PreservedSpecimen,Lasioglossum politum,Proboscis,,0.93,mm,single observation,,both,adult,,,,,,,,,,,
PreservedSpecimen,Lasioglossum politum,Body,Total body length,5.25,mm,range,,both,adult,,,,,,,,,,,
HumanObservation,Lasioglossum politum,Foraging,,Central-place forager,mm,mode,,both,adult,,,,,,,,,,,
PreservedSpecimen,Lasioglossum punctatissimum,Family,Expert identification of collected specimens,Halictidae,mm,mode,,both,adult,,,,,,,,,,,
PreservedSpecimen,Lasioglossum punctatissimum,Proboscis,,1.3,mm,single observation,,both,adult,,,,,,,,,,,
PreservedSpecimen,Lasioglossum punctatissimum,Body,Total body length,6,mm,range,,both,adult,,,,,,,,,,,
HumanObservation,Lasioglossum punctatissimum,Foraging,,Central-place forager,mm,mode,,both,adult,,,,,,,,,,,
PreservedSpecimen,Lasioglossum pygmaeum,Family,Expert identification of collected specimens,Halictidae,mm,mode,,both,adult,,,,,,,,,,,
PreservedSpecimen,Lasioglossum pygmaeum,Proboscis,,1,mm,single observation,,both,adult,,,,,,,,,,,
PreservedSpecimen,Lasioglossum pygmaeum,Body,Total body length,6,mm,range,,both,adult,,,,,,,,,,,
HumanObservation,Lasioglossum pygmaeum,Foraging,,Central-place forager,mm,mode,,both,adult,,,,,,,,,,,
PreservedSpecimen,Lasioglossum rufitarse,Family,Expert identification of collected specimens,Halictidae,mm,mode,,both,adult,,,,,,,,,,,
PreservedSpecimen,Lasioglossum rufitarse,Proboscis,,1.3,mm,single observation,,both,adult,,,,,,,,,,,
PreservedSpecimen,Lasioglossum rufitarse,Body,Total body length,6,mm,range,,both,adult,,,,,,,,,,,
HumanObservation,Lasioglossum rufitarse,Foraging,,Central-place forager,mm,mode,,both,adult,,,,,,,,,,,
PreservedSpecimen,Lasioglossum sp. 1,Family,Expert identification of collected specimens,Halictidae,mm,mode,,both,adult,,,,,,,,,,,
PreservedSpecimen,Lasioglossum sp. 1,Proboscis,,1.2,mm,single observation,,both,adult,,,,,,,,,,,
PreservedSpecimen,Lasioglossum sp. 1,Body,Total body length,6.5,mm,range,,both,adult,,,,,,,,,,,
HumanObservation,Lasioglossum sp. 1,Foraging,,Central-place forager,mm,mode,,both,adult,,,,,,,,,,,
PreservedSpecimen,Lasioglossum sp. 2,Family,Expert identification of collected specimens,Halictidae,mm,mode,,both,adult,,,,,,,,,,,
PreservedSpecimen,Lasioglossum sp. 2,Proboscis,,2.5,mm,single observation,,both,adult,,,,,,,,,,,
PreservedSpecimen,Lasioglossum sp. 2,Body,Total body length,8,mm,range,,both,adult,,,,,,,,,,,
HumanObservation,Lasioglossum sp. 2,Foraging,,Central-place forager,mm,mode,,both,adult,,,,,,,,,,,
PreservedSpecimen,Lasioglossum villosulum,Family,Expert identification of collected specimens,Halictidae,mm,mode,,both,adult,,,,,,,,,,,
PreservedSpecimen,Lasioglossum villosulum,Proboscis,,1.65,mm,single observation,,both,adult,,,,,,,,,,,
PreservedSpecimen,Lasioglossum villosulum,Body,Total body length,6,mm,range,,both,adult,,,,,,,,,,,
HumanObservation,Lasioglossum villosulum,Foraging,,Central-place forager,mm,mode,,both,adult,,,,,,,,,,,
PreservedSpecimen,Lasioglossum zonulum,Family,Expert identification of collected specimens,Halictidae,mm,mode,,both,adult,,,,,,,,,,,
PreservedSpecimen,Lasioglossum zonulum,Proboscis,,2.5,mm,single observation,,both,adult,,,,,,,,,,,
PreservedSpecimen,Lasioglossum zonulum,Body,Total body length,8.5,mm,range,,both,adult,,,,,,,,,,,
HumanObservation,Lasioglossum zonulum,Foraging,,Central-place forager,mm,mode,,both,adult,,,,,,,,,,,
PreservedSpecimen,Leucostoma simplex,Family,Expert identification of collected specimens,Tachinidae,mm,mode,,both,adult,,,,,,,,,,,
PreservedSpecimen,Leucostoma simplex,Proboscis,,2.2,mm,single observation,,both,adult,,,,,,,,,,,
PreservedSpecimen,Leucostoma simplex,Body,Total body length,7,mm,range,,both,adult,,,,,,,,,,,
HumanObservation,Leucostoma simplex,Foraging,,Non-central-place forager,mm,mode,,both,adult,,,,,,,,,,,
PreservedSpecimen,Leucozona lucorum,Family,Expert identification of collected specimens,Syrphidae,mm,mode,,both,adult,,,,,,,,,,,
PreservedSpecimen,Leucozona lucorum,Proboscis,,1,mm,single observation,,both,adult,,,,,,,,,,,
PreservedSpecimen,Leucozona lucorum,Body,Total body length,11.5,mm,range,,both,adult,,,,,,,,,,,
HumanObservation,Leucozona lucorum,Foraging,,Non-central-place forager,mm,mode,,both,adult,,,,,,,,,,,
PreservedSpecimen,Lindenius albilabris,Family,Expert identification of collected specimens,Crabronidae,mm,mode,,both,adult,,,,,,,,,,,
PreservedSpecimen,Lindenius albilabris,Proboscis,,0.7,mm,single observation,,both,adult,,,,,,,,,,,
PreservedSpecimen,Lindenius albilabris,Body,Total body length,6,mm,range,,both,adult,,,,,,,,,,,
HumanObservation,Lindenius albilabris,Foraging,,Central-place forager,mm,mode,,both,adult,,,,,,,,,,,
PreservedSpecimen,Linnaemya impudica,Family,Expert identification of collected specimens,Tachinidae,mm,mode,,both,adult,,,,,,,,,,,
PreservedSpecimen,Linnaemya impudica,Proboscis,,4.3,mm,single observation,,both,adult,,,,,,,,,,,
PreservedSpecimen,Linnaemya impudica,Body,Total body length,13,mm,range,,both,adult,,,,,,,,,,,
HumanObservation,Linnaemya impudica,Foraging,,Non-central-place forager,mm,mode,,both,adult,,,,,,,,,,,
PreservedSpecimen,Linnaemya lithosiophaga,Family,Expert identification of collected specimens,Tachinidae,mm,mode,,both,adult,,,,,,,,,,,
PreservedSpecimen,Linnaemya lithosiophaga,Proboscis,,1.7,mm,single observation,,both,adult,,,,,,,,,,,
PreservedSpecimen,Linnaemya lithosiophaga,Body,Total body length,7,mm,range,,both,adult,,,,,,,,,,,
HumanObservation,Linnaemya lithosiophaga,Foraging,,Non-central-place forager,mm,mode,,both,adult,,,,,,,,,,,
PreservedSpecimen,Linnaemya picta,Family,Expert identification of collected specimens,Tachinidae,mm,mode,,both,adult,,,,,,,,,,,
PreservedSpecimen,Linnaemya picta,Proboscis,,3.3,mm,single observation,,both,adult,,,,,,,,,,,
PreservedSpecimen,Linnaemya picta,Body,Total body length,12,mm,range,,both,adult,,,,,,,,,,,
HumanObservation,Linnaemya picta,Foraging,,Non-central-place forager,mm,mode,,both,adult,,,,,,,,,,,
PreservedSpecimen,Linnaemya zachvatkini,Family,Expert identification of collected specimens,Tachinidae,mm,mode,,both,adult,,,,,,,,,,,
PreservedSpecimen,Linnaemya zachvatkini,Proboscis,,3,mm,single observation,,both,adult,,,,,,,,,,,
PreservedSpecimen,Linnaemya zachvatkini,Body,Total body length,12,mm,range,,both,adult,,,,,,,,,,,
HumanObservation,Linnaemya zachvatkini,Foraging,,Non-central-place forager,mm,mode,,both,adult,,,,,,,,,,,
PreservedSpecimen,Macrophya montana,Family,Expert identification of collected specimens,Tenthredinidae,mm,mode,,both,adult,,,,,,,,,,,
PreservedSpecimen,Macrophya montana,Proboscis,,0.95,mm,single observation,,both,adult,,,,,,,,,,,
PreservedSpecimen,Macrophya montana,Body,Total body length,11.25,mm,range,,both,adult,,,,,,,,,,,
HumanObservation,Macrophya montana,Foraging,,Non-central-place forager,mm,mode,,both,adult,,,,,,,,,,,
PreservedSpecimen,Macropis europaea,Family,Expert identification of collected specimens,Melittidae,mm,mode,,both,adult,,,,,,,,,,,
PreservedSpecimen,Macropis europaea,Proboscis,,1.2,mm,single observation,,both,adult,,,,,,,,,,,
PreservedSpecimen,Macropis europaea,Body,Total body length,9,mm,range,,both,adult,,,,,,,,,,,
HumanObservation,Macropis europaea,Foraging,,Central-place forager,mm,mode,,both,adult,,,,,,,,,,,
PreservedSpecimen,Masistylum arcuatum,Family,Expert identification of collected specimens,Tachinidae,mm,mode,,both,adult,,,,,,,,,,,
PreservedSpecimen,Masistylum arcuatum,Proboscis,,2.8,mm,single observation,,both,adult,,,,,,,,,,,
PreservedSpecimen,Masistylum arcuatum,Body,Total body length,8.25,mm,range,,both,adult,,,,,,,,,,,
HumanObservation,Masistylum arcuatum,Foraging,,Non-central-place forager,mm,mode,,both,adult,,,,,,,,,,,
PreservedSpecimen,Megachile circumcincta,Family,Expert identification of collected specimens,Megachilidae,mm,mode,,both,adult,,,,,,,,,,,
PreservedSpecimen,Megachile circumcincta,Proboscis,,3.2,mm,single observation,,both,adult,,,,,,,,,,,
PreservedSpecimen,Megachile circumcincta,Body,Total body length,12,mm,range,,both,adult,,,,,,,,,,,
HumanObservation,Megachile circumcincta,Foraging,,Central-place forager,mm,mode,,both,adult,,,,,,,,,,,
PreservedSpecimen,Megachile lagopoda,Family,Expert identification of collected specimens,Megachilidae,mm,mode,,both,adult,,,,,,,,,,,
PreservedSpecimen,Megachile lagopoda,Proboscis,,6.5,mm,single observation,,both,adult,,,,,,,,,,,
PreservedSpecimen,Megachile lagopoda,Body,Total body length,18,mm,range,,both,adult,,,,,,,,,,,
HumanObservation,Megachile lagopoda,Foraging,,Central-place forager,mm,mode,,both,adult,,,,,,,,,,,
PreservedSpecimen,Megachile leachella,Family,Expert identification of collected specimens,Megachilidae,mm,mode,,both,adult,,,,,,,,,,,
PreservedSpecimen,Megachile leachella,Proboscis,,3.7,mm,single observation,,both,adult,,,,,,,,,,,
PreservedSpecimen,Megachile leachella,Body,Total body length,9,mm,range,,both,adult,,,,,,,,,,,
HumanObservation,Megachile leachella,Foraging,,Central-place forager,mm,mode,,both,adult,,,,,,,,,,,
PreservedSpecimen,Megachile ligniseca,Family,Expert identification of collected specimens,Megachilidae,mm,mode,,both,adult,,,,,,,,,,,
PreservedSpecimen,Megachile ligniseca,Proboscis,,4.5,mm,single observation,,both,adult,,,,,,,,,,,
PreservedSpecimen,Megachile ligniseca,Body,Total body length,14,mm,range,,both,adult,,,,,,,,,,,
HumanObservation,Megachile ligniseca,Foraging,,Central-place forager,mm,mode,,both,adult,,,,,,,,,,,
PreservedSpecimen,Megachile melanopyga,Family,Expert identification of collected specimens,Megachilidae,mm,mode,,both,adult,,,,,,,,,,,
PreservedSpecimen,Megachile melanopyga,Proboscis,,3.6,mm,single observation,,both,adult,,,,,,,,,,,
PreservedSpecimen,Megachile melanopyga,Body,Total body length,11,mm,range,,both,adult,,,,,,,,,,,
HumanObservation,Megachile melanopyga,Foraging,,Central-place forager,mm,mode,,both,adult,,,,,,,,,,,
PreservedSpecimen,Megachile nigriventris,Family,Expert identification of collected specimens,Megachilidae,mm,mode,,both,adult,,,,,,,,,,,
PreservedSpecimen,Megachile nigriventris,Proboscis,,6.2,mm,single observation,,both,adult,,,,,,,,,,,
PreservedSpecimen,Megachile nigriventris,Body,Total body length,15,mm,range,,both,adult,,,,,,,,,,,
HumanObservation,Megachile nigriventris,Foraging,,Central-place forager,mm,mode,,both,adult,,,,,,,,,,,
PreservedSpecimen,Megachile pilidens,Family,Expert identification of collected specimens,Megachilidae,mm,mode,,both,adult,,,,,,,,,,,
PreservedSpecimen,Megachile pilidens,Proboscis,,3.7,mm,single observation,,both,adult,,,,,,,,,,,
PreservedSpecimen,Megachile pilidens,Body,Total body length,8.75,mm,range,,both,adult,,,,,,,,,,,
HumanObservation,Megachile pilidens,Foraging,,Central-place forager,mm,mode,,both,adult,,,,,,,,,,,
PreservedSpecimen,Megachile sculpturalis,Family,Expert identification of collected specimens,Megachilidae,mm,mode,,both,adult,,,,,,,,,,,
PreservedSpecimen,Megachile sculpturalis,Proboscis,,5.65,mm,single observation,,both,adult,,,,,,,,,,,
PreservedSpecimen,Megachile sculpturalis,Body,Total body length,20,mm,range,,both,adult,,,,,,,,,,,
HumanObservation,Megachile sculpturalis,Foraging,,Central-place forager,mm,mode,,both,adult,,,,,,,,,,,
PreservedSpecimen,Megachile sp. 1,Family,Expert identification of collected specimens,Megachilidae,mm,mode,,both,adult,,,,,,,,,,,
PreservedSpecimen,Megachile sp. 1,Proboscis,,4.8,mm,single observation,,both,adult,,,,,,,,,,,
PreservedSpecimen,Megachile sp. 1,Body,Total body length,15,mm,range,,both,adult,,,,,,,,,,,
HumanObservation,Megachile sp. 1,Foraging,,Central-place forager,mm,mode,,both,adult,,,,,,,,,,,
PreservedSpecimen,Megachile sp. 2,Family,Expert identification of collected specimens,Megachilidae,mm,mode,,both,adult,,,,,,,,,,,
PreservedSpecimen,Megachile sp. 2,Proboscis,,4.1,mm,single observation,,both,adult,,,,,,,,,,,
PreservedSpecimen,Megachile sp. 2,Body,Total body length,12.5,mm,range,,both,adult,,,,,,,,,,,
HumanObservation,Megachile sp. 2,Foraging,,Central-place forager,mm,mode,,both,adult,,,,,,,,,,,
PreservedSpecimen,Megachile versicolor,Family,Expert identification of collected specimens,Megachilidae,mm,mode,,both,adult,,,,,,,,,,,
PreservedSpecimen,Megachile versicolor,Proboscis,,4,mm,single observation,,both,adult,,,,,,,,,,,
PreservedSpecimen,Megachile versicolor,Body,Total body length,9,mm,range,,both,adult,,,,,,,,,,,
HumanObservation,Megachile versicolor,Foraging,,Central-place forager,mm,mode,,both,adult,,,,,,,,,,,
PreservedSpecimen,Megachile willughbiella,Family,Expert identification of collected specimens,Megachilidae,mm,mode,,both,adult,,,,,,,,,,,
PreservedSpecimen,Megachile willughbiella,Proboscis,,4.45,mm,single observation,,both,adult,,,,,,,,,,,
PreservedSpecimen,Megachile willughbiella,Body,Total body length,12.25,mm,range,,both,adult,,,,,,,,,,,
HumanObservation,Megachile willughbiella,Foraging,,Central-place forager,mm,mode,,both,adult,,,,,,,,,,,
PreservedSpecimen,Megalodontes sp. 1,Family,Expert identification of collected specimens,Megalodontesidae,mm,mode,,both,adult,,,,,,,,,,,
PreservedSpecimen,Megalodontes sp. 1,Proboscis,,2.3,mm,single observation,,both,adult,,,,,,,,,,,
PreservedSpecimen,Megalodontes sp. 1,Body,Total body length,12,mm,range,,both,adult,,,,,,,,,,,
HumanObservation,Megalodontes sp. 1,Foraging,,Non-central-place forager,mm,mode,,both,adult,,,,,,,,,,,
PreservedSpecimen,Megalodontes sp. 2,Family,Expert identification of collected specimens,Megalodontesidae,mm,mode,,both,adult,,,,,,,,,,,
PreservedSpecimen,Megalodontes sp. 2,Proboscis,,2.2,mm,single observation,,both,adult,,,,,,,,,,,
PreservedSpecimen,Megalodontes sp. 2,Body,Total body length,12,mm,range,,both,adult,,,,,,,,,,,
HumanObservation,Megalodontes sp. 2,Foraging,,Non-central-place forager,mm,mode,,both,adult,,,,,,,,,,,
PreservedSpecimen,Melangyna compositarum,Family,Expert identification of collected specimens,Syrphidae,mm,mode,,both,adult,,,,,,,,,,,
PreservedSpecimen,Melangyna compositarum,Proboscis,,1,mm,single observation,,both,adult,,,,,,,,,,,
PreservedSpecimen,Melangyna compositarum,Body,Total body length,10,mm,range,,both,adult,,,,,,,,,,,
HumanObservation,Melangyna compositarum,Foraging,,Non-central-place forager,mm,mode,,both,adult,,,,,,,,,,,
PreservedSpecimen,Melanogaster nuda,Family,Expert identification of collected specimens,Syrphidae,mm,mode,,both,adult,,,,,,,,,,,
PreservedSpecimen,Melanogaster nuda,Proboscis,,0.6,mm,single observation,,both,adult,,,,,,,,,,,
PreservedSpecimen,Melanogaster nuda,Body,Total body length,5.5,mm,range,,both,adult,,,,,,,,,,,
HumanObservation,Melanogaster nuda,Foraging,,Non-central-place forager,mm,mode,,both,adult,,,,,,,,,,,
PreservedSpecimen,Melanostoma mellinum,Family,Expert identification of collected specimens,Syrphidae,mm,mode,,both,adult,,,,,,,,,,,
PreservedSpecimen,Melanostoma mellinum,Proboscis,,0.6,mm,single observation,,both,adult,,,,,,,,,,,
PreservedSpecimen,Melanostoma mellinum,Body,Total body length,6,mm,range,,both,adult,,,,,,,,,,,
HumanObservation,Melanostoma mellinum,Foraging,,Non-central-place forager,mm,mode,,both,adult,,,,,,,,,,,
PreservedSpecimen,Melanostoma scalare,Family,Expert identification of collected specimens,Syrphidae,mm,mode,,both,adult,,,,,,,,,,,
PreservedSpecimen,Melanostoma scalare,Proboscis,,0.6,mm,single observation,,both,adult,,,,,,,,,,,
PreservedSpecimen,Melanostoma scalare,Body,Total body length,8.5,mm,range,,both,adult,,,,,,,,,,,
HumanObservation,Melanostoma scalare,Foraging,,Non-central-place forager,mm,mode,,both,adult,,,,,,,,,,,
PreservedSpecimen,Meliscaeva auricollis,Family,Expert identification of collected specimens,Syrphidae,mm,mode,,both,adult,,,,,,,,,,,
PreservedSpecimen,Meliscaeva auricollis,Proboscis,,1,mm,single observation,,both,adult,,,,,,,,,,,
PreservedSpecimen,Meliscaeva auricollis,Body,Total body length,9.5,mm,range,,both,adult,,,,,,,,,,,
HumanObservation,Meliscaeva auricollis,Foraging,,Non-central-place forager,mm,mode,,both,adult,,,,,,,,,,,
PreservedSpecimen,Meliscaeva cinctella,Family,Expert identification of collected specimens,Syrphidae,mm,mode,,both,adult,,,,,,,,,,,
PreservedSpecimen,Meliscaeva cinctella,Proboscis,,1,mm,single observation,,both,adult,,,,,,,,,,,
PreservedSpecimen,Meliscaeva cinctella,Body,Total body length,10,mm,range,,both,adult,,,,,,,,,,,
HumanObservation,Meliscaeva cinctella,Foraging,,Non-central-place forager,mm,mode,,both,adult,,,,,,,,,,,
PreservedSpecimen,Merodon aeneus,Family,Expert identification of collected specimens,Syrphidae,mm,mode,,both,adult,,,,,,,,,,,
PreservedSpecimen,Merodon aeneus,Proboscis,,1,mm,single observation,,both,adult,,,,,,,,,,,
PreservedSpecimen,Merodon aeneus,Body,Total body length,8.5,mm,range,,both,adult,,,,,,,,,,,
HumanObservation,Merodon aeneus,Foraging,,Non-central-place forager,mm,mode,,both,adult,,,,,,,,,,,
PreservedSpecimen,Merodon cinereus,Family,Expert identification of collected specimens,Syrphidae,mm,mode,,both,adult,,,,,,,,,,,
PreservedSpecimen,Merodon cinereus,Proboscis,,1,mm,single observation,,both,adult,,,,,,,,,,,
PreservedSpecimen,Merodon cinereus,Body,Total body length,9,mm,range,,both,adult,,,,,,,,,,,
HumanObservation,Merodon cinereus,Foraging,,Non-central-place forager,mm,mode,,both,adult,,,,,,,,,,,
PreservedSpecimen,Merodon costans,Family,Expert identification of collected specimens,Syrphidae,mm,mode,,both,adult,,,,,,,,,,,
PreservedSpecimen,Merodon costans,Proboscis,,1,mm,single observation,,both,adult,,,,,,,,,,,
PreservedSpecimen,Merodon costans,Body,Total body length,11,mm,range,,both,adult,,,,,,,,,,,
HumanObservation,Merodon costans,Foraging,,Non-central-place forager,mm,mode,,both,adult,,,,,,,,,,,
PreservedSpecimen,Merodon equestris,Family,Expert identification of collected specimens,Syrphidae,mm,mode,,both,adult,,,,,,,,,,,
PreservedSpecimen,Merodon equestris,Proboscis,,1,mm,single observation,,both,adult,,,,,,,,,,,
PreservedSpecimen,Merodon equestris,Body,Total body length,13,mm,range,,both,adult,,,,,,,,,,,
HumanObservation,Merodon equestris,Foraging,,Non-central-place forager,mm,mode,,both,adult,,,,,,,,,,,
PreservedSpecimen,Merodon funestus,Family,Expert identification of collected specimens,Syrphidae,mm,mode,,both,adult,,,,,,,,,,,
PreservedSpecimen,Merodon funestus,Proboscis,,1,mm,single observation,,both,adult,,,,,,,,,,,
PreservedSpecimen,Merodon funestus,Body,Total body length,9,mm,range,,both,adult,,,,,,,,,,,
HumanObservation,Merodon funestus,Foraging,,Non-central-place forager,mm,mode,,both,adult,,,,,,,,,,,
PreservedSpecimen,Merodon sp.,Family,Expert identification of collected specimens,Syrphidae,mm,mode,,both,adult,,,,,,,,,,,
PreservedSpecimen,Merodon sp.,Proboscis,,1,mm,single observation,,both,adult,,,,,,,,,,,
PreservedSpecimen,Merodon sp.,Body,Total body length,10,mm,range,,both,adult,,,,,,,,,,,
HumanObservation,Merodon sp.,Foraging,,Non-central-place forager,mm,mode,,both,adult,,,,,,,,,,,
PreservedSpecimen,Mintho rufiventris,Family,Expert identification of collected specimens,Tachinidae,mm,mode,,both,adult,,,,,,,,,,,
PreservedSpecimen,Mintho rufiventris,Proboscis,,1.4,mm,single observation,,both,adult,,,,,,,,,,,
PreservedSpecimen,Mintho rufiventris,Body,Total body length,7,mm,range,,both,adult,,,,,,,,,,,
HumanObservation,Mintho rufiventris,Foraging,,Non-central-place forager,mm,mode,,both,adult,,,,,,,,,,,
PreservedSpecimen,Myathropa florea,Family,Expert identification of collected specimens,Syrphidae,mm,mode,,both,adult,,,,,,,,,,,
PreservedSpecimen,Myathropa florea,Proboscis,,1,mm,single observation,,both,adult,,,,,,,,,,,
PreservedSpecimen,Myathropa florea,Body,Total body length,12,mm,range,,both,adult,,,,,,,,,,,
HumanObservation,Myathropa florea,Foraging,,Non-central-place forager,mm,mode,,both,adult,,,,,,,,,,,
PreservedSpecimen,Neoascia podagrica,Family,Expert identification of collected specimens,Syrphidae,mm,mode,,both,adult,,,,,,,,,,,
PreservedSpecimen,Neoascia podagrica,Proboscis,,0.6,mm,single observation,,both,adult,,,,,,,,,,,
PreservedSpecimen,Neoascia podagrica,Body,Total body length,5.5,mm,range,,both,adult,,,,,,,,,,,
HumanObservation,Neoascia podagrica,Foraging,,Non-central-place forager,mm,mode,,both,adult,,,,,,,,,,,
PreservedSpecimen,Nomada armata,Family,Expert identification of collected specimens,Apidae,mm,mode,,both,adult,,,,,,,,,,,
PreservedSpecimen,Nomada armata,Proboscis,,3.5,mm,single observation,,both,adult,,,,,,,,,,,
PreservedSpecimen,Nomada armata,Body,Total body length,9,mm,range,,both,adult,,,,,,,,,,,
HumanObservation,Nomada armata,Foraging,,Non-central-place forager,mm,mode,,both,adult,,,,,,,,,,,
PreservedSpecimen,Nomada flavopicta,Family,Expert identification of collected specimens,Apidae,mm,mode,,both,adult,,,,,,,,,,,
PreservedSpecimen,Nomada flavopicta,Proboscis,,3.1,mm,single observation,,both,adult,,,,,,,,,,,
PreservedSpecimen,Nomada flavopicta,Body,Total body length,8,mm,range,,both,adult,,,,,,,,,,,
HumanObservation,Nomada flavopicta,Foraging,,Non-central-place forager,mm,mode,,both,adult,,,,,,,,,,,
PreservedSpecimen,Nomada sexfasciata,Family,Expert identification of collected specimens,Apidae,mm,mode,,both,adult,,,,,,,,,,,
PreservedSpecimen,Nomada sexfasciata,Proboscis,,4.7,mm,single observation,,both,adult,,,,,,,,,,,
PreservedSpecimen,Nomada sexfasciata,Body,Total body length,11,mm,range,,both,adult,,,,,,,,,,,
HumanObservation,Nomada sexfasciata,Foraging,,Non-central-place forager,mm,mode,,both,adult,,,,,,,,,,,
PreservedSpecimen,Nowickia ferox,Family,Expert identification of collected specimens,Tachinidae,mm,mode,,both,adult,,,,,,,,,,,
PreservedSpecimen,Nowickia ferox,Proboscis,,4.45,mm,single observation,,both,adult,,,,,,,,,,,
PreservedSpecimen,Nowickia ferox,Body,Total body length,14.5,mm,range,,both,adult,,,,,,,,,,,
HumanObservation,Nowickia ferox,Foraging,,Non-central-place forager,mm,mode,,both,adult,,,,,,,,,,,
PreservedSpecimen,Nowickia marklini,Family,Expert identification of collected specimens,Tachinidae,mm,mode,,both,adult,,,,,,,,,,,
PreservedSpecimen,Nowickia marklini,Proboscis,,4.3,mm,single observation,,both,adult,,,,,,,,,,,
PreservedSpecimen,Nowickia marklini,Body,Total body length,13,mm,range,,both,adult,,,,,,,,,,,
HumanObservation,Nowickia marklini,Foraging,,Non-central-place forager,mm,mode,,both,adult,,,,,,,,,,,
PreservedSpecimen,Osmia aurulenta,Family,Expert identification of collected specimens,Megachilidae,mm,mode,,both,adult,,,,,,,,,,,
PreservedSpecimen,Osmia aurulenta,Proboscis,,4,mm,single observation,,both,adult,,,,,,,,,,,
PreservedSpecimen,Osmia aurulenta,Body,Total body length,12,mm,range,,both,adult,,,,,,,,,,,
HumanObservation,Osmia aurulenta,Foraging,,Central-place forager,mm,mode,,both,adult,,,,,,,,,,,
PreservedSpecimen,Osmia bicolor,Family,Expert identification of collected specimens,Megachilidae,mm,mode,,both,adult,,,,,,,,,,,
PreservedSpecimen,Osmia bicolor,Proboscis,,5.2,mm,single observation,,both,adult,,,,,,,,,,,
PreservedSpecimen,Osmia bicolor,Body,Total body length,11.5,mm,range,,both,adult,,,,,,,,,,,
HumanObservation,Osmia bicolor,Foraging,,Central-place forager,mm,mode,,both,adult,,,,,,,,,,,
PreservedSpecimen,Osmia caerulescens,Family,Expert identification of collected specimens,Megachilidae,mm,mode,,both,adult,,,,,,,,,,,
PreservedSpecimen,Osmia caerulescens,Proboscis,,4.9,mm,single observation,,both,adult,,,,,,,,,,,
PreservedSpecimen,Osmia caerulescens,Body,Total body length,7.5,mm,range,,both,adult,,,,,,,,,,,
HumanObservation,Osmia caerulescens,Foraging,,Central-place forager,mm,mode,,both,adult,,,,,,,,,,,
PreservedSpecimen,Osmia leaiana,Family,Expert identification of collected specimens,Megachilidae,mm,mode,,both,adult,,,,,,,,,,,
PreservedSpecimen,Osmia leaiana,Proboscis,,4,mm,single observation,,both,adult,,,,,,,,,,,
PreservedSpecimen,Osmia leaiana,Body,Total body length,9,mm,range,,both,adult,,,,,,,,,,,
HumanObservation,Osmia leaiana,Foraging,,Central-place forager,mm,mode,,both,adult,,,,,,,,,,,
PreservedSpecimen,Osmia rufohirta,Family,Expert identification of collected specimens,Megachilidae,mm,mode,,both,adult,,,,,,,,,,,
PreservedSpecimen,Osmia rufohirta,Proboscis,,4,mm,single observation,,both,adult,,,,,,,,,,,
PreservedSpecimen,Osmia rufohirta,Body,Total body length,7,mm,range,,both,adult,,,,,,,,,,,
HumanObservation,Osmia rufohirta,Foraging,,Central-place forager,mm,mode,,both,adult,,,,,,,,,,,
PreservedSpecimen,Oxybelus mucronatus,Family,Expert identification of collected specimens,Crabronidae,mm,mode,,both,adult,,,,,,,,,,,
PreservedSpecimen,Oxybelus mucronatus,Proboscis,,0.8,mm,single observation,,both,adult,,,,,,,,,,,
PreservedSpecimen,Oxybelus mucronatus,Body,Total body length,5,mm,range,,both,adult,,,,,,,,,,,
HumanObservation,Oxybelus mucronatus,Foraging,,Central-place forager,mm,mode,,both,adult,,,,,,,,,,,
PreservedSpecimen,Oxybelus trispinosus,Family,Expert identification of collected specimens,Crabronidae,mm,mode,,both,adult,,,,,,,,,,,
PreservedSpecimen,Oxybelus trispinosus,Proboscis,,1,mm,single observation,,both,adult,,,,,,,,,,,
PreservedSpecimen,Oxybelus trispinosus,Body,Total body length,5.5,mm,range,,both,adult,,,,,,,,,,,
HumanObservation,Oxybelus trispinosus,Foraging,,Central-place forager,mm,mode,,both,adult,,,,,,,,,,,
PreservedSpecimen,Panurginus montanus,Family,Expert identification of collected specimens,Andrenidae,mm,mode,,both,adult,,,,,,,,,,,
PreservedSpecimen,Panurginus montanus,Proboscis,,1.4,mm,single observation,,both,adult,,,,,,,,,,,
PreservedSpecimen,Panurginus montanus,Body,Total body length,7.5,mm,range,,both,adult,,,,,,,,,,,
HumanObservation,Panurginus montanus,Foraging,,Central-place forager,mm,mode,,both,adult,,,,,,,,,,,
PreservedSpecimen,Panzeria vivida,Family,Expert identification of collected specimens,Tachinidae,mm,mode,,both,adult,,,,,,,,,,,
PreservedSpecimen,Panzeria vivida,Proboscis,,2.7,mm,single observation,,both,adult,,,,,,,,,,,
PreservedSpecimen,Panzeria vivida,Body,Total body length,8.5,mm,range,,both,adult,,,,,,,,,,,
HumanObservation,Panzeria vivida,Foraging,,Non-central-place forager,mm,mode,,both,adult,,,,,,,,,,,
PreservedSpecimen,Paragus bicolor,Family,Expert identification of collected specimens,Syrphidae,mm,mode,,both,adult,,,,,,,,,,,
PreservedSpecimen,Paragus bicolor,Proboscis,,0.6,mm,single observation,,both,adult,,,,,,,,,,,
PreservedSpecimen,Paragus bicolor,Body,Total body length,6.5,mm,range,,both,adult,,,,,,,,,,,
HumanObservation,Paragus bicolor,Foraging,,Non-central-place forager,mm,mode,,both,adult,,,,,,,,,,,
PreservedSpecimen,Paragus constrictus,Family,Expert identification of collected specimens,Syrphidae,mm,mode,,both,adult,,,,,,,,,,,
PreservedSpecimen,Paragus constrictus,Proboscis,,0.6,mm,single observation,,both,adult,,,,,,,,,,,
PreservedSpecimen,Paragus constrictus,Body,Total body length,5,mm,range,,both,adult,,,,,,,,,,,
HumanObservation,Paragus constrictus,Foraging,,Non-central-place forager,mm,mode,,both,adult,,,,,,,,,,,
PreservedSpecimen,Paragus haemorrhous,Family,Expert identification of collected specimens,Syrphidae,mm,mode,,both,adult,,,,,,,,,,,
PreservedSpecimen,Paragus haemorrhous,Proboscis,,0.6,mm,single observation,,both,adult,,,,,,,,,,,
PreservedSpecimen,Paragus haemorrhous,Body,Total body length,6.5,mm,range,,both,adult,,,,,,,,,,,
HumanObservation,Paragus haemorrhous,Foraging,,Non-central-place forager,mm,mode,,both,adult,,,,,,,,,,,
PreservedSpecimen,Paragus sp.,Family,Expert identification of collected specimens,Syrphidae,mm,mode,,both,adult,,,,,,,,,,,
PreservedSpecimen,Paragus sp.,Proboscis,,0.6,mm,single observation,,both,adult,,,,,,,,,,,
PreservedSpecimen,Paragus sp.,Body,Total body length,6,mm,range,,both,adult,,,,,,,,,,,
HumanObservation,Paragus sp.,Foraging,,Non-central-place forager,mm,mode,,both,adult,,,,,,,,,,,
PreservedSpecimen,Paragus tibialis,Family,Expert identification of collected specimens,Syrphidae,mm,mode,,both,adult,,,,,,,,,,,
PreservedSpecimen,Paragus tibialis,Proboscis,,0.6,mm,single observation,,both,adult,,,,,,,,,,,
PreservedSpecimen,Paragus tibialis,Body,Total body length,6.5,mm,range,,both,adult,,,,,,,,,,,
HumanObservation,Paragus tibialis,Foraging,,Non-central-place forager,mm,mode,,both,adult,,,,,,,,,,,
PreservedSpecimen,Parasyrphus lineolus,Family,Expert identification of collected specimens,Syrphidae,mm,mode,,both,adult,,,,,,,,,,,
PreservedSpecimen,Parasyrphus lineolus,Proboscis,,1,mm,single observation,,both,adult,,,,,,,,,,,
PreservedSpecimen,Parasyrphus lineolus,Body,Total body length,9,mm,range,,both,adult,,,,,,,,,,,
HumanObservation,Parasyrphus lineolus,Foraging,,Non-central-place forager,mm,mode,,both,adult,,,,,,,,,,,
PreservedSpecimen,Peleteria iavana,Family,Expert identification of collected specimens,Tachinidae,mm,mode,,both,adult,,,,,,,,,,,
PreservedSpecimen,Peleteria iavana,Proboscis,,2.6,mm,single observation,,both,adult,,,,,,,,,,,
PreservedSpecimen,Peleteria iavana,Body,Total body length,9,mm,range,,both,adult,,,,,,,,,,,
HumanObservation,Peleteria iavana,Foraging,,Non-central-place forager,mm,mode,,both,adult,,,,,,,,,,,
PreservedSpecimen,Phasia aurulans,Family,Expert identification of collected specimens,Tachinidae,mm,mode,,both,adult,,,,,,,,,,,
PreservedSpecimen,Phasia aurulans,Proboscis,,2.1,mm,single observation,,both,adult,,,,,,,,,,,
PreservedSpecimen,Phasia aurulans,Body,Total body length,6,mm,range,,both,adult,,,,,,,,,,,
HumanObservation,Phasia aurulans,Foraging,,Non-central-place forager,mm,mode,,both,adult,,,,,,,,,,,
PreservedSpecimen,Phasia obesa,Family,Expert identification of collected specimens,Tachinidae,mm,mode,,both,adult,,,,,,,,,,,
PreservedSpecimen,Phasia obesa,Proboscis,,1.6,mm,single observation,,both,adult,,,,,,,,,,,
PreservedSpecimen,Phasia obesa,Body,Total body length,5,mm,range,,both,adult,,,,,,,,,,,
HumanObservation,Phasia obesa,Foraging,,Non-central-place forager,mm,mode,,both,adult,,,,,,,,,,,
PreservedSpecimen,Physocephala rufipes,Family,Expert identification of collected specimens,Conopidae,mm,mode,,both,adult,,,,,,,,,,,
PreservedSpecimen,Physocephala rufipes,Proboscis,,5,mm,single observation,,both,adult,,,,,,,,,,,
PreservedSpecimen,Physocephala rufipes,Body,Total body length,13,mm,range,,both,adult,,,,,,,,,,,
HumanObservation,Physocephala rufipes,Foraging,,Non-central-place forager,mm,mode,,both,adult,,,,,,,,,,,
PreservedSpecimen,Physocephala vittata,Family,Expert identification of collected specimens,Conopidae,mm,mode,,both,adult,,,,,,,,,,,
PreservedSpecimen,Physocephala vittata,Proboscis,,4.7,mm,single observation,,both,adult,,,,,,,,,,,
PreservedSpecimen,Physocephala vittata,Body,Total body length,10.5,mm,range,,both,adult,,,,,,,,,,,
HumanObservation,Physocephala vittata,Foraging,,Non-central-place forager,mm,mode,,both,adult,,,,,,,,,,,
PreservedSpecimen,Pipiza austriaca,Family,Expert identification of collected specimens,Syrphidae,mm,mode,,both,adult,,,,,,,,,,,
PreservedSpecimen,Pipiza austriaca,Proboscis,,0.6,mm,single observation,,both,adult,,,,,,,,,,,
PreservedSpecimen,Pipiza austriaca,Body,Total body length,8.5,mm,range,,both,adult,,,,,,,,,,,
HumanObservation,Pipiza austriaca,Foraging,,Non-central-place forager,mm,mode,,both,adult,,,,,,,,,,,
PreservedSpecimen,Pipiza lugubris,Family,Expert identification of collected specimens,Syrphidae,mm,mode,,both,adult,,,,,,,,,,,
PreservedSpecimen,Pipiza lugubris,Proboscis,,0.6,mm,single observation,,both,adult,,,,,,,,,,,
PreservedSpecimen,Pipiza lugubris,Body,Total body length,8,mm,range,,both,adult,,,,,,,,,,,
HumanObservation,Pipiza lugubris,Foraging,,Non-central-place forager,mm,mode,,both,adult,,,,,,,,,,,
PreservedSpecimen,Pipiza sp.,Family,Expert identification of collected specimens,Syrphidae,mm,mode,,both,adult,,,,,,,,,,,
PreservedSpecimen,Pipiza sp.,Proboscis,,0.6,mm,single observation,,both,adult,,,,,,,,,,,
PreservedSpecimen,Pipiza sp.,Body,Total body length,8,mm,range,,both,adult,,,,,,,,,,,
HumanObservation,Pipiza sp.,Foraging,,Non-central-place forager,mm,mode,,both,adult,,,,,,,,,,,
PreservedSpecimen,Pipizella divicoi,Family,Expert identification of collected specimens,Syrphidae,mm,mode,,both,adult,,,,,,,,,,,
PreservedSpecimen,Pipizella divicoi,Proboscis,,0.6,mm,single observation,,both,adult,,,,,,,,,,,
PreservedSpecimen,Pipizella divicoi,Body,Total body length,6.5,mm,range,,both,adult,,,,,,,,,,,
HumanObservation,Pipizella divicoi,Foraging,,Non-central-place forager,mm,mode,,both,adult,,,,,,,,,,,
PreservedSpecimen,Pipizella sp.,Family,Expert identification of collected specimens,Syrphidae,mm,mode,,both,adult,,,,,,,,,,,
PreservedSpecimen,Pipizella sp.,Proboscis,,0.6,mm,single observation,,both,adult,,,,,,,,,,,
PreservedSpecimen,Pipizella sp.,Body,Total body length,6,mm,range,,both,adult,,,,,,,,,,,
HumanObservation,Pipizella sp.,Foraging,,Non-central-place forager,mm,mode,,both,adult,,,,,,,,,,,
PreservedSpecimen,Pipizella viduata,Family,Expert identification of collected specimens,Syrphidae,mm,mode,,both,adult,,,,,,,,,,,
PreservedSpecimen,Pipizella viduata,Proboscis,,0.6,mm,single observation,,both,adult,,,,,,,,,,,
PreservedSpecimen,Pipizella viduata,Body,Total body length,6.5,mm,range,,both,adult,,,,,,,,,,,
HumanObservation,Pipizella viduata,Foraging,,Non-central-place forager,mm,mode,,both,adult,,,,,,,,,,,
PreservedSpecimen,Platycheirus albimanus,Family,Expert identification of collected specimens,Syrphidae,mm,mode,,both,adult,,,,,,,,,,,
PreservedSpecimen,Platycheirus albimanus,Proboscis,,0.6,mm,single observation,,both,adult,,,,,,,,,,,
PreservedSpecimen,Platycheirus albimanus,Body,Total body length,8.5,mm,range,,both,adult,,,,,,,,,,,
HumanObservation,Platycheirus albimanus,Foraging,,Non-central-place forager,mm,mode,,both,adult,,,,,,,,,,,
PreservedSpecimen,Platycheirus scutatus,Family,Expert identification of collected specimens,Syrphidae,mm,mode,,both,adult,,,,,,,,,,,
PreservedSpecimen,Platycheirus scutatus,Proboscis,,0.6,mm,single observation,,both,adult,,,,,,,,,,,
PreservedSpecimen,Platycheirus scutatus,Body,Total body length,8.5,mm,range,,both,adult,,,,,,,,,,,
HumanObservation,Platycheirus scutatus,Foraging,,Non-central-place forager,mm,mode,,both,adult,,,,,,,,,,,
PreservedSpecimen,Platycheirus sp.,Family,Expert identification of collected specimens,Syrphidae,mm,mode,,both,adult,,,,,,,,,,,
PreservedSpecimen,Platycheirus sp.,Proboscis,,0.6,mm,single observation,,both,adult,,,,,,,,,,,
PreservedSpecimen,Platycheirus sp.,Body,Total body length,8.5,mm,range,,both,adult,,,,,,,,,,,
HumanObservation,Platycheirus sp.,Foraging,,Non-central-place forager,mm,mode,,both,adult,,,,,,,,,,,
PreservedSpecimen,Platycheirus tarsalis,Family,Expert identification of collected specimens,Syrphidae,mm,mode,,both,adult,,,,,,,,,,,
PreservedSpecimen,Platycheirus tarsalis,Proboscis,,0.6,mm,single observation,,both,adult,,,,,,,,,,,
PreservedSpecimen,Platycheirus tarsalis,Body,Total body length,8.5,mm,range,,both,adult,,,,,,,,,,,
HumanObservation,Platycheirus tarsalis,Foraging,,Non-central-place forager,mm,mode,,both,adult,,,,,,,,,,,
PreservedSpecimen,Polistes associus,Family,Expert identification of collected specimens,Vespidae,mm,mode,,both,adult,,,,,,,,,,,
PreservedSpecimen,Polistes associus,Proboscis,,1.5,mm,single observation,,both,adult,,,,,,,,,,,
PreservedSpecimen,Polistes associus,Body,Total body length,14,mm,range,,both,adult,,,,,,,,,,,
HumanObservation,Polistes associus,Foraging,,Central-place forager,mm,mode,,both,adult,,,,,,,,,,,
PreservedSpecimen,Polistes biglumis,Family,Expert identification of collected specimens,Vespidae,mm,mode,,both,adult,,,,,,,,,,,
PreservedSpecimen,Polistes biglumis,Proboscis,,1.65,mm,single observation,,both,adult,,,,,,,,,,,
PreservedSpecimen,Polistes biglumis,Body,Total body length,13,mm,range,,both,adult,,,,,,,,,,,
HumanObservation,Polistes biglumis,Foraging,,Central-place forager,mm,mode,,both,adult,,,,,,,,,,,
PreservedSpecimen,Polistes dominula,Family,Expert identification of collected specimens,Vespidae,mm,mode,,both,adult,,,,,,,,,,,
PreservedSpecimen,Polistes dominula,Proboscis,,1.6,mm,single observation,,both,adult,,,,,,,,,,,
PreservedSpecimen,Polistes dominula,Body,Total body length,14,mm,range,,both,adult,,,,,,,,,,,
HumanObservation,Polistes dominula,Foraging,,Central-place forager,mm,mode,,both,adult,,,,,,,,,,,
PreservedSpecimen,Polistes gallicus,Family,Expert identification of collected specimens,Vespidae,mm,mode,,both,adult,,,,,,,,,,,
PreservedSpecimen,Polistes gallicus,Proboscis,,1.6,mm,single observation,,both,adult,,,,,,,,,,,
PreservedSpecimen,Polistes gallicus,Body,Total body length,14,mm,range,,both,adult,,,,,,,,,,,
HumanObservation,Polistes gallicus,Foraging,,Central-place forager,mm,mode,,both,adult,,,,,,,,,,,
PreservedSpecimen,Polistes nimpha,Family,Expert identification of collected specimens,Vespidae,mm,mode,,both,adult,,,,,,,,,,,
PreservedSpecimen,Polistes nimpha,Proboscis,,1.4,mm,single observation,,both,adult,,,,,,,,,,,
PreservedSpecimen,Polistes nimpha,Body,Total body length,13.5,mm,range,,both,adult,,,,,,,,,,,
HumanObservation,Polistes nimpha,Foraging,,Central-place forager,mm,mode,,both,adult,,,,,,,,,,,
PreservedSpecimen,Polistes semenowi,Family,Expert identification of collected specimens,Vespidae,mm,mode,,both,adult,,,,,,,,,,,
PreservedSpecimen,Polistes semenowi,Proboscis,,1.5,mm,single observation,,both,adult,,,,,,,,,,,
PreservedSpecimen,Polistes semenowi,Body,Total body length,13,mm,range,,both,adult,,,,,,,,,,,
HumanObservation,Polistes semenowi,Foraging,,Non-central-place forager,mm,mode,,both,adult,,,,,,,,,,,
PreservedSpecimen,Prosena siberita,Family,Expert identification of collected specimens,Tachinidae,mm,mode,,both,adult,,,,,,,,,,,
PreservedSpecimen,Prosena siberita,Proboscis,,5.9,mm,single observation,,both,adult,,,,,,,,,,,
PreservedSpecimen,Prosena siberita,Body,Total body length,8,mm,range,,both,adult,,,,,,,,,,,
HumanObservation,Prosena siberita,Foraging,,Non-central-place forager,mm,mode,,both,adult,,,,,,,,,,,
PreservedSpecimen,Psenulus pallipes,Family,Expert identification of collected specimens,Crabronidae,mm,mode,,both,adult,,,,,,,,,,,
PreservedSpecimen,Psenulus pallipes,Proboscis,,0.5,mm,single observation,,both,adult,,,,,,,,,,,
PreservedSpecimen,Psenulus pallipes,Body,Total body length,6.5,mm,range,,both,adult,,,,,,,,,,,
HumanObservation,Psenulus pallipes,Foraging,,Central-place forager,mm,mode,,both,adult,,,,,,,,,,,
PreservedSpecimen,Pseudapis diversipes,Family,Expert identification of collected specimens,Halictidae,mm,mode,,both,adult,,,,,,,,,,,
PreservedSpecimen,Pseudapis diversipes,Proboscis,,2.3,mm,single observation,,both,adult,,,,,,,,,,,
PreservedSpecimen,Pseudapis diversipes,Body,Total body length,8.25,mm,range,,both,adult,,,,,,,,,,,
HumanObservation,Pseudapis diversipes,Foraging,,Central-place forager,mm,mode,,both,adult,,,,,,,,,,,
PreservedSpecimen,Pseudoanthidium scapulare,Family,Expert identification of collected specimens,Megachilidae,mm,mode,,both,adult,,,,,,,,,,,
PreservedSpecimen,Pseudoanthidium scapulare,Proboscis,,3.75,mm,single observation,,both,adult,,,,,,,,,,,
PreservedSpecimen,Pseudoanthidium scapulare,Body,Total body length,6.5,mm,range,,both,adult,,,,,,,,,,,
HumanObservation,Pseudoanthidium scapulare,Foraging,,Central-place forager,mm,mode,,both,adult,,,,,,,,,,,
PreservedSpecimen,Rhingia campestris,Family,Expert identification of collected specimens,Syrphidae,mm,mode,,both,adult,,,,,,,,,,,
PreservedSpecimen,Rhingia campestris,Proboscis,,3.5,mm,single observation,,both,adult,,,,,,,,,,,
PreservedSpecimen,Rhingia campestris,Body,Total body length,9.5,mm,range,,both,adult,,,,,,,,,,,
HumanObservation,Rhingia campestris,Foraging,,Non-central-place forager,mm,mode,,both,adult,,,,,,,,,,,
PreservedSpecimen,Rhodanthidium septemdentatum,Family,Expert identification of collected specimens,Megachilidae,mm,mode,,both,adult,,,,,,,,,,,
PreservedSpecimen,Rhodanthidium septemdentatum,Proboscis,,4.5,mm,single observation,,both,adult,,,,,,,,,,,
PreservedSpecimen,Rhodanthidium septemdentatum,Body,Total body length,12.5,mm,range,,both,adult,,,,,,,,,,,
HumanObservation,Rhodanthidium septemdentatum,Foraging,,Central-place forager,mm,mode,,both,adult,,,,,,,,,,,
PreservedSpecimen,Rhogogaster picta,Family,Expert identification of collected specimens,Tenthredinidae,mm,mode,,both,adult,,,,,,,,,,,
PreservedSpecimen,Rhogogaster picta,Proboscis,,0.6,mm,single observation,,both,adult,,,,,,,,,,,
PreservedSpecimen,Rhogogaster picta,Body,Total body length,12,mm,range,,both,adult,,,,,,,,,,,
HumanObservation,Rhogogaster picta,Foraging,,Non-central-place forager,mm,mode,,both,adult,,,,,,,,,,,
PreservedSpecimen,Scaeva pyrastri,Family,Expert identification of collected specimens,Syrphidae,mm,mode,,both,adult,,,,,,,,,,,
PreservedSpecimen,Scaeva pyrastri,Proboscis,,1.5,mm,single observation,,both,adult,,,,,,,,,,,
PreservedSpecimen,Scaeva pyrastri,Body,Total body length,12.5,mm,range,,both,adult,,,,,,,,,,,
HumanObservation,Scaeva pyrastri,Foraging,,Non-central-place forager,mm,mode,,both,adult,,,,,,,,,,,
PreservedSpecimen,Scaeva selenitica,Family,Expert identification of collected specimens,Syrphidae,mm,mode,,both,adult,,,,,,,,,,,
PreservedSpecimen,Scaeva selenitica,Proboscis,,1.5,mm,single observation,,both,adult,,,,,,,,,,,
PreservedSpecimen,Scaeva selenitica,Body,Total body length,13.5,mm,range,,both,adult,,,,,,,,,,,
HumanObservation,Scaeva selenitica,Foraging,,Non-central-place forager,mm,mode,,both,adult,,,,,,,,,,,
PreservedSpecimen,Scolia hirta,Family,Expert identification of collected specimens,Scoliidae,mm,mode,,both,adult,,,,,,,,,,,
PreservedSpecimen,Scolia hirta,Proboscis,,4.1,mm,single observation,,both,adult,,,,,,,,,,,
PreservedSpecimen,Scolia hirta,Body,Total body length,19,mm,range,,both,adult,,,,,,,,,,,
HumanObservation,Scolia hirta,Foraging,,Non-central-place forager,mm,mode,,both,adult,,,,,,,,,,,
PreservedSpecimen,Sicus ferrugineus,Family,Expert identification of collected specimens,Conopidae,mm,mode,,both,adult,,,,,,,,,,,
PreservedSpecimen,Sicus ferrugineus,Proboscis,,5.8,mm,single observation,,both,adult,,,,,,,,,,,
PreservedSpecimen,Sicus ferrugineus,Body,Total body length,11.25,mm,range,,both,adult,,,,,,,,,,,
HumanObservation,Sicus ferrugineus,Foraging,,Non-central-place forager,mm,mode,,both,adult,,,,,,,,,,,
PreservedSpecimen,Siphona flavifrons,Family,Expert identification of collected specimens,Tachinidae,mm,mode,,both,adult,,,,,,,,,,,
PreservedSpecimen,Siphona flavifrons,Proboscis,,3.7,mm,single observation,,both,adult,,,,,,,,,,,
PreservedSpecimen,Siphona flavifrons,Body,Total body length,5.5,mm,range,,both,adult,,,,,,,,,,,
HumanObservation,Siphona flavifrons,Foraging,,Non-central-place forager,mm,mode,,both,adult,,,,,,,,,,,
PreservedSpecimen,Siphona geniculata,Family,Expert identification of collected specimens,Tachinidae,mm,mode,,both,adult,,,,,,,,,,,
PreservedSpecimen,Siphona geniculata,Proboscis,,3.05,mm,single observation,,both,adult,,,,,,,,,,,
PreservedSpecimen,Siphona geniculata,Body,Total body length,5,mm,range,,both,adult,,,,,,,,,,,
HumanObservation,Siphona geniculata,Foraging,,Non-central-place forager,mm,mode,,both,adult,,,,,,,,,,,
PreservedSpecimen,Solieria vacua,Family,Expert identification of collected specimens,Tachinidae,mm,mode,,both,adult,,,,,,,,,,,
PreservedSpecimen,Solieria vacua,Proboscis,,1.75,mm,single observation,,both,adult,,,,,,,,,,,
PreservedSpecimen,Solieria vacua,Body,Total body length,6.75,mm,range,,both,adult,,,,,,,,,,,
HumanObservation,Solieria vacua,Foraging,,Non-central-place forager,mm,mode,,both,adult,,,,,,,,,,,
PreservedSpecimen,Sphaerophoria infuscata,Family,Expert identification of collected specimens,Syrphidae,mm,mode,,both,adult,,,,,,,,,,,
PreservedSpecimen,Sphaerophoria infuscata,Proboscis,,0.6,mm,single observation,,both,adult,,,,,,,,,,,
PreservedSpecimen,Sphaerophoria infuscata,Body,Total body length,8.5,mm,range,,both,adult,,,,,,,,,,,
HumanObservation,Sphaerophoria infuscata,Foraging,,Non-central-place forager,mm,mode,,both,adult,,,,,,,,,,,
PreservedSpecimen,Sphaerophoria interrupta,Family,Expert identification of collected specimens,Syrphidae,mm,mode,,both,adult,,,,,,,,,,,
PreservedSpecimen,Sphaerophoria interrupta,Proboscis,,0.6,mm,single observation,,both,adult,,,,,,,,,,,
PreservedSpecimen,Sphaerophoria interrupta,Body,Total body length,8.5,mm,range,,both,adult,,,,,,,,,,,
HumanObservation,Sphaerophoria interrupta,Foraging,,Non-central-place forager,mm,mode,,both,adult,,,,,,,,,,,
PreservedSpecimen,Sphaerophoria scripta,Family,Expert identification of collected specimens,Syrphidae,mm,mode,,both,adult,,,,,,,,,,,
PreservedSpecimen,Sphaerophoria scripta,Proboscis,,0.6,mm,single observation,,both,adult,,,,,,,,,,,
PreservedSpecimen,Sphaerophoria scripta,Body,Total body length,11.5,mm,range,,both,adult,,,,,,,,,,,
HumanObservation,Sphaerophoria scripta,Foraging,,Non-central-place forager,mm,mode,,both,adult,,,,,,,,,,,
PreservedSpecimen,Sphaerophoria sp.,Family,Expert identification of collected specimens,Syrphidae,mm,mode,,both,adult,,,,,,,,,,,
PreservedSpecimen,Sphaerophoria sp.,Proboscis,,0.6,mm,single observation,,both,adult,,,,,,,,,,,
PreservedSpecimen,Sphaerophoria sp.,Body,Total body length,9.5,mm,range,,both,adult,,,,,,,,,,,
HumanObservation,Sphaerophoria sp.,Foraging,,Non-central-place forager,mm,mode,,both,adult,,,,,,,,,,,
PreservedSpecimen,Sphaerophoria taeniata,Family,Expert identification of collected specimens,Syrphidae,mm,mode,,both,adult,,,,,,,,,,,
PreservedSpecimen,Sphaerophoria taeniata,Proboscis,,0.6,mm,single observation,,both,adult,,,,,,,,,,,
PreservedSpecimen,Sphaerophoria taeniata,Body,Total body length,9,mm,range,,both,adult,,,,,,,,,,,
HumanObservation,Sphaerophoria taeniata,Foraging,,Non-central-place forager,mm,mode,,both,adult,,,,,,,,,,,
PreservedSpecimen,Sphecodes gibbus,Family,Expert identification of collected specimens,Halictidae,mm,mode,,both,adult,,,,,,,,,,,
PreservedSpecimen,Sphecodes gibbus,Proboscis,,1.7,mm,single observation,,both,adult,,,,,,,,,,,
PreservedSpecimen,Sphecodes gibbus,Body,Total body length,8,mm,range,,both,adult,,,,,,,,,,,
HumanObservation,Sphecodes gibbus,Foraging,,Non-central-place forager,mm,mode,,both,adult,,,,,,,,,,,
PreservedSpecimen,Sphecodes monilicornis,Family,Expert identification of collected specimens,Halictidae,mm,mode,,both,adult,,,,,,,,,,,
PreservedSpecimen,Sphecodes monilicornis,Proboscis,,2.1,mm,single observation,,both,adult,,,,,,,,,,,
PreservedSpecimen,Sphecodes monilicornis,Body,Total body length,9,mm,range,,both,adult,,,,,,,,,,,
HumanObservation,Sphecodes monilicornis,Foraging,,Non-central-place forager,mm,mode,,both,adult,,,,,,,,,,,
PreservedSpecimen,Sphecodes pellucidus,Family,Expert identification of collected specimens,Halictidae,mm,mode,,both,adult,,,,,,,,,,,
PreservedSpecimen,Sphecodes pellucidus,Proboscis,,1.5,mm,single observation,,both,adult,,,,,,,,,,,
PreservedSpecimen,Sphecodes pellucidus,Body,Total body length,8,mm,range,,both,adult,,,,,,,,,,,
HumanObservation,Sphecodes pellucidus,Foraging,,Non-central-place forager,mm,mode,,both,adult,,,,,,,,,,,
PreservedSpecimen,Sphecodes schencki,Family,Expert identification of collected specimens,Halictidae,mm,mode,,both,adult,,,,,,,,,,,
PreservedSpecimen,Sphecodes schencki,Proboscis,,1.7,mm,single observation,,both,adult,,,,,,,,,,,
PreservedSpecimen,Sphecodes schencki,Body,Total body length,8,mm,range,,both,adult,,,,,,,,,,,
HumanObservation,Sphecodes schencki,Foraging,,Non-central-place forager,mm,mode,,both,adult,,,,,,,,,,,
PreservedSpecimen,Sphegina clunipes,Family,Expert identification of collected specimens,Syrphidae,mm,mode,,both,adult,,,,,,,,,,,
PreservedSpecimen,Sphegina clunipes,Proboscis,,0.6,mm,single observation,,both,adult,,,,,,,,,,,
PreservedSpecimen,Sphegina clunipes,Body,Total body length,6.5,mm,range,,both,adult,,,,,,,,,,,
HumanObservation,Sphegina clunipes,Foraging,,Non-central-place forager,mm,mode,,both,adult,,,,,,,,,,,
PreservedSpecimen,Sphegina sp.,Family,Expert identification of collected specimens,Syrphidae,mm,mode,,both,adult,,,,,,,,,,,
PreservedSpecimen,Sphegina sp.,Proboscis,,0.6,mm,single observation,,both,adult,,,,,,,,,,,
PreservedSpecimen,Sphegina sp.,Body,Total body length,6.5,mm,range,,both,adult,,,,,,,,,,,
HumanObservation,Sphegina sp.,Foraging,,Non-central-place forager,mm,mode,,both,adult,,,,,,,,,,,
PreservedSpecimen,Stelis punctulatissima,Family,Expert identification of collected specimens,Megachilidae,mm,mode,,both,adult,,,,,,,,,,,
PreservedSpecimen,Stelis punctulatissima,Proboscis,,3.1,mm,single observation,,both,adult,,,,,,,,,,,
PreservedSpecimen,Stelis punctulatissima,Body,Total body length,8.5,mm,range,,both,adult,,,,,,,,,,,
HumanObservation,Stelis punctulatissima,Foraging,,Non-central-place forager,mm,mode,,both,adult,,,,,,,,,,,
PreservedSpecimen,Strongygaster globula,Family,Expert identification of collected specimens,Tachinidae,mm,mode,,both,adult,,,,,,,,,,,
PreservedSpecimen,Strongygaster globula,Proboscis,,1,mm,single observation,,both,adult,,,,,,,,,,,
PreservedSpecimen,Strongygaster globula,Body,Total body length,6,mm,range,,both,adult,,,,,,,,,,,
HumanObservation,Strongygaster globula,Foraging,,Non-central-place forager,mm,mode,,both,adult,,,,,,,,,,,
PreservedSpecimen,Syritta pipiens,Family,Expert identification of collected specimens,Syrphidae,mm,mode,,both,adult,,,,,,,,,,,
PreservedSpecimen,Syritta pipiens,Proboscis,,0.6,mm,single observation,,both,adult,,,,,,,,,,,
PreservedSpecimen,Syritta pipiens,Body,Total body length,8,mm,range,,both,adult,,,,,,,,,,,
HumanObservation,Syritta pipiens,Foraging,,Non-central-place forager,mm,mode,,both,adult,,,,,,,,,,,
PreservedSpecimen,Syrphus ribesii,Family,Expert identification of collected specimens,Syrphidae,mm,mode,,both,adult,,,,,,,,,,,
PreservedSpecimen,Syrphus ribesii,Proboscis,,1,mm,single observation,,both,adult,,,,,,,,,,,
PreservedSpecimen,Syrphus ribesii,Body,Total body length,11,mm,range,,both,adult,,,,,,,,,,,
HumanObservation,Syrphus ribesii,Foraging,,Non-central-place forager,mm,mode,,both,adult,,,,,,,,,,,
PreservedSpecimen,Syrphus torvus,Family,Expert identification of collected specimens,Syrphidae,mm,mode,,both,adult,,,,,,,,,,,
PreservedSpecimen,Syrphus torvus,Proboscis,,1,mm,single observation,,both,adult,,,,,,,,,,,
PreservedSpecimen,Syrphus torvus,Body,Total body length,11.5,mm,range,,both,adult,,,,,,,,,,,
HumanObservation,Syrphus torvus,Foraging,,Non-central-place forager,mm,mode,,both,adult,,,,,,,,,,,
PreservedSpecimen,Syrphus vitripennis,Family,Expert identification of collected specimens,Syrphidae,mm,mode,,both,adult,,,,,,,,,,,
PreservedSpecimen,Syrphus vitripennis,Proboscis,,1,mm,single observation,,both,adult,,,,,,,,,,,
PreservedSpecimen,Syrphus vitripennis,Body,Total body length,9.5,mm,range,,both,adult,,,,,,,,,,,
HumanObservation,Syrphus vitripennis,Foraging,,Non-central-place forager,mm,mode,,both,adult,,,,,,,,,,,
PreservedSpecimen,Tachina fera,Family,Expert identification of collected specimens,Tachinidae,mm,mode,,both,adult,,,,,,,,,,,
PreservedSpecimen,Tachina fera,Proboscis,,4.8,mm,single observation,,both,adult,,,,,,,,,,,
PreservedSpecimen,Tachina fera,Body,Total body length,14,mm,range,,both,adult,,,,,,,,,,,
HumanObservation,Tachina fera,Foraging,,Non-central-place forager,mm,mode,,both,adult,,,,,,,,,,,
PreservedSpecimen,Tachina magnicornis,Family,Expert identification of collected specimens,Tachinidae,mm,mode,,both,adult,,,,,,,,,,,
PreservedSpecimen,Tachina magnicornis,Proboscis,,3.45,mm,single observation,,both,adult,,,,,,,,,,,
PreservedSpecimen,Tachina magnicornis,Body,Total body length,12.5,mm,range,,both,adult,,,,,,,,,,,
HumanObservation,Tachina magnicornis,Foraging,,Non-central-place forager,mm,mode,,both,adult,,,,,,,,,,,
PreservedSpecimen,Tenthredo arcuata,Family,Expert identification of collected specimens,Tenthredinidae,mm,mode,,both,adult,,,,,,,,,,,
PreservedSpecimen,Tenthredo arcuata,Proboscis,,1,mm,single observation,,both,adult,,,,,,,,,,,
PreservedSpecimen,Tenthredo arcuata,Body,Total body length,10.5,mm,range,,both,adult,,,,,,,,,,,
HumanObservation,Tenthredo arcuata,Foraging,,Non-central-place forager,mm,mode,,both,adult,,,,,,,,,,,
PreservedSpecimen,Tenthredo crassa,Family,Expert identification of collected specimens,Tenthredinidae,mm,mode,,both,adult,,,,,,,,,,,
PreservedSpecimen,Tenthredo crassa,Proboscis,,1.05,mm,single observation,,both,adult,,,,,,,,,,,
PreservedSpecimen,Tenthredo crassa,Body,Total body length,13,mm,range,,both,adult,,,,,,,,,,,
HumanObservation,Tenthredo crassa,Foraging,,Non-central-place forager,mm,mode,,both,adult,,,,,,,,,,,
PreservedSpecimen,Tenthredo koehleri,Family,Expert identification of collected specimens,Tenthredinidae,mm,mode,,both,adult,,,,,,,,,,,
PreservedSpecimen,Tenthredo koehleri,Proboscis,,1.7,mm,single observation,,both,adult,,,,,,,,,,,
PreservedSpecimen,Tenthredo koehleri,Body,Total body length,11.5,mm,range,,both,adult,,,,,,,,,,,
HumanObservation,Tenthredo koehleri,Foraging,,Non-central-place forager,mm,mode,,both,adult,,,,,,,,,,,
PreservedSpecimen,Tenthredo olivacea,Family,Expert identification of collected specimens,Tenthredinidae,mm,mode,,both,adult,,,,,,,,,,,
PreservedSpecimen,Tenthredo olivacea,Proboscis,,0.9,mm,single observation,,both,adult,,,,,,,,,,,
PreservedSpecimen,Tenthredo olivacea,Body,Total body length,11,mm,range,,both,adult,,,,,,,,,,,
HumanObservation,Tenthredo olivacea,Foraging,,Non-central-place forager,mm,mode,,both,adult,,,,,,,,,,,
PreservedSpecimen,Tenthredo rubricoxis,Family,Expert identification of collected specimens,Tenthredinidae,mm,mode,,both,adult,,,,,,,,,,,
PreservedSpecimen,Tenthredo rubricoxis,Proboscis,,0.8,mm,single observation,,both,adult,,,,,,,,,,,
PreservedSpecimen,Tenthredo rubricoxis,Body,Total body length,12,mm,range,,both,adult,,,,,,,,,,,
HumanObservation,Tenthredo rubricoxis,Foraging,,Non-central-place forager,mm,mode,,both,adult,,,,,,,,,,,
PreservedSpecimen,Tenthredo sp. 1,Family,Expert identification of collected specimens,Tenthredinidae,mm,mode,,both,adult,,,,,,,,,,,
PreservedSpecimen,Tenthredo sp. 1,Proboscis,,0.9,mm,single observation,,both,adult,,,,,,,,,,,
PreservedSpecimen,Tenthredo sp. 1,Body,Total body length,10.5,mm,range,,both,adult,,,,,,,,,,,
HumanObservation,Tenthredo sp. 1,Foraging,,Non-central-place forager,mm,mode,,both,adult,,,,,,,,,,,
PreservedSpecimen,Tenthredo sp. 2,Family,Expert identification of collected specimens,Tenthredinidae,mm,mode,,both,adult,,,,,,,,,,,
PreservedSpecimen,Tenthredo sp. 2,Proboscis,,1,mm,single observation,,both,adult,,,,,,,,,,,
PreservedSpecimen,Tenthredo sp. 2,Body,Total body length,11,mm,range,,both,adult,,,,,,,,,,,
HumanObservation,Tenthredo sp. 2,Foraging,,Non-central-place forager,mm,mode,,both,adult,,,,,,,,,,,
PreservedSpecimen,Tenthredo zonula,Family,Expert identification of collected specimens,Tenthredinidae,mm,mode,,both,adult,,,,,,,,,,,
PreservedSpecimen,Tenthredo zonula,Proboscis,,0.68,mm,single observation,,both,adult,,,,,,,,,,,
PreservedSpecimen,Tenthredo zonula,Body,Total body length,8.5,mm,range,,both,adult,,,,,,,,,,,
HumanObservation,Tenthredo zonula,Foraging,,Non-central-place forager,mm,mode,,both,adult,,,,,,,,,,,
PreservedSpecimen,Tenthredopsis sp. 1,Family,Expert identification of collected specimens,Tenthredinidae,mm,mode,,both,adult,,,,,,,,,,,
PreservedSpecimen,Tenthredopsis sp. 1,Proboscis,,0.9,mm,single observation,,both,adult,,,,,,,,,,,
PreservedSpecimen,Tenthredopsis sp. 1,Body,Total body length,13,mm,range,,both,adult,,,,,,,,,,,
HumanObservation,Tenthredopsis sp. 1,Foraging,,Non-central-place forager,mm,mode,,both,adult,,,,,,,,,,,
PreservedSpecimen,Tenthredopsis tischbeinii,Family,Expert identification of collected specimens,Tenthredinidae,mm,mode,,both,adult,,,,,,,,,,,
PreservedSpecimen,Tenthredopsis tischbeinii,Proboscis,,0.9,mm,single observation,,both,adult,,,,,,,,,,,
PreservedSpecimen,Tenthredopsis tischbeinii,Body,Total body length,11,mm,range,,both,adult,,,,,,,,,,,
HumanObservation,Tenthredopsis tischbeinii,Foraging,,Non-central-place forager,mm,mode,,both,adult,,,,,,,,,,,
PreservedSpecimen,Tetraloniella dentata,Family,Expert identification of collected specimens,Apidae,mm,mode,,both,adult,,,,,,,,,,,
PreservedSpecimen,Tetraloniella dentata,Proboscis,,4.3,mm,single observation,,both,adult,,,,,,,,,,,
PreservedSpecimen,Tetraloniella dentata,Body,Total body length,12,mm,range,,both,adult,,,,,,,,,,,
HumanObservation,Tetraloniella dentata,Foraging,,Central-place forager,mm,mode,,both,adult,,,,,,,,,,,
PreservedSpecimen,Tetraloniella salicariae,Family,Expert identification of collected specimens,Apidae,mm,mode,,both,adult,,,,,,,,,,,
PreservedSpecimen,Tetraloniella salicariae,Proboscis,,3,mm,single observation,,both,adult,,,,,,,,,,,
PreservedSpecimen,Tetraloniella salicariae,Body,Total body length,8,mm,range,,both,adult,,,,,,,,,,,
HumanObservation,Tetraloniella salicariae,Foraging,,Central-place forager,mm,mode,,both,adult,,,,,,,,,,,
PreservedSpecimen,Thecophora atra,Family,Expert identification of collected specimens,Conopidae,mm,mode,,both,adult,,,,,,,,,,,
PreservedSpecimen,Thecophora atra,Proboscis,,3,mm,single observation,,both,adult,,,,,,,,,,,
PreservedSpecimen,Thecophora atra,Body,Total body length,4.8,mm,range,,both,adult,,,,,,,,,,,
HumanObservation,Thecophora atra,Foraging,,Non-central-place forager,mm,mode,,both,adult,,,,,,,,,,,
PreservedSpecimen,Thecophora distincta,Family,Expert identification of collected specimens,Conopidae,mm,mode,,both,adult,,,,,,,,,,,
PreservedSpecimen,Thecophora distincta,Proboscis,,3.4,mm,single observation,,both,adult,,,,,,,,,,,
PreservedSpecimen,Thecophora distincta,Body,Total body length,5.2,mm,range,,both,adult,,,,,,,,,,,
HumanObservation,Thecophora distincta,Foraging,,Non-central-place forager,mm,mode,,both,adult,,,,,,,,,,,
PreservedSpecimen,Trachusa byssina,Family,Expert identification of collected specimens,Megachilidae,mm,mode,,both,adult,,,,,,,,,,,
PreservedSpecimen,Trachusa byssina,Proboscis,,4.45,mm,single observation,,both,adult,,,,,,,,,,,
PreservedSpecimen,Trachusa byssina,Body,Total body length,10.5,mm,range,,both,adult,,,,,,,,,,,
HumanObservation,Trachusa byssina,Foraging,,Central-place forager,mm,mode,,both,adult,,,,,,,,,,,
PreservedSpecimen,Trichopoda pennipes,Family,Expert identification of collected specimens,Tachinidae,mm,mode,,both,adult,,,,,,,,,,,
PreservedSpecimen,Trichopoda pennipes,Proboscis,,2.4,mm,single observation,,both,adult,,,,,,,,,,,
PreservedSpecimen,Trichopoda pennipes,Body,Total body length,8.5,mm,range,,both,adult,,,,,,,,,,,
HumanObservation,Trichopoda pennipes,Foraging,,Non-central-place forager,mm,mode,,both,adult,,,,,,,,,,,
PreservedSpecimen,Volucella bombylans,Family,Expert identification of collected specimens,Syrphidae,mm,mode,,both,adult,,,,,,,,,,,
PreservedSpecimen,Volucella bombylans,Proboscis,,1.5,mm,single observation,,both,adult,,,,,,,,,,,
PreservedSpecimen,Volucella bombylans,Body,Total body length,13,mm,range,,both,adult,,,,,,,,,,,
HumanObservation,Volucella bombylans,Foraging,,Non-central-place forager,mm,mode,,both,adult,,,,,,,,,,,
PreservedSpecimen,Volucella pellucens,Family,Expert identification of collected specimens,Syrphidae,mm,mode,,both,adult,,,,,,,,,,,
PreservedSpecimen,Volucella pellucens,Proboscis,,1.5,mm,single observation,,both,adult,,,,,,,,,,,
PreservedSpecimen,Volucella pellucens,Body,Total body length,15.5,mm,range,,both,adult,,,,,,,,,,,
HumanObservation,Volucella pellucens,Foraging,,Non-central-place forager,mm,mode,,both,adult,,,,,,,,,,,
PreservedSpecimen,Xylocopa iris,Family,Expert identification of collected specimens,Apidae,mm,mode,,both,adult,,,,,,,,,,,
PreservedSpecimen,Xylocopa iris,Proboscis,,6,mm,single observation,,both,adult,,,,,,,,,,,
PreservedSpecimen,Xylocopa iris,Body,Total body length,19,mm,range,,both,adult,,,,,,,,,,,
HumanObservation,Xylocopa iris,Foraging,,Central-place forager,mm,mode,,both,adult,,,,,,,,,,,
PreservedSpecimen,Xylocopa violacea,Family,Expert identification of collected specimens,Apidae,mm,mode,,both,adult,,,,,,,,,,,
PreservedSpecimen,Xylocopa violacea,Proboscis,,7.85,mm,single observation,,both,adult,,,,,,,,,,,
PreservedSpecimen,Xylocopa violacea,Body,Total body length,22.5,mm,range,,both,adult,,,,,,,,,,,
HumanObservation,Xylocopa violacea,Foraging,,Central-place forager,mm,mode,,both,adult,,,,,,,,,,,
PreservedSpecimen,Xylota jakutorum,Family,Expert identification of collected specimens,Syrphidae,mm,mode,,both,adult,,,,,,,,,,,
PreservedSpecimen,Xylota jakutorum,Proboscis,,1,mm,single observation,,both,adult,,,,,,,,,,,
PreservedSpecimen,Xylota jakutorum,Body,Total body length,11,mm,range,,both,adult,,,,,,,,,,,
HumanObservation,Xylota jakutorum,Foraging,,Non-central-place forager,mm,mode,,both,adult,,,,,,,,,,,
PreservedSpecimen,Zodion cinereum,Family,Expert identification of collected specimens,Conopidae,mm,mode,,both,adult,,,,,,,,,,,
PreservedSpecimen,Zodion cinereum,Proboscis,,3.4,mm,single observation,,both,adult,,,,,,,,,,,
PreservedSpecimen,Zodion cinereum,Body,Total body length,6,mm,range,,both,adult,,,,,,,,,,,
HumanObservation,Zodion cinereum,Foraging,,Non-central-place forager,mm,mode,,both,adult,,,,,,,,,,,
PreservedSpecimen,Zophomyia temula,Family,Expert identification of collected specimens,Tachinidae,mm,mode,,both,adult,,,,,,,,,,,
PreservedSpecimen,Zophomyia temula,Proboscis,,2.7,mm,single observation,,both,adult,,,,,,,,,,,
PreservedSpecimen,Zophomyia temula,Body,Total body length,11,mm,range,,both,adult,,,,,,,,,,,
HumanObservation,Zophomyia temula,Foraging,,Non-central-place forager,mm,mode,,both,adult,,,,,,,,,,,
PreservedSpecimen,Andrenidae,Proboscis,,1.73 (0.67),mm,single observation,,both,adult,,,,,,,,,,,
PreservedSpecimen,Andrenidae,Body,Total body length,9.33 (2.17),mm,range,,both,adult,,,,,,,,,,,
PreservedSpecimen,Apidae,Proboscis,,6.88 (2.66),mm,single observation,,both,adult,,,,,,,,,,,
PreservedSpecimen,Apidae,Body,Total body length,14.1 (3.56),mm,range,,both,adult,,,,,,,,,,,
PreservedSpecimen,Cimbicidae,Proboscis,,0.85 (0.07),mm,single observation,,both,adult,,,,,,,,,,,
PreservedSpecimen,Cimbicidae,Body,Total body length,10 (2.83),mm,range,,both,adult,,,,,,,,,,,
PreservedSpecimen,Colletidae,Proboscis,,0.79 (0.19),mm,single observation,,both,adult,,,,,,,,,,,
PreservedSpecimen,Colletidae,Body,Total body length,5.13 (0.88),mm,range,,both,adult,,,,,,,,,,,
PreservedSpecimen,Conopidae,Proboscis,,4.1 (0.99),mm,single observation,,both,adult,,,,,,,,,,,
PreservedSpecimen,Conopidae,Body,Total body length,8.78 (3.12),mm,range,,both,adult,,,,,,,,,,,
PreservedSpecimen,Crabronidae,Proboscis,,0.92 (0.4),mm,single observation,,both,adult,,,,,,,,,,,
PreservedSpecimen,Crabronidae,Body,Total body length,7.62 (2.38),mm,range,,both,adult,,,,,,,,,,,
PreservedSpecimen,Halictidae,Proboscis,,1.84 (0.62),mm,single observation,,both,adult,,,,,,,,,,,
PreservedSpecimen,Halictidae,Body,Total body length,7.87 (1.73),mm,range,,both,adult,,,,,,,,,,,
PreservedSpecimen,Megachilidae,Proboscis,,3.9 (1.11),mm,single observation,,both,adult,,,,,,,,,,,
PreservedSpecimen,Megachilidae,Body,Total body length,10.31 (3.32),mm,range,,both,adult,,,,,,,,,,,
PreservedSpecimen,Megalodontesidae,Proboscis,,2.25 (0.07),mm,single observation,,both,adult,,,,,,,,,,,
PreservedSpecimen,Megalodontesidae,Body,Total body length,12 (0),mm,range,,both,adult,,,,,,,,,,,
PreservedSpecimen,Melittidae,Proboscis,,1.2 (NA),mm,single observation,,both,adult,,,,,,,,,,,
PreservedSpecimen,Melittidae,Body,Total body length,9 (NA),mm,range,,both,adult,,,,,,,,,,,
PreservedSpecimen,Scoliidae,Proboscis,,4.1 (NA),mm,single observation,,both,adult,,,,,,,,,,,
PreservedSpecimen,Scoliidae,Body,Total body length,19 (NA),mm,range,,both,adult,,,,,,,,,,,
PreservedSpecimen,Syrphidae,Proboscis,,0.98 (0.38),mm,single observation,,both,adult,,,,,,,,,,,
PreservedSpecimen,Syrphidae,Body,Total body length,9.66 (2.49),mm,range,,both,adult,,,,,,,,,,,
PreservedSpecimen,Tachinidae,Proboscis,,2.68 (1.07),mm,single observation,,both,adult,,,,,,,,,,,
PreservedSpecimen,Tachinidae,Body,Total body length,8.74 (2.72),mm,range,,both,adult,,,,,,,,,,,
PreservedSpecimen,Tenthredinidae,Proboscis,,0.91 (0.29),mm,single observation,,both,adult,,,,,,,,,,,
PreservedSpecimen,Tenthredinidae,Body,Total body length,10.9 (1.76),mm,range,,both,adult,,,,,,,,,,,
PreservedSpecimen,Vespidae,Proboscis,,1.54 (0.09),mm,single observation,,both,adult,,,,,,,,,,,
PreservedSpecimen,Vespidae,Body,Total body length,13.58 (0.49),mm,range,,both,adult,,,,,,,,,,,
