basisOfRecord,verbatimIdentification,measurementType,measurementMethod,measurementValue ,measurementUnit,measurementStatistic,measurementRemarks,sex,lifeStage,caste,sampleSizeValue,sampleSizeUnit,sampleTreatment,samplingProtocol,verbatimLocality ,verbatimCoordinates,verbatimEventDate,associatedOccurrences,associatedReferences ,externalLink
,Dinoponera quadriceps,CL,,40.4,,mode,,both,adult,,,,,,,,,,,
,Dinoponera quadriceps,LEG,,36.8,,mode,,both,adult,,,,,,,,,,,
,Dinoponera quadriceps,EL,,37.2,,mode,,both,adult,,,,,,,,,,,
,Dinoponera quadriceps,EL,,38.4,,mode,,both,adult,,,,,,,,,,,
PreservedSpecimen,Dinoponera quadriceps,Traits CL,Ratio of clypeus length to mesosoma length,0.0000,,mean,,both,adult,,,,,,P0,,,,,
PreservedSpecimen,Dinoponera quadriceps,Traits CL,Ratio of clypeus length to mesosoma length,0.0000,,mean,,both,adult,,,,,,P0,,,,,
PreservedSpecimen,Dinoponera quadriceps,Traits ML,,0.0000,ratio,mean and variance,,both,adult,,,,,,P0,,,,,
PreservedSpecimen,Dinoponera quadriceps,Traits ML,,0.0000,ratio,mean and variance,,both,adult,,,,,,P0,,,,,
PreservedSpecimen,Dinoponera quadriceps,Traits WL,Measurement of Weber's length (mesosoma length) on the ant worker,0.0083,mm,mean ± SE,,both,adult,,,,,,P0,,,,,
PreservedSpecimen,Dinoponera quadriceps,Traits WL,Measurement of Weber's length (mesosoma length) on the ant worker,0.0083,mm,mean ± SE,,both,adult,,,,,,P0,,,,,
PreservedSpecimen,Dinoponera quadriceps,Traits IOW,Ratio of inter-ocular width to mesosoma length (standardized by dividing inter-ocular width by Weber's length),0.0001,,mean,,both,adult,,,,,,P0,,,,,
PreservedSpecimen,Dinoponera quadriceps,Traits IOW,Ratio of inter-ocular width to mesosoma length (standardized by dividing inter-ocular width by Weber's length),0.0001,,mean,,both,adult,,,,,,P0,,,,,
PreservedSpecimen,Dinoponera quadriceps,Traits EL,,0.0000,mm,mean,,both,adult,,,,,,P0,,,,,
PreservedSpecimen,Dinoponera quadriceps,Traits EL,,0.0000,mm,mean,,both,adult,,,,,,P0,,,,,
PreservedSpecimen,Dinoponera quadriceps,Traits P,,,ratio,mean ± SD,,both,adult,,,,,,P0,,,,,
PreservedSpecimen,Dinoponera quadriceps,Traits P,,,ratio,mean ± SD,,both,adult,,,,,,P0,,,,,
PreservedSpecimen,Dinoponera quadriceps,Traits LEG,Ratio of leg length (combined length of femur and tibia) to mesosoma length (Weber's length),0.0010,,mean,,both,adult,,,,,,P0,,,,,
PreservedSpecimen,Dinoponera quadriceps,Traits LEG,Ratio of leg length (combined length of femur and tibia) to mesosoma length (Weber's length),0.0010,,mean,,both,adult,,,,,,P0,,,,,
PreservedSpecimen,Dinoponera quadriceps,Traits AL,Ratio of antenna (combined funicle and scape) length to mesosoma length,0.0013,,mean,,both,adult,,,,,,P0,,,,,
PreservedSpecimen,Dinoponera quadriceps,Traits AL,Ratio of antenna (combined funicle and scape) length to mesosoma length,0.0013,,mean,,both,adult,,,,,,P0,,,,,
PreservedSpecimen,Dinoponera quadriceps,Traits CL,Ratio of clypeus length to mesosoma length,1,,mean,,both,adult,,,,,,2,,,,,
PreservedSpecimen,Dinoponera quadriceps,Traits CL,Ratio of clypeus length to mesosoma length,1,,mean,,both,adult,,,,,,2,,,,,
PreservedSpecimen,Dinoponera quadriceps,Traits ML,,3,ratio,mean and variance,,both,adult,,,,,,2,,,,,
PreservedSpecimen,Dinoponera quadriceps,Traits ML,,3,ratio,mean and variance,,both,adult,,,,,,2,,,,,
PreservedSpecimen,Dinoponera quadriceps,Traits WL,Measurement of Weber's length (mesosoma length) on the ant worker,3,mm,mean ± SE,,both,adult,,,,,,2,,,,,
PreservedSpecimen,Dinoponera quadriceps,Traits WL,Measurement of Weber's length (mesosoma length) on the ant worker,3,mm,mean ± SE,,both,adult,,,,,,2,,,,,
PreservedSpecimen,Dinoponera quadriceps,Traits IOW,Ratio of inter-ocular width to mesosoma length (standardized by dividing inter-ocular width by Weber's length),4,,mean,,both,adult,,,,,,2,,,,,
PreservedSpecimen,Dinoponera quadriceps,Traits IOW,Ratio of inter-ocular width to mesosoma length (standardized by dividing inter-ocular width by Weber's length),4,,mean,,both,adult,,,,,,2,,,,,
PreservedSpecimen,Dinoponera quadriceps,Traits EL,,8,mm,mean,,both,adult,,,,,,2,,,,,
PreservedSpecimen,Dinoponera quadriceps,Traits EL,,8,mm,mean,,both,adult,,,,,,2,,,,,
PreservedSpecimen,Dinoponera quadriceps,Traits P,,4.30000,ratio,mean ± SD,,both,adult,,,,,,2,,,,,
PreservedSpecimen,Dinoponera quadriceps,Traits P,,4.30000,ratio,mean ± SD,,both,adult,,,,,,2,,,,,
PreservedSpecimen,Dinoponera quadriceps,Traits LEG,Ratio of leg length (combined length of femur and tibia) to mesosoma length (Weber's length),9,,mean,,both,adult,,,,,,2,,,,,
PreservedSpecimen,Dinoponera quadriceps,Traits LEG,Ratio of leg length (combined length of femur and tibia) to mesosoma length (Weber's length),9,,mean,,both,adult,,,,,,2,,,,,
PreservedSpecimen,Dinoponera quadriceps,Traits AL,Ratio of antenna (combined funicle and scape) length to mesosoma length,4,,mean,,both,adult,,,,,,2,,,,,
PreservedSpecimen,Dinoponera quadriceps,Traits AL,Ratio of antenna (combined funicle and scape) length to mesosoma length,4,,mean,,both,adult,,,,,,2,,,,,
PreservedSpecimen,Dinoponera quadriceps,Traits CL,Ratio of clypeus length to mesosoma length,0.0000,,mean,,both,adult,,,,,,P0,,,,,
PreservedSpecimen,Dinoponera quadriceps,Traits CL,Ratio of clypeus length to mesosoma length,0.0000,,mean,,both,adult,,,,,,P0,,,,,
PreservedSpecimen,Dinoponera quadriceps,Traits ML,,0.0002,ratio,mean and variance,,both,adult,,,,,,P0,,,,,
PreservedSpecimen,Dinoponera quadriceps,Traits ML,,0.0002,ratio,mean and variance,,both,adult,,,,,,P0,,,,,
PreservedSpecimen,Dinoponera quadriceps,Traits WL,Measurement of Weber's length (mesosoma length) on the ant worker,0.1296,mm,mean ± SE,,both,adult,,,,,,P0,,,,,
PreservedSpecimen,Dinoponera quadriceps,Traits WL,Measurement of Weber's length (mesosoma length) on the ant worker,0.1296,mm,mean ± SE,,both,adult,,,,,,P0,,,,,
PreservedSpecimen,Dinoponera quadriceps,Traits IOW,Ratio of inter-ocular width to mesosoma length (standardized by dividing inter-ocular width by Weber's length),0.0000,,mean,,both,adult,,,,,,P0,,,,,
PreservedSpecimen,Dinoponera quadriceps,Traits IOW,Ratio of inter-ocular width to mesosoma length (standardized by dividing inter-ocular width by Weber's length),0.0000,,mean,,both,adult,,,,,,P0,,,,,
PreservedSpecimen,Dinoponera quadriceps,Traits EL,,0.0000,mm,mean,,both,adult,,,,,,P0,,,,,
PreservedSpecimen,Dinoponera quadriceps,Traits EL,,0.0000,mm,mean,,both,adult,,,,,,P0,,,,,
PreservedSpecimen,Dinoponera quadriceps,Traits P,,,ratio,mean ± SD,,both,adult,,,,,,P0,,,,,
PreservedSpecimen,Dinoponera quadriceps,Traits P,,,ratio,mean ± SD,,both,adult,,,,,,P0,,,,,
PreservedSpecimen,Dinoponera quadriceps,Traits LEG,Ratio of leg length (combined length of femur and tibia) to mesosoma length (Weber's length),0.0020,,mean,,both,adult,,,,,,P0,,,,,
PreservedSpecimen,Dinoponera quadriceps,Traits LEG,Ratio of leg length (combined length of femur and tibia) to mesosoma length (Weber's length),0.0020,,mean,,both,adult,,,,,,P0,,,,,
PreservedSpecimen,Dinoponera quadriceps,Traits AL,Ratio of antenna (combined funicle and scape) length to mesosoma length,0.0028,,mean,,both,adult,,,,,,P0,,,,,
PreservedSpecimen,Dinoponera quadriceps,Traits AL,Ratio of antenna (combined funicle and scape) length to mesosoma length,0.0028,,mean,,both,adult,,,,,,P0,,,,,
PreservedSpecimen,Dinoponera quadriceps,Traits CL,Ratio of clypeus length to mesosoma length,2,,mean,,both,adult,,,,,,7,,,,,
PreservedSpecimen,Dinoponera quadriceps,Traits CL,Ratio of clypeus length to mesosoma length,2,,mean,,both,adult,,,,,,7,,,,,
PreservedSpecimen,Dinoponera quadriceps,Traits ML,,2,ratio,mean and variance,,both,adult,,,,,,7,,,,,
PreservedSpecimen,Dinoponera quadriceps,Traits ML,,2,ratio,mean and variance,,both,adult,,,,,,7,,,,,
PreservedSpecimen,Dinoponera quadriceps,Traits WL,Measurement of Weber's length (mesosoma length) on the ant worker,3,mm,mean ± SE,,both,adult,,,,,,7,,,,,
PreservedSpecimen,Dinoponera quadriceps,Traits WL,Measurement of Weber's length (mesosoma length) on the ant worker,3,mm,mean ± SE,,both,adult,,,,,,7,,,,,
PreservedSpecimen,Dinoponera quadriceps,Traits IOW,Ratio of inter-ocular width to mesosoma length (standardized by dividing inter-ocular width by Weber's length),9,,mean,,both,adult,,,,,,7,,,,,
PreservedSpecimen,Dinoponera quadriceps,Traits IOW,Ratio of inter-ocular width to mesosoma length (standardized by dividing inter-ocular width by Weber's length),9,,mean,,both,adult,,,,,,7,,,,,
PreservedSpecimen,Dinoponera quadriceps,Traits EL,,2,mm,mean,,both,adult,,,,,,7,,,,,
PreservedSpecimen,Dinoponera quadriceps,Traits EL,,2,mm,mean,,both,adult,,,,,,7,,,,,
PreservedSpecimen,Dinoponera quadriceps,Traits P,,4.91667,ratio,mean ± SD,,both,adult,,,,,,7,,,,,
PreservedSpecimen,Dinoponera quadriceps,Traits P,,4.91667,ratio,mean ± SD,,both,adult,,,,,,7,,,,,
PreservedSpecimen,Dinoponera quadriceps,Traits LEG,Ratio of leg length (combined length of femur and tibia) to mesosoma length (Weber's length),3,,mean,,both,adult,,,,,,7,,,,,
PreservedSpecimen,Dinoponera quadriceps,Traits LEG,Ratio of leg length (combined length of femur and tibia) to mesosoma length (Weber's length),3,,mean,,both,adult,,,,,,7,,,,,
PreservedSpecimen,Dinoponera quadriceps,Traits AL,Ratio of antenna (combined funicle and scape) length to mesosoma length,8,,mean,,both,adult,,,,,,7,,,,,
PreservedSpecimen,Dinoponera quadriceps,Traits AL,Ratio of antenna (combined funicle and scape) length to mesosoma length,8,,mean,,both,adult,,,,,,7,,,,,
PreservedSpecimen,Dinoponera quadriceps,Traits CL,Ratio of clypeus length to mesosoma length,0.0000,,mean,,both,adult,,,,,,P1,,,,,
PreservedSpecimen,Dinoponera quadriceps,Traits CL,Ratio of clypeus length to mesosoma length,0.0000,,mean,,both,adult,,,,,,P1,,,,,
PreservedSpecimen,Dinoponera quadriceps,Traits ML,,0.0000,ratio,mean and variance,,both,adult,,,,,,P1,,,,,
PreservedSpecimen,Dinoponera quadriceps,Traits ML,,0.0000,ratio,mean and variance,,both,adult,,,,,,P1,,,,,
PreservedSpecimen,Dinoponera quadriceps,Traits WL,Measurement of Weber's length (mesosoma length) on the ant worker,0.0277,mm,mean ± SE,,both,adult,,,,,,P1,,,,,
PreservedSpecimen,Dinoponera quadriceps,Traits WL,Measurement of Weber's length (mesosoma length) on the ant worker,0.0277,mm,mean ± SE,,both,adult,,,,,,P1,,,,,
PreservedSpecimen,Dinoponera quadriceps,Traits IOW,Ratio of inter-ocular width to mesosoma length (standardized by dividing inter-ocular width by Weber's length),0.0000,,mean,,both,adult,,,,,,P1,,,,,
PreservedSpecimen,Dinoponera quadriceps,Traits IOW,Ratio of inter-ocular width to mesosoma length (standardized by dividing inter-ocular width by Weber's length),0.0000,,mean,,both,adult,,,,,,P1,,,,,
PreservedSpecimen,Dinoponera quadriceps,Traits EL,,0.0000,mm,mean,,both,adult,,,,,,P1,,,,,
PreservedSpecimen,Dinoponera quadriceps,Traits EL,,0.0000,mm,mean,,both,adult,,,,,,P1,,,,,
PreservedSpecimen,Dinoponera quadriceps,Traits P,,,ratio,mean ± SD,,both,adult,,,,,,P1,,,,,
PreservedSpecimen,Dinoponera quadriceps,Traits P,,,ratio,mean ± SD,,both,adult,,,,,,P1,,,,,
PreservedSpecimen,Dinoponera quadriceps,Traits LEG,Ratio of leg length (combined length of femur and tibia) to mesosoma length (Weber's length),0.0003,,mean,,both,adult,,,,,,P1,,,,,
PreservedSpecimen,Dinoponera quadriceps,Traits LEG,Ratio of leg length (combined length of femur and tibia) to mesosoma length (Weber's length),0.0003,,mean,,both,adult,,,,,,P1,,,,,
PreservedSpecimen,Dinoponera quadriceps,Traits AL,Ratio of antenna (combined funicle and scape) length to mesosoma length,0.0006,,mean,,both,adult,,,,,,P1,,,,,
PreservedSpecimen,Dinoponera quadriceps,Traits AL,Ratio of antenna (combined funicle and scape) length to mesosoma length,0.0006,,mean,,both,adult,,,,,,P1,,,,,
PreservedSpecimen,Dinoponera quadriceps,Traits CL,Ratio of clypeus length to mesosoma length,4,,mean,,both,adult,,,,,,0,,,,,
PreservedSpecimen,Dinoponera quadriceps,Traits CL,Ratio of clypeus length to mesosoma length,4,,mean,,both,adult,,,,,,0,,,,,
PreservedSpecimen,Dinoponera quadriceps,Traits ML,,9,ratio,mean and variance,,both,adult,,,,,,0,,,,,
PreservedSpecimen,Dinoponera quadriceps,Traits ML,,9,ratio,mean and variance,,both,adult,,,,,,0,,,,,
PreservedSpecimen,Dinoponera quadriceps,Traits WL,Measurement of Weber's length (mesosoma length) on the ant worker,8,mm,mean ± SE,,both,adult,,,,,,0,,,,,
PreservedSpecimen,Dinoponera quadriceps,Traits WL,Measurement of Weber's length (mesosoma length) on the ant worker,8,mm,mean ± SE,,both,adult,,,,,,0,,,,,
PreservedSpecimen,Dinoponera quadriceps,Traits IOW,Ratio of inter-ocular width to mesosoma length (standardized by dividing inter-ocular width by Weber's length),9,,mean,,both,adult,,,,,,0,,,,,
PreservedSpecimen,Dinoponera quadriceps,Traits IOW,Ratio of inter-ocular width to mesosoma length (standardized by dividing inter-ocular width by Weber's length),9,,mean,,both,adult,,,,,,0,,,,,
PreservedSpecimen,Dinoponera quadriceps,Traits EL,,6,mm,mean,,both,adult,,,,,,0,,,,,
PreservedSpecimen,Dinoponera quadriceps,Traits EL,,6,mm,mean,,both,adult,,,,,,0,,,,,
PreservedSpecimen,Dinoponera quadriceps,Traits P,,6.70000,ratio,mean ± SD,,both,adult,,,,,,0,,,,,
PreservedSpecimen,Dinoponera quadriceps,Traits P,,6.70000,ratio,mean ± SD,,both,adult,,,,,,0,,,,,
PreservedSpecimen,Dinoponera quadriceps,Traits LEG,Ratio of leg length (combined length of femur and tibia) to mesosoma length (Weber's length),3,,mean,,both,adult,,,,,,0,,,,,
PreservedSpecimen,Dinoponera quadriceps,Traits LEG,Ratio of leg length (combined length of femur and tibia) to mesosoma length (Weber's length),3,,mean,,both,adult,,,,,,0,,,,,
PreservedSpecimen,Dinoponera quadriceps,Traits AL,Ratio of antenna (combined funicle and scape) length to mesosoma length,5,,mean,,both,adult,,,,,,0,,,,,
PreservedSpecimen,Dinoponera quadriceps,Traits AL,Ratio of antenna (combined funicle and scape) length to mesosoma length,5,,mean,,both,adult,,,,,,0,,,,,
PreservedSpecimen,Dinoponera quadriceps,Traits CL,Ratio of clypeus length to mesosoma length,0.0000,,mean,,both,adult,,,,,,P1,,,,,
PreservedSpecimen,Dinoponera quadriceps,Traits CL,Ratio of clypeus length to mesosoma length,0.0000,,mean,,both,adult,,,,,,P1,,,,,
PreservedSpecimen,Dinoponera quadriceps,Traits ML,,0.0000,ratio,mean and variance,,both,adult,,,,,,P1,,,,,
PreservedSpecimen,Dinoponera quadriceps,Traits ML,,0.0000,ratio,mean and variance,,both,adult,,,,,,P1,,,,,
PreservedSpecimen,Dinoponera quadriceps,Traits WL,Measurement of Weber's length (mesosoma length) on the ant worker,0.0648,mm,mean ± SE,,both,adult,,,,,,P1,,,,,
PreservedSpecimen,Dinoponera quadriceps,Traits WL,Measurement of Weber's length (mesosoma length) on the ant worker,0.0648,mm,mean ± SE,,both,adult,,,,,,P1,,,,,
PreservedSpecimen,Dinoponera quadriceps,Traits IOW,Ratio of inter-ocular width to mesosoma length (standardized by dividing inter-ocular width by Weber's length),0.0002,,mean,,both,adult,,,,,,P1,,,,,
PreservedSpecimen,Dinoponera quadriceps,Traits IOW,Ratio of inter-ocular width to mesosoma length (standardized by dividing inter-ocular width by Weber's length),0.0002,,mean,,both,adult,,,,,,P1,,,,,
PreservedSpecimen,Dinoponera quadriceps,Traits EL,,0.0000,mm,mean,,both,adult,,,,,,P1,,,,,
PreservedSpecimen,Dinoponera quadriceps,Traits EL,,0.0000,mm,mean,,both,adult,,,,,,P1,,,,,
PreservedSpecimen,Dinoponera quadriceps,Traits P,,,ratio,mean ± SD,,both,adult,,,,,,P1,,,,,
PreservedSpecimen,Dinoponera quadriceps,Traits P,,,ratio,mean ± SD,,both,adult,,,,,,P1,,,,,
PreservedSpecimen,Dinoponera quadriceps,Traits LEG,Ratio of leg length (combined length of femur and tibia) to mesosoma length (Weber's length),0.0003,,mean,,both,adult,,,,,,P1,,,,,
PreservedSpecimen,Dinoponera quadriceps,Traits LEG,Ratio of leg length (combined length of femur and tibia) to mesosoma length (Weber's length),0.0003,,mean,,both,adult,,,,,,P1,,,,,
PreservedSpecimen,Dinoponera quadriceps,Traits AL,Ratio of antenna (combined funicle and scape) length to mesosoma length,0.0000,,mean,,both,adult,,,,,,P1,,,,,
PreservedSpecimen,Dinoponera quadriceps,Traits AL,Ratio of antenna (combined funicle and scape) length to mesosoma length,0.0000,,mean,,both,adult,,,,,,P1,,,,,
PreservedSpecimen,Dinoponera quadriceps,Traits CL,Ratio of clypeus length to mesosoma length,5,,mean,,both,adult,,,,,,1,,,,,
PreservedSpecimen,Dinoponera quadriceps,Traits CL,Ratio of clypeus length to mesosoma length,5,,mean,,both,adult,,,,,,1,,,,,
PreservedSpecimen,Dinoponera quadriceps,Traits ML,,2,ratio,mean and variance,,both,adult,,,,,,1,,,,,
PreservedSpecimen,Dinoponera quadriceps,Traits ML,,2,ratio,mean and variance,,both,adult,,,,,,1,,,,,
PreservedSpecimen,Dinoponera quadriceps,Traits WL,Measurement of Weber's length (mesosoma length) on the ant worker,1,mm,mean ± SE,,both,adult,,,,,,1,,,,,
PreservedSpecimen,Dinoponera quadriceps,Traits WL,Measurement of Weber's length (mesosoma length) on the ant worker,1,mm,mean ± SE,,both,adult,,,,,,1,,,,,
PreservedSpecimen,Dinoponera quadriceps,Traits IOW,Ratio of inter-ocular width to mesosoma length (standardized by dividing inter-ocular width by Weber's length),6,,mean,,both,adult,,,,,,1,,,,,
PreservedSpecimen,Dinoponera quadriceps,Traits IOW,Ratio of inter-ocular width to mesosoma length (standardized by dividing inter-ocular width by Weber's length),6,,mean,,both,adult,,,,,,1,,,,,
PreservedSpecimen,Dinoponera quadriceps,Traits EL,,4,mm,mean,,both,adult,,,,,,1,,,,,
PreservedSpecimen,Dinoponera quadriceps,Traits EL,,4,mm,mean,,both,adult,,,,,,1,,,,,
PreservedSpecimen,Dinoponera quadriceps,Traits P,,3.00000,ratio,mean ± SD,,both,adult,,,,,,1,,,,,
PreservedSpecimen,Dinoponera quadriceps,Traits P,,3.00000,ratio,mean ± SD,,both,adult,,,,,,1,,,,,
PreservedSpecimen,Dinoponera quadriceps,Traits LEG,Ratio of leg length (combined length of femur and tibia) to mesosoma length (Weber's length),0,,mean,,both,adult,,,,,,1,,,,,
PreservedSpecimen,Dinoponera quadriceps,Traits LEG,Ratio of leg length (combined length of femur and tibia) to mesosoma length (Weber's length),0,,mean,,both,adult,,,,,,1,,,,,
PreservedSpecimen,Dinoponera quadriceps,Traits AL,Ratio of antenna (combined funicle and scape) length to mesosoma length,2,,mean,,both,adult,,,,,,1,,,,,
PreservedSpecimen,Dinoponera quadriceps,Traits AL,Ratio of antenna (combined funicle and scape) length to mesosoma length,2,,mean,,both,adult,,,,,,1,,,,,
PreservedSpecimen,Dinoponera quadriceps,Traits CL,Ratio of clypeus length to mesosoma length,0.0000,,mean,,both,adult,,,,,,P1,,,,,
PreservedSpecimen,Dinoponera quadriceps,Traits CL,Ratio of clypeus length to mesosoma length,0.0000,,mean,,both,adult,,,,,,P1,,,,,
PreservedSpecimen,Dinoponera quadriceps,Traits ML,,0.0000,ratio,mean and variance,,both,adult,,,,,,P1,,,,,
PreservedSpecimen,Dinoponera quadriceps,Traits ML,,0.0000,ratio,mean and variance,,both,adult,,,,,,P1,,,,,
PreservedSpecimen,Dinoponera quadriceps,Traits WL,Measurement of Weber's length (mesosoma length) on the ant worker,0.0277,mm,mean ± SE,,both,adult,,,,,,P1,,,,,
PreservedSpecimen,Dinoponera quadriceps,Traits WL,Measurement of Weber's length (mesosoma length) on the ant worker,0.0277,mm,mean ± SE,,both,adult,,,,,,P1,,,,,
PreservedSpecimen,Dinoponera quadriceps,Traits IOW,Ratio of inter-ocular width to mesosoma length (standardized by dividing inter-ocular width by Weber's length),0.0000,,mean,,both,adult,,,,,,P1,,,,,
PreservedSpecimen,Dinoponera quadriceps,Traits IOW,Ratio of inter-ocular width to mesosoma length (standardized by dividing inter-ocular width by Weber's length),0.0000,,mean,,both,adult,,,,,,P1,,,,,
PreservedSpecimen,Dinoponera quadriceps,Traits EL,,0.0000,mm,mean,,both,adult,,,,,,P1,,,,,
PreservedSpecimen,Dinoponera quadriceps,Traits EL,,0.0000,mm,mean,,both,adult,,,,,,P1,,,,,
PreservedSpecimen,Dinoponera quadriceps,Traits P,,,ratio,mean ± SD,,both,adult,,,,,,P1,,,,,
PreservedSpecimen,Dinoponera quadriceps,Traits P,,,ratio,mean ± SD,,both,adult,,,,,,P1,,,,,
PreservedSpecimen,Dinoponera quadriceps,Traits LEG,Ratio of leg length (combined length of femur and tibia) to mesosoma length (Weber's length),0.0000,,mean,,both,adult,,,,,,P1,,,,,
PreservedSpecimen,Dinoponera quadriceps,Traits LEG,Ratio of leg length (combined length of femur and tibia) to mesosoma length (Weber's length),0.0000,,mean,,both,adult,,,,,,P1,,,,,
PreservedSpecimen,Dinoponera quadriceps,Traits AL,Ratio of antenna (combined funicle and scape) length to mesosoma length,0.0000,,mean,,both,adult,,,,,,P1,,,,,
PreservedSpecimen,Dinoponera quadriceps,Traits AL,Ratio of antenna (combined funicle and scape) length to mesosoma length,0.0000,,mean,,both,adult,,,,,,P1,,,,,
PreservedSpecimen,Dinoponera quadriceps,Traits CL,Ratio of clypeus length to mesosoma length,5,,mean,,both,adult,,,,,,4,,,,,
PreservedSpecimen,Dinoponera quadriceps,Traits CL,Ratio of clypeus length to mesosoma length,5,,mean,,both,adult,,,,,,4,,,,,
PreservedSpecimen,Dinoponera quadriceps,Traits ML,,3,ratio,mean and variance,,both,adult,,,,,,4,,,,,
PreservedSpecimen,Dinoponera quadriceps,Traits ML,,3,ratio,mean and variance,,both,adult,,,,,,4,,,,,
PreservedSpecimen,Dinoponera quadriceps,Traits WL,Measurement of Weber's length (mesosoma length) on the ant worker,8,mm,mean ± SE,,both,adult,,,,,,4,,,,,
PreservedSpecimen,Dinoponera quadriceps,Traits WL,Measurement of Weber's length (mesosoma length) on the ant worker,8,mm,mean ± SE,,both,adult,,,,,,4,,,,,
PreservedSpecimen,Dinoponera quadriceps,Traits IOW,Ratio of inter-ocular width to mesosoma length (standardized by dividing inter-ocular width by Weber's length),7,,mean,,both,adult,,,,,,4,,,,,
PreservedSpecimen,Dinoponera quadriceps,Traits IOW,Ratio of inter-ocular width to mesosoma length (standardized by dividing inter-ocular width by Weber's length),7,,mean,,both,adult,,,,,,4,,,,,
PreservedSpecimen,Dinoponera quadriceps,Traits EL,,7,mm,mean,,both,adult,,,,,,4,,,,,
PreservedSpecimen,Dinoponera quadriceps,Traits EL,,7,mm,mean,,both,adult,,,,,,4,,,,,
PreservedSpecimen,Dinoponera quadriceps,Traits P,,4.33333,ratio,mean ± SD,,both,adult,,,,,,4,,,,,
PreservedSpecimen,Dinoponera quadriceps,Traits P,,4.33333,ratio,mean ± SD,,both,adult,,,,,,4,,,,,
PreservedSpecimen,Dinoponera quadriceps,Traits LEG,Ratio of leg length (combined length of femur and tibia) to mesosoma length (Weber's length),6,,mean,,both,adult,,,,,,4,,,,,
PreservedSpecimen,Dinoponera quadriceps,Traits LEG,Ratio of leg length (combined length of femur and tibia) to mesosoma length (Weber's length),6,,mean,,both,adult,,,,,,4,,,,,
PreservedSpecimen,Dinoponera quadriceps,Traits AL,Ratio of antenna (combined funicle and scape) length to mesosoma length,6,,mean,,both,adult,,,,,,4,,,,,
PreservedSpecimen,Dinoponera quadriceps,Traits AL,Ratio of antenna (combined funicle and scape) length to mesosoma length,6,,mean,,both,adult,,,,,,4,,,,,
PreservedSpecimen,Dinoponera quadriceps,Traits CL,Ratio of clypeus length to mesosoma length,0.0001,,mean,,both,adult,,,,,,P1,,,,,
PreservedSpecimen,Dinoponera quadriceps,Traits CL,Ratio of clypeus length to mesosoma length,0.0001,,mean,,both,adult,,,,,,P1,,,,,
PreservedSpecimen,Dinoponera quadriceps,Traits ML,,0.0001,ratio,mean and variance,,both,adult,,,,,,P1,,,,,
PreservedSpecimen,Dinoponera quadriceps,Traits ML,,0.0001,ratio,mean and variance,,both,adult,,,,,,P1,,,,,
PreservedSpecimen,Dinoponera quadriceps,Traits WL,Measurement of Weber's length (mesosoma length) on the ant worker,0.0750,mm,mean ± SE,,both,adult,,,,,,P1,,,,,
PreservedSpecimen,Dinoponera quadriceps,Traits WL,Measurement of Weber's length (mesosoma length) on the ant worker,0.0750,mm,mean ± SE,,both,adult,,,,,,P1,,,,,
PreservedSpecimen,Dinoponera quadriceps,Traits IOW,Ratio of inter-ocular width to mesosoma length (standardized by dividing inter-ocular width by Weber's length),0.0000,,mean,,both,adult,,,,,,P1,,,,,
PreservedSpecimen,Dinoponera quadriceps,Traits IOW,Ratio of inter-ocular width to mesosoma length (standardized by dividing inter-ocular width by Weber's length),0.0000,,mean,,both,adult,,,,,,P1,,,,,
PreservedSpecimen,Dinoponera quadriceps,Traits EL,,0.0000,mm,mean,,both,adult,,,,,,P1,,,,,
PreservedSpecimen,Dinoponera quadriceps,Traits EL,,0.0000,mm,mean,,both,adult,,,,,,P1,,,,,
PreservedSpecimen,Dinoponera quadriceps,Traits P,,20.8000,ratio,mean ± SD,,both,adult,,,,,,P1,,,,,
PreservedSpecimen,Dinoponera quadriceps,Traits P,,20.8000,ratio,mean ± SD,,both,adult,,,,,,P1,,,,,
PreservedSpecimen,Dinoponera quadriceps,Traits LEG,Ratio of leg length (combined length of femur and tibia) to mesosoma length (Weber's length),0.0022,,mean,,both,adult,,,,,,P1,,,,,
PreservedSpecimen,Dinoponera quadriceps,Traits LEG,Ratio of leg length (combined length of femur and tibia) to mesosoma length (Weber's length),0.0022,,mean,,both,adult,,,,,,P1,,,,,
PreservedSpecimen,Dinoponera quadriceps,Traits AL,Ratio of antenna (combined funicle and scape) length to mesosoma length,0.0018,,mean,,both,adult,,,,,,P1,,,,,
PreservedSpecimen,Dinoponera quadriceps,Traits AL,Ratio of antenna (combined funicle and scape) length to mesosoma length,0.0018,,mean,,both,adult,,,,,,P1,,,,,
PreservedSpecimen,Dinoponera quadriceps,Traits CL,Ratio of clypeus length to mesosoma length,0,,mean,,both,adult,,,,,,5,,,,,
PreservedSpecimen,Dinoponera quadriceps,Traits CL,Ratio of clypeus length to mesosoma length,0,,mean,,both,adult,,,,,,5,,,,,
PreservedSpecimen,Dinoponera quadriceps,Traits ML,,4,ratio,mean and variance,,both,adult,,,,,,5,,,,,
PreservedSpecimen,Dinoponera quadriceps,Traits ML,,4,ratio,mean and variance,,both,adult,,,,,,5,,,,,
PreservedSpecimen,Dinoponera quadriceps,Traits WL,Measurement of Weber's length (mesosoma length) on the ant worker,0,mm,mean ± SE,,both,adult,,,,,,5,,,,,
PreservedSpecimen,Dinoponera quadriceps,Traits WL,Measurement of Weber's length (mesosoma length) on the ant worker,0,mm,mean ± SE,,both,adult,,,,,,5,,,,,
PreservedSpecimen,Dinoponera quadriceps,Traits IOW,Ratio of inter-ocular width to mesosoma length (standardized by dividing inter-ocular width by Weber's length),9,,mean,,both,adult,,,,,,5,,,,,
PreservedSpecimen,Dinoponera quadriceps,Traits IOW,Ratio of inter-ocular width to mesosoma length (standardized by dividing inter-ocular width by Weber's length),9,,mean,,both,adult,,,,,,5,,,,,
PreservedSpecimen,Dinoponera quadriceps,Traits EL,,2,mm,mean,,both,adult,,,,,,5,,,,,
PreservedSpecimen,Dinoponera quadriceps,Traits EL,,2,mm,mean,,both,adult,,,,,,5,,,,,
PreservedSpecimen,Dinoponera quadriceps,Traits P,,0,ratio,mean ± SD,,both,adult,,,,,,5,,,,,
PreservedSpecimen,Dinoponera quadriceps,Traits P,,0,ratio,mean ± SD,,both,adult,,,,,,5,,,,,
PreservedSpecimen,Dinoponera quadriceps,Traits LEG,Ratio of leg length (combined length of femur and tibia) to mesosoma length (Weber's length),9,,mean,,both,adult,,,,,,5,,,,,
PreservedSpecimen,Dinoponera quadriceps,Traits LEG,Ratio of leg length (combined length of femur and tibia) to mesosoma length (Weber's length),9,,mean,,both,adult,,,,,,5,,,,,
PreservedSpecimen,Dinoponera quadriceps,Traits AL,Ratio of antenna (combined funicle and scape) length to mesosoma length,5,,mean,,both,adult,,,,,,5,,,,,
PreservedSpecimen,Dinoponera quadriceps,Traits AL,Ratio of antenna (combined funicle and scape) length to mesosoma length,5,,mean,,both,adult,,,,,,5,,,,,
PreservedSpecimen,Dinoponera quadriceps,Traits CL,Ratio of clypeus length to mesosoma length,0.0000,,mean,,both,adult,,,,,,P1,,,,,
PreservedSpecimen,Dinoponera quadriceps,Traits CL,Ratio of clypeus length to mesosoma length,0.0000,,mean,,both,adult,,,,,,P1,,,,,
PreservedSpecimen,Dinoponera quadriceps,Traits ML,,0.0000,ratio,mean and variance,,both,adult,,,,,,P1,,,,,
PreservedSpecimen,Dinoponera quadriceps,Traits ML,,0.0000,ratio,mean and variance,,both,adult,,,,,,P1,,,,,
PreservedSpecimen,Dinoponera quadriceps,Traits WL,Measurement of Weber's length (mesosoma length) on the ant worker,0.0472,mm,mean ± SE,,both,adult,,,,,,P1,,,,,
PreservedSpecimen,Dinoponera quadriceps,Traits WL,Measurement of Weber's length (mesosoma length) on the ant worker,0.0472,mm,mean ± SE,,both,adult,,,,,,P1,,,,,
PreservedSpecimen,Dinoponera quadriceps,Traits IOW,Ratio of inter-ocular width to mesosoma length (standardized by dividing inter-ocular width by Weber's length),0.0000,,mean,,both,adult,,,,,,P1,,,,,
PreservedSpecimen,Dinoponera quadriceps,Traits IOW,Ratio of inter-ocular width to mesosoma length (standardized by dividing inter-ocular width by Weber's length),0.0000,,mean,,both,adult,,,,,,P1,,,,,
PreservedSpecimen,Dinoponera quadriceps,Traits EL,,0.0000,mm,mean,,both,adult,,,,,,P1,,,,,
PreservedSpecimen,Dinoponera quadriceps,Traits EL,,0.0000,mm,mean,,both,adult,,,,,,P1,,,,,
PreservedSpecimen,Dinoponera quadriceps,Traits P,,36.3000,ratio,mean ± SD,,both,adult,,,,,,P1,,,,,
PreservedSpecimen,Dinoponera quadriceps,Traits P,,36.3000,ratio,mean ± SD,,both,adult,,,,,,P1,,,,,
PreservedSpecimen,Dinoponera quadriceps,Traits LEG,Ratio of leg length (combined length of femur and tibia) to mesosoma length (Weber's length),0.0009,,mean,,both,adult,,,,,,P1,,,,,
PreservedSpecimen,Dinoponera quadriceps,Traits LEG,Ratio of leg length (combined length of femur and tibia) to mesosoma length (Weber's length),0.0009,,mean,,both,adult,,,,,,P1,,,,,
PreservedSpecimen,Dinoponera quadriceps,Traits AL,Ratio of antenna (combined funicle and scape) length to mesosoma length,0.0006,,mean,,both,adult,,,,,,P1,,,,,
PreservedSpecimen,Dinoponera quadriceps,Traits AL,Ratio of antenna (combined funicle and scape) length to mesosoma length,0.0006,,mean,,both,adult,,,,,,P1,,,,,
PreservedSpecimen,Dinoponera quadriceps,Traits CL,Ratio of clypeus length to mesosoma length,1,,mean,,both,adult,,,,,,7,,,,,
PreservedSpecimen,Dinoponera quadriceps,Traits CL,Ratio of clypeus length to mesosoma length,1,,mean,,both,adult,,,,,,7,,,,,
PreservedSpecimen,Dinoponera quadriceps,Traits ML,,3,ratio,mean and variance,,both,adult,,,,,,7,,,,,
PreservedSpecimen,Dinoponera quadriceps,Traits ML,,3,ratio,mean and variance,,both,adult,,,,,,7,,,,,
PreservedSpecimen,Dinoponera quadriceps,Traits WL,Measurement of Weber's length (mesosoma length) on the ant worker,2,mm,mean ± SE,,both,adult,,,,,,7,,,,,
PreservedSpecimen,Dinoponera quadriceps,Traits WL,Measurement of Weber's length (mesosoma length) on the ant worker,2,mm,mean ± SE,,both,adult,,,,,,7,,,,,
PreservedSpecimen,Dinoponera quadriceps,Traits IOW,Ratio of inter-ocular width to mesosoma length (standardized by dividing inter-ocular width by Weber's length),2,,mean,,both,adult,,,,,,7,,,,,
PreservedSpecimen,Dinoponera quadriceps,Traits IOW,Ratio of inter-ocular width to mesosoma length (standardized by dividing inter-ocular width by Weber's length),2,,mean,,both,adult,,,,,,7,,,,,
PreservedSpecimen,Dinoponera quadriceps,Traits EL,,9,mm,mean,,both,adult,,,,,,7,,,,,
PreservedSpecimen,Dinoponera quadriceps,Traits EL,,9,mm,mean,,both,adult,,,,,,7,,,,,
PreservedSpecimen,Dinoponera quadriceps,Traits P,,0,ratio,mean ± SD,,both,adult,,,,,,7,,,,,
PreservedSpecimen,Dinoponera quadriceps,Traits P,,0,ratio,mean ± SD,,both,adult,,,,,,7,,,,,
PreservedSpecimen,Dinoponera quadriceps,Traits LEG,Ratio of leg length (combined length of femur and tibia) to mesosoma length (Weber's length),9,,mean,,both,adult,,,,,,7,,,,,
PreservedSpecimen,Dinoponera quadriceps,Traits LEG,Ratio of leg length (combined length of femur and tibia) to mesosoma length (Weber's length),9,,mean,,both,adult,,,,,,7,,,,,
PreservedSpecimen,Dinoponera quadriceps,Traits AL,Ratio of antenna (combined funicle and scape) length to mesosoma length,5,,mean,,both,adult,,,,,,7,,,,,
PreservedSpecimen,Dinoponera quadriceps,Traits AL,Ratio of antenna (combined funicle and scape) length to mesosoma length,5,,mean,,both,adult,,,,,,7,,,,,
PreservedSpecimen,Dinoponera quadriceps,Traits CL,Ratio of clypeus length to mesosoma length,0.0000,,mean,,both,adult,,,,,,P2,,,,,
PreservedSpecimen,Dinoponera quadriceps,Traits CL,Ratio of clypeus length to mesosoma length,0.0000,,mean,,both,adult,,,,,,P2,,,,,
PreservedSpecimen,Dinoponera quadriceps,Traits ML,,0.0002,ratio,mean and variance,,both,adult,,,,,,P2,,,,,
PreservedSpecimen,Dinoponera quadriceps,Traits ML,,0.0002,ratio,mean and variance,,both,adult,,,,,,P2,,,,,
PreservedSpecimen,Dinoponera quadriceps,Traits WL,Measurement of Weber's length (mesosoma length) on the ant worker,0.0416,mm,mean ± SE,,both,adult,,,,,,P2,,,,,
PreservedSpecimen,Dinoponera quadriceps,Traits WL,Measurement of Weber's length (mesosoma length) on the ant worker,0.0416,mm,mean ± SE,,both,adult,,,,,,P2,,,,,
PreservedSpecimen,Dinoponera quadriceps,Traits IOW,Ratio of inter-ocular width to mesosoma length (standardized by dividing inter-ocular width by Weber's length),0.0001,,mean,,both,adult,,,,,,P2,,,,,
PreservedSpecimen,Dinoponera quadriceps,Traits IOW,Ratio of inter-ocular width to mesosoma length (standardized by dividing inter-ocular width by Weber's length),0.0001,,mean,,both,adult,,,,,,P2,,,,,
PreservedSpecimen,Dinoponera quadriceps,Traits EL,,0.0000,mm,mean,,both,adult,,,,,,P2,,,,,
PreservedSpecimen,Dinoponera quadriceps,Traits EL,,0.0000,mm,mean,,both,adult,,,,,,P2,,,,,
PreservedSpecimen,Dinoponera quadriceps,Traits P,,11.2000,ratio,mean ± SD,,both,adult,,,,,,P2,,,,,
PreservedSpecimen,Dinoponera quadriceps,Traits P,,11.2000,ratio,mean ± SD,,both,adult,,,,,,P2,,,,,
PreservedSpecimen,Dinoponera quadriceps,Traits LEG,Ratio of leg length (combined length of femur and tibia) to mesosoma length (Weber's length),0.0005,,mean,,both,adult,,,,,,P2,,,,,
PreservedSpecimen,Dinoponera quadriceps,Traits LEG,Ratio of leg length (combined length of femur and tibia) to mesosoma length (Weber's length),0.0005,,mean,,both,adult,,,,,,P2,,,,,
PreservedSpecimen,Dinoponera quadriceps,Traits AL,Ratio of antenna (combined funicle and scape) length to mesosoma length,0.0009,,mean,,both,adult,,,,,,P2,,,,,
PreservedSpecimen,Dinoponera quadriceps,Traits AL,Ratio of antenna (combined funicle and scape) length to mesosoma length,0.0009,,mean,,both,adult,,,,,,P2,,,,,
PreservedSpecimen,Dinoponera quadriceps,Traits CL,Ratio of clypeus length to mesosoma length,4,,mean,,both,adult,,,,,,0,,,,,
PreservedSpecimen,Dinoponera quadriceps,Traits CL,Ratio of clypeus length to mesosoma length,4,,mean,,both,adult,,,,,,0,,,,,
PreservedSpecimen,Dinoponera quadriceps,Traits ML,,6,ratio,mean and variance,,both,adult,,,,,,0,,,,,
PreservedSpecimen,Dinoponera quadriceps,Traits ML,,6,ratio,mean and variance,,both,adult,,,,,,0,,,,,
PreservedSpecimen,Dinoponera quadriceps,Traits WL,Measurement of Weber's length (mesosoma length) on the ant worker,7,mm,mean ± SE,,both,adult,,,,,,0,,,,,
PreservedSpecimen,Dinoponera quadriceps,Traits WL,Measurement of Weber's length (mesosoma length) on the ant worker,7,mm,mean ± SE,,both,adult,,,,,,0,,,,,
PreservedSpecimen,Dinoponera quadriceps,Traits IOW,Ratio of inter-ocular width to mesosoma length (standardized by dividing inter-ocular width by Weber's length),4,,mean,,both,adult,,,,,,0,,,,,
PreservedSpecimen,Dinoponera quadriceps,Traits IOW,Ratio of inter-ocular width to mesosoma length (standardized by dividing inter-ocular width by Weber's length),4,,mean,,both,adult,,,,,,0,,,,,
PreservedSpecimen,Dinoponera quadriceps,Traits EL,,1,mm,mean,,both,adult,,,,,,0,,,,,
PreservedSpecimen,Dinoponera quadriceps,Traits EL,,1,mm,mean,,both,adult,,,,,,0,,,,,
PreservedSpecimen,Dinoponera quadriceps,Traits P,,0,ratio,mean ± SD,,both,adult,,,,,,0,,,,,
PreservedSpecimen,Dinoponera quadriceps,Traits P,,0,ratio,mean ± SD,,both,adult,,,,,,0,,,,,
PreservedSpecimen,Dinoponera quadriceps,Traits LEG,Ratio of leg length (combined length of femur and tibia) to mesosoma length (Weber's length),4,,mean,,both,adult,,,,,,0,,,,,
PreservedSpecimen,Dinoponera quadriceps,Traits LEG,Ratio of leg length (combined length of femur and tibia) to mesosoma length (Weber's length),4,,mean,,both,adult,,,,,,0,,,,,
PreservedSpecimen,Dinoponera quadriceps,Traits AL,Ratio of antenna (combined funicle and scape) length to mesosoma length,9,,mean,,both,adult,,,,,,0,,,,,
PreservedSpecimen,Dinoponera quadriceps,Traits AL,Ratio of antenna (combined funicle and scape) length to mesosoma length,9,,mean,,both,adult,,,,,,0,,,,,
PreservedSpecimen,Dinoponera quadriceps,Traits CL,Ratio of clypeus length to mesosoma length,0.0000,,mean,,both,adult,,,,,,P2,,,,,
PreservedSpecimen,Dinoponera quadriceps,Traits CL,Ratio of clypeus length to mesosoma length,0.0000,,mean,,both,adult,,,,,,P2,,,,,
PreservedSpecimen,Dinoponera quadriceps,Traits ML,,0.0001,ratio,mean and variance,,both,adult,,,,,,P2,,,,,
PreservedSpecimen,Dinoponera quadriceps,Traits ML,,0.0001,ratio,mean and variance,,both,adult,,,,,,P2,,,,,
PreservedSpecimen,Dinoponera quadriceps,Traits WL,Measurement of Weber's length (mesosoma length) on the ant worker,0.0638,mm,mean ± SE,,both,adult,,,,,,P2,,,,,
PreservedSpecimen,Dinoponera quadriceps,Traits WL,Measurement of Weber's length (mesosoma length) on the ant worker,0.0638,mm,mean ± SE,,both,adult,,,,,,P2,,,,,
PreservedSpecimen,Dinoponera quadriceps,Traits IOW,Ratio of inter-ocular width to mesosoma length (standardized by dividing inter-ocular width by Weber's length),0.0001,,mean,,both,adult,,,,,,P2,,,,,
PreservedSpecimen,Dinoponera quadriceps,Traits IOW,Ratio of inter-ocular width to mesosoma length (standardized by dividing inter-ocular width by Weber's length),0.0001,,mean,,both,adult,,,,,,P2,,,,,
PreservedSpecimen,Dinoponera quadriceps,Traits EL,,0.0000,mm,mean,,both,adult,,,,,,P2,,,,,
PreservedSpecimen,Dinoponera quadriceps,Traits EL,,0.0000,mm,mean,,both,adult,,,,,,P2,,,,,
PreservedSpecimen,Dinoponera quadriceps,Traits P,,,ratio,mean ± SD,,both,adult,,,,,,P2,,,,,
PreservedSpecimen,Dinoponera quadriceps,Traits P,,,ratio,mean ± SD,,both,adult,,,,,,P2,,,,,
PreservedSpecimen,Dinoponera quadriceps,Traits LEG,Ratio of leg length (combined length of femur and tibia) to mesosoma length (Weber's length),0.0003,,mean,,both,adult,,,,,,P2,,,,,
PreservedSpecimen,Dinoponera quadriceps,Traits LEG,Ratio of leg length (combined length of femur and tibia) to mesosoma length (Weber's length),0.0003,,mean,,both,adult,,,,,,P2,,,,,
PreservedSpecimen,Dinoponera quadriceps,Traits AL,Ratio of antenna (combined funicle and scape) length to mesosoma length,,,mean,,both,adult,,,,,,P2,,,,,
PreservedSpecimen,Dinoponera quadriceps,Traits AL,Ratio of antenna (combined funicle and scape) length to mesosoma length,,,mean,,both,adult,,,,,,P2,,,,,
PreservedSpecimen,Dinoponera quadriceps,Traits CL,Ratio of clypeus length to mesosoma length,1,,mean,,both,adult,,,,,,1,,,,,
PreservedSpecimen,Dinoponera quadriceps,Traits CL,Ratio of clypeus length to mesosoma length,1,,mean,,both,adult,,,,,,1,,,,,
PreservedSpecimen,Dinoponera quadriceps,Traits ML,,3,ratio,mean and variance,,both,adult,,,,,,1,,,,,
PreservedSpecimen,Dinoponera quadriceps,Traits ML,,3,ratio,mean and variance,,both,adult,,,,,,1,,,,,
PreservedSpecimen,Dinoponera quadriceps,Traits WL,Measurement of Weber's length (mesosoma length) on the ant worker,9,mm,mean ± SE,,both,adult,,,,,,1,,,,,
PreservedSpecimen,Dinoponera quadriceps,Traits WL,Measurement of Weber's length (mesosoma length) on the ant worker,9,mm,mean ± SE,,both,adult,,,,,,1,,,,,
PreservedSpecimen,Dinoponera quadriceps,Traits IOW,Ratio of inter-ocular width to mesosoma length (standardized by dividing inter-ocular width by Weber's length),4,,mean,,both,adult,,,,,,1,,,,,
PreservedSpecimen,Dinoponera quadriceps,Traits IOW,Ratio of inter-ocular width to mesosoma length (standardized by dividing inter-ocular width by Weber's length),4,,mean,,both,adult,,,,,,1,,,,,
PreservedSpecimen,Dinoponera quadriceps,Traits EL,,8,mm,mean,,both,adult,,,,,,1,,,,,
PreservedSpecimen,Dinoponera quadriceps,Traits EL,,8,mm,mean,,both,adult,,,,,,1,,,,,
PreservedSpecimen,Dinoponera quadriceps,Traits P,,2.30000,ratio,mean ± SD,,both,adult,,,,,,1,,,,,
PreservedSpecimen,Dinoponera quadriceps,Traits P,,2.30000,ratio,mean ± SD,,both,adult,,,,,,1,,,,,
PreservedSpecimen,Dinoponera quadriceps,Traits LEG,Ratio of leg length (combined length of femur and tibia) to mesosoma length (Weber's length),1,,mean,,both,adult,,,,,,1,,,,,
PreservedSpecimen,Dinoponera quadriceps,Traits LEG,Ratio of leg length (combined length of femur and tibia) to mesosoma length (Weber's length),1,,mean,,both,adult,,,,,,1,,,,,
PreservedSpecimen,Dinoponera quadriceps,Traits AL,Ratio of antenna (combined funicle and scape) length to mesosoma length,03.,,mean,,both,adult,,,,,,1,,,,,
PreservedSpecimen,Dinoponera quadriceps,Traits AL,Ratio of antenna (combined funicle and scape) length to mesosoma length,03.,,mean,,both,adult,,,,,,1,,,,,
PreservedSpecimen,Dinoponera quadriceps,Traits CL,Ratio of clypeus length to mesosoma length,0.0001,,mean,,both,adult,,,,,,P2,,,,,
PreservedSpecimen,Dinoponera quadriceps,Traits CL,Ratio of clypeus length to mesosoma length,0.0001,,mean,,both,adult,,,,,,P2,,,,,
PreservedSpecimen,Dinoponera quadriceps,Traits ML,,0.0000,ratio,mean and variance,,both,adult,,,,,,P2,,,,,
PreservedSpecimen,Dinoponera quadriceps,Traits ML,,0.0000,ratio,mean and variance,,both,adult,,,,,,P2,,,,,
PreservedSpecimen,Dinoponera quadriceps,Traits WL,Measurement of Weber's length (mesosoma length) on the ant worker,0.1481,mm,mean ± SE,,both,adult,,,,,,P2,,,,,
PreservedSpecimen,Dinoponera quadriceps,Traits WL,Measurement of Weber's length (mesosoma length) on the ant worker,0.1481,mm,mean ± SE,,both,adult,,,,,,P2,,,,,
PreservedSpecimen,Dinoponera quadriceps,Traits IOW,Ratio of inter-ocular width to mesosoma length (standardized by dividing inter-ocular width by Weber's length),0.0000,,mean,,both,adult,,,,,,P2,,,,,
PreservedSpecimen,Dinoponera quadriceps,Traits IOW,Ratio of inter-ocular width to mesosoma length (standardized by dividing inter-ocular width by Weber's length),0.0000,,mean,,both,adult,,,,,,P2,,,,,
PreservedSpecimen,Dinoponera quadriceps,Traits EL,,0.0002,mm,mean,,both,adult,,,,,,P2,,,,,
PreservedSpecimen,Dinoponera quadriceps,Traits EL,,0.0002,mm,mean,,both,adult,,,,,,P2,,,,,
PreservedSpecimen,Dinoponera quadriceps,Traits P,,,ratio,mean ± SD,,both,adult,,,,,,P2,,,,,
PreservedSpecimen,Dinoponera quadriceps,Traits P,,,ratio,mean ± SD,,both,adult,,,,,,P2,,,,,
PreservedSpecimen,Dinoponera quadriceps,Traits LEG,Ratio of leg length (combined length of femur and tibia) to mesosoma length (Weber's length),0.0004,,mean,,both,adult,,,,,,P2,,,,,
PreservedSpecimen,Dinoponera quadriceps,Traits LEG,Ratio of leg length (combined length of femur and tibia) to mesosoma length (Weber's length),0.0004,,mean,,both,adult,,,,,,P2,,,,,
PreservedSpecimen,Dinoponera quadriceps,Traits AL,Ratio of antenna (combined funicle and scape) length to mesosoma length,0.0032,,mean,,both,adult,,,,,,P2,,,,,
PreservedSpecimen,Dinoponera quadriceps,Traits AL,Ratio of antenna (combined funicle and scape) length to mesosoma length,0.0032,,mean,,both,adult,,,,,,P2,,,,,
PreservedSpecimen,Dinoponera quadriceps,Traits CL,Ratio of clypeus length to mesosoma length,2,,mean,,both,adult,,,,,,3,,,,,
PreservedSpecimen,Dinoponera quadriceps,Traits CL,Ratio of clypeus length to mesosoma length,2,,mean,,both,adult,,,,,,3,,,,,
PreservedSpecimen,Dinoponera quadriceps,Traits ML,,1,ratio,mean and variance,,both,adult,,,,,,3,,,,,
PreservedSpecimen,Dinoponera quadriceps,Traits ML,,1,ratio,mean and variance,,both,adult,,,,,,3,,,,,
PreservedSpecimen,Dinoponera quadriceps,Traits WL,Measurement of Weber's length (mesosoma length) on the ant worker,5,mm,mean ± SE,,both,adult,,,,,,3,,,,,
PreservedSpecimen,Dinoponera quadriceps,Traits WL,Measurement of Weber's length (mesosoma length) on the ant worker,5,mm,mean ± SE,,both,adult,,,,,,3,,,,,
PreservedSpecimen,Dinoponera quadriceps,Traits IOW,Ratio of inter-ocular width to mesosoma length (standardized by dividing inter-ocular width by Weber's length),1,,mean,,both,adult,,,,,,3,,,,,
PreservedSpecimen,Dinoponera quadriceps,Traits IOW,Ratio of inter-ocular width to mesosoma length (standardized by dividing inter-ocular width by Weber's length),1,,mean,,both,adult,,,,,,3,,,,,
PreservedSpecimen,Dinoponera quadriceps,Traits EL,,3,mm,mean,,both,adult,,,,,,3,,,,,
PreservedSpecimen,Dinoponera quadriceps,Traits EL,,3,mm,mean,,both,adult,,,,,,3,,,,,
PreservedSpecimen,Dinoponera quadriceps,Traits P,,2.33333,ratio,mean ± SD,,both,adult,,,,,,3,,,,,
PreservedSpecimen,Dinoponera quadriceps,Traits P,,2.33333,ratio,mean ± SD,,both,adult,,,,,,3,,,,,
PreservedSpecimen,Dinoponera quadriceps,Traits LEG,Ratio of leg length (combined length of femur and tibia) to mesosoma length (Weber's length),8,,mean,,both,adult,,,,,,3,,,,,
PreservedSpecimen,Dinoponera quadriceps,Traits LEG,Ratio of leg length (combined length of femur and tibia) to mesosoma length (Weber's length),8,,mean,,both,adult,,,,,,3,,,,,
PreservedSpecimen,Dinoponera quadriceps,Traits AL,Ratio of antenna (combined funicle and scape) length to mesosoma length,4,,mean,,both,adult,,,,,,3,,,,,
PreservedSpecimen,Dinoponera quadriceps,Traits AL,Ratio of antenna (combined funicle and scape) length to mesosoma length,4,,mean,,both,adult,,,,,,3,,,,,
PreservedSpecimen,Dinoponera quadriceps,Traits CL,Ratio of clypeus length to mesosoma length,0.0000,,mean,,both,adult,,,,,,P2,,,,,
PreservedSpecimen,Dinoponera quadriceps,Traits CL,Ratio of clypeus length to mesosoma length,0.0000,,mean,,both,adult,,,,,,P2,,,,,
PreservedSpecimen,Dinoponera quadriceps,Traits ML,,0.0003,ratio,mean and variance,,both,adult,,,,,,P2,,,,,
PreservedSpecimen,Dinoponera quadriceps,Traits ML,,0.0003,ratio,mean and variance,,both,adult,,,,,,P2,,,,,
PreservedSpecimen,Dinoponera quadriceps,Traits WL,Measurement of Weber's length (mesosoma length) on the ant worker,0.1759,mm,mean ± SE,,both,adult,,,,,,P2,,,,,
PreservedSpecimen,Dinoponera quadriceps,Traits WL,Measurement of Weber's length (mesosoma length) on the ant worker,0.1759,mm,mean ± SE,,both,adult,,,,,,P2,,,,,
PreservedSpecimen,Dinoponera quadriceps,Traits IOW,Ratio of inter-ocular width to mesosoma length (standardized by dividing inter-ocular width by Weber's length),0.0000,,mean,,both,adult,,,,,,P2,,,,,
PreservedSpecimen,Dinoponera quadriceps,Traits IOW,Ratio of inter-ocular width to mesosoma length (standardized by dividing inter-ocular width by Weber's length),0.0000,,mean,,both,adult,,,,,,P2,,,,,
PreservedSpecimen,Dinoponera quadriceps,Traits EL,,0.0000,mm,mean,,both,adult,,,,,,P2,,,,,
PreservedSpecimen,Dinoponera quadriceps,Traits EL,,0.0000,mm,mean,,both,adult,,,,,,P2,,,,,
PreservedSpecimen,Dinoponera quadriceps,Traits P,,,ratio,mean ± SD,,both,adult,,,,,,P2,,,,,
PreservedSpecimen,Dinoponera quadriceps,Traits P,,,ratio,mean ± SD,,both,adult,,,,,,P2,,,,,
PreservedSpecimen,Dinoponera quadriceps,Traits LEG,Ratio of leg length (combined length of femur and tibia) to mesosoma length (Weber's length),0.0009,,mean,,both,adult,,,,,,P2,,,,,
PreservedSpecimen,Dinoponera quadriceps,Traits LEG,Ratio of leg length (combined length of femur and tibia) to mesosoma length (Weber's length),0.0009,,mean,,both,adult,,,,,,P2,,,,,
PreservedSpecimen,Dinoponera quadriceps,Traits AL,Ratio of antenna (combined funicle and scape) length to mesosoma length,0.0015,,mean,,both,adult,,,,,,P2,,,,,
PreservedSpecimen,Dinoponera quadriceps,Traits AL,Ratio of antenna (combined funicle and scape) length to mesosoma length,0.0015,,mean,,both,adult,,,,,,P2,,,,,
PreservedSpecimen,Dinoponera quadriceps,Traits CL,Ratio of clypeus length to mesosoma length,3,,mean,,both,adult,,,,,,6,,,,,
PreservedSpecimen,Dinoponera quadriceps,Traits CL,Ratio of clypeus length to mesosoma length,3,,mean,,both,adult,,,,,,6,,,,,
PreservedSpecimen,Dinoponera quadriceps,Traits ML,,4,ratio,mean and variance,,both,adult,,,,,,6,,,,,
PreservedSpecimen,Dinoponera quadriceps,Traits ML,,4,ratio,mean and variance,,both,adult,,,,,,6,,,,,
PreservedSpecimen,Dinoponera quadriceps,Traits WL,Measurement of Weber's length (mesosoma length) on the ant worker,3,mm,mean ± SE,,both,adult,,,,,,6,,,,,
PreservedSpecimen,Dinoponera quadriceps,Traits WL,Measurement of Weber's length (mesosoma length) on the ant worker,3,mm,mean ± SE,,both,adult,,,,,,6,,,,,
PreservedSpecimen,Dinoponera quadriceps,Traits IOW,Ratio of inter-ocular width to mesosoma length (standardized by dividing inter-ocular width by Weber's length),1,,mean,,both,adult,,,,,,6,,,,,
PreservedSpecimen,Dinoponera quadriceps,Traits IOW,Ratio of inter-ocular width to mesosoma length (standardized by dividing inter-ocular width by Weber's length),1,,mean,,both,adult,,,,,,6,,,,,
PreservedSpecimen,Dinoponera quadriceps,Traits EL,,6,mm,mean,,both,adult,,,,,,6,,,,,
PreservedSpecimen,Dinoponera quadriceps,Traits EL,,6,mm,mean,,both,adult,,,,,,6,,,,,
PreservedSpecimen,Dinoponera quadriceps,Traits P,,8.91667,ratio,mean ± SD,,both,adult,,,,,,6,,,,,
PreservedSpecimen,Dinoponera quadriceps,Traits P,,8.91667,ratio,mean ± SD,,both,adult,,,,,,6,,,,,
PreservedSpecimen,Dinoponera quadriceps,Traits LEG,Ratio of leg length (combined length of femur and tibia) to mesosoma length (Weber's length),9,,mean,,both,adult,,,,,,6,,,,,
PreservedSpecimen,Dinoponera quadriceps,Traits LEG,Ratio of leg length (combined length of femur and tibia) to mesosoma length (Weber's length),9,,mean,,both,adult,,,,,,6,,,,,
PreservedSpecimen,Dinoponera quadriceps,Traits AL,Ratio of antenna (combined funicle and scape) length to mesosoma length,4,,mean,,both,adult,,,,,,6,,,,,
PreservedSpecimen,Dinoponera quadriceps,Traits AL,Ratio of antenna (combined funicle and scape) length to mesosoma length,4,,mean,,both,adult,,,,,,6,,,,,
PreservedSpecimen,Dinoponera quadriceps,Traits CL,Ratio of clypeus length to mesosoma length,0.0000,,mean,,both,adult,,,,,,P2,,,,,
PreservedSpecimen,Dinoponera quadriceps,Traits CL,Ratio of clypeus length to mesosoma length,0.0000,,mean,,both,adult,,,,,,P2,,,,,
PreservedSpecimen,Dinoponera quadriceps,Traits ML,,0.0002,ratio,mean and variance,,both,adult,,,,,,P2,,,,,
PreservedSpecimen,Dinoponera quadriceps,Traits ML,,0.0002,ratio,mean and variance,,both,adult,,,,,,P2,,,,,
PreservedSpecimen,Dinoponera quadriceps,Traits WL,Measurement of Weber's length (mesosoma length) on the ant worker,0.0555,mm,mean ± SE,,both,adult,,,,,,P2,,,,,
PreservedSpecimen,Dinoponera quadriceps,Traits WL,Measurement of Weber's length (mesosoma length) on the ant worker,0.0555,mm,mean ± SE,,both,adult,,,,,,P2,,,,,
PreservedSpecimen,Dinoponera quadriceps,Traits IOW,Ratio of inter-ocular width to mesosoma length (standardized by dividing inter-ocular width by Weber's length),0.0000,,mean,,both,adult,,,,,,P2,,,,,
PreservedSpecimen,Dinoponera quadriceps,Traits IOW,Ratio of inter-ocular width to mesosoma length (standardized by dividing inter-ocular width by Weber's length),0.0000,,mean,,both,adult,,,,,,P2,,,,,
PreservedSpecimen,Dinoponera quadriceps,Traits EL,,0.0001,mm,mean,,both,adult,,,,,,P2,,,,,
PreservedSpecimen,Dinoponera quadriceps,Traits EL,,0.0001,mm,mean,,both,adult,,,,,,P2,,,,,
PreservedSpecimen,Dinoponera quadriceps,Traits P,,15.8000,ratio,mean ± SD,,both,adult,,,,,,P2,,,,,
PreservedSpecimen,Dinoponera quadriceps,Traits P,,15.8000,ratio,mean ± SD,,both,adult,,,,,,P2,,,,,
PreservedSpecimen,Dinoponera quadriceps,Traits LEG,Ratio of leg length (combined length of femur and tibia) to mesosoma length (Weber's length),0.0007,,mean,,both,adult,,,,,,P2,,,,,
PreservedSpecimen,Dinoponera quadriceps,Traits LEG,Ratio of leg length (combined length of femur and tibia) to mesosoma length (Weber's length),0.0007,,mean,,both,adult,,,,,,P2,,,,,
PreservedSpecimen,Dinoponera quadriceps,Traits AL,Ratio of antenna (combined funicle and scape) length to mesosoma length,0.0017,,mean,,both,adult,,,,,,P2,,,,,
PreservedSpecimen,Dinoponera quadriceps,Traits AL,Ratio of antenna (combined funicle and scape) length to mesosoma length,0.0017,,mean,,both,adult,,,,,,P2,,,,,
PreservedSpecimen,Dinoponera quadriceps,Traits CL,Ratio of clypeus length to mesosoma length,5,,mean,,both,adult,,,,,,7,,,,,
PreservedSpecimen,Dinoponera quadriceps,Traits CL,Ratio of clypeus length to mesosoma length,5,,mean,,both,adult,,,,,,7,,,,,
PreservedSpecimen,Dinoponera quadriceps,Traits ML,,0,ratio,mean and variance,,both,adult,,,,,,7,,,,,
PreservedSpecimen,Dinoponera quadriceps,Traits ML,,0,ratio,mean and variance,,both,adult,,,,,,7,,,,,
PreservedSpecimen,Dinoponera quadriceps,Traits WL,Measurement of Weber's length (mesosoma length) on the ant worker,6,mm,mean ± SE,,both,adult,,,,,,7,,,,,
PreservedSpecimen,Dinoponera quadriceps,Traits WL,Measurement of Weber's length (mesosoma length) on the ant worker,6,mm,mean ± SE,,both,adult,,,,,,7,,,,,
PreservedSpecimen,Dinoponera quadriceps,Traits IOW,Ratio of inter-ocular width to mesosoma length (standardized by dividing inter-ocular width by Weber's length),1,,mean,,both,adult,,,,,,7,,,,,
PreservedSpecimen,Dinoponera quadriceps,Traits IOW,Ratio of inter-ocular width to mesosoma length (standardized by dividing inter-ocular width by Weber's length),1,,mean,,both,adult,,,,,,7,,,,,
PreservedSpecimen,Dinoponera quadriceps,Traits EL,,2,mm,mean,,both,adult,,,,,,7,,,,,
PreservedSpecimen,Dinoponera quadriceps,Traits EL,,2,mm,mean,,both,adult,,,,,,7,,,,,
PreservedSpecimen,Dinoponera quadriceps,Traits P,,0,ratio,mean ± SD,,both,adult,,,,,,7,,,,,
PreservedSpecimen,Dinoponera quadriceps,Traits P,,0,ratio,mean ± SD,,both,adult,,,,,,7,,,,,
PreservedSpecimen,Dinoponera quadriceps,Traits LEG,Ratio of leg length (combined length of femur and tibia) to mesosoma length (Weber's length),2,,mean,,both,adult,,,,,,7,,,,,
PreservedSpecimen,Dinoponera quadriceps,Traits LEG,Ratio of leg length (combined length of femur and tibia) to mesosoma length (Weber's length),2,,mean,,both,adult,,,,,,7,,,,,
PreservedSpecimen,Dinoponera quadriceps,Traits AL,Ratio of antenna (combined funicle and scape) length to mesosoma length,2,,mean,,both,adult,,,,,,7,,,,,
PreservedSpecimen,Dinoponera quadriceps,Traits AL,Ratio of antenna (combined funicle and scape) length to mesosoma length,2,,mean,,both,adult,,,,,,7,,,,,
PreservedSpecimen,Dinoponera quadriceps,Traits CL,Ratio of clypeus length to mesosoma length,0.0000,,mean,,both,adult,,,,,,P2,,,,,
PreservedSpecimen,Dinoponera quadriceps,Traits CL,Ratio of clypeus length to mesosoma length,0.0000,,mean,,both,adult,,,,,,P2,,,,,
PreservedSpecimen,Dinoponera quadriceps,Traits ML,,0.0001,ratio,mean and variance,,both,adult,,,,,,P2,,,,,
PreservedSpecimen,Dinoponera quadriceps,Traits ML,,0.0001,ratio,mean and variance,,both,adult,,,,,,P2,,,,,
PreservedSpecimen,Dinoponera quadriceps,Traits WL,Measurement of Weber's length (mesosoma length) on the ant worker,0.0638,mm,mean ± SE,,both,adult,,,,,,P2,,,,,
PreservedSpecimen,Dinoponera quadriceps,Traits WL,Measurement of Weber's length (mesosoma length) on the ant worker,0.0638,mm,mean ± SE,,both,adult,,,,,,P2,,,,,
PreservedSpecimen,Dinoponera quadriceps,Traits IOW,Ratio of inter-ocular width to mesosoma length (standardized by dividing inter-ocular width by Weber's length),0.0000,,mean,,both,adult,,,,,,P2,,,,,
PreservedSpecimen,Dinoponera quadriceps,Traits IOW,Ratio of inter-ocular width to mesosoma length (standardized by dividing inter-ocular width by Weber's length),0.0000,,mean,,both,adult,,,,,,P2,,,,,
PreservedSpecimen,Dinoponera quadriceps,Traits EL,,0.0001,mm,mean,,both,adult,,,,,,P2,,,,,
PreservedSpecimen,Dinoponera quadriceps,Traits EL,,0.0001,mm,mean,,both,adult,,,,,,P2,,,,,
PreservedSpecimen,Dinoponera quadriceps,Traits P,,20.3000,ratio,mean ± SD,,both,adult,,,,,,P2,,,,,
PreservedSpecimen,Dinoponera quadriceps,Traits P,,20.3000,ratio,mean ± SD,,both,adult,,,,,,P2,,,,,
PreservedSpecimen,Dinoponera quadriceps,Traits LEG,Ratio of leg length (combined length of femur and tibia) to mesosoma length (Weber's length),0.0009,,mean,,both,adult,,,,,,P2,,,,,
PreservedSpecimen,Dinoponera quadriceps,Traits LEG,Ratio of leg length (combined length of femur and tibia) to mesosoma length (Weber's length),0.0009,,mean,,both,adult,,,,,,P2,,,,,
PreservedSpecimen,Dinoponera quadriceps,Traits AL,Ratio of antenna (combined funicle and scape) length to mesosoma length,0.0019,,mean,,both,adult,,,,,,P2,,,,,
PreservedSpecimen,Dinoponera quadriceps,Traits AL,Ratio of antenna (combined funicle and scape) length to mesosoma length,0.0019,,mean,,both,adult,,,,,,P2,,,,,
PreservedSpecimen,Dinoponera quadriceps,Traits CL,Ratio of clypeus length to mesosoma length,6,,mean,,both,adult,,,,,,9,,,,,
PreservedSpecimen,Dinoponera quadriceps,Traits CL,Ratio of clypeus length to mesosoma length,6,,mean,,both,adult,,,,,,9,,,,,
PreservedSpecimen,Dinoponera quadriceps,Traits ML,,7,ratio,mean and variance,,both,adult,,,,,,9,,,,,
PreservedSpecimen,Dinoponera quadriceps,Traits ML,,7,ratio,mean and variance,,both,adult,,,,,,9,,,,,
PreservedSpecimen,Dinoponera quadriceps,Traits WL,Measurement of Weber's length (mesosoma length) on the ant worker,9,mm,mean ± SE,,both,adult,,,,,,9,,,,,
PreservedSpecimen,Dinoponera quadriceps,Traits WL,Measurement of Weber's length (mesosoma length) on the ant worker,9,mm,mean ± SE,,both,adult,,,,,,9,,,,,
PreservedSpecimen,Dinoponera quadriceps,Traits IOW,Ratio of inter-ocular width to mesosoma length (standardized by dividing inter-ocular width by Weber's length),5,,mean,,both,adult,,,,,,9,,,,,
PreservedSpecimen,Dinoponera quadriceps,Traits IOW,Ratio of inter-ocular width to mesosoma length (standardized by dividing inter-ocular width by Weber's length),5,,mean,,both,adult,,,,,,9,,,,,
PreservedSpecimen,Dinoponera quadriceps,Traits EL,,5,mm,mean,,both,adult,,,,,,9,,,,,
PreservedSpecimen,Dinoponera quadriceps,Traits EL,,5,mm,mean,,both,adult,,,,,,9,,,,,
PreservedSpecimen,Dinoponera quadriceps,Traits P,,0,ratio,mean ± SD,,both,adult,,,,,,9,,,,,
PreservedSpecimen,Dinoponera quadriceps,Traits P,,0,ratio,mean ± SD,,both,adult,,,,,,9,,,,,
PreservedSpecimen,Dinoponera quadriceps,Traits LEG,Ratio of leg length (combined length of femur and tibia) to mesosoma length (Weber's length),0,,mean,,both,adult,,,,,,9,,,,,
PreservedSpecimen,Dinoponera quadriceps,Traits LEG,Ratio of leg length (combined length of femur and tibia) to mesosoma length (Weber's length),0,,mean,,both,adult,,,,,,9,,,,,
PreservedSpecimen,Dinoponera quadriceps,Traits AL,Ratio of antenna (combined funicle and scape) length to mesosoma length,0,,mean,,both,adult,,,,,,9,,,,,
PreservedSpecimen,Dinoponera quadriceps,Traits AL,Ratio of antenna (combined funicle and scape) length to mesosoma length,0,,mean,,both,adult,,,,,,9,,,,,
PreservedSpecimen,Dinoponera quadriceps,Traits CL,Ratio of clypeus length to mesosoma length,0.0001,,mean,,both,adult,,,,,,P3,,,,,
PreservedSpecimen,Dinoponera quadriceps,Traits CL,Ratio of clypeus length to mesosoma length,0.0001,,mean,,both,adult,,,,,,P3,,,,,
PreservedSpecimen,Dinoponera quadriceps,Traits ML,,0.0002,ratio,mean and variance,,both,adult,,,,,,P3,,,,,
PreservedSpecimen,Dinoponera quadriceps,Traits ML,,0.0002,ratio,mean and variance,,both,adult,,,,,,P3,,,,,
PreservedSpecimen,Dinoponera quadriceps,Traits WL,Measurement of Weber's length (mesosoma length) on the ant worker,0.0833,mm,mean ± SE,,both,adult,,,,,,P3,,,,,
PreservedSpecimen,Dinoponera quadriceps,Traits WL,Measurement of Weber's length (mesosoma length) on the ant worker,0.0833,mm,mean ± SE,,both,adult,,,,,,P3,,,,,
PreservedSpecimen,Dinoponera quadriceps,Traits IOW,Ratio of inter-ocular width to mesosoma length (standardized by dividing inter-ocular width by Weber's length),0.0000,,mean,,both,adult,,,,,,P3,,,,,
PreservedSpecimen,Dinoponera quadriceps,Traits IOW,Ratio of inter-ocular width to mesosoma length (standardized by dividing inter-ocular width by Weber's length),0.0000,,mean,,both,adult,,,,,,P3,,,,,
PreservedSpecimen,Dinoponera quadriceps,Traits EL,,0.0000,mm,mean,,both,adult,,,,,,P3,,,,,
PreservedSpecimen,Dinoponera quadriceps,Traits EL,,0.0000,mm,mean,,both,adult,,,,,,P3,,,,,
PreservedSpecimen,Dinoponera quadriceps,Traits P,,10.7000,ratio,mean ± SD,,both,adult,,,,,,P3,,,,,
PreservedSpecimen,Dinoponera quadriceps,Traits P,,10.7000,ratio,mean ± SD,,both,adult,,,,,,P3,,,,,
PreservedSpecimen,Dinoponera quadriceps,Traits LEG,Ratio of leg length (combined length of femur and tibia) to mesosoma length (Weber's length),0.0032,,mean,,both,adult,,,,,,P3,,,,,
PreservedSpecimen,Dinoponera quadriceps,Traits LEG,Ratio of leg length (combined length of femur and tibia) to mesosoma length (Weber's length),0.0032,,mean,,both,adult,,,,,,P3,,,,,
PreservedSpecimen,Dinoponera quadriceps,Traits AL,Ratio of antenna (combined funicle and scape) length to mesosoma length,0.0015,,mean,,both,adult,,,,,,P3,,,,,
PreservedSpecimen,Dinoponera quadriceps,Traits AL,Ratio of antenna (combined funicle and scape) length to mesosoma length,0.0015,,mean,,both,adult,,,,,,P3,,,,,
PreservedSpecimen,Dinoponera quadriceps,Traits CL,Ratio of clypeus length to mesosoma length,0,,mean,,both,adult,,,,,,0,,,,,
PreservedSpecimen,Dinoponera quadriceps,Traits CL,Ratio of clypeus length to mesosoma length,0,,mean,,both,adult,,,,,,0,,,,,
PreservedSpecimen,Dinoponera quadriceps,Traits ML,,0,ratio,mean and variance,,both,adult,,,,,,0,,,,,
PreservedSpecimen,Dinoponera quadriceps,Traits ML,,0,ratio,mean and variance,,both,adult,,,,,,0,,,,,
PreservedSpecimen,Dinoponera quadriceps,Traits WL,Measurement of Weber's length (mesosoma length) on the ant worker,3,mm,mean ± SE,,both,adult,,,,,,0,,,,,
PreservedSpecimen,Dinoponera quadriceps,Traits WL,Measurement of Weber's length (mesosoma length) on the ant worker,3,mm,mean ± SE,,both,adult,,,,,,0,,,,,
PreservedSpecimen,Dinoponera quadriceps,Traits IOW,Ratio of inter-ocular width to mesosoma length (standardized by dividing inter-ocular width by Weber's length),4,,mean,,both,adult,,,,,,0,,,,,
PreservedSpecimen,Dinoponera quadriceps,Traits IOW,Ratio of inter-ocular width to mesosoma length (standardized by dividing inter-ocular width by Weber's length),4,,mean,,both,adult,,,,,,0,,,,,
PreservedSpecimen,Dinoponera quadriceps,Traits EL,,2,mm,mean,,both,adult,,,,,,0,,,,,
PreservedSpecimen,Dinoponera quadriceps,Traits EL,,2,mm,mean,,both,adult,,,,,,0,,,,,
PreservedSpecimen,Dinoponera quadriceps,Traits P,,0,ratio,mean ± SD,,both,adult,,,,,,0,,,,,
PreservedSpecimen,Dinoponera quadriceps,Traits P,,0,ratio,mean ± SD,,both,adult,,,,,,0,,,,,
PreservedSpecimen,Dinoponera quadriceps,Traits LEG,Ratio of leg length (combined length of femur and tibia) to mesosoma length (Weber's length),5,,mean,,both,adult,,,,,,0,,,,,
PreservedSpecimen,Dinoponera quadriceps,Traits LEG,Ratio of leg length (combined length of femur and tibia) to mesosoma length (Weber's length),5,,mean,,both,adult,,,,,,0,,,,,
PreservedSpecimen,Dinoponera quadriceps,Traits AL,Ratio of antenna (combined funicle and scape) length to mesosoma length,8,,mean,,both,adult,,,,,,0,,,,,
PreservedSpecimen,Dinoponera quadriceps,Traits AL,Ratio of antenna (combined funicle and scape) length to mesosoma length,8,,mean,,both,adult,,,,,,0,,,,,
,Dorymyrmex goeldii,LEG,,30.9,,mode,,both,adult,,,,,,,,,,,
,Dorymyrmex goeldii,ML,,27.4,,mode,,both,adult,,,,,,,,,,,
,Dorymyrmex goeldii,AL,,29.2,,mode,,both,adult,,,,,,,,,,,
,Ectatomma muticum,P,,37.6,,mode,,both,adult,,,,,,,,,,,
PreservedSpecimen,Ectatomma muticum,Traits CL,Ratio of clypeus length to mesosoma length,0.0000,,mean,,both,adult,,,,,,P0,,,,,
PreservedSpecimen,Ectatomma muticum,Traits CL,Ratio of clypeus length to mesosoma length,0.0000,,mean,,both,adult,,,,,,P0,,,,,
PreservedSpecimen,Ectatomma muticum,Traits ML,,0.0000,ratio,mean and variance,,both,adult,,,,,,P0,,,,,
PreservedSpecimen,Ectatomma muticum,Traits ML,,0.0000,ratio,mean and variance,,both,adult,,,,,,P0,,,,,
PreservedSpecimen,Ectatomma muticum,Traits WL,Measurement of Weber's length (mesosoma length) on the ant worker,0.0253,mm,mean ± SE,,both,adult,,,,,,P0,,,,,
PreservedSpecimen,Ectatomma muticum,Traits WL,Measurement of Weber's length (mesosoma length) on the ant worker,0.0253,mm,mean ± SE,,both,adult,,,,,,P0,,,,,
PreservedSpecimen,Ectatomma muticum,Traits IOW,Ratio of inter-ocular width to mesosoma length (standardized by dividing inter-ocular width by Weber's length),0.0003,,mean,,both,adult,,,,,,P0,,,,,
PreservedSpecimen,Ectatomma muticum,Traits IOW,Ratio of inter-ocular width to mesosoma length (standardized by dividing inter-ocular width by Weber's length),0.0003,,mean,,both,adult,,,,,,P0,,,,,
PreservedSpecimen,Ectatomma muticum,Traits EL,,0.0001,mm,mean,,both,adult,,,,,,P0,,,,,
PreservedSpecimen,Ectatomma muticum,Traits EL,,0.0001,mm,mean,,both,adult,,,,,,P0,,,,,
PreservedSpecimen,Ectatomma muticum,Traits P,,,ratio,mean ± SD,,both,adult,,,,,,P0,,,,,
PreservedSpecimen,Ectatomma muticum,Traits P,,,ratio,mean ± SD,,both,adult,,,,,,P0,,,,,
PreservedSpecimen,Ectatomma muticum,Traits LEG,Ratio of leg length (combined length of femur and tibia) to mesosoma length (Weber's length),0.0010,,mean,,both,adult,,,,,,P0,,,,,
PreservedSpecimen,Ectatomma muticum,Traits LEG,Ratio of leg length (combined length of femur and tibia) to mesosoma length (Weber's length),0.0010,,mean,,both,adult,,,,,,P0,,,,,
PreservedSpecimen,Ectatomma muticum,Traits AL,Ratio of antenna (combined funicle and scape) length to mesosoma length,0.0020,,mean,,both,adult,,,,,,P0,,,,,
PreservedSpecimen,Ectatomma muticum,Traits AL,Ratio of antenna (combined funicle and scape) length to mesosoma length,0.0020,,mean,,both,adult,,,,,,P0,,,,,
PreservedSpecimen,Ectatomma muticum,Traits CL,Ratio of clypeus length to mesosoma length,3,,mean,,both,adult,,,,,,2,,,,,
PreservedSpecimen,Ectatomma muticum,Traits CL,Ratio of clypeus length to mesosoma length,3,,mean,,both,adult,,,,,,2,,,,,
PreservedSpecimen,Ectatomma muticum,Traits ML,,6,ratio,mean and variance,,both,adult,,,,,,2,,,,,
PreservedSpecimen,Ectatomma muticum,Traits ML,,6,ratio,mean and variance,,both,adult,,,,,,2,,,,,
PreservedSpecimen,Ectatomma muticum,Traits WL,Measurement of Weber's length (mesosoma length) on the ant worker,3,mm,mean ± SE,,both,adult,,,,,,2,,,,,
PreservedSpecimen,Ectatomma muticum,Traits WL,Measurement of Weber's length (mesosoma length) on the ant worker,3,mm,mean ± SE,,both,adult,,,,,,2,,,,,
PreservedSpecimen,Ectatomma muticum,Traits IOW,Ratio of inter-ocular width to mesosoma length (standardized by dividing inter-ocular width by Weber's length),2,,mean,,both,adult,,,,,,2,,,,,
PreservedSpecimen,Ectatomma muticum,Traits IOW,Ratio of inter-ocular width to mesosoma length (standardized by dividing inter-ocular width by Weber's length),2,,mean,,both,adult,,,,,,2,,,,,
PreservedSpecimen,Ectatomma muticum,Traits EL,,9,mm,mean,,both,adult,,,,,,2,,,,,
PreservedSpecimen,Ectatomma muticum,Traits EL,,9,mm,mean,,both,adult,,,,,,2,,,,,
PreservedSpecimen,Ectatomma muticum,Traits P,,0.20000,ratio,mean ± SD,,both,adult,,,,,,2,,,,,
PreservedSpecimen,Ectatomma muticum,Traits P,,0.20000,ratio,mean ± SD,,both,adult,,,,,,2,,,,,
PreservedSpecimen,Ectatomma muticum,Traits LEG,Ratio of leg length (combined length of femur and tibia) to mesosoma length (Weber's length),5,,mean,,both,adult,,,,,,2,,,,,
PreservedSpecimen,Ectatomma muticum,Traits LEG,Ratio of leg length (combined length of femur and tibia) to mesosoma length (Weber's length),5,,mean,,both,adult,,,,,,2,,,,,
PreservedSpecimen,Ectatomma muticum,Traits AL,Ratio of antenna (combined funicle and scape) length to mesosoma length,2,,mean,,both,adult,,,,,,2,,,,,
PreservedSpecimen,Ectatomma muticum,Traits AL,Ratio of antenna (combined funicle and scape) length to mesosoma length,2,,mean,,both,adult,,,,,,2,,,,,
PreservedSpecimen,Ectatomma muticum,Traits CL,Ratio of clypeus length to mesosoma length,0.0000,,mean,,both,adult,,,,,,P0,,,,,
PreservedSpecimen,Ectatomma muticum,Traits CL,Ratio of clypeus length to mesosoma length,0.0000,,mean,,both,adult,,,,,,P0,,,,,
PreservedSpecimen,Ectatomma muticum,Traits ML,,0.0001,ratio,mean and variance,,both,adult,,,,,,P0,,,,,
PreservedSpecimen,Ectatomma muticum,Traits ML,,0.0001,ratio,mean and variance,,both,adult,,,,,,P0,,,,,
PreservedSpecimen,Ectatomma muticum,Traits WL,Measurement of Weber's length (mesosoma length) on the ant worker,0.0208,mm,mean ± SE,,both,adult,,,,,,P0,,,,,
PreservedSpecimen,Ectatomma muticum,Traits WL,Measurement of Weber's length (mesosoma length) on the ant worker,0.0208,mm,mean ± SE,,both,adult,,,,,,P0,,,,,
PreservedSpecimen,Ectatomma muticum,Traits IOW,Ratio of inter-ocular width to mesosoma length (standardized by dividing inter-ocular width by Weber's length),0.0000,,mean,,both,adult,,,,,,P0,,,,,
PreservedSpecimen,Ectatomma muticum,Traits IOW,Ratio of inter-ocular width to mesosoma length (standardized by dividing inter-ocular width by Weber's length),0.0000,,mean,,both,adult,,,,,,P0,,,,,
PreservedSpecimen,Ectatomma muticum,Traits EL,,0.0000,mm,mean,,both,adult,,,,,,P0,,,,,
PreservedSpecimen,Ectatomma muticum,Traits EL,,0.0000,mm,mean,,both,adult,,,,,,P0,,,,,
PreservedSpecimen,Ectatomma muticum,Traits P,,0.80000,ratio,mean ± SD,,both,adult,,,,,,P0,,,,,
PreservedSpecimen,Ectatomma muticum,Traits P,,0.80000,ratio,mean ± SD,,both,adult,,,,,,P0,,,,,
PreservedSpecimen,Ectatomma muticum,Traits LEG,Ratio of leg length (combined length of femur and tibia) to mesosoma length (Weber's length),0.0015,,mean,,both,adult,,,,,,P0,,,,,
PreservedSpecimen,Ectatomma muticum,Traits LEG,Ratio of leg length (combined length of femur and tibia) to mesosoma length (Weber's length),0.0015,,mean,,both,adult,,,,,,P0,,,,,
PreservedSpecimen,Ectatomma muticum,Traits AL,Ratio of antenna (combined funicle and scape) length to mesosoma length,0.0021,,mean,,both,adult,,,,,,P0,,,,,
PreservedSpecimen,Ectatomma muticum,Traits AL,Ratio of antenna (combined funicle and scape) length to mesosoma length,0.0021,,mean,,both,adult,,,,,,P0,,,,,
,Pheidole radoskowiskii,LEG,,30,,mode,,both,adult,,,,,,,,,,,
,Pheidole radoskowiskii,P,,36.8,,mode,,both,adult,,,,,,,,,,,
,Pheidole radoskowiskii,ML,,32.3,,mode,,both,adult,,,,,,,,,,,
,Pheidole radoskowiskii,LEG,,38.4,,mode,,both,adult,,,,,,,,,,,
,Pheidole radoskowiskii,LEG,,40.1,,mode,,both,adult,,,,,,,,,,,
,Pheidole radoskowiskii,AL,,37.8,,mode,,both,adult,,,,,,,,,,,
,Pheidole radoskowiskii,P,,36.9,,mode,,both,adult,,,,,,,,,,,
PreservedSpecimen,Pheidole radoskowiskii,Traits CL,Ratio of clypeus length to mesosoma length,0.16,,mean,,both,adult,,,,,,P0,,,,,
PreservedSpecimen,Pheidole radoskowiskii,Traits CL,Ratio of clypeus length to mesosoma length,0.0000,,mean,,both,adult,,,,,,P0,,,,,
PreservedSpecimen,Pheidole radoskowiskii,Traits ML,,0.42,ratio,mean and variance,,both,adult,,,,,,P0,,,,,
PreservedSpecimen,Pheidole radoskowiskii,Traits ML,,0.0016,ratio,mean and variance,,both,adult,,,,,,P0,,,,,
PreservedSpecimen,Pheidole radoskowiskii,Traits WL,Measurement of Weber's length (mesosoma length) on the ant worker,0.84,mm,mean ± SE,,both,adult,,,,,,P0,,,,,
PreservedSpecimen,Pheidole radoskowiskii,Traits WL,Measurement of Weber's length (mesosoma length) on the ant worker,0.0025,mm,mean ± SE,,both,adult,,,,,,P0,,,,,
PreservedSpecimen,Pheidole radoskowiskii,Traits IOW,Ratio of inter-ocular width to mesosoma length (standardized by dividing inter-ocular width by Weber's length),0.59,,mean,,both,adult,,,,,,P0,,,,,
PreservedSpecimen,Pheidole radoskowiskii,Traits IOW,Ratio of inter-ocular width to mesosoma length (standardized by dividing inter-ocular width by Weber's length),0.0000,,mean,,both,adult,,,,,,P0,,,,,
PreservedSpecimen,Pheidole radoskowiskii,Traits EL,,0.18,mm,mean,,both,adult,,,,,,P0,,,,,
PreservedSpecimen,Pheidole radoskowiskii,Traits EL,,0.0003,mm,mean,,both,adult,,,,,,P0,,,,,
PreservedSpecimen,Pheidole radoskowiskii,Traits P,,,ratio,mean ± SD,,both,adult,,,,,,P0,,,,,
PreservedSpecimen,Pheidole radoskowiskii,Traits P,,,ratio,mean ± SD,,both,adult,,,,,,P0,,,,,
PreservedSpecimen,Pheidole radoskowiskii,Traits LEG,Ratio of leg length (combined length of femur and tibia) to mesosoma length (Weber's length),1.66,,mean,,both,adult,,,,,,P0,,,,,
PreservedSpecimen,Pheidole radoskowiskii,Traits LEG,Ratio of leg length (combined length of femur and tibia) to mesosoma length (Weber's length),0.0019,,mean,,both,adult,,,,,,P0,,,,,
PreservedSpecimen,Pheidole radoskowiskii,Traits AL,Ratio of antenna (combined funicle and scape) length to mesosoma length,2.24,,mean,,both,adult,,,,,,P0,,,,,
PreservedSpecimen,Pheidole radoskowiskii,Traits AL,Ratio of antenna (combined funicle and scape) length to mesosoma length,0.0085,,mean,,both,adult,,,,,,P0,,,,,
PreservedSpecimen,Pheidole radoskowiskii,Traits CL,Ratio of clypeus length to mesosoma length,5,,mean,,both,adult,,,,,,2,,,,,
PreservedSpecimen,Pheidole radoskowiskii,Traits CL,Ratio of clypeus length to mesosoma length,7,,mean,,both,adult,,,,,,2,,,,,
PreservedSpecimen,Pheidole radoskowiskii,Traits ML,,5,ratio,mean and variance,,both,adult,,,,,,2,,,,,
PreservedSpecimen,Pheidole radoskowiskii,Traits ML,,0,ratio,mean and variance,,both,adult,,,,,,2,,,,,
PreservedSpecimen,Pheidole radoskowiskii,Traits WL,Measurement of Weber's length (mesosoma length) on the ant worker,7,mm,mean ± SE,,both,adult,,,,,,2,,,,,
PreservedSpecimen,Pheidole radoskowiskii,Traits WL,Measurement of Weber's length (mesosoma length) on the ant worker,6,mm,mean ± SE,,both,adult,,,,,,2,,,,,
PreservedSpecimen,Pheidole radoskowiskii,Traits IOW,Ratio of inter-ocular width to mesosoma length (standardized by dividing inter-ocular width by Weber's length),8,,mean,,both,adult,,,,,,2,,,,,
PreservedSpecimen,Pheidole radoskowiskii,Traits IOW,Ratio of inter-ocular width to mesosoma length (standardized by dividing inter-ocular width by Weber's length),8,,mean,,both,adult,,,,,,2,,,,,
PreservedSpecimen,Pheidole radoskowiskii,Traits EL,,1,mm,mean,,both,adult,,,,,,2,,,,,
PreservedSpecimen,Pheidole radoskowiskii,Traits EL,,4,mm,mean,,both,adult,,,,,,2,,,,,
PreservedSpecimen,Pheidole radoskowiskii,Traits P,,1.600,ratio,mean ± SD,,both,adult,,,,,,2,,,,,
PreservedSpecimen,Pheidole radoskowiskii,Traits P,,1.30000,ratio,mean ± SD,,both,adult,,,,,,2,,,,,
PreservedSpecimen,Pheidole radoskowiskii,Traits LEG,Ratio of leg length (combined length of femur and tibia) to mesosoma length (Weber's length),9,,mean,,both,adult,,,,,,2,,,,,
PreservedSpecimen,Pheidole radoskowiskii,Traits LEG,Ratio of leg length (combined length of femur and tibia) to mesosoma length (Weber's length),0,,mean,,both,adult,,,,,,2,,,,,
PreservedSpecimen,Pheidole radoskowiskii,Traits AL,Ratio of antenna (combined funicle and scape) length to mesosoma length,0,,mean,,both,adult,,,,,,2,,,,,
PreservedSpecimen,Pheidole radoskowiskii,Traits AL,Ratio of antenna (combined funicle and scape) length to mesosoma length,9,,mean,,both,adult,,,,,,2,,,,,
PreservedSpecimen,Pheidole radoskowiskii,Traits CL,Ratio of clypeus length to mesosoma length,0.18,,mean,,both,adult,,,,,,P0,,,,,
PreservedSpecimen,Pheidole radoskowiskii,Traits CL,Ratio of clypeus length to mesosoma length,0.0002,,mean,,both,adult,,,,,,P0,,,,,
PreservedSpecimen,Pheidole radoskowiskii,Traits ML,,0.44,ratio,mean and variance,,both,adult,,,,,,P0,,,,,
PreservedSpecimen,Pheidole radoskowiskii,Traits ML,,0.0000,ratio,mean and variance,,both,adult,,,,,,P0,,,,,
PreservedSpecimen,Pheidole radoskowiskii,Traits WL,Measurement of Weber's length (mesosoma length) on the ant worker,0.83,mm,mean ± SE,,both,adult,,,,,,P0,,,,,
PreservedSpecimen,Pheidole radoskowiskii,Traits WL,Measurement of Weber's length (mesosoma length) on the ant worker,0.0016,mm,mean ± SE,,both,adult,,,,,,P0,,,,,
PreservedSpecimen,Pheidole radoskowiskii,Traits IOW,Ratio of inter-ocular width to mesosoma length (standardized by dividing inter-ocular width by Weber's length),0.60,,mean,,both,adult,,,,,,P0,,,,,
PreservedSpecimen,Pheidole radoskowiskii,Traits IOW,Ratio of inter-ocular width to mesosoma length (standardized by dividing inter-ocular width by Weber's length),0.0008,,mean,,both,adult,,,,,,P0,,,,,
PreservedSpecimen,Pheidole radoskowiskii,Traits EL,,0.17,mm,mean,,both,adult,,,,,,P0,,,,,
PreservedSpecimen,Pheidole radoskowiskii,Traits EL,,0.0002,mm,mean,,both,adult,,,,,,P0,,,,,
PreservedSpecimen,Pheidole radoskowiskii,Traits P,,,ratio,mean ± SD,,both,adult,,,,,,P0,,,,,
PreservedSpecimen,Pheidole radoskowiskii,Traits P,,,ratio,mean ± SD,,both,adult,,,,,,P0,,,,,
PreservedSpecimen,Pheidole radoskowiskii,Traits LEG,Ratio of leg length (combined length of femur and tibia) to mesosoma length (Weber's length),1.71,,mean,,both,adult,,,,,,P0,,,,,
PreservedSpecimen,Pheidole radoskowiskii,Traits LEG,Ratio of leg length (combined length of femur and tibia) to mesosoma length (Weber's length),0.0030,,mean,,both,adult,,,,,,P0,,,,,
PreservedSpecimen,Pheidole radoskowiskii,Traits AL,Ratio of antenna (combined funicle and scape) length to mesosoma length,2.25,,mean,,both,adult,,,,,,P0,,,,,
PreservedSpecimen,Pheidole radoskowiskii,Traits AL,Ratio of antenna (combined funicle and scape) length to mesosoma length,,,mean,,both,adult,,,,,,P0,,,,,
PreservedSpecimen,Pheidole radoskowiskii,Traits CL,Ratio of clypeus length to mesosoma length,4,,mean,,both,adult,,,,,,4,,,,,
PreservedSpecimen,Pheidole radoskowiskii,Traits CL,Ratio of clypeus length to mesosoma length,8,,mean,,both,adult,,,,,,4,,,,,
PreservedSpecimen,Pheidole radoskowiskii,Traits ML,,8,ratio,mean and variance,,both,adult,,,,,,4,,,,,
PreservedSpecimen,Pheidole radoskowiskii,Traits ML,,9,ratio,mean and variance,,both,adult,,,,,,4,,,,,
PreservedSpecimen,Pheidole radoskowiskii,Traits WL,Measurement of Weber's length (mesosoma length) on the ant worker,3,mm,mean ± SE,,both,adult,,,,,,4,,,,,
PreservedSpecimen,Pheidole radoskowiskii,Traits WL,Measurement of Weber's length (mesosoma length) on the ant worker,7,mm,mean ± SE,,both,adult,,,,,,4,,,,,
PreservedSpecimen,Pheidole radoskowiskii,Traits IOW,Ratio of inter-ocular width to mesosoma length (standardized by dividing inter-ocular width by Weber's length),8,,mean,,both,adult,,,,,,4,,,,,
PreservedSpecimen,Pheidole radoskowiskii,Traits IOW,Ratio of inter-ocular width to mesosoma length (standardized by dividing inter-ocular width by Weber's length),8,,mean,,both,adult,,,,,,4,,,,,
PreservedSpecimen,Pheidole radoskowiskii,Traits EL,,6,mm,mean,,both,adult,,,,,,4,,,,,
PreservedSpecimen,Pheidole radoskowiskii,Traits EL,,7,mm,mean,,both,adult,,,,,,4,,,,,
PreservedSpecimen,Pheidole radoskowiskii,Traits P,,3.200,ratio,mean ± SD,,both,adult,,,,,,4,,,,,
PreservedSpecimen,Pheidole radoskowiskii,Traits P,,0.70000,ratio,mean ± SD,,both,adult,,,,,,4,,,,,
PreservedSpecimen,Pheidole radoskowiskii,Traits LEG,Ratio of leg length (combined length of femur and tibia) to mesosoma length (Weber's length),1,,mean,,both,adult,,,,,,4,,,,,
PreservedSpecimen,Pheidole radoskowiskii,Traits LEG,Ratio of leg length (combined length of femur and tibia) to mesosoma length (Weber's length),6,,mean,,both,adult,,,,,,4,,,,,
PreservedSpecimen,Pheidole radoskowiskii,Traits AL,Ratio of antenna (combined funicle and scape) length to mesosoma length,8,,mean,,both,adult,,,,,,4,,,,,
PreservedSpecimen,Pheidole radoskowiskii,Traits AL,Ratio of antenna (combined funicle and scape) length to mesosoma length,0,,mean,,both,adult,,,,,,4,,,,,
PreservedSpecimen,Pheidole radoskowiskii,Traits CL,Ratio of clypeus length to mesosoma length,0.18,,mean,,both,adult,,,,,,P0,,,,,
PreservedSpecimen,Pheidole radoskowiskii,Traits CL,Ratio of clypeus length to mesosoma length,0.0000,,mean,,both,adult,,,,,,P0,,,,,
PreservedSpecimen,Pheidole radoskowiskii,Traits ML,,0.43,ratio,mean and variance,,both,adult,,,,,,P0,,,,,
PreservedSpecimen,Pheidole radoskowiskii,Traits ML,,0.0000,ratio,mean and variance,,both,adult,,,,,,P0,,,,,
PreservedSpecimen,Pheidole radoskowiskii,Traits WL,Measurement of Weber's length (mesosoma length) on the ant worker,0.90,mm,mean ± SE,,both,adult,,,,,,P0,,,,,
PreservedSpecimen,Pheidole radoskowiskii,Traits WL,Measurement of Weber's length (mesosoma length) on the ant worker,0.0011,mm,mean ± SE,,both,adult,,,,,,P0,,,,,
PreservedSpecimen,Pheidole radoskowiskii,Traits IOW,Ratio of inter-ocular width to mesosoma length (standardized by dividing inter-ocular width by Weber's length),0.62,,mean,,both,adult,,,,,,P0,,,,,
PreservedSpecimen,Pheidole radoskowiskii,Traits IOW,Ratio of inter-ocular width to mesosoma length (standardized by dividing inter-ocular width by Weber's length),0.0004,,mean,,both,adult,,,,,,P0,,,,,
PreservedSpecimen,Pheidole radoskowiskii,Traits EL,,0.18,mm,mean,,both,adult,,,,,,P0,,,,,
PreservedSpecimen,Pheidole radoskowiskii,Traits EL,,0.0000,mm,mean,,both,adult,,,,,,P0,,,,,
PreservedSpecimen,Pheidole radoskowiskii,Traits P,,,ratio,mean ± SD,,both,adult,,,,,,P0,,,,,
PreservedSpecimen,Pheidole radoskowiskii,Traits P,,,ratio,mean ± SD,,both,adult,,,,,,P0,,,,,
PreservedSpecimen,Pheidole radoskowiskii,Traits LEG,Ratio of leg length (combined length of femur and tibia) to mesosoma length (Weber's length),1.71,,mean,,both,adult,,,,,,P0,,,,,
PreservedSpecimen,Pheidole radoskowiskii,Traits LEG,Ratio of leg length (combined length of femur and tibia) to mesosoma length (Weber's length),0.0016,,mean,,both,adult,,,,,,P0,,,,,
PreservedSpecimen,Pheidole radoskowiskii,Traits AL,Ratio of antenna (combined funicle and scape) length to mesosoma length,2.11,,mean,,both,adult,,,,,,P0,,,,,
PreservedSpecimen,Pheidole radoskowiskii,Traits AL,Ratio of antenna (combined funicle and scape) length to mesosoma length,0.0053,,mean,,both,adult,,,,,,P0,,,,,
PreservedSpecimen,Pheidole radoskowiskii,Traits CL,Ratio of clypeus length to mesosoma length,5,,mean,,both,adult,,,,,,8,,,,,
PreservedSpecimen,Pheidole radoskowiskii,Traits CL,Ratio of clypeus length to mesosoma length,5,,mean,,both,adult,,,,,,8,,,,,
PreservedSpecimen,Pheidole radoskowiskii,Traits ML,,0,ratio,mean and variance,,both,adult,,,,,,8,,,,,
PreservedSpecimen,Pheidole radoskowiskii,Traits ML,,8,ratio,mean and variance,,both,adult,,,,,,8,,,,,
PreservedSpecimen,Pheidole radoskowiskii,Traits WL,Measurement of Weber's length (mesosoma length) on the ant worker,0,mm,mean ± SE,,both,adult,,,,,,8,,,,,
PreservedSpecimen,Pheidole radoskowiskii,Traits WL,Measurement of Weber's length (mesosoma length) on the ant worker,1,mm,mean ± SE,,both,adult,,,,,,8,,,,,
PreservedSpecimen,Pheidole radoskowiskii,Traits IOW,Ratio of inter-ocular width to mesosoma length (standardized by dividing inter-ocular width by Weber's length),2,,mean,,both,adult,,,,,,8,,,,,
PreservedSpecimen,Pheidole radoskowiskii,Traits IOW,Ratio of inter-ocular width to mesosoma length (standardized by dividing inter-ocular width by Weber's length),6,,mean,,both,adult,,,,,,8,,,,,
PreservedSpecimen,Pheidole radoskowiskii,Traits EL,,5,mm,mean,,both,adult,,,,,,8,,,,,
PreservedSpecimen,Pheidole radoskowiskii,Traits EL,,5,mm,mean,,both,adult,,,,,,8,,,,,
PreservedSpecimen,Pheidole radoskowiskii,Traits P,,0.600,ratio,mean ± SD,,both,adult,,,,,,8,,,,,
PreservedSpecimen,Pheidole radoskowiskii,Traits P,,0.80000,ratio,mean ± SD,,both,adult,,,,,,8,,,,,
PreservedSpecimen,Pheidole radoskowiskii,Traits LEG,Ratio of leg length (combined length of femur and tibia) to mesosoma length (Weber's length),2,,mean,,both,adult,,,,,,8,,,,,
PreservedSpecimen,Pheidole radoskowiskii,Traits LEG,Ratio of leg length (combined length of femur and tibia) to mesosoma length (Weber's length),8,,mean,,both,adult,,,,,,8,,,,,
PreservedSpecimen,Pheidole radoskowiskii,Traits AL,Ratio of antenna (combined funicle and scape) length to mesosoma length,9,,mean,,both,adult,,,,,,8,,,,,
PreservedSpecimen,Pheidole radoskowiskii,Traits AL,Ratio of antenna (combined funicle and scape) length to mesosoma length,6,,mean,,both,adult,,,,,,8,,,,,
PreservedSpecimen,Pheidole radoskowiskii,Traits CL,Ratio of clypeus length to mesosoma length,0.19,,mean,,both,adult,,,,,,P1,,,,,
PreservedSpecimen,Pheidole radoskowiskii,Traits CL,Ratio of clypeus length to mesosoma length,0.0003,,mean,,both,adult,,,,,,P1,,,,,
PreservedSpecimen,Pheidole radoskowiskii,Traits ML,,0.46,ratio,mean and variance,,both,adult,,,,,,P1,,,,,
PreservedSpecimen,Pheidole radoskowiskii,Traits ML,,0.0001,ratio,mean and variance,,both,adult,,,,,,P1,,,,,
PreservedSpecimen,Pheidole radoskowiskii,Traits WL,Measurement of Weber's length (mesosoma length) on the ant worker,0.81,mm,mean ± SE,,both,adult,,,,,,P1,,,,,
PreservedSpecimen,Pheidole radoskowiskii,Traits WL,Measurement of Weber's length (mesosoma length) on the ant worker,0.0014,mm,mean ± SE,,both,adult,,,,,,P1,,,,,
PreservedSpecimen,Pheidole radoskowiskii,Traits IOW,Ratio of inter-ocular width to mesosoma length (standardized by dividing inter-ocular width by Weber's length),0.57,,mean,,both,adult,,,,,,P1,,,,,
PreservedSpecimen,Pheidole radoskowiskii,Traits IOW,Ratio of inter-ocular width to mesosoma length (standardized by dividing inter-ocular width by Weber's length),0.0006,,mean,,both,adult,,,,,,P1,,,,,
PreservedSpecimen,Pheidole radoskowiskii,Traits EL,,0.19,mm,mean,,both,adult,,,,,,P1,,,,,
PreservedSpecimen,Pheidole radoskowiskii,Traits EL,,0.0002,mm,mean,,both,adult,,,,,,P1,,,,,
PreservedSpecimen,Pheidole radoskowiskii,Traits P,,,ratio,mean ± SD,,both,adult,,,,,,P1,,,,,
PreservedSpecimen,Pheidole radoskowiskii,Traits P,,,ratio,mean ± SD,,both,adult,,,,,,P1,,,,,
PreservedSpecimen,Pheidole radoskowiskii,Traits LEG,Ratio of leg length (combined length of femur and tibia) to mesosoma length (Weber's length),1.71,,mean,,both,adult,,,,,,P1,,,,,
PreservedSpecimen,Pheidole radoskowiskii,Traits LEG,Ratio of leg length (combined length of femur and tibia) to mesosoma length (Weber's length),0.0008,,mean,,both,adult,,,,,,P1,,,,,
PreservedSpecimen,Pheidole radoskowiskii,Traits AL,Ratio of antenna (combined funicle and scape) length to mesosoma length,2.28,,mean,,both,adult,,,,,,P1,,,,,
PreservedSpecimen,Pheidole radoskowiskii,Traits AL,Ratio of antenna (combined funicle and scape) length to mesosoma length,0.0043,,mean,,both,adult,,,,,,P1,,,,,
PreservedSpecimen,Pheidole radoskowiskii,Traits CL,Ratio of clypeus length to mesosoma length,7,,mean,,both,adult,,,,,,5,,,,,
PreservedSpecimen,Pheidole radoskowiskii,Traits CL,Ratio of clypeus length to mesosoma length,7,,mean,,both,adult,,,,,,5,,,,,
PreservedSpecimen,Pheidole radoskowiskii,Traits ML,,7,ratio,mean and variance,,both,adult,,,,,,5,,,,,
PreservedSpecimen,Pheidole radoskowiskii,Traits ML,,2,ratio,mean and variance,,both,adult,,,,,,5,,,,,
PreservedSpecimen,Pheidole radoskowiskii,Traits WL,Measurement of Weber's length (mesosoma length) on the ant worker,3,mm,mean ± SE,,both,adult,,,,,,5,,,,,
PreservedSpecimen,Pheidole radoskowiskii,Traits WL,Measurement of Weber's length (mesosoma length) on the ant worker,4,mm,mean ± SE,,both,adult,,,,,,5,,,,,
PreservedSpecimen,Pheidole radoskowiskii,Traits IOW,Ratio of inter-ocular width to mesosoma length (standardized by dividing inter-ocular width by Weber's length),4,,mean,,both,adult,,,,,,5,,,,,
PreservedSpecimen,Pheidole radoskowiskii,Traits IOW,Ratio of inter-ocular width to mesosoma length (standardized by dividing inter-ocular width by Weber's length),4,,mean,,both,adult,,,,,,5,,,,,
PreservedSpecimen,Pheidole radoskowiskii,Traits EL,,7,mm,mean,,both,adult,,,,,,5,,,,,
PreservedSpecimen,Pheidole radoskowiskii,Traits EL,,1,mm,mean,,both,adult,,,,,,5,,,,,
PreservedSpecimen,Pheidole radoskowiskii,Traits P,,1.600,ratio,mean ± SD,,both,adult,,,,,,5,,,,,
PreservedSpecimen,Pheidole radoskowiskii,Traits P,,0.80000,ratio,mean ± SD,,both,adult,,,,,,5,,,,,
PreservedSpecimen,Pheidole radoskowiskii,Traits LEG,Ratio of leg length (combined length of femur and tibia) to mesosoma length (Weber's length),3,,mean,,both,adult,,,,,,5,,,,,
PreservedSpecimen,Pheidole radoskowiskii,Traits LEG,Ratio of leg length (combined length of femur and tibia) to mesosoma length (Weber's length),0,,mean,,both,adult,,,,,,5,,,,,
PreservedSpecimen,Pheidole radoskowiskii,Traits AL,Ratio of antenna (combined funicle and scape) length to mesosoma length,1,,mean,,both,adult,,,,,,5,,,,,
PreservedSpecimen,Pheidole radoskowiskii,Traits AL,Ratio of antenna (combined funicle and scape) length to mesosoma length,6,,mean,,both,adult,,,,,,5,,,,,
PreservedSpecimen,Pheidole radoskowiskii,Traits CL,Ratio of clypeus length to mesosoma length,0.18,,mean,,both,adult,,,,,,P1,,,,,
PreservedSpecimen,Pheidole radoskowiskii,Traits CL,Ratio of clypeus length to mesosoma length,0.0001,,mean,,both,adult,,,,,,P1,,,,,
PreservedSpecimen,Pheidole radoskowiskii,Traits ML,,0.43,ratio,mean and variance,,both,adult,,,,,,P1,,,,,
PreservedSpecimen,Pheidole radoskowiskii,Traits ML,,0.0003,ratio,mean and variance,,both,adult,,,,,,P1,,,,,
PreservedSpecimen,Pheidole radoskowiskii,Traits WL,Measurement of Weber's length (mesosoma length) on the ant worker,0.86,mm,mean ± SE,,both,adult,,,,,,P1,,,,,
PreservedSpecimen,Pheidole radoskowiskii,Traits WL,Measurement of Weber's length (mesosoma length) on the ant worker,0.0018,mm,mean ± SE,,both,adult,,,,,,P1,,,,,
PreservedSpecimen,Pheidole radoskowiskii,Traits IOW,Ratio of inter-ocular width to mesosoma length (standardized by dividing inter-ocular width by Weber's length),0.60,,mean,,both,adult,,,,,,P1,,,,,
PreservedSpecimen,Pheidole radoskowiskii,Traits IOW,Ratio of inter-ocular width to mesosoma length (standardized by dividing inter-ocular width by Weber's length),0.0002,,mean,,both,adult,,,,,,P1,,,,,
PreservedSpecimen,Pheidole radoskowiskii,Traits EL,,0.18,mm,mean,,both,adult,,,,,,P1,,,,,
PreservedSpecimen,Pheidole radoskowiskii,Traits EL,,0.0003,mm,mean,,both,adult,,,,,,P1,,,,,
PreservedSpecimen,Pheidole radoskowiskii,Traits P,,,ratio,mean ± SD,,both,adult,,,,,,P1,,,,,
PreservedSpecimen,Pheidole radoskowiskii,Traits P,,,ratio,mean ± SD,,both,adult,,,,,,P1,,,,,
PreservedSpecimen,Pheidole radoskowiskii,Traits LEG,Ratio of leg length (combined length of femur and tibia) to mesosoma length (Weber's length),1.65,,mean,,both,adult,,,,,,P1,,,,,
PreservedSpecimen,Pheidole radoskowiskii,Traits LEG,Ratio of leg length (combined length of femur and tibia) to mesosoma length (Weber's length),0.0010,,mean,,both,adult,,,,,,P1,,,,,
PreservedSpecimen,Pheidole radoskowiskii,Traits AL,Ratio of antenna (combined funicle and scape) length to mesosoma length,2.17,,mean,,both,adult,,,,,,P1,,,,,
PreservedSpecimen,Pheidole radoskowiskii,Traits AL,Ratio of antenna (combined funicle and scape) length to mesosoma length,,,mean,,both,adult,,,,,,P1,,,,,
PreservedSpecimen,Pheidole radoskowiskii,Traits CL,Ratio of clypeus length to mesosoma length,6,,mean,,both,adult,,,,,,6,,,,,
PreservedSpecimen,Pheidole radoskowiskii,Traits CL,Ratio of clypeus length to mesosoma length,5,,mean,,both,adult,,,,,,6,,,,,
PreservedSpecimen,Pheidole radoskowiskii,Traits ML,,5,ratio,mean and variance,,both,adult,,,,,,6,,,,,
PreservedSpecimen,Pheidole radoskowiskii,Traits ML,,9,ratio,mean and variance,,both,adult,,,,,,6,,,,,
PreservedSpecimen,Pheidole radoskowiskii,Traits WL,Measurement of Weber's length (mesosoma length) on the ant worker,0,mm,mean ± SE,,both,adult,,,,,,6,,,,,
PreservedSpecimen,Pheidole radoskowiskii,Traits WL,Measurement of Weber's length (mesosoma length) on the ant worker,9,mm,mean ± SE,,both,adult,,,,,,6,,,,,
PreservedSpecimen,Pheidole radoskowiskii,Traits IOW,Ratio of inter-ocular width to mesosoma length (standardized by dividing inter-ocular width by Weber's length),5,,mean,,both,adult,,,,,,6,,,,,
PreservedSpecimen,Pheidole radoskowiskii,Traits IOW,Ratio of inter-ocular width to mesosoma length (standardized by dividing inter-ocular width by Weber's length),1,,mean,,both,adult,,,,,,6,,,,,
PreservedSpecimen,Pheidole radoskowiskii,Traits EL,,6,mm,mean,,both,adult,,,,,,6,,,,,
PreservedSpecimen,Pheidole radoskowiskii,Traits EL,,0,mm,mean,,both,adult,,,,,,6,,,,,
PreservedSpecimen,Pheidole radoskowiskii,Traits P,,1.400,ratio,mean ± SD,,both,adult,,,,,,6,,,,,
PreservedSpecimen,Pheidole radoskowiskii,Traits P,,0.30000,ratio,mean ± SD,,both,adult,,,,,,6,,,,,
PreservedSpecimen,Pheidole radoskowiskii,Traits LEG,Ratio of leg length (combined length of femur and tibia) to mesosoma length (Weber's length),8,,mean,,both,adult,,,,,,6,,,,,
PreservedSpecimen,Pheidole radoskowiskii,Traits LEG,Ratio of leg length (combined length of femur and tibia) to mesosoma length (Weber's length),9,,mean,,both,adult,,,,,,6,,,,,
PreservedSpecimen,Pheidole radoskowiskii,Traits AL,Ratio of antenna (combined funicle and scape) length to mesosoma length,3,,mean,,both,adult,,,,,,6,,,,,
PreservedSpecimen,Pheidole radoskowiskii,Traits AL,Ratio of antenna (combined funicle and scape) length to mesosoma length,3,,mean,,both,adult,,,,,,6,,,,,
PreservedSpecimen,Pheidole radoskowiskii,Traits CL,Ratio of clypeus length to mesosoma length,0.17,,mean,,both,adult,,,,,,P2,,,,,
PreservedSpecimen,Pheidole radoskowiskii,Traits CL,Ratio of clypeus length to mesosoma length,0.0003,,mean,,both,adult,,,,,,P2,,,,,
PreservedSpecimen,Pheidole radoskowiskii,Traits ML,,0.42,ratio,mean and variance,,both,adult,,,,,,P2,,,,,
PreservedSpecimen,Pheidole radoskowiskii,Traits ML,,0.0001,ratio,mean and variance,,both,adult,,,,,,P2,,,,,
PreservedSpecimen,Pheidole radoskowiskii,Traits WL,Measurement of Weber's length (mesosoma length) on the ant worker,0.89,mm,mean ± SE,,both,adult,,,,,,P2,,,,,
PreservedSpecimen,Pheidole radoskowiskii,Traits WL,Measurement of Weber's length (mesosoma length) on the ant worker,0.0007,mm,mean ± SE,,both,adult,,,,,,P2,,,,,
PreservedSpecimen,Pheidole radoskowiskii,Traits IOW,Ratio of inter-ocular width to mesosoma length (standardized by dividing inter-ocular width by Weber's length),0.60,,mean,,both,adult,,,,,,P2,,,,,
PreservedSpecimen,Pheidole radoskowiskii,Traits IOW,Ratio of inter-ocular width to mesosoma length (standardized by dividing inter-ocular width by Weber's length),0.0009,,mean,,both,adult,,,,,,P2,,,,,
PreservedSpecimen,Pheidole radoskowiskii,Traits EL,,0.18,mm,mean,,both,adult,,,,,,P2,,,,,
PreservedSpecimen,Pheidole radoskowiskii,Traits EL,,0.0000,mm,mean,,both,adult,,,,,,P2,,,,,
PreservedSpecimen,Pheidole radoskowiskii,Traits P,,,ratio,mean ± SD,,both,adult,,,,,,P2,,,,,
PreservedSpecimen,Pheidole radoskowiskii,Traits P,,,ratio,mean ± SD,,both,adult,,,,,,P2,,,,,
PreservedSpecimen,Pheidole radoskowiskii,Traits LEG,Ratio of leg length (combined length of femur and tibia) to mesosoma length (Weber's length),1.70,,mean,,both,adult,,,,,,P2,,,,,
PreservedSpecimen,Pheidole radoskowiskii,Traits LEG,Ratio of leg length (combined length of femur and tibia) to mesosoma length (Weber's length),0.0026,,mean,,both,adult,,,,,,P2,,,,,
PreservedSpecimen,Pheidole radoskowiskii,Traits AL,Ratio of antenna (combined funicle and scape) length to mesosoma length,2.17,,mean,,both,adult,,,,,,P2,,,,,
PreservedSpecimen,Pheidole radoskowiskii,Traits AL,Ratio of antenna (combined funicle and scape) length to mesosoma length,0.0004,,mean,,both,adult,,,,,,P2,,,,,
PreservedSpecimen,Pheidole radoskowiskii,Traits CL,Ratio of clypeus length to mesosoma length,2,,mean,,both,adult,,,,,,0,,,,,
PreservedSpecimen,Pheidole radoskowiskii,Traits CL,Ratio of clypeus length to mesosoma length,8,,mean,,both,adult,,,,,,0,,,,,
PreservedSpecimen,Pheidole radoskowiskii,Traits ML,,5,ratio,mean and variance,,both,adult,,,,,,0,,,,,
PreservedSpecimen,Pheidole radoskowiskii,Traits ML,,8,ratio,mean and variance,,both,adult,,,,,,0,,,,,
PreservedSpecimen,Pheidole radoskowiskii,Traits WL,Measurement of Weber's length (mesosoma length) on the ant worker,3,mm,mean ± SE,,both,adult,,,,,,0,,,,,
PreservedSpecimen,Pheidole radoskowiskii,Traits WL,Measurement of Weber's length (mesosoma length) on the ant worker,8,mm,mean ± SE,,both,adult,,,,,,0,,,,,
PreservedSpecimen,Pheidole radoskowiskii,Traits IOW,Ratio of inter-ocular width to mesosoma length (standardized by dividing inter-ocular width by Weber's length),4,,mean,,both,adult,,,,,,0,,,,,
PreservedSpecimen,Pheidole radoskowiskii,Traits IOW,Ratio of inter-ocular width to mesosoma length (standardized by dividing inter-ocular width by Weber's length),4,,mean,,both,adult,,,,,,0,,,,,
PreservedSpecimen,Pheidole radoskowiskii,Traits EL,,7,mm,mean,,both,adult,,,,,,0,,,,,
PreservedSpecimen,Pheidole radoskowiskii,Traits EL,,3,mm,mean,,both,adult,,,,,,0,,,,,
PreservedSpecimen,Pheidole radoskowiskii,Traits P,,2.000,ratio,mean ± SD,,both,adult,,,,,,0,,,,,
PreservedSpecimen,Pheidole radoskowiskii,Traits P,,0.50000,ratio,mean ± SD,,both,adult,,,,,,0,,,,,
PreservedSpecimen,Pheidole radoskowiskii,Traits LEG,Ratio of leg length (combined length of femur and tibia) to mesosoma length (Weber's length),1,,mean,,both,adult,,,,,,0,,,,,
PreservedSpecimen,Pheidole radoskowiskii,Traits LEG,Ratio of leg length (combined length of femur and tibia) to mesosoma length (Weber's length),3,,mean,,both,adult,,,,,,0,,,,,
PreservedSpecimen,Pheidole radoskowiskii,Traits AL,Ratio of antenna (combined funicle and scape) length to mesosoma length,2,,mean,,both,adult,,,,,,0,,,,,
PreservedSpecimen,Pheidole radoskowiskii,Traits AL,Ratio of antenna (combined funicle and scape) length to mesosoma length,8,,mean,,both,adult,,,,,,0,,,,,
PreservedSpecimen,Pheidole radoskowiskii,Traits CL,Ratio of clypeus length to mesosoma length,0.19,,mean,,both,adult,,,,,,P2,,,,,
PreservedSpecimen,Pheidole radoskowiskii,Traits CL,Ratio of clypeus length to mesosoma length,0.0000,,mean,,both,adult,,,,,,P2,,,,,
PreservedSpecimen,Pheidole radoskowiskii,Traits ML,,0.42,ratio,mean and variance,,both,adult,,,,,,P2,,,,,
PreservedSpecimen,Pheidole radoskowiskii,Traits ML,,0.0003,ratio,mean and variance,,both,adult,,,,,,P2,,,,,
PreservedSpecimen,Pheidole radoskowiskii,Traits WL,Measurement of Weber's length (mesosoma length) on the ant worker,0.88,mm,mean ± SE,,both,adult,,,,,,P2,,,,,
PreservedSpecimen,Pheidole radoskowiskii,Traits WL,Measurement of Weber's length (mesosoma length) on the ant worker,0.0008,mm,mean ± SE,,both,adult,,,,,,P2,,,,,
PreservedSpecimen,Pheidole radoskowiskii,Traits IOW,Ratio of inter-ocular width to mesosoma length (standardized by dividing inter-ocular width by Weber's length),0.60,,mean,,both,adult,,,,,,P2,,,,,
PreservedSpecimen,Pheidole radoskowiskii,Traits IOW,Ratio of inter-ocular width to mesosoma length (standardized by dividing inter-ocular width by Weber's length),0.0007,,mean,,both,adult,,,,,,P2,,,,,
PreservedSpecimen,Pheidole radoskowiskii,Traits EL,,0.19,mm,mean,,both,adult,,,,,,P2,,,,,
PreservedSpecimen,Pheidole radoskowiskii,Traits EL,,0.0000,mm,mean,,both,adult,,,,,,P2,,,,,
PreservedSpecimen,Pheidole radoskowiskii,Traits P,,,ratio,mean ± SD,,both,adult,,,,,,P2,,,,,
PreservedSpecimen,Pheidole radoskowiskii,Traits P,,,ratio,mean ± SD,,both,adult,,,,,,P2,,,,,
PreservedSpecimen,Pheidole radoskowiskii,Traits LEG,Ratio of leg length (combined length of femur and tibia) to mesosoma length (Weber's length),1.74,,mean,,both,adult,,,,,,P2,,,,,
PreservedSpecimen,Pheidole radoskowiskii,Traits LEG,Ratio of leg length (combined length of femur and tibia) to mesosoma length (Weber's length),0.0040,,mean,,both,adult,,,,,,P2,,,,,
PreservedSpecimen,Pheidole radoskowiskii,Traits AL,Ratio of antenna (combined funicle and scape) length to mesosoma length,2.19,,mean,,both,adult,,,,,,P2,,,,,
PreservedSpecimen,Pheidole radoskowiskii,Traits AL,Ratio of antenna (combined funicle and scape) length to mesosoma length,0.0068,,mean,,both,adult,,,,,,P2,,,,,
PreservedSpecimen,Pheidole radoskowiskii,Traits CL,Ratio of clypeus length to mesosoma length,0,,mean,,both,adult,,,,,,1,,,,,
PreservedSpecimen,Pheidole radoskowiskii,Traits CL,Ratio of clypeus length to mesosoma length,4,,mean,,both,adult,,,,,,1,,,,,
PreservedSpecimen,Pheidole radoskowiskii,Traits ML,,4,ratio,mean and variance,,both,adult,,,,,,1,,,,,
PreservedSpecimen,Pheidole radoskowiskii,Traits ML,,1,ratio,mean and variance,,both,adult,,,,,,1,,,,,
PreservedSpecimen,Pheidole radoskowiskii,Traits WL,Measurement of Weber's length (mesosoma length) on the ant worker,0,mm,mean ± SE,,both,adult,,,,,,1,,,,,
PreservedSpecimen,Pheidole radoskowiskii,Traits WL,Measurement of Weber's length (mesosoma length) on the ant worker,9,mm,mean ± SE,,both,adult,,,,,,1,,,,,
PreservedSpecimen,Pheidole radoskowiskii,Traits IOW,Ratio of inter-ocular width to mesosoma length (standardized by dividing inter-ocular width by Weber's length),6,,mean,,both,adult,,,,,,1,,,,,
PreservedSpecimen,Pheidole radoskowiskii,Traits IOW,Ratio of inter-ocular width to mesosoma length (standardized by dividing inter-ocular width by Weber's length),3,,mean,,both,adult,,,,,,1,,,,,
PreservedSpecimen,Pheidole radoskowiskii,Traits EL,,0,mm,mean,,both,adult,,,,,,1,,,,,
PreservedSpecimen,Pheidole radoskowiskii,Traits EL,,4,mm,mean,,both,adult,,,,,,1,,,,,
PreservedSpecimen,Pheidole radoskowiskii,Traits P,,2.200,ratio,mean ± SD,,both,adult,,,,,,1,,,,,
PreservedSpecimen,Pheidole radoskowiskii,Traits P,,0.70000,ratio,mean ± SD,,both,adult,,,,,,1,,,,,
PreservedSpecimen,Pheidole radoskowiskii,Traits LEG,Ratio of leg length (combined length of femur and tibia) to mesosoma length (Weber's length),3,,mean,,both,adult,,,,,,1,,,,,
PreservedSpecimen,Pheidole radoskowiskii,Traits LEG,Ratio of leg length (combined length of femur and tibia) to mesosoma length (Weber's length),7,,mean,,both,adult,,,,,,1,,,,,
PreservedSpecimen,Pheidole radoskowiskii,Traits AL,Ratio of antenna (combined funicle and scape) length to mesosoma length,0,,mean,,both,adult,,,,,,1,,,,,
PreservedSpecimen,Pheidole radoskowiskii,Traits AL,Ratio of antenna (combined funicle and scape) length to mesosoma length,6,,mean,,both,adult,,,,,,1,,,,,
PreservedSpecimen,Pheidole radoskowiskii,Traits CL,Ratio of clypeus length to mesosoma length,103,,mean,,both,adult,,,,,,P2,,,,,
PreservedSpecimen,Pheidole radoskowiskii,Traits CL,Ratio of clypeus length to mesosoma length,0.18,,mean,,both,adult,,,,,,P2,,,,,
PreservedSpecimen,Pheidole radoskowiskii,Traits ML,,0.0003,ratio,mean and variance,,both,adult,,,,,,P2,,,,,
PreservedSpecimen,Pheidole radoskowiskii,Traits ML,,0.45,ratio,mean and variance,,both,adult,,,,,,P2,,,,,
PreservedSpecimen,Pheidole radoskowiskii,Traits WL,Measurement of Weber's length (mesosoma length) on the ant worker,0.0001,mm,mean ± SE,,both,adult,,,,,,P2,,,,,
PreservedSpecimen,Pheidole radoskowiskii,Traits WL,Measurement of Weber's length (mesosoma length) on the ant worker,0.87,mm,mean ± SE,,both,adult,,,,,,P2,,,,,
PreservedSpecimen,Pheidole radoskowiskii,Traits IOW,Ratio of inter-ocular width to mesosoma length (standardized by dividing inter-ocular width by Weber's length),0.0007,,mean,,both,adult,,,,,,P2,,,,,
PreservedSpecimen,Pheidole radoskowiskii,Traits IOW,Ratio of inter-ocular width to mesosoma length (standardized by dividing inter-ocular width by Weber's length),0.59,,mean,,both,adult,,,,,,P2,,,,,
PreservedSpecimen,Pheidole radoskowiskii,Traits EL,,0.0001,mm,mean,,both,adult,,,,,,P2,,,,,
PreservedSpecimen,Pheidole radoskowiskii,Traits EL,,0.17,mm,mean,,both,adult,,,,,,P2,,,,,
PreservedSpecimen,Pheidole radoskowiskii,Traits P,,0.0004,ratio,mean ± SD,,both,adult,,,,,,P2,,,,,
PreservedSpecimen,Pheidole radoskowiskii,Traits P,,,ratio,mean ± SD,,both,adult,,,,,,P2,,,,,
PreservedSpecimen,Pheidole radoskowiskii,Traits LEG,Ratio of leg length (combined length of femur and tibia) to mesosoma length (Weber's length),,,mean,,both,adult,,,,,,P2,,,,,
PreservedSpecimen,Pheidole radoskowiskii,Traits LEG,Ratio of leg length (combined length of femur and tibia) to mesosoma length (Weber's length),1.71,,mean,,both,adult,,,,,,P2,,,,,
PreservedSpecimen,Pheidole radoskowiskii,Traits AL,Ratio of antenna (combined funicle and scape) length to mesosoma length,0.0007,,mean,,both,adult,,,,,,P2,,,,,
PreservedSpecimen,Pheidole radoskowiskii,Traits AL,Ratio of antenna (combined funicle and scape) length to mesosoma length,2.19,,mean,,both,adult,,,,,,P2,,,,,
PreservedSpecimen,Pheidole radoskowiskii,Traits CL,Ratio of clypeus length to mesosoma length,3,,mean,,both,adult,,,,,,2,,,,,
PreservedSpecimen,Pheidole radoskowiskii,Traits CL,Ratio of clypeus length to mesosoma length,1,,mean,,both,adult,,,,,,2,,,,,
PreservedSpecimen,Pheidole radoskowiskii,Traits ML,,0,ratio,mean and variance,,both,adult,,,,,,2,,,,,
PreservedSpecimen,Pheidole radoskowiskii,Traits ML,,1,ratio,mean and variance,,both,adult,,,,,,2,,,,,
PreservedSpecimen,Pheidole radoskowiskii,Traits WL,Measurement of Weber's length (mesosoma length) on the ant worker,3,mm,mean ± SE,,both,adult,,,,,,2,,,,,
PreservedSpecimen,Pheidole radoskowiskii,Traits WL,Measurement of Weber's length (mesosoma length) on the ant worker,8,mm,mean ± SE,,both,adult,,,,,,2,,,,,
PreservedSpecimen,Pheidole radoskowiskii,Traits IOW,Ratio of inter-ocular width to mesosoma length (standardized by dividing inter-ocular width by Weber's length),5,,mean,,both,adult,,,,,,2,,,,,
PreservedSpecimen,Pheidole radoskowiskii,Traits IOW,Ratio of inter-ocular width to mesosoma length (standardized by dividing inter-ocular width by Weber's length),9,,mean,,both,adult,,,,,,2,,,,,
PreservedSpecimen,Pheidole radoskowiskii,Traits EL,,6,mm,mean,,both,adult,,,,,,2,,,,,
PreservedSpecimen,Pheidole radoskowiskii,Traits EL,,1,mm,mean,,both,adult,,,,,,2,,,,,
PreservedSpecimen,Pheidole radoskowiskii,Traits P,,1.800,ratio,mean ± SD,,both,adult,,,,,,2,,,,,
PreservedSpecimen,Pheidole radoskowiskii,Traits P,,0.70000,ratio,mean ± SD,,both,adult,,,,,,2,,,,,
PreservedSpecimen,Pheidole radoskowiskii,Traits LEG,Ratio of leg length (combined length of femur and tibia) to mesosoma length (Weber's length),8,,mean,,both,adult,,,,,,2,,,,,
PreservedSpecimen,Pheidole radoskowiskii,Traits LEG,Ratio of leg length (combined length of femur and tibia) to mesosoma length (Weber's length),5,,mean,,both,adult,,,,,,2,,,,,
PreservedSpecimen,Pheidole radoskowiskii,Traits AL,Ratio of antenna (combined funicle and scape) length to mesosoma length,9,,mean,,both,adult,,,,,,2,,,,,
PreservedSpecimen,Pheidole radoskowiskii,Traits AL,Ratio of antenna (combined funicle and scape) length to mesosoma length,6,,mean,,both,adult,,,,,,2,,,,,
PreservedSpecimen,Pheidole radoskowiskii,Traits CL,Ratio of clypeus length to mesosoma length,0.18,,mean,,both,adult,,,,,,P2,,,,,
PreservedSpecimen,Pheidole radoskowiskii,Traits CL,Ratio of clypeus length to mesosoma length,0.0002,,mean,,both,adult,,,,,,P2,,,,,
PreservedSpecimen,Pheidole radoskowiskii,Traits ML,,0.43,ratio,mean and variance,,both,adult,,,,,,P2,,,,,
PreservedSpecimen,Pheidole radoskowiskii,Traits ML,,0.0009,ratio,mean and variance,,both,adult,,,,,,P2,,,,,
PreservedSpecimen,Pheidole radoskowiskii,Traits WL,Measurement of Weber's length (mesosoma length) on the ant worker,0.86,mm,mean ± SE,,both,adult,,,,,,P2,,,,,
PreservedSpecimen,Pheidole radoskowiskii,Traits WL,Measurement of Weber's length (mesosoma length) on the ant worker,0.0005,mm,mean ± SE,,both,adult,,,,,,P2,,,,,
PreservedSpecimen,Pheidole radoskowiskii,Traits IOW,Ratio of inter-ocular width to mesosoma length (standardized by dividing inter-ocular width by Weber's length),0.62,,mean,,both,adult,,,,,,P2,,,,,
PreservedSpecimen,Pheidole radoskowiskii,Traits IOW,Ratio of inter-ocular width to mesosoma length (standardized by dividing inter-ocular width by Weber's length),0.0010,,mean,,both,adult,,,,,,P2,,,,,
PreservedSpecimen,Pheidole radoskowiskii,Traits EL,,0.19,mm,mean,,both,adult,,,,,,P2,,,,,
PreservedSpecimen,Pheidole radoskowiskii,Traits EL,,0.0000,mm,mean,,both,adult,,,,,,P2,,,,,
PreservedSpecimen,Pheidole radoskowiskii,Traits P,,,ratio,mean ± SD,,both,adult,,,,,,P2,,,,,
PreservedSpecimen,Pheidole radoskowiskii,Traits P,,,ratio,mean ± SD,,both,adult,,,,,,P2,,,,,
PreservedSpecimen,Pheidole radoskowiskii,Traits LEG,Ratio of leg length (combined length of femur and tibia) to mesosoma length (Weber's length),1.76,,mean,,both,adult,,,,,,P2,,,,,
PreservedSpecimen,Pheidole radoskowiskii,Traits LEG,Ratio of leg length (combined length of femur and tibia) to mesosoma length (Weber's length),0.0014,,mean,,both,adult,,,,,,P2,,,,,
PreservedSpecimen,Pheidole radoskowiskii,Traits AL,Ratio of antenna (combined funicle and scape) length to mesosoma length,2.24,,mean,,both,adult,,,,,,P2,,,,,
PreservedSpecimen,Pheidole radoskowiskii,Traits AL,Ratio of antenna (combined funicle and scape) length to mesosoma length,0.0032,,mean,,both,adult,,,,,,P2,,,,,
PreservedSpecimen,Pheidole radoskowiskii,Traits CL,Ratio of clypeus length to mesosoma length,4,,mean,,both,adult,,,,,,3,,,,,
PreservedSpecimen,Pheidole radoskowiskii,Traits CL,Ratio of clypeus length to mesosoma length,0,,mean,,both,adult,,,,,,3,,,,,
PreservedSpecimen,Pheidole radoskowiskii,Traits ML,,9,ratio,mean and variance,,both,adult,,,,,,3,,,,,
PreservedSpecimen,Pheidole radoskowiskii,Traits ML,,2,ratio,mean and variance,,both,adult,,,,,,3,,,,,
PreservedSpecimen,Pheidole radoskowiskii,Traits WL,Measurement of Weber's length (mesosoma length) on the ant worker,7,mm,mean ± SE,,both,adult,,,,,,3,,,,,
PreservedSpecimen,Pheidole radoskowiskii,Traits WL,Measurement of Weber's length (mesosoma length) on the ant worker,6,mm,mean ± SE,,both,adult,,,,,,3,,,,,
PreservedSpecimen,Pheidole radoskowiskii,Traits IOW,Ratio of inter-ocular width to mesosoma length (standardized by dividing inter-ocular width by Weber's length),4,,mean,,both,adult,,,,,,3,,,,,
PreservedSpecimen,Pheidole radoskowiskii,Traits IOW,Ratio of inter-ocular width to mesosoma length (standardized by dividing inter-ocular width by Weber's length),9,,mean,,both,adult,,,,,,3,,,,,
PreservedSpecimen,Pheidole radoskowiskii,Traits EL,,2,mm,mean,,both,adult,,,,,,3,,,,,
PreservedSpecimen,Pheidole radoskowiskii,Traits EL,,3,mm,mean,,both,adult,,,,,,3,,,,,
PreservedSpecimen,Pheidole radoskowiskii,Traits P,,3.200,ratio,mean ± SD,,both,adult,,,,,,3,,,,,
PreservedSpecimen,Pheidole radoskowiskii,Traits P,,1.20000,ratio,mean ± SD,,both,adult,,,,,,3,,,,,
PreservedSpecimen,Pheidole radoskowiskii,Traits LEG,Ratio of leg length (combined length of femur and tibia) to mesosoma length (Weber's length),2,,mean,,both,adult,,,,,,3,,,,,
PreservedSpecimen,Pheidole radoskowiskii,Traits LEG,Ratio of leg length (combined length of femur and tibia) to mesosoma length (Weber's length),0,,mean,,both,adult,,,,,,3,,,,,
PreservedSpecimen,Pheidole radoskowiskii,Traits AL,Ratio of antenna (combined funicle and scape) length to mesosoma length,7,,mean,,both,adult,,,,,,3,,,,,
PreservedSpecimen,Pheidole radoskowiskii,Traits AL,Ratio of antenna (combined funicle and scape) length to mesosoma length,8,,mean,,both,adult,,,,,,3,,,,,
PreservedSpecimen,Pheidole radoskowiskii,Traits CL,Ratio of clypeus length to mesosoma length,0.18,,mean,,both,adult,,,,,,P2,,,,,
PreservedSpecimen,Pheidole radoskowiskii,Traits CL,Ratio of clypeus length to mesosoma length,0.0002,,mean,,both,adult,,,,,,P2,,,,,
PreservedSpecimen,Pheidole radoskowiskii,Traits ML,,0.46,ratio,mean and variance,,both,adult,,,,,,P2,,,,,
PreservedSpecimen,Pheidole radoskowiskii,Traits ML,,0.0002,ratio,mean and variance,,both,adult,,,,,,P2,,,,,
PreservedSpecimen,Pheidole radoskowiskii,Traits WL,Measurement of Weber's length (mesosoma length) on the ant worker,0.80,mm,mean ± SE,,both,adult,,,,,,P2,,,,,
PreservedSpecimen,Pheidole radoskowiskii,Traits WL,Measurement of Weber's length (mesosoma length) on the ant worker,0.0030,mm,mean ± SE,,both,adult,,,,,,P2,,,,,
PreservedSpecimen,Pheidole radoskowiskii,Traits IOW,Ratio of inter-ocular width to mesosoma length (standardized by dividing inter-ocular width by Weber's length),0.57,,mean,,both,adult,,,,,,P2,,,,,
PreservedSpecimen,Pheidole radoskowiskii,Traits IOW,Ratio of inter-ocular width to mesosoma length (standardized by dividing inter-ocular width by Weber's length),0.0012,,mean,,both,adult,,,,,,P2,,,,,
PreservedSpecimen,Pheidole radoskowiskii,Traits EL,,0.17,mm,mean,,both,adult,,,,,,P2,,,,,
PreservedSpecimen,Pheidole radoskowiskii,Traits EL,,0.0002,mm,mean,,both,adult,,,,,,P2,,,,,
PreservedSpecimen,Pheidole radoskowiskii,Traits P,,,ratio,mean ± SD,,both,adult,,,,,,P2,,,,,
PreservedSpecimen,Pheidole radoskowiskii,Traits P,,,ratio,mean ± SD,,both,adult,,,,,,P2,,,,,
PreservedSpecimen,Pheidole radoskowiskii,Traits LEG,Ratio of leg length (combined length of femur and tibia) to mesosoma length (Weber's length),1.70,,mean,,both,adult,,,,,,P2,,,,,
PreservedSpecimen,Pheidole radoskowiskii,Traits LEG,Ratio of leg length (combined length of femur and tibia) to mesosoma length (Weber's length),0.0039,,mean,,both,adult,,,,,,P2,,,,,
PreservedSpecimen,Pheidole radoskowiskii,Traits AL,Ratio of antenna (combined funicle and scape) length to mesosoma length,2.25,,mean,,both,adult,,,,,,P2,,,,,
PreservedSpecimen,Pheidole radoskowiskii,Traits AL,Ratio of antenna (combined funicle and scape) length to mesosoma length,0.0049,,mean,,both,adult,,,,,,P2,,,,,
PreservedSpecimen,Pheidole radoskowiskii,Traits CL,Ratio of clypeus length to mesosoma length,2,,mean,,both,adult,,,,,,5,,,,,
PreservedSpecimen,Pheidole radoskowiskii,Traits CL,Ratio of clypeus length to mesosoma length,4,,mean,,both,adult,,,,,,5,,,,,
PreservedSpecimen,Pheidole radoskowiskii,Traits ML,,3,ratio,mean and variance,,both,adult,,,,,,5,,,,,
PreservedSpecimen,Pheidole radoskowiskii,Traits ML,,8,ratio,mean and variance,,both,adult,,,,,,5,,,,,
PreservedSpecimen,Pheidole radoskowiskii,Traits WL,Measurement of Weber's length (mesosoma length) on the ant worker,7,mm,mean ± SE,,both,adult,,,,,,5,,,,,
PreservedSpecimen,Pheidole radoskowiskii,Traits WL,Measurement of Weber's length (mesosoma length) on the ant worker,0,mm,mean ± SE,,both,adult,,,,,,5,,,,,
PreservedSpecimen,Pheidole radoskowiskii,Traits IOW,Ratio of inter-ocular width to mesosoma length (standardized by dividing inter-ocular width by Weber's length),0,,mean,,both,adult,,,,,,5,,,,,
PreservedSpecimen,Pheidole radoskowiskii,Traits IOW,Ratio of inter-ocular width to mesosoma length (standardized by dividing inter-ocular width by Weber's length),8,,mean,,both,adult,,,,,,5,,,,,
PreservedSpecimen,Pheidole radoskowiskii,Traits EL,,4,mm,mean,,both,adult,,,,,,5,,,,,
PreservedSpecimen,Pheidole radoskowiskii,Traits EL,,0,mm,mean,,both,adult,,,,,,5,,,,,
PreservedSpecimen,Pheidole radoskowiskii,Traits P,,1.400,ratio,mean ± SD,,both,adult,,,,,,5,,,,,
PreservedSpecimen,Pheidole radoskowiskii,Traits P,,0.80000,ratio,mean ± SD,,both,adult,,,,,,5,,,,,
PreservedSpecimen,Pheidole radoskowiskii,Traits LEG,Ratio of leg length (combined length of femur and tibia) to mesosoma length (Weber's length),4,,mean,,both,adult,,,,,,5,,,,,
PreservedSpecimen,Pheidole radoskowiskii,Traits LEG,Ratio of leg length (combined length of femur and tibia) to mesosoma length (Weber's length),7,,mean,,both,adult,,,,,,5,,,,,
PreservedSpecimen,Pheidole radoskowiskii,Traits AL,Ratio of antenna (combined funicle and scape) length to mesosoma length,0,,mean,,both,adult,,,,,,5,,,,,
PreservedSpecimen,Pheidole radoskowiskii,Traits AL,Ratio of antenna (combined funicle and scape) length to mesosoma length,5,,mean,,both,adult,,,,,,5,,,,,
PreservedSpecimen,Pheidole radoskowiskii,Traits CL,Ratio of clypeus length to mesosoma length,0.18,,mean,,both,adult,,,,,,P2,,,,,
PreservedSpecimen,Pheidole radoskowiskii,Traits CL,Ratio of clypeus length to mesosoma length,0.0000,,mean,,both,adult,,,,,,P2,,,,,
PreservedSpecimen,Pheidole radoskowiskii,Traits ML,,0.43,ratio,mean and variance,,both,adult,,,,,,P2,,,,,
PreservedSpecimen,Pheidole radoskowiskii,Traits ML,,0.0006,ratio,mean and variance,,both,adult,,,,,,P2,,,,,
PreservedSpecimen,Pheidole radoskowiskii,Traits WL,Measurement of Weber's length (mesosoma length) on the ant worker,0.90,mm,mean ± SE,,both,adult,,,,,,P2,,,,,
PreservedSpecimen,Pheidole radoskowiskii,Traits WL,Measurement of Weber's length (mesosoma length) on the ant worker,0.0007,mm,mean ± SE,,both,adult,,,,,,P2,,,,,
PreservedSpecimen,Pheidole radoskowiskii,Traits IOW,Ratio of inter-ocular width to mesosoma length (standardized by dividing inter-ocular width by Weber's length),0.62,,mean,,both,adult,,,,,,P2,,,,,
PreservedSpecimen,Pheidole radoskowiskii,Traits IOW,Ratio of inter-ocular width to mesosoma length (standardized by dividing inter-ocular width by Weber's length),0.0001,,mean,,both,adult,,,,,,P2,,,,,
PreservedSpecimen,Pheidole radoskowiskii,Traits EL,,0.18,mm,mean,,both,adult,,,,,,P2,,,,,
PreservedSpecimen,Pheidole radoskowiskii,Traits EL,,0.0000,mm,mean,,both,adult,,,,,,P2,,,,,
PreservedSpecimen,Pheidole radoskowiskii,Traits P,,,ratio,mean ± SD,,both,adult,,,,,,P2,,,,,
PreservedSpecimen,Pheidole radoskowiskii,Traits P,,,ratio,mean ± SD,,both,adult,,,,,,P2,,,,,
PreservedSpecimen,Pheidole radoskowiskii,Traits LEG,Ratio of leg length (combined length of femur and tibia) to mesosoma length (Weber's length),1.77,,mean,,both,adult,,,,,,P2,,,,,
PreservedSpecimen,Pheidole radoskowiskii,Traits LEG,Ratio of leg length (combined length of femur and tibia) to mesosoma length (Weber's length),0.0057,,mean,,both,adult,,,,,,P2,,,,,
PreservedSpecimen,Pheidole radoskowiskii,Traits AL,Ratio of antenna (combined funicle and scape) length to mesosoma length,2.22,,mean,,both,adult,,,,,,P2,,,,,
PreservedSpecimen,Pheidole radoskowiskii,Traits AL,Ratio of antenna (combined funicle and scape) length to mesosoma length,0.0027,,mean,,both,adult,,,,,,P2,,,,,
PreservedSpecimen,Pheidole radoskowiskii,Traits CL,Ratio of clypeus length to mesosoma length,4,,mean,,both,adult,,,,,,7,,,,,
PreservedSpecimen,Pheidole radoskowiskii,Traits CL,Ratio of clypeus length to mesosoma length,3,,mean,,both,adult,,,,,,7,,,,,
PreservedSpecimen,Pheidole radoskowiskii,Traits ML,,4,ratio,mean and variance,,both,adult,,,,,,7,,,,,
PreservedSpecimen,Pheidole radoskowiskii,Traits ML,,7,ratio,mean and variance,,both,adult,,,,,,7,,,,,
PreservedSpecimen,Pheidole radoskowiskii,Traits WL,Measurement of Weber's length (mesosoma length) on the ant worker,7,mm,mean ± SE,,both,adult,,,,,,7,,,,,
PreservedSpecimen,Pheidole radoskowiskii,Traits WL,Measurement of Weber's length (mesosoma length) on the ant worker,8,mm,mean ± SE,,both,adult,,,,,,7,,,,,
PreservedSpecimen,Pheidole radoskowiskii,Traits IOW,Ratio of inter-ocular width to mesosoma length (standardized by dividing inter-ocular width by Weber's length),5,,mean,,both,adult,,,,,,7,,,,,
PreservedSpecimen,Pheidole radoskowiskii,Traits IOW,Ratio of inter-ocular width to mesosoma length (standardized by dividing inter-ocular width by Weber's length),9,,mean,,both,adult,,,,,,7,,,,,
PreservedSpecimen,Pheidole radoskowiskii,Traits EL,,4,mm,mean,,both,adult,,,,,,7,,,,,
PreservedSpecimen,Pheidole radoskowiskii,Traits EL,,3,mm,mean,,both,adult,,,,,,7,,,,,
PreservedSpecimen,Pheidole radoskowiskii,Traits P,,3.000,ratio,mean ± SD,,both,adult,,,,,,7,,,,,
PreservedSpecimen,Pheidole radoskowiskii,Traits P,,0.50000,ratio,mean ± SD,,both,adult,,,,,,7,,,,,
PreservedSpecimen,Pheidole radoskowiskii,Traits LEG,Ratio of leg length (combined length of femur and tibia) to mesosoma length (Weber's length),3,,mean,,both,adult,,,,,,7,,,,,
PreservedSpecimen,Pheidole radoskowiskii,Traits LEG,Ratio of leg length (combined length of femur and tibia) to mesosoma length (Weber's length),3,,mean,,both,adult,,,,,,7,,,,,
PreservedSpecimen,Pheidole radoskowiskii,Traits AL,Ratio of antenna (combined funicle and scape) length to mesosoma length,2,,mean,,both,adult,,,,,,7,,,,,
PreservedSpecimen,Pheidole radoskowiskii,Traits AL,Ratio of antenna (combined funicle and scape) length to mesosoma length,8,,mean,,both,adult,,,,,,7,,,,,
PreservedSpecimen,Pheidole radoskowiskii,Traits CL,Ratio of clypeus length to mesosoma length,0.19,,mean,,both,adult,,,,,,P2,,,,,
PreservedSpecimen,Pheidole radoskowiskii,Traits CL,Ratio of clypeus length to mesosoma length,0.0000,,mean,,both,adult,,,,,,P2,,,,,
PreservedSpecimen,Pheidole radoskowiskii,Traits ML,,0.43,ratio,mean and variance,,both,adult,,,,,,P2,,,,,
PreservedSpecimen,Pheidole radoskowiskii,Traits ML,,0.0004,ratio,mean and variance,,both,adult,,,,,,P2,,,,,
PreservedSpecimen,Pheidole radoskowiskii,Traits WL,Measurement of Weber's length (mesosoma length) on the ant worker,0.86,mm,mean ± SE,,both,adult,,,,,,P2,,,,,
PreservedSpecimen,Pheidole radoskowiskii,Traits WL,Measurement of Weber's length (mesosoma length) on the ant worker,0.0005,mm,mean ± SE,,both,adult,,,,,,P2,,,,,
PreservedSpecimen,Pheidole radoskowiskii,Traits IOW,Ratio of inter-ocular width to mesosoma length (standardized by dividing inter-ocular width by Weber's length),0.61,,mean,,both,adult,,,,,,P2,,,,,
PreservedSpecimen,Pheidole radoskowiskii,Traits IOW,Ratio of inter-ocular width to mesosoma length (standardized by dividing inter-ocular width by Weber's length),0.0010,,mean,,both,adult,,,,,,P2,,,,,
PreservedSpecimen,Pheidole radoskowiskii,Traits EL,,0.19,mm,mean,,both,adult,,,,,,P2,,,,,
PreservedSpecimen,Pheidole radoskowiskii,Traits EL,,0.0000,mm,mean,,both,adult,,,,,,P2,,,,,
PreservedSpecimen,Pheidole radoskowiskii,Traits P,,,ratio,mean ± SD,,both,adult,,,,,,P2,,,,,
PreservedSpecimen,Pheidole radoskowiskii,Traits P,,,ratio,mean ± SD,,both,adult,,,,,,P2,,,,,
PreservedSpecimen,Pheidole radoskowiskii,Traits LEG,Ratio of leg length (combined length of femur and tibia) to mesosoma length (Weber's length),1.73,,mean,,both,adult,,,,,,P2,,,,,
PreservedSpecimen,Pheidole radoskowiskii,Traits LEG,Ratio of leg length (combined length of femur and tibia) to mesosoma length (Weber's length),0.0020,,mean,,both,adult,,,,,,P2,,,,,
PreservedSpecimen,Pheidole radoskowiskii,Traits AL,Ratio of antenna (combined funicle and scape) length to mesosoma length,2.25,,mean,,both,adult,,,,,,P2,,,,,
PreservedSpecimen,Pheidole radoskowiskii,Traits AL,Ratio of antenna (combined funicle and scape) length to mesosoma length,0.0114,,mean,,both,adult,,,,,,P2,,,,,
PreservedSpecimen,Pheidole radoskowiskii,Traits CL,Ratio of clypeus length to mesosoma length,2,,mean,,both,adult,,,,,,8,,,,,
PreservedSpecimen,Pheidole radoskowiskii,Traits CL,Ratio of clypeus length to mesosoma length,3,,mean,,both,adult,,,,,,8,,,,,
PreservedSpecimen,Pheidole radoskowiskii,Traits ML,,1,ratio,mean and variance,,both,adult,,,,,,8,,,,,
PreservedSpecimen,Pheidole radoskowiskii,Traits ML,,2,ratio,mean and variance,,both,adult,,,,,,8,,,,,
PreservedSpecimen,Pheidole radoskowiskii,Traits WL,Measurement of Weber's length (mesosoma length) on the ant worker,7,mm,mean ± SE,,both,adult,,,,,,8,,,,,
PreservedSpecimen,Pheidole radoskowiskii,Traits WL,Measurement of Weber's length (mesosoma length) on the ant worker,6,mm,mean ± SE,,both,adult,,,,,,8,,,,,
PreservedSpecimen,Pheidole radoskowiskii,Traits IOW,Ratio of inter-ocular width to mesosoma length (standardized by dividing inter-ocular width by Weber's length),6,,mean,,both,adult,,,,,,8,,,,,
PreservedSpecimen,Pheidole radoskowiskii,Traits IOW,Ratio of inter-ocular width to mesosoma length (standardized by dividing inter-ocular width by Weber's length),2,,mean,,both,adult,,,,,,8,,,,,
PreservedSpecimen,Pheidole radoskowiskii,Traits EL,,2,mm,mean,,both,adult,,,,,,8,,,,,
PreservedSpecimen,Pheidole radoskowiskii,Traits EL,,3,mm,mean,,both,adult,,,,,,8,,,,,
PreservedSpecimen,Pheidole radoskowiskii,Traits P,,3.200,ratio,mean ± SD,,both,adult,,,,,,8,,,,,
PreservedSpecimen,Pheidole radoskowiskii,Traits P,,1.70000,ratio,mean ± SD,,both,adult,,,,,,8,,,,,
PreservedSpecimen,Pheidole radoskowiskii,Traits LEG,Ratio of leg length (combined length of femur and tibia) to mesosoma length (Weber's length),9,,mean,,both,adult,,,,,,8,,,,,
PreservedSpecimen,Pheidole radoskowiskii,Traits LEG,Ratio of leg length (combined length of femur and tibia) to mesosoma length (Weber's length),3,,mean,,both,adult,,,,,,8,,,,,
PreservedSpecimen,Pheidole radoskowiskii,Traits AL,Ratio of antenna (combined funicle and scape) length to mesosoma length,6,,mean,,both,adult,,,,,,8,,,,,
PreservedSpecimen,Pheidole radoskowiskii,Traits AL,Ratio of antenna (combined funicle and scape) length to mesosoma length,1,,mean,,both,adult,,,,,,8,,,,,
PreservedSpecimen,Pheidole radoskowiskii,Traits CL,Ratio of clypeus length to mesosoma length,0.18,,mean,,both,adult,,,,,,P3,,,,,
PreservedSpecimen,Pheidole radoskowiskii,Traits CL,Ratio of clypeus length to mesosoma length,0.0002,,mean,,both,adult,,,,,,P3,,,,,
PreservedSpecimen,Pheidole radoskowiskii,Traits ML,,0.42,ratio,mean and variance,,both,adult,,,,,,P3,,,,,
PreservedSpecimen,Pheidole radoskowiskii,Traits ML,,0.0006,ratio,mean and variance,,both,adult,,,,,,P3,,,,,
PreservedSpecimen,Pheidole radoskowiskii,Traits WL,Measurement of Weber's length (mesosoma length) on the ant worker,0.85,mm,mean ± SE,,both,adult,,,,,,P3,,,,,
PreservedSpecimen,Pheidole radoskowiskii,Traits WL,Measurement of Weber's length (mesosoma length) on the ant worker,0.0025,mm,mean ± SE,,both,adult,,,,,,P3,,,,,
PreservedSpecimen,Pheidole radoskowiskii,Traits IOW,Ratio of inter-ocular width to mesosoma length (standardized by dividing inter-ocular width by Weber's length),0.60,,mean,,both,adult,,,,,,P3,,,,,
PreservedSpecimen,Pheidole radoskowiskii,Traits IOW,Ratio of inter-ocular width to mesosoma length (standardized by dividing inter-ocular width by Weber's length),0.0012,,mean,,both,adult,,,,,,P3,,,,,
PreservedSpecimen,Pheidole radoskowiskii,Traits EL,,0.18,mm,mean,,both,adult,,,,,,P3,,,,,
PreservedSpecimen,Pheidole radoskowiskii,Traits EL,,0.0002,mm,mean,,both,adult,,,,,,P3,,,,,
PreservedSpecimen,Pheidole radoskowiskii,Traits P,,,ratio,mean ± SD,,both,adult,,,,,,P3,,,,,
PreservedSpecimen,Pheidole radoskowiskii,Traits P,,,ratio,mean ± SD,,both,adult,,,,,,P3,,,,,
PreservedSpecimen,Pheidole radoskowiskii,Traits LEG,Ratio of leg length (combined length of femur and tibia) to mesosoma length (Weber's length),1.80,,mean,,both,adult,,,,,,P3,,,,,
PreservedSpecimen,Pheidole radoskowiskii,Traits LEG,Ratio of leg length (combined length of femur and tibia) to mesosoma length (Weber's length),0.0028,,mean,,both,adult,,,,,,P3,,,,,
PreservedSpecimen,Pheidole radoskowiskii,Traits AL,Ratio of antenna (combined funicle and scape) length to mesosoma length,2.29,,mean,,both,adult,,,,,,P3,,,,,
PreservedSpecimen,Pheidole radoskowiskii,Traits AL,Ratio of antenna (combined funicle and scape) length to mesosoma length,0.0144,,mean,,both,adult,,,,,,P3,,,,,
PreservedSpecimen,Pheidole radoskowiskii,Traits CL,Ratio of clypeus length to mesosoma length,0,,mean,,both,adult,,,,,,0,,,,,
PreservedSpecimen,Pheidole radoskowiskii,Traits CL,Ratio of clypeus length to mesosoma length,8,,mean,,both,adult,,,,,,0,,,,,
PreservedSpecimen,Pheidole radoskowiskii,Traits ML,,9,ratio,mean and variance,,both,adult,,,,,,0,,,,,
PreservedSpecimen,Pheidole radoskowiskii,Traits ML,,0,ratio,mean and variance,,both,adult,,,,,,0,,,,,
PreservedSpecimen,Pheidole radoskowiskii,Traits WL,Measurement of Weber's length (mesosoma length) on the ant worker,3,mm,mean ± SE,,both,adult,,,,,,0,,,,,
PreservedSpecimen,Pheidole radoskowiskii,Traits WL,Measurement of Weber's length (mesosoma length) on the ant worker,6,mm,mean ± SE,,both,adult,,,,,,0,,,,,
PreservedSpecimen,Pheidole radoskowiskii,Traits IOW,Ratio of inter-ocular width to mesosoma length (standardized by dividing inter-ocular width by Weber's length),2,,mean,,both,adult,,,,,,0,,,,,
PreservedSpecimen,Pheidole radoskowiskii,Traits IOW,Ratio of inter-ocular width to mesosoma length (standardized by dividing inter-ocular width by Weber's length),1,,mean,,both,adult,,,,,,0,,,,,
PreservedSpecimen,Pheidole radoskowiskii,Traits EL,,8,mm,mean,,both,adult,,,,,,0,,,,,
PreservedSpecimen,Pheidole radoskowiskii,Traits EL,,1,mm,mean,,both,adult,,,,,,0,,,,,
PreservedSpecimen,Pheidole radoskowiskii,Traits P,,2.800,ratio,mean ± SD,,both,adult,,,,,,0,,,,,
PreservedSpecimen,Pheidole radoskowiskii,Traits P,,2.70000,ratio,mean ± SD,,both,adult,,,,,,0,,,,,
PreservedSpecimen,Pheidole radoskowiskii,Traits LEG,Ratio of leg length (combined length of femur and tibia) to mesosoma length (Weber's length),5,,mean,,both,adult,,,,,,0,,,,,
PreservedSpecimen,Pheidole radoskowiskii,Traits LEG,Ratio of leg length (combined length of femur and tibia) to mesosoma length (Weber's length),3,,mean,,both,adult,,,,,,0,,,,,
PreservedSpecimen,Pheidole radoskowiskii,Traits AL,Ratio of antenna (combined funicle and scape) length to mesosoma length,3,,mean,,both,adult,,,,,,0,,,,,
PreservedSpecimen,Pheidole radoskowiskii,Traits AL,Ratio of antenna (combined funicle and scape) length to mesosoma length,4,,mean,,both,adult,,,,,,0,,,,,
PreservedSpecimen,Dorymyrmex,Traits CL,Ratio of clypeus length to mesosoma length,0.153,,mean,,both,adult,,,,,,P04,,,,,
PreservedSpecimen,Dorymyrmex,Traits CL,Ratio of clypeus length to mesosoma length,0.00001,,mean,,both,adult,,,,,,P04,,,,,
PreservedSpecimen,Dorymyrmex,Traits ML,,0.352,ratio,mean and variance,,both,adult,,,,,,P04,,,,,
PreservedSpecimen,Dorymyrmex,Traits ML,,0.00070,ratio,mean and variance,,both,adult,,,,,,P04,,,,,
PreservedSpecimen,Dorymyrmex,Traits WL,Measurement of Weber's length (mesosoma length) on the ant worker,1.307,mm,mean ± SE,,both,adult,,,,,,P04,,,,,
PreservedSpecimen,Dorymyrmex,Traits WL,Measurement of Weber's length (mesosoma length) on the ant worker,0.00078,mm,mean ± SE,,both,adult,,,,,,P04,,,,,
PreservedSpecimen,Dorymyrmex,Traits IOW,Ratio of inter-ocular width to mesosoma length (standardized by dividing inter-ocular width by Weber's length),0.275,,mean,,both,adult,,,,,,P04,,,,,
PreservedSpecimen,Dorymyrmex,Traits IOW,Ratio of inter-ocular width to mesosoma length (standardized by dividing inter-ocular width by Weber's length),0.00038,,mean,,both,adult,,,,,,P04,,,,,
PreservedSpecimen,Dorymyrmex,Traits EL,,0.163,mm,mean,,both,adult,,,,,,P04,,,,,
PreservedSpecimen,Dorymyrmex,Traits EL,,0.00012,mm,mean,,both,adult,,,,,,P04,,,,,
PreservedSpecimen,Dorymyrmex,Traits P,,0.000,ratio,mean ± SD,,both,adult,,,,,,P04,,,,,
PreservedSpecimen,Dorymyrmex,Traits P,,0.00000,ratio,mean ± SD,,both,adult,,,,,,P04,,,,,
PreservedSpecimen,Dorymyrmex,Traits LEG,Ratio of leg length (combined length of femur and tibia) to mesosoma length (Weber's length),1.89,,mean,,both,adult,,,,,,P04,,,,,
PreservedSpecimen,Dorymyrmex,Traits LEG,Ratio of leg length (combined length of femur and tibia) to mesosoma length (Weber's length),0.00303,,mean,,both,adult,,,,,,P04,,,,,
PreservedSpecimen,Dorymyrmex,Traits AL,Ratio of antenna (combined funicle and scape) length to mesosoma length,1.910,,mean,,both,adult,,,,,,P04,,,,,
PreservedSpecimen,Dorymyrmex,Traits AL,Ratio of antenna (combined funicle and scape) length to mesosoma length,0.00109,,mean,,both,adult,,,,,,P04,,,,,
PreservedSpecimen,thoracicus,Traits CL,Ratio of clypeus length to mesosoma length,0.13,,mean,,both,adult,,,,,,P1,,,,,
PreservedSpecimen,thoracicus,Traits CL,Ratio of clypeus length to mesosoma length,0.0002,,mean,,both,adult,,,,,,P1,,,,,
PreservedSpecimen,thoracicus,Traits ML,,0.36,ratio,mean and variance,,both,adult,,,,,,P1,,,,,
PreservedSpecimen,thoracicus,Traits ML,,0.0001,ratio,mean and variance,,both,adult,,,,,,P1,,,,,
PreservedSpecimen,thoracicus,Traits WL,Measurement of Weber's length (mesosoma length) on the ant worker,1.12,mm,mean ± SE,,both,adult,,,,,,P1,,,,,
PreservedSpecimen,thoracicus,Traits WL,Measurement of Weber's length (mesosoma length) on the ant worker,0.0018,mm,mean ± SE,,both,adult,,,,,,P1,,,,,
PreservedSpecimen,thoracicus,Traits IOW,Ratio of inter-ocular width to mesosoma length (standardized by dividing inter-ocular width by Weber's length),0.27,,mean,,both,adult,,,,,,P1,,,,,
PreservedSpecimen,thoracicus,Traits IOW,Ratio of inter-ocular width to mesosoma length (standardized by dividing inter-ocular width by Weber's length),0.0001,,mean,,both,adult,,,,,,P1,,,,,
PreservedSpecimen,thoracicus,Traits EL,,0.16,mm,mean,,both,adult,,,,,,P1,,,,,
PreservedSpecimen,thoracicus,Traits EL,,0.0003,mm,mean,,both,adult,,,,,,P1,,,,,
PreservedSpecimen,thoracicus,Traits P,,,ratio,mean ± SD,,both,adult,,,,,,P1,,,,,
PreservedSpecimen,thoracicus,Traits P,,,ratio,mean ± SD,,both,adult,,,,,,P1,,,,,
PreservedSpecimen,thoracicus,Traits LEG,Ratio of leg length (combined length of femur and tibia) to mesosoma length (Weber's length),,,mean,,both,adult,,,,,,P1,,,,,
PreservedSpecimen,thoracicus,Traits LEG,Ratio of leg length (combined length of femur and tibia) to mesosoma length (Weber's length),1.88,,mean,,both,adult,,,,,,P1,,,,,
PreservedSpecimen,thoracicus,Traits AL,Ratio of antenna (combined funicle and scape) length to mesosoma length,0.0114,,mean,,both,adult,,,,,,P1,,,,,
PreservedSpecimen,thoracicus,Traits AL,Ratio of antenna (combined funicle and scape) length to mesosoma length,2.04,,mean,,both,adult,,,,,,P1,,,,,
PreservedSpecimen,thoracicus,Traits CL,Ratio of clypeus length to mesosoma length,0,,mean,,both,adult,,,,,,5,,,,,
PreservedSpecimen,thoracicus,Traits CL,Ratio of clypeus length to mesosoma length,0,,mean,,both,adult,,,,,,5,,,,,
PreservedSpecimen,thoracicus,Traits ML,,1,ratio,mean and variance,,both,adult,,,,,,5,,,,,
PreservedSpecimen,thoracicus,Traits ML,,8,ratio,mean and variance,,both,adult,,,,,,5,,,,,
PreservedSpecimen,thoracicus,Traits WL,Measurement of Weber's length (mesosoma length) on the ant worker,7,mm,mean ± SE,,both,adult,,,,,,5,,,,,
PreservedSpecimen,thoracicus,Traits WL,Measurement of Weber's length (mesosoma length) on the ant worker,9,mm,mean ± SE,,both,adult,,,,,,5,,,,,
PreservedSpecimen,thoracicus,Traits IOW,Ratio of inter-ocular width to mesosoma length (standardized by dividing inter-ocular width by Weber's length),2,,mean,,both,adult,,,,,,5,,,,,
PreservedSpecimen,thoracicus,Traits IOW,Ratio of inter-ocular width to mesosoma length (standardized by dividing inter-ocular width by Weber's length),4,,mean,,both,adult,,,,,,5,,,,,
PreservedSpecimen,thoracicus,Traits EL,,6,mm,mean,,both,adult,,,,,,5,,,,,
PreservedSpecimen,thoracicus,Traits EL,,4,mm,mean,,both,adult,,,,,,5,,,,,
PreservedSpecimen,thoracicus,Traits P,,0.000,ratio,mean ± SD,,both,adult,,,,,,5,,,,,
PreservedSpecimen,thoracicus,Traits P,,0.00000,ratio,mean ± SD,,both,adult,,,,,,5,,,,,
PreservedSpecimen,thoracicus,Traits LEG,Ratio of leg length (combined length of femur and tibia) to mesosoma length (Weber's length),9,,mean,,both,adult,,,,,,5,,,,,
PreservedSpecimen,thoracicus,Traits LEG,Ratio of leg length (combined length of femur and tibia) to mesosoma length (Weber's length),1,,mean,,both,adult,,,,,,5,,,,,
PreservedSpecimen,thoracicus,Traits AL,Ratio of antenna (combined funicle and scape) length to mesosoma length,9,,mean,,both,adult,,,,,,5,,,,,
PreservedSpecimen,thoracicus,Traits AL,Ratio of antenna (combined funicle and scape) length to mesosoma length,6,,mean,,both,adult,,,,,,5,,,,,
PreservedSpecimen,thoracicus,Traits CL,Ratio of clypeus length to mesosoma length,0.12,,mean,,both,adult,,,,,,P1,,,,,
PreservedSpecimen,thoracicus,Traits CL,Ratio of clypeus length to mesosoma length,0.0000,,mean,,both,adult,,,,,,P1,,,,,
PreservedSpecimen,thoracicus,Traits ML,,0.36,ratio,mean and variance,,both,adult,,,,,,P1,,,,,
PreservedSpecimen,thoracicus,Traits ML,,0.0001,ratio,mean and variance,,both,adult,,,,,,P1,,,,,
PreservedSpecimen,thoracicus,Traits WL,Measurement of Weber's length (mesosoma length) on the ant worker,1.31,mm,mean ± SE,,both,adult,,,,,,P1,,,,,
PreservedSpecimen,thoracicus,Traits WL,Measurement of Weber's length (mesosoma length) on the ant worker,0.0008,mm,mean ± SE,,both,adult,,,,,,P1,,,,,
PreservedSpecimen,thoracicus,Traits IOW,Ratio of inter-ocular width to mesosoma length (standardized by dividing inter-ocular width by Weber's length),0.26,,mean,,both,adult,,,,,,P1,,,,,
PreservedSpecimen,thoracicus,Traits IOW,Ratio of inter-ocular width to mesosoma length (standardized by dividing inter-ocular width by Weber's length),0.0002,,mean,,both,adult,,,,,,P1,,,,,
PreservedSpecimen,thoracicus,Traits EL,,0.15,mm,mean,,both,adult,,,,,,P1,,,,,
PreservedSpecimen,thoracicus,Traits EL,,0.0002,mm,mean,,both,adult,,,,,,P1,,,,,
PreservedSpecimen,thoracicus,Traits P,,,ratio,mean ± SD,,both,adult,,,,,,P1,,,,,
PreservedSpecimen,thoracicus,Traits P,,,ratio,mean ± SD,,both,adult,,,,,,P1,,,,,
PreservedSpecimen,thoracicus,Traits LEG,Ratio of leg length (combined length of femur and tibia) to mesosoma length (Weber's length),,,mean,,both,adult,,,,,,P1,,,,,
PreservedSpecimen,thoracicus,Traits LEG,Ratio of leg length (combined length of femur and tibia) to mesosoma length (Weber's length),1.85,,mean,,both,adult,,,,,,P1,,,,,
PreservedSpecimen,thoracicus,Traits AL,Ratio of antenna (combined funicle and scape) length to mesosoma length,0.0113,,mean,,both,adult,,,,,,P1,,,,,
PreservedSpecimen,thoracicus,Traits AL,Ratio of antenna (combined funicle and scape) length to mesosoma length,1.95,,mean,,both,adult,,,,,,P1,,,,,
PreservedSpecimen,thoracicus,Traits CL,Ratio of clypeus length to mesosoma length,7,,mean,,both,adult,,,,,,6,,,,,
PreservedSpecimen,thoracicus,Traits CL,Ratio of clypeus length to mesosoma length,1,,mean,,both,adult,,,,,,6,,,,,
PreservedSpecimen,thoracicus,Traits ML,,0,ratio,mean and variance,,both,adult,,,,,,6,,,,,
PreservedSpecimen,thoracicus,Traits ML,,2,ratio,mean and variance,,both,adult,,,,,,6,,,,,
PreservedSpecimen,thoracicus,Traits WL,Measurement of Weber's length (mesosoma length) on the ant worker,3,mm,mean ± SE,,both,adult,,,,,,6,,,,,
PreservedSpecimen,thoracicus,Traits WL,Measurement of Weber's length (mesosoma length) on the ant worker,9,mm,mean ± SE,,both,adult,,,,,,6,,,,,
PreservedSpecimen,thoracicus,Traits IOW,Ratio of inter-ocular width to mesosoma length (standardized by dividing inter-ocular width by Weber's length),9,,mean,,both,adult,,,,,,6,,,,,
PreservedSpecimen,thoracicus,Traits IOW,Ratio of inter-ocular width to mesosoma length (standardized by dividing inter-ocular width by Weber's length),5,,mean,,both,adult,,,,,,6,,,,,
PreservedSpecimen,thoracicus,Traits EL,,8,mm,mean,,both,adult,,,,,,6,,,,,
PreservedSpecimen,thoracicus,Traits EL,,2,mm,mean,,both,adult,,,,,,6,,,,,
PreservedSpecimen,thoracicus,Traits P,,0.000,ratio,mean ± SD,,both,adult,,,,,,6,,,,,
PreservedSpecimen,thoracicus,Traits P,,0.00000,ratio,mean ± SD,,both,adult,,,,,,6,,,,,
PreservedSpecimen,thoracicus,Traits LEG,Ratio of leg length (combined length of femur and tibia) to mesosoma length (Weber's length),4,,mean,,both,adult,,,,,,6,,,,,
PreservedSpecimen,thoracicus,Traits LEG,Ratio of leg length (combined length of femur and tibia) to mesosoma length (Weber's length),9,,mean,,both,adult,,,,,,6,,,,,
PreservedSpecimen,thoracicus,Traits AL,Ratio of antenna (combined funicle and scape) length to mesosoma length,0,,mean,,both,adult,,,,,,6,,,,,
PreservedSpecimen,thoracicus,Traits AL,Ratio of antenna (combined funicle and scape) length to mesosoma length,7,,mean,,both,adult,,,,,,6,,,,,
PreservedSpecimen,thoracicus,Traits CL,Ratio of clypeus length to mesosoma length,0.12,,mean,,both,adult,,,,,,P2,,,,,
PreservedSpecimen,thoracicus,Traits CL,Ratio of clypeus length to mesosoma length,0.0000,,mean,,both,adult,,,,,,P2,,,,,
PreservedSpecimen,thoracicus,Traits ML,,0.36,ratio,mean and variance,,both,adult,,,,,,P2,,,,,
PreservedSpecimen,thoracicus,Traits ML,,0.0002,ratio,mean and variance,,both,adult,,,,,,P2,,,,,
PreservedSpecimen,thoracicus,Traits WL,Measurement of Weber's length (mesosoma length) on the ant worker,1.31,mm,mean ± SE,,both,adult,,,,,,P2,,,,,
PreservedSpecimen,thoracicus,Traits WL,Measurement of Weber's length (mesosoma length) on the ant worker,0.0036,mm,mean ± SE,,both,adult,,,,,,P2,,,,,
PreservedSpecimen,thoracicus,Traits IOW,Ratio of inter-ocular width to mesosoma length (standardized by dividing inter-ocular width by Weber's length),0.27,,mean,,both,adult,,,,,,P2,,,,,
PreservedSpecimen,thoracicus,Traits IOW,Ratio of inter-ocular width to mesosoma length (standardized by dividing inter-ocular width by Weber's length),0.0001,,mean,,both,adult,,,,,,P2,,,,,
PreservedSpecimen,thoracicus,Traits EL,,0.16,mm,mean,,both,adult,,,,,,P2,,,,,
PreservedSpecimen,thoracicus,Traits EL,,0.0001,mm,mean,,both,adult,,,,,,P2,,,,,
PreservedSpecimen,thoracicus,Traits P,,,ratio,mean ± SD,,both,adult,,,,,,P2,,,,,
PreservedSpecimen,thoracicus,Traits P,,,ratio,mean ± SD,,both,adult,,,,,,P2,,,,,
PreservedSpecimen,thoracicus,Traits LEG,Ratio of leg length (combined length of femur and tibia) to mesosoma length (Weber's length),,,mean,,both,adult,,,,,,P2,,,,,
PreservedSpecimen,thoracicus,Traits LEG,Ratio of leg length (combined length of femur and tibia) to mesosoma length (Weber's length),1.86,,mean,,both,adult,,,,,,P2,,,,,
PreservedSpecimen,thoracicus,Traits AL,Ratio of antenna (combined funicle and scape) length to mesosoma length,0.0025,,mean,,both,adult,,,,,,P2,,,,,
PreservedSpecimen,thoracicus,Traits AL,Ratio of antenna (combined funicle and scape) length to mesosoma length,1.99,,mean,,both,adult,,,,,,P2,,,,,
PreservedSpecimen,thoracicus,Traits CL,Ratio of clypeus length to mesosoma length,7,,mean,,both,adult,,,,,,2,,,,,
PreservedSpecimen,thoracicus,Traits CL,Ratio of clypeus length to mesosoma length,4,,mean,,both,adult,,,,,,2,,,,,
PreservedSpecimen,thoracicus,Traits ML,,1,ratio,mean and variance,,both,adult,,,,,,2,,,,,
PreservedSpecimen,thoracicus,Traits ML,,2,ratio,mean and variance,,both,adult,,,,,,2,,,,,
PreservedSpecimen,thoracicus,Traits WL,Measurement of Weber's length (mesosoma length) on the ant worker,3,mm,mean ± SE,,both,adult,,,,,,2,,,,,
PreservedSpecimen,thoracicus,Traits WL,Measurement of Weber's length (mesosoma length) on the ant worker,7,mm,mean ± SE,,both,adult,,,,,,2,,,,,
PreservedSpecimen,thoracicus,Traits IOW,Ratio of inter-ocular width to mesosoma length (standardized by dividing inter-ocular width by Weber's length),9,,mean,,both,adult,,,,,,2,,,,,
PreservedSpecimen,thoracicus,Traits IOW,Ratio of inter-ocular width to mesosoma length (standardized by dividing inter-ocular width by Weber's length),3,,mean,,both,adult,,,,,,2,,,,,
PreservedSpecimen,thoracicus,Traits EL,,2,mm,mean,,both,adult,,,,,,2,,,,,
PreservedSpecimen,thoracicus,Traits EL,,3,mm,mean,,both,adult,,,,,,2,,,,,
PreservedSpecimen,thoracicus,Traits P,,0.000,ratio,mean ± SD,,both,adult,,,,,,2,,,,,
PreservedSpecimen,thoracicus,Traits P,,0.00000,ratio,mean ± SD,,both,adult,,,,,,2,,,,,
PreservedSpecimen,thoracicus,Traits LEG,Ratio of leg length (combined length of femur and tibia) to mesosoma length (Weber's length),3,,mean,,both,adult,,,,,,2,,,,,
PreservedSpecimen,thoracicus,Traits LEG,Ratio of leg length (combined length of femur and tibia) to mesosoma length (Weber's length),5,,mean,,both,adult,,,,,,2,,,,,
PreservedSpecimen,thoracicus,Traits AL,Ratio of antenna (combined funicle and scape) length to mesosoma length,2,,mean,,both,adult,,,,,,2,,,,,
PreservedSpecimen,thoracicus,Traits AL,Ratio of antenna (combined funicle and scape) length to mesosoma length,6,,mean,,both,adult,,,,,,2,,,,,
PreservedSpecimen,thoracicus,Traits CL,Ratio of clypeus length to mesosoma length,0.14,,mean,,both,adult,,,,,,P2,,,,,
PreservedSpecimen,thoracicus,Traits CL,Ratio of clypeus length to mesosoma length,0.0000,,mean,,both,adult,,,,,,P2,,,,,
PreservedSpecimen,thoracicus,Traits ML,,0.36,ratio,mean and variance,,both,adult,,,,,,P2,,,,,
PreservedSpecimen,thoracicus,Traits ML,,0.0001,ratio,mean and variance,,both,adult,,,,,,P2,,,,,
PreservedSpecimen,thoracicus,Traits WL,Measurement of Weber's length (mesosoma length) on the ant worker,1.18,mm,mean ± SE,,both,adult,,,,,,P2,,,,,
PreservedSpecimen,thoracicus,Traits WL,Measurement of Weber's length (mesosoma length) on the ant worker,0.0014,mm,mean ± SE,,both,adult,,,,,,P2,,,,,
PreservedSpecimen,thoracicus,Traits IOW,Ratio of inter-ocular width to mesosoma length (standardized by dividing inter-ocular width by Weber's length),0.27,,mean,,both,adult,,,,,,P2,,,,,
PreservedSpecimen,thoracicus,Traits IOW,Ratio of inter-ocular width to mesosoma length (standardized by dividing inter-ocular width by Weber's length),0.0005,,mean,,both,adult,,,,,,P2,,,,,
PreservedSpecimen,thoracicus,Traits EL,,0.16,mm,mean,,both,adult,,,,,,P2,,,,,
PreservedSpecimen,thoracicus,Traits EL,,0.0000,mm,mean,,both,adult,,,,,,P2,,,,,
PreservedSpecimen,thoracicus,Traits P,,,ratio,mean ± SD,,both,adult,,,,,,P2,,,,,
PreservedSpecimen,thoracicus,Traits P,,,ratio,mean ± SD,,both,adult,,,,,,P2,,,,,
PreservedSpecimen,thoracicus,Traits LEG,Ratio of leg length (combined length of femur and tibia) to mesosoma length (Weber's length),,,mean,,both,adult,,,,,,P2,,,,,
PreservedSpecimen,thoracicus,Traits LEG,Ratio of leg length (combined length of femur and tibia) to mesosoma length (Weber's length),1.87,,mean,,both,adult,,,,,,P2,,,,,
PreservedSpecimen,thoracicus,Traits AL,Ratio of antenna (combined funicle and scape) length to mesosoma length,0.0029,,mean,,both,adult,,,,,,P2,,,,,
PreservedSpecimen,thoracicus,Traits AL,Ratio of antenna (combined funicle and scape) length to mesosoma length,2.02,,mean,,both,adult,,,,,,P2,,,,,
PreservedSpecimen,thoracicus,Traits CL,Ratio of clypeus length to mesosoma length,1,,mean,,both,adult,,,,,,5,,,,,
PreservedSpecimen,thoracicus,Traits CL,Ratio of clypeus length to mesosoma length,2,,mean,,both,adult,,,,,,5,,,,,
PreservedSpecimen,thoracicus,Traits ML,,5,ratio,mean and variance,,both,adult,,,,,,5,,,,,
PreservedSpecimen,thoracicus,Traits ML,,4,ratio,mean and variance,,both,adult,,,,,,5,,,,,
PreservedSpecimen,thoracicus,Traits WL,Measurement of Weber's length (mesosoma length) on the ant worker,7,mm,mean ± SE,,both,adult,,,,,,5,,,,,
PreservedSpecimen,thoracicus,Traits WL,Measurement of Weber's length (mesosoma length) on the ant worker,4,mm,mean ± SE,,both,adult,,,,,,5,,,,,
PreservedSpecimen,thoracicus,Traits IOW,Ratio of inter-ocular width to mesosoma length (standardized by dividing inter-ocular width by Weber's length),5,,mean,,both,adult,,,,,,5,,,,,
PreservedSpecimen,thoracicus,Traits IOW,Ratio of inter-ocular width to mesosoma length (standardized by dividing inter-ocular width by Weber's length),4,,mean,,both,adult,,,,,,5,,,,,
PreservedSpecimen,thoracicus,Traits EL,,9,mm,mean,,both,adult,,,,,,5,,,,,
PreservedSpecimen,thoracicus,Traits EL,,3,mm,mean,,both,adult,,,,,,5,,,,,
PreservedSpecimen,thoracicus,Traits P,,0.000,ratio,mean ± SD,,both,adult,,,,,,5,,,,,
PreservedSpecimen,thoracicus,Traits P,,0.00000,ratio,mean ± SD,,both,adult,,,,,,5,,,,,
PreservedSpecimen,thoracicus,Traits LEG,Ratio of leg length (combined length of femur and tibia) to mesosoma length (Weber's length),2,,mean,,both,adult,,,,,,5,,,,,
PreservedSpecimen,thoracicus,Traits LEG,Ratio of leg length (combined length of femur and tibia) to mesosoma length (Weber's length),2,,mean,,both,adult,,,,,,5,,,,,
PreservedSpecimen,thoracicus,Traits AL,Ratio of antenna (combined funicle and scape) length to mesosoma length,3,,mean,,both,adult,,,,,,5,,,,,
PreservedSpecimen,thoracicus,Traits AL,Ratio of antenna (combined funicle and scape) length to mesosoma length,2,,mean,,both,adult,,,,,,5,,,,,
PreservedSpecimen,thoracicus,Traits CL,Ratio of clypeus length to mesosoma length,0.13,,mean,,both,adult,,,,,,P2,,,,,
PreservedSpecimen,thoracicus,Traits CL,Ratio of clypeus length to mesosoma length,0.0000,,mean,,both,adult,,,,,,P2,,,,,
PreservedSpecimen,thoracicus,Traits ML,,0.40,ratio,mean and variance,,both,adult,,,,,,P2,,,,,
PreservedSpecimen,thoracicus,Traits ML,,0.0008,ratio,mean and variance,,both,adult,,,,,,P2,,,,,
PreservedSpecimen,thoracicus,Traits WL,Measurement of Weber's length (mesosoma length) on the ant worker,1.30,mm,mean ± SE,,both,adult,,,,,,P2,,,,,
PreservedSpecimen,thoracicus,Traits WL,Measurement of Weber's length (mesosoma length) on the ant worker,0.0013,mm,mean ± SE,,both,adult,,,,,,P2,,,,,
PreservedSpecimen,thoracicus,Traits IOW,Ratio of inter-ocular width to mesosoma length (standardized by dividing inter-ocular width by Weber's length),0.29,,mean,,both,adult,,,,,,P2,,,,,
PreservedSpecimen,thoracicus,Traits IOW,Ratio of inter-ocular width to mesosoma length (standardized by dividing inter-ocular width by Weber's length),0.0012,,mean,,both,adult,,,,,,P2,,,,,
PreservedSpecimen,thoracicus,Traits EL,,0.17,mm,mean,,both,adult,,,,,,P2,,,,,
PreservedSpecimen,thoracicus,Traits EL,,0.0000,mm,mean,,both,adult,,,,,,P2,,,,,
PreservedSpecimen,thoracicus,Traits P,,,ratio,mean ± SD,,both,adult,,,,,,P2,,,,,
PreservedSpecimen,thoracicus,Traits P,,,ratio,mean ± SD,,both,adult,,,,,,P2,,,,,
PreservedSpecimen,thoracicus,Traits LEG,Ratio of leg length (combined length of femur and tibia) to mesosoma length (Weber's length),,,mean,,both,adult,,,,,,P2,,,,,
PreservedSpecimen,thoracicus,Traits LEG,Ratio of leg length (combined length of femur and tibia) to mesosoma length (Weber's length),1.85,,mean,,both,adult,,,,,,P2,,,,,
PreservedSpecimen,thoracicus,Traits AL,Ratio of antenna (combined funicle and scape) length to mesosoma length,0.0020,,mean,,both,adult,,,,,,P2,,,,,
PreservedSpecimen,thoracicus,Traits AL,Ratio of antenna (combined funicle and scape) length to mesosoma length,2.02,,mean,,both,adult,,,,,,P2,,,,,
PreservedSpecimen,thoracicus,Traits CL,Ratio of clypeus length to mesosoma length,3,,mean,,both,adult,,,,,,6,,,,,
PreservedSpecimen,thoracicus,Traits CL,Ratio of clypeus length to mesosoma length,6,,mean,,both,adult,,,,,,6,,,,,
PreservedSpecimen,thoracicus,Traits ML,,3,ratio,mean and variance,,both,adult,,,,,,6,,,,,
PreservedSpecimen,thoracicus,Traits ML,,9,ratio,mean and variance,,both,adult,,,,,,6,,,,,
PreservedSpecimen,thoracicus,Traits WL,Measurement of Weber's length (mesosoma length) on the ant worker,7,mm,mean ± SE,,both,adult,,,,,,6,,,,,
PreservedSpecimen,thoracicus,Traits WL,Measurement of Weber's length (mesosoma length) on the ant worker,3,mm,mean ± SE,,both,adult,,,,,,6,,,,,
PreservedSpecimen,thoracicus,Traits IOW,Ratio of inter-ocular width to mesosoma length (standardized by dividing inter-ocular width by Weber's length),6,,mean,,both,adult,,,,,,6,,,,,
PreservedSpecimen,thoracicus,Traits IOW,Ratio of inter-ocular width to mesosoma length (standardized by dividing inter-ocular width by Weber's length),9,,mean,,both,adult,,,,,,6,,,,,
PreservedSpecimen,thoracicus,Traits EL,,3,mm,mean,,both,adult,,,,,,6,,,,,
PreservedSpecimen,thoracicus,Traits EL,,9,mm,mean,,both,adult,,,,,,6,,,,,
PreservedSpecimen,thoracicus,Traits P,,0.000,ratio,mean ± SD,,both,adult,,,,,,6,,,,,
PreservedSpecimen,thoracicus,Traits P,,0.00000,ratio,mean ± SD,,both,adult,,,,,,6,,,,,
PreservedSpecimen,thoracicus,Traits LEG,Ratio of leg length (combined length of femur and tibia) to mesosoma length (Weber's length),1,,mean,,both,adult,,,,,,6,,,,,
PreservedSpecimen,thoracicus,Traits LEG,Ratio of leg length (combined length of femur and tibia) to mesosoma length (Weber's length),1,,mean,,both,adult,,,,,,6,,,,,
PreservedSpecimen,thoracicus,Traits AL,Ratio of antenna (combined funicle and scape) length to mesosoma length,1,,mean,,both,adult,,,,,,6,,,,,
PreservedSpecimen,thoracicus,Traits AL,Ratio of antenna (combined funicle and scape) length to mesosoma length,9,,mean,,both,adult,,,,,,6,,,,,
