basisOfRecord,verbatimIdentification,measurementType,measurementMethod,measurementValue ,measurementUnit,measurementStatistic,measurementRemarks,sex,lifeStage,caste,sampleSizeValue,sampleSizeUnit,sampleTreatment,samplingProtocol,verbatimLocality ,verbatimCoordinates,verbatimEventDate,associatedOccurrences,associatedReferences ,externalLink
HumanObservation,Acamptopoeum prini,Behavior,,Solitary,,mode,,both,adult,"solitary, eusocial, kleptoparasitic, ground-nester, above-ground-nester",,,,,,,,,,
HumanObservation,Acamptopoeum prini,Nesting site,,Ground,,mode,,both,adult,"solitary, eusocial, kleptoparasitic, ground-nester, above-ground-nester",,,,,,,,,,
PreservedSpecimen,Acamptopoeum prini,Feeding habit,,Generalist,,mode,,both,adult,"solitary, eusocial, kleptoparasitic, ground-nester, above-ground-nester",,,,,,,,,,
HumanObservation,"Callonychium petuniae Cure & Wittmann, 1990",Behavior,,Solitary,,mode,,both,adult,"solitary, eusocial, kleptoparasitic, ground-nester, above-ground-nester",,,,,,,,,,
HumanObservation,"Callonychium petuniae Cure & Wittmann, 1990",Nesting site,,Ground,,mode,,both,adult,"solitary, eusocial, kleptoparasitic, ground-nester, above-ground-nester",,,,,,,,,,
PreservedSpecimen,"Callonychium petuniae Cure & Wittmann, 1990",Feeding habit,,Specialist,,mode,,both,adult,"solitary, eusocial, kleptoparasitic, ground-nester, above-ground-nester",,,,,,,,,,
HumanObservation,"Anthrenoides admirabilis Urban, 2005",Behavior,,Solitary,,mode,,both,adult,"solitary, eusocial, kleptoparasitic, ground-nester, above-ground-nester",,,,,,,,,,
HumanObservation,"Anthrenoides admirabilis Urban, 2005",Nesting site,,Ground,,mode,,both,adult,"solitary, eusocial, kleptoparasitic, ground-nester, above-ground-nester",,,,,,,,,,
PreservedSpecimen,"Anthrenoides admirabilis Urban, 2005",Feeding habit,,Specialist,,mode,,both,adult,"solitary, eusocial, kleptoparasitic, ground-nester, above-ground-nester",,,,,,,,,,
HumanObservation,"Anthrenoides alvarengai Urban, 2007",Behavior,,Solitary,,mode,,both,adult,"solitary, eusocial, kleptoparasitic, ground-nester, above-ground-nester",,,,,,,,,,
HumanObservation,"Anthrenoides alvarengai Urban, 2007",Nesting site,,Ground,,mode,,both,adult,"solitary, eusocial, kleptoparasitic, ground-nester, above-ground-nester",,,,,,,,,,
PreservedSpecimen,"Anthrenoides alvarengai Urban, 2007",Feeding habit,,Specialist,,mode,,both,adult,"solitary, eusocial, kleptoparasitic, ground-nester, above-ground-nester",,,,,,,,,,
HumanObservation,"Anthrenoides antonii Urban, 2005",Behavior,,Solitary,,mode,,both,adult,"solitary, eusocial, kleptoparasitic, ground-nester, above-ground-nester",,,,,,,,,,
HumanObservation,"Anthrenoides antonii Urban, 2005",Nesting site,,Ground,,mode,,both,adult,"solitary, eusocial, kleptoparasitic, ground-nester, above-ground-nester",,,,,,,,,,
PreservedSpecimen,"Anthrenoides antonii Urban, 2005",Feeding habit,,Specialist,,mode,,both,adult,"solitary, eusocial, kleptoparasitic, ground-nester, above-ground-nester",,,,,,,,,,
HumanObservation,"Anthrenoides araucariae Urban, 2005",Behavior,,Solitary,,mode,,both,adult,"solitary, eusocial, kleptoparasitic, ground-nester, above-ground-nester",,,,,,,,,,
HumanObservation,"Anthrenoides araucariae Urban, 2005",Nesting site,,Ground,,mode,,both,adult,"solitary, eusocial, kleptoparasitic, ground-nester, above-ground-nester",,,,,,,,,,
PreservedSpecimen,"Anthrenoides araucariae Urban, 2005",Feeding habit,,Specialist,,mode,,both,adult,"solitary, eusocial, kleptoparasitic, ground-nester, above-ground-nester",,,,,,,,,,
HumanObservation,"Anthrenoides corrugatus Urban, 2005",Behavior,,Solitary,,mode,,both,adult,"solitary, eusocial, kleptoparasitic, ground-nester, above-ground-nester",,,,,,,,,,
HumanObservation,"Anthrenoides corrugatus Urban, 2005",Nesting site,,Ground,,mode,,both,adult,"solitary, eusocial, kleptoparasitic, ground-nester, above-ground-nester",,,,,,,,,,
PreservedSpecimen,"Anthrenoides corrugatus Urban, 2005",Feeding habit,,Specialist,,mode,,both,adult,"solitary, eusocial, kleptoparasitic, ground-nester, above-ground-nester",,,,,,,,,,
HumanObservation,"Anthrenoides larocai Urban, 2005",Behavior,,Solitary,,mode,,both,adult,"solitary, eusocial, kleptoparasitic, ground-nester, above-ground-nester",,,,,,,,,,
HumanObservation,"Anthrenoides larocai Urban, 2005",Nesting site,,Ground,,mode,,both,adult,"solitary, eusocial, kleptoparasitic, ground-nester, above-ground-nester",,,,,,,,,,
PreservedSpecimen,"Anthrenoides larocai Urban, 2005",Feeding habit,,Specialist,,mode,,both,adult,"solitary, eusocial, kleptoparasitic, ground-nester, above-ground-nester",,,,,,,,,,
HumanObservation,Anthrenoides meridionalis,Behavior,,Solitary,,mode,,both,adult,"solitary, eusocial, kleptoparasitic, ground-nester, above-ground-nester",,,,,,,,,,
HumanObservation,Anthrenoides meridionalis,Nesting site,,Ground,,mode,,both,adult,"solitary, eusocial, kleptoparasitic, ground-nester, above-ground-nester",,,,,,,,,,
PreservedSpecimen,Anthrenoides meridionalis,Feeding habit,,Specialist,,mode,,both,adult,"solitary, eusocial, kleptoparasitic, ground-nester, above-ground-nester",,,,,,,,,,
HumanObservation,"Anthrenoides ornatus Urban, 2005",Behavior,,Solitary,,mode,,both,adult,"solitary, eusocial, kleptoparasitic, ground-nester, above-ground-nester",,,,,,,,,,
HumanObservation,"Anthrenoides ornatus Urban, 2005",Nesting site,,Ground,,mode,,both,adult,"solitary, eusocial, kleptoparasitic, ground-nester, above-ground-nester",,,,,,,,,,
PreservedSpecimen,"Anthrenoides ornatus Urban, 2005",Feeding habit,,Specialist,,mode,,both,adult,"solitary, eusocial, kleptoparasitic, ground-nester, above-ground-nester",,,,,,,,,,
HumanObservation,"Anthrenoides paolae Urban, 2005",Behavior,,Solitary,,mode,,both,adult,"solitary, eusocial, kleptoparasitic, ground-nester, above-ground-nester",,,,,,,,,,
HumanObservation,"Anthrenoides paolae Urban, 2005",Nesting site,,Ground,,mode,,both,adult,"solitary, eusocial, kleptoparasitic, ground-nester, above-ground-nester",,,,,,,,,,
PreservedSpecimen,"Anthrenoides paolae Urban, 2005",Feeding habit,,Specialist,,mode,,both,adult,"solitary, eusocial, kleptoparasitic, ground-nester, above-ground-nester",,,,,,,,,,
HumanObservation,"Anthrenoides petuniae Urban, 2005",Behavior,,Solitary,,mode,,both,adult,"solitary, eusocial, kleptoparasitic, ground-nester, above-ground-nester",,,,,,,,,,
HumanObservation,"Anthrenoides petuniae Urban, 2005",Nesting site,,Ground,,mode,,both,adult,"solitary, eusocial, kleptoparasitic, ground-nester, above-ground-nester",,,,,,,,,,
PreservedSpecimen,"Anthrenoides petuniae Urban, 2005",Feeding habit,,Specialist,,mode,,both,adult,"solitary, eusocial, kleptoparasitic, ground-nester, above-ground-nester",,,,,,,,,,
HumanObservation,"Anthrenoides rodrigoi Urban, 2005",Behavior,,Solitary,,mode,,both,adult,"solitary, eusocial, kleptoparasitic, ground-nester, above-ground-nester",,,,,,,,,,
HumanObservation,"Anthrenoides rodrigoi Urban, 2005",Nesting site,,Ground,,mode,,both,adult,"solitary, eusocial, kleptoparasitic, ground-nester, above-ground-nester",,,,,,,,,,
PreservedSpecimen,"Anthrenoides rodrigoi Urban, 2005",Feeding habit,,Specialist,,mode,,both,adult,"solitary, eusocial, kleptoparasitic, ground-nester, above-ground-nester",,,,,,,,,,
HumanObservation,Anthrenoides sp. 01,Behavior,,Solitary,,mode,,both,adult,"solitary, eusocial, kleptoparasitic, ground-nester, above-ground-nester",,,,,,,,,,
HumanObservation,Anthrenoides sp. 01,Nesting site,,Ground,,mode,,both,adult,"solitary, eusocial, kleptoparasitic, ground-nester, above-ground-nester",,,,,,,,,,
PreservedSpecimen,Anthrenoides sp. 01,Feeding habit,,Specialist,,mode,,both,adult,"solitary, eusocial, kleptoparasitic, ground-nester, above-ground-nester",,,,,,,,,,
HumanObservation,"Cephalurgus anomalus Moure & Lucas de Oliveira, 1962",Behavior,,Solitary,,mode,,both,adult,"solitary, eusocial, kleptoparasitic, ground-nester, above-ground-nester",,,,,,,,,,
HumanObservation,"Cephalurgus anomalus Moure & Lucas de Oliveira, 1962",Nesting site,,Ground,,mode,,both,adult,"solitary, eusocial, kleptoparasitic, ground-nester, above-ground-nester",,,,,,,,,,
PreservedSpecimen,"Cephalurgus anomalus Moure & Lucas de Oliveira, 1962",Feeding habit,,Specialist,,mode,,both,adult,"solitary, eusocial, kleptoparasitic, ground-nester, above-ground-nester",,,,,,,,,,
HumanObservation,Psaenythia annulata Gerstaecker 1868,Behavior,,Solitary,,mode,,both,adult,"solitary, eusocial, kleptoparasitic, ground-nester, above-ground-nester",,,,,,,,,,
HumanObservation,Psaenythia annulata Gerstaecker 1868,Nesting site,,Ground,,mode,,both,adult,"solitary, eusocial, kleptoparasitic, ground-nester, above-ground-nester",,,,,,,,,,
PreservedSpecimen,Psaenythia annulata Gerstaecker 1868,Feeding habit,,Generalist,,mode,,both,adult,"solitary, eusocial, kleptoparasitic, ground-nester, above-ground-nester",,,,,,,,,,
HumanObservation,Psaenythia bergii Holmberg 1884,Behavior,,Solitary,,mode,,both,adult,"solitary, eusocial, kleptoparasitic, ground-nester, above-ground-nester",,,,,,,,,,
HumanObservation,Psaenythia bergii Holmberg 1884,Nesting site,,Ground,,mode,,both,adult,"solitary, eusocial, kleptoparasitic, ground-nester, above-ground-nester",,,,,,,,,,
PreservedSpecimen,Psaenythia bergii Holmberg 1884,Feeding habit,,Generalist,,mode,,both,adult,"solitary, eusocial, kleptoparasitic, ground-nester, above-ground-nester",,,,,,,,,,
HumanObservation,"Psaenythia capito Gerstaecker, 1868",Behavior,,Solitary,,mode,,both,adult,"solitary, eusocial, kleptoparasitic, ground-nester, above-ground-nester",,,,,,,,,,
HumanObservation,"Psaenythia capito Gerstaecker, 1868",Nesting site,,Ground,,mode,,both,adult,"solitary, eusocial, kleptoparasitic, ground-nester, above-ground-nester",,,,,,,,,,
PreservedSpecimen,"Psaenythia capito Gerstaecker, 1868",Feeding habit,,Generalist,,mode,,both,adult,"solitary, eusocial, kleptoparasitic, ground-nester, above-ground-nester",,,,,,,,,,
HumanObservation,"Psaenythia collaris Schrottky, 1906",Behavior,,Solitary,,mode,,both,adult,"solitary, eusocial, kleptoparasitic, ground-nester, above-ground-nester",,,,,,,,,,
HumanObservation,"Psaenythia collaris Schrottky, 1906",Nesting site,,Ground,,mode,,both,adult,"solitary, eusocial, kleptoparasitic, ground-nester, above-ground-nester",,,,,,,,,,
PreservedSpecimen,"Psaenythia collaris Schrottky, 1906",Feeding habit,,Generalist,,mode,,both,adult,"solitary, eusocial, kleptoparasitic, ground-nester, above-ground-nester",,,,,,,,,,
HumanObservation,"Psaenythia quadrifasciata Friese, 1908",Behavior,,Solitary,,mode,,both,adult,"solitary, eusocial, kleptoparasitic, ground-nester, above-ground-nester",,,,,,,,,,
HumanObservation,"Psaenythia quadrifasciata Friese, 1908",Nesting site,,Ground,,mode,,both,adult,"solitary, eusocial, kleptoparasitic, ground-nester, above-ground-nester",,,,,,,,,,
PreservedSpecimen,"Psaenythia quadrifasciata Friese, 1908",Feeding habit,,Generalist,,mode,,both,adult,"solitary, eusocial, kleptoparasitic, ground-nester, above-ground-nester",,,,,,,,,,
HumanObservation,Psaenythia sp. 1,Behavior,,Solitary,,mode,,both,adult,"solitary, eusocial, kleptoparasitic, ground-nester, above-ground-nester",,,,,,,,,,
HumanObservation,Psaenythia sp. 1,Nesting site,,Ground,,mode,,both,adult,"solitary, eusocial, kleptoparasitic, ground-nester, above-ground-nester",,,,,,,,,,
PreservedSpecimen,Psaenythia sp. 1,Feeding habit,,Generalist,,mode,,both,adult,"solitary, eusocial, kleptoparasitic, ground-nester, above-ground-nester",,,,,,,,,,
HumanObservation,Psaenythia sp. 2,Behavior,,Solitary,,mode,,both,adult,"solitary, eusocial, kleptoparasitic, ground-nester, above-ground-nester",,,,,,,,,,
HumanObservation,Psaenythia sp. 2,Nesting site,,Ground,,mode,,both,adult,"solitary, eusocial, kleptoparasitic, ground-nester, above-ground-nester",,,,,,,,,,
PreservedSpecimen,Psaenythia sp. 2,Feeding habit,,Generalist,,mode,,both,adult,"solitary, eusocial, kleptoparasitic, ground-nester, above-ground-nester",,,,,,,,,,
HumanObservation,Rhophitulus politus,Behavior,,Solitary,,mode,,both,adult,"solitary, eusocial, kleptoparasitic, ground-nester, above-ground-nester",,,,,,,,,,
HumanObservation,Rhophitulus politus,Nesting site,,Ground,,mode,,both,adult,"solitary, eusocial, kleptoparasitic, ground-nester, above-ground-nester",,,,,,,,,,
PreservedSpecimen,Rhophitulus politus,Feeding habit,,Specialist,,mode,,both,adult,"solitary, eusocial, kleptoparasitic, ground-nester, above-ground-nester",,,,,,,,,,
HumanObservation,Rhophitulus sp. 1,Behavior,,Solitary,,mode,,both,adult,"solitary, eusocial, kleptoparasitic, ground-nester, above-ground-nester",,,,,,,,,,
HumanObservation,Rhophitulus sp. 1,Nesting site,,Ground,,mode,,both,adult,"solitary, eusocial, kleptoparasitic, ground-nester, above-ground-nester",,,,,,,,,,
PreservedSpecimen,Rhophitulus sp. 1,Feeding habit,,Specialist,,mode,,both,adult,"solitary, eusocial, kleptoparasitic, ground-nester, above-ground-nester",,,,,,,,,,
HumanObservation,Rhophitulus sp. 3,Behavior,,Solitary,,mode,,both,adult,"solitary, eusocial, kleptoparasitic, ground-nester, above-ground-nester",,,,,,,,,,
HumanObservation,Rhophitulus sp. 3,Nesting site,,Ground,,mode,,both,adult,"solitary, eusocial, kleptoparasitic, ground-nester, above-ground-nester",,,,,,,,,,
PreservedSpecimen,Rhophitulus sp. 3,Feeding habit,,Specialist,,mode,,both,adult,"solitary, eusocial, kleptoparasitic, ground-nester, above-ground-nester",,,,,,,,,,
HumanObservation,Rhophitulus sp. 4,Behavior,,Solitary,,mode,,both,adult,"solitary, eusocial, kleptoparasitic, ground-nester, above-ground-nester",,,,,,,,,,
HumanObservation,Rhophitulus sp. 4,Nesting site,,Ground,,mode,,both,adult,"solitary, eusocial, kleptoparasitic, ground-nester, above-ground-nester",,,,,,,,,,
PreservedSpecimen,Rhophitulus sp. 4,Feeding habit,,Specialist,,mode,,both,adult,"solitary, eusocial, kleptoparasitic, ground-nester, above-ground-nester",,,,,,,,,,
HumanObservation,Rhophitulus sp. 5,Behavior,,Solitary,,mode,,both,adult,"solitary, eusocial, kleptoparasitic, ground-nester, above-ground-nester",,,,,,,,,,
HumanObservation,Rhophitulus sp. 5,Nesting site,,Ground,,mode,,both,adult,"solitary, eusocial, kleptoparasitic, ground-nester, above-ground-nester",,,,,,,,,,
PreservedSpecimen,Rhophitulus sp. 5,Feeding habit,,Specialist,,mode,,both,adult,"solitary, eusocial, kleptoparasitic, ground-nester, above-ground-nester",,,,,,,,,,
HumanObservation,Rhophitulus sp. 6,Behavior,,Solitary,,mode,,both,adult,"solitary, eusocial, kleptoparasitic, ground-nester, above-ground-nester",,,,,,,,,,
HumanObservation,Rhophitulus sp. 6,Nesting site,,Ground,,mode,,both,adult,"solitary, eusocial, kleptoparasitic, ground-nester, above-ground-nester",,,,,,,,,,
PreservedSpecimen,Rhophitulus sp. 6,Feeding habit,,Specialist,,mode,,both,adult,"solitary, eusocial, kleptoparasitic, ground-nester, above-ground-nester",,,,,,,,,,
HumanObservation,Rhophitulus sp. 7,Behavior,,Solitary,,mode,,both,adult,"solitary, eusocial, kleptoparasitic, ground-nester, above-ground-nester",,,,,,,,,,
HumanObservation,Rhophitulus sp. 7,Nesting site,,Ground,,mode,,both,adult,"solitary, eusocial, kleptoparasitic, ground-nester, above-ground-nester",,,,,,,,,,
PreservedSpecimen,Rhophitulus sp. 7,Feeding habit,,Specialist,,mode,,both,adult,"solitary, eusocial, kleptoparasitic, ground-nester, above-ground-nester",,,,,,,,,,
HumanObservation,Rhophitulus sp. 8,Behavior,,Solitary,,mode,,both,adult,"solitary, eusocial, kleptoparasitic, ground-nester, above-ground-nester",,,,,,,,,,
HumanObservation,Rhophitulus sp. 8,Nesting site,,Ground,,mode,,both,adult,"solitary, eusocial, kleptoparasitic, ground-nester, above-ground-nester",,,,,,,,,,
PreservedSpecimen,Rhophitulus sp. 8,Feeding habit,,Specialist,,mode,,both,adult,"solitary, eusocial, kleptoparasitic, ground-nester, above-ground-nester",,,,,,,,,,
HumanObservation,Rhophitulus sp. 9,Behavior,,Solitary,,mode,,both,adult,"solitary, eusocial, kleptoparasitic, ground-nester, above-ground-nester",,,,,,,,,,
HumanObservation,Rhophitulus sp. 9,Nesting site,,Ground,,mode,,both,adult,"solitary, eusocial, kleptoparasitic, ground-nester, above-ground-nester",,,,,,,,,,
PreservedSpecimen,Rhophitulus sp. 9,Feeding habit,,Specialist,,mode,,both,adult,"solitary, eusocial, kleptoparasitic, ground-nester, above-ground-nester",,,,,,,,,,
HumanObservation,Bombus morio,Behavior,,Primitively eusocial,,mode,,both,adult,"solitary, eusocial, kleptoparasitic, ground-nester, above-ground-nester",,,,,,,,,,
HumanObservation,Bombus morio,Nesting site,,Above ground,,mode,,both,adult,"solitary, eusocial, kleptoparasitic, ground-nester, above-ground-nester",,,,,,,,,,
PreservedSpecimen,Bombus morio,Feeding habit,,Generalist,,mode,,both,adult,"solitary, eusocial, kleptoparasitic, ground-nester, above-ground-nester",,,,,,,,,,
HumanObservation,"Bombus pauloensis Friese, 1913",Behavior,,Primitively eusocial,,mode,,both,adult,"solitary, eusocial, kleptoparasitic, ground-nester, above-ground-nester",,,,,,,,,,
HumanObservation,"Bombus pauloensis Friese, 1913",Nesting site,,Above ground,,mode,,both,adult,"solitary, eusocial, kleptoparasitic, ground-nester, above-ground-nester",,,,,,,,,,
PreservedSpecimen,"Bombus pauloensis Friese, 1913",Feeding habit,,Generalist,,mode,,both,adult,"solitary, eusocial, kleptoparasitic, ground-nester, above-ground-nester",,,,,,,,,,
HumanObservation,"Eulaema nigrita Lepeletier, 1841",Behavior,,Solitary,,mode,,both,adult,"solitary, eusocial, kleptoparasitic, ground-nester, above-ground-nester",,,,,,,,,,
HumanObservation,"Eulaema nigrita Lepeletier, 1841",Nesting site,,Ground,,mode,,both,adult,"solitary, eusocial, kleptoparasitic, ground-nester, above-ground-nester",,,,,,,,,,
PreservedSpecimen,"Eulaema nigrita Lepeletier, 1841",Feeding habit,,Generalist,,mode,,both,adult,"solitary, eusocial, kleptoparasitic, ground-nester, above-ground-nester",,,,,,,,,,
HumanObservation,"Lestrimelitta sulina Marchi & Melo, 2006",Behavior,,Highly eusocial,,mode,,both,adult,"solitary, eusocial, kleptoparasitic, ground-nester, above-ground-nester",,,,,,,,,,
HumanObservation,"Lestrimelitta sulina Marchi & Melo, 2006",Nesting site,,Above ground,,mode,,both,adult,"solitary, eusocial, kleptoparasitic, ground-nester, above-ground-nester",,,,,,,,,,
PreservedSpecimen,"Lestrimelitta sulina Marchi & Melo, 2006",Feeding habit,,Generalist,,mode,,both,adult,"solitary, eusocial, kleptoparasitic, ground-nester, above-ground-nester",,,,,,,,,,
HumanObservation,"Melipona bicolor Lepeletier, 1836",Behavior,,Highly eusocial,,mode,,both,adult,"solitary, eusocial, kleptoparasitic, ground-nester, above-ground-nester",,,,,,,,,,
HumanObservation,"Melipona bicolor Lepeletier, 1836",Nesting site,,Above ground,,mode,,both,adult,"solitary, eusocial, kleptoparasitic, ground-nester, above-ground-nester",,,,,,,,,,
PreservedSpecimen,"Melipona bicolor Lepeletier, 1836",Feeding habit,,Generalist,,mode,,both,adult,"solitary, eusocial, kleptoparasitic, ground-nester, above-ground-nester",,,,,,,,,,
HumanObservation,"Melipona marginata Lepeletier, 1836",Behavior,,Highly eusocial,,mode,,both,adult,"solitary, eusocial, kleptoparasitic, ground-nester, above-ground-nester",,,,,,,,,,
HumanObservation,"Melipona marginata Lepeletier, 1836",Nesting site,,Above ground,,mode,,both,adult,"solitary, eusocial, kleptoparasitic, ground-nester, above-ground-nester",,,,,,,,,,
PreservedSpecimen,"Melipona marginata Lepeletier, 1836",Feeding habit,,Generalist,,mode,,both,adult,"solitary, eusocial, kleptoparasitic, ground-nester, above-ground-nester",,,,,,,,,,
HumanObservation,"Melipona quadrifasciata Lepeletier, 1836",Behavior,,Highly eusocial,,mode,,both,adult,"solitary, eusocial, kleptoparasitic, ground-nester, above-ground-nester",,,,,,,,,,
HumanObservation,"Melipona quadrifasciata Lepeletier, 1836",Nesting site,,Above ground,,mode,,both,adult,"solitary, eusocial, kleptoparasitic, ground-nester, above-ground-nester",,,,,,,,,,
PreservedSpecimen,"Melipona quadrifasciata Lepeletier, 1836",Feeding habit,,Generalist,,mode,,both,adult,"solitary, eusocial, kleptoparasitic, ground-nester, above-ground-nester",,,,,,,,,,
HumanObservation,"Melipona scutellaris Latreille, 1811",Behavior,,Highly eusocial,,mode,,both,adult,"solitary, eusocial, kleptoparasitic, ground-nester, above-ground-nester",,,,,,,,,,
HumanObservation,"Melipona scutellaris Latreille, 1811",Nesting site,,Above ground,,mode,,both,adult,"solitary, eusocial, kleptoparasitic, ground-nester, above-ground-nester",,,,,,,,,,
PreservedSpecimen,"Melipona scutellaris Latreille, 1811",Feeding habit,,Generalist,,mode,,both,adult,"solitary, eusocial, kleptoparasitic, ground-nester, above-ground-nester",,,,,,,,,,
HumanObservation,Nannotrigona testaceicornis,Behavior,,Highly eusocial,,mode,,both,adult,"solitary, eusocial, kleptoparasitic, ground-nester, above-ground-nester",,,,,,,,,,
HumanObservation,Nannotrigona testaceicornis,Nesting site,,Above ground,,mode,,both,adult,"solitary, eusocial, kleptoparasitic, ground-nester, above-ground-nester",,,,,,,,,,
PreservedSpecimen,Nannotrigona testaceicornis,Feeding habit,,Generalist,,mode,,both,adult,"solitary, eusocial, kleptoparasitic, ground-nester, above-ground-nester",,,,,,,,,,
HumanObservation,"Paratrigona subnuda Moure, 1947",Behavior,,Highly eusocial,,mode,,both,adult,"solitary, eusocial, kleptoparasitic, ground-nester, above-ground-nester",,,,,,,,,,
HumanObservation,"Paratrigona subnuda Moure, 1947",Nesting site,,Ground,,mode,,both,adult,"solitary, eusocial, kleptoparasitic, ground-nester, above-ground-nester",,,,,,,,,,
PreservedSpecimen,"Paratrigona subnuda Moure, 1947",Feeding habit,,Generalist,,mode,,both,adult,"solitary, eusocial, kleptoparasitic, ground-nester, above-ground-nester",,,,,,,,,,
HumanObservation,Partamona helleri,Behavior,,Highly eusocial,,mode,,both,adult,"solitary, eusocial, kleptoparasitic, ground-nester, above-ground-nester",,,,,,,,,,
HumanObservation,Partamona helleri,Nesting site,,Above ground,,mode,,both,adult,"solitary, eusocial, kleptoparasitic, ground-nester, above-ground-nester",,,,,,,,,,
PreservedSpecimen,Partamona helleri,Feeding habit,,Generalist,,mode,,both,adult,"solitary, eusocial, kleptoparasitic, ground-nester, above-ground-nester",,,,,,,,,,
HumanObservation,Plebeia droryana,Behavior,,Highly eusocial,,mode,,both,adult,"solitary, eusocial, kleptoparasitic, ground-nester, above-ground-nester",,,,,,,,,,
HumanObservation,Plebeia droryana,Nesting site,,Above ground,,mode,,both,adult,"solitary, eusocial, kleptoparasitic, ground-nester, above-ground-nester",,,,,,,,,,
PreservedSpecimen,Plebeia droryana,Feeding habit,,Generalist,,mode,,both,adult,"solitary, eusocial, kleptoparasitic, ground-nester, above-ground-nester",,,,,,,,,,
HumanObservation,Plebeia emerina,Behavior,,Highly eusocial,,mode,,both,adult,"solitary, eusocial, kleptoparasitic, ground-nester, above-ground-nester",,,,,,,,,,
HumanObservation,Plebeia emerina,Nesting site,,Above ground,,mode,,both,adult,"solitary, eusocial, kleptoparasitic, ground-nester, above-ground-nester",,,,,,,,,,
PreservedSpecimen,Plebeia emerina,Feeding habit,,Generalist,,mode,,both,adult,"solitary, eusocial, kleptoparasitic, ground-nester, above-ground-nester",,,,,,,,,,
HumanObservation,Plebeia remota,Behavior,,Highly eusocial,,mode,,both,adult,"solitary, eusocial, kleptoparasitic, ground-nester, above-ground-nester",,,,,,,,,,
HumanObservation,Plebeia remota,Nesting site,,Above ground,,mode,,both,adult,"solitary, eusocial, kleptoparasitic, ground-nester, above-ground-nester",,,,,,,,,,
PreservedSpecimen,Plebeia remota,Feeding habit,,Generalist,,mode,,both,adult,"solitary, eusocial, kleptoparasitic, ground-nester, above-ground-nester",,,,,,,,,,
HumanObservation,Scaptotrigona bipunctata,Behavior,,Highly eusocial,,mode,,both,adult,"solitary, eusocial, kleptoparasitic, ground-nester, above-ground-nester",,,,,,,,,,
HumanObservation,Scaptotrigona bipunctata,Nesting site,,Above ground,,mode,,both,adult,"solitary, eusocial, kleptoparasitic, ground-nester, above-ground-nester",,,,,,,,,,
PreservedSpecimen,Scaptotrigona bipunctata,Feeding habit,,Generalist,,mode,,both,adult,"solitary, eusocial, kleptoparasitic, ground-nester, above-ground-nester",,,,,,,,,,
HumanObservation,Scaptotrigona postica,Behavior,,Highly eusocial,,mode,,both,adult,"solitary, eusocial, kleptoparasitic, ground-nester, above-ground-nester",,,,,,,,,,
HumanObservation,Scaptotrigona postica,Nesting site,,Above ground,,mode,,both,adult,"solitary, eusocial, kleptoparasitic, ground-nester, above-ground-nester",,,,,,,,,,
PreservedSpecimen,Scaptotrigona postica,Feeding habit,,Generalist,,mode,,both,adult,"solitary, eusocial, kleptoparasitic, ground-nester, above-ground-nester",,,,,,,,,,
HumanObservation,Schwarziana quadripunctata,Behavior,,Highly eusocial,,mode,,both,adult,"solitary, eusocial, kleptoparasitic, ground-nester, above-ground-nester",,,,,,,,,,
HumanObservation,Schwarziana quadripunctata,Nesting site,,Ground,,mode,,both,adult,"solitary, eusocial, kleptoparasitic, ground-nester, above-ground-nester",,,,,,,,,,
PreservedSpecimen,Schwarziana quadripunctata,Feeding habit,,Generalist,,mode,,both,adult,"solitary, eusocial, kleptoparasitic, ground-nester, above-ground-nester",,,,,,,,,,
HumanObservation,Tetragonisca fiebrigi,Behavior,,Highly eusocial,,mode,,both,adult,"solitary, eusocial, kleptoparasitic, ground-nester, above-ground-nester",,,,,,,,,,
HumanObservation,Tetragonisca fiebrigi,Nesting site,,Above ground,,mode,,both,adult,"solitary, eusocial, kleptoparasitic, ground-nester, above-ground-nester",,,,,,,,,,
PreservedSpecimen,Tetragonisca fiebrigi,Feeding habit,,Generalist,,mode,,both,adult,"solitary, eusocial, kleptoparasitic, ground-nester, above-ground-nester",,,,,,,,,,
HumanObservation,Trigona spinipes,Behavior,,Highly eusocial,,mode,,both,adult,"solitary, eusocial, kleptoparasitic, ground-nester, above-ground-nester",,,,,,,,,,
HumanObservation,Trigona spinipes,Nesting site,,Above ground,,mode,,both,adult,"solitary, eusocial, kleptoparasitic, ground-nester, above-ground-nester",,,,,,,,,,
PreservedSpecimen,Trigona spinipes,Feeding habit,,Generalist,,mode,,both,adult,"solitary, eusocial, kleptoparasitic, ground-nester, above-ground-nester",,,,,,,,,,
HumanObservation,Centris varia,Behavior,,Solitary,,mode,,both,adult,"solitary, eusocial, kleptoparasitic, ground-nester, above-ground-nester",,,,,,,,,,
HumanObservation,Centris varia,Nesting site,,Ground,,mode,,both,adult,"solitary, eusocial, kleptoparasitic, ground-nester, above-ground-nester",,,,,,,,,,
PreservedSpecimen,Centris varia,Feeding habit,,Specialist,,mode,,both,adult,"solitary, eusocial, kleptoparasitic, ground-nester, above-ground-nester",,,,,,,,,,
HumanObservation,"Centris trigonoides Lepeletier, 1841",Behavior,,Solitary,,mode,,both,adult,"solitary, eusocial, kleptoparasitic, ground-nester, above-ground-nester",,,,,,,,,,
HumanObservation,"Centris trigonoides Lepeletier, 1841",Nesting site,,Above ground,,mode,,both,adult,"solitary, eusocial, kleptoparasitic, ground-nester, above-ground-nester",,,,,,,,,,
PreservedSpecimen,"Centris trigonoides Lepeletier, 1841",Feeding habit,,Specialist,,mode,,both,adult,"solitary, eusocial, kleptoparasitic, ground-nester, above-ground-nester",,,,,,,,,,
HumanObservation,"Centris tarsata Smith, 1874",Behavior,,Solitary,,mode,,both,adult,"solitary, eusocial, kleptoparasitic, ground-nester, above-ground-nester",,,,,,,,,,
HumanObservation,"Centris tarsata Smith, 1874",Nesting site,,Above ground,,mode,,both,adult,"solitary, eusocial, kleptoparasitic, ground-nester, above-ground-nester",,,,,,,,,,
PreservedSpecimen,"Centris tarsata Smith, 1874",Feeding habit,,Specialist,,mode,,both,adult,"solitary, eusocial, kleptoparasitic, ground-nester, above-ground-nester",,,,,,,,,,
HumanObservation,"Centris cfr. lateritia Friese, 1899",Behavior,,Solitary,,mode,,both,adult,"solitary, eusocial, kleptoparasitic, ground-nester, above-ground-nester",,,,,,,,,,
HumanObservation,"Centris cfr. lateritia Friese, 1899",Nesting site,,Ground,,mode,,both,adult,"solitary, eusocial, kleptoparasitic, ground-nester, above-ground-nester",,,,,,,,,,
PreservedSpecimen,"Centris cfr. lateritia Friese, 1899",Feeding habit,,Specialist,,mode,,both,adult,"solitary, eusocial, kleptoparasitic, ground-nester, above-ground-nester",,,,,,,,,,
HumanObservation,Melitoma segmentaria,Behavior,,Solitary,,mode,,both,adult,"solitary, eusocial, kleptoparasitic, ground-nester, above-ground-nester",,,,,,,,,,
HumanObservation,Melitoma segmentaria,Nesting site,,Ground,,mode,,both,adult,"solitary, eusocial, kleptoparasitic, ground-nester, above-ground-nester",,,,,,,,,,
PreservedSpecimen,Melitoma segmentaria,Feeding habit,,Specialist,,mode,,both,adult,"solitary, eusocial, kleptoparasitic, ground-nester, above-ground-nester",,,,,,,,,,
HumanObservation,Ptilothrix relata,Behavior,,Solitary,,mode,,both,adult,"solitary, eusocial, kleptoparasitic, ground-nester, above-ground-nester",,,,,,,,,,
HumanObservation,Ptilothrix relata,Nesting site,,Ground,,mode,,both,adult,"solitary, eusocial, kleptoparasitic, ground-nester, above-ground-nester",,,,,,,,,,
PreservedSpecimen,Ptilothrix relata,Feeding habit,,Specialist,,mode,,both,adult,"solitary, eusocial, kleptoparasitic, ground-nester, above-ground-nester",,,,,,,,,,
HumanObservation,Eucerini,Behavior,,,,mode,,both,adult,"solitary, eusocial, kleptoparasitic, ground-nester, above-ground-nester",,,,,,,,,,
HumanObservation,Eucerini,Nesting site,,Ground,,mode,,both,adult,"solitary, eusocial, kleptoparasitic, ground-nester, above-ground-nester",,,,,,,,,,
PreservedSpecimen,Eucerini,Feeding habit,,,,mode,,both,adult,"solitary, eusocial, kleptoparasitic, ground-nester, above-ground-nester",,,,,,,,,,
HumanObservation,Gaesischia fulgurans,Behavior,,Solitary,,mode,,both,adult,"solitary, eusocial, kleptoparasitic, ground-nester, above-ground-nester",,,,,,,,,,
HumanObservation,Gaesischia fulgurans,Nesting site,,Ground,,mode,,both,adult,"solitary, eusocial, kleptoparasitic, ground-nester, above-ground-nester",,,,,,,,,,
PreservedSpecimen,Gaesischia fulgurans,Feeding habit,,Specialist,,mode,,both,adult,"solitary, eusocial, kleptoparasitic, ground-nester, above-ground-nester",,,,,,,,,,
HumanObservation,"Gaesischia undulata Urban, 1989",Behavior,,Solitary,,mode,,both,adult,"solitary, eusocial, kleptoparasitic, ground-nester, above-ground-nester",,,,,,,,,,
HumanObservation,"Gaesischia undulata Urban, 1989",Nesting site,,Ground,,mode,,both,adult,"solitary, eusocial, kleptoparasitic, ground-nester, above-ground-nester",,,,,,,,,,
PreservedSpecimen,"Gaesischia undulata Urban, 1989",Feeding habit,,Specialist,,mode,,both,adult,"solitary, eusocial, kleptoparasitic, ground-nester, above-ground-nester",,,,,,,,,,
HumanObservation,"Gaesischia aurea Urban, 1968",Behavior,,Solitary,,mode,,both,adult,"solitary, eusocial, kleptoparasitic, ground-nester, above-ground-nester",,,,,,,,,,
HumanObservation,"Gaesischia aurea Urban, 1968",Nesting site,,Ground,,mode,,both,adult,"solitary, eusocial, kleptoparasitic, ground-nester, above-ground-nester",,,,,,,,,,
PreservedSpecimen,"Gaesischia aurea Urban, 1968",Feeding habit,,Specialist,,mode,,both,adult,"solitary, eusocial, kleptoparasitic, ground-nester, above-ground-nester",,,,,,,,,,
HumanObservation,"Gaesischia flavoclypeata Michener, LaBerge & Moure, 1955",Behavior,,Solitary,,mode,,both,adult,"solitary, eusocial, kleptoparasitic, ground-nester, above-ground-nester",,,,,,,,,,
HumanObservation,"Gaesischia flavoclypeata Michener, LaBerge & Moure, 1955",Nesting site,,Ground,,mode,,both,adult,"solitary, eusocial, kleptoparasitic, ground-nester, above-ground-nester",,,,,,,,,,
PreservedSpecimen,"Gaesischia flavoclypeata Michener, LaBerge & Moure, 1955",Feeding habit,,Specialist,,mode,,both,adult,"solitary, eusocial, kleptoparasitic, ground-nester, above-ground-nester",,,,,,,,,,
HumanObservation,Melissodes nigroaenea,Behavior,,Solitary,,mode,,both,adult,"solitary, eusocial, kleptoparasitic, ground-nester, above-ground-nester",,,,,,,,,,
HumanObservation,Melissodes nigroaenea,Nesting site,,Ground,,mode,,both,adult,"solitary, eusocial, kleptoparasitic, ground-nester, above-ground-nester",,,,,,,,,,
PreservedSpecimen,Melissodes nigroaenea,Feeding habit,,Generalist,,mode,,both,adult,"solitary, eusocial, kleptoparasitic, ground-nester, above-ground-nester",,,,,,,,,,
HumanObservation,"Melissoptila aureocincta Urban, 1968",Behavior,,Solitary,,mode,,both,adult,"solitary, eusocial, kleptoparasitic, ground-nester, above-ground-nester",,,,,,,,,,
HumanObservation,"Melissoptila aureocincta Urban, 1968",Nesting site,,Ground,,mode,,both,adult,"solitary, eusocial, kleptoparasitic, ground-nester, above-ground-nester",,,,,,,,,,
PreservedSpecimen,"Melissoptila aureocincta Urban, 1968",Feeding habit,,Specialist,,mode,,both,adult,"solitary, eusocial, kleptoparasitic, ground-nester, above-ground-nester",,,,,,,,,,
HumanObservation,"Melissoptila buzzii Urban, 1998",Behavior,,Solitary,,mode,,both,adult,"solitary, eusocial, kleptoparasitic, ground-nester, above-ground-nester",,,,,,,,,,
HumanObservation,"Melissoptila buzzii Urban, 1998",Nesting site,,Ground,,mode,,both,adult,"solitary, eusocial, kleptoparasitic, ground-nester, above-ground-nester",,,,,,,,,,
PreservedSpecimen,"Melissoptila buzzii Urban, 1998",Feeding habit,,Specialist,,mode,,both,adult,"solitary, eusocial, kleptoparasitic, ground-nester, above-ground-nester",,,,,,,,,,
HumanObservation,Melissoptila cnecomala,Behavior,,Solitary,,mode,,both,adult,"solitary, eusocial, kleptoparasitic, ground-nester, above-ground-nester",,,,,,,,,,
HumanObservation,Melissoptila cnecomala,Nesting site,,Ground,,mode,,both,adult,"solitary, eusocial, kleptoparasitic, ground-nester, above-ground-nester",,,,,,,,,,
PreservedSpecimen,Melissoptila cnecomala,Feeding habit,,Specialist,,mode,,both,adult,"solitary, eusocial, kleptoparasitic, ground-nester, above-ground-nester",,,,,,,,,,
HumanObservation,"Melissoptila fiebrigi Brèthes, 1909",Behavior,,Solitary,,mode,,both,adult,"solitary, eusocial, kleptoparasitic, ground-nester, above-ground-nester",,,,,,,,,,
HumanObservation,"Melissoptila fiebrigi Brèthes, 1909",Nesting site,,Ground,,mode,,both,adult,"solitary, eusocial, kleptoparasitic, ground-nester, above-ground-nester",,,,,,,,,,
PreservedSpecimen,"Melissoptila fiebrigi Brèthes, 1909",Feeding habit,,Specialist,,mode,,both,adult,"solitary, eusocial, kleptoparasitic, ground-nester, above-ground-nester",,,,,,,,,,
HumanObservation,"Melissoptila larocai Urban, 1998",Behavior,,Solitary,,mode,,both,adult,"solitary, eusocial, kleptoparasitic, ground-nester, above-ground-nester",,,,,,,,,,
HumanObservation,"Melissoptila larocai Urban, 1998",Nesting site,,Ground,,mode,,both,adult,"solitary, eusocial, kleptoparasitic, ground-nester, above-ground-nester",,,,,,,,,,
PreservedSpecimen,"Melissoptila larocai Urban, 1998",Feeding habit,,Specialist,,mode,,both,adult,"solitary, eusocial, kleptoparasitic, ground-nester, above-ground-nester",,,,,,,,,,
HumanObservation,Melissoptila minorum,Behavior,,Solitary,,mode,,both,adult,"solitary, eusocial, kleptoparasitic, ground-nester, above-ground-nester",,,,,,,,,,
HumanObservation,Melissoptila minorum,Nesting site,,Ground,,mode,,both,adult,"solitary, eusocial, kleptoparasitic, ground-nester, above-ground-nester",,,,,,,,,,
PreservedSpecimen,Melissoptila minorum,Feeding habit,,Specialist,,mode,,both,adult,"solitary, eusocial, kleptoparasitic, ground-nester, above-ground-nester",,,,,,,,,,
HumanObservation,Melissoptila paraguayensis,Behavior,,Solitary,,mode,,both,adult,"solitary, eusocial, kleptoparasitic, ground-nester, above-ground-nester",,,,,,,,,,
HumanObservation,Melissoptila paraguayensis,Nesting site,,Ground,,mode,,both,adult,"solitary, eusocial, kleptoparasitic, ground-nester, above-ground-nester",,,,,,,,,,
PreservedSpecimen,Melissoptila paraguayensis,Feeding habit,,Specialist,,mode,,both,adult,"solitary, eusocial, kleptoparasitic, ground-nester, above-ground-nester",,,,,,,,,,
HumanObservation,"Melissoptila richardiae Bertoni & Schrottky, 1910",Behavior,,Solitary,,mode,,both,adult,"solitary, eusocial, kleptoparasitic, ground-nester, above-ground-nester",,,,,,,,,,
HumanObservation,"Melissoptila richardiae Bertoni & Schrottky, 1910",Nesting site,,Ground,,mode,,both,adult,"solitary, eusocial, kleptoparasitic, ground-nester, above-ground-nester",,,,,,,,,,
PreservedSpecimen,"Melissoptila richardiae Bertoni & Schrottky, 1910",Feeding habit,,Specialist,,mode,,both,adult,"solitary, eusocial, kleptoparasitic, ground-nester, above-ground-nester",,,,,,,,,,
HumanObservation,"Melissoptila setigera Urban, 1998",Behavior,,Solitary,,mode,,both,adult,"solitary, eusocial, kleptoparasitic, ground-nester, above-ground-nester",,,,,,,,,,
HumanObservation,"Melissoptila setigera Urban, 1998",Nesting site,,Ground,,mode,,both,adult,"solitary, eusocial, kleptoparasitic, ground-nester, above-ground-nester",,,,,,,,,,
PreservedSpecimen,"Melissoptila setigera Urban, 1998",Feeding habit,,Specialist,,mode,,both,adult,"solitary, eusocial, kleptoparasitic, ground-nester, above-ground-nester",,,,,,,,,,
HumanObservation,Melissoptila thoracica,Behavior,,Solitary,,mode,,both,adult,"solitary, eusocial, kleptoparasitic, ground-nester, above-ground-nester",,,,,,,,,,
HumanObservation,Melissoptila thoracica,Nesting site,,Ground,,mode,,both,adult,"solitary, eusocial, kleptoparasitic, ground-nester, above-ground-nester",,,,,,,,,,
PreservedSpecimen,Melissoptila thoracica,Feeding habit,,Specialist,,mode,,both,adult,"solitary, eusocial, kleptoparasitic, ground-nester, above-ground-nester",,,,,,,,,,
HumanObservation,"Melissoptila vulpecula Bertoni & Schrottky, 1910",Behavior,,Solitary,,mode,,both,adult,"solitary, eusocial, kleptoparasitic, ground-nester, above-ground-nester",,,,,,,,,,
HumanObservation,"Melissoptila vulpecula Bertoni & Schrottky, 1910",Nesting site,,Ground,,mode,,both,adult,"solitary, eusocial, kleptoparasitic, ground-nester, above-ground-nester",,,,,,,,,,
PreservedSpecimen,"Melissoptila vulpecula Bertoni & Schrottky, 1910",Feeding habit,,Specialist,,mode,,both,adult,"solitary, eusocial, kleptoparasitic, ground-nester, above-ground-nester",,,,,,,,,,
HumanObservation,Peponapis fervens,Behavior,,Solitary,,mode,,both,adult,"solitary, eusocial, kleptoparasitic, ground-nester, above-ground-nester",,,,,,,,,,
HumanObservation,Peponapis fervens,Nesting site,,Ground,,mode,,both,adult,"solitary, eusocial, kleptoparasitic, ground-nester, above-ground-nester",,,,,,,,,,
PreservedSpecimen,Peponapis fervens,Feeding habit,,Specialist,,mode,,both,adult,"solitary, eusocial, kleptoparasitic, ground-nester, above-ground-nester",,,,,,,,,,
HumanObservation,"Thygater paranaensis Urban, 1967",Behavior,,Solitary,,mode,,both,adult,"solitary, eusocial, kleptoparasitic, ground-nester, above-ground-nester",,,,,,,,,,
HumanObservation,"Thygater paranaensis Urban, 1967",Nesting site,,Ground,,mode,,both,adult,"solitary, eusocial, kleptoparasitic, ground-nester, above-ground-nester",,,,,,,,,,
PreservedSpecimen,"Thygater paranaensis Urban, 1967",Feeding habit,,Generalist,,mode,,both,adult,"solitary, eusocial, kleptoparasitic, ground-nester, above-ground-nester",,,,,,,,,,
HumanObservation,"Thygater sordidipenis Moure, 1941",Behavior,,Solitary,,mode,,both,adult,"solitary, eusocial, kleptoparasitic, ground-nester, above-ground-nester",,,,,,,,,,
HumanObservation,"Thygater sordidipenis Moure, 1941",Nesting site,,Ground,,mode,,both,adult,"solitary, eusocial, kleptoparasitic, ground-nester, above-ground-nester",,,,,,,,,,
PreservedSpecimen,"Thygater sordidipenis Moure, 1941",Feeding habit,,Generalist,,mode,,both,adult,"solitary, eusocial, kleptoparasitic, ground-nester, above-ground-nester",,,,,,,,,,
HumanObservation,Thygater analis,Behavior,,Solitary,,mode,,both,adult,"solitary, eusocial, kleptoparasitic, ground-nester, above-ground-nester",,,,,,,,,,
HumanObservation,Thygater analis,Nesting site,,Ground,,mode,,both,adult,"solitary, eusocial, kleptoparasitic, ground-nester, above-ground-nester",,,,,,,,,,
PreservedSpecimen,Thygater analis,Feeding habit,,Generalist,,mode,,both,adult,"solitary, eusocial, kleptoparasitic, ground-nester, above-ground-nester",,,,,,,,,,
HumanObservation,"Exomalopsis bicellularis Michener & Moure, 1957",Behavior,,Solitary,,mode,,both,adult,"solitary, eusocial, kleptoparasitic, ground-nester, above-ground-nester",,,,,,,,,,
HumanObservation,"Exomalopsis bicellularis Michener & Moure, 1957",Nesting site,,Ground,,mode,,both,adult,"solitary, eusocial, kleptoparasitic, ground-nester, above-ground-nester",,,,,,,,,,
PreservedSpecimen,"Exomalopsis bicellularis Michener & Moure, 1957",Feeding habit,,Generalist,,mode,,both,adult,"solitary, eusocial, kleptoparasitic, ground-nester, above-ground-nester",,,,,,,,,,
HumanObservation,Exomalopsis analis Spinola 1853,Behavior,,Solitary,,mode,,both,adult,"solitary, eusocial, kleptoparasitic, ground-nester, above-ground-nester",,,,,,,,,,
HumanObservation,Exomalopsis analis Spinola 1853,Nesting site,,Ground,,mode,,both,adult,"solitary, eusocial, kleptoparasitic, ground-nester, above-ground-nester",,,,,,,,,,
PreservedSpecimen,Exomalopsis analis Spinola 1853,Feeding habit,,Generalist,,mode,,both,adult,"solitary, eusocial, kleptoparasitic, ground-nester, above-ground-nester",,,,,,,,,,
HumanObservation,"Exomalopsis vernoniae Schrottky, 1909",Behavior,,Solitary,,mode,,both,adult,"solitary, eusocial, kleptoparasitic, ground-nester, above-ground-nester",,,,,,,,,,
HumanObservation,"Exomalopsis vernoniae Schrottky, 1909",Nesting site,,Ground,,mode,,both,adult,"solitary, eusocial, kleptoparasitic, ground-nester, above-ground-nester",,,,,,,,,,
PreservedSpecimen,"Exomalopsis vernoniae Schrottky, 1909",Feeding habit,,Generalist,,mode,,both,adult,"solitary, eusocial, kleptoparasitic, ground-nester, above-ground-nester",,,,,,,,,,
HumanObservation,Exomalopsis sp. 01,Behavior,,Solitary,,mode,,both,adult,"solitary, eusocial, kleptoparasitic, ground-nester, above-ground-nester",,,,,,,,,,
HumanObservation,Exomalopsis sp. 01,Nesting site,,Ground,,mode,,both,adult,"solitary, eusocial, kleptoparasitic, ground-nester, above-ground-nester",,,,,,,,,,
PreservedSpecimen,Exomalopsis sp. 01,Feeding habit,,Generalist,,mode,,both,adult,"solitary, eusocial, kleptoparasitic, ground-nester, above-ground-nester",,,,,,,,,,
HumanObservation,Exomalopsis sp. 02,Behavior,,Solitary,,mode,,both,adult,"solitary, eusocial, kleptoparasitic, ground-nester, above-ground-nester",,,,,,,,,,
HumanObservation,Exomalopsis sp. 02,Nesting site,,Ground,,mode,,both,adult,"solitary, eusocial, kleptoparasitic, ground-nester, above-ground-nester",,,,,,,,,,
PreservedSpecimen,Exomalopsis sp. 02,Feeding habit,,Generalist,,mode,,both,adult,"solitary, eusocial, kleptoparasitic, ground-nester, above-ground-nester",,,,,,,,,,
HumanObservation,"Exomalopsis aureosericea Friese, 1899",Behavior,,Solitary,,mode,,both,adult,"solitary, eusocial, kleptoparasitic, ground-nester, above-ground-nester",,,,,,,,,,
HumanObservation,"Exomalopsis aureosericea Friese, 1899",Nesting site,,Ground,,mode,,both,adult,"solitary, eusocial, kleptoparasitic, ground-nester, above-ground-nester",,,,,,,,,,
PreservedSpecimen,"Exomalopsis aureosericea Friese, 1899",Feeding habit,,Generalist,,mode,,both,adult,"solitary, eusocial, kleptoparasitic, ground-nester, above-ground-nester",,,,,,,,,,
HumanObservation,"Exomalopsis perikalles Silveira & Almeida, 2009",Behavior,,Solitary,,mode,,both,adult,"solitary, eusocial, kleptoparasitic, ground-nester, above-ground-nester",,,,,,,,,,
HumanObservation,"Exomalopsis perikalles Silveira & Almeida, 2009",Nesting site,,Ground,,mode,,both,adult,"solitary, eusocial, kleptoparasitic, ground-nester, above-ground-nester",,,,,,,,,,
PreservedSpecimen,"Exomalopsis perikalles Silveira & Almeida, 2009",Feeding habit,,Generalist,,mode,,both,adult,"solitary, eusocial, kleptoparasitic, ground-nester, above-ground-nester",,,,,,,,,,
HumanObservation,"Exomalopsis trifasciata Brèthes, 1910",Behavior,,Solitary,,mode,,both,adult,"solitary, eusocial, kleptoparasitic, ground-nester, above-ground-nester",,,,,,,,,,
HumanObservation,"Exomalopsis trifasciata Brèthes, 1910",Nesting site,,Ground,,mode,,both,adult,"solitary, eusocial, kleptoparasitic, ground-nester, above-ground-nester",,,,,,,,,,
PreservedSpecimen,"Exomalopsis trifasciata Brèthes, 1910",Feeding habit,,Generalist,,mode,,both,adult,"solitary, eusocial, kleptoparasitic, ground-nester, above-ground-nester",,,,,,,,,,
HumanObservation,Brachynomada sp. 01,Behavior,,Cleptoparasitic,,mode,,both,adult,"solitary, eusocial, kleptoparasitic, ground-nester, above-ground-nester",,,,,,,,,,
HumanObservation,Brachynomada sp. 01,Nesting site,,Not specified,,mode,,both,adult,"solitary, eusocial, kleptoparasitic, ground-nester, above-ground-nester",,,,,,,,,,
PreservedSpecimen,Brachynomada sp. 01,Feeding habit,,Not specified,,mode,,both,adult,"solitary, eusocial, kleptoparasitic, ground-nester, above-ground-nester",,,,,,,,,,
HumanObservation,Brachynomada sp. 03,Behavior,,Cleptoparasitic,,mode,,both,adult,"solitary, eusocial, kleptoparasitic, ground-nester, above-ground-nester",,,,,,,,,,
HumanObservation,Brachynomada sp. 03,Nesting site,,Not specified,,mode,,both,adult,"solitary, eusocial, kleptoparasitic, ground-nester, above-ground-nester",,,,,,,,,,
PreservedSpecimen,Brachynomada sp. 03,Feeding habit,,Not specified,,mode,,both,adult,"solitary, eusocial, kleptoparasitic, ground-nester, above-ground-nester",,,,,,,,,,
HumanObservation,"Leiopodus lacertinus Smith, 1854",Behavior,,Cleptoparasitic,,mode,,both,adult,"solitary, eusocial, kleptoparasitic, ground-nester, above-ground-nester",,,,,,,,,,
HumanObservation,"Leiopodus lacertinus Smith, 1854",Nesting site,,Not specified,,mode,,both,adult,"solitary, eusocial, kleptoparasitic, ground-nester, above-ground-nester",,,,,,,,,,
PreservedSpecimen,"Leiopodus lacertinus Smith, 1854",Feeding habit,,Not specified,,mode,,both,adult,"solitary, eusocial, kleptoparasitic, ground-nester, above-ground-nester",,,,,,,,,,
HumanObservation,Nomada sp. 1,Behavior,,Cleptoparasitic,,mode,,both,adult,"solitary, eusocial, kleptoparasitic, ground-nester, above-ground-nester",,,,,,,,,,
HumanObservation,Nomada sp. 1,Nesting site,,Not specified,,mode,,both,adult,"solitary, eusocial, kleptoparasitic, ground-nester, above-ground-nester",,,,,,,,,,
PreservedSpecimen,Nomada sp. 1,Feeding habit,,Not specified,,mode,,both,adult,"solitary, eusocial, kleptoparasitic, ground-nester, above-ground-nester",,,,,,,,,,
HumanObservation,Nomada sp. 2,Behavior,,Cleptoparasitic,,mode,,both,adult,"solitary, eusocial, kleptoparasitic, ground-nester, above-ground-nester",,,,,,,,,,
HumanObservation,Nomada sp. 2,Nesting site,,Not specified,,mode,,both,adult,"solitary, eusocial, kleptoparasitic, ground-nester, above-ground-nester",,,,,,,,,,
PreservedSpecimen,Nomada sp. 2,Feeding habit,,Not specified,,mode,,both,adult,"solitary, eusocial, kleptoparasitic, ground-nester, above-ground-nester",,,,,,,,,,
HumanObservation,Nomada sp. 3,Behavior,,Cleptoparasitic,,mode,,both,adult,"solitary, eusocial, kleptoparasitic, ground-nester, above-ground-nester",,,,,,,,,,
HumanObservation,Nomada sp. 3,Nesting site,,Not specified,,mode,,both,adult,"solitary, eusocial, kleptoparasitic, ground-nester, above-ground-nester",,,,,,,,,,
PreservedSpecimen,Nomada sp. 3,Feeding habit,,Not specified,,mode,,both,adult,"solitary, eusocial, kleptoparasitic, ground-nester, above-ground-nester",,,,,,,,,,
HumanObservation,Nomada sp. 4,Behavior,,Cleptoparasitic,,mode,,both,adult,"solitary, eusocial, kleptoparasitic, ground-nester, above-ground-nester",,,,,,,,,,
HumanObservation,Nomada sp. 4,Nesting site,,Not specified,,mode,,both,adult,"solitary, eusocial, kleptoparasitic, ground-nester, above-ground-nester",,,,,,,,,,
PreservedSpecimen,Nomada sp. 4,Feeding habit,,Not specified,,mode,,both,adult,"solitary, eusocial, kleptoparasitic, ground-nester, above-ground-nester",,,,,,,,,,
HumanObservation,Nomada sp. 5,Behavior,,Cleptoparasitic,,mode,,both,adult,"solitary, eusocial, kleptoparasitic, ground-nester, above-ground-nester",,,,,,,,,,
HumanObservation,Nomada sp. 5,Nesting site,,Not specified,,mode,,both,adult,"solitary, eusocial, kleptoparasitic, ground-nester, above-ground-nester",,,,,,,,,,
PreservedSpecimen,Nomada sp. 5,Feeding habit,,Not specified,,mode,,both,adult,"solitary, eusocial, kleptoparasitic, ground-nester, above-ground-nester",,,,,,,,,,
HumanObservation,Nomada sp. 6,Behavior,,Cleptoparasitic,,mode,,both,adult,"solitary, eusocial, kleptoparasitic, ground-nester, above-ground-nester",,,,,,,,,,
HumanObservation,Nomada sp. 6,Nesting site,,Not specified,,mode,,both,adult,"solitary, eusocial, kleptoparasitic, ground-nester, above-ground-nester",,,,,,,,,,
PreservedSpecimen,Nomada sp. 6,Feeding habit,,Not specified,,mode,,both,adult,"solitary, eusocial, kleptoparasitic, ground-nester, above-ground-nester",,,,,,,,,,
HumanObservation,Nomada sp. 7,Behavior,,Cleptoparasitic,,mode,,both,adult,"solitary, eusocial, kleptoparasitic, ground-nester, above-ground-nester",,,,,,,,,,
HumanObservation,Nomada sp. 7,Nesting site,,Not specified,,mode,,both,adult,"solitary, eusocial, kleptoparasitic, ground-nester, above-ground-nester",,,,,,,,,,
PreservedSpecimen,Nomada sp. 7,Feeding habit,,Not specified,,mode,,both,adult,"solitary, eusocial, kleptoparasitic, ground-nester, above-ground-nester",,,,,,,,,,
HumanObservation,Pseudepeolus angustatus,Behavior,,Cleptoparasitic,,mode,,both,adult,"solitary, eusocial, kleptoparasitic, ground-nester, above-ground-nester",,,,,,,,,,
HumanObservation,Pseudepeolus angustatus,Nesting site,,Not specified,,mode,,both,adult,"solitary, eusocial, kleptoparasitic, ground-nester, above-ground-nester",,,,,,,,,,
PreservedSpecimen,Pseudepeolus angustatus,Feeding habit,,Not specified,,mode,,both,adult,"solitary, eusocial, kleptoparasitic, ground-nester, above-ground-nester",,,,,,,,,,
HumanObservation,"Trophoclepria variolosa Holmberg, 1886",Behavior,,Cleptoparasitic,,mode,,both,adult,"solitary, eusocial, kleptoparasitic, ground-nester, above-ground-nester",,,,,,,,,,
HumanObservation,"Trophoclepria variolosa Holmberg, 1886",Nesting site,,Not specified,,mode,,both,adult,"solitary, eusocial, kleptoparasitic, ground-nester, above-ground-nester",,,,,,,,,,
PreservedSpecimen,"Trophoclepria variolosa Holmberg, 1886",Feeding habit,,Not specified,,mode,,both,adult,"solitary, eusocial, kleptoparasitic, ground-nester, above-ground-nester",,,,,,,,,,
HumanObservation,Trophoclepria sp. 01,Behavior,,Cleptoparasitic,,mode,,both,adult,"solitary, eusocial, kleptoparasitic, ground-nester, above-ground-nester",,,,,,,,,,
HumanObservation,Trophoclepria sp. 01,Nesting site,,Not specified,,mode,,both,adult,"solitary, eusocial, kleptoparasitic, ground-nester, above-ground-nester",,,,,,,,,,
PreservedSpecimen,Trophoclepria sp. 01,Feeding habit,,Not specified,,mode,,both,adult,"solitary, eusocial, kleptoparasitic, ground-nester, above-ground-nester",,,,,,,,,,
HumanObservation,Osiris sp. 03,Behavior,,Cleptoparasitic,,mode,,both,adult,"solitary, eusocial, kleptoparasitic, ground-nester, above-ground-nester",,,,,,,,,,
HumanObservation,Osiris sp. 03,Nesting site,,Not specified,,mode,,both,adult,"solitary, eusocial, kleptoparasitic, ground-nester, above-ground-nester",,,,,,,,,,
PreservedSpecimen,Osiris sp. 03,Feeding habit,,Not specified,,mode,,both,adult,"solitary, eusocial, kleptoparasitic, ground-nester, above-ground-nester",,,,,,,,,,
HumanObservation,"Parepeolus minutus Roig-Alsina, 1989",Behavior,,Cleptoparasitic,,mode,,both,adult,"solitary, eusocial, kleptoparasitic, ground-nester, above-ground-nester",,,,,,,,,,
HumanObservation,"Parepeolus minutus Roig-Alsina, 1989",Nesting site,,Not specified,,mode,,both,adult,"solitary, eusocial, kleptoparasitic, ground-nester, above-ground-nester",,,,,,,,,,
PreservedSpecimen,"Parepeolus minutus Roig-Alsina, 1989",Feeding habit,,Not specified,,mode,,both,adult,"solitary, eusocial, kleptoparasitic, ground-nester, above-ground-nester",,,,,,,,,,
HumanObservation,Arhysoceble picta,Behavior,,Solitary,,mode,,both,adult,"solitary, eusocial, kleptoparasitic, ground-nester, above-ground-nester",,,,,,,,,,
HumanObservation,Arhysoceble picta,Nesting site,,Ground,,mode,,both,adult,"solitary, eusocial, kleptoparasitic, ground-nester, above-ground-nester",,,,,,,,,,
PreservedSpecimen,Arhysoceble picta,Feeding habit,,Generalist,,mode,,both,adult,"solitary, eusocial, kleptoparasitic, ground-nester, above-ground-nester",,,,,,,,,,
HumanObservation,"Lanthanomelissa betinae Urban, 1995",Behavior,,Solitary,,mode,,both,adult,"solitary, eusocial, kleptoparasitic, ground-nester, above-ground-nester",,,,,,,,,,
HumanObservation,"Lanthanomelissa betinae Urban, 1995",Nesting site,,Ground,,mode,,both,adult,"solitary, eusocial, kleptoparasitic, ground-nester, above-ground-nester",,,,,,,,,,
PreservedSpecimen,"Lanthanomelissa betinae Urban, 1995",Feeding habit,,Specialist,,mode,,both,adult,"solitary, eusocial, kleptoparasitic, ground-nester, above-ground-nester",,,,,,,,,,
HumanObservation,"Lanthanomelissa clementis Urban, 1995",Behavior,,Solitary,,mode,,both,adult,"solitary, eusocial, kleptoparasitic, ground-nester, above-ground-nester",,,,,,,,,,
HumanObservation,"Lanthanomelissa clementis Urban, 1995",Nesting site,,Ground,,mode,,both,adult,"solitary, eusocial, kleptoparasitic, ground-nester, above-ground-nester",,,,,,,,,,
PreservedSpecimen,"Lanthanomelissa clementis Urban, 1995",Feeding habit,,Specialist,,mode,,both,adult,"solitary, eusocial, kleptoparasitic, ground-nester, above-ground-nester",,,,,,,,,,
HumanObservation,Lophopedia nigrispinis,Behavior,,Solitary,,mode,,both,adult,"solitary, eusocial, kleptoparasitic, ground-nester, above-ground-nester",,,,,,,,,,
HumanObservation,Lophopedia nigrispinis,Nesting site,,Above ground,,mode,,both,adult,"solitary, eusocial, kleptoparasitic, ground-nester, above-ground-nester",,,,,,,,,,
PreservedSpecimen,Lophopedia nigrispinis,Feeding habit,,Specialist,,mode,,both,adult,"solitary, eusocial, kleptoparasitic, ground-nester, above-ground-nester",,,,,,,,,,
HumanObservation,Lophopedia pygmaea,Behavior,,Solitary,,mode,,both,adult,"solitary, eusocial, kleptoparasitic, ground-nester, above-ground-nester",,,,,,,,,,
HumanObservation,Lophopedia pygmaea,Nesting site,,Above ground,,mode,,both,adult,"solitary, eusocial, kleptoparasitic, ground-nester, above-ground-nester",,,,,,,,,,
PreservedSpecimen,Lophopedia pygmaea,Feeding habit,,Specialist,,mode,,both,adult,"solitary, eusocial, kleptoparasitic, ground-nester, above-ground-nester",,,,,,,,,,
HumanObservation,"Monoeca xanthopyga Harter-Marques, Cunha & Moure, 2001",Behavior,,Solitary,,mode,,both,adult,"solitary, eusocial, kleptoparasitic, ground-nester, above-ground-nester",,,,,,,,,,
HumanObservation,"Monoeca xanthopyga Harter-Marques, Cunha & Moure, 2001",Nesting site,,Ground,,mode,,both,adult,"solitary, eusocial, kleptoparasitic, ground-nester, above-ground-nester",,,,,,,,,,
PreservedSpecimen,"Monoeca xanthopyga Harter-Marques, Cunha & Moure, 2001",Feeding habit,,Specialist,,mode,,both,adult,"solitary, eusocial, kleptoparasitic, ground-nester, above-ground-nester",,,,,,,,,,
HumanObservation,Paratetrapedia fervida,Behavior,,Solitary,,mode,,both,adult,"solitary, eusocial, kleptoparasitic, ground-nester, above-ground-nester",,,,,,,,,,
HumanObservation,Paratetrapedia fervida,Nesting site,,Above ground,,mode,,both,adult,"solitary, eusocial, kleptoparasitic, ground-nester, above-ground-nester",,,,,,,,,,
PreservedSpecimen,Paratetrapedia fervida,Feeding habit,,Specialist,,mode,,both,adult,"solitary, eusocial, kleptoparasitic, ground-nester, above-ground-nester",,,,,,,,,,
HumanObservation,Trigonopedia sp. 01,Behavior,,Solitary,,mode,,both,adult,"solitary, eusocial, kleptoparasitic, ground-nester, above-ground-nester",,,,,,,,,,
HumanObservation,Trigonopedia sp. 01,Nesting site,,Ground,,mode,,both,adult,"solitary, eusocial, kleptoparasitic, ground-nester, above-ground-nester",,,,,,,,,,
PreservedSpecimen,Trigonopedia sp. 01,Feeding habit,,Specialist,,mode,,both,adult,"solitary, eusocial, kleptoparasitic, ground-nester, above-ground-nester",,,,,,,,,,
HumanObservation,Trigonopedia sp. 03,Behavior,,Solitary,,mode,,both,adult,"solitary, eusocial, kleptoparasitic, ground-nester, above-ground-nester",,,,,,,,,,
HumanObservation,Trigonopedia sp. 03,Nesting site,,Ground,,mode,,both,adult,"solitary, eusocial, kleptoparasitic, ground-nester, above-ground-nester",,,,,,,,,,
PreservedSpecimen,Trigonopedia sp. 03,Feeding habit,,Specialist,,mode,,both,adult,"solitary, eusocial, kleptoparasitic, ground-nester, above-ground-nester",,,,,,,,,,
HumanObservation,"Tetrapedia diversipes Klug, 1810",Behavior,,Solitary,,mode,,both,adult,"solitary, eusocial, kleptoparasitic, ground-nester, above-ground-nester",,,,,,,,,,
HumanObservation,"Tetrapedia diversipes Klug, 1810",Nesting site,,Above ground,,mode,,both,adult,"solitary, eusocial, kleptoparasitic, ground-nester, above-ground-nester",,,,,,,,,,
PreservedSpecimen,"Tetrapedia diversipes Klug, 1810",Feeding habit,,Generalist,,mode,,both,adult,"solitary, eusocial, kleptoparasitic, ground-nester, above-ground-nester",,,,,,,,,,
HumanObservation,Ceratina melanochroa,Behavior,,Solitary,,mode,,both,adult,"solitary, eusocial, kleptoparasitic, ground-nester, above-ground-nester",,,,,,,,,,
HumanObservation,Ceratina melanochroa,Nesting site,,Above ground,,mode,,both,adult,"solitary, eusocial, kleptoparasitic, ground-nester, above-ground-nester",,,,,,,,,,
PreservedSpecimen,Ceratina melanochroa,Feeding habit,,Generalist,,mode,,both,adult,"solitary, eusocial, kleptoparasitic, ground-nester, above-ground-nester",,,,,,,,,,
HumanObservation,"Ceratina oxalidis Schrottky, 1907",Behavior,,Solitary,,mode,,both,adult,"solitary, eusocial, kleptoparasitic, ground-nester, above-ground-nester",,,,,,,,,,
HumanObservation,"Ceratina oxalidis Schrottky, 1907",Nesting site,,Above ground,,mode,,both,adult,"solitary, eusocial, kleptoparasitic, ground-nester, above-ground-nester",,,,,,,,,,
PreservedSpecimen,"Ceratina oxalidis Schrottky, 1907",Feeding habit,,Generalist,,mode,,both,adult,"solitary, eusocial, kleptoparasitic, ground-nester, above-ground-nester",,,,,,,,,,
HumanObservation,"Ceratina sclerops Schrottky, 1907",Behavior,,Solitary,,mode,,both,adult,"solitary, eusocial, kleptoparasitic, ground-nester, above-ground-nester",,,,,,,,,,
HumanObservation,"Ceratina sclerops Schrottky, 1907",Nesting site,,Above ground,,mode,,both,adult,"solitary, eusocial, kleptoparasitic, ground-nester, above-ground-nester",,,,,,,,,,
PreservedSpecimen,"Ceratina sclerops Schrottky, 1907",Feeding habit,,Generalist,,mode,,both,adult,"solitary, eusocial, kleptoparasitic, ground-nester, above-ground-nester",,,,,,,,,,
HumanObservation,Ceratina sp. 01,Behavior,,Solitary,,mode,,both,adult,"solitary, eusocial, kleptoparasitic, ground-nester, above-ground-nester",,,,,,,,,,
HumanObservation,Ceratina sp. 01,Nesting site,,Above ground,,mode,,both,adult,"solitary, eusocial, kleptoparasitic, ground-nester, above-ground-nester",,,,,,,,,,
PreservedSpecimen,Ceratina sp. 01,Feeding habit,,Generalist,,mode,,both,adult,"solitary, eusocial, kleptoparasitic, ground-nester, above-ground-nester",,,,,,,,,,
HumanObservation,Ceratina sp. 02,Behavior,,Solitary,,mode,,both,adult,"solitary, eusocial, kleptoparasitic, ground-nester, above-ground-nester",,,,,,,,,,
HumanObservation,Ceratina sp. 02,Nesting site,,Above ground,,mode,,both,adult,"solitary, eusocial, kleptoparasitic, ground-nester, above-ground-nester",,,,,,,,,,
PreservedSpecimen,Ceratina sp. 02,Feeding habit,,Generalist,,mode,,both,adult,"solitary, eusocial, kleptoparasitic, ground-nester, above-ground-nester",,,,,,,,,,
HumanObservation,Ceratina sp. 03,Behavior,,Solitary,,mode,,both,adult,"solitary, eusocial, kleptoparasitic, ground-nester, above-ground-nester",,,,,,,,,,
HumanObservation,Ceratina sp. 03,Nesting site,,Above ground,,mode,,both,adult,"solitary, eusocial, kleptoparasitic, ground-nester, above-ground-nester",,,,,,,,,,
PreservedSpecimen,Ceratina sp. 03,Feeding habit,,Generalist,,mode,,both,adult,"solitary, eusocial, kleptoparasitic, ground-nester, above-ground-nester",,,,,,,,,,
HumanObservation,Ceratina sp. 03,Behavior,,Solitary,,mode,,both,adult,"solitary, eusocial, kleptoparasitic, ground-nester, above-ground-nester",,,,,,,,,,
HumanObservation,Ceratina sp. 03,Nesting site,,Above ground,,mode,,both,adult,"solitary, eusocial, kleptoparasitic, ground-nester, above-ground-nester",,,,,,,,,,
PreservedSpecimen,Ceratina sp. 03,Feeding habit,,Generalist,,mode,,both,adult,"solitary, eusocial, kleptoparasitic, ground-nester, above-ground-nester",,,,,,,,,,
HumanObservation,Ceratina sp. 04,Behavior,,Solitary,,mode,,both,adult,"solitary, eusocial, kleptoparasitic, ground-nester, above-ground-nester",,,,,,,,,,
HumanObservation,Ceratina sp. 04,Nesting site,,Above ground,,mode,,both,adult,"solitary, eusocial, kleptoparasitic, ground-nester, above-ground-nester",,,,,,,,,,
PreservedSpecimen,Ceratina sp. 04,Feeding habit,,Generalist,,mode,,both,adult,"solitary, eusocial, kleptoparasitic, ground-nester, above-ground-nester",,,,,,,,,,
HumanObservation,"Ceratina asuncionis Strand, 1910",Behavior,,Solitary,,mode,,both,adult,"solitary, eusocial, kleptoparasitic, ground-nester, above-ground-nester",,,,,,,,,,
HumanObservation,"Ceratina asuncionis Strand, 1910",Nesting site,,Above ground,,mode,,both,adult,"solitary, eusocial, kleptoparasitic, ground-nester, above-ground-nester",,,,,,,,,,
PreservedSpecimen,"Ceratina asuncionis Strand, 1910",Feeding habit,,Generalist,,mode,,both,adult,"solitary, eusocial, kleptoparasitic, ground-nester, above-ground-nester",,,,,,,,,,
HumanObservation,"Ceratina asunciana Strand, 1910",Behavior,,Solitary,,mode,,both,adult,"solitary, eusocial, kleptoparasitic, ground-nester, above-ground-nester",,,,,,,,,,
HumanObservation,"Ceratina asunciana Strand, 1910",Nesting site,,Above ground,,mode,,both,adult,"solitary, eusocial, kleptoparasitic, ground-nester, above-ground-nester",,,,,,,,,,
PreservedSpecimen,"Ceratina asunciana Strand, 1910",Feeding habit,,Generalist,,mode,,both,adult,"solitary, eusocial, kleptoparasitic, ground-nester, above-ground-nester",,,,,,,,,,
HumanObservation,"Ceratina richardsoniae Schrottky, 1909",Behavior,,Solitary,,mode,,both,adult,"solitary, eusocial, kleptoparasitic, ground-nester, above-ground-nester",,,,,,,,,,
HumanObservation,"Ceratina richardsoniae Schrottky, 1909",Nesting site,,Above ground,,mode,,both,adult,"solitary, eusocial, kleptoparasitic, ground-nester, above-ground-nester",,,,,,,,,,
PreservedSpecimen,"Ceratina richardsoniae Schrottky, 1909",Feeding habit,,Generalist,,mode,,both,adult,"solitary, eusocial, kleptoparasitic, ground-nester, above-ground-nester",,,,,,,,,,
HumanObservation,"Ceratina subcarinata Roig-Alsina, 2013",Behavior,,Solitary,,mode,,both,adult,"solitary, eusocial, kleptoparasitic, ground-nester, above-ground-nester",,,,,,,,,,
HumanObservation,"Ceratina subcarinata Roig-Alsina, 2013",Nesting site,,Above ground,,mode,,both,adult,"solitary, eusocial, kleptoparasitic, ground-nester, above-ground-nester",,,,,,,,,,
PreservedSpecimen,"Ceratina subcarinata Roig-Alsina, 2013",Feeding habit,,Generalist,,mode,,both,adult,"solitary, eusocial, kleptoparasitic, ground-nester, above-ground-nester",,,,,,,,,,
HumanObservation,"Ceratina umbricosta Roig-Alsina, 2013",Behavior,,Solitary,,mode,,both,adult,"solitary, eusocial, kleptoparasitic, ground-nester, above-ground-nester",,,,,,,,,,
HumanObservation,"Ceratina umbricosta Roig-Alsina, 2013",Nesting site,,Above ground,,mode,,both,adult,"solitary, eusocial, kleptoparasitic, ground-nester, above-ground-nester",,,,,,,,,,
PreservedSpecimen,"Ceratina umbricosta Roig-Alsina, 2013",Feeding habit,,Generalist,,mode,,both,adult,"solitary, eusocial, kleptoparasitic, ground-nester, above-ground-nester",,,,,,,,,,
HumanObservation,"Ceratina canaliculata Roig-Alsina, 2016",Behavior,,Solitary,,mode,,both,adult,"solitary, eusocial, kleptoparasitic, ground-nester, above-ground-nester",,,,,,,,,,
HumanObservation,"Ceratina canaliculata Roig-Alsina, 2016",Nesting site,,Above ground,,mode,,both,adult,"solitary, eusocial, kleptoparasitic, ground-nester, above-ground-nester",,,,,,,,,,
PreservedSpecimen,"Ceratina canaliculata Roig-Alsina, 2016",Feeding habit,,Generalist,,mode,,both,adult,"solitary, eusocial, kleptoparasitic, ground-nester, above-ground-nester",,,,,,,,,,
HumanObservation,"Ceratina stilbonota Moure, 1941",Behavior,,Solitary,,mode,,both,adult,"solitary, eusocial, kleptoparasitic, ground-nester, above-ground-nester",,,,,,,,,,
HumanObservation,"Ceratina stilbonota Moure, 1941",Nesting site,,Above ground,,mode,,both,adult,"solitary, eusocial, kleptoparasitic, ground-nester, above-ground-nester",,,,,,,,,,
PreservedSpecimen,"Ceratina stilbonota Moure, 1941",Feeding habit,,Generalist,,mode,,both,adult,"solitary, eusocial, kleptoparasitic, ground-nester, above-ground-nester",,,,,,,,,,
HumanObservation,"Ceratina volitans Schrottky, 1907",Behavior,,Solitary,,mode,,both,adult,"solitary, eusocial, kleptoparasitic, ground-nester, above-ground-nester",,,,,,,,,,
HumanObservation,"Ceratina volitans Schrottky, 1907",Nesting site,,Above ground,,mode,,both,adult,"solitary, eusocial, kleptoparasitic, ground-nester, above-ground-nester",,,,,,,,,,
PreservedSpecimen,"Ceratina volitans Schrottky, 1907",Feeding habit,,Generalist,,mode,,both,adult,"solitary, eusocial, kleptoparasitic, ground-nester, above-ground-nester",,,,,,,,,,
HumanObservation,"Xylocopa augusti Lepeletier, 1841",Behavior,,Solitary,,mode,,both,adult,"solitary, eusocial, kleptoparasitic, ground-nester, above-ground-nester",,,,,,,,,,
HumanObservation,"Xylocopa augusti Lepeletier, 1841",Nesting site,,Above ground,,mode,,both,adult,"solitary, eusocial, kleptoparasitic, ground-nester, above-ground-nester",,,,,,,,,,
PreservedSpecimen,"Xylocopa augusti Lepeletier, 1841",Feeding habit,,Generalist,,mode,,both,adult,"solitary, eusocial, kleptoparasitic, ground-nester, above-ground-nester",,,,,,,,,,
HumanObservation,Xylocopa frontalis,Behavior,,Solitary,,mode,,both,adult,"solitary, eusocial, kleptoparasitic, ground-nester, above-ground-nester",,,,,,,,,,
HumanObservation,Xylocopa frontalis,Nesting site,,Above ground,,mode,,both,adult,"solitary, eusocial, kleptoparasitic, ground-nester, above-ground-nester",,,,,,,,,,
PreservedSpecimen,Xylocopa frontalis,Feeding habit,,Generalist,,mode,,both,adult,"solitary, eusocial, kleptoparasitic, ground-nester, above-ground-nester",,,,,,,,,,
HumanObservation,"Xylocopa artifex Smith, 1874Colletinae",Behavior,,Solitary,,mode,,both,adult,"solitary, eusocial, kleptoparasitic, ground-nester, above-ground-nester",,,,,,,,,,
HumanObservation,"Xylocopa artifex Smith, 1874Colletinae",Nesting site,,Above ground,,mode,,both,adult,"solitary, eusocial, kleptoparasitic, ground-nester, above-ground-nester",,,,,,,,,,
PreservedSpecimen,"Xylocopa artifex Smith, 1874Colletinae",Feeding habit,,Generalist,,mode,,both,adult,"solitary, eusocial, kleptoparasitic, ground-nester, above-ground-nester",,,,,,,,,,
HumanObservation,"Colletes argentinus Friese, 1908",Behavior,,Solitary,,mode,,both,adult,"solitary, eusocial, kleptoparasitic, ground-nester, above-ground-nester",,,,,,,,,,
HumanObservation,"Colletes argentinus Friese, 1908",Nesting site,,Ground,,mode,,both,adult,"solitary, eusocial, kleptoparasitic, ground-nester, above-ground-nester",,,,,,,,,,
PreservedSpecimen,"Colletes argentinus Friese, 1908",Feeding habit,,Generalist,,mode,,both,adult,"solitary, eusocial, kleptoparasitic, ground-nester, above-ground-nester",,,,,,,,,,
HumanObservation,"Colletes michenerianus Moure, 1956",Behavior,,Solitary,,mode,,both,adult,"solitary, eusocial, kleptoparasitic, ground-nester, above-ground-nester",,,,,,,,,,
HumanObservation,"Colletes michenerianus Moure, 1956",Nesting site,,Ground,,mode,,both,adult,"solitary, eusocial, kleptoparasitic, ground-nester, above-ground-nester",,,,,,,,,,
PreservedSpecimen,"Colletes michenerianus Moure, 1956",Feeding habit,,Generalist,,mode,,both,adult,"solitary, eusocial, kleptoparasitic, ground-nester, above-ground-nester",,,,,,,,,,
HumanObservation,"Colletes rugicollis Friese, 1900",Behavior,,Solitary,,mode,,both,adult,"solitary, eusocial, kleptoparasitic, ground-nester, above-ground-nester",,,,,,,,,,
HumanObservation,"Colletes rugicollis Friese, 1900",Nesting site,,Ground,,mode,,both,adult,"solitary, eusocial, kleptoparasitic, ground-nester, above-ground-nester",,,,,,,,,,
PreservedSpecimen,"Colletes rugicollis Friese, 1900",Feeding habit,,Generalist,,mode,,both,adult,"solitary, eusocial, kleptoparasitic, ground-nester, above-ground-nester",,,,,,,,,,
HumanObservation,"Hylaeus cecidonastes Moure, 1972",Behavior,,Solitary,,mode,,both,adult,"solitary, eusocial, kleptoparasitic, ground-nester, above-ground-nester",,,,,,,,,,
HumanObservation,"Hylaeus cecidonastes Moure, 1972",Nesting site,,Above ground,,mode,,both,adult,"solitary, eusocial, kleptoparasitic, ground-nester, above-ground-nester",,,,,,,,,,
PreservedSpecimen,"Hylaeus cecidonastes Moure, 1972",Feeding habit,,Generalist,,mode,,both,adult,"solitary, eusocial, kleptoparasitic, ground-nester, above-ground-nester",,,,,,,,,,
HumanObservation,Hylaeus sp. 01,Behavior,,Solitary,,mode,,both,adult,"solitary, eusocial, kleptoparasitic, ground-nester, above-ground-nester",,,,,,,,,,
HumanObservation,Hylaeus sp. 01,Nesting site,,Above ground,,mode,,both,adult,"solitary, eusocial, kleptoparasitic, ground-nester, above-ground-nester",,,,,,,,,,
PreservedSpecimen,Hylaeus sp. 01,Feeding habit,,Generalist,,mode,,both,adult,"solitary, eusocial, kleptoparasitic, ground-nester, above-ground-nester",,,,,,,,,,
HumanObservation,Hylaeus sp. 02,Behavior,,Solitary,,mode,,both,adult,"solitary, eusocial, kleptoparasitic, ground-nester, above-ground-nester",,,,,,,,,,
HumanObservation,Hylaeus sp. 02,Nesting site,,Above ground,,mode,,both,adult,"solitary, eusocial, kleptoparasitic, ground-nester, above-ground-nester",,,,,,,,,,
PreservedSpecimen,Hylaeus sp. 02,Feeding habit,,Generalist,,mode,,both,adult,"solitary, eusocial, kleptoparasitic, ground-nester, above-ground-nester",,,,,,,,,,
HumanObservation,Hylaeus sp. 03,Behavior,,Solitary,,mode,,both,adult,"solitary, eusocial, kleptoparasitic, ground-nester, above-ground-nester",,,,,,,,,,
HumanObservation,Hylaeus sp. 03,Nesting site,,Above ground,,mode,,both,adult,"solitary, eusocial, kleptoparasitic, ground-nester, above-ground-nester",,,,,,,,,,
PreservedSpecimen,Hylaeus sp. 03,Feeding habit,,Generalist,,mode,,both,adult,"solitary, eusocial, kleptoparasitic, ground-nester, above-ground-nester",,,,,,,,,,
HumanObservation,Hylaeus sp. 04,Behavior,,Solitary,,mode,,both,adult,"solitary, eusocial, kleptoparasitic, ground-nester, above-ground-nester",,,,,,,,,,
HumanObservation,Hylaeus sp. 04,Nesting site,,Above ground,,mode,,both,adult,"solitary, eusocial, kleptoparasitic, ground-nester, above-ground-nester",,,,,,,,,,
PreservedSpecimen,Hylaeus sp. 04,Feeding habit,,Generalist,,mode,,both,adult,"solitary, eusocial, kleptoparasitic, ground-nester, above-ground-nester",,,,,,,,,,
HumanObservation,Hylaeus sp. 05,Behavior,,Solitary,,mode,,both,adult,"solitary, eusocial, kleptoparasitic, ground-nester, above-ground-nester",,,,,,,,,,
HumanObservation,Hylaeus sp. 05,Nesting site,,Above ground,,mode,,both,adult,"solitary, eusocial, kleptoparasitic, ground-nester, above-ground-nester",,,,,,,,,,
PreservedSpecimen,Hylaeus sp. 05,Feeding habit,,Generalist,,mode,,both,adult,"solitary, eusocial, kleptoparasitic, ground-nester, above-ground-nester",,,,,,,,,,
HumanObservation,Hylaeus sp. 06,Behavior,,Solitary,,mode,,both,adult,"solitary, eusocial, kleptoparasitic, ground-nester, above-ground-nester",,,,,,,,,,
HumanObservation,Hylaeus sp. 06,Nesting site,,Above ground,,mode,,both,adult,"solitary, eusocial, kleptoparasitic, ground-nester, above-ground-nester",,,,,,,,,,
PreservedSpecimen,Hylaeus sp. 06,Feeding habit,,Generalist,,mode,,both,adult,"solitary, eusocial, kleptoparasitic, ground-nester, above-ground-nester",,,,,,,,,,
HumanObservation,Hylaeus sp. 07,Behavior,,Solitary,,mode,,both,adult,"solitary, eusocial, kleptoparasitic, ground-nester, above-ground-nester",,,,,,,,,,
HumanObservation,Hylaeus sp. 07,Nesting site,,Above ground,,mode,,both,adult,"solitary, eusocial, kleptoparasitic, ground-nester, above-ground-nester",,,,,,,,,,
PreservedSpecimen,Hylaeus sp. 07,Feeding habit,,Generalist,,mode,,both,adult,"solitary, eusocial, kleptoparasitic, ground-nester, above-ground-nester",,,,,,,,,,
HumanObservation,Hylaeus sp. 08,Behavior,,Solitary,,mode,,both,adult,"solitary, eusocial, kleptoparasitic, ground-nester, above-ground-nester",,,,,,,,,,
HumanObservation,Hylaeus sp. 08,Nesting site,,Above ground,,mode,,both,adult,"solitary, eusocial, kleptoparasitic, ground-nester, above-ground-nester",,,,,,,,,,
PreservedSpecimen,Hylaeus sp. 08,Feeding habit,,Generalist,,mode,,both,adult,"solitary, eusocial, kleptoparasitic, ground-nester, above-ground-nester",,,,,,,,,,
HumanObservation,Hylaeus sp. 09,Behavior,,Solitary,,mode,,both,adult,"solitary, eusocial, kleptoparasitic, ground-nester, above-ground-nester",,,,,,,,,,
HumanObservation,Hylaeus sp. 09,Nesting site,,Above ground,,mode,,both,adult,"solitary, eusocial, kleptoparasitic, ground-nester, above-ground-nester",,,,,,,,,,
PreservedSpecimen,Hylaeus sp. 09,Feeding habit,,Generalist,,mode,,both,adult,"solitary, eusocial, kleptoparasitic, ground-nester, above-ground-nester",,,,,,,,,,
HumanObservation,"Belopria zonata Moure, 1956",Behavior,,Solitary,,mode,,both,adult,"solitary, eusocial, kleptoparasitic, ground-nester, above-ground-nester",,,,,,,,,,
HumanObservation,"Belopria zonata Moure, 1956",Nesting site,,Ground,,mode,,both,adult,"solitary, eusocial, kleptoparasitic, ground-nester, above-ground-nester",,,,,,,,,,
PreservedSpecimen,"Belopria zonata Moure, 1956",Feeding habit,,Specialist,,mode,,both,adult,"solitary, eusocial, kleptoparasitic, ground-nester, above-ground-nester",,,,,,,,,,
HumanObservation,Belopria sp. 02,Behavior,,Solitary,,mode,,both,adult,"solitary, eusocial, kleptoparasitic, ground-nester, above-ground-nester",,,,,,,,,,
HumanObservation,Belopria sp. 02,Nesting site,,Ground,,mode,,both,adult,"solitary, eusocial, kleptoparasitic, ground-nester, above-ground-nester",,,,,,,,,,
PreservedSpecimen,Belopria sp. 02,Feeding habit,,Specialist,,mode,,both,adult,"solitary, eusocial, kleptoparasitic, ground-nester, above-ground-nester",,,,,,,,,,
HumanObservation,"Bicolletes tauraphilus Laroca & Almeida, 2005",Behavior,,Solitary,,mode,,both,adult,"solitary, eusocial, kleptoparasitic, ground-nester, above-ground-nester",,,,,,,,,,
HumanObservation,"Bicolletes tauraphilus Laroca & Almeida, 2005",Nesting site,,Ground,,mode,,both,adult,"solitary, eusocial, kleptoparasitic, ground-nester, above-ground-nester",,,,,,,,,,
PreservedSpecimen,"Bicolletes tauraphilus Laroca & Almeida, 2005",Feeding habit,,Specialist,,mode,,both,adult,"solitary, eusocial, kleptoparasitic, ground-nester, above-ground-nester",,,,,,,,,,
HumanObservation,Ctenosibyne cingulata,Behavior,,Solitary,,mode,,both,adult,"solitary, eusocial, kleptoparasitic, ground-nester, above-ground-nester",,,,,,,,,,
HumanObservation,Ctenosibyne cingulata,Nesting site,,Ground,,mode,,both,adult,"solitary, eusocial, kleptoparasitic, ground-nester, above-ground-nester",,,,,,,,,,
PreservedSpecimen,Ctenosibyne cingulata,Feeding habit,,Specialist,,mode,,both,adult,"solitary, eusocial, kleptoparasitic, ground-nester, above-ground-nester",,,,,,,,,,
HumanObservation,"Eulonchopria psaenythioides Brèthes, 1909",Behavior,,Solitary,,mode,,both,adult,"solitary, eusocial, kleptoparasitic, ground-nester, above-ground-nester",,,,,,,,,,
HumanObservation,"Eulonchopria psaenythioides Brèthes, 1909",Nesting site,,Ground,,mode,,both,adult,"solitary, eusocial, kleptoparasitic, ground-nester, above-ground-nester",,,,,,,,,,
PreservedSpecimen,"Eulonchopria psaenythioides Brèthes, 1909",Feeding habit,,Specialist,,mode,,both,adult,"solitary, eusocial, kleptoparasitic, ground-nester, above-ground-nester",,,,,,,,,,
HumanObservation,Tetraglossula anthracina,Behavior,,Solitary,,mode,,both,adult,"solitary, eusocial, kleptoparasitic, ground-nester, above-ground-nester",,,,,,,,,,
HumanObservation,Tetraglossula anthracina,Nesting site,,Ground,,mode,,both,adult,"solitary, eusocial, kleptoparasitic, ground-nester, above-ground-nester",,,,,,,,,,
PreservedSpecimen,Tetraglossula anthracina,Feeding habit,,Specialist,,mode,,both,adult,"solitary, eusocial, kleptoparasitic, ground-nester, above-ground-nester",,,,,,,,,,
HumanObservation,Chilicola sp. 01,Behavior,,Solitary,,mode,,both,adult,"solitary, eusocial, kleptoparasitic, ground-nester, above-ground-nester",,,,,,,,,,
HumanObservation,Chilicola sp. 01,Nesting site,,Above ground,,mode,,both,adult,"solitary, eusocial, kleptoparasitic, ground-nester, above-ground-nester",,,,,,,,,,
PreservedSpecimen,Chilicola sp. 01,Feeding habit,,Generalist,,mode,,both,adult,"solitary, eusocial, kleptoparasitic, ground-nester, above-ground-nester",,,,,,,,,,
HumanObservation,Chilicola sp. 02,Behavior,,Solitary,,mode,,both,adult,"solitary, eusocial, kleptoparasitic, ground-nester, above-ground-nester",,,,,,,,,,
HumanObservation,Chilicola sp. 02,Nesting site,,Above ground,,mode,,both,adult,"solitary, eusocial, kleptoparasitic, ground-nester, above-ground-nester",,,,,,,,,,
PreservedSpecimen,Chilicola sp. 02,Feeding habit,,Generalist,,mode,,both,adult,"solitary, eusocial, kleptoparasitic, ground-nester, above-ground-nester",,,,,,,,,,
HumanObservation,Chilicola cfr. prosopoides,Behavior,,Solitary,,mode,,both,adult,"solitary, eusocial, kleptoparasitic, ground-nester, above-ground-nester",,,,,,,,,,
HumanObservation,Chilicola cfr. prosopoides,Nesting site,,Above ground,,mode,,both,adult,"solitary, eusocial, kleptoparasitic, ground-nester, above-ground-nester",,,,,,,,,,
PreservedSpecimen,Chilicola cfr. prosopoides,Feeding habit,,Generalist,,mode,,both,adult,"solitary, eusocial, kleptoparasitic, ground-nester, above-ground-nester",,,,,,,,,,
HumanObservation,"Augochlora caerulior Cockerell, 1900",Behavior,,Primitively eusocial,,mode,,both,adult,"solitary, eusocial, kleptoparasitic, ground-nester, above-ground-nester",,,,,,,,,,
HumanObservation,"Augochlora caerulior Cockerell, 1900",Nesting site,,Above ground,,mode,,both,adult,"solitary, eusocial, kleptoparasitic, ground-nester, above-ground-nester",,,,,,,,,,
PreservedSpecimen,"Augochlora caerulior Cockerell, 1900",Feeding habit,,Generalist,,mode,,both,adult,"solitary, eusocial, kleptoparasitic, ground-nester, above-ground-nester",,,,,,,,,,
HumanObservation,Augochlora cydippe,Behavior,,Primitively eusocial,,mode,,both,adult,"solitary, eusocial, kleptoparasitic, ground-nester, above-ground-nester",,,,,,,,,,
HumanObservation,Augochlora cydippe,Nesting site,,Above ground,,mode,,both,adult,"solitary, eusocial, kleptoparasitic, ground-nester, above-ground-nester",,,,,,,,,,
PreservedSpecimen,Augochlora cydippe,Feeding habit,,Generalist,,mode,,both,adult,"solitary, eusocial, kleptoparasitic, ground-nester, above-ground-nester",,,,,,,,,,
HumanObservation,"Augochlora daphnis Smith, 1853",Behavior,,Primitively eusocial,,mode,,both,adult,"solitary, eusocial, kleptoparasitic, ground-nester, above-ground-nester",,,,,,,,,,
HumanObservation,"Augochlora daphnis Smith, 1853",Nesting site,,Above ground,,mode,,both,adult,"solitary, eusocial, kleptoparasitic, ground-nester, above-ground-nester",,,,,,,,,,
PreservedSpecimen,"Augochlora daphnis Smith, 1853",Feeding habit,,Generalist,,mode,,both,adult,"solitary, eusocial, kleptoparasitic, ground-nester, above-ground-nester",,,,,,,,,,
HumanObservation,Augochlora nausicaa,Behavior,,Primitively eusocial,,mode,,both,adult,"solitary, eusocial, kleptoparasitic, ground-nester, above-ground-nester",,,,,,,,,,
HumanObservation,Augochlora nausicaa,Nesting site,,Above ground,,mode,,both,adult,"solitary, eusocial, kleptoparasitic, ground-nester, above-ground-nester",,,,,,,,,,
PreservedSpecimen,Augochlora nausicaa,Feeding habit,,Generalist,,mode,,both,adult,"solitary, eusocial, kleptoparasitic, ground-nester, above-ground-nester",,,,,,,,,,
HumanObservation,"Augochlora perimelas Cockerell, 1900",Behavior,,Primitively eusocial,,mode,,both,adult,"solitary, eusocial, kleptoparasitic, ground-nester, above-ground-nester",,,,,,,,,,
HumanObservation,"Augochlora perimelas Cockerell, 1900",Nesting site,,Above ground,,mode,,both,adult,"solitary, eusocial, kleptoparasitic, ground-nester, above-ground-nester",,,,,,,,,,
PreservedSpecimen,"Augochlora perimelas Cockerell, 1900",Feeding habit,,Generalist,,mode,,both,adult,"solitary, eusocial, kleptoparasitic, ground-nester, above-ground-nester",,,,,,,,,,
HumanObservation,Augochlora phoemonoe,Behavior,,Primitively eusocial,,mode,,both,adult,"solitary, eusocial, kleptoparasitic, ground-nester, above-ground-nester",,,,,,,,,,
HumanObservation,Augochlora phoemonoe,Nesting site,,Above ground,,mode,,both,adult,"solitary, eusocial, kleptoparasitic, ground-nester, above-ground-nester",,,,,,,,,,
PreservedSpecimen,Augochlora phoemonoe,Feeding habit,,Generalist,,mode,,both,adult,"solitary, eusocial, kleptoparasitic, ground-nester, above-ground-nester",,,,,,,,,,
HumanObservation,"Augochlora seitzi Cockerell, 1929",Behavior,,Primitively eusocial,,mode,,both,adult,"solitary, eusocial, kleptoparasitic, ground-nester, above-ground-nester",,,,,,,,,,
HumanObservation,"Augochlora seitzi Cockerell, 1929",Nesting site,,Above ground,,mode,,both,adult,"solitary, eusocial, kleptoparasitic, ground-nester, above-ground-nester",,,,,,,,,,
PreservedSpecimen,"Augochlora seitzi Cockerell, 1929",Feeding habit,,Generalist,,mode,,both,adult,"solitary, eusocial, kleptoparasitic, ground-nester, above-ground-nester",,,,,,,,,,
HumanObservation,Augochlora esox,Behavior,,Primitively eusocial,,mode,,both,adult,"solitary, eusocial, kleptoparasitic, ground-nester, above-ground-nester",,,,,,,,,,
HumanObservation,Augochlora esox,Nesting site,,Above ground,,mode,,both,adult,"solitary, eusocial, kleptoparasitic, ground-nester, above-ground-nester",,,,,,,,,,
PreservedSpecimen,Augochlora esox,Feeding habit,,Generalist,,mode,,both,adult,"solitary, eusocial, kleptoparasitic, ground-nester, above-ground-nester",,,,,,,,,,
HumanObservation,"Augochlora genalis Lepeco & Gonçalves, 2020",Behavior,,Primitively eusocial,,mode,,both,adult,"solitary, eusocial, kleptoparasitic, ground-nester, above-ground-nester",,,,,,,,,,
HumanObservation,"Augochlora genalis Lepeco & Gonçalves, 2020",Nesting site,,Above ground,,mode,,both,adult,"solitary, eusocial, kleptoparasitic, ground-nester, above-ground-nester",,,,,,,,,,
PreservedSpecimen,"Augochlora genalis Lepeco & Gonçalves, 2020",Feeding habit,,Generalist,,mode,,both,adult,"solitary, eusocial, kleptoparasitic, ground-nester, above-ground-nester",,,,,,,,,,
HumanObservation,"Augochlora iphigenia Holmberg, 1886",Behavior,,Primitively eusocial,,mode,,both,adult,"solitary, eusocial, kleptoparasitic, ground-nester, above-ground-nester",,,,,,,,,,
HumanObservation,"Augochlora iphigenia Holmberg, 1886",Nesting site,,Ground,,mode,,both,adult,"solitary, eusocial, kleptoparasitic, ground-nester, above-ground-nester",,,,,,,,,,
PreservedSpecimen,"Augochlora iphigenia Holmberg, 1886",Feeding habit,,Generalist,,mode,,both,adult,"solitary, eusocial, kleptoparasitic, ground-nester, above-ground-nester",,,,,,,,,,
HumanObservation,Augochlora morrae,Behavior,,Primitively eusocial,,mode,,both,adult,"solitary, eusocial, kleptoparasitic, ground-nester, above-ground-nester",,,,,,,,,,
HumanObservation,Augochlora morrae,Nesting site,,Ground,,mode,,both,adult,"solitary, eusocial, kleptoparasitic, ground-nester, above-ground-nester",,,,,,,,,,
PreservedSpecimen,Augochlora morrae,Feeding habit,,Generalist,,mode,,both,adult,"solitary, eusocial, kleptoparasitic, ground-nester, above-ground-nester",,,,,,,,,,
HumanObservation,Augochlorella ephyra,Behavior,,Primitively eusocial,,mode,,both,adult,"solitary, eusocial, kleptoparasitic, ground-nester, above-ground-nester",,,,,,,,,,
HumanObservation,Augochlorella ephyra,Nesting site,,Ground,,mode,,both,adult,"solitary, eusocial, kleptoparasitic, ground-nester, above-ground-nester",,,,,,,,,,
PreservedSpecimen,Augochlorella ephyra,Feeding habit,,Generalist,,mode,,both,adult,"solitary, eusocial, kleptoparasitic, ground-nester, above-ground-nester",,,,,,,,,,
HumanObservation,"Augochlorella iopoecila Moure, 1950",Behavior,,Primitively eusocial,,mode,,both,adult,"solitary, eusocial, kleptoparasitic, ground-nester, above-ground-nester",,,,,,,,,,
HumanObservation,"Augochlorella iopoecila Moure, 1950",Nesting site,,Ground,,mode,,both,adult,"solitary, eusocial, kleptoparasitic, ground-nester, above-ground-nester",,,,,,,,,,
PreservedSpecimen,"Augochlorella iopoecila Moure, 1950",Feeding habit,,Generalist,,mode,,both,adult,"solitary, eusocial, kleptoparasitic, ground-nester, above-ground-nester",,,,,,,,,,
HumanObservation,Augochlorella urania,Behavior,,Primitively eusocial,,mode,,both,adult,"solitary, eusocial, kleptoparasitic, ground-nester, above-ground-nester",,,,,,,,,,
HumanObservation,Augochlorella urania,Nesting site,,Ground,,mode,,both,adult,"solitary, eusocial, kleptoparasitic, ground-nester, above-ground-nester",,,,,,,,,,
PreservedSpecimen,Augochlorella urania,Feeding habit,,Generalist,,mode,,both,adult,"solitary, eusocial, kleptoparasitic, ground-nester, above-ground-nester",,,,,,,,,,
HumanObservation,"Augochlorella acarinata Coelho, 2004",Behavior,,Primitively eusocial,,mode,,both,adult,"solitary, eusocial, kleptoparasitic, ground-nester, above-ground-nester",,,,,,,,,,
HumanObservation,"Augochlorella acarinata Coelho, 2004",Nesting site,,Ground,,mode,,both,adult,"solitary, eusocial, kleptoparasitic, ground-nester, above-ground-nester",,,,,,,,,,
PreservedSpecimen,"Augochlorella acarinata Coelho, 2004",Feeding habit,,Generalist,,mode,,both,adult,"solitary, eusocial, kleptoparasitic, ground-nester, above-ground-nester",,,,,,,,,,
HumanObservation,"Augochloropsis brachycephala Moure, 1943",Behavior,,Solitary,,mode,,both,adult,"solitary, eusocial, kleptoparasitic, ground-nester, above-ground-nester",,,,,,,,,,
HumanObservation,"Augochloropsis brachycephala Moure, 1943",Nesting site,,Ground,,mode,,both,adult,"solitary, eusocial, kleptoparasitic, ground-nester, above-ground-nester",,,,,,,,,,
PreservedSpecimen,"Augochloropsis brachycephala Moure, 1943",Feeding habit,,Generalist,,mode,,both,adult,"solitary, eusocial, kleptoparasitic, ground-nester, above-ground-nester",,,,,,,,,,
HumanObservation,Augochloropsis sp. 11,Behavior,,Solitary,,mode,,both,adult,"solitary, eusocial, kleptoparasitic, ground-nester, above-ground-nester",,,,,,,,,,
HumanObservation,Augochloropsis sp. 11,Nesting site,,Ground,,mode,,both,adult,"solitary, eusocial, kleptoparasitic, ground-nester, above-ground-nester",,,,,,,,,,
PreservedSpecimen,Augochloropsis sp. 11,Feeding habit,,Generalist,,mode,,both,adult,"solitary, eusocial, kleptoparasitic, ground-nester, above-ground-nester",,,,,,,,,,
HumanObservation,Augochloropsis sp. 11,Behavior,,Solitary,,mode,,both,adult,"solitary, eusocial, kleptoparasitic, ground-nester, above-ground-nester",,,,,,,,,,
HumanObservation,Augochloropsis sp. 11,Nesting site,,Ground,,mode,,both,adult,"solitary, eusocial, kleptoparasitic, ground-nester, above-ground-nester",,,,,,,,,,
PreservedSpecimen,Augochloropsis sp. 11,Feeding habit,,Generalist,,mode,,both,adult,"solitary, eusocial, kleptoparasitic, ground-nester, above-ground-nester",,,,,,,,,,
HumanObservation,Augochloropsis chloera,Behavior,,Solitary,,mode,,both,adult,"solitary, eusocial, kleptoparasitic, ground-nester, above-ground-nester",,,,,,,,,,
HumanObservation,Augochloropsis chloera,Nesting site,,Ground,,mode,,both,adult,"solitary, eusocial, kleptoparasitic, ground-nester, above-ground-nester",,,,,,,,,,
PreservedSpecimen,Augochloropsis chloera,Feeding habit,,Generalist,,mode,,both,adult,"solitary, eusocial, kleptoparasitic, ground-nester, above-ground-nester",,,,,,,,,,
HumanObservation,Augochloropsis cleopatra,Behavior,,Solitary,,mode,,both,adult,"solitary, eusocial, kleptoparasitic, ground-nester, above-ground-nester",,,,,,,,,,
HumanObservation,Augochloropsis cleopatra,Nesting site,,Ground,,mode,,both,adult,"solitary, eusocial, kleptoparasitic, ground-nester, above-ground-nester",,,,,,,,,,
PreservedSpecimen,Augochloropsis cleopatra,Feeding habit,,Generalist,,mode,,both,adult,"solitary, eusocial, kleptoparasitic, ground-nester, above-ground-nester",,,,,,,,,,
HumanObservation,Augochloropsis cupreola,Behavior,,Solitary,,mode,,both,adult,"solitary, eusocial, kleptoparasitic, ground-nester, above-ground-nester",,,,,,,,,,
HumanObservation,Augochloropsis cupreola,Nesting site,,Ground,,mode,,both,adult,"solitary, eusocial, kleptoparasitic, ground-nester, above-ground-nester",,,,,,,,,,
PreservedSpecimen,Augochloropsis cupreola,Feeding habit,,Generalist,,mode,,both,adult,"solitary, eusocial, kleptoparasitic, ground-nester, above-ground-nester",,,,,,,,,,
HumanObservation,Augochloropsis iris,Behavior,,Solitary,,mode,,both,adult,"solitary, eusocial, kleptoparasitic, ground-nester, above-ground-nester",,,,,,,,,,
HumanObservation,Augochloropsis iris,Nesting site,,Ground,,mode,,both,adult,"solitary, eusocial, kleptoparasitic, ground-nester, above-ground-nester",,,,,,,,,,
PreservedSpecimen,Augochloropsis iris,Feeding habit,,Generalist,,mode,,both,adult,"solitary, eusocial, kleptoparasitic, ground-nester, above-ground-nester",,,,,,,,,,
HumanObservation,Augochloropsis multiplex,Behavior,,Solitary,,mode,,both,adult,"solitary, eusocial, kleptoparasitic, ground-nester, above-ground-nester",,,,,,,,,,
HumanObservation,Augochloropsis multiplex,Nesting site,,Ground,,mode,,both,adult,"solitary, eusocial, kleptoparasitic, ground-nester, above-ground-nester",,,,,,,,,,
PreservedSpecimen,Augochloropsis multiplex,Feeding habit,,Generalist,,mode,,both,adult,"solitary, eusocial, kleptoparasitic, ground-nester, above-ground-nester",,,,,,,,,,
HumanObservation,Augochloropsis sparsilis,Behavior,,Solitary,,mode,,both,adult,"solitary, eusocial, kleptoparasitic, ground-nester, above-ground-nester",,,,,,,,,,
HumanObservation,Augochloropsis sparsilis,Nesting site,,Ground,,mode,,both,adult,"solitary, eusocial, kleptoparasitic, ground-nester, above-ground-nester",,,,,,,,,,
PreservedSpecimen,Augochloropsis sparsilis,Feeding habit,,Generalist,,mode,,both,adult,"solitary, eusocial, kleptoparasitic, ground-nester, above-ground-nester",,,,,,,,,,
HumanObservation,Augochloropsis sp. 02,Behavior,,Solitary,,mode,,both,adult,"solitary, eusocial, kleptoparasitic, ground-nester, above-ground-nester",,,,,,,,,,
HumanObservation,Augochloropsis sp. 02,Nesting site,,Ground,,mode,,both,adult,"solitary, eusocial, kleptoparasitic, ground-nester, above-ground-nester",,,,,,,,,,
PreservedSpecimen,Augochloropsis sp. 02,Feeding habit,,Generalist,,mode,,both,adult,"solitary, eusocial, kleptoparasitic, ground-nester, above-ground-nester",,,,,,,,,,
HumanObservation,Augochloropsis sp. 03,Behavior,,Solitary,,mode,,both,adult,"solitary, eusocial, kleptoparasitic, ground-nester, above-ground-nester",,,,,,,,,,
HumanObservation,Augochloropsis sp. 03,Nesting site,,Ground,,mode,,both,adult,"solitary, eusocial, kleptoparasitic, ground-nester, above-ground-nester",,,,,,,,,,
PreservedSpecimen,Augochloropsis sp. 03,Feeding habit,,Generalist,,mode,,both,adult,"solitary, eusocial, kleptoparasitic, ground-nester, above-ground-nester",,,,,,,,,,
HumanObservation,Augochloropsis sp. 05,Behavior,,Solitary,,mode,,both,adult,"solitary, eusocial, kleptoparasitic, ground-nester, above-ground-nester",,,,,,,,,,
HumanObservation,Augochloropsis sp. 05,Nesting site,,Ground,,mode,,both,adult,"solitary, eusocial, kleptoparasitic, ground-nester, above-ground-nester",,,,,,,,,,
PreservedSpecimen,Augochloropsis sp. 05,Feeding habit,,Generalist,,mode,,both,adult,"solitary, eusocial, kleptoparasitic, ground-nester, above-ground-nester",,,,,,,,,,
HumanObservation,Augochloropsis sp. 09,Behavior,,Solitary,,mode,,both,adult,"solitary, eusocial, kleptoparasitic, ground-nester, above-ground-nester",,,,,,,,,,
HumanObservation,Augochloropsis sp. 09,Nesting site,,Ground,,mode,,both,adult,"solitary, eusocial, kleptoparasitic, ground-nester, above-ground-nester",,,,,,,,,,
PreservedSpecimen,Augochloropsis sp. 09,Feeding habit,,Generalist,,mode,,both,adult,"solitary, eusocial, kleptoparasitic, ground-nester, above-ground-nester",,,,,,,,,,
HumanObservation,Augochloropsis sp. 10,Behavior,,Solitary,,mode,,both,adult,"solitary, eusocial, kleptoparasitic, ground-nester, above-ground-nester",,,,,,,,,,
HumanObservation,Augochloropsis sp. 10,Nesting site,,Ground,,mode,,both,adult,"solitary, eusocial, kleptoparasitic, ground-nester, above-ground-nester",,,,,,,,,,
PreservedSpecimen,Augochloropsis sp. 10,Feeding habit,,Generalist,,mode,,both,adult,"solitary, eusocial, kleptoparasitic, ground-nester, above-ground-nester",,,,,,,,,,
HumanObservation,Augochloropsis sp. 12,Behavior,,Solitary,,mode,,both,adult,"solitary, eusocial, kleptoparasitic, ground-nester, above-ground-nester",,,,,,,,,,
HumanObservation,Augochloropsis sp. 12,Nesting site,,Ground,,mode,,both,adult,"solitary, eusocial, kleptoparasitic, ground-nester, above-ground-nester",,,,,,,,,,
PreservedSpecimen,Augochloropsis sp. 12,Feeding habit,,Generalist,,mode,,both,adult,"solitary, eusocial, kleptoparasitic, ground-nester, above-ground-nester",,,,,,,,,,
HumanObservation,Augochloropsis sp. 13,Behavior,,Solitary,,mode,,both,adult,"solitary, eusocial, kleptoparasitic, ground-nester, above-ground-nester",,,,,,,,,,
HumanObservation,Augochloropsis sp. 13,Nesting site,,Ground,,mode,,both,adult,"solitary, eusocial, kleptoparasitic, ground-nester, above-ground-nester",,,,,,,,,,
PreservedSpecimen,Augochloropsis sp. 13,Feeding habit,,Generalist,,mode,,both,adult,"solitary, eusocial, kleptoparasitic, ground-nester, above-ground-nester",,,,,,,,,,
HumanObservation,Augochloropsis sp. 14,Behavior,,Solitary,,mode,,both,adult,"solitary, eusocial, kleptoparasitic, ground-nester, above-ground-nester",,,,,,,,,,
HumanObservation,Augochloropsis sp. 14,Nesting site,,Ground,,mode,,both,adult,"solitary, eusocial, kleptoparasitic, ground-nester, above-ground-nester",,,,,,,,,,
PreservedSpecimen,Augochloropsis sp. 14,Feeding habit,,Generalist,,mode,,both,adult,"solitary, eusocial, kleptoparasitic, ground-nester, above-ground-nester",,,,,,,,,,
HumanObservation,Augochloropsis sp. 15,Behavior,,Solitary,,mode,,both,adult,"solitary, eusocial, kleptoparasitic, ground-nester, above-ground-nester",,,,,,,,,,
HumanObservation,Augochloropsis sp. 15,Nesting site,,Ground,,mode,,both,adult,"solitary, eusocial, kleptoparasitic, ground-nester, above-ground-nester",,,,,,,,,,
PreservedSpecimen,Augochloropsis sp. 15,Feeding habit,,Generalist,,mode,,both,adult,"solitary, eusocial, kleptoparasitic, ground-nester, above-ground-nester",,,,,,,,,,
HumanObservation,Ceratalictus psoraspis,Behavior,,Solitary,,mode,,both,adult,"solitary, eusocial, kleptoparasitic, ground-nester, above-ground-nester",,,,,,,,,,
HumanObservation,Ceratalictus psoraspis,Nesting site,,Ground,,mode,,both,adult,"solitary, eusocial, kleptoparasitic, ground-nester, above-ground-nester",,,,,,,,,,
PreservedSpecimen,Ceratalictus psoraspis,Feeding habit,,Generalist,,mode,,both,adult,"solitary, eusocial, kleptoparasitic, ground-nester, above-ground-nester",,,,,,,,,,
HumanObservation,"Corynurella cognata Gonçalves, 2010",Behavior,,Solitary,,mode,,both,adult,"solitary, eusocial, kleptoparasitic, ground-nester, above-ground-nester",,,,,,,,,,
HumanObservation,"Corynurella cognata Gonçalves, 2010",Nesting site,,Ground,,mode,,both,adult,"solitary, eusocial, kleptoparasitic, ground-nester, above-ground-nester",,,,,,,,,,
PreservedSpecimen,"Corynurella cognata Gonçalves, 2010",Feeding habit,,Generalist,,mode,,both,adult,"solitary, eusocial, kleptoparasitic, ground-nester, above-ground-nester",,,,,,,,,,
HumanObservation,Halictillus loureiroi,Behavior,,Solitary,,mode,,both,adult,"solitary, eusocial, kleptoparasitic, ground-nester, above-ground-nester",,,,,,,,,,
HumanObservation,Halictillus loureiroi,Nesting site,,Ground,,mode,,both,adult,"solitary, eusocial, kleptoparasitic, ground-nester, above-ground-nester",,,,,,,,,,
PreservedSpecimen,Halictillus loureiroi,Feeding habit,,Generalist,,mode,,both,adult,"solitary, eusocial, kleptoparasitic, ground-nester, above-ground-nester",,,,,,,,,,
HumanObservation,Megommation insigne,Behavior,,Solitary,,mode,,both,adult,"solitary, eusocial, kleptoparasitic, ground-nester, above-ground-nester",,,,,,,,,,
HumanObservation,Megommation insigne,Nesting site,,Ground,,mode,,both,adult,"solitary, eusocial, kleptoparasitic, ground-nester, above-ground-nester",,,,,,,,,,
PreservedSpecimen,Megommation insigne,Feeding habit,,Generalist,,mode,,both,adult,"solitary, eusocial, kleptoparasitic, ground-nester, above-ground-nester",,,,,,,,,,
HumanObservation,Neocorynura atromarginata,Behavior,,Solitary,,mode,,both,adult,"solitary, eusocial, kleptoparasitic, ground-nester, above-ground-nester",,,,,,,,,,
HumanObservation,Neocorynura atromarginata,Nesting site,,Ground,,mode,,both,adult,"solitary, eusocial, kleptoparasitic, ground-nester, above-ground-nester",,,,,,,,,,
PreservedSpecimen,Neocorynura atromarginata,Feeding habit,,Generalist,,mode,,both,adult,"solitary, eusocial, kleptoparasitic, ground-nester, above-ground-nester",,,,,,,,,,
HumanObservation,Neocorynura codion,Behavior,,Solitary,,mode,,both,adult,"solitary, eusocial, kleptoparasitic, ground-nester, above-ground-nester",,,,,,,,,,
HumanObservation,Neocorynura codion,Nesting site,,Ground,,mode,,both,adult,"solitary, eusocial, kleptoparasitic, ground-nester, above-ground-nester",,,,,,,,,,
PreservedSpecimen,Neocorynura codion,Feeding habit,,Generalist,,mode,,both,adult,"solitary, eusocial, kleptoparasitic, ground-nester, above-ground-nester",,,,,,,,,,
HumanObservation,Neocorynura dilutipes,Behavior,,Solitary,,mode,,both,adult,"solitary, eusocial, kleptoparasitic, ground-nester, above-ground-nester",,,,,,,,,,
HumanObservation,Neocorynura dilutipes,Nesting site,,Ground,,mode,,both,adult,"solitary, eusocial, kleptoparasitic, ground-nester, above-ground-nester",,,,,,,,,,
PreservedSpecimen,Neocorynura dilutipes,Feeding habit,,Generalist,,mode,,both,adult,"solitary, eusocial, kleptoparasitic, ground-nester, above-ground-nester",,,,,,,,,,
HumanObservation,"Neocorynura hebe Gonçalves, 2019",Behavior,,Solitary,,mode,,both,adult,"solitary, eusocial, kleptoparasitic, ground-nester, above-ground-nester",,,,,,,,,,
HumanObservation,"Neocorynura hebe Gonçalves, 2019",Nesting site,,Ground,,mode,,both,adult,"solitary, eusocial, kleptoparasitic, ground-nester, above-ground-nester",,,,,,,,,,
PreservedSpecimen,"Neocorynura hebe Gonçalves, 2019",Feeding habit,,Generalist,,mode,,both,adult,"solitary, eusocial, kleptoparasitic, ground-nester, above-ground-nester",,,,,,,,,,
HumanObservation,Neocorynura iopodion,Behavior,,Solitary,,mode,,both,adult,"solitary, eusocial, kleptoparasitic, ground-nester, above-ground-nester",,,,,,,,,,
HumanObservation,Neocorynura iopodion,Nesting site,,Ground,,mode,,both,adult,"solitary, eusocial, kleptoparasitic, ground-nester, above-ground-nester",,,,,,,,,,
PreservedSpecimen,Neocorynura iopodion,Feeding habit,,Generalist,,mode,,both,adult,"solitary, eusocial, kleptoparasitic, ground-nester, above-ground-nester",,,,,,,,,,
HumanObservation,"Neocorynura laevistriata Gonçalves, 2019",Behavior,,Solitary,,mode,,both,adult,"solitary, eusocial, kleptoparasitic, ground-nester, above-ground-nester",,,,,,,,,,
HumanObservation,"Neocorynura laevistriata Gonçalves, 2019",Nesting site,,Ground,,mode,,both,adult,"solitary, eusocial, kleptoparasitic, ground-nester, above-ground-nester",,,,,,,,,,
PreservedSpecimen,"Neocorynura laevistriata Gonçalves, 2019",Feeding habit,,Generalist,,mode,,both,adult,"solitary, eusocial, kleptoparasitic, ground-nester, above-ground-nester",,,,,,,,,,
HumanObservation,Neocorynura roxane,Behavior,,Solitary,,mode,,both,adult,"solitary, eusocial, kleptoparasitic, ground-nester, above-ground-nester",,,,,,,,,,
HumanObservation,Neocorynura roxane,Nesting site,,Ground,,mode,,both,adult,"solitary, eusocial, kleptoparasitic, ground-nester, above-ground-nester",,,,,,,,,,
PreservedSpecimen,Neocorynura roxane,Feeding habit,,Generalist,,mode,,both,adult,"solitary, eusocial, kleptoparasitic, ground-nester, above-ground-nester",,,,,,,,,,
HumanObservation,Paroxystoglossa andromache,Behavior,,Solitary,,mode,,both,adult,"solitary, eusocial, kleptoparasitic, ground-nester, above-ground-nester",,,,,,,,,,
HumanObservation,Paroxystoglossa andromache,Nesting site,,Ground,,mode,,both,adult,"solitary, eusocial, kleptoparasitic, ground-nester, above-ground-nester",,,,,,,,,,
PreservedSpecimen,Paroxystoglossa andromache,Feeding habit,,Generalist,,mode,,both,adult,"solitary, eusocial, kleptoparasitic, ground-nester, above-ground-nester",,,,,,,,,,
HumanObservation,"Paroxystoglossa brachycera Moure, 1960",Behavior,,Solitary,,mode,,both,adult,"solitary, eusocial, kleptoparasitic, ground-nester, above-ground-nester",,,,,,,,,,
HumanObservation,"Paroxystoglossa brachycera Moure, 1960",Nesting site,,Ground,,mode,,both,adult,"solitary, eusocial, kleptoparasitic, ground-nester, above-ground-nester",,,,,,,,,,
PreservedSpecimen,"Paroxystoglossa brachycera Moure, 1960",Feeding habit,,Generalist,,mode,,both,adult,"solitary, eusocial, kleptoparasitic, ground-nester, above-ground-nester",,,,,,,,,,
HumanObservation,Paroxystoglossa jocasta,Behavior,,Solitary,,mode,,both,adult,"solitary, eusocial, kleptoparasitic, ground-nester, above-ground-nester",,,,,,,,,,
HumanObservation,Paroxystoglossa jocasta,Nesting site,,Ground,,mode,,both,adult,"solitary, eusocial, kleptoparasitic, ground-nester, above-ground-nester",,,,,,,,,,
PreservedSpecimen,Paroxystoglossa jocasta,Feeding habit,,Generalist,,mode,,both,adult,"solitary, eusocial, kleptoparasitic, ground-nester, above-ground-nester",,,,,,,,,,
HumanObservation,"Paroxystoglossa spiloptera Moure, 1960",Behavior,,Solitary,,mode,,both,adult,"solitary, eusocial, kleptoparasitic, ground-nester, above-ground-nester",,,,,,,,,,
HumanObservation,"Paroxystoglossa spiloptera Moure, 1960",Nesting site,,Ground,,mode,,both,adult,"solitary, eusocial, kleptoparasitic, ground-nester, above-ground-nester",,,,,,,,,,
PreservedSpecimen,"Paroxystoglossa spiloptera Moure, 1960",Feeding habit,,Generalist,,mode,,both,adult,"solitary, eusocial, kleptoparasitic, ground-nester, above-ground-nester",,,,,,,,,,
HumanObservation,Pseudaugochlora graminea,Behavior,,Solitary,,mode,,both,adult,"solitary, eusocial, kleptoparasitic, ground-nester, above-ground-nester",,,,,,,,,,
HumanObservation,Pseudaugochlora graminea,Nesting site,,Ground,,mode,,both,adult,"solitary, eusocial, kleptoparasitic, ground-nester, above-ground-nester",,,,,,,,,,
PreservedSpecimen,Pseudaugochlora graminea,Feeding habit,,Generalist,,mode,,both,adult,"solitary, eusocial, kleptoparasitic, ground-nester, above-ground-nester",,,,,,,,,,
HumanObservation,"Pseudaugochlora indistincta Almeida, 2008",Behavior,,Solitary,,mode,,both,adult,"solitary, eusocial, kleptoparasitic, ground-nester, above-ground-nester",,,,,,,,,,
HumanObservation,"Pseudaugochlora indistincta Almeida, 2008",Nesting site,,Ground,,mode,,both,adult,"solitary, eusocial, kleptoparasitic, ground-nester, above-ground-nester",,,,,,,,,,
PreservedSpecimen,"Pseudaugochlora indistincta Almeida, 2008",Feeding habit,,Generalist,,mode,,both,adult,"solitary, eusocial, kleptoparasitic, ground-nester, above-ground-nester",,,,,,,,,,
HumanObservation,"Rhectomia pumilla Moure, 1947",Behavior,,Solitary,,mode,,both,adult,"solitary, eusocial, kleptoparasitic, ground-nester, above-ground-nester",,,,,,,,,,
HumanObservation,"Rhectomia pumilla Moure, 1947",Nesting site,,Ground,,mode,,both,adult,"solitary, eusocial, kleptoparasitic, ground-nester, above-ground-nester",,,,,,,,,,
PreservedSpecimen,"Rhectomia pumilla Moure, 1947",Feeding habit,,Generalist,,mode,,both,adult,"solitary, eusocial, kleptoparasitic, ground-nester, above-ground-nester",,,,,,,,,,
HumanObservation,Rhinocorynura vernoniae,Behavior,,Primitively eusocial,,mode,,both,adult,"solitary, eusocial, kleptoparasitic, ground-nester, above-ground-nester",,,,,,,,,,
HumanObservation,Rhinocorynura vernoniae,Nesting site,,Ground,,mode,,both,adult,"solitary, eusocial, kleptoparasitic, ground-nester, above-ground-nester",,,,,,,,,,
PreservedSpecimen,Rhinocorynura vernoniae,Feeding habit,,Generalist,,mode,,both,adult,"solitary, eusocial, kleptoparasitic, ground-nester, above-ground-nester",,,,,,,,,,
HumanObservation,Temnosoma sp. 01,Behavior,,Cleptoparasitic,,mode,,both,adult,"solitary, eusocial, kleptoparasitic, ground-nester, above-ground-nester",,,,,,,,,,
HumanObservation,Temnosoma sp. 01,Nesting site,,Not specified,,mode,,both,adult,"solitary, eusocial, kleptoparasitic, ground-nester, above-ground-nester",,,,,,,,,,
PreservedSpecimen,Temnosoma sp. 01,Feeding habit,,Not specified,,mode,,both,adult,"solitary, eusocial, kleptoparasitic, ground-nester, above-ground-nester",,,,,,,,,,
HumanObservation,Temnosoma sp. 02,Behavior,,Cleptoparasitic,,mode,,both,adult,"solitary, eusocial, kleptoparasitic, ground-nester, above-ground-nester",,,,,,,,,,
HumanObservation,Temnosoma sp. 02,Nesting site,,Not specified,,mode,,both,adult,"solitary, eusocial, kleptoparasitic, ground-nester, above-ground-nester",,,,,,,,,,
PreservedSpecimen,Temnosoma sp. 02,Feeding habit,,Not specified,,mode,,both,adult,"solitary, eusocial, kleptoparasitic, ground-nester, above-ground-nester",,,,,,,,,,
HumanObservation,Temnosoma sp. 03,Behavior,,Cleptoparasitic,,mode,,both,adult,"solitary, eusocial, kleptoparasitic, ground-nester, above-ground-nester",,,,,,,,,,
HumanObservation,Temnosoma sp. 03,Nesting site,,Not specified,,mode,,both,adult,"solitary, eusocial, kleptoparasitic, ground-nester, above-ground-nester",,,,,,,,,,
PreservedSpecimen,Temnosoma sp. 03,Feeding habit,,Not specified,,mode,,both,adult,"solitary, eusocial, kleptoparasitic, ground-nester, above-ground-nester",,,,,,,,,,
HumanObservation,Thectochlora alaris,Behavior,,Solitary,,mode,,both,adult,"solitary, eusocial, kleptoparasitic, ground-nester, above-ground-nester",,,,,,,,,,
HumanObservation,Thectochlora alaris,Nesting site,,Ground,,mode,,both,adult,"solitary, eusocial, kleptoparasitic, ground-nester, above-ground-nester",,,,,,,,,,
PreservedSpecimen,Thectochlora alaris,Feeding habit,,Generalist,,mode,,both,adult,"solitary, eusocial, kleptoparasitic, ground-nester, above-ground-nester",,,,,,,,,,
HumanObservation,"Agapostemon semimelleus Cockerell, 1900",Behavior,,Solitary,,mode,,both,adult,"solitary, eusocial, kleptoparasitic, ground-nester, above-ground-nester",,,,,,,,,,
HumanObservation,"Agapostemon semimelleus Cockerell, 1900",Nesting site,,Ground,,mode,,both,adult,"solitary, eusocial, kleptoparasitic, ground-nester, above-ground-nester",,,,,,,,,,
PreservedSpecimen,"Agapostemon semimelleus Cockerell, 1900",Feeding habit,,Generalist,,mode,,both,adult,"solitary, eusocial, kleptoparasitic, ground-nester, above-ground-nester",,,,,,,,,,
HumanObservation,Caenohalictus curticeps,Behavior,,Solitary,,mode,,both,adult,"solitary, eusocial, kleptoparasitic, ground-nester, above-ground-nester",,,,,,,,,,
HumanObservation,Caenohalictus curticeps,Nesting site,,Ground,,mode,,both,adult,"solitary, eusocial, kleptoparasitic, ground-nester, above-ground-nester",,,,,,,,,,
PreservedSpecimen,Caenohalictus curticeps,Feeding habit,,Generalist,,mode,,both,adult,"solitary, eusocial, kleptoparasitic, ground-nester, above-ground-nester",,,,,,,,,,
HumanObservation,Caenohalictus incertus,Behavior,,Solitary,,mode,,both,adult,"solitary, eusocial, kleptoparasitic, ground-nester, above-ground-nester",,,,,,,,,,
HumanObservation,Caenohalictus incertus,Nesting site,,Ground,,mode,,both,adult,"solitary, eusocial, kleptoparasitic, ground-nester, above-ground-nester",,,,,,,,,,
PreservedSpecimen,Caenohalictus incertus,Feeding habit,,Generalist,,mode,,both,adult,"solitary, eusocial, kleptoparasitic, ground-nester, above-ground-nester",,,,,,,,,,
HumanObservation,Caenohalictus cfr. palumbes,Behavior,,Solitary,,mode,,both,adult,"solitary, eusocial, kleptoparasitic, ground-nester, above-ground-nester",,,,,,,,,,
HumanObservation,Caenohalictus cfr. palumbes,Nesting site,,Ground,,mode,,both,adult,"solitary, eusocial, kleptoparasitic, ground-nester, above-ground-nester",,,,,,,,,,
PreservedSpecimen,Caenohalictus cfr. palumbes,Feeding habit,,Generalist,,mode,,both,adult,"solitary, eusocial, kleptoparasitic, ground-nester, above-ground-nester",,,,,,,,,,
HumanObservation,Caenohalictus palumbes,Behavior,,Solitary,,mode,,both,adult,"solitary, eusocial, kleptoparasitic, ground-nester, above-ground-nester",,,,,,,,,,
HumanObservation,Caenohalictus palumbes,Nesting site,,Ground,,mode,,both,adult,"solitary, eusocial, kleptoparasitic, ground-nester, above-ground-nester",,,,,,,,,,
PreservedSpecimen,Caenohalictus palumbes,Feeding habit,,Generalist,,mode,,both,adult,"solitary, eusocial, kleptoparasitic, ground-nester, above-ground-nester",,,,,,,,,,
HumanObservation,Caenohalictus tesselatus,Behavior,,Solitary,,mode,,both,adult,"solitary, eusocial, kleptoparasitic, ground-nester, above-ground-nester",,,,,,,,,,
HumanObservation,Caenohalictus tesselatus,Nesting site,,Ground,,mode,,both,adult,"solitary, eusocial, kleptoparasitic, ground-nester, above-ground-nester",,,,,,,,,,
PreservedSpecimen,Caenohalictus tesselatus,Feeding habit,,Generalist,,mode,,both,adult,"solitary, eusocial, kleptoparasitic, ground-nester, above-ground-nester",,,,,,,,,,
HumanObservation,Caenohalictus sp. 01,Behavior,,Solitary,,mode,,both,adult,"solitary, eusocial, kleptoparasitic, ground-nester, above-ground-nester",,,,,,,,,,
HumanObservation,Caenohalictus sp. 01,Nesting site,,Ground,,mode,,both,adult,"solitary, eusocial, kleptoparasitic, ground-nester, above-ground-nester",,,,,,,,,,
PreservedSpecimen,Caenohalictus sp. 01,Feeding habit,,Generalist,,mode,,both,adult,"solitary, eusocial, kleptoparasitic, ground-nester, above-ground-nester",,,,,,,,,,
HumanObservation,"Habralictus canaliculatus Moure, 1941",Behavior,,Solitary,,mode,,both,adult,"solitary, eusocial, kleptoparasitic, ground-nester, above-ground-nester",,,,,,,,,,
HumanObservation,"Habralictus canaliculatus Moure, 1941",Nesting site,,Ground,,mode,,both,adult,"solitary, eusocial, kleptoparasitic, ground-nester, above-ground-nester",,,,,,,,,,
PreservedSpecimen,"Habralictus canaliculatus Moure, 1941",Feeding habit,,Generalist,,mode,,both,adult,"solitary, eusocial, kleptoparasitic, ground-nester, above-ground-nester",,,,,,,,,,
HumanObservation,"Habralictus macrospilophorus Moure, 1941",Behavior,,Solitary,,mode,,both,adult,"solitary, eusocial, kleptoparasitic, ground-nester, above-ground-nester",,,,,,,,,,
HumanObservation,"Habralictus macrospilophorus Moure, 1941",Nesting site,,Ground,,mode,,both,adult,"solitary, eusocial, kleptoparasitic, ground-nester, above-ground-nester",,,,,,,,,,
PreservedSpecimen,"Habralictus macrospilophorus Moure, 1941",Feeding habit,,Generalist,,mode,,both,adult,"solitary, eusocial, kleptoparasitic, ground-nester, above-ground-nester",,,,,,,,,,
HumanObservation,Oragapostemon divaricatus,Behavior,,Solitary,,mode,,both,adult,"solitary, eusocial, kleptoparasitic, ground-nester, above-ground-nester",,,,,,,,,,
HumanObservation,Oragapostemon divaricatus,Nesting site,,Ground,,mode,,both,adult,"solitary, eusocial, kleptoparasitic, ground-nester, above-ground-nester",,,,,,,,,,
PreservedSpecimen,Oragapostemon divaricatus,Feeding habit,,Generalist,,mode,,both,adult,"solitary, eusocial, kleptoparasitic, ground-nester, above-ground-nester",,,,,,,,,,
HumanObservation,"Pseudagapostemon cyanomelas Cure, 1989",Behavior,,Solitary,,mode,,both,adult,"solitary, eusocial, kleptoparasitic, ground-nester, above-ground-nester",,,,,,,,,,
HumanObservation,"Pseudagapostemon cyanomelas Cure, 1989",Nesting site,,Ground,,mode,,both,adult,"solitary, eusocial, kleptoparasitic, ground-nester, above-ground-nester",,,,,,,,,,
PreservedSpecimen,"Pseudagapostemon cyanomelas Cure, 1989",Feeding habit,,Generalist,,mode,,both,adult,"solitary, eusocial, kleptoparasitic, ground-nester, above-ground-nester",,,,,,,,,,
HumanObservation,"Pseudagapostemon cyaneus Moure & Sakagami, 1984",Behavior,,Solitary,,mode,,both,adult,"solitary, eusocial, kleptoparasitic, ground-nester, above-ground-nester",,,,,,,,,,
HumanObservation,"Pseudagapostemon cyaneus Moure & Sakagami, 1984",Nesting site,,Ground,,mode,,both,adult,"solitary, eusocial, kleptoparasitic, ground-nester, above-ground-nester",,,,,,,,,,
PreservedSpecimen,"Pseudagapostemon cyaneus Moure & Sakagami, 1984",Feeding habit,,Generalist,,mode,,both,adult,"solitary, eusocial, kleptoparasitic, ground-nester, above-ground-nester",,,,,,,,,,
HumanObservation,"Pseudagapostemon pruinosusMoure & Sakagami, 1984",Behavior,,Solitary,,mode,,both,adult,"solitary, eusocial, kleptoparasitic, ground-nester, above-ground-nester",,,,,,,,,,
HumanObservation,"Pseudagapostemon pruinosusMoure & Sakagami, 1984",Nesting site,,Ground,,mode,,both,adult,"solitary, eusocial, kleptoparasitic, ground-nester, above-ground-nester",,,,,,,,,,
PreservedSpecimen,"Pseudagapostemon pruinosusMoure & Sakagami, 1984",Feeding habit,,Generalist,,mode,,both,adult,"solitary, eusocial, kleptoparasitic, ground-nester, above-ground-nester",,,,,,,,,,
HumanObservation,Dialictus nanus,Behavior,,Primitively eusocial,,mode,,both,adult,"solitary, eusocial, kleptoparasitic, ground-nester, above-ground-nester",,,,,,,,,,
HumanObservation,Dialictus nanus,Nesting site,,Ground,,mode,,both,adult,"solitary, eusocial, kleptoparasitic, ground-nester, above-ground-nester",,,,,,,,,,
PreservedSpecimen,Dialictus nanus,Feeding habit,,Generalist,,mode,,both,adult,"solitary, eusocial, kleptoparasitic, ground-nester, above-ground-nester",,,,,,,,,,
HumanObservation,Dialictus opacus,Behavior,,Primitively eusocial,,mode,,both,adult,"solitary, eusocial, kleptoparasitic, ground-nester, above-ground-nester",,,,,,,,,,
HumanObservation,Dialictus opacus,Nesting site,,Ground,,mode,,both,adult,"solitary, eusocial, kleptoparasitic, ground-nester, above-ground-nester",,,,,,,,,,
PreservedSpecimen,Dialictus opacus,Feeding habit,,Generalist,,mode,,both,adult,"solitary, eusocial, kleptoparasitic, ground-nester, above-ground-nester",,,,,,,,,,
HumanObservation,Dialictus phaedrus,Behavior,,Primitively eusocial,,mode,,both,adult,"solitary, eusocial, kleptoparasitic, ground-nester, above-ground-nester",,,,,,,,,,
HumanObservation,Dialictus phaedrus,Nesting site,,Ground,,mode,,both,adult,"solitary, eusocial, kleptoparasitic, ground-nester, above-ground-nester",,,,,,,,,,
PreservedSpecimen,Dialictus phaedrus,Feeding habit,,Generalist,,mode,,both,adult,"solitary, eusocial, kleptoparasitic, ground-nester, above-ground-nester",,,,,,,,,,
HumanObservation,Dialictus rostratus,Behavior,,Primitively eusocial,,mode,,both,adult,"solitary, eusocial, kleptoparasitic, ground-nester, above-ground-nester",,,,,,,,,,
HumanObservation,Dialictus rostratus,Nesting site,,Ground,,mode,,both,adult,"solitary, eusocial, kleptoparasitic, ground-nester, above-ground-nester",,,,,,,,,,
PreservedSpecimen,Dialictus rostratus,Feeding habit,,Generalist,,mode,,both,adult,"solitary, eusocial, kleptoparasitic, ground-nester, above-ground-nester",,,,,,,,,,
HumanObservation,Dialictussp. 01,Behavior,,Primitively eusocial,,mode,,both,adult,"solitary, eusocial, kleptoparasitic, ground-nester, above-ground-nester",,,,,,,,,,
HumanObservation,Dialictussp. 01,Nesting site,,Ground,,mode,,both,adult,"solitary, eusocial, kleptoparasitic, ground-nester, above-ground-nester",,,,,,,,,,
PreservedSpecimen,Dialictussp. 01,Feeding habit,,Generalist,,mode,,both,adult,"solitary, eusocial, kleptoparasitic, ground-nester, above-ground-nester",,,,,,,,,,
HumanObservation,Dialictussp. 02,Behavior,,Primitively eusocial,,mode,,both,adult,"solitary, eusocial, kleptoparasitic, ground-nester, above-ground-nester",,,,,,,,,,
HumanObservation,Dialictussp. 02,Nesting site,,Ground,,mode,,both,adult,"solitary, eusocial, kleptoparasitic, ground-nester, above-ground-nester",,,,,,,,,,
PreservedSpecimen,Dialictussp. 02,Feeding habit,,Generalist,,mode,,both,adult,"solitary, eusocial, kleptoparasitic, ground-nester, above-ground-nester",,,,,,,,,,
HumanObservation,Dialictussp. 03,Behavior,,Primitively eusocial,,mode,,both,adult,"solitary, eusocial, kleptoparasitic, ground-nester, above-ground-nester",,,,,,,,,,
HumanObservation,Dialictussp. 03,Nesting site,,Ground,,mode,,both,adult,"solitary, eusocial, kleptoparasitic, ground-nester, above-ground-nester",,,,,,,,,,
PreservedSpecimen,Dialictussp. 03,Feeding habit,,Generalist,,mode,,both,adult,"solitary, eusocial, kleptoparasitic, ground-nester, above-ground-nester",,,,,,,,,,
HumanObservation,Dialictussp. 04,Behavior,,Primitively eusocial,,mode,,both,adult,"solitary, eusocial, kleptoparasitic, ground-nester, above-ground-nester",,,,,,,,,,
HumanObservation,Dialictussp. 04,Nesting site,,Ground,,mode,,both,adult,"solitary, eusocial, kleptoparasitic, ground-nester, above-ground-nester",,,,,,,,,,
PreservedSpecimen,Dialictussp. 04,Feeding habit,,Generalist,,mode,,both,adult,"solitary, eusocial, kleptoparasitic, ground-nester, above-ground-nester",,,,,,,,,,
HumanObservation,Dialictussp. 05,Behavior,,Primitively eusocial,,mode,,both,adult,"solitary, eusocial, kleptoparasitic, ground-nester, above-ground-nester",,,,,,,,,,
HumanObservation,Dialictussp. 05,Nesting site,,Ground,,mode,,both,adult,"solitary, eusocial, kleptoparasitic, ground-nester, above-ground-nester",,,,,,,,,,
PreservedSpecimen,Dialictussp. 05,Feeding habit,,Generalist,,mode,,both,adult,"solitary, eusocial, kleptoparasitic, ground-nester, above-ground-nester",,,,,,,,,,
HumanObservation,Dialictussp. 06,Behavior,,Primitively eusocial,,mode,,both,adult,"solitary, eusocial, kleptoparasitic, ground-nester, above-ground-nester",,,,,,,,,,
HumanObservation,Dialictussp. 06,Nesting site,,Ground,,mode,,both,adult,"solitary, eusocial, kleptoparasitic, ground-nester, above-ground-nester",,,,,,,,,,
PreservedSpecimen,Dialictussp. 06,Feeding habit,,Generalist,,mode,,both,adult,"solitary, eusocial, kleptoparasitic, ground-nester, above-ground-nester",,,,,,,,,,
HumanObservation,Dialictussp. 07,Behavior,,Primitively eusocial,,mode,,both,adult,"solitary, eusocial, kleptoparasitic, ground-nester, above-ground-nester",,,,,,,,,,
HumanObservation,Dialictussp. 07,Nesting site,,Ground,,mode,,both,adult,"solitary, eusocial, kleptoparasitic, ground-nester, above-ground-nester",,,,,,,,,,
PreservedSpecimen,Dialictussp. 07,Feeding habit,,Generalist,,mode,,both,adult,"solitary, eusocial, kleptoparasitic, ground-nester, above-ground-nester",,,,,,,,,,
HumanObservation,Dialictussp. 08,Behavior,,Primitively eusocial,,mode,,both,adult,"solitary, eusocial, kleptoparasitic, ground-nester, above-ground-nester",,,,,,,,,,
HumanObservation,Dialictussp. 08,Nesting site,,Ground,,mode,,both,adult,"solitary, eusocial, kleptoparasitic, ground-nester, above-ground-nester",,,,,,,,,,
PreservedSpecimen,Dialictussp. 08,Feeding habit,,Generalist,,mode,,both,adult,"solitary, eusocial, kleptoparasitic, ground-nester, above-ground-nester",,,,,,,,,,
HumanObservation,Dialictussp. 09,Behavior,,Primitively eusocial,,mode,,both,adult,"solitary, eusocial, kleptoparasitic, ground-nester, above-ground-nester",,,,,,,,,,
HumanObservation,Dialictussp. 09,Nesting site,,Ground,,mode,,both,adult,"solitary, eusocial, kleptoparasitic, ground-nester, above-ground-nester",,,,,,,,,,
PreservedSpecimen,Dialictussp. 09,Feeding habit,,Generalist,,mode,,both,adult,"solitary, eusocial, kleptoparasitic, ground-nester, above-ground-nester",,,,,,,,,,
HumanObservation,Dialictussp. 11,Behavior,,Primitively eusocial,,mode,,both,adult,"solitary, eusocial, kleptoparasitic, ground-nester, above-ground-nester",,,,,,,,,,
HumanObservation,Dialictussp. 11,Nesting site,,Ground,,mode,,both,adult,"solitary, eusocial, kleptoparasitic, ground-nester, above-ground-nester",,,,,,,,,,
PreservedSpecimen,Dialictussp. 11,Feeding habit,,Generalist,,mode,,both,adult,"solitary, eusocial, kleptoparasitic, ground-nester, above-ground-nester",,,,,,,,,,
HumanObservation,Dialictussp. 12,Behavior,,Primitively eusocial,,mode,,both,adult,"solitary, eusocial, kleptoparasitic, ground-nester, above-ground-nester",,,,,,,,,,
HumanObservation,Dialictussp. 12,Nesting site,,Ground,,mode,,both,adult,"solitary, eusocial, kleptoparasitic, ground-nester, above-ground-nester",,,,,,,,,,
PreservedSpecimen,Dialictussp. 12,Feeding habit,,Generalist,,mode,,both,adult,"solitary, eusocial, kleptoparasitic, ground-nester, above-ground-nester",,,,,,,,,,
HumanObservation,Dialictussp. 13,Behavior,,Primitively eusocial,,mode,,both,adult,"solitary, eusocial, kleptoparasitic, ground-nester, above-ground-nester",,,,,,,,,,
HumanObservation,Dialictussp. 13,Nesting site,,Ground,,mode,,both,adult,"solitary, eusocial, kleptoparasitic, ground-nester, above-ground-nester",,,,,,,,,,
PreservedSpecimen,Dialictussp. 13,Feeding habit,,Generalist,,mode,,both,adult,"solitary, eusocial, kleptoparasitic, ground-nester, above-ground-nester",,,,,,,,,,
HumanObservation,Dialictussp. 14,Behavior,,Primitively eusocial,,mode,,both,adult,"solitary, eusocial, kleptoparasitic, ground-nester, above-ground-nester",,,,,,,,,,
HumanObservation,Dialictussp. 14,Nesting site,,Ground,,mode,,both,adult,"solitary, eusocial, kleptoparasitic, ground-nester, above-ground-nester",,,,,,,,,,
PreservedSpecimen,Dialictussp. 14,Feeding habit,,Generalist,,mode,,both,adult,"solitary, eusocial, kleptoparasitic, ground-nester, above-ground-nester",,,,,,,,,,
HumanObservation,Dialictussp. 15,Behavior,,Primitively eusocial,,mode,,both,adult,"solitary, eusocial, kleptoparasitic, ground-nester, above-ground-nester",,,,,,,,,,
HumanObservation,Dialictussp. 15,Nesting site,,Ground,,mode,,both,adult,"solitary, eusocial, kleptoparasitic, ground-nester, above-ground-nester",,,,,,,,,,
PreservedSpecimen,Dialictussp. 15,Feeding habit,,Generalist,,mode,,both,adult,"solitary, eusocial, kleptoparasitic, ground-nester, above-ground-nester",,,,,,,,,,
HumanObservation,Dialictussp. 16,Behavior,,Primitively eusocial,,mode,,both,adult,"solitary, eusocial, kleptoparasitic, ground-nester, above-ground-nester",,,,,,,,,,
HumanObservation,Dialictussp. 16,Nesting site,,Ground,,mode,,both,adult,"solitary, eusocial, kleptoparasitic, ground-nester, above-ground-nester",,,,,,,,,,
PreservedSpecimen,Dialictussp. 16,Feeding habit,,Generalist,,mode,,both,adult,"solitary, eusocial, kleptoparasitic, ground-nester, above-ground-nester",,,,,,,,,,
HumanObservation,Dialictussp. 17,Behavior,,Primitively eusocial,,mode,,both,adult,"solitary, eusocial, kleptoparasitic, ground-nester, above-ground-nester",,,,,,,,,,
HumanObservation,Dialictussp. 17,Nesting site,,Ground,,mode,,both,adult,"solitary, eusocial, kleptoparasitic, ground-nester, above-ground-nester",,,,,,,,,,
PreservedSpecimen,Dialictussp. 17,Feeding habit,,Generalist,,mode,,both,adult,"solitary, eusocial, kleptoparasitic, ground-nester, above-ground-nester",,,,,,,,,,
HumanObservation,Dialictussp. 18,Behavior,,Primitively eusocial,,mode,,both,adult,"solitary, eusocial, kleptoparasitic, ground-nester, above-ground-nester",,,,,,,,,,
HumanObservation,Dialictussp. 18,Nesting site,,Ground,,mode,,both,adult,"solitary, eusocial, kleptoparasitic, ground-nester, above-ground-nester",,,,,,,,,,
PreservedSpecimen,Dialictussp. 18,Feeding habit,,Generalist,,mode,,both,adult,"solitary, eusocial, kleptoparasitic, ground-nester, above-ground-nester",,,,,,,,,,
HumanObservation,Dialictussp. 19,Behavior,,Primitively eusocial,,mode,,both,adult,"solitary, eusocial, kleptoparasitic, ground-nester, above-ground-nester",,,,,,,,,,
HumanObservation,Dialictussp. 19,Nesting site,,Ground,,mode,,both,adult,"solitary, eusocial, kleptoparasitic, ground-nester, above-ground-nester",,,,,,,,,,
PreservedSpecimen,Dialictussp. 19,Feeding habit,,Generalist,,mode,,both,adult,"solitary, eusocial, kleptoparasitic, ground-nester, above-ground-nester",,,,,,,,,,
HumanObservation,"Austrosphecodes brasiliensisSchrottky, 1910",Behavior,,Cleptoparasitic,,mode,,both,adult,"solitary, eusocial, kleptoparasitic, ground-nester, above-ground-nester",,,,,,,,,,
HumanObservation,"Austrosphecodes brasiliensisSchrottky, 1910",Nesting site,,Not specified,,mode,,both,adult,"solitary, eusocial, kleptoparasitic, ground-nester, above-ground-nester",,,,,,,,,,
PreservedSpecimen,"Austrosphecodes brasiliensisSchrottky, 1910",Feeding habit,,Not specified,,mode,,both,adult,"solitary, eusocial, kleptoparasitic, ground-nester, above-ground-nester",,,,,,,,,,
HumanObservation,Austrosphecodes sp. 01,Behavior,,Cleptoparasitic,,mode,,both,adult,"solitary, eusocial, kleptoparasitic, ground-nester, above-ground-nester",,,,,,,,,,
HumanObservation,Austrosphecodes sp. 01,Nesting site,,Not specified,,mode,,both,adult,"solitary, eusocial, kleptoparasitic, ground-nester, above-ground-nester",,,,,,,,,,
PreservedSpecimen,Austrosphecodes sp. 01,Feeding habit,,Not specified,,mode,,both,adult,"solitary, eusocial, kleptoparasitic, ground-nester, above-ground-nester",,,,,,,,,,
HumanObservation,Austrosphecodes sp. 03,Behavior,,Cleptoparasitic,,mode,,both,adult,"solitary, eusocial, kleptoparasitic, ground-nester, above-ground-nester",,,,,,,,,,
HumanObservation,Austrosphecodes sp. 03,Nesting site,,Not specified,,mode,,both,adult,"solitary, eusocial, kleptoparasitic, ground-nester, above-ground-nester",,,,,,,,,,
PreservedSpecimen,Austrosphecodes sp. 03,Feeding habit,,Not specified,,mode,,both,adult,"solitary, eusocial, kleptoparasitic, ground-nester, above-ground-nester",,,,,,,,,,
HumanObservation,Melissocleptis capriciosa,Behavior,,Cleptoparasitic,,mode,,both,adult,"solitary, eusocial, kleptoparasitic, ground-nester, above-ground-nester",,,,,,,,,,
HumanObservation,Melissocleptis capriciosa,Nesting site,,Not specified,,mode,,both,adult,"solitary, eusocial, kleptoparasitic, ground-nester, above-ground-nester",,,,,,,,,,
PreservedSpecimen,Melissocleptis capriciosa,Feeding habit,,Not specified,,mode,,both,adult,"solitary, eusocial, kleptoparasitic, ground-nester, above-ground-nester",,,,,,,,,,
HumanObservation,Microsphecodes russeiclypeatus,Behavior,,Cleptoparasitic,,mode,,both,adult,"solitary, eusocial, kleptoparasitic, ground-nester, above-ground-nester",,,,,,,,,,
HumanObservation,Microsphecodes russeiclypeatus,Nesting site,,Not specified,,mode,,both,adult,"solitary, eusocial, kleptoparasitic, ground-nester, above-ground-nester",,,,,,,,,,
PreservedSpecimen,Microsphecodes russeiclypeatus,Feeding habit,,Not specified,,mode,,both,adult,"solitary, eusocial, kleptoparasitic, ground-nester, above-ground-nester",,,,,,,,,,
HumanObservation,"Nesosphecodes depressusGonçalves, 2021",Behavior,,Cleptoparasitic,,mode,,both,adult,"solitary, eusocial, kleptoparasitic, ground-nester, above-ground-nester",,,,,,,,,,
HumanObservation,"Nesosphecodes depressusGonçalves, 2021",Nesting site,,Not specified,,mode,,both,adult,"solitary, eusocial, kleptoparasitic, ground-nester, above-ground-nester",,,,,,,,,,
PreservedSpecimen,"Nesosphecodes depressusGonçalves, 2021",Feeding habit,,Not specified,,mode,,both,adult,"solitary, eusocial, kleptoparasitic, ground-nester, above-ground-nester",,,,,,,,,,
HumanObservation,Anthidium manicatum,Behavior,,Solitary,,mode,,both,adult,"solitary, eusocial, kleptoparasitic, ground-nester, above-ground-nester",,,,,,,,,,
HumanObservation,Anthidium manicatum,Nesting site,,Above ground,,mode,,both,adult,"solitary, eusocial, kleptoparasitic, ground-nester, above-ground-nester",,,,,,,,,,
PreservedSpecimen,Anthidium manicatum,Feeding habit,,Generalist,,mode,,both,adult,"solitary, eusocial, kleptoparasitic, ground-nester, above-ground-nester",,,,,,,,,,
HumanObservation,"Anthodioctes claudiiUrban, 1999",Behavior,,Solitary,,mode,,both,adult,"solitary, eusocial, kleptoparasitic, ground-nester, above-ground-nester",,,,,,,,,,
HumanObservation,"Anthodioctes claudiiUrban, 1999",Nesting site,,Above ground,,mode,,both,adult,"solitary, eusocial, kleptoparasitic, ground-nester, above-ground-nester",,,,,,,,,,
PreservedSpecimen,"Anthodioctes claudiiUrban, 1999",Feeding habit,,Generalist,,mode,,both,adult,"solitary, eusocial, kleptoparasitic, ground-nester, above-ground-nester",,,,,,,,,,
HumanObservation,"Anthodioctes megachiloidesHolmberg, 1903",Behavior,,Solitary,,mode,,both,adult,"solitary, eusocial, kleptoparasitic, ground-nester, above-ground-nester",,,,,,,,,,
HumanObservation,"Anthodioctes megachiloidesHolmberg, 1903",Nesting site,,Above ground,,mode,,both,adult,"solitary, eusocial, kleptoparasitic, ground-nester, above-ground-nester",,,,,,,,,,
PreservedSpecimen,"Anthodioctes megachiloidesHolmberg, 1903",Feeding habit,,Generalist,,mode,,both,adult,"solitary, eusocial, kleptoparasitic, ground-nester, above-ground-nester",,,,,,,,,,
HumanObservation,"Ctenanthidium gracileUrban, 1993",Behavior,,Solitary,,mode,,both,adult,"solitary, eusocial, kleptoparasitic, ground-nester, above-ground-nester",,,,,,,,,,
HumanObservation,"Ctenanthidium gracileUrban, 1993",Nesting site,,Above ground,,mode,,both,adult,"solitary, eusocial, kleptoparasitic, ground-nester, above-ground-nester",,,,,,,,,,
PreservedSpecimen,"Ctenanthidium gracileUrban, 1993",Feeding habit,,Generalist,,mode,,both,adult,"solitary, eusocial, kleptoparasitic, ground-nester, above-ground-nester",,,,,,,,,,
HumanObservation,"Dicranthidium aff.soniaeUrban, 1993",Behavior,,Solitary,,mode,,both,adult,"solitary, eusocial, kleptoparasitic, ground-nester, above-ground-nester",,,,,,,,,,
HumanObservation,"Dicranthidium aff.soniaeUrban, 1993",Nesting site,,Above ground,,mode,,both,adult,"solitary, eusocial, kleptoparasitic, ground-nester, above-ground-nester",,,,,,,,,,
PreservedSpecimen,"Dicranthidium aff.soniaeUrban, 1993",Feeding habit,,Generalist,,mode,,both,adult,"solitary, eusocial, kleptoparasitic, ground-nester, above-ground-nester",,,,,,,,,,
HumanObservation,Dicranthidium sp. 01,Behavior,,Solitary,,mode,,both,adult,"solitary, eusocial, kleptoparasitic, ground-nester, above-ground-nester",,,,,,,,,,
HumanObservation,Dicranthidium sp. 01,Nesting site,,Above ground,,mode,,both,adult,"solitary, eusocial, kleptoparasitic, ground-nester, above-ground-nester",,,,,,,,,,
PreservedSpecimen,Dicranthidium sp. 01,Feeding habit,,Generalist,,mode,,both,adult,"solitary, eusocial, kleptoparasitic, ground-nester, above-ground-nester",,,,,,,,,,
HumanObservation,Epanthidium autumnale,Behavior,,Solitary,,mode,,both,adult,"solitary, eusocial, kleptoparasitic, ground-nester, above-ground-nester",,,,,,,,,,
HumanObservation,Epanthidium autumnale,Nesting site,,Above ground,,mode,,both,adult,"solitary, eusocial, kleptoparasitic, ground-nester, above-ground-nester",,,,,,,,,,
PreservedSpecimen,Epanthidium autumnale,Feeding habit,,Generalist,,mode,,both,adult,"solitary, eusocial, kleptoparasitic, ground-nester, above-ground-nester",,,,,,,,,,
HumanObservation,Epanthidium nectarinioides,Behavior,,Solitary,,mode,,both,adult,"solitary, eusocial, kleptoparasitic, ground-nester, above-ground-nester",,,,,,,,,,
HumanObservation,Epanthidium nectarinioides,Nesting site,,Above ground,,mode,,both,adult,"solitary, eusocial, kleptoparasitic, ground-nester, above-ground-nester",,,,,,,,,,
PreservedSpecimen,Epanthidium nectarinioides,Feeding habit,,Generalist,,mode,,both,adult,"solitary, eusocial, kleptoparasitic, ground-nester, above-ground-nester",,,,,,,,,,
HumanObservation,Hypanthidium divaricatum,Behavior,,Solitary,,mode,,both,adult,"solitary, eusocial, kleptoparasitic, ground-nester, above-ground-nester",,,,,,,,,,
HumanObservation,Hypanthidium divaricatum,Nesting site,,Above ground,,mode,,both,adult,"solitary, eusocial, kleptoparasitic, ground-nester, above-ground-nester",,,,,,,,,,
PreservedSpecimen,Hypanthidium divaricatum,Feeding habit,,Generalist,,mode,,both,adult,"solitary, eusocial, kleptoparasitic, ground-nester, above-ground-nester",,,,,,,,,,
HumanObservation,"Moureanthidium paranaenseUrban, 1995",Behavior,,Solitary,,mode,,both,adult,"solitary, eusocial, kleptoparasitic, ground-nester, above-ground-nester",,,,,,,,,,
HumanObservation,"Moureanthidium paranaenseUrban, 1995",Nesting site,,Above ground,,mode,,both,adult,"solitary, eusocial, kleptoparasitic, ground-nester, above-ground-nester",,,,,,,,,,
PreservedSpecimen,"Moureanthidium paranaenseUrban, 1995",Feeding habit,,Generalist,,mode,,both,adult,"solitary, eusocial, kleptoparasitic, ground-nester, above-ground-nester",,,,,,,,,,
HumanObservation,Moureanthidium subarenarium,Behavior,,Solitary,,mode,,both,adult,"solitary, eusocial, kleptoparasitic, ground-nester, above-ground-nester",,,,,,,,,,
HumanObservation,Moureanthidium subarenarium,Nesting site,,Above ground,,mode,,both,adult,"solitary, eusocial, kleptoparasitic, ground-nester, above-ground-nester",,,,,,,,,,
PreservedSpecimen,Moureanthidium subarenarium,Feeding habit,,Generalist,,mode,,both,adult,"solitary, eusocial, kleptoparasitic, ground-nester, above-ground-nester",,,,,,,,,,
HumanObservation,"Coelioxys toltecaCresson, 1878",Behavior,,Cleptoparasitic,,mode,,both,adult,"solitary, eusocial, kleptoparasitic, ground-nester, above-ground-nester",,,,,,,,,,
HumanObservation,"Coelioxys toltecaCresson, 1878",Nesting site,,Not specified,,mode,,both,adult,"solitary, eusocial, kleptoparasitic, ground-nester, above-ground-nester",,,,,,,,,,
PreservedSpecimen,"Coelioxys toltecaCresson, 1878",Feeding habit,,Not specified,,mode,,both,adult,"solitary, eusocial, kleptoparasitic, ground-nester, above-ground-nester",,,,,,,,,,
HumanObservation,Coelioxys sp. 01,Behavior,,Cleptoparasitic,,mode,,both,adult,"solitary, eusocial, kleptoparasitic, ground-nester, above-ground-nester",,,,,,,,,,
HumanObservation,Coelioxys sp. 01,Nesting site,,Not specified,,mode,,both,adult,"solitary, eusocial, kleptoparasitic, ground-nester, above-ground-nester",,,,,,,,,,
PreservedSpecimen,Coelioxys sp. 01,Feeding habit,,Not specified,,mode,,both,adult,"solitary, eusocial, kleptoparasitic, ground-nester, above-ground-nester",,,,,,,,,,
HumanObservation,Coelioxys sp. 01,Behavior,,Cleptoparasitic,,mode,,both,adult,"solitary, eusocial, kleptoparasitic, ground-nester, above-ground-nester",,,,,,,,,,
HumanObservation,Coelioxys sp. 01,Nesting site,,Not specified,,mode,,both,adult,"solitary, eusocial, kleptoparasitic, ground-nester, above-ground-nester",,,,,,,,,,
PreservedSpecimen,Coelioxys sp. 01,Feeding habit,,Not specified,,mode,,both,adult,"solitary, eusocial, kleptoparasitic, ground-nester, above-ground-nester",,,,,,,,,,
HumanObservation,Coelioxys sp. 01,Behavior,,Cleptoparasitic,,mode,,both,adult,"solitary, eusocial, kleptoparasitic, ground-nester, above-ground-nester",,,,,,,,,,
HumanObservation,Coelioxys sp. 01,Nesting site,,Not specified,,mode,,both,adult,"solitary, eusocial, kleptoparasitic, ground-nester, above-ground-nester",,,,,,,,,,
PreservedSpecimen,Coelioxys sp. 01,Feeding habit,,Not specified,,mode,,both,adult,"solitary, eusocial, kleptoparasitic, ground-nester, above-ground-nester",,,,,,,,,,
HumanObservation,Coelioxys sp. 01,Behavior,,Cleptoparasitic,,mode,,both,adult,"solitary, eusocial, kleptoparasitic, ground-nester, above-ground-nester",,,,,,,,,,
HumanObservation,Coelioxys sp. 01,Nesting site,,Not specified,,mode,,both,adult,"solitary, eusocial, kleptoparasitic, ground-nester, above-ground-nester",,,,,,,,,,
PreservedSpecimen,Coelioxys sp. 01,Feeding habit,,Not specified,,mode,,both,adult,"solitary, eusocial, kleptoparasitic, ground-nester, above-ground-nester",,,,,,,,,,
HumanObservation,Coelioxys sp. 02,Behavior,,Cleptoparasitic,,mode,,both,adult,"solitary, eusocial, kleptoparasitic, ground-nester, above-ground-nester",,,,,,,,,,
HumanObservation,Coelioxys sp. 02,Nesting site,,Not specified,,mode,,both,adult,"solitary, eusocial, kleptoparasitic, ground-nester, above-ground-nester",,,,,,,,,,
PreservedSpecimen,Coelioxys sp. 02,Feeding habit,,Not specified,,mode,,both,adult,"solitary, eusocial, kleptoparasitic, ground-nester, above-ground-nester",,,,,,,,,,
HumanObservation,Coelioxys sp. 03,Behavior,,Cleptoparasitic,,mode,,both,adult,"solitary, eusocial, kleptoparasitic, ground-nester, above-ground-nester",,,,,,,,,,
HumanObservation,Coelioxys sp. 03,Nesting site,,Not specified,,mode,,both,adult,"solitary, eusocial, kleptoparasitic, ground-nester, above-ground-nester",,,,,,,,,,
PreservedSpecimen,Coelioxys sp. 03,Feeding habit,,Not specified,,mode,,both,adult,"solitary, eusocial, kleptoparasitic, ground-nester, above-ground-nester",,,,,,,,,,
HumanObservation,"Coelioxys cerasiopleura Holmberg, 1903",Behavior,,Cleptoparasitic,,mode,,both,adult,"solitary, eusocial, kleptoparasitic, ground-nester, above-ground-nester",,,,,,,,,,
HumanObservation,"Coelioxys cerasiopleura Holmberg, 1903",Nesting site,,Not specified,,mode,,both,adult,"solitary, eusocial, kleptoparasitic, ground-nester, above-ground-nester",,,,,,,,,,
PreservedSpecimen,"Coelioxys cerasiopleura Holmberg, 1903",Feeding habit,,Not specified,,mode,,both,adult,"solitary, eusocial, kleptoparasitic, ground-nester, above-ground-nester",,,,,,,,,,
HumanObservation,"Coelioxys chacoensis Holmberg, 1903",Behavior,,Cleptoparasitic,,mode,,both,adult,"solitary, eusocial, kleptoparasitic, ground-nester, above-ground-nester",,,,,,,,,,
HumanObservation,"Coelioxys chacoensis Holmberg, 1903",Nesting site,,Not specified,,mode,,both,adult,"solitary, eusocial, kleptoparasitic, ground-nester, above-ground-nester",,,,,,,,,,
PreservedSpecimen,"Coelioxys chacoensis Holmberg, 1903",Feeding habit,,Not specified,,mode,,both,adult,"solitary, eusocial, kleptoparasitic, ground-nester, above-ground-nester",,,,,,,,,,
HumanObservation,"Coelioxys praetextata Haliday, 1836",Behavior,,Cleptoparasitic,,mode,,both,adult,"solitary, eusocial, kleptoparasitic, ground-nester, above-ground-nester",,,,,,,,,,
HumanObservation,"Coelioxys praetextata Haliday, 1836",Nesting site,,Not specified,,mode,,both,adult,"solitary, eusocial, kleptoparasitic, ground-nester, above-ground-nester",,,,,,,,,,
PreservedSpecimen,"Coelioxys praetextata Haliday, 1836",Feeding habit,,Not specified,,mode,,both,adult,"solitary, eusocial, kleptoparasitic, ground-nester, above-ground-nester",,,,,,,,,,
HumanObservation,"Coelioxys praetextata Haliday, 1836",Behavior,,Cleptoparasitic,,mode,,both,adult,"solitary, eusocial, kleptoparasitic, ground-nester, above-ground-nester",,,,,,,,,,
HumanObservation,"Coelioxys praetextata Haliday, 1836",Nesting site,,Not specified,,mode,,both,adult,"solitary, eusocial, kleptoparasitic, ground-nester, above-ground-nester",,,,,,,,,,
PreservedSpecimen,"Coelioxys praetextata Haliday, 1836",Feeding habit,,Not specified,,mode,,both,adult,"solitary, eusocial, kleptoparasitic, ground-nester, above-ground-nester",,,,,,,,,,
HumanObservation,"Megachile lentifera Vachal, 1909",Behavior,,Solitary,,mode,,both,adult,"solitary, eusocial, kleptoparasitic, ground-nester, above-ground-nester",,,,,,,,,,
HumanObservation,"Megachile lentifera Vachal, 1909",Nesting site,,Above ground,,mode,,both,adult,"solitary, eusocial, kleptoparasitic, ground-nester, above-ground-nester",,,,,,,,,,
PreservedSpecimen,"Megachile lentifera Vachal, 1909",Feeding habit,,Generalist,,mode,,both,adult,"solitary, eusocial, kleptoparasitic, ground-nester, above-ground-nester",,,,,,,,,,
HumanObservation,Megachile sp. 01,Behavior,,Solitary,,mode,,both,adult,"solitary, eusocial, kleptoparasitic, ground-nester, above-ground-nester",,,,,,,,,,
HumanObservation,Megachile sp. 01,Nesting site,,Above ground,,mode,,both,adult,"solitary, eusocial, kleptoparasitic, ground-nester, above-ground-nester",,,,,,,,,,
PreservedSpecimen,Megachile sp. 01,Feeding habit,,Generalist,,mode,,both,adult,"solitary, eusocial, kleptoparasitic, ground-nester, above-ground-nester",,,,,,,,,,
HumanObservation,Megachile sp. 01,Behavior,,Solitary,,mode,,both,adult,"solitary, eusocial, kleptoparasitic, ground-nester, above-ground-nester",,,,,,,,,,
HumanObservation,Megachile sp. 01,Nesting site,,Above ground,,mode,,both,adult,"solitary, eusocial, kleptoparasitic, ground-nester, above-ground-nester",,,,,,,,,,
PreservedSpecimen,Megachile sp. 01,Feeding habit,,Generalist,,mode,,both,adult,"solitary, eusocial, kleptoparasitic, ground-nester, above-ground-nester",,,,,,,,,,
HumanObservation,Megachile sp. 01,Behavior,,Solitary,,mode,,both,adult,"solitary, eusocial, kleptoparasitic, ground-nester, above-ground-nester",,,,,,,,,,
HumanObservation,Megachile sp. 01,Nesting site,,Above ground,,mode,,both,adult,"solitary, eusocial, kleptoparasitic, ground-nester, above-ground-nester",,,,,,,,,,
PreservedSpecimen,Megachile sp. 01,Feeding habit,,Generalist,,mode,,both,adult,"solitary, eusocial, kleptoparasitic, ground-nester, above-ground-nester",,,,,,,,,,
HumanObservation,Megachile sp. 01,Behavior,,Solitary,,mode,,both,adult,"solitary, eusocial, kleptoparasitic, ground-nester, above-ground-nester",,,,,,,,,,
HumanObservation,Megachile sp. 01,Nesting site,,Above ground,,mode,,both,adult,"solitary, eusocial, kleptoparasitic, ground-nester, above-ground-nester",,,,,,,,,,
PreservedSpecimen,Megachile sp. 01,Feeding habit,,Generalist,,mode,,both,adult,"solitary, eusocial, kleptoparasitic, ground-nester, above-ground-nester",,,,,,,,,,
HumanObservation,Megachile sp. 01,Behavior,,Solitary,,mode,,both,adult,"solitary, eusocial, kleptoparasitic, ground-nester, above-ground-nester",,,,,,,,,,
HumanObservation,Megachile sp. 01,Nesting site,,Above ground,,mode,,both,adult,"solitary, eusocial, kleptoparasitic, ground-nester, above-ground-nester",,,,,,,,,,
PreservedSpecimen,Megachile sp. 01,Feeding habit,,Generalist,,mode,,both,adult,"solitary, eusocial, kleptoparasitic, ground-nester, above-ground-nester",,,,,,,,,,
HumanObservation,Megachile sp. 01,Behavior,,Solitary,,mode,,both,adult,"solitary, eusocial, kleptoparasitic, ground-nester, above-ground-nester",,,,,,,,,,
HumanObservation,Megachile sp. 01,Nesting site,,Above ground,,mode,,both,adult,"solitary, eusocial, kleptoparasitic, ground-nester, above-ground-nester",,,,,,,,,,
PreservedSpecimen,Megachile sp. 01,Feeding habit,,Generalist,,mode,,both,adult,"solitary, eusocial, kleptoparasitic, ground-nester, above-ground-nester",,,,,,,,,,
HumanObservation,"Megachile facialis Vachal, 1909",Behavior,,Solitary,,mode,,both,adult,"solitary, eusocial, kleptoparasitic, ground-nester, above-ground-nester",,,,,,,,,,
HumanObservation,"Megachile facialis Vachal, 1909",Nesting site,,Above ground,,mode,,both,adult,"solitary, eusocial, kleptoparasitic, ground-nester, above-ground-nester",,,,,,,,,,
PreservedSpecimen,"Megachile facialis Vachal, 1909",Feeding habit,,Generalist,,mode,,both,adult,"solitary, eusocial, kleptoparasitic, ground-nester, above-ground-nester",,,,,,,,,,
HumanObservation,"Megachile susurrans Haliday, 1836",Behavior,,Solitary,,mode,,both,adult,"solitary, eusocial, kleptoparasitic, ground-nester, above-ground-nester",,,,,,,,,,
HumanObservation,"Megachile susurrans Haliday, 1836",Nesting site,,Above ground,,mode,,both,adult,"solitary, eusocial, kleptoparasitic, ground-nester, above-ground-nester",,,,,,,,,,
PreservedSpecimen,"Megachile susurrans Haliday, 1836",Feeding habit,,Generalist,,mode,,both,adult,"solitary, eusocial, kleptoparasitic, ground-nester, above-ground-nester",,,,,,,,,,
HumanObservation,"Megachile trigonaspis Schrottky, 1913",Behavior,,Solitary,,mode,,both,adult,"solitary, eusocial, kleptoparasitic, ground-nester, above-ground-nester",,,,,,,,,,
HumanObservation,"Megachile trigonaspis Schrottky, 1913",Nesting site,,Above ground,,mode,,both,adult,"solitary, eusocial, kleptoparasitic, ground-nester, above-ground-nester",,,,,,,,,,
PreservedSpecimen,"Megachile trigonaspis Schrottky, 1913",Feeding habit,,Generalist,,mode,,both,adult,"solitary, eusocial, kleptoparasitic, ground-nester, above-ground-nester",,,,,,,,,,
HumanObservation,"Megachile cfr. tuberculifera Schrottky, 1913",Behavior,,Solitary,,mode,,both,adult,"solitary, eusocial, kleptoparasitic, ground-nester, above-ground-nester",,,,,,,,,,
HumanObservation,"Megachile cfr. tuberculifera Schrottky, 1913",Nesting site,,Above ground,,mode,,both,adult,"solitary, eusocial, kleptoparasitic, ground-nester, above-ground-nester",,,,,,,,,,
PreservedSpecimen,"Megachile cfr. tuberculifera Schrottky, 1913",Feeding habit,,Generalist,,mode,,both,adult,"solitary, eusocial, kleptoparasitic, ground-nester, above-ground-nester",,,,,,,,,,
HumanObservation,"Megachile aetheria Mitchell, 1930",Behavior,,Solitary,,mode,,both,adult,"solitary, eusocial, kleptoparasitic, ground-nester, above-ground-nester",,,,,,,,,,
HumanObservation,"Megachile aetheria Mitchell, 1930",Nesting site,,Above ground,,mode,,both,adult,"solitary, eusocial, kleptoparasitic, ground-nester, above-ground-nester",,,,,,,,,,
PreservedSpecimen,"Megachile aetheria Mitchell, 1930",Feeding habit,,Generalist,,mode,,both,adult,"solitary, eusocial, kleptoparasitic, ground-nester, above-ground-nester",,,,,,,,,,
HumanObservation,"Megachile paulistana Schrottky, 1902",Behavior,,Solitary,,mode,,both,adult,"solitary, eusocial, kleptoparasitic, ground-nester, above-ground-nester",,,,,,,,,,
HumanObservation,"Megachile paulistana Schrottky, 1902",Nesting site,,Above ground,,mode,,both,adult,"solitary, eusocial, kleptoparasitic, ground-nester, above-ground-nester",,,,,,,,,,
PreservedSpecimen,"Megachile paulistana Schrottky, 1902",Feeding habit,,Generalist,,mode,,both,adult,"solitary, eusocial, kleptoparasitic, ground-nester, above-ground-nester",,,,,,,,,,
HumanObservation,"Megachile aff. brasiliensis Dalla Torre, 1896",Behavior,,Solitary,,mode,,both,adult,"solitary, eusocial, kleptoparasitic, ground-nester, above-ground-nester",,,,,,,,,,
HumanObservation,"Megachile aff. brasiliensis Dalla Torre, 1896",Nesting site,,Above ground,,mode,,both,adult,"solitary, eusocial, kleptoparasitic, ground-nester, above-ground-nester",,,,,,,,,,
PreservedSpecimen,"Megachile aff. brasiliensis Dalla Torre, 1896",Feeding habit,,Generalist,,mode,,both,adult,"solitary, eusocial, kleptoparasitic, ground-nester, above-ground-nester",,,,,,,,,,
HumanObservation,"Megachile apicipennis Schrottky, 1902",Behavior,,Solitary,,mode,,both,adult,"solitary, eusocial, kleptoparasitic, ground-nester, above-ground-nester",,,,,,,,,,
HumanObservation,"Megachile apicipennis Schrottky, 1902",Nesting site,,Above ground,,mode,,both,adult,"solitary, eusocial, kleptoparasitic, ground-nester, above-ground-nester",,,,,,,,,,
PreservedSpecimen,"Megachile apicipennis Schrottky, 1902",Feeding habit,,Generalist,,mode,,both,adult,"solitary, eusocial, kleptoparasitic, ground-nester, above-ground-nester",,,,,,,,,,
HumanObservation,"Megachile maculata Smith, 1853",Behavior,,Solitary,,mode,,both,adult,"solitary, eusocial, kleptoparasitic, ground-nester, above-ground-nester",,,,,,,,,,
HumanObservation,"Megachile maculata Smith, 1853",Nesting site,,Above ground,,mode,,both,adult,"solitary, eusocial, kleptoparasitic, ground-nester, above-ground-nester",,,,,,,,,,
PreservedSpecimen,"Megachile maculata Smith, 1853",Feeding habit,,Generalist,,mode,,both,adult,"solitary, eusocial, kleptoparasitic, ground-nester, above-ground-nester",,,,,,,,,,
HumanObservation,"Megachile nigropilosa Schrottky, 1902",Behavior,,Solitary,,mode,,both,adult,"solitary, eusocial, kleptoparasitic, ground-nester, above-ground-nester",,,,,,,,,,
HumanObservation,"Megachile nigropilosa Schrottky, 1902",Nesting site,,Above ground,,mode,,both,adult,"solitary, eusocial, kleptoparasitic, ground-nester, above-ground-nester",,,,,,,,,,
PreservedSpecimen,"Megachile nigropilosa Schrottky, 1902",Feeding habit,,Generalist,,mode,,both,adult,"solitary, eusocial, kleptoparasitic, ground-nester, above-ground-nester",,,,,,,,,,
HumanObservation,"Megachile curvipes Smith, 1853",Behavior,,Solitary,,mode,,both,adult,"solitary, eusocial, kleptoparasitic, ground-nester, above-ground-nester",,,,,,,,,,
HumanObservation,"Megachile curvipes Smith, 1853",Nesting site,,Above ground,,mode,,both,adult,"solitary, eusocial, kleptoparasitic, ground-nester, above-ground-nester",,,,,,,,,,
PreservedSpecimen,"Megachile curvipes Smith, 1853",Feeding habit,,Generalist,,mode,,both,adult,"solitary, eusocial, kleptoparasitic, ground-nester, above-ground-nester",,,,,,,,,,
HumanObservation,"Megachile orba Schrottky, 1913",Behavior,,Solitary,,mode,,both,adult,"solitary, eusocial, kleptoparasitic, ground-nester, above-ground-nester",,,,,,,,,,
HumanObservation,"Megachile orba Schrottky, 1913",Nesting site,,Above ground,,mode,,both,adult,"solitary, eusocial, kleptoparasitic, ground-nester, above-ground-nester",,,,,,,,,,
PreservedSpecimen,"Megachile orba Schrottky, 1913",Feeding habit,,Generalist,,mode,,both,adult,"solitary, eusocial, kleptoparasitic, ground-nester, above-ground-nester",,,,,,,,,,
HumanObservation,Megachile sp. 02,Behavior,,Solitary,,mode,,both,adult,"solitary, eusocial, kleptoparasitic, ground-nester, above-ground-nester",,,,,,,,,,
HumanObservation,Megachile sp. 02,Nesting site,,Above ground,,mode,,both,adult,"solitary, eusocial, kleptoparasitic, ground-nester, above-ground-nester",,,,,,,,,,
PreservedSpecimen,Megachile sp. 02,Feeding habit,,Generalist,,mode,,both,adult,"solitary, eusocial, kleptoparasitic, ground-nester, above-ground-nester",,,,,,,,,,
