cause,verbatimIdentification,measurementType,measurementValue,pred_collision_value,closest_pred_species,closest_score,severity,reasoning
species not in prediction,Pheidole darwini,Petiolar Node Height,0.34,,,0.08,severe,species not extracted at all
species not in prediction,Pheidole darwini,Petiolar Node Height,0.18,,,0.08,severe,species not extracted at all
species not in prediction,Pheidole darwini,Petiolar Node Height,0.32–0.38,,,0.08,severe,species not extracted at all
species not in prediction,Pheidole darwini,Petiolar Node Height,0.17-0.19,,,0.08,severe,species not extracted at all
species not in prediction,Pheidole batrachorum,Petiole Length,0.511-0.57,,,0.07,severe,species not extracted at all
species not in prediction,Pheidole batrachorum,Petiole Length,0.33,,,0.07,severe,species not extracted at all
species not in prediction,Pheidole batrachorum,Petiole Length,0.54,,,0.07,severe,species not extracted at all
species not in prediction,Pheidole batrachorum,Petiole Length,0.26-0.37,,,0.07,severe,species not extracted at all
species not in prediction,Pheidole setosa,Cephalic Index,87,,,0.08,severe,species not extracted at all
species not in prediction,Pheidole setosa,Cephalic Index,85-88,,,0.08,severe,species not extracted at all
species not in prediction,Pheidole heloisa,Petiolar node Width,0.31,,,0.08,severe,species not extracted at all
species not in prediction,Pheidole heloisa,Petiolar node Width,0.13,,,0.08,severe,species not extracted at all
species not in prediction,Pheidole heloisa,Petiolar node Width,0.1-0.13,,,0.08,severe,species not extracted at all
species not in prediction,Pheidole pulchella,Mandible Length,1.02,,,0.07,severe,species not extracted at all
species not in prediction,Pheidole pulchella,Mandible Length,0.61,,,0.07,severe,species not extracted at all
species not in prediction,Pheidole pulchella,Mandible Length,0.9-1.11,,,0.07,severe,species not extracted at all
species not in prediction,Pheidole pulchella,Mandible Length,0.58-0.64,,,0.07,severe,species not extracted at all
species not in prediction,Pheidole semidea,Head Length,1.7-1.86,,,0.08,severe,species not extracted at all
species not in prediction,Pheidole semidea,Head Length,0.79,,,0.08,severe,species not extracted at all
species not in prediction,Pheidole semidea,Head Length,1.79,,,0.08,severe,species not extracted at all
species not in prediction,Pheidole semidea,Head Length,0.76-0.81,,,0.08,severe,species not extracted at all
species not in prediction,Pheidole pulchella,Postpetiole Index,55,,,0.07,severe,species not extracted at all
species not in prediction,Pheidole pulchella,Postpetiole Index,46,,,0.07,severe,species not extracted at all
species not in prediction,Pheidole pulchella,Postpetiole Index,47-61,,,0.07,severe,species not extracted at all
species not in prediction,Pheidole pulchella,Postpetiole Index,43-50,,,0.07,severe,species not extracted at all
species not in prediction,Pheidole dae,Metafemur Length,1.27,,,0.10,severe,species not extracted at all
species not in prediction,Pheidole dae,Metafemur Length,1.46-1.6,,,0.10,severe,species not extracted at all
species not in prediction,Pheidole dae,Metafemur Length,1.49,,,0.10,severe,species not extracted at all
species not in prediction,Pheidole dae,Metafemur Length,1.09-1.44,,,0.10,severe,species not extracted at all
species not in prediction,Pheidole dae,Pronotal Width,0.8-0.83,,,0.10,severe,species not extracted at all
species not in prediction,Pheidole dae,Pronotal Width,0.49,,,0.10,severe,species not extracted at all
species not in prediction,Pheidole dae,Pronotal Width,0.82,,,0.10,severe,species not extracted at all
species not in prediction,Pheidole dae,Pronotal Width,0.42-0.57,,,0.10,severe,species not extracted at all
species not in prediction,Pheidole darwini,Petiole Length,0.59,,,0.08,severe,species not extracted at all
species not in prediction,Pheidole darwini,Petiole Length,0.33,,,0.08,severe,species not extracted at all
species not in prediction,Pheidole darwini,Petiole Length,0.54-0.67,,,0.08,severe,species not extracted at all
species not in prediction,Pheidole darwini,Petiole Length,0.3-0.36,,,0.08,severe,species not extracted at all
species not in prediction,Pheidole klaman,Metafemur Index,87,,,0.08,severe,species not extracted at all
species not in prediction,Pheidole klaman,Metafemur Index,213,,,0.08,severe,species not extracted at all
species not in prediction,Pheidole klaman,Metafemur Index,86-87,,,0.08,severe,species not extracted at all
species not in prediction,Pheidole klaman,Metafemur Index,208-220,,,0.08,severe,species not extracted at all
species not in prediction,Pheidole semidea,Head Width,1.7-1.82,,,0.08,severe,species not extracted at all
species not in prediction,Pheidole semidea,Head Width,0.76,,,0.08,severe,species not extracted at all
species not in prediction,Pheidole semidea,Head Width,1.76,,,0.08,severe,species not extracted at all
species not in prediction,Pheidole semidea,Head Width,0.72-0.78,,,0.08,severe,species not extracted at all
species not in prediction,Pheidole christinae,Postpetiole Length,0.26,,,0.07,severe,species not extracted at all
species not in prediction,Pheidole christinae,Postpetiole Length,0.23-0.28,,,0.07,severe,species not extracted at all
species not in prediction,Pheidole klaman,Eye Length,0.22,,,0.08,severe,species not extracted at all
species not in prediction,Pheidole klaman,Eye Length,0.18,,,0.08,severe,species not extracted at all
species not in prediction,Pheidole klaman,Eye Length,0.22-0.23,,,0.08,severe,species not extracted at all
species not in prediction,Pheidole klaman,Eye Length,0.16-0.19,,,0.08,severe,species not extracted at all
species not in prediction,Pheidole batrachorum,Mandible Index,50,,,0.07,severe,species not extracted at all
species not in prediction,Pheidole batrachorum,Mandible Index,80,,,0.07,severe,species not extracted at all
species not in prediction,Pheidole batrachorum,Mandible Index,47-53,,,0.07,severe,species not extracted at all
species not in prediction,Pheidole batrachorum,Mandible Index,76-84,,,0.07,severe,species not extracted at all
species not in prediction,Pheidole darwini,Petiole Index,25,,,0.08,severe,species not extracted at all
species not in prediction,Pheidole darwini,Petiole Index,24,,,0.08,severe,species not extracted at all
species not in prediction,Pheidole darwini,Petiole Index,24-28,,,0.08,severe,species not extracted at all
species not in prediction,Pheidole darwini,Petiole Index,22-27,,,0.08,severe,species not extracted at all
species not in prediction,Pheidole setosa,Head Length,0.79,,,0.08,severe,species not extracted at all
species not in prediction,Pheidole setosa,Head Length,0.78-0.81,,,0.08,severe,species not extracted at all
species not in prediction,Pheidole batrachorum,Head Width,1.88,,,0.07,severe,species not extracted at all
species not in prediction,Pheidole batrachorum,Head Width,0.68,,,0.07,severe,species not extracted at all
species not in prediction,Pheidole batrachorum,Head Width,1.8-2.0,,,0.07,severe,species not extracted at all
species not in prediction,Pheidole batrachorum,Head Width,0.59-0.74,,,0.07,severe,species not extracted at all
species not in prediction,Pheidole heloisa,Postpetiole Length Index.,145,,,0.08,severe,species not extracted at all
species not in prediction,Pheidole heloisa,Postpetiole Length Index.,139,,,0.08,severe,species not extracted at all
species not in prediction,Pheidole heloisa,Postpetiole Length Index.,132-150,,,0.08,severe,species not extracted at all
species not in prediction,Pheidole klaman,Petiolar Node Height,0.3,,,0.08,severe,species not extracted at all
species not in prediction,Pheidole klaman,Petiolar Node Height,0.19,,,0.08,severe,species not extracted at all
species not in prediction,Pheidole klaman,Petiolar Node Height,0.29-0.31,,,0.08,severe,species not extracted at all
species not in prediction,Pheidole klaman,Petiolar Node Height,0.18-0.2,,,0.08,severe,species not extracted at all
species not in prediction,Pheidole darwini,Mandible Index,48,,,0.08,severe,species not extracted at all
species not in prediction,Pheidole darwini,Mandible Index,78,,,0.08,severe,species not extracted at all
species not in prediction,Pheidole darwini,Mandible Index,42-51,,,0.08,severe,species not extracted at all
species not in prediction,Pheidole darwini,Mandible Index,75-82,,,0.08,severe,species not extracted at all
species not in prediction,Pheidole heloisa,Propodeal Spine Length.I,11,,,0.08,severe,species not extracted at all
species not in prediction,Pheidole heloisa,Propodeal Spine Length.I,37,,,0.08,severe,species not extracted at all
species not in prediction,Pheidole heloisa,Propodeal Spine Length.I,37-49,,,0.08,severe,species not extracted at all
species not in prediction,Pheidole pulchella,Head Length,2.14,,,0.07,severe,species not extracted at all
species not in prediction,Pheidole pulchella,Head Length,0.89,,,0.07,severe,species not extracted at all
species not in prediction,Pheidole pulchella,Head Length,1.94-2.23,,,0.07,severe,species not extracted at all
species not in prediction,Pheidole pulchella,Head Length,0.86-0.93,,,0.07,severe,species not extracted at all
species not in prediction,Pheidole christinae,Postpetiole Width,0.25,,,0.07,severe,species not extracted at all
species not in prediction,Pheidole christinae,Postpetiole Width,199,,,0.07,severe,species not extracted at all
species not in prediction,Pheidole christinae,Postpetiole Width,0.22-0.27,,,0.07,severe,species not extracted at all
species not in prediction,Pheidole christinae,Postpetiole Width,183-217,,,0.07,severe,species not extracted at all
species not in prediction,Pheidole dae,Mandible Length,0.82-0.87,,,0.10,severe,species not extracted at all
species not in prediction,Pheidole dae,Mandible Length,0.58,,,0.10,severe,species not extracted at all
species not in prediction,Pheidole dae,Mandible Length,0.84,,,0.10,severe,species not extracted at all
species not in prediction,Pheidole dae,Mandible Length,0.5-0.67,,,0.10,severe,species not extracted at all
species not in prediction,Pheidole klaman,Pronotal Width,0.76,,,0.08,severe,species not extracted at all
species not in prediction,Pheidole klaman,Pronotal Width,0.46,,,0.08,severe,species not extracted at all
species not in prediction,Pheidole klaman,Pronotal Width,0.74-0.78,,,0.08,severe,species not extracted at all
species not in prediction,Pheidole klaman,Pronotal Width,0.44-0.51,,,0.08,severe,species not extracted at all
species not in prediction,Pheidole glabrella,Metafemur Index,75-78,,,0.07,severe,species not extracted at all
species not in prediction,Pheidole glabrella,Metafemur Index,157,,,0.07,severe,species not extracted at all
species not in prediction,Pheidole glabrella,Metafemur Index,77,,,0.07,severe,species not extracted at all
species not in prediction,Pheidole glabrella,Metafemur Index,143-169,,,0.07,severe,species not extracted at all
species not in prediction,Pheidole klaman,Pronotal Width Index.,45,,,0.08,severe,species not extracted at all
species not in prediction,Pheidole klaman,Pronotal Width Index.,68,,,0.08,severe,species not extracted at all
species not in prediction,Pheidole klaman,Pronotal Width Index.,45-45,,,0.08,severe,species not extracted at all
species not in prediction,Pheidole klaman,Pronotal Width Index.,68-72,,,0.08,severe,species not extracted at all
species not in prediction,Pheidole darwini,Postpetiole Length,0.22,,,0.08,severe,species not extracted at all
species not in prediction,Pheidole darwini,Postpetiole Length,0.33-0.39,,,0.08,severe,species not extracted at all
species not in prediction,Pheidole darwini,Postpetiole Length,0.36,,,0.08,severe,species not extracted at all
species not in prediction,Pheidole darwini,Postpetiole Length,0.19-0.24,,,0.08,severe,species not extracted at all
species not in prediction,Pheidole heloisa,Metafemur Length,1.98,,,0.08,severe,species not extracted at all
species not in prediction,Pheidole heloisa,Metafemur Length,1.68,,,0.08,severe,species not extracted at all
species not in prediction,Pheidole heloisa,Metafemur Length,1.6-1.74,,,0.08,severe,species not extracted at all
species not in prediction,Pheidole klaman,Scape Length,1.06,,,0.08,severe,species not extracted at all
species not in prediction,Pheidole klaman,Scape Length,1.21,,,0.08,severe,species not extracted at all
species not in prediction,Pheidole klaman,Scape Length,1.03-1.08,,,0.08,severe,species not extracted at all
species not in prediction,Pheidole klaman,Scape Length,1.17-1.32,,,0.08,severe,species not extracted at all
species not in prediction,Pheidole rebeccae,Petiole Length,0.4,,,0.08,severe,species not extracted at all
species not in prediction,Pheidole rebeccae,Petiole Length,0.47-0.56,,,0.08,severe,species not extracted at all
species not in prediction,Pheidole rebeccae,Petiole Length,0.51,,,0.08,severe,species not extracted at all
species not in prediction,Pheidole rebeccae,Petiole Length,0.39-0.41,,,0.08,severe,species not extracted at all
species not in prediction,Pheidole glabrella,Eye Length,0.18,,,0.07,severe,species not extracted at all
species not in prediction,Pheidole glabrella,Eye Length,0.22-0.27,,,0.07,severe,species not extracted at all
species not in prediction,Pheidole glabrella,Eye Length,0.24,,,0.07,severe,species not extracted at all
species not in prediction,Pheidole glabrella,Eye Length,0.17-0.19,,,0.07,severe,species not extracted at all
species not in prediction,Pheidole batrachorum,Propodeal Spine Length.,0.21,,,0.07,severe,species not extracted at all
species not in prediction,Pheidole batrachorum,Propodeal Spine Length.,0.28-0.32,,,0.07,severe,species not extracted at all
species not in prediction,Pheidole batrachorum,Propodeal Spine Length.,0.31,,,0.07,severe,species not extracted at all
species not in prediction,Pheidole batrachorum,Propodeal Spine Length.,0.14-0.24,,,0.07,severe,species not extracted at all
species not in prediction,Pheidole rebeccae,Eye Index,13,,,0.08,severe,species not extracted at all
species not in prediction,Pheidole rebeccae,Eye Index,25,,,0.08,severe,species not extracted at all
species not in prediction,Pheidole rebeccae,Eye Index,12 - 15,,,0.08,severe,species not extracted at all
species not in prediction,Pheidole rebeccae,Eye Index,25-25,,,0.08,severe,species not extracted at all
species not in prediction,Pheidole christinae,Scape Index,156,,,0.07,severe,species not extracted at all
species not in prediction,Pheidole christinae,Scape Index,144-165,,,0.07,severe,species not extracted at all
species not in prediction,Pheidole klaman,Petiole Index,28,,,0.08,severe,species not extracted at all
species not in prediction,Pheidole klaman,Petiole Index,27,,,0.08,severe,species not extracted at all
species not in prediction,Pheidole klaman,Petiole Index,28-28,,,0.08,severe,species not extracted at all
species not in prediction,Pheidole klaman,Petiole Index,24-29,,,0.08,severe,species not extracted at all
species not in prediction,Pheidole batrachorum,Petiolar node Width,0.22-0.28,,,0.07,severe,species not extracted at all
species not in prediction,Pheidole batrachorum,Petiolar node Width,0.12,,,0.07,severe,species not extracted at all
species not in prediction,Pheidole batrachorum,Petiolar node Width,0.24,,,0.07,severe,species not extracted at all
species not in prediction,Pheidole batrachorum,Petiolar node Width,0.1-0.13,,,0.07,severe,species not extracted at all
species not in prediction,Pheidole glabrella,Petiolar Node Height,0.3-0.36,,,0.07,severe,species not extracted at all
species not in prediction,Pheidole glabrella,Petiolar Node Height,0.19,,,0.07,severe,species not extracted at all
species not in prediction,Pheidole glabrella,Petiolar Node Height,0.33,,,0.07,severe,species not extracted at all
species not in prediction,Pheidole glabrella,Petiolar Node Height,0.17-0.21,,,0.07,severe,species not extracted at all
species not in prediction,Pheidole darwini,Propodeal Spine Length.,0.36,,,0.08,severe,species not extracted at all
species not in prediction,Pheidole darwini,Propodeal Spine Length.,0.27,,,0.08,severe,species not extracted at all
species not in prediction,Pheidole darwini,Propodeal Spine Length.,0.33-0.39,,,0.08,severe,species not extracted at all
species not in prediction,Pheidole darwini,Propodeal Spine Length.,0.24-0.3,,,0.08,severe,species not extracted at all
species not in prediction,Pheidole klaman,Mandible Index,51,,,0.08,severe,species not extracted at all
species not in prediction,Pheidole klaman,Mandible Index,86,,,0.08,severe,species not extracted at all
species not in prediction,Pheidole klaman,Mandible Index,51-51,,,0.08,severe,species not extracted at all
species not in prediction,Pheidole klaman,Mandible Index,85-87,,,0.08,severe,species not extracted at all
species not in prediction,Pheidole darwini,Petiolar node Width,0.23,,,0.08,severe,species not extracted at all
species not in prediction,Pheidole darwini,Petiolar node Width,0.12,,,0.08,severe,species not extracted at all
species not in prediction,Pheidole darwini,Petiolar node Width,0.21-0.27,,,0.08,severe,species not extracted at all
species not in prediction,Pheidole darwini,Petiolar node Width,0.11-0.13,,,0.08,severe,species not extracted at all
species not in prediction,Pheidole semidea,Eye Length,0.21-0.22,,,0.08,severe,species not extracted at all
species not in prediction,Pheidole semidea,Eye Length,0.17,,,0.08,severe,species not extracted at all
species not in prediction,Pheidole semidea,Eye Length,0.22,,,0.08,severe,species not extracted at all
species not in prediction,Pheidole semidea,Eye Length,0.17-0.18,,,0.08,severe,species not extracted at all
species not in prediction,Pheidole christinae,Postpetiole Height,0.25,,,0.07,severe,species not extracted at all
species not in prediction,Pheidole christinae,Postpetiole Height,0.22-0.27,,,0.07,severe,species not extracted at all
species not in prediction,Pheidole batrachorum,Weber's Length,1.44-1.7,,,0.07,severe,species not extracted at all
species not in prediction,Pheidole batrachorum,Weber's Length,1.12,,,0.07,severe,species not extracted at all
species not in prediction,Pheidole batrachorum,Weber's Length,1.54,,,0.07,severe,species not extracted at all
species not in prediction,Pheidole batrachorum,Weber's Length,0.96-1.21,,,0.07,severe,species not extracted at all
species not in prediction,Pheidole rebeccae,Mandible Index,45,,,0.08,severe,species not extracted at all
species not in prediction,Pheidole rebeccae,Mandible Index,79,,,0.08,severe,species not extracted at all
species not in prediction,Pheidole rebeccae,Mandible Index,44-46,,,0.08,severe,species not extracted at all
species not in prediction,Pheidole rebeccae,Mandible Index,78-80,,,0.08,severe,species not extracted at all
species not in prediction,Pheidole semidea,Postpetiole Length Index.,158,,,0.08,severe,species not extracted at all
species not in prediction,Pheidole semidea,Postpetiole Length Index.,155,,,0.08,severe,species not extracted at all
species not in prediction,Pheidole semidea,Postpetiole Length Index.,148-65,,,0.08,severe,species not extracted at all
species not in prediction,Pheidole semidea,Postpetiole Length Index.,145-174,,,0.08,severe,species not extracted at all
species not in prediction,Pheidole glabrella,Pronotal Width,0.74-0.94,,,0.07,severe,species not extracted at all
species not in prediction,Pheidole glabrella,Pronotal Width,0.51,,,0.07,severe,species not extracted at all
species not in prediction,Pheidole glabrella,Pronotal Width,0.86,,,0.07,severe,species not extracted at all
species not in prediction,Pheidole glabrella,Pronotal Width,0.46-0.57,,,0.07,severe,species not extracted at all
species not in prediction,Pheidole glabrella,Pronotal Width Index.,41-44,,,0.07,severe,species not extracted at all
species not in prediction,Pheidole glabrella,Pronotal Width Index.,61,,,0.07,severe,species not extracted at all
species not in prediction,Pheidole glabrella,Pronotal Width Index.,41,,,0.07,severe,species not extracted at all
species not in prediction,Pheidole glabrella,Pronotal Width Index.,61-69,,,0.07,severe,species not extracted at all
species not in prediction,Pheidole semidea,Propodeal Spine Length.I,16,,,0.08,severe,species not extracted at all
species not in prediction,Pheidole semidea,Propodeal Spine Length.I,26,,,0.08,severe,species not extracted at all
species not in prediction,Pheidole semidea,Propodeal Spine Length.I,16-18,,,0.08,severe,species not extracted at all
species not in prediction,Pheidole semidea,Propodeal Spine Length.I,26-30,,,0.08,severe,species not extracted at all
species not in prediction,Pheidole rebeccae,Head Width,1.94,,,0.08,severe,species not extracted at all
species not in prediction,Pheidole rebeccae,Head Width,0.8,,,0.08,severe,species not extracted at all
species not in prediction,Pheidole rebeccae,Head Width,1.86-1.98,,,0.08,severe,species not extracted at all
species not in prediction,Pheidole rebeccae,Head Width,0.77-0.82,,,0.08,severe,species not extracted at all
species not in prediction,Pheidole glabrella,Scape Length,0.94-1.08,,,0.07,severe,species not extracted at all
species not in prediction,Pheidole glabrella,Scape Length,1.02,,,0.07,severe,species not extracted at all
species not in prediction,Pheidole glabrella,Scape Length,1.02,,,0.07,severe,species not extracted at all
species not in prediction,Pheidole glabrella,Scape Length,0.87-1.13,,,0.07,severe,species not extracted at all
species not in prediction,Pheidole darwini,Weber's Length,1.48-1.65,,,0.08,severe,species not extracted at all
species not in prediction,Pheidole darwini,Weber's Length,1.16,,,0.08,severe,species not extracted at all
species not in prediction,Pheidole darwini,Weber's Length,1.56,,,0.08,severe,species not extracted at all
species not in prediction,Pheidole darwini,Weber's Length,1.08-1.25,,,0.08,severe,species not extracted at all
species not in prediction,Pheidole heloisa,Mandible Length,1.3,,,0.08,severe,species not extracted at all
species not in prediction,Pheidole heloisa,Mandible Length,0.69,,,0.08,severe,species not extracted at all
species not in prediction,Pheidole heloisa,Mandible Length,0.64-0.8,,,0.08,severe,species not extracted at all
species not in prediction,Pheidole klaman,Postpetiole Length,0.37,,,0.08,severe,species not extracted at all
species not in prediction,Pheidole klaman,Postpetiole Length,0.26,,,0.08,severe,species not extracted at all
species not in prediction,Pheidole klaman,Postpetiole Length,0.36-0.38,,,0.08,severe,species not extracted at all
species not in prediction,Pheidole klaman,Postpetiole Length,0.23-0.28,,,0.08,severe,species not extracted at all
species not in prediction,Pheidole setosa,Metafemur Index,166,,,0.08,severe,species not extracted at all
species not in prediction,Pheidole setosa,Metafemur Index,161-172,,,0.08,severe,species not extracted at all
species not in prediction,Pheidole glabrella,Petiole Index,24-28,,,0.07,severe,species not extracted at all
species not in prediction,Pheidole glabrella,Petiole Index,24,,,0.07,severe,species not extracted at all
species not in prediction,Pheidole glabrella,Petiole Index,26,,,0.07,severe,species not extracted at all
species not in prediction,Pheidole glabrella,Petiole Index,22-27,,,0.07,severe,species not extracted at all
species not in prediction,Pheidole batrachorum,Postpetiole Length Index.,131-161,,,0.07,severe,species not extracted at all
species not in prediction,Pheidole batrachorum,Postpetiole Length Index.,141,,,0.07,severe,species not extracted at all
species not in prediction,Pheidole batrachorum,Postpetiole Length Index.,147,,,0.07,severe,species not extracted at all
species not in prediction,Pheidole batrachorum,Postpetiole Length Index.,122-164,,,0.07,severe,species not extracted at all
species not in prediction,Pheidole setosa,Eye Length,0.17,,,0.08,severe,species not extracted at all
species not in prediction,Pheidole setosa,Eye Length,0.16-0.19,,,0.08,severe,species not extracted at all
species not in prediction,Pheidole batrachorum,Postpetiole Height,0.37-0.46,,,0.07,severe,species not extracted at all
species not in prediction,Pheidole batrachorum,Postpetiole Height,0.21,,,0.07,severe,species not extracted at all
species not in prediction,Pheidole batrachorum,Postpetiole Height,0.41,,,0.07,severe,species not extracted at all
species not in prediction,Pheidole batrachorum,Postpetiole Height,0.17-0.23,,,0.07,severe,species not extracted at all
species not in prediction,Pheidole semidea,Metafemur Length,1.41-1.44,,,0.08,severe,species not extracted at all
species not in prediction,Pheidole semidea,Metafemur Length,1.02,,,0.08,severe,species not extracted at all
species not in prediction,Pheidole semidea,Metafemur Length,1.43,,,0.08,severe,species not extracted at all
species not in prediction,Pheidole semidea,Metafemur Length,0.97-1.07,,,0.08,severe,species not extracted at all
species not in prediction,Pheidole semidea,Pronotal Width,0.77,,,0.08,severe,species not extracted at all
species not in prediction,Pheidole semidea,Pronotal Width,0.48,,,0.08,severe,species not extracted at all
species not in prediction,Pheidole semidea,Pronotal Width,0.71-0.8,,,0.08,severe,species not extracted at all
species not in prediction,Pheidole semidea,Pronotal Width,0.46-0.50,,,0.08,severe,species not extracted at all
species not in prediction,Pheidole pulchella,Metafemur Index,81,,,0.07,severe,species not extracted at all
species not in prediction,Pheidole pulchella,Metafemur Index,186,,,0.07,severe,species not extracted at all
species not in prediction,Pheidole pulchella,Metafemur Index,76-90,,,0.07,severe,species not extracted at all
species not in prediction,Pheidole pulchella,Metafemur Index,179-194,,,0.07,severe,species not extracted at all
species not in prediction,Pheidole semidea,Pronotal Width Index.,39,,,0.08,severe,species not extracted at all
species not in prediction,Pheidole semidea,Pronotal Width Index.,62,,,0.08,severe,species not extracted at all
species not in prediction,Pheidole semidea,Pronotal Width Index.,39-47,,,0.08,severe,species not extracted at all
species not in prediction,Pheidole semidea,Pronotal Width Index.,62-65,,,0.08,severe,species not extracted at all
species not in prediction,Pheidole semidea,Scape Length,0.99,,,0.08,severe,species not extracted at all
species not in prediction,Pheidole semidea,Scape Length,0.89,,,0.08,severe,species not extracted at all
species not in prediction,Pheidole semidea,Scape Length,0.98-1.0,,,0.08,severe,species not extracted at all
species not in prediction,Pheidole semidea,Scape Length,0.86-0.90,,,0.08,severe,species not extracted at all
species not in prediction,Pheidole glabrella,Mandible Index,74,,,0.07,severe,species not extracted at all
species not in prediction,Pheidole glabrella,Mandible Index,42-45,,,0.07,severe,species not extracted at all
species not in prediction,Pheidole glabrella,Mandible Index,43,,,0.07,severe,species not extracted at all
species not in prediction,Pheidole glabrella,Mandible Index,71-78,,,0.07,severe,species not extracted at all
species not in prediction,Pheidole pulchella,Eye Length,0.24,,,0.07,severe,species not extracted at all
species not in prediction,Pheidole pulchella,Eye Length,0.18,,,0.07,severe,species not extracted at all
species not in prediction,Pheidole pulchella,Eye Length,0.23-0.26,,,0.07,severe,species not extracted at all
species not in prediction,Pheidole pulchella,Eye Length,0.17-0.19,,,0.07,severe,species not extracted at all
species not in prediction,Pheidole darwini,Postpetiole Height,0.37-0.47,,,0.08,severe,species not extracted at all
species not in prediction,Pheidole darwini,Postpetiole Height,0.21,,,0.08,severe,species not extracted at all
species not in prediction,Pheidole darwini,Postpetiole Height,0.42,,,0.08,severe,species not extracted at all
species not in prediction,Pheidole darwini,Postpetiole Height,0.19-0.22,,,0.08,severe,species not extracted at all
species not in prediction,Pheidole setosa,Petiolar Node Height,0.17,,,0.08,severe,species not extracted at all
species not in prediction,Pheidole setosa,Petiolar Node Height,0.17-0.17,,,0.08,severe,species not extracted at all
species not in prediction,Pheidole klaman,Postpetiole Width,0.46,,,0.08,severe,species not extracted at all
species not in prediction,Pheidole klaman,Postpetiole Width,217,,,0.08,severe,species not extracted at all
species not in prediction,Pheidole klaman,Postpetiole Width,0.24,,,0.08,severe,species not extracted at all
species not in prediction,Pheidole klaman,Postpetiole Width,197,,,0.08,severe,species not extracted at all
species not in prediction,Pheidole klaman,Postpetiole Width,0.43-0.48,,,0.08,severe,species not extracted at all
species not in prediction,Pheidole klaman,Postpetiole Width,210-224,,,0.08,severe,species not extracted at all
species not in prediction,Pheidole klaman,Postpetiole Width,0.24-0.27,,,0.08,severe,species not extracted at all
species not in prediction,Pheidole klaman,Postpetiole Width,186-209,,,0.08,severe,species not extracted at all
species not in prediction,Pheidole batrachorum,Metafemur Length,1.57,,,0.07,severe,species not extracted at all
species not in prediction,Pheidole batrachorum,Metafemur Length,1.28,,,0.07,severe,species not extracted at all
species not in prediction,Pheidole batrachorum,Metafemur Length,1.48-1.7,,,0.07,severe,species not extracted at all
species not in prediction,Pheidole batrachorum,Metafemur Length,1.01-1.38,,,0.07,severe,species not extracted at all
species not in prediction,Pheidole rebeccae,Propodeal Spine Length.,0.28,,,0.08,severe,species not extracted at all
species not in prediction,Pheidole rebeccae,Propodeal Spine Length.,0.24,,,0.08,severe,species not extracted at all
species not in prediction,Pheidole rebeccae,Propodeal Spine Length.,0.24-0.3,,,0.08,severe,species not extracted at all
species not in prediction,Pheidole rebeccae,Propodeal Spine Length.,0.24-0.25,,,0.08,severe,species not extracted at all
species not in prediction,Pheidole semidea,Petiole Index,27,,,0.08,severe,species not extracted at all
species not in prediction,Pheidole semidea,Petiole Index,23,,,0.08,severe,species not extracted at all
species not in prediction,Pheidole semidea,Petiole Index,25-30,,,0.08,severe,species not extracted at all
species not in prediction,Pheidole semidea,Petiole Index,22-24,,,0.08,severe,species not extracted at all
species not in prediction,Pheidole rebeccae,Petiolar node Width,0.21-0.24,,,0.08,severe,species not extracted at all
species not in prediction,Pheidole rebeccae,Petiolar node Width,0.14,,,0.08,severe,species not extracted at all
species not in prediction,Pheidole rebeccae,Petiolar node Width,0.23,,,0.08,severe,species not extracted at all
species not in prediction,Pheidole rebeccae,Petiolar node Width,0.12-0.15,,,0.08,severe,species not extracted at all
species not in prediction,Pheidole setosa,Pronotal Width,0.48,,,0.08,severe,species not extracted at all
species not in prediction,Pheidole setosa,Pronotal Width,0.47-0.48,,,0.08,severe,species not extracted at all
species not in prediction,Pheidole pulchella,Petiolar Node Height,0.36,,,0.07,severe,species not extracted at all
species not in prediction,Pheidole pulchella,Petiolar Node Height,0.19,,,0.07,severe,species not extracted at all
species not in prediction,Pheidole pulchella,Petiolar Node Height,0.33-0.39,,,0.07,severe,species not extracted at all
species not in prediction,Pheidole pulchella,Petiolar Node Height,0.17-0.21,,,0.07,severe,species not extracted at all
species not in prediction,Pheidole glabrella,Postpetiole Length,0.3-0.34,,,0.07,severe,species not extracted at all
species not in prediction,Pheidole glabrella,Postpetiole Length,0.2,,,0.07,severe,species not extracted at all
species not in prediction,Pheidole glabrella,Postpetiole Length,0.32,,,0.07,severe,species not extracted at all
species not in prediction,Pheidole glabrella,Postpetiole Length,0.18-0.23,,,0.07,severe,species not extracted at all
species not in prediction,Pheidole setosa,Pronotal Width Index.,68,,,0.08,severe,species not extracted at all
species not in prediction,Pheidole setosa,Pronotal Width Index.,68-70,,,0.08,severe,species not extracted at all
species not in prediction,Pheidole klaman,Weber's Length,1.51,,,0.08,severe,species not extracted at all
species not in prediction,Pheidole klaman,Weber's Length,1.23,,,0.08,severe,species not extracted at all
species not in prediction,Pheidole klaman,Weber's Length,1.47-1.56,,,0.08,severe,species not extracted at all
species not in prediction,Pheidole klaman,Weber's Length,1.18-1.36,,,0.08,severe,species not extracted at all
species not in prediction,Pheidole setosa,Scape Length,0.99,,,0.08,severe,species not extracted at all
species not in prediction,Pheidole setosa,Scape Length,0.97-1.03,,,0.08,severe,species not extracted at all
species not in prediction,Pheidole klaman,Scape Index,62,,,0.08,severe,species not extracted at all
species not in prediction,Pheidole klaman,Scape Index,185,,,0.08,severe,species not extracted at all
species not in prediction,Pheidole klaman,Scape Index,62-62,,,0.08,severe,species not extracted at all
species not in prediction,Pheidole klaman,Scape Index,182-189,,,0.08,severe,species not extracted at all
species not in prediction,Pheidole rebeccae,Weber's Length,1.44-1.56,,,0.08,severe,species not extracted at all
species not in prediction,Pheidole rebeccae,Weber's Length,1.36,,,0.08,severe,species not extracted at all
species not in prediction,Pheidole rebeccae,Weber's Length,1.5,,,0.08,severe,species not extracted at all
species not in prediction,Pheidole rebeccae,Weber's Length,1.32-1.4,,,0.08,severe,species not extracted at all
species not in prediction,Pheidole pulchella,Pronotal Width,0.95,,,0.07,severe,species not extracted at all
species not in prediction,Pheidole pulchella,Pronotal Width,0.5,,,0.07,severe,species not extracted at all
species not in prediction,Pheidole pulchella,Pronotal Width,0.81-1.03,,,0.07,severe,species not extracted at all
species not in prediction,Pheidole pulchella,Pronotal Width,0.48-0.54,,,0.07,severe,species not extracted at all
species not in prediction,Pheidole setosa,Petiole Index,24,,,0.08,severe,species not extracted at all
species not in prediction,Pheidole setosa,Petiole Index,23-25,,,0.08,severe,species not extracted at all
species not in prediction,Pheidole pulchella,Pronotal Width Index.,39,,,0.07,severe,species not extracted at all
species not in prediction,Pheidole pulchella,Pronotal Width Index.,64,,,0.07,severe,species not extracted at all
species not in prediction,Pheidole pulchella,Pronotal Width Index.,39-47,,,0.07,severe,species not extracted at all
species not in prediction,Pheidole pulchella,Pronotal Width Index.,64-68,,,0.07,severe,species not extracted at all
species not in prediction,Pheidole pulchella,Scape Length,1.13,,,0.07,severe,species not extracted at all
species not in prediction,Pheidole pulchella,Scape Length,1.18,,,0.07,severe,species not extracted at all
species not in prediction,Pheidole pulchella,Scape Length,1.06-1.17,,,0.07,severe,species not extracted at all
species not in prediction,Pheidole pulchella,Scape Length,1.13-1.24,,,0.07,severe,species not extracted at all
species not in prediction,Pheidole christinae,Petiole Length,0.38,,,0.07,severe,species not extracted at all
species not in prediction,Pheidole christinae,Petiole Length,0.33-0.41,,,0.07,severe,species not extracted at all
species not in prediction,Pheidole glabrella,Propodeal Spine Length.,0.31-0.37,,,0.07,severe,species not extracted at all
species not in prediction,Pheidole glabrella,Propodeal Spine Length.,0.28,,,0.07,severe,species not extracted at all
species not in prediction,Pheidole glabrella,Propodeal Spine Length.,0.34,,,0.07,severe,species not extracted at all
species not in prediction,Pheidole glabrella,Propodeal Spine Length.,0.2-0.36,,,0.07,severe,species not extracted at all
species not in prediction,Pheidole dae,Metafemur Index,79-83,,,0.10,severe,species not extracted at all
species not in prediction,Pheidole dae,Metafemur Index,166,,,0.10,severe,species not extracted at all
species not in prediction,Pheidole dae,Metafemur Index,81,,,0.10,severe,species not extracted at all
species not in prediction,Pheidole dae,Metafemur Index,158-175,,,0.10,severe,species not extracted at all
species not in prediction,Pheidole christinae,Eye Index,21,,,0.07,severe,species not extracted at all
species not in prediction,Pheidole christinae,Eye Index,20-22,,,0.07,severe,species not extracted at all
species not in prediction,Pheidole glabrella,Postpetiole Width,0.47,,,0.07,severe,species not extracted at all
species not in prediction,Pheidole glabrella,Postpetiole Width,192-220,,,0.07,severe,species not extracted at all
species not in prediction,Pheidole glabrella,Postpetiole Width,0.22,,,0.07,severe,species not extracted at all
species not in prediction,Pheidole glabrella,Postpetiole Width,186,,,0.07,severe,species not extracted at all
species not in prediction,Pheidole glabrella,Postpetiole Width,0.41-0.54,,,0.07,severe,species not extracted at all
species not in prediction,Pheidole glabrella,Postpetiole Width,208,,,0.07,severe,species not extracted at all
species not in prediction,Pheidole glabrella,Postpetiole Width,0.18-0.27,,,0.07,severe,species not extracted at all
species not in prediction,Pheidole glabrella,Postpetiole Width,162-209,,,0.07,severe,species not extracted at all
species not in prediction,Pheidole klaman,Postpetiole Height,0.41,,,0.08,severe,species not extracted at all
species not in prediction,Pheidole klaman,Postpetiole Height,0.23,,,0.08,severe,species not extracted at all
species not in prediction,Pheidole klaman,Postpetiole Height,0.4-0.41,,,0.08,severe,species not extracted at all
species not in prediction,Pheidole klaman,Postpetiole Height,0.22-0.25,,,0.08,severe,species not extracted at all
species not in prediction,Pheidole dae,Eye Length,0.22-0.23,,,0.10,severe,species not extracted at all
species not in prediction,Pheidole dae,Eye Length,0.18,,,0.10,severe,species not extracted at all
species not in prediction,Pheidole dae,Eye Length,0.23,,,0.10,severe,species not extracted at all
species not in prediction,Pheidole dae,Eye Length,0.17-0.2,,,0.10,severe,species not extracted at all
species not in prediction,Pheidole pulchella,Petiole Index,25,,,0.07,severe,species not extracted at all
species not in prediction,Pheidole pulchella,Petiole Index,23,,,0.07,severe,species not extracted at all
species not in prediction,Pheidole pulchella,Petiole Index,22-28,,,0.07,severe,species not extracted at all
species not in prediction,Pheidole pulchella,Petiole Index,22-24,,,0.07,severe,species not extracted at all
species not in prediction,Pheidole batrachorum,Mandible Length,0.95,,,0.07,severe,species not extracted at all
species not in prediction,Pheidole batrachorum,Mandible Length,0.54,,,0.07,severe,species not extracted at all
species not in prediction,Pheidole batrachorum,Mandible Length,0.89-1.0,,,0.07,severe,species not extracted at all
species not in prediction,Pheidole batrachorum,Mandible Length,0.46-0.57,,,0.07,severe,species not extracted at all
species not in prediction,Pheidole rebeccae,Postpetiole Length Index.,139-165,,,0.08,severe,species not extracted at all
species not in prediction,Pheidole rebeccae,Postpetiole Length Index.,150,,,0.08,severe,species not extracted at all
species not in prediction,Pheidole rebeccae,Postpetiole Length Index.,153,,,0.08,severe,species not extracted at all
species not in prediction,Pheidole rebeccae,Postpetiole Length Index.,148-152,,,0.08,severe,species not extracted at all
species not in prediction,Pheidole rebeccae,Postpetiole Height,0.36-0.41,,,0.08,severe,species not extracted at all
species not in prediction,Pheidole rebeccae,Postpetiole Height,0.25,,,0.08,severe,species not extracted at all
species not in prediction,Pheidole rebeccae,Postpetiole Height,0.39,,,0.08,severe,species not extracted at all
species not in prediction,Pheidole rebeccae,Postpetiole Height,0.24-0.26,,,0.08,severe,species not extracted at all
species not in prediction,Pheidole batrachorum,Postpetiole Index,57-67,,,0.07,severe,species not extracted at all
species not in prediction,Pheidole batrachorum,Postpetiole Index,48,,,0.07,severe,species not extracted at all
species not in prediction,Pheidole batrachorum,Postpetiole Index,62,,,0.07,severe,species not extracted at all
species not in prediction,Pheidole batrachorum,Postpetiole Index,45-50,,,0.07,severe,species not extracted at all
species not in prediction,Pheidole rebeccae,Propodeal Spine Length.I,13,,,0.08,severe,species not extracted at all
species not in prediction,Pheidole rebeccae,Propodeal Spine Length.I,30,,,0.08,severe,species not extracted at all
species not in prediction,Pheidole rebeccae,Propodeal Spine Length.I,13-15,,,0.08,severe,species not extracted at all
species not in prediction,Pheidole rebeccae,Propodeal Spine Length.I,30-31,,,0.08,severe,species not extracted at all
species not in prediction,Pheidole batrachorum,Cephalic Index,98,,,0.07,severe,species not extracted at all
species not in prediction,Pheidole batrachorum,Cephalic Index,83,,,0.07,severe,species not extracted at all
species not in prediction,Pheidole batrachorum,Cephalic Index,97-100,,,0.07,severe,species not extracted at all
species not in prediction,Pheidole batrachorum,Cephalic Index,80-87,,,0.07,severe,species not extracted at all
species not in prediction,Pheidole glabrella,Weber's Length,1.5,,,0.07,severe,species not extracted at all
species not in prediction,Pheidole glabrella,Weber's Length,1.16,,,0.07,severe,species not extracted at all
species not in prediction,Pheidole glabrella,Weber's Length,1.35-1.62,,,0.07,severe,species not extracted at all
species not in prediction,Pheidole glabrella,Weber's Length,1.01-1.29,,,0.07,severe,species not extracted at all
species not in prediction,Pheidole dae,Petiolar Node Height,0.3,,,0.10,severe,species not extracted at all
species not in prediction,Pheidole dae,Petiolar Node Height,0.18,,,0.10,severe,species not extracted at all
species not in prediction,Pheidole dae,Petiolar Node Height,0.27-0.32,,,0.10,severe,species not extracted at all
species not in prediction,Pheidole dae,Petiolar Node Height,0.16-0.2,,,0.10,severe,species not extracted at all
species not in prediction,Pheidole darwini,Mandible Length,0.94-1.06,,,0.08,severe,species not extracted at all
species not in prediction,Pheidole darwini,Mandible Length,0.56,,,0.08,severe,species not extracted at all
species not in prediction,Pheidole darwini,Mandible Length,1.01,,,0.08,severe,species not extracted at all
species not in prediction,Pheidole darwini,Mandible Length,0.52-0.61,,,0.08,severe,species not extracted at all
species not in prediction,Pheidole setosa,Postpetiole Length,0.2,,,0.08,severe,species not extracted at all
species not in prediction,Pheidole setosa,Postpetiole Length,0.19-0.21,,,0.08,severe,species not extracted at all
species not in prediction,Pheidole glabrella,Scape Index,51,,,0.07,severe,species not extracted at all
species not in prediction,Pheidole glabrella,Scape Index,131,,,0.07,severe,species not extracted at all
species not in prediction,Pheidole glabrella,Scape Index,49-53,,,0.07,severe,species not extracted at all
species not in prediction,Pheidole glabrella,Scape Index,123-140,,,0.07,severe,species not extracted at all
species not in prediction,Pheidole darwini,Postpetiole Index,58,,,0.08,severe,species not extracted at all
species not in prediction,Pheidole darwini,Postpetiole Index,46,,,0.08,severe,species not extracted at all
species not in prediction,Pheidole darwini,Postpetiole Index,55-63,,,0.08,severe,species not extracted at all
species not in prediction,Pheidole darwini,Postpetiole Index,43-52,,,0.08,severe,species not extracted at all
species not in prediction,Pheidole christinae,Mandible Index,80,,,0.07,severe,species not extracted at all
species not in prediction,Pheidole christinae,Mandible Index,77-84,,,0.07,severe,species not extracted at all
species not in prediction,Pheidole semidea,Postpetiole Width,0.44-0.47,,,0.08,severe,species not extracted at all
species not in prediction,Pheidole semidea,Postpetiole Width,219,,,0.08,severe,species not extracted at all
species not in prediction,Pheidole semidea,Postpetiole Width,0.2,,,0.08,severe,species not extracted at all
species not in prediction,Pheidole semidea,Postpetiole Width,185,,,0.08,severe,species not extracted at all
species not in prediction,Pheidole semidea,Postpetiole Width,0.46,,,0.08,severe,species not extracted at all
species not in prediction,Pheidole semidea,Postpetiole Width,214-224,,,0.08,severe,species not extracted at all
species not in prediction,Pheidole semidea,Postpetiole Width,0.19-0.22,,,0.08,severe,species not extracted at all
species not in prediction,Pheidole semidea,Postpetiole Width,173-200,,,0.08,severe,species not extracted at all
species not in prediction,Pheidole batrachorum,Eye Index,12 - 14,,,0.07,severe,species not extracted at all
species not in prediction,Pheidole batrachorum,Eye Index,26,,,0.07,severe,species not extracted at all
species not in prediction,Pheidole batrachorum,Eye Index,12 - 14,,,0.07,severe,species not extracted at all
species not in prediction,Pheidole batrachorum,Eye Index,24-29,,,0.07,severe,species not extracted at all
species not in prediction,Pheidole darwini,Cephalic Index,99-104,,,0.08,severe,species not extracted at all
species not in prediction,Pheidole darwini,Cephalic Index,86,,,0.08,severe,species not extracted at all
species not in prediction,Pheidole darwini,Cephalic Index,101,,,0.08,severe,species not extracted at all
species not in prediction,Pheidole darwini,Cephalic Index,84-89,,,0.08,severe,species not extracted at all
species not in prediction,Pheidole rebeccae,Metafemur Length,1.48-1.56,,,0.08,severe,species not extracted at all
species not in prediction,Pheidole rebeccae,Metafemur Length,1.51,,,0.08,severe,species not extracted at all
species not in prediction,Pheidole rebeccae,Metafemur Length,1.5,,,0.08,severe,species not extracted at all
species not in prediction,Pheidole rebeccae,Metafemur Length,1.44-1.58,,,0.08,severe,species not extracted at all
species not in prediction,Pheidole christinae,Head Width,0.8,,,0.07,severe,species not extracted at all
species not in prediction,Pheidole christinae,Head Width,0.73-0.83,,,0.07,severe,species not extracted at all
species not in prediction,Pheidole pulchella,Postpetiole Length,0.38,,,0.07,severe,species not extracted at all
species not in prediction,Pheidole pulchella,Postpetiole Length,0.24,,,0.07,severe,species not extracted at all
species not in prediction,Pheidole pulchella,Postpetiole Length,0.33-0.41,,,0.07,severe,species not extracted at all
species not in prediction,Pheidole pulchella,Postpetiole Length,0.21-0.26,,,0.07,severe,species not extracted at all
species not in prediction,Pheidole dae,Pronotal Width Index.,43-46,,,0.10,severe,species not extracted at all
species not in prediction,Pheidole dae,Pronotal Width Index.,60,,,0.10,severe,species not extracted at all
species not in prediction,Pheidole dae,Pronotal Width Index.,43,,,0.10,severe,species not extracted at all
species not in prediction,Pheidole dae,Pronotal Width Index.,60-68,,,0.10,severe,species not extracted at all
species not in prediction,Pheidole darwini,Eye Index,11- 13,,,0.08,severe,species not extracted at all
species not in prediction,Pheidole darwini,Eye Index,24,,,0.08,severe,species not extracted at all
species not in prediction,Pheidole darwini,Eye Index,11 - 13,,,0.08,severe,species not extracted at all
species not in prediction,Pheidole darwini,Eye Index,22-26,,,0.08,severe,species not extracted at all
species not in prediction,Pheidole glabrella,Postpetiole Height,0.38,,,0.07,severe,species not extracted at all
species not in prediction,Pheidole glabrella,Postpetiole Height,0.21,,,0.07,severe,species not extracted at all
species not in prediction,Pheidole glabrella,Postpetiole Height,0.33-0.44,,,0.07,severe,species not extracted at all
species not in prediction,Pheidole glabrella,Postpetiole Height,0.18-0.24,,,0.07,severe,species not extracted at all
species not in prediction,Pheidole dae,Scape Length,1.01-1.06,,,0.10,severe,species not extracted at all
species not in prediction,Pheidole dae,Scape Length,1.07,,,0.10,severe,species not extracted at all
species not in prediction,Pheidole dae,Scape Length,1.03,,,0.10,severe,species not extracted at all
species not in prediction,Pheidole dae,Scape Length,0.94-1.16,,,0.10,severe,species not extracted at all
species not in prediction,Pheidole semidea,Scape Index,55-58,,,0.08,severe,species not extracted at all
species not in prediction,Pheidole semidea,Scape Index,117,,,0.08,severe,species not extracted at all
species not in prediction,Pheidole semidea,Scape Index,56,,,0.08,severe,species not extracted at all
species not in prediction,Pheidole semidea,Scape Index,114-121,,,0.08,severe,species not extracted at all
species not in prediction,Pheidole batrachorum,Head Length,1.91,,,0.07,severe,species not extracted at all
species not in prediction,Pheidole batrachorum,Head Length,0.82,,,0.07,severe,species not extracted at all
species not in prediction,Pheidole batrachorum,Head Length,1.86-2.04,,,0.07,severe,species not extracted at all
species not in prediction,Pheidole batrachorum,Head Length,0.68-0.87,,,0.07,severe,species not extracted at all
species not in prediction,Pheidole heloisa,Metafemur Index,84,,,0.08,severe,species not extracted at all
species not in prediction,Pheidole heloisa,Metafemur Index,210,,,0.08,severe,species not extracted at all
species not in prediction,Pheidole heloisa,Metafemur Index,205-213,,,0.08,severe,species not extracted at all
species not in prediction,Pheidole setosa,Postpetiole Width,0.21,,,0.08,severe,species not extracted at all
species not in prediction,Pheidole setosa,Postpetiole Width,189,,,0.08,severe,species not extracted at all
species not in prediction,Pheidole setosa,Postpetiole Width,0.21-0.22,,,0.08,severe,species not extracted at all
species not in prediction,Pheidole setosa,Postpetiole Width,175-200,,,0.08,severe,species not extracted at all
species not in prediction,Pheidole dae,Petiole Index,26,,,0.10,severe,species not extracted at all
species not in prediction,Pheidole dae,Petiole Index,25,,,0.10,severe,species not extracted at all
species not in prediction,Pheidole dae,Petiole Index,25-29,,,0.10,severe,species not extracted at all
species not in prediction,Pheidole dae,Petiole Index,22-28,,,0.10,severe,species not extracted at all
species not in prediction,Pheidole heloisa,Eye Length,0.27,,,0.08,severe,species not extracted at all
species not in prediction,Pheidole heloisa,Eye Length,0.18,,,0.08,severe,species not extracted at all
species not in prediction,Pheidole heloisa,Eye Length,0.17-0.2,,,0.08,severe,species not extracted at all
species not in prediction,Pheidole darwini,Head Length,1.96-2.20,,,0.08,severe,species not extracted at all
species not in prediction,Pheidole darwini,Head Length,0.84,,,0.08,severe,species not extracted at all
species not in prediction,Pheidole darwini,Head Length,2.09,,,0.08,severe,species not extracted at all
species not in prediction,Pheidole darwini,Head Length,0.77-0.88,,,0.08,severe,species not extracted at all
species not in prediction,Pheidole pulchella,Postpetiole Width,0.52,,,0.07,severe,species not extracted at all
species not in prediction,Pheidole pulchella,Postpetiole Width,220,,,0.07,severe,species not extracted at all
species not in prediction,Pheidole pulchella,Postpetiole Width,0.23,,,0.07,severe,species not extracted at all
species not in prediction,Pheidole pulchella,Postpetiole Width,195,,,0.07,severe,species not extracted at all
species not in prediction,Pheidole pulchella,Postpetiole Width,0.42-0.61,,,0.07,severe,species not extracted at all
species not in prediction,Pheidole pulchella,Postpetiole Width,204-235,,,0.07,severe,species not extracted at all
species not in prediction,Pheidole pulchella,Postpetiole Width,0.22-0.27,,,0.07,severe,species not extracted at all
species not in prediction,Pheidole pulchella,Postpetiole Width,183-225,,,0.07,severe,species not extracted at all
species not in prediction,Pheidole christinae,Propodeal Spine Length.,0.3,,,0.07,severe,species not extracted at all
species not in prediction,Pheidole christinae,Propodeal Spine Length.,0.26-0.34,,,0.07,severe,species not extracted at all
species not in prediction,Pheidole dae,Mandible Index,42-49,,,0.10,severe,species not extracted at all
species not in prediction,Pheidole dae,Mandible Index,75,,,0.10,severe,species not extracted at all
species not in prediction,Pheidole dae,Mandible Index,46,,,0.10,severe,species not extracted at all
species not in prediction,Pheidole dae,Mandible Index,73-78,,,0.10,severe,species not extracted at all
species not in prediction,Pheidole christinae,Petiolar node Width,0.13,,,0.07,severe,species not extracted at all
species not in prediction,Pheidole christinae,Petiolar node Width,0.12-0.13,,,0.07,severe,species not extracted at all
species not in prediction,Pheidole setosa,Scape Index,144,,,0.08,severe,species not extracted at all
species not in prediction,Pheidole setosa,Scape Index,141-149,,,0.08,severe,species not extracted at all
species not in prediction,Pheidole rebeccae,Mandible Length,0.87,,,0.08,severe,species not extracted at all
species not in prediction,Pheidole rebeccae,Mandible Length,0.63,,,0.08,severe,species not extracted at all
species not in prediction,Pheidole rebeccae,Mandible Length,0.83-0.91,,,0.08,severe,species not extracted at all
species not in prediction,Pheidole rebeccae,Mandible Length,0.62-0.64,,,0.08,severe,species not extracted at all
species not in prediction,Pheidole klaman,Cephalic Index,90,,,0.08,severe,species not extracted at all
species not in prediction,Pheidole klaman,Cephalic Index,81,,,0.08,severe,species not extracted at all
species not in prediction,Pheidole klaman,Cephalic Index,88-93,,,0.08,severe,species not extracted at all
species not in prediction,Pheidole klaman,Cephalic Index,79-83,,,0.08,severe,species not extracted at all
species not in prediction,Pheidole heloisa,Petiolar Node Height,0.42,,,0.08,severe,species not extracted at all
species not in prediction,Pheidole heloisa,Petiolar Node Height,0.2,,,0.08,severe,species not extracted at all
species not in prediction,Pheidole heloisa,Petiolar Node Height,0.19-0.21,,,0.08,severe,species not extracted at all
species not in prediction,Pheidole darwini,Head Width,1.96-2.23,,,0.08,severe,species not extracted at all
species not in prediction,Pheidole darwini,Head Width,0.72,,,0.08,severe,species not extracted at all
species not in prediction,Pheidole darwini,Head Width,2.11,,,0.08,severe,species not extracted at all
species not in prediction,Pheidole darwini,Head Width,0.67-0.76,,,0.08,severe,species not extracted at all
species not in prediction,Pheidole rebeccae,Postpetiole Index,53-59,,,0.08,severe,species not extracted at all
species not in prediction,Pheidole rebeccae,Postpetiole Index,50,,,0.08,severe,species not extracted at all
species not in prediction,Pheidole rebeccae,Postpetiole Index,56,,,0.08,severe,species not extracted at all
species not in prediction,Pheidole rebeccae,Postpetiole Index,48-53,,,0.08,severe,species not extracted at all
species not in prediction,Pheidole klaman,Petiole Length,0.46,,,0.08,severe,species not extracted at all
species not in prediction,Pheidole klaman,Petiole Length,0.26,,,0.08,severe,species not extracted at all
species not in prediction,Pheidole klaman,Petiole Length,0.45-0.47,,,0.08,severe,species not extracted at all
species not in prediction,Pheidole klaman,Petiole Length,0.24-0.27,,,0.08,severe,species not extracted at all
species not in prediction,Pheidole rebeccae,Cephalic Index,101,,,0.08,severe,species not extracted at all
species not in prediction,Pheidole rebeccae,Cephalic Index,82,,,0.08,severe,species not extracted at all
species not in prediction,Pheidole rebeccae,Cephalic Index,99-103,,,0.08,severe,species not extracted at all
species not in prediction,Pheidole rebeccae,Cephalic Index,81-83,,,0.08,severe,species not extracted at all
species not in prediction,Pheidole dae,Postpetiole Length,0.3,,,0.10,severe,species not extracted at all
species not in prediction,Pheidole dae,Postpetiole Length,0.18,,,0.10,severe,species not extracted at all
species not in prediction,Pheidole dae,Postpetiole Length,0.29-0.32,,,0.10,severe,species not extracted at all
species not in prediction,Pheidole dae,Postpetiole Length,0.14-0.22,,,0.10,severe,species not extracted at all
species not in prediction,Pheidole klaman,Eye Index,13,,,0.08,severe,species not extracted at all
species not in prediction,Pheidole klaman,Eye Index,27,,,0.08,severe,species not extracted at all
species not in prediction,Pheidole klaman,Eye Index,12 - 14,,,0.08,severe,species not extracted at all
species not in prediction,Pheidole klaman,Eye Index,26-27,,,0.08,severe,species not extracted at all
species not in prediction,Pheidole christinae,Weber's Length,1.3,,,0.07,severe,species not extracted at all
species not in prediction,Pheidole christinae,Weber's Length,1.14-1.4,,,0.07,severe,species not extracted at all
species not in prediction,Pheidole pulchella,Scape Index,53,,,0.07,severe,species not extracted at all
species not in prediction,Pheidole pulchella,Scape Index,154,,,0.07,severe,species not extracted at all
species not in prediction,Pheidole pulchella,Scape Index,51-56,,,0.07,severe,species not extracted at all
species not in prediction,Pheidole pulchella,Scape Index,146-159,,,0.07,severe,species not extracted at all
species not in prediction,Pheidole heloisa,Pronotal Width,1.07,,,0.08,severe,species not extracted at all
species not in prediction,Pheidole heloisa,Pronotal Width,0.6,,,0.08,severe,species not extracted at all
species not in prediction,Pheidole heloisa,Pronotal Width,0.57-0.61,,,0.08,severe,species not extracted at all
species not in prediction,Pheidole heloisa,Pronotal Width Index.,45,,,0.08,severe,species not extracted at all
species not in prediction,Pheidole heloisa,Pronotal Width Index.,73,,,0.08,severe,species not extracted at all
species not in prediction,Pheidole heloisa,Pronotal Width Index.,73-75,,,0.08,severe,species not extracted at all
species not in prediction,Pheidole setosa,Postpetiole Height,0.19,,,0.08,severe,species not extracted at all
species not in prediction,Pheidole setosa,Postpetiole Height,0.18-0.2,,,0.08,severe,species not extracted at all
species not in prediction,Pheidole heloisa,Scape Length,1.24,,,0.08,severe,species not extracted at all
species not in prediction,Pheidole heloisa,Scape Length,1.36,,,0.08,severe,species not extracted at all
species not in prediction,Pheidole heloisa,Scape Length,1.3-1.43,,,0.08,severe,species not extracted at all
species not in prediction,Pheidole heloisa,Petiole Index,28,,,0.08,severe,species not extracted at all
species not in prediction,Pheidole heloisa,Petiole Index,21,,,0.08,severe,species not extracted at all
species not in prediction,Pheidole heloisa,Petiole Index,20-23,,,0.08,severe,species not extracted at all
species not in prediction,Pheidole semidea,Metafemur Index,81,,,0.08,severe,species not extracted at all
species not in prediction,Pheidole semidea,Metafemur Index,135,,,0.08,severe,species not extracted at all
species not in prediction,Pheidole semidea,Metafemur Index,79-83,,,0.08,severe,species not extracted at all
species not in prediction,Pheidole semidea,Metafemur Index,133-139,,,0.08,severe,species not extracted at all
species not in prediction,Pheidole pulchella,Postpetiole Height,0.44,,,0.07,severe,species not extracted at all
species not in prediction,Pheidole pulchella,Postpetiole Height,0.22,,,0.07,severe,species not extracted at all
species not in prediction,Pheidole pulchella,Postpetiole Height,0.37-0.5,,,0.07,severe,species not extracted at all
species not in prediction,Pheidole pulchella,Postpetiole Height,0.21-0.24,,,0.07,severe,species not extracted at all
species not in prediction,Pheidole dae,Propodeal Spine Length.,0.29-0.33,,,0.10,severe,species not extracted at all
species not in prediction,Pheidole dae,Propodeal Spine Length.,0.24,,,0.10,severe,species not extracted at all
species not in prediction,Pheidole dae,Propodeal Spine Length.,0.31,,,0.10,severe,species not extracted at all
species not in prediction,Pheidole dae,Propodeal Spine Length.,0.2-0.28,,,0.10,severe,species not extracted at all
species not in prediction,Pheidole christinae,Postpetiole Length Index.,149,,,0.07,severe,species not extracted at all
species not in prediction,Pheidole christinae,Postpetiole Length Index.,137-177,,,0.07,severe,species not extracted at all
species not in prediction,Pheidole dae,Postpetiole Width,0.41,,,0.10,severe,species not extracted at all
species not in prediction,Pheidole dae,Postpetiole Width,190,,,0.10,severe,species not extracted at all
species not in prediction,Pheidole dae,Postpetiole Width,0.21,,,0.10,severe,species not extracted at all
species not in prediction,Pheidole dae,Postpetiole Width,169,,,0.10,severe,species not extracted at all
species not in prediction,Pheidole dae,Postpetiole Width,0.38-0.43,,,0.10,severe,species not extracted at all
species not in prediction,Pheidole dae,Postpetiole Width,179-200,,,0.10,severe,species not extracted at all
species not in prediction,Pheidole dae,Postpetiole Width,0.17-0.24,,,0.10,severe,species not extracted at all
species not in prediction,Pheidole dae,Postpetiole Width,146-192,,,0.10,severe,species not extracted at all
species not in prediction,Pheidole glabrella,Cephalic Index,102,,,0.07,severe,species not extracted at all
species not in prediction,Pheidole glabrella,Cephalic Index,91,,,0.07,severe,species not extracted at all
species not in prediction,Pheidole glabrella,Cephalic Index,99-105,,,0.07,severe,species not extracted at all
species not in prediction,Pheidole glabrella,Cephalic Index,88-95,,,0.07,severe,species not extracted at all
species not in prediction,Pheidole christinae,Propodeal Spine Length.I,33,,,0.07,severe,species not extracted at all
species not in prediction,Pheidole christinae,Propodeal Spine Length.I,33-43,,,0.07,severe,species not extracted at all
species not in prediction,Pheidole rebeccae,Head Length,1.92,,,0.08,severe,species not extracted at all
species not in prediction,Pheidole rebeccae,Head Length,0.97,,,0.08,severe,species not extracted at all
species not in prediction,Pheidole rebeccae,Head Length,1.82-1.98,,,0.08,severe,species not extracted at all
species not in prediction,Pheidole rebeccae,Head Length,0.93-1.02,,,0.08,severe,species not extracted at all
species not in prediction,Pheidole klaman,Head Width,1.7,,,0.08,severe,species not extracted at all
species not in prediction,Pheidole klaman,Head Width,0.66,,,0.08,severe,species not extracted at all
species not in prediction,Pheidole klaman,Head Width,1.65-1.75,,,0.08,severe,species not extracted at all
species not in prediction,Pheidole klaman,Head Width,0.64-0.71,,,0.08,severe,species not extracted at all
species not in prediction,Pheidole heloisa,Mandible Index,55,,,0.08,severe,species not extracted at all
species not in prediction,Pheidole heloisa,Mandible Index,86,,,0.08,severe,species not extracted at all
species not in prediction,Pheidole heloisa,Mandible Index,79-99,,,0.08,severe,species not extracted at all
species not in prediction,Pheidole glabrella,Petiole Length,0.47-0.57,,,0.07,severe,species not extracted at all
species not in prediction,Pheidole glabrella,Petiole Length,0.34,,,0.07,severe,species not extracted at all
species not in prediction,Pheidole glabrella,Petiole Length,0.53,,,0.07,severe,species not extracted at all
species not in prediction,Pheidole glabrella,Petiole Length,0.27-0.37,,,0.07,severe,species not extracted at all
species not in prediction,Pheidole glabrella,Eye Index,12,,,0.07,severe,species not extracted at all
species not in prediction,Pheidole glabrella,Eye Index,23,,,0.07,severe,species not extracted at all
species not in prediction,Pheidole glabrella,Eye Index,11.01,,,0.07,severe,species not extracted at all
species not in prediction,Pheidole glabrella,Eye Index,22-27,,,0.07,severe,species not extracted at all
species not in prediction,Pheidole dae,Weber's Length,1.51,,,0.10,severe,species not extracted at all
species not in prediction,Pheidole dae,Weber's Length,1.16,,,0.10,severe,species not extracted at all
species not in prediction,Pheidole dae,Weber's Length,1.46-1.56,,,0.10,severe,species not extracted at all
species not in prediction,Pheidole dae,Weber's Length,1.01-1.33,,,0.10,severe,species not extracted at all
species not in prediction,Pheidole batrachorum,Eye Length,0.25,,,0.07,severe,species not extracted at all
species not in prediction,Pheidole batrachorum,Eye Length,0.18,,,0.07,severe,species not extracted at all
species not in prediction,Pheidole batrachorum,Eye Length,0.23-0.28,,,0.07,severe,species not extracted at all
species not in prediction,Pheidole batrachorum,Eye Length,0.16-0.19,,,0.07,severe,species not extracted at all
species not in prediction,Pheidole semidea,Petiolar Node Height,0.3,,,0.08,severe,species not extracted at all
species not in prediction,Pheidole semidea,Petiolar Node Height,0.17,,,0.08,severe,species not extracted at all
species not in prediction,Pheidole semidea,Petiolar Node Height,0.25-0.33,,,0.08,severe,species not extracted at all
species not in prediction,Pheidole semidea,Petiolar Node Height,0.17-0.18,,,0.08,severe,species not extracted at all
species not in prediction,Pheidole christinae,Metafemur Length,1.49,,,0.07,severe,species not extracted at all
species not in prediction,Pheidole christinae,Metafemur Length,1.33-1.63,,,0.07,severe,species not extracted at all
species not in prediction,Pheidole dae,Scape Index,55-58,,,0.10,severe,species not extracted at all
species not in prediction,Pheidole dae,Scape Index,141,,,0.10,severe,species not extracted at all
species not in prediction,Pheidole dae,Scape Index,56,,,0.10,severe,species not extracted at all
species not in prediction,Pheidole dae,Scape Index,133-146,,,0.10,severe,species not extracted at all
species not in prediction,Pheidole heloisa,Postpetiole Length,0.42,,,0.08,severe,species not extracted at all
species not in prediction,Pheidole heloisa,Postpetiole Length,0.28,,,0.08,severe,species not extracted at all
species not in prediction,Pheidole heloisa,Postpetiole Length,0.27-0.28,,,0.08,severe,species not extracted at all
species not in prediction,Pheidole batrachorum,Propodeal Spine Length.I,15,,,0.07,severe,species not extracted at all
species not in prediction,Pheidole batrachorum,Propodeal Spine Length.I,24,,,0.07,severe,species not extracted at all
species not in prediction,Pheidole batrachorum,Propodeal Spine Length.I,15-18,,,0.07,severe,species not extracted at all
species not in prediction,Pheidole batrachorum,Propodeal Spine Length.I,24-34,,,0.07,severe,species not extracted at all
species not in prediction,Pheidole darwini,Eye Length,0.25,,,0.08,severe,species not extracted at all
species not in prediction,Pheidole darwini,Eye Length,0.17,,,0.08,severe,species not extracted at all
species not in prediction,Pheidole darwini,Eye Length,0.24-0.27,,,0.08,severe,species not extracted at all
species not in prediction,Pheidole darwini,Eye Length,0.16-0.19,,,0.08,severe,species not extracted at all
species not in prediction,Pheidole semidea,Petiole Length,0.52,,,0.08,severe,species not extracted at all
species not in prediction,Pheidole semidea,Petiole Length,0.31,,,0.08,severe,species not extracted at all
species not in prediction,Pheidole semidea,Petiole Length,0.49-0.56,,,0.08,severe,species not extracted at all
species not in prediction,Pheidole semidea,Petiole Length,0.28-0.33,,,0.08,severe,species not extracted at all
species not in prediction,Pheidole klaman,Propodeal Spine Length.,0.3,,,0.08,severe,species not extracted at all
species not in prediction,Pheidole klaman,Propodeal Spine Length.,0.2,,,0.08,severe,species not extracted at all
species not in prediction,Pheidole klaman,Propodeal Spine Length.,0.29-0.31,,,0.08,severe,species not extracted at all
species not in prediction,Pheidole klaman,Propodeal Spine Length.,0.02-0.23,,,0.08,severe,species not extracted at all
species not in prediction,Pheidole darwini,Postpetiole Length Index.,152,,,0.08,severe,species not extracted at all
species not in prediction,Pheidole darwini,Postpetiole Length Index.,151-176,,,0.08,severe,species not extracted at all
species not in prediction,Pheidole darwini,Postpetiole Length Index.,163,,,0.08,severe,species not extracted at all
species not in prediction,Pheidole darwini,Postpetiole Length Index.,136-174,,,0.08,severe,species not extracted at all
species not in prediction,Pheidole dae,Postpetiole Height,0.33,,,0.10,severe,species not extracted at all
species not in prediction,Pheidole dae,Postpetiole Height,0.2,,,0.10,severe,species not extracted at all
species not in prediction,Pheidole dae,Postpetiole Height,0.32-0.34,,,0.10,severe,species not extracted at all
species not in prediction,Pheidole dae,Postpetiole Height,0.16-0.24,,,0.10,severe,species not extracted at all
species not in prediction,Pheidole darwini,Propodeal Spine Length.I,16,,,0.08,severe,species not extracted at all
species not in prediction,Pheidole darwini,Propodeal Spine Length.I,33,,,0.08,severe,species not extracted at all
species not in prediction,Pheidole darwini,Propodeal Spine Length.I,16-18,,,0.08,severe,species not extracted at all
species not in prediction,Pheidole darwini,Propodeal Spine Length.I,33-40,,,0.08,severe,species not extracted at all
species not in prediction,Pheidole klaman,Petiolar node Width,0.21,,,0.08,severe,species not extracted at all
species not in prediction,Pheidole klaman,Petiolar node Width,0.12,,,0.08,severe,species not extracted at all
species not in prediction,Pheidole klaman,Petiolar node Width,0.21-0.22,,,0.08,severe,species not extracted at all
species not in prediction,Pheidole klaman,Petiolar node Width,0.11-0.14,,,0.08,severe,species not extracted at all
species not in prediction,Pheidole glabrella,Head Width,1.98,,,0.07,severe,species not extracted at all
species not in prediction,Pheidole glabrella,Head Width,0.78,,,0.07,severe,species not extracted at all
species not in prediction,Pheidole glabrella,Head Width,1.8-2.15,,,0.07,severe,species not extracted at all
species not in prediction,Pheidole glabrella,Head Width,0.67-0.86,,,0.07,severe,species not extracted at all
species not in prediction,Pheidole heloisa,Propodeal Spine Length.,0.27,,,0.08,severe,species not extracted at all
species not in prediction,Pheidole heloisa,Propodeal Spine Length.,0.32,,,0.08,severe,species not extracted at all
species not in prediction,Pheidole heloisa,Propodeal Spine Length.,0.29-0.4,,,0.08,severe,species not extracted at all
species not in prediction,Pheidole batrachorum,Pronotal Width,0.83,,,0.07,severe,species not extracted at all
species not in prediction,Pheidole batrachorum,Pronotal Width,0.47,,,0.07,severe,species not extracted at all
species not in prediction,Pheidole batrachorum,Pronotal Width,0.8-0.89,,,0.07,severe,species not extracted at all
species not in prediction,Pheidole batrachorum,Pronotal Width,0.4-0.51,,,0.07,severe,species not extracted at all
species not in prediction,Pheidole batrachorum,Pronotal Width Index.,44,,,0.07,severe,species not extracted at all
species not in prediction,Pheidole batrachorum,Pronotal Width Index.,65,,,0.07,severe,species not extracted at all
species not in prediction,Pheidole batrachorum,Pronotal Width Index.,44-45,,,0.07,severe,species not extracted at all
species not in prediction,Pheidole batrachorum,Pronotal Width Index.,65-72,,,0.07,severe,species not extracted at all
species not in prediction,Pheidole heloisa,Postpetiole Width,0.7,,,0.08,severe,species not extracted at all
species not in prediction,Pheidole heloisa,Postpetiole Width,225,,,0.08,severe,species not extracted at all
species not in prediction,Pheidole heloisa,Postpetiole Width,0.27,,,0.08,severe,species not extracted at all
species not in prediction,Pheidole heloisa,Postpetiole Width,219,,,0.08,severe,species not extracted at all
species not in prediction,Pheidole heloisa,Postpetiole Width,0.26-0.3,,,0.08,severe,species not extracted at all
species not in prediction,Pheidole heloisa,Postpetiole Width,208-233,,,0.08,severe,species not extracted at all
species not in prediction,Pheidole batrachorum,Scape Length,1.07,,,0.07,severe,species not extracted at all
species not in prediction,Pheidole batrachorum,Scape Length,1.09,,,0.07,severe,species not extracted at all
species not in prediction,Pheidole batrachorum,Scape Length,1.01-1.13,,,0.07,severe,species not extracted at all
species not in prediction,Pheidole batrachorum,Scape Length,0.9-1.13,,,0.07,severe,species not extracted at all
species not in prediction,Pheidole setosa,Petiole Length,0.27,,,0.08,severe,species not extracted at all
species not in prediction,Pheidole setosa,Petiole Length,0.26-0.29,,,0.08,severe,species not extracted at all
species not in prediction,Pheidole darwini,Metafemur Length,1.56-1.71,,,0.08,severe,species not extracted at all
species not in prediction,Pheidole darwini,Metafemur Length,1.28,,,0.08,severe,species not extracted at all
species not in prediction,Pheidole darwini,Metafemur Length,1.62,,,0.08,severe,species not extracted at all
species not in prediction,Pheidole darwini,Metafemur Length,1.13-1.38,,,0.08,severe,species not extracted at all
species not in prediction,Pheidole setosa,Eye Index,25,,,0.08,severe,species not extracted at all
species not in prediction,Pheidole setosa,Eye Index,23-28,,,0.08,severe,species not extracted at all
species not in prediction,Pheidole christinae,Mandible Length,0.64,,,0.07,severe,species not extracted at all
species not in prediction,Pheidole christinae,Mandible Length,0.58-0.68,,,0.07,severe,species not extracted at all
species not in prediction,Pheidole semidea,Mandible Index,43-48,,,0.08,severe,species not extracted at all
species not in prediction,Pheidole semidea,Mandible Index,70,,,0.08,severe,species not extracted at all
species not in prediction,Pheidole semidea,Mandible Index,46,,,0.08,severe,species not extracted at all
species not in prediction,Pheidole semidea,Mandible Index,68-73,,,0.08,severe,species not extracted at all
species not in prediction,Pheidole darwini,Pronotal Width,0.93,,,0.08,severe,species not extracted at all
species not in prediction,Pheidole darwini,Pronotal Width,0.48,,,0.08,severe,species not extracted at all
species not in prediction,Pheidole darwini,Pronotal Width,0.86-0.98,,,0.08,severe,species not extracted at all
species not in prediction,Pheidole darwini,Pronotal Width,0.44-0.51,,,0.08,severe,species not extracted at all
species not in prediction,Pheidole pulchella,Cephalic Index,101,,,0.07,severe,species not extracted at all
species not in prediction,Pheidole pulchella,Cephalic Index,86,,,0.07,severe,species not extracted at all
species not in prediction,Pheidole pulchella,Cephalic Index,98-104,,,0.07,severe,species not extracted at all
species not in prediction,Pheidole pulchella,Cephalic Index,84-90,,,0.07,severe,species not extracted at all
species not in prediction,Pheidole batrachorum,Petiole Index,27-31,,,0.07,severe,species not extracted at all
species not in prediction,Pheidole batrachorum,Petiole Index,25,,,0.07,severe,species not extracted at all
species not in prediction,Pheidole batrachorum,Petiole Index,29,,,0.07,severe,species not extracted at all
species not in prediction,Pheidole batrachorum,Petiole Index,24-27,,,0.07,severe,species not extracted at all
species not in prediction,Pheidole darwini,Pronotal Width Index.,43,,,0.08,severe,species not extracted at all
species not in prediction,Pheidole darwini,Pronotal Width Index.,66,,,0.08,severe,species not extracted at all
species not in prediction,Pheidole darwini,Pronotal Width Index.,43-45,,,0.08,severe,species not extracted at all
species not in prediction,Pheidole darwini,Pronotal Width Index.,66-68,,,0.08,severe,species not extracted at all
species not in prediction,Pheidole christinae,Postpetiole Index,47,,,0.07,severe,species not extracted at all
species not in prediction,Pheidole christinae,Postpetiole Index,43-50,,,0.07,severe,species not extracted at all
species not in prediction,Pheidole heloisa,Weber's Length,2.1,,,0.08,severe,species not extracted at all
species not in prediction,Pheidole heloisa,Weber's Length,1.51,,,0.08,severe,species not extracted at all
species not in prediction,Pheidole heloisa,Weber's Length,1.48-1.54,,,0.08,severe,species not extracted at all
species not in prediction,Pheidole darwini,Scape Length,1.06,,,0.08,severe,species not extracted at all
species not in prediction,Pheidole darwini,Scape Length,1.08,,,0.08,severe,species not extracted at all
species not in prediction,Pheidole darwini,Scape Length,1.01-1.13,,,0.08,severe,species not extracted at all
species not in prediction,Pheidole darwini,Scape Length,0.99-1.21,,,0.08,severe,species not extracted at all
species not in prediction,Pheidole christinae,Cephalic Index,82,,,0.07,severe,species not extracted at all
species not in prediction,Pheidole christinae,Cephalic Index,79-84,,,0.07,severe,species not extracted at all
species not in prediction,Pheidole pulchella,Petiole Length,0.59,,,0.07,severe,species not extracted at all
species not in prediction,Pheidole pulchella,Petiole Length,0.34,,,0.07,severe,species not extracted at all
species not in prediction,Pheidole pulchella,Petiole Length,0.53-0.64,,,0.07,severe,species not extracted at all
species not in prediction,Pheidole pulchella,Petiole Length,0.29-0.39,,,0.07,severe,species not extracted at all
species not in prediction,Pheidole heloisa,Scape Index,52,,,0.08,severe,species not extracted at all
species not in prediction,Pheidole heloisa,Scape Index,170,,,0.08,severe,species not extracted at all
species not in prediction,Pheidole heloisa,Scape Index,163-174,,,0.08,severe,species not extracted at all
species not in prediction,Pheidole rebeccae,Metafemur Index,77,,,0.08,severe,species not extracted at all
species not in prediction,Pheidole rebeccae,Metafemur Index,189,,,0.08,severe,species not extracted at all
species not in prediction,Pheidole rebeccae,Metafemur Index,75-84,,,0.08,severe,species not extracted at all
species not in prediction,Pheidole rebeccae,Metafemur Index,186-192,,,0.08,severe,species not extracted at all
species not in prediction,Pheidole pulchella,Eye Index,11,,,0.07,severe,species not extracted at all
species not in prediction,Pheidole pulchella,Eye Index,23,,,0.07,severe,species not extracted at all
species not in prediction,Pheidole pulchella,Eye Index,11 - 13,,,0.07,severe,species not extracted at all
species not in prediction,Pheidole pulchella,Eye Index,21-25,,,0.07,severe,species not extracted at all
species not in prediction,Pheidole semidea,Postpetiole Length,0.33,,,0.08,severe,species not extracted at all
species not in prediction,Pheidole semidea,Postpetiole Length,0.2,,,0.08,severe,species not extracted at all
species not in prediction,Pheidole semidea,Postpetiole Length,0.31-0.34,,,0.08,severe,species not extracted at all
species not in prediction,Pheidole semidea,Postpetiole Length,0.19-0.22,,,0.08,severe,species not extracted at all
species not in prediction,Pheidole rebeccae,Eye Length,0.26,,,0.08,severe,species not extracted at all
species not in prediction,Pheidole rebeccae,Eye Length,0.2,,,0.08,severe,species not extracted at all
species not in prediction,Pheidole rebeccae,Eye Length,0.23-0.27,,,0.08,severe,species not extracted at all
species not in prediction,Pheidole rebeccae,Eye Length,0.2-0.21,,,0.08,severe,species not extracted at all
species not in prediction,Pheidole klaman,Postpetiole Length Index.,125,,,0.08,severe,species not extracted at all
species not in prediction,Pheidole klaman,Postpetiole Length Index.,100,,,0.08,severe,species not extracted at all
species not in prediction,Pheidole klaman,Postpetiole Length Index.,124-126,,,0.08,severe,species not extracted at all
species not in prediction,Pheidole klaman,Postpetiole Length Index.,92-105,,,0.08,severe,species not extracted at all
species not in prediction,Pheidole glabrella,Petiolar node Width,0.2-0.26,,,0.07,severe,species not extracted at all
species not in prediction,Pheidole glabrella,Petiolar node Width,0.12,,,0.07,severe,species not extracted at all
species not in prediction,Pheidole glabrella,Petiolar node Width,0.23,,,0.07,severe,species not extracted at all
species not in prediction,Pheidole glabrella,Petiolar node Width,0.11-0.13,,,0.07,severe,species not extracted at all
species not in prediction,Pheidole klaman,Propodeal Spine Length.I,17,,,0.08,severe,species not extracted at all
species not in prediction,Pheidole klaman,Propodeal Spine Length.I,30,,,0.08,severe,species not extracted at all
species not in prediction,Pheidole klaman,Propodeal Spine Length.I,17-18,,,0.08,severe,species not extracted at all
species not in prediction,Pheidole klaman,Propodeal Spine Length.I,30-34,,,0.08,severe,species not extracted at all
species not in prediction,Pheidole setosa,Mandible Index,78,,,0.08,severe,species not extracted at all
species not in prediction,Pheidole setosa,Mandible Index,77-78,,,0.08,severe,species not extracted at all
species not in prediction,Pheidole heloisa,Postpetiole Height,0.54,,,0.08,severe,species not extracted at all
species not in prediction,Pheidole heloisa,Postpetiole Height,0.25,,,0.08,severe,species not extracted at all
species not in prediction,Pheidole heloisa,Postpetiole Height,0.23-0.28,,,0.08,severe,species not extracted at all
species not in prediction,Pheidole setosa,Head Width,0.69,,,0.08,severe,species not extracted at all
species not in prediction,Pheidole setosa,Head Width,0.69-0.69,,,0.08,severe,species not extracted at all
species not in prediction,Pheidole batrachorum,Postpetiole Length,0.33-0.39,,,0.07,severe,species not extracted at all
species not in prediction,Pheidole batrachorum,Postpetiole Length,0.23,,,0.07,severe,species not extracted at all
species not in prediction,Pheidole batrachorum,Postpetiole Length,0.37,,,0.07,severe,species not extracted at all
species not in prediction,Pheidole batrachorum,Postpetiole Length,0.18-0.27,,,0.07,severe,species not extracted at all
species not in prediction,Pheidole rebeccae,Petiolar Node Height,0.32-0.34,,,0.08,severe,species not extracted at all
species not in prediction,Pheidole rebeccae,Petiolar Node Height,0.2,,,0.08,severe,species not extracted at all
species not in prediction,Pheidole rebeccae,Petiolar Node Height,0.33,,,0.08,severe,species not extracted at all
species not in prediction,Pheidole rebeccae,Petiolar Node Height,0.2-0.21,,,0.08,severe,species not extracted at all
species not in prediction,Pheidole pulchella,Mandible Index,47,,,0.07,severe,species not extracted at all
species not in prediction,Pheidole pulchella,Mandible Index,79,,,0.07,severe,species not extracted at all
species not in prediction,Pheidole pulchella,Mandible Index,43-50,,,0.07,severe,species not extracted at all
species not in prediction,Pheidole pulchella,Mandible Index,75-82,,,0.07,severe,species not extracted at all
species not in prediction,Pheidole semidea,Propodeal Spine Length.,0.03,,,0.08,severe,species not extracted at all
species not in prediction,Pheidole semidea,Propodeal Spine Length.,0.22,,,0.08,severe,species not extracted at all
species not in prediction,Pheidole semidea,Propodeal Spine Length.,0.29-0.31,,,0.08,severe,species not extracted at all
species not in prediction,Pheidole semidea,Propodeal Spine Length.,0.19-0.23,,,0.08,severe,species not extracted at all
species not in prediction,Pheidole christinae,Head Length,0.98,,,0.07,severe,species not extracted at all
species not in prediction,Pheidole christinae,Head Length,0.88-1.02,,,0.07,severe,species not extracted at all
species not in prediction,Pheidole klaman,Metafemur Length,1.47,,,0.08,severe,species not extracted at all
species not in prediction,Pheidole klaman,Metafemur Length,1.4,,,0.08,severe,species not extracted at all
species not in prediction,Pheidole klaman,Metafemur Length,1.44-1.51,,,0.08,severe,species not extracted at all
species not in prediction,Pheidole klaman,Metafemur Length,1.34-1.53,,,0.08,severe,species not extracted at all
species not in prediction,Pheidole dae,Postpetiole Index,50,,,0.10,severe,species not extracted at all
species not in prediction,Pheidole dae,Postpetiole Index,42,,,0.10,severe,species not extracted at all
species not in prediction,Pheidole dae,Postpetiole Index,46-53,,,0.10,severe,species not extracted at all
species not in prediction,Pheidole dae,Postpetiole Index,39-47,,,0.10,severe,species not extracted at all
species not in prediction,Pheidole semidea,Petiolar node Width,0.21,,,0.08,severe,species not extracted at all
species not in prediction,Pheidole semidea,Petiolar node Width,0.11,,,0.08,severe,species not extracted at all
species not in prediction,Pheidole semidea,Petiolar node Width,0.2-0.22,,,0.08,severe,species not extracted at all
species not in prediction,Pheidole semidea,Petiolar node Width,0.11-0.11,,,0.08,severe,species not extracted at all
species not in prediction,Pheidole pulchella,Head Width,2.16,,,0.07,severe,species not extracted at all
species not in prediction,Pheidole pulchella,Head Width,0.77,,,0.07,severe,species not extracted at all
species not in prediction,Pheidole pulchella,Head Width,2.0-2.28,,,0.07,severe,species not extracted at all
species not in prediction,Pheidole pulchella,Head Width,0.73-0.8,,,0.07,severe,species not extracted at all
species not in prediction,Pheidole dae,Cephalic Index,99-102,,,0.10,severe,species not extracted at all
species not in prediction,Pheidole dae,Cephalic Index,90,,,0.10,severe,species not extracted at all
species not in prediction,Pheidole dae,Cephalic Index,101,,,0.10,severe,species not extracted at all
species not in prediction,Pheidole dae,Cephalic Index,86-93,,,0.10,severe,species not extracted at all
species not in prediction,Pheidole rebeccae,Pronotal Width,0.89,,,0.08,severe,species not extracted at all
species not in prediction,Pheidole rebeccae,Pronotal Width,0.55,,,0.08,severe,species not extracted at all
species not in prediction,Pheidole rebeccae,Pronotal Width,0.86-0.9,,,0.08,severe,species not extracted at all
species not in prediction,Pheidole rebeccae,Pronotal Width,0.54-0.57,,,0.08,severe,species not extracted at all
species not in prediction,Pheidole rebeccae,Pronotal Width Index.,45,,,0.08,severe,species not extracted at all
species not in prediction,Pheidole rebeccae,Pronotal Width Index.,69,,,0.08,severe,species not extracted at all
species not in prediction,Pheidole rebeccae,Pronotal Width Index.,45-46,,,0.08,severe,species not extracted at all
species not in prediction,Pheidole rebeccae,Pronotal Width Index.,69-69,,,0.08,severe,species not extracted at all
species not in prediction,Pheidole dae,Petiole Length,0.49,,,0.10,severe,species not extracted at all
species not in prediction,Pheidole dae,Petiole Length,0.32,,,0.10,severe,species not extracted at all
species not in prediction,Pheidole dae,Petiole Length,0.46-0.5,,,0.10,severe,species not extracted at all
species not in prediction,Pheidole dae,Petiole Length,0.26-0.37,,,0.10,severe,species not extracted at all
species not in prediction,Pheidole rebeccae,Scape Length,0.96,,,0.08,severe,species not extracted at all
species not in prediction,Pheidole rebeccae,Scape Length,1.3,,,0.08,severe,species not extracted at all
species not in prediction,Pheidole rebeccae,Scape Length,0.94-0.98,,,0.08,severe,species not extracted at all
species not in prediction,Pheidole rebeccae,Scape Length,1.27-1.32,,,0.08,severe,species not extracted at all
species not in prediction,Pheidole glabrella,Postpetiole Length Index.,147-173,,,0.07,severe,species not extracted at all
species not in prediction,Pheidole glabrella,Postpetiole Length Index.,171,,,0.07,severe,species not extracted at all
species not in prediction,Pheidole glabrella,Postpetiole Length Index.,165,,,0.07,severe,species not extracted at all
species not in prediction,Pheidole glabrella,Postpetiole Length Index.,143-206,,,0.07,severe,species not extracted at all
species not in prediction,Pheidole dae,Eye Index,11-13,,,0.10,severe,species not extracted at all
species not in prediction,Pheidole dae,Eye Index,24,,,0.10,severe,species not extracted at all
species not in prediction,Pheidole dae,Eye Index,11 - 13,,,0.10,severe,species not extracted at all
species not in prediction,Pheidole dae,Eye Index,22-27,,,0.10,severe,species not extracted at all
species not in prediction,Pheidole semidea,Weber's Length,1.41-1.48,,,0.08,severe,species not extracted at all
species not in prediction,Pheidole semidea,Weber's Length,1.04,,,0.08,severe,species not extracted at all
species not in prediction,Pheidole semidea,Weber's Length,1.44,,,0.08,severe,species not extracted at all
species not in prediction,Pheidole semidea,Weber's Length,1.01-1.08,,,0.08,severe,species not extracted at all
species not in prediction,Pheidole batrachorum,Postpetiole Width,0.48-0.56,,,0.07,severe,species not extracted at all
species not in prediction,Pheidole batrachorum,Postpetiole Width,182-236,,,0.07,severe,species not extracted at all
species not in prediction,Pheidole batrachorum,Postpetiole Width,0.22,,,0.07,severe,species not extracted at all
species not in prediction,Pheidole batrachorum,Postpetiole Width,188,,,0.07,severe,species not extracted at all
species not in prediction,Pheidole batrachorum,Postpetiole Width,0.51,,,0.07,severe,species not extracted at all
species not in prediction,Pheidole batrachorum,Postpetiole Width,215,,,0.07,severe,species not extracted at all
species not in prediction,Pheidole batrachorum,Postpetiole Width,0.19-0.24,,,0.07,severe,species not extracted at all
species not in prediction,Pheidole batrachorum,Postpetiole Width,175-200,,,0.07,severe,species not extracted at all
species not in prediction,Pheidole glabrella,Propodeal Spine Length.I,16-18,,,0.07,severe,species not extracted at all
species not in prediction,Pheidole glabrella,Propodeal Spine Length.I,30,,,0.07,severe,species not extracted at all
species not in prediction,Pheidole glabrella,Propodeal Spine Length.I,16,,,0.07,severe,species not extracted at all
species not in prediction,Pheidole glabrella,Propodeal Spine Length.I,30-43,,,0.07,severe,species not extracted at all
species not in prediction,Pheidole setosa,Propodeal Spine Length.,0.22,,,0.08,severe,species not extracted at all
species not in prediction,Pheidole setosa,Propodeal Spine Length.,0.21-0.23,,,0.08,severe,species not extracted at all
species not in prediction,Pheidole rebeccae,Petiole Index,25,,,0.08,severe,species not extracted at all
species not in prediction,Pheidole rebeccae,Petiole Index,24-27,,,0.08,severe,species not extracted at all
species not in prediction,Pheidole rebeccae,Petiole Index,26,,,0.08,severe,species not extracted at all
species not in prediction,Pheidole rebeccae,Petiole Index,23-27,,,0.08,severe,species not extracted at all
species not in prediction,Pheidole setosa,Petiolar node Width,0.11,,,0.08,severe,species not extracted at all
species not in prediction,Pheidole setosa,Petiolar node Width,0.11-0.12,,,0.08,severe,species not extracted at all
species not in prediction,Pheidole darwini,Postpetiole Width,0.47-0.59,,,0.08,severe,species not extracted at all
species not in prediction,Pheidole darwini,Postpetiole Width,232,,,0.08,severe,species not extracted at all
species not in prediction,Pheidole darwini,Postpetiole Width,0.22,,,0.08,severe,species not extracted at all
species not in prediction,Pheidole darwini,Postpetiole Width,190,,,0.08,severe,species not extracted at all
species not in prediction,Pheidole darwini,Postpetiole Width,0.54,,,0.08,severe,species not extracted at all
species not in prediction,Pheidole darwini,Postpetiole Width,219-257,,,0.08,severe,species not extracted at all
species not in prediction,Pheidole darwini,Postpetiole Width,0.21-0.26,,,0.08,severe,species not extracted at all
species not in prediction,Pheidole darwini,Postpetiole Width,162-217,,,0.08,severe,species not extracted at all
species not in prediction,Pheidole pulchella,Propodeal Spine Length.,0.32,,,0.07,severe,species not extracted at all
species not in prediction,Pheidole pulchella,Propodeal Spine Length.,0.24,,,0.07,severe,species not extracted at all
species not in prediction,Pheidole pulchella,Propodeal Spine Length.,0.24-0.38,,,0.07,severe,species not extracted at all
species not in prediction,Pheidole pulchella,Propodeal Spine Length.,0.22-0.26,,,0.07,severe,species not extracted at all
species not in prediction,Pheidole glabrella,Metafemur Length,1.51,,,0.07,severe,species not extracted at all
species not in prediction,Pheidole glabrella,Metafemur Length,1.22,,,0.07,severe,species not extracted at all
species not in prediction,Pheidole glabrella,Metafemur Length,1.4-1.63,,,0.07,severe,species not extracted at all
species not in prediction,Pheidole glabrella,Metafemur Length,1.04-1.35,,,0.07,severe,species not extracted at all
species not in prediction,Pheidole dae,Head Length,1.76-1.96,,,0.10,severe,species not extracted at all
species not in prediction,Pheidole dae,Head Length,0.85,,,0.10,severe,species not extracted at all
species not in prediction,Pheidole dae,Head Length,1.83,,,0.10,severe,species not extracted at all
species not in prediction,Pheidole dae,Head Length,0.73-0.94,,,0.10,severe,species not extracted at all
species not in prediction,Pheidole pulchella,Petiolar node Width,0.24,,,0.07,severe,species not extracted at all
species not in prediction,Pheidole pulchella,Petiolar node Width,0.12,,,0.07,severe,species not extracted at all
species not in prediction,Pheidole pulchella,Petiolar node Width,0.20-0.27,,,0.07,severe,species not extracted at all
species not in prediction,Pheidole pulchella,Petiolar node Width,0.11-0.12,,,0.07,severe,species not extracted at all
species not in prediction,Pheidole batrachorum,Scape Index,57,,,0.07,severe,species not extracted at all
species not in prediction,Pheidole batrachorum,Scape Index,160,,,0.07,severe,species not extracted at all
species not in prediction,Pheidole batrachorum,Scape Index,55-58,,,0.07,severe,species not extracted at all
species not in prediction,Pheidole batrachorum,Scape Index,153-173,,,0.07,severe,species not extracted at all
species not in prediction,Pheidole klaman,Mandible Length,0.87,,,0.08,severe,species not extracted at all
species not in prediction,Pheidole klaman,Mandible Length,0.57,,,0.08,severe,species not extracted at all
species not in prediction,Pheidole klaman,Mandible Length,0.85-0.89,,,0.08,severe,species not extracted at all
species not in prediction,Pheidole klaman,Mandible Length,0.55-0.62,,,0.08,severe,species not extracted at all
species not in prediction,Pheidole setosa,Weber's Length,1.07,,,0.08,severe,species not extracted at all
species not in prediction,Pheidole setosa,Weber's Length,1.04-1.11,,,0.08,severe,species not extracted at all
species not in prediction,Pheidole semidea,Postpetiole Height,0.19,,,0.08,severe,species not extracted at all
species not in prediction,Pheidole semidea,Postpetiole Height,0.34-0.37,,,0.08,severe,species not extracted at all
species not in prediction,Pheidole semidea,Postpetiole Height,0.36,,,0.08,severe,species not extracted at all
species not in prediction,Pheidole semidea,Postpetiole Height,0.18-0.21,,,0.08,severe,species not extracted at all
species not in prediction,Pheidole klaman,Postpetiole Index,60,,,0.08,severe,species not extracted at all
species not in prediction,Pheidole klaman,Postpetiole Index,53,,,0.08,severe,species not extracted at all
species not in prediction,Pheidole klaman,Postpetiole Index,58-62,,,0.08,severe,species not extracted at all
species not in prediction,Pheidole klaman,Postpetiole Index,50-55,,,0.08,severe,species not extracted at all
species not in prediction,Pheidole dae,Head Width,1.78-1.94,,,0.10,severe,species not extracted at all
species not in prediction,Pheidole dae,Head Width,0.76,,,0.10,severe,species not extracted at all
species not in prediction,Pheidole dae,Head Width,1.84,,,0.10,severe,species not extracted at all
species not in prediction,Pheidole dae,Head Width,0.66-0.86,,,0.10,severe,species not extracted at all
species not in prediction,Pheidole heloisa,Postpetiole Index,65,,,0.08,severe,species not extracted at all
species not in prediction,Pheidole heloisa,Postpetiole Index,46,,,0.08,severe,species not extracted at all
species not in prediction,Pheidole heloisa,Postpetiole Index,44-49,,,0.08,severe,species not extracted at all
species not in prediction,Pheidole darwini,Scape Index,49-53,,,0.08,severe,species not extracted at all
species not in prediction,Pheidole darwini,Scape Index,149,,,0.08,severe,species not extracted at all
species not in prediction,Pheidole darwini,Scape Index,50,,,0.08,severe,species not extracted at all
species not in prediction,Pheidole darwini,Scape Index,140-159,,,0.08,severe,species not extracted at all
species not in prediction,Pheidole pulchella,Weber's Length,1.64,,,0.07,severe,species not extracted at all
species not in prediction,Pheidole pulchella,Weber's Length,1.25,,,0.07,severe,species not extracted at all
species not in prediction,Pheidole pulchella,Weber's Length,1.40-1.74,,,0.07,severe,species not extracted at all
species not in prediction,Pheidole pulchella,Weber's Length,1.16-1.3,,,0.07,severe,species not extracted at all
species not in prediction,Pheidole rebeccae,Postpetiole Length,0.31-0.36,,,0.08,severe,species not extracted at all
species not in prediction,Pheidole rebeccae,Postpetiole Length,0.27,,,0.08,severe,species not extracted at all
species not in prediction,Pheidole rebeccae,Postpetiole Length,0.33,,,0.08,severe,species not extracted at all
species not in prediction,Pheidole rebeccae,Postpetiole Length,0.26-0.28,,,0.08,severe,species not extracted at all
species not in prediction,Pheidole heloisa,Cephalic Index,95,,,0.08,severe,species not extracted at all
species not in prediction,Pheidole heloisa,Cephalic Index,74,,,0.08,severe,species not extracted at all
species not in prediction,Pheidole heloisa,Cephalic Index,73-75,,,0.08,severe,species not extracted at all
species not in prediction,Pheidole setosa,Postpetiole Length Index.,137,,,0.08,severe,species not extracted at all
species not in prediction,Pheidole setosa,Postpetiole Length Index.,129-145,,,0.08,severe,species not extracted at all
species not in prediction,Pheidole heloisa,Petiole Length,0.61,,,0.08,severe,species not extracted at all
species not in prediction,Pheidole heloisa,Petiole Length,0.39,,,0.08,severe,species not extracted at all
species not in prediction,Pheidole heloisa,Petiole Length,0.37-0.42,,,0.08,severe,species not extracted at all
species not in prediction,Pheidole setosa,Propodeal Spine Length.I,30,,,0.08,severe,species not extracted at all
species not in prediction,Pheidole setosa,Propodeal Spine Length.I,30-33,,,0.08,severe,species not extracted at all
species not in prediction,Pheidole heloisa,Eye Index,11,,,0.08,severe,species not extracted at all
species not in prediction,Pheidole heloisa,Eye Index,22,,,0.08,severe,species not extracted at all
species not in prediction,Pheidole heloisa,Eye Index,21-24,,,0.08,severe,species not extracted at all
species not in prediction,Pheidole christinae,Metafemur Index,187,,,0.07,severe,species not extracted at all
species not in prediction,Pheidole christinae,Metafemur Index,175-197,,,0.07,severe,species not extracted at all
species not in prediction,Pheidole christinae,Eye Length,0.17,,,0.07,severe,species not extracted at all
species not in prediction,Pheidole christinae,Eye Length,0.16-0.18,,,0.07,severe,species not extracted at all
species not in prediction,Pheidole pulchella,Postpetiole Length Index.,157,,,0.07,severe,species not extracted at all
species not in prediction,Pheidole pulchella,Postpetiole Length Index.,146,,,0.07,severe,species not extracted at all
species not in prediction,Pheidole pulchella,Postpetiole Length Index.,139-166,,,0.07,severe,species not extracted at all
species not in prediction,Pheidole pulchella,Postpetiole Length Index.,115-177,,,0.07,severe,species not extracted at all
species not in prediction,Pheidole glabrella,Mandible Length,0.86,,,0.07,severe,species not extracted at all
species not in prediction,Pheidole glabrella,Mandible Length,0.58,,,0.07,severe,species not extracted at all
species not in prediction,Pheidole glabrella,Mandible Length,0.78-0.97,,,0.07,severe,species not extracted at all
species not in prediction,Pheidole glabrella,Mandible Length,0.51-0.63,,,0.07,severe,species not extracted at all
species not in prediction,Pheidole klaman,Head Length,1.88,,,0.08,severe,species not extracted at all
species not in prediction,Pheidole klaman,Head Length,0.81,,,0.08,severe,species not extracted at all
species not in prediction,Pheidole klaman,Head Length,1.78-1.98,,,0.08,severe,species not extracted at all
species not in prediction,Pheidole klaman,Head Length,0.77-0.9,,,0.08,severe,species not extracted at all
species not in prediction,Pheidole pulchella,Propodeal Spine Length.I,11,,,0.07,severe,species not extracted at all
species not in prediction,Pheidole pulchella,Propodeal Spine Length.I,29,,,0.07,severe,species not extracted at all
species not in prediction,Pheidole pulchella,Propodeal Spine Length.I,11 - 18,,,0.07,severe,species not extracted at all
species not in prediction,Pheidole pulchella,Propodeal Spine Length.I,29-36,,,0.07,severe,species not extracted at all
species not in prediction,Pheidole glabrella,Postpetiole Index,51-59,,,0.07,severe,species not extracted at all
species not in prediction,Pheidole glabrella,Postpetiole Index,44,,,0.07,severe,species not extracted at all
species not in prediction,Pheidole glabrella,Postpetiole Index,55,,,0.07,severe,species not extracted at all
species not in prediction,Pheidole glabrella,Postpetiole Index,39-55,,,0.07,severe,species not extracted at all
species not in prediction,Pheidole rebeccae,Postpetiole Width,0.46-0.53,,,0.08,severe,species not extracted at all
species not in prediction,Pheidole rebeccae,Postpetiole Width,213-230,,,0.08,severe,species not extracted at all
species not in prediction,Pheidole rebeccae,Postpetiole Width,0.28,,,0.08,severe,species not extracted at all
species not in prediction,Pheidole rebeccae,Postpetiole Width,201,,,0.08,severe,species not extracted at all
species not in prediction,Pheidole rebeccae,Postpetiole Width,0.5,,,0.08,severe,species not extracted at all
species not in prediction,Pheidole rebeccae,Postpetiole Width,220,,,0.08,severe,species not extracted at all
species not in prediction,Pheidole rebeccae,Postpetiole Width,0.26-0.3,,,0.08,severe,species not extracted at all
species not in prediction,Pheidole rebeccae,Postpetiole Width,193-208,,,0.08,severe,species not extracted at all
species not in prediction,Pheidole setosa,Metafemur Length,1.14,,,0.08,severe,species not extracted at all
species not in prediction,Pheidole setosa,Metafemur Length,1.11-1.19,,,0.08,severe,species not extracted at all
species not in prediction,Pheidole dae,Petiolar node Width,0.22,,,0.10,severe,species not extracted at all
species not in prediction,Pheidole dae,Petiolar node Width,0.12,,,0.10,severe,species not extracted at all
species not in prediction,Pheidole dae,Petiolar node Width,0.2-0.24,,,0.10,severe,species not extracted at all
species not in prediction,Pheidole dae,Petiolar node Width,0.11-0.14,,,0.10,severe,species not extracted at all
species not in prediction,Pheidole heloisa,Head Length,2.45,,,0.08,severe,species not extracted at all
species not in prediction,Pheidole heloisa,Head Length,1.08,,,0.08,severe,species not extracted at all
species not in prediction,Pheidole heloisa,Head Length,1.06-1.09,,,0.08,severe,species not extracted at all
species not in prediction,Pheidole christinae,Petiolar Node Height,0.19,,,0.07,severe,species not extracted at all
species not in prediction,Pheidole christinae,Petiolar Node Height,0.17-0.21,,,0.07,severe,species not extracted at all
species not in prediction,Pheidole batrachorum,Metafemur Index,188,,,0.07,severe,species not extracted at all
species not in prediction,Pheidole batrachorum,Metafemur Index,80-85,,,0.07,severe,species not extracted at all
species not in prediction,Pheidole batrachorum,Metafemur Index,83,,,0.07,severe,species not extracted at all
species not in prediction,Pheidole batrachorum,Metafemur Index,171-197,,,0.07,severe,species not extracted at all
species not in prediction,Pheidole pulchella,Metafemur Length,1.74,,,0.07,severe,species not extracted at all
species not in prediction,Pheidole pulchella,Metafemur Length,1.43,,,0.07,severe,species not extracted at all
species not in prediction,Pheidole pulchella,Metafemur Length,1.67-1.84,,,0.07,severe,species not extracted at all
species not in prediction,Pheidole pulchella,Metafemur Length,1.37-1.51,,,0.07,severe,species not extracted at all
species not in prediction,Pheidole heloisa,Head Width,2.35,,,0.08,severe,species not extracted at all
species not in prediction,Pheidole heloisa,Head Width,0.8,,,0.08,severe,species not extracted at all
species not in prediction,Pheidole heloisa,Head Width,0.78-0.82,,,0.08,severe,species not extracted at all
species not in prediction,Pheidole semidea,Mandible Length,0.79-0.83,,,0.08,severe,species not extracted at all
species not in prediction,Pheidole semidea,Mandible Length,0.53,,,0.08,severe,species not extracted at all
species not in prediction,Pheidole semidea,Mandible Length,0.81,,,0.08,severe,species not extracted at all
species not in prediction,Pheidole semidea,Mandible Length,0.51-0.56,,,0.08,severe,species not extracted at all
species not in prediction,Pheidole rebeccae,Scape Index,50,,,0.08,severe,species not extracted at all
species not in prediction,Pheidole rebeccae,Scape Index,163,,,0.08,severe,species not extracted at all
species not in prediction,Pheidole rebeccae,Scape Index,49-51,,,0.08,severe,species not extracted at all
species not in prediction,Pheidole rebeccae,Scape Index,161-165,,,0.08,severe,species not extracted at all
species not in prediction,Pheidole semidea,Postpetiole Index,60,,,0.08,severe,species not extracted at all
species not in prediction,Pheidole semidea,Postpetiole Index,43,,,0.08,severe,species not extracted at all
species not in prediction,Pheidole semidea,Postpetiole Index,55-66,,,0.08,severe,species not extracted at all
species not in prediction,Pheidole semidea,Postpetiole Index,41-45,,,0.08,severe,species not extracted at all
species not in prediction,Pheidole christinae,Pronotal Width,0.54,,,0.07,severe,species not extracted at all
species not in prediction,Pheidole christinae,Pronotal Width,0.49-0.57,,,0.07,severe,species not extracted at all
species not in prediction,Pheidole christinae,Pronotal Width Index.,64,,,0.07,severe,species not extracted at all
species not in prediction,Pheidole christinae,Pronotal Width Index.,64-69,,,0.07,severe,species not extracted at all
species not in prediction,Pheidole darwini,Metafemur Index,77,,,0.08,severe,species not extracted at all
species not in prediction,Pheidole darwini,Metafemur Index,177,,,0.08,severe,species not extracted at all
species not in prediction,Pheidole darwini,Metafemur Index,75-80,,,0.08,severe,species not extracted at all
species not in prediction,Pheidole darwini,Metafemur Index,169-190,,,0.08,severe,species not extracted at all
species not in prediction,Pheidole semidea,Cephalic Index,98-100,,,0.08,severe,species not extracted at all
species not in prediction,Pheidole semidea,Cephalic Index,96,,,0.08,severe,species not extracted at all
species not in prediction,Pheidole semidea,Cephalic Index,99,,,0.08,severe,species not extracted at all
species not in prediction,Pheidole semidea,Cephalic Index,94-99,,,0.08,severe,species not extracted at all
species not in prediction,Pheidole christinae,Scape Length,1.25,,,0.07,severe,species not extracted at all
species not in prediction,Pheidole christinae,Scape Length,1.10-1.35,,,0.07,severe,species not extracted at all
species not in prediction,Pheidole batrachorum,Petiolar Node Height,0.3-0.38,,,0.07,severe,species not extracted at all
species not in prediction,Pheidole batrachorum,Petiolar Node Height,0.18,,,0.07,severe,species not extracted at all
species not in prediction,Pheidole batrachorum,Petiolar Node Height,0.33,,,0.07,severe,species not extracted at all
species not in prediction,Pheidole batrachorum,Petiolar Node Height,0.14-0.19,,,0.07,severe,species not extracted at all
species not in prediction,Pheidole glabrella,Head Length,1.95,,,0.07,severe,species not extracted at all
species not in prediction,Pheidole glabrella,Head Length,0.85,,,0.07,severe,species not extracted at all
species not in prediction,Pheidole glabrella,Head Length,1.8-2.13,,,0.07,severe,species not extracted at all
species not in prediction,Pheidole glabrella,Head Length,0.72-0.92,,,0.07,severe,species not extracted at all
species not in prediction,Pheidole semidea,Eye Index,12 - 13,,,0.08,severe,species not extracted at all
species not in prediction,Pheidole semidea,Eye Index,23,,,0.08,severe,species not extracted at all
species not in prediction,Pheidole semidea,Eye Index,12,,,0.08,severe,species not extracted at all
species not in prediction,Pheidole semidea,Eye Index,22-24,,,0.08,severe,species not extracted at all
species not in prediction,Pheidole dae,Postpetiole Length Index.,162,,,0.10,severe,species not extracted at all
species not in prediction,Pheidole dae,Postpetiole Length Index.,173,,,0.10,severe,species not extracted at all
species not in prediction,Pheidole dae,Postpetiole Length Index.,156-167,,,0.10,severe,species not extracted at all
species not in prediction,Pheidole dae,Postpetiole Length Index.,155-229,,,0.10,severe,species not extracted at all
species not in prediction,Pheidole christinae,Petiole Index,24,,,0.07,severe,species not extracted at all
species not in prediction,Pheidole christinae,Petiole Index,21-25,,,0.07,severe,species not extracted at all
species not in prediction,Pheidole setosa,Mandible Length,0.54,,,0.08,severe,species not extracted at all
species not in prediction,Pheidole setosa,Mandible Length,0.53-0.54,,,0.08,severe,species not extracted at all
species not in prediction,Pheidole dae,Propodeal Spine Length.I,16-19,,,0.10,severe,species not extracted at all
species not in prediction,Pheidole dae,Propodeal Spine Length.I,28,,,0.10,severe,species not extracted at all
species not in prediction,Pheidole dae,Propodeal Spine Length.I,16,,,0.10,severe,species not extracted at all
species not in prediction,Pheidole dae,Propodeal Spine Length.I,28-36,,,0.10,severe,species not extracted at all
species not in prediction,Pheidole setosa,Postpetiole Index,45,,,0.08,severe,species not extracted at all
species not in prediction,Pheidole setosa,Postpetiole Index,44-47,,,0.08,severe,species not extracted at all
