basisOfRecord,verbatimIdentification,measurementType,measurementMethod,measurementValue ,measurementUnit,measurementStatistic,measurementRemarks,sex,lifeStage,caste,sampleSizeValue,sampleSizeUnit,sampleTreatment,samplingProtocol,verbatimLocality ,verbatimCoordinates,verbatimEventDate,associatedOccurrences,associatedReferences ,externalLink
PreservedSpecimen,Abrostola asclepiadis Noctuidae,Status,,Previously unrecorded,,mean,,both,adult,,,,,,,,,,,
HumanObservation,Abrostola asclepiadis Noctuidae,Classification of the degree of specialization Total,,6,score,mean,,both,adult,,,,,,,,,,,
HumanObservation,Abrostola asclepiadis Noctuidae,Food,,1,,mean,,both,adult,,,,,,,,,,,
Occurrence,Abrostola asclepiadis Noctuidae,North,"Geographical distance calculation (e.g., using GIS)",4,,mean,,both,adult,,,,,,,,,,,
Occurrence,Abrostola asclepiadis Noctuidae,Habitat,,1,,mean,,both,adult,,,,,,,,,,,
PreservedSpecimen,Abrostola asclepiadis Noctuidae,Wingspan,,33.5,mm,mean,,both,adult,,,,,,,,,,,
PreservedSpecimen,Abrostola triplasia Noctuidae,Status,,Persistent,,mean,,both,adult,,,,,,,,,,,
HumanObservation,Abrostola triplasia Noctuidae,Classification of the degree of specialization Total,,8,score,mean,,both,adult,,,,,,,,,,,
HumanObservation,Abrostola triplasia Noctuidae,Food,,1,,mean,,both,adult,,,,,,,,,,,
Occurrence,Abrostola triplasia Noctuidae,North,"Geographical distance calculation (e.g., using GIS)",4,,mean,,both,adult,,,,,,,,,,,
Occurrence,Abrostola triplasia Noctuidae,Habitat,,3,,mean,,both,adult,,,,,,,,,,,
PreservedSpecimen,Abrostola triplasia Noctuidae,Wingspan,,29.93,mm,mean,,both,adult,,,,,,,,,,,
PreservedSpecimen,Acronicta aceris Noctuidae,Status,,Lost,,mean,,both,adult,,,,,,,,,,,
HumanObservation,Acronicta aceris Noctuidae,Classification of the degree of specialization Total,,11,score,mean,,both,adult,,,,,,,,,,,
HumanObservation,Acronicta aceris Noctuidae,Food,,3,,mean,,both,adult,,,,,,,,,,,
Occurrence,Acronicta aceris Noctuidae,North,"Geographical distance calculation (e.g., using GIS)",4,,mean,,both,adult,,,,,,,,,,,
Occurrence,Acronicta aceris Noctuidae,Habitat,,4,,mean,,both,adult,,,,,,,,,,,
PreservedSpecimen,Acronicta aceris Noctuidae,Wingspan,,39.69,mm,mean,,both,adult,,,,,,,,,,,
PreservedSpecimen,Acronicta auricoma Noctuidae,Status,,Lost,,mean,,both,adult,,,,,,,,,,,
HumanObservation,Acronicta auricoma Noctuidae,Classification of the degree of specialization Total,,12,score,mean,,both,adult,,,,,,,,,,,
HumanObservation,Acronicta auricoma Noctuidae,Food,,4,,mean,,both,adult,,,,,,,,,,,
Occurrence,Acronicta auricoma Noctuidae,North,"Geographical distance calculation (e.g., using GIS)",4,,mean,,both,adult,,,,,,,,,,,
Occurrence,Acronicta auricoma Noctuidae,Habitat,,4,,mean,,both,adult,,,,,,,,,,,
PreservedSpecimen,Acronicta auricoma Noctuidae,Wingspan,,38.88,mm,mean,,both,adult,,,,,,,,,,,
PreservedSpecimen,Acronicta rumicis Noctuidae,Status,,Persistent,,mean,,both,adult,,,,,,,,,,,
HumanObservation,Acronicta rumicis Noctuidae,Classification of the degree of specialization Total,,12,score,mean,,both,adult,,,,,,,,,,,
HumanObservation,Acronicta rumicis Noctuidae,Food,,4,,mean,,both,adult,,,,,,,,,,,
Occurrence,Acronicta rumicis Noctuidae,North,"Geographical distance calculation (e.g., using GIS)",4,,mean,,both,adult,,,,,,,,,,,
Occurrence,Acronicta rumicis Noctuidae,Habitat,,4,,mean,,both,adult,,,,,,,,,,,
PreservedSpecimen,Acronicta rumicis Noctuidae,Wingspan,,32.4,mm,mean,,both,adult,,,,,,,,,,,
PreservedSpecimen,Aedia leucomelas Noctuidae,Status,,Persistent,,mean,,both,adult,,,,,,,,,,,
HumanObservation,Aedia leucomelas Noctuidae,Classification of the degree of specialization Total,,4,score,mean,,both,adult,,,,,,,,,,,
HumanObservation,Aedia leucomelas Noctuidae,Food,,1,,mean,,both,adult,,,,,,,,,,,
Occurrence,Aedia leucomelas Noctuidae,North,"Geographical distance calculation (e.g., using GIS)",2,,mean,,both,adult,,,,,,,,,,,
Occurrence,Aedia leucomelas Noctuidae,Habitat,,1,,mean,,both,adult,,,,,,,,,,,
PreservedSpecimen,Aedia leucomelas Noctuidae,Wingspan,,33.94,mm,mean,,both,adult,,,,,,,,,,,
PreservedSpecimen,Agrochola circellaris Noctuidae,Status,,Previously unrecorded,,mean,,both,adult,,,,,,,,,,,
HumanObservation,Agrochola circellaris Noctuidae,Classification of the degree of specialization Total,,9,score,mean,,both,adult,,,,,,,,,,,
HumanObservation,Agrochola circellaris Noctuidae,Food,,2,,mean,,both,adult,,,,,,,,,,,
Occurrence,Agrochola circellaris Noctuidae,North,"Geographical distance calculation (e.g., using GIS)",4,,mean,,both,adult,,,,,,,,,,,
Occurrence,Agrochola circellaris Noctuidae,Habitat,,3,,mean,,both,adult,,,,,,,,,,,
PreservedSpecimen,Agrochola circellaris Noctuidae,Wingspan,,35.41,mm,mean,,both,adult,,,,,,,,,,,
PreservedSpecimen,Agrotis bigramma Noctuidae,Status,,Persistent,,mean,,both,adult,,,,,,,,,,,
HumanObservation,Agrotis bigramma Noctuidae,Classification of the degree of specialization Total,,10,score,mean,,both,adult,,,,,,,,,,,
HumanObservation,Agrotis bigramma Noctuidae,Food,,3,,mean,,both,adult,,,,,,,,,,,
Occurrence,Agrotis bigramma Noctuidae,North,"Geographical distance calculation (e.g., using GIS)",4,,mean,,both,adult,,,,,,,,,,,
Occurrence,Agrotis bigramma Noctuidae,Habitat,,3,,mean,,both,adult,,,,,,,,,,,
PreservedSpecimen,Agrotis bigramma Noctuidae,Wingspan,,43.82,mm,mean,,both,adult,,,,,,,,,,,
PreservedSpecimen,Agrotis puta Noctuidae,Status,,Previously unrecorded,,mean,,both,adult,,,,,,,,,,,
HumanObservation,Agrotis puta Noctuidae,Classification of the degree of specialization Total,,8,score,mean,,both,adult,,,,,,,,,,,
HumanObservation,Agrotis puta Noctuidae,Food,,3,,mean,,both,adult,,,,,,,,,,,
Occurrence,Agrotis puta Noctuidae,North,"Geographical distance calculation (e.g., using GIS)",4,,mean,,both,adult,,,,,,,,,,,
Occurrence,Agrotis puta Noctuidae,Habitat,,1,,mean,,both,adult,,,,,,,,,,,
PreservedSpecimen,Agrotis puta Noctuidae,Wingspan,,30.98,mm,mean,,both,adult,,,,,,,,,,,
PreservedSpecimen,Allophyes oxyacanthae Noctuidae,Status,,Persistent,,mean,,both,adult,,,,,,,,,,,
HumanObservation,Allophyes oxyacanthae Noctuidae,Classification of the degree of specialization Total,,10,score,mean,,both,adult,,,,,,,,,,,
HumanObservation,Allophyes oxyacanthae Noctuidae,Food,,2,,mean,,both,adult,,,,,,,,,,,
Occurrence,Allophyes oxyacanthae Noctuidae,North,"Geographical distance calculation (e.g., using GIS)",4,,mean,,both,adult,,,,,,,,,,,
Occurrence,Allophyes oxyacanthae Noctuidae,Habitat,,4,,mean,,both,adult,,,,,,,,,,,
PreservedSpecimen,Allophyes oxyacanthae Noctuidae,Wingspan,,39.69,mm,mean,,both,adult,,,,,,,,,,,
PreservedSpecimen,Amphipyra pyramidea Noctuidae,Status,,Persistent,,mean,,both,adult,,,,,,,,,,,
HumanObservation,Amphipyra pyramidea Noctuidae,Classification of the degree of specialization Total,,12,score,mean,,both,adult,,,,,,,,,,,
HumanObservation,Amphipyra pyramidea Noctuidae,Food,,4,,mean,,both,adult,,,,,,,,,,,
Occurrence,Amphipyra pyramidea Noctuidae,North,"Geographical distance calculation (e.g., using GIS)",4,,mean,,both,adult,,,,,,,,,,,
Occurrence,Amphipyra pyramidea Noctuidae,Habitat,,4,,mean,,both,adult,,,,,,,,,,,
PreservedSpecimen,Amphipyra pyramidea Noctuidae,Wingspan,,45.61,mm,mean,,both,adult,,,,,,,,,,,
PreservedSpecimen,Anarta stigmosa Noctuidae,Status,,Persistent,,mean,,both,adult,,,,,,,,,,,
HumanObservation,Anarta stigmosa Noctuidae,Classification of the degree of specialization Total,,5,score,mean,,both,adult,,,,,,,,,,,
HumanObservation,Anarta stigmosa Noctuidae,Food,,2,,mean,,both,adult,,,,,,,,,,,
Occurrence,Anarta stigmosa Noctuidae,North,"Geographical distance calculation (e.g., using GIS)",2,,mean,,both,adult,,,,,,,,,,,
Occurrence,Anarta stigmosa Noctuidae,Habitat,,1,,mean,,both,adult,,,,,,,,,,,
PreservedSpecimen,Anarta stigmosa Noctuidae,Wingspan,,30.46,mm,mean,,both,adult,,,,,,,,,,,
PreservedSpecimen,Anarta trifolii Noctuidae,Status,,Persistent,,mean,,both,adult,,,,,,,,,,,
HumanObservation,Anarta trifolii Noctuidae,Classification of the degree of specialization Total,,12,score,mean,,both,adult,,,,,,,,,,,
HumanObservation,Anarta trifolii Noctuidae,Food,,4,,mean,,both,adult,,,,,,,,,,,
Occurrence,Anarta trifolii Noctuidae,North,"Geographical distance calculation (e.g., using GIS)",4,,mean,,both,adult,,,,,,,,,,,
Occurrence,Anarta trifolii Noctuidae,Habitat,,4,,mean,,both,adult,,,,,,,,,,,
PreservedSpecimen,Anarta trifolii Noctuidae,Wingspan,,32.4,mm,mean,,both,adult,,,,,,,,,,,
PreservedSpecimen,Angerona prunaria Geometridae,Status,,Persistent,,mean,,both,adult,,,,,,,,,,,
HumanObservation,Angerona prunaria Geometridae,Classification of the degree of specialization Total,,12,score,mean,,both,adult,,,,,,,,,,,
HumanObservation,Angerona prunaria Geometridae,Food,,4,,mean,,both,adult,,,,,,,,,,,
Occurrence,Angerona prunaria Geometridae,North,"Geographical distance calculation (e.g., using GIS)",4,,mean,,both,adult,,,,,,,,,,,
Occurrence,Angerona prunaria Geometridae,Habitat,,4,,mean,,both,adult,,,,,,,,,,,
PreservedSpecimen,Angerona prunaria Geometridae,Wingspan,,39.69,mm,mean,,both,adult,,,,,,,,,,,
PreservedSpecimen,Apamea monoglypha Noctuidae,Status,,Lost,,mean,,both,adult,,,,,,,,,,,
HumanObservation,Apamea monoglypha Noctuidae,Classification of the degree of specialization Total,,10,score,mean,,both,adult,,,,,,,,,,,
HumanObservation,Apamea monoglypha Noctuidae,Food,,2,,mean,,both,adult,,,,,,,,,,,
Occurrence,Apamea monoglypha Noctuidae,North,"Geographical distance calculation (e.g., using GIS)",4,,mean,,both,adult,,,,,,,,,,,
Occurrence,Apamea monoglypha Noctuidae,Habitat,,4,,mean,,both,adult,,,,,,,,,,,
PreservedSpecimen,Apamea monoglypha Noctuidae,Wingspan,,49.75,mm,mean,,both,adult,,,,,,,,,,,
PreservedSpecimen,Apeira syringaria Geometridae,Status,,Persistent,,mean,,both,adult,,,,,,,,,,,
HumanObservation,Apeira syringaria Geometridae,Classification of the degree of specialization Total,,11,score,mean,,both,adult,,,,,,,,,,,
HumanObservation,Apeira syringaria Geometridae,Food,,3,,mean,,both,adult,,,,,,,,,,,
Occurrence,Apeira syringaria Geometridae,North,"Geographical distance calculation (e.g., using GIS)",4,,mean,,both,adult,,,,,,,,,,,
Occurrence,Apeira syringaria Geometridae,Habitat,,4,,mean,,both,adult,,,,,,,,,,,
PreservedSpecimen,Apeira syringaria Geometridae,Wingspan,,39.95,mm,mean,,both,adult,,,,,,,,,,,
PreservedSpecimen,Aplasta ononaria Geometridae,Status,,Lost,,mean,,both,adult,,,,,,,,,,,
HumanObservation,Aplasta ononaria Geometridae,Classification of the degree of specialization Total,,8,score,mean,,both,adult,,,,,,,,,,,
HumanObservation,Aplasta ononaria Geometridae,Food,,1,,mean,,both,adult,,,,,,,,,,,
Occurrence,Aplasta ononaria Geometridae,North,"Geographical distance calculation (e.g., using GIS)",4,,mean,,both,adult,,,,,,,,,,,
Occurrence,Aplasta ononaria Geometridae,Habitat,,3,,mean,,both,adult,,,,,,,,,,,
PreservedSpecimen,Aplasta ononaria Geometridae,Wingspan,,28.39,mm,mean,,both,adult,,,,,,,,,,,
PreservedSpecimen,Aplocera plagiata Geometridae,Status,,Lost,,mean,,both,adult,,,,,,,,,,,
HumanObservation,Aplocera plagiata Geometridae,Classification of the degree of specialization Total,,8,score,mean,,both,adult,,,,,,,,,,,
HumanObservation,Aplocera plagiata Geometridae,Food,,1,,mean,,both,adult,,,,,,,,,,,
Occurrence,Aplocera plagiata Geometridae,North,"Geographical distance calculation (e.g., using GIS)",4,,mean,,both,adult,,,,,,,,,,,
Occurrence,Aplocera plagiata Geometridae,Habitat,,3,,mean,,both,adult,,,,,,,,,,,
PreservedSpecimen,Aplocera plagiata Geometridae,Wingspan,,39.89,mm,mean,,both,adult,,,,,,,,,,,
PreservedSpecimen,Apoda limacodes Limacodidae,Status,,Previously unrecorded,,mean,,both,adult,,,,,,,,,,,
HumanObservation,Apoda limacodes Limacodidae,Classification of the degree of specialization Total,,11,score,mean,,both,adult,,,,,,,,,,,
HumanObservation,Apoda limacodes Limacodidae,Food,,4,,mean,,both,adult,,,,,,,,,,,
Occurrence,Apoda limacodes Limacodidae,North,"Geographical distance calculation (e.g., using GIS)",4,,mean,,both,adult,,,,,,,,,,,
Occurrence,Apoda limacodes Limacodidae,Habitat,,3,,mean,,both,adult,,,,,,,,,,,
PreservedSpecimen,Apoda limacodes Limacodidae,Wingspan,,25.92,mm,mean,,both,adult,,,,,,,,,,,
PreservedSpecimen,Archanara dissoluta Noctuidae,Status,,Persistent,,mean,,both,adult,,,,,,,,,,,
HumanObservation,Archanara dissoluta Noctuidae,Classification of the degree of specialization Total,,6,score,mean,,both,adult,,,,,,,,,,,
HumanObservation,Archanara dissoluta Noctuidae,Food,,1,,mean,,both,adult,,,,,,,,,,,
Occurrence,Archanara dissoluta Noctuidae,North,"Geographical distance calculation (e.g., using GIS)",4,,mean,,both,adult,,,,,,,,,,,
Occurrence,Archanara dissoluta Noctuidae,Habitat,,1,,mean,,both,adult,,,,,,,,,,,
PreservedSpecimen,Archanara dissoluta Noctuidae,Wingspan,,29.85,mm,mean,,both,adult,,,,,,,,,,,
PreservedSpecimen,Archanara neurica Noctuidae,Status,,Persistent,,mean,,both,adult,,,,,,,,,,,
HumanObservation,Archanara neurica Noctuidae,Classification of the degree of specialization Total,,6,score,mean,,both,adult,,,,,,,,,,,
HumanObservation,Archanara neurica Noctuidae,Food,,1,,mean,,both,adult,,,,,,,,,,,
Occurrence,Archanara neurica Noctuidae,North,"Geographical distance calculation (e.g., using GIS)",4,,mean,,both,adult,,,,,,,,,,,
Occurrence,Archanara neurica Noctuidae,Habitat,,1,,mean,,both,adult,,,,,,,,,,,
PreservedSpecimen,Archanara neurica Noctuidae,Wingspan,,27.46,mm,mean,,both,adult,,,,,,,,,,,
PreservedSpecimen,Arctia villica Erebidae,Status,,Persistent,,mean,,both,adult,,,,,,,,,,,
HumanObservation,Arctia villica Erebidae,Classification of the degree of specialization Total,,8,score,mean,,both,adult,,,,,,,,,,,
HumanObservation,Arctia villica Erebidae,Food,,3,,mean,,both,adult,,,,,,,,,,,
Occurrence,Arctia villica Erebidae,North,"Geographical distance calculation (e.g., using GIS)",3,,mean,,both,adult,,,,,,,,,,,
Occurrence,Arctia villica Erebidae,Habitat,,2,,mean,,both,adult,,,,,,,,,,,
PreservedSpecimen,Arctia villica Erebidae,Wingspan,,51.96,mm,mean,,both,adult,,,,,,,,,,,
PreservedSpecimen,Arctornis l-nigrum Erebidae,Status,,Lost,,mean,,both,adult,,,,,,,,,,,
HumanObservation,Arctornis l-nigrum Erebidae,Classification of the degree of specialization Total,,10,score,mean,,both,adult,,,,,,,,,,,
HumanObservation,Arctornis l-nigrum Erebidae,Food,,3,,mean,,both,adult,,,,,,,,,,,
Occurrence,Arctornis l-nigrum Erebidae,North,"Geographical distance calculation (e.g., using GIS)",4,,mean,,both,adult,,,,,,,,,,,
Occurrence,Arctornis l-nigrum Erebidae,Habitat,,3,,mean,,both,adult,,,,,,,,,,,
PreservedSpecimen,Arctornis l-nigrum Erebidae,Wingspan,,39.69,mm,mean,,both,adult,,,,,,,,,,,
PreservedSpecimen,Ascotis selenaria Geometridae,Status,,Lost,,mean,,both,adult,,,,,,,,,,,
HumanObservation,Ascotis selenaria Geometridae,Classification of the degree of specialization Total,,8,score,mean,,both,adult,,,,,,,,,,,
HumanObservation,Ascotis selenaria Geometridae,Food,,4,,mean,,both,adult,,,,,,,,,,,
Occurrence,Ascotis selenaria Geometridae,North,"Geographical distance calculation (e.g., using GIS)",2,,mean,,both,adult,,,,,,,,,,,
Occurrence,Ascotis selenaria Geometridae,Habitat,,2,,mean,,both,adult,,,,,,,,,,,
PreservedSpecimen,Ascotis selenaria Geometridae,Wingspan,,40.25,mm,mean,,both,adult,,,,,,,,,,,
PreservedSpecimen,Atethmia centrago Noctuidae,Status,,Previously unrecorded,,mean,,both,adult,,,,,,,,,,,
HumanObservation,Atethmia centrago Noctuidae,Classification of the degree of specialization Total,,7,score,mean,,both,adult,,,,,,,,,,,
HumanObservation,Atethmia centrago Noctuidae,Food,,1,,mean,,both,adult,,,,,,,,,,,
Occurrence,Atethmia centrago Noctuidae,North,"Geographical distance calculation (e.g., using GIS)",4,,mean,,both,adult,,,,,,,,,,,
Occurrence,Atethmia centrago Noctuidae,Habitat,,2,,mean,,both,adult,,,,,,,,,,,
PreservedSpecimen,Atethmia centrago Noctuidae,Wingspan,,33.94,mm,mean,,both,adult,,,,,,,,,,,
PreservedSpecimen,Athetis gluteosa Noctuidae,Status,,Previously unrecorded,,mean,,both,adult,,,,,,,,,,,
HumanObservation,Athetis gluteosa Noctuidae,Classification of the degree of specialization Total,,9,score,mean,,both,adult,,,,,,,,,,,
HumanObservation,Athetis gluteosa Noctuidae,Food,,3,,mean,,both,adult,,,,,,,,,,,
Occurrence,Athetis gluteosa Noctuidae,North,"Geographical distance calculation (e.g., using GIS)",4,,mean,,both,adult,,,,,,,,,,,
Occurrence,Athetis gluteosa Noctuidae,Habitat,,2,,mean,,both,adult,,,,,,,,,,,
PreservedSpecimen,Athetis gluteosa Noctuidae,Wingspan,,28.39,mm,mean,,both,adult,,,,,,,,,,,
PreservedSpecimen,Axylia putris Noctuidae,Status,,Persistent,,mean,,both,adult,,,,,,,,,,,
HumanObservation,Axylia putris Noctuidae,Classification of the degree of specialization Total,,10,score,mean,,both,adult,,,,,,,,,,,
HumanObservation,Axylia putris Noctuidae,Food,,3,,mean,,both,adult,,,,,,,,,,,
Occurrence,Axylia putris Noctuidae,North,"Geographical distance calculation (e.g., using GIS)",4,,mean,,both,adult,,,,,,,,,,,
Occurrence,Axylia putris Noctuidae,Habitat,,3,,mean,,both,adult,,,,,,,,,,,
PreservedSpecimen,Axylia putris Noctuidae,Wingspan,,29.39,mm,mean,,both,adult,,,,,,,,,,,
PreservedSpecimen,Cabera exanthemata Geometridae,Status,,Previously unrecorded,,mean,,both,adult,,,,,,,,,,,
HumanObservation,Cabera exanthemata Geometridae,Classification of the degree of specialization Total,,11,score,mean,,both,adult,,,,,,,,,,,
HumanObservation,Cabera exanthemata Geometridae,Food,,3,,mean,,both,adult,,,,,,,,,,,
Occurrence,Cabera exanthemata Geometridae,North,"Geographical distance calculation (e.g., using GIS)",4,,mean,,both,adult,,,,,,,,,,,
Occurrence,Cabera exanthemata Geometridae,Habitat,,4,,mean,,both,adult,,,,,,,,,,,
PreservedSpecimen,Cabera exanthemata Geometridae,Wingspan,,32.4,mm,mean,,both,adult,,,,,,,,,,,
PreservedSpecimen,Calliteara pudibunda Erebidae,Status,,Previously unrecorded,,mean,,both,adult,,,,,,,,,,,
HumanObservation,Calliteara pudibunda Erebidae,Classification of the degree of specialization Total,,12,score,mean,,both,adult,,,,,,,,,,,
HumanObservation,Calliteara pudibunda Erebidae,Food,,4,,mean,,both,adult,,,,,,,,,,,
Occurrence,Calliteara pudibunda Erebidae,North,"Geographical distance calculation (e.g., using GIS)",4,,mean,,both,adult,,,,,,,,,,,
Occurrence,Calliteara pudibunda Erebidae,Habitat,,4,,mean,,both,adult,,,,,,,,,,,
PreservedSpecimen,Calliteara pudibunda Erebidae,Wingspan,,48.99,mm,mean,,both,adult,,,,,,,,,,,
PreservedSpecimen,Callopistria juventina Noctuidae,Status,,Persistent,,mean,,both,adult,,,,,,,,,,,
HumanObservation,Callopistria juventina Noctuidae,Classification of the degree of specialization Total,,6,score,mean,,both,adult,,,,,,,,,,,
HumanObservation,Callopistria juventina Noctuidae,Food,,1,,mean,,both,adult,,,,,,,,,,,
Occurrence,Callopistria juventina Noctuidae,North,"Geographical distance calculation (e.g., using GIS)",4,,mean,,both,adult,,,,,,,,,,,
Occurrence,Callopistria juventina Noctuidae,Habitat,,1,,mean,,both,adult,,,,,,,,,,,
PreservedSpecimen,Callopistria juventina Noctuidae,Wingspan,,35.94,mm,mean,,both,adult,,,,,,,,,,,
PreservedSpecimen,Calophasia lunula Noctuidae,Status,,Lost,,mean,,both,adult,,,,,,,,,,,
HumanObservation,Calophasia lunula Noctuidae,Classification of the degree of specialization Total,,8,score,mean,,both,adult,,,,,,,,,,,
HumanObservation,Calophasia lunula Noctuidae,Food,,2,,mean,,both,adult,,,,,,,,,,,
Occurrence,Calophasia lunula Noctuidae,North,"Geographical distance calculation (e.g., using GIS)",4,,mean,,both,adult,,,,,,,,,,,
Occurrence,Calophasia lunula Noctuidae,Habitat,,2,,mean,,both,adult,,,,,,,,,,,
PreservedSpecimen,Calophasia lunula Noctuidae,Wingspan,,28.84,mm,mean,,both,adult,,,,,,,,,,,
PreservedSpecimen,Calyptra thalictri Erebidae,Status,,Lost,,mean,,both,adult,,,,,,,,,,,
HumanObservation,Calyptra thalictri Erebidae,Classification of the degree of specialization Total,,6,score,mean,,both,adult,,,,,,,,,,,
HumanObservation,Calyptra thalictri Erebidae,Food,,1,,mean,,both,adult,,,,,,,,,,,
Occurrence,Calyptra thalictri Erebidae,North,"Geographical distance calculation (e.g., using GIS)",4,,mean,,both,adult,,,,,,,,,,,
Occurrence,Calyptra thalictri Erebidae,Habitat,,1,,mean,,both,adult,,,,,,,,,,,
PreservedSpecimen,Calyptra thalictri Erebidae,Wingspan,,45.48,mm,mean,,both,adult,,,,,,,,,,,
PreservedSpecimen,Caradrina kadenii Noctuidae,Status,,Previously unrecorded,,mean,,both,adult,,,,,,,,,,,
HumanObservation,Caradrina kadenii Noctuidae,Classification of the degree of specialization Total,,8,score,mean,,both,adult,,,,,,,,,,,
HumanObservation,Caradrina kadenii Noctuidae,Food,,3,,mean,,both,adult,,,,,,,,,,,
Occurrence,Caradrina kadenii Noctuidae,North,"Geographical distance calculation (e.g., using GIS)",3,,mean,,both,adult,,,,,,,,,,,
Occurrence,Caradrina kadenii Noctuidae,Habitat,,2,,mean,,both,adult,,,,,,,,,,,
PreservedSpecimen,Caradrina kadenii Noctuidae,Wingspan,,29.98,mm,mean,,both,adult,,,,,,,,,,,
PreservedSpecimen,Caradrina morpheus Noctuidae,Status,,Lost,,mean,,both,adult,,,,,,,,,,,
HumanObservation,Caradrina morpheus Noctuidae,Classification of the degree of specialization Total,,11,score,mean,,both,adult,,,,,,,,,,,
HumanObservation,Caradrina morpheus Noctuidae,Food,,3,,mean,,both,adult,,,,,,,,,,,
Occurrence,Caradrina morpheus Noctuidae,North,"Geographical distance calculation (e.g., using GIS)",4,,mean,,both,adult,,,,,,,,,,,
Occurrence,Caradrina morpheus Noctuidae,Habitat,,4,,mean,,both,adult,,,,,,,,,,,
PreservedSpecimen,Caradrina morpheus Noctuidae,Wingspan,,34.87,mm,mean,,both,adult,,,,,,,,,,,
PreservedSpecimen,Catarhoe rubidata Geometridae,Status,,Persistent,,mean,,both,adult,,,,,,,,,,,
HumanObservation,Catarhoe rubidata Geometridae,Classification of the degree of specialization Total,,9,score,mean,,both,adult,,,,,,,,,,,
HumanObservation,Catarhoe rubidata Geometridae,Food,,1,,mean,,both,adult,,,,,,,,,,,
Occurrence,Catarhoe rubidata Geometridae,North,"Geographical distance calculation (e.g., using GIS)",4,,mean,,both,adult,,,,,,,,,,,
Occurrence,Catarhoe rubidata Geometridae,Habitat,,4,,mean,,both,adult,,,,,,,,,,,
PreservedSpecimen,Catarhoe rubidata Geometridae,Wingspan,,28.39,mm,mean,,both,adult,,,,,,,,,,,
PreservedSpecimen,Catephia alchymista Erebidae,Status,,Persistent,,mean,,both,adult,,,,,,,,,,,
HumanObservation,Catephia alchymista Erebidae,Classification of the degree of specialization Total,,4,score,mean,,both,adult,,,,,,,,,,,
HumanObservation,Catephia alchymista Erebidae,Food,,1,,mean,,both,adult,,,,,,,,,,,
Occurrence,Catephia alchymista Erebidae,North,"Geographical distance calculation (e.g., using GIS)",2,,mean,,both,adult,,,,,,,,,,,
Occurrence,Catephia alchymista Erebidae,Habitat,,1,,mean,,both,adult,,,,,,,,,,,
PreservedSpecimen,Catephia alchymista Erebidae,Wingspan,,44.9,mm,mean,,both,adult,,,,,,,,,,,
PreservedSpecimen,Catocala elocata Erebidae,Status,,Lost,,mean,,both,adult,,,,,,,,,,,
HumanObservation,Catocala elocata Erebidae,Classification of the degree of specialization Total,,8,score,mean,,both,adult,,,,,,,,,,,
HumanObservation,Catocala elocata Erebidae,Food,,2,,mean,,both,adult,,,,,,,,,,,
Occurrence,Catocala elocata Erebidae,North,"Geographical distance calculation (e.g., using GIS)",2,,mean,,both,adult,,,,,,,,,,,
Occurrence,Catocala elocata Erebidae,Habitat,,4,,mean,,both,adult,,,,,,,,,,,
PreservedSpecimen,Catocala elocata Erebidae,Wingspan,,74.83,mm,mean,,both,adult,,,,,,,,,,,
PreservedSpecimen,Catocala nupta Erebidae,Status,,Persistent,,mean,,both,adult,,,,,,,,,,,
HumanObservation,Catocala nupta Erebidae,Classification of the degree of specialization Total,,10,score,mean,,both,adult,,,,,,,,,,,
HumanObservation,Catocala nupta Erebidae,Food,,2,,mean,,both,adult,,,,,,,,,,,
Occurrence,Catocala nupta Erebidae,North,"Geographical distance calculation (e.g., using GIS)",4,,mean,,both,adult,,,,,,,,,,,
Occurrence,Catocala nupta Erebidae,Habitat,,4,,mean,,both,adult,,,,,,,,,,,
PreservedSpecimen,Catocala nupta Erebidae,Wingspan,,69.82,mm,mean,,both,adult,,,,,,,,,,,
PreservedSpecimen,Catocala promissa Erebidae,Status,,Lost,,mean,,both,adult,,,,,,,,,,,
HumanObservation,Catocala promissa Erebidae,Classification of the degree of specialization Total,,6,score,mean,,both,adult,,,,,,,,,,,
HumanObservation,Catocala promissa Erebidae,Food,,1,,mean,,both,adult,,,,,,,,,,,
Occurrence,Catocala promissa Erebidae,North,"Geographical distance calculation (e.g., using GIS)",4,,mean,,both,adult,,,,,,,,,,,
Occurrence,Catocala promissa Erebidae,Habitat,,1,,mean,,both,adult,,,,,,,,,,,
PreservedSpecimen,Catocala promissa Erebidae,Wingspan,,62.45,mm,mean,,both,adult,,,,,,,,,,,
PreservedSpecimen,Catocala puerpera Erebidae,Status,,Lost,,mean,,both,adult,,,,,,,,,,,
HumanObservation,Catocala puerpera Erebidae,Classification of the degree of specialization Total,,6,score,mean,,both,adult,,,,,,,,,,,
HumanObservation,Catocala puerpera Erebidae,Food,,2,,mean,,both,adult,,,,,,,,,,,
Occurrence,Catocala puerpera Erebidae,North,"Geographical distance calculation (e.g., using GIS)",2,,mean,,both,adult,,,,,,,,,,,
Occurrence,Catocala puerpera Erebidae,Habitat,,2,,mean,,both,adult,,,,,,,,,,,
PreservedSpecimen,Catocala puerpera Erebidae,Wingspan,,57.99,mm,mean,,both,adult,,,,,,,,,,,
PreservedSpecimen,Cerura erminea Notodontidae,Status,,Persistent,,mean,,both,adult,,,,,,,,,,,
HumanObservation,Cerura erminea Notodontidae,Classification of the degree of specialization Total,,8,score,mean,,both,adult,,,,,,,,,,,
HumanObservation,Cerura erminea Notodontidae,Food,,2,,mean,,both,adult,,,,,,,,,,,
Occurrence,Cerura erminea Notodontidae,North,"Geographical distance calculation (e.g., using GIS)",4,,mean,,both,adult,,,,,,,,,,,
Occurrence,Cerura erminea Notodontidae,Habitat,,2,,mean,,both,adult,,,,,,,,,,,
PreservedSpecimen,Cerura erminea Notodontidae,Wingspan,,59.58,mm,mean,,both,adult,,,,,,,,,,,
PreservedSpecimen,Cerura vinula Notodontidae,Status,,Lost,,mean,,both,adult,,,,,,,,,,,
HumanObservation,Cerura vinula Notodontidae,Classification of the degree of specialization Total,,9,score,mean,,both,adult,,,,,,,,,,,
HumanObservation,Cerura vinula Notodontidae,Food,,2,,mean,,both,adult,,,,,,,,,,,
Occurrence,Cerura vinula Notodontidae,North,"Geographical distance calculation (e.g., using GIS)",4,,mean,,both,adult,,,,,,,,,,,
Occurrence,Cerura vinula Notodontidae,Habitat,,3,,mean,,both,adult,,,,,,,,,,,
PreservedSpecimen,Cerura vinula Notodontidae,Wingspan,,56.12,mm,mean,,both,adult,,,,,,,,,,,
PreservedSpecimen,Charanyca ferruginea Noctuidae,Status,,Previously unrecorded,,mean,,both,adult,,,,,,,,,,,
HumanObservation,Charanyca ferruginea Noctuidae,Classification of the degree of specialization Total,,12,score,mean,,both,adult,,,,,,,,,,,
HumanObservation,Charanyca ferruginea Noctuidae,Food,,4,,mean,,both,adult,,,,,,,,,,,
Occurrence,Charanyca ferruginea Noctuidae,North,"Geographical distance calculation (e.g., using GIS)",4,,mean,,both,adult,,,,,,,,,,,
Occurrence,Charanyca ferruginea Noctuidae,Habitat,,4,,mean,,both,adult,,,,,,,,,,,
PreservedSpecimen,Charanyca ferruginea Noctuidae,Wingspan,,35.78,mm,mean,,both,adult,,,,,,,,,,,
PreservedSpecimen,Charanyca trigrammica Noctuidae,Status,,Lost,,mean,,both,adult,,,,,,,,,,,
HumanObservation,Charanyca trigrammica Noctuidae,Classification of the degree of specialization Total,,11,score,mean,,both,adult,,,,,,,,,,,
HumanObservation,Charanyca trigrammica Noctuidae,Food,,3,,mean,,both,adult,,,,,,,,,,,
Occurrence,Charanyca trigrammica Noctuidae,North,"Geographical distance calculation (e.g., using GIS)",4,,mean,,both,adult,,,,,,,,,,,
Occurrence,Charanyca trigrammica Noctuidae,Habitat,,4,,mean,,both,adult,,,,,,,,,,,
PreservedSpecimen,Charanyca trigrammica Noctuidae,Wingspan,,37.42,mm,mean,,both,adult,,,,,,,,,,,
PreservedSpecimen,Chariaspilates formosaria Geometridae,Status,,Lost,,mean,,both,adult,,,,,,,,,,,
HumanObservation,Chariaspilates formosaria Geometridae,Classification of the degree of specialization Total,,7,score,mean,,both,adult,,,,,,,,,,,
HumanObservation,Chariaspilates formosaria Geometridae,Food,,3,,mean,,both,adult,,,,,,,,,,,
Occurrence,Chariaspilates formosaria Geometridae,North,"Geographical distance calculation (e.g., using GIS)",3,,mean,,both,adult,,,,,,,,,,,
Occurrence,Chariaspilates formosaria Geometridae,Habitat,,1,,mean,,both,adult,,,,,,,,,,,
PreservedSpecimen,Chariaspilates formosaria Geometridae,Wingspan,,38.42,mm,mean,,both,adult,,,,,,,,,,,
PreservedSpecimen,Chiasmia aestimaria Geometridae,Status,,Persistent,,mean,,both,adult,,,,,,,,,,,
HumanObservation,Chiasmia aestimaria Geometridae,Classification of the degree of specialization Total,,4,score,mean,,both,adult,,,,,,,,,,,
HumanObservation,Chiasmia aestimaria Geometridae,Food,,1,,mean,,both,adult,,,,,,,,,,,
Occurrence,Chiasmia aestimaria Geometridae,North,"Geographical distance calculation (e.g., using GIS)",1,,mean,,both,adult,,,,,,,,,,,
Occurrence,Chiasmia aestimaria Geometridae,Habitat,,2,,mean,,both,adult,,,,,,,,,,,
PreservedSpecimen,Chiasmia aestimaria Geometridae,Wingspan,,22.91,mm,mean,,both,adult,,,,,,,,,,,
PreservedSpecimen,Chilodes maritima Noctuidae,Status,,Persistent,,mean,,both,adult,,,,,,,,,,,
HumanObservation,Chilodes maritima Noctuidae,Classification of the degree of specialization Total,,7,score,mean,,both,adult,,,,,,,,,,,
HumanObservation,Chilodes maritima Noctuidae,Food,,1,,mean,,both,adult,,,,,,,,,,,
Occurrence,Chilodes maritima Noctuidae,North,"Geographical distance calculation (e.g., using GIS)",4,,mean,,both,adult,,,,,,,,,,,
Occurrence,Chilodes maritima Noctuidae,Habitat,,2,,mean,,both,adult,,,,,,,,,,,
PreservedSpecimen,Chilodes maritima Noctuidae,Wingspan,,32.31,mm,mean,,both,adult,,,,,,,,,,,
PreservedSpecimen,Chlorissa viridata Geometridae,Status,,Persistent,,mean,,both,adult,,,,,,,,,,,
HumanObservation,Chlorissa viridata Geometridae,Classification of the degree of specialization Total,,10,score,mean,,both,adult,,,,,,,,,,,
HumanObservation,Chlorissa viridata Geometridae,Food,,3,,mean,,both,adult,,,,,,,,,,,
Occurrence,Chlorissa viridata Geometridae,North,"Geographical distance calculation (e.g., using GIS)",4,,mean,,both,adult,,,,,,,,,,,
Occurrence,Chlorissa viridata Geometridae,Habitat,,3,,mean,,both,adult,,,,,,,,,,,
PreservedSpecimen,Chlorissa viridata Geometridae,Wingspan,,25.46,mm,mean,,both,adult,,,,,,,,,,,
PreservedSpecimen,Chloroclystis v-ata Geometridae,Status,,Previously unrecorded,,mean,,both,adult,,,,,,,,,,,
HumanObservation,Chloroclystis v-ata Geometridae,Classification of the degree of specialization Total,,12,score,mean,,both,adult,,,,,,,,,,,
HumanObservation,Chloroclystis v-ata Geometridae,Food,,4,,mean,,both,adult,,,,,,,,,,,
Occurrence,Chloroclystis v-ata Geometridae,North,"Geographical distance calculation (e.g., using GIS)",4,,mean,,both,adult,,,,,,,,,,,
Occurrence,Chloroclystis v-ata Geometridae,Habitat,,4,,mean,,both,adult,,,,,,,,,,,
PreservedSpecimen,Chloroclystis v-ata Geometridae,Wingspan,,16.31,mm,mean,,both,adult,,,,,,,,,,,
PreservedSpecimen,Chrysodeixis chalcites Noctuidae,Status,,Persistent,,mean,,both,adult,,,,,,,,,,,
HumanObservation,Chrysodeixis chalcites Noctuidae,Classification of the degree of specialization Total,,12,score,mean,,both,adult,,,,,,,,,,,
HumanObservation,Chrysodeixis chalcites Noctuidae,Food,,4,,mean,,both,adult,,,,,,,,,,,
Occurrence,Chrysodeixis chalcites Noctuidae,North,"Geographical distance calculation (e.g., using GIS)",4,,mean,,both,adult,,,,,,,,,,,
Occurrence,Chrysodeixis chalcites Noctuidae,Habitat,,4,,mean,,both,adult,,,,,,,,,,,
PreservedSpecimen,Chrysodeixis chalcites Noctuidae,Wingspan,,38.11,mm,mean,,both,adult,,,,,,,,,,,
PreservedSpecimen,Cilix glaucata Drepanidae,Status,,Previously unrecorded,,mean,,both,adult,,,,,,,,,,,
HumanObservation,Cilix glaucata Drepanidae,Classification of the degree of specialization Total,,10,score,mean,,both,adult,,,,,,,,,,,
HumanObservation,Cilix glaucata Drepanidae,Food,,2,,mean,,both,adult,,,,,,,,,,,
Occurrence,Cilix glaucata Drepanidae,North,"Geographical distance calculation (e.g., using GIS)",4,,mean,,both,adult,,,,,,,,,,,
Occurrence,Cilix glaucata Drepanidae,Habitat,,4,,mean,,both,adult,,,,,,,,,,,
PreservedSpecimen,Cilix glaucata Drepanidae,Wingspan,,19.9,mm,mean,,both,adult,,,,,,,,,,,
PreservedSpecimen,Clostera anastomosis Notodontidae,Status,,Persistent,,mean,,both,adult,,,,,,,,,,,
HumanObservation,Clostera anastomosis Notodontidae,Classification of the degree of specialization Total,,8,score,mean,,both,adult,,,,,,,,,,,
HumanObservation,Clostera anastomosis Notodontidae,Food,,1,,mean,,both,adult,,,,,,,,,,,
Occurrence,Clostera anastomosis Notodontidae,North,"Geographical distance calculation (e.g., using GIS)",4,,mean,,both,adult,,,,,,,,,,,
Occurrence,Clostera anastomosis Notodontidae,Habitat,,3,,mean,,both,adult,,,,,,,,,,,
PreservedSpecimen,Clostera anastomosis Notodontidae,Wingspan,,31.94,mm,mean,,both,adult,,,,,,,,,,,
PreservedSpecimen,Clostera curtula Notodontidae,Status,,Persistent,,mean,,both,adult,,,,,,,,,,,
HumanObservation,Clostera curtula Notodontidae,Classification of the degree of specialization Total,,8,score,mean,,both,adult,,,,,,,,,,,
HumanObservation,Clostera curtula Notodontidae,Food,,2,,mean,,both,adult,,,,,,,,,,,
Occurrence,Clostera curtula Notodontidae,North,"Geographical distance calculation (e.g., using GIS)",4,,mean,,both,adult,,,,,,,,,,,
Occurrence,Clostera curtula Notodontidae,Habitat,,2,,mean,,both,adult,,,,,,,,,,,
PreservedSpecimen,Clostera curtula Notodontidae,Wingspan,,30.74,mm,mean,,both,adult,,,,,,,,,,,
PreservedSpecimen,Clostera pigra Notodontidae,Status,,Lost,,mean,,both,adult,,,,,,,,,,,
HumanObservation,Clostera pigra Notodontidae,Classification of the degree of specialization Total,,9,score,mean,,both,adult,,,,,,,,,,,
HumanObservation,Clostera pigra Notodontidae,Food,,2,,mean,,both,adult,,,,,,,,,,,
Occurrence,Clostera pigra Notodontidae,North,"Geographical distance calculation (e.g., using GIS)",4,,mean,,both,adult,,,,,,,,,,,
Occurrence,Clostera pigra Notodontidae,Habitat,,3,,mean,,both,adult,,,,,,,,,,,
PreservedSpecimen,Clostera pigra Notodontidae,Wingspan,,24.37,mm,mean,,both,adult,,,,,,,,,,,
PreservedSpecimen,Coenobia rufa Noctuidae,Status,,Lost,,mean,,both,adult,,,,,,,,,,,
HumanObservation,Coenobia rufa Noctuidae,Classification of the degree of specialization Total,,6,score,mean,,both,adult,,,,,,,,,,,
HumanObservation,Coenobia rufa Noctuidae,Food,,1,,mean,,both,adult,,,,,,,,,,,
Occurrence,Coenobia rufa Noctuidae,North,"Geographical distance calculation (e.g., using GIS)",4,,mean,,both,adult,,,,,,,,,,,
Occurrence,Coenobia rufa Noctuidae,Habitat,,1,,mean,,both,adult,,,,,,,,,,,
PreservedSpecimen,Coenobia rufa Noctuidae,Wingspan,,23.45,mm,mean,,both,adult,,,,,,,,,,,
PreservedSpecimen,Colobochyla salicalis Erebidae,Status,,Previously unrecorded,,mean,,both,adult,,,,,,,,,,,
HumanObservation,Colobochyla salicalis Erebidae,Classification of the degree of specialization Total,,7,score,mean,,both,adult,,,,,,,,,,,
HumanObservation,Colobochyla salicalis Erebidae,Food,,1,,mean,,both,adult,,,,,,,,,,,
Occurrence,Colobochyla salicalis Erebidae,North,"Geographical distance calculation (e.g., using GIS)",4,,mean,,both,adult,,,,,,,,,,,
Occurrence,Colobochyla salicalis Erebidae,Habitat,,2,,mean,,both,adult,,,,,,,,,,,
PreservedSpecimen,Colobochyla salicalis Erebidae,Wingspan,,27.93,mm,mean,,both,adult,,,,,,,,,,,
PreservedSpecimen,Colostygia pectinataria Geometridae,Status,,Persistent,,mean,,both,adult,,,,,,,,,,,
HumanObservation,Colostygia pectinataria Geometridae,Classification of the degree of specialization Total,,10,score,mean,,both,adult,,,,,,,,,,,
HumanObservation,Colostygia pectinataria Geometridae,Food,,3,,mean,,both,adult,,,,,,,,,,,
Occurrence,Colostygia pectinataria Geometridae,North,"Geographical distance calculation (e.g., using GIS)",4,,mean,,both,adult,,,,,,,,,,,
Occurrence,Colostygia pectinataria Geometridae,Habitat,,3,,mean,,both,adult,,,,,,,,,,,
PreservedSpecimen,Colostygia pectinataria Geometridae,Wingspan,,24.37,mm,mean,,both,adult,,,,,,,,,,,
PreservedSpecimen,Comibaena bajularia Geometridae,Status,,Previously unrecorded,,mean,,both,adult,,,,,,,,,,,
HumanObservation,Comibaena bajularia Geometridae,Classification of the degree of specialization Total,,8,score,mean,,both,adult,,,,,,,,,,,
HumanObservation,Comibaena bajularia Geometridae,Food,,1,,mean,,both,adult,,,,,,,,,,,
Occurrence,Comibaena bajularia Geometridae,North,"Geographical distance calculation (e.g., using GIS)",4,,mean,,both,adult,,,,,,,,,,,
Occurrence,Comibaena bajularia Geometridae,Habitat,,3,,mean,,both,adult,,,,,,,,,,,
PreservedSpecimen,Comibaena bajularia Geometridae,Wingspan,,24.92,mm,mean,,both,adult,,,,,,,,,,,
PreservedSpecimen,Conisania luteago Noctuidae,Status,,Persistent,,mean,,both,adult,,,,,,,,,,,
HumanObservation,Conisania luteago Noctuidae,Classification of the degree of specialization Total,,6,score,mean,,both,adult,,,,,,,,,,,
HumanObservation,Conisania luteago Noctuidae,Food,,1,,mean,,both,adult,,,,,,,,,,,
Occurrence,Conisania luteago Noctuidae,North,"Geographical distance calculation (e.g., using GIS)",4,,mean,,both,adult,,,,,,,,,,,
Occurrence,Conisania luteago Noctuidae,Habitat,,1,,mean,,both,adult,,,,,,,,,,,
PreservedSpecimen,Conisania luteago Noctuidae,Wingspan,,37.95,mm,mean,,both,adult,,,,,,,,,,,
PreservedSpecimen,Conistra vaccinii Noctuidae,Status,,Previously unrecorded,,mean,,both,adult,,,,,,,,,,,
HumanObservation,Conistra vaccinii Noctuidae,Classification of the degree of specialization Total,,12,score,mean,,both,adult,,,,,,,,,,,
HumanObservation,Conistra vaccinii Noctuidae,Food,,4,,mean,,both,adult,,,,,,,,,,,
Occurrence,Conistra vaccinii Noctuidae,North,"Geographical distance calculation (e.g., using GIS)",4,,mean,,both,adult,,,,,,,,,,,
Occurrence,Conistra vaccinii Noctuidae,Habitat,,4,,mean,,both,adult,,,,,,,,,,,
PreservedSpecimen,Conistra vaccinii Noctuidae,Wingspan,,31.75,mm,mean,,both,adult,,,,,,,,,,,
PreservedSpecimen,Cosmia affinis Noctuidae,Status,,Persistent,,mean,,both,adult,,,,,,,,,,,
HumanObservation,Cosmia affinis Noctuidae,Classification of the degree of specialization Total,,10,score,mean,,both,adult,,,,,,,,,,,
HumanObservation,Cosmia affinis Noctuidae,Food,,3,,mean,,both,adult,,,,,,,,,,,
Occurrence,Cosmia affinis Noctuidae,North,"Geographical distance calculation (e.g., using GIS)",4,,mean,,both,adult,,,,,,,,,,,
Occurrence,Cosmia affinis Noctuidae,Habitat,,3,,mean,,both,adult,,,,,,,,,,,
PreservedSpecimen,Cosmia affinis Noctuidae,Wingspan,,31.3,mm,mean,,both,adult,,,,,,,,,,,
PreservedSpecimen,Cosmia pyralina Noctuidae,Status,,Lost,,mean,,both,adult,,,,,,,,,,,
HumanObservation,Cosmia pyralina Noctuidae,Classification of the degree of specialization Total,,11,score,mean,,both,adult,,,,,,,,,,,
HumanObservation,Cosmia pyralina Noctuidae,Food,,3,,mean,,both,adult,,,,,,,,,,,
Occurrence,Cosmia pyralina Noctuidae,North,"Geographical distance calculation (e.g., using GIS)",4,,mean,,both,adult,,,,,,,,,,,
Occurrence,Cosmia pyralina Noctuidae,Habitat,,4,,mean,,both,adult,,,,,,,,,,,
PreservedSpecimen,Cosmia pyralina Noctuidae,Wingspan,,31.4,mm,mean,,both,adult,,,,,,,,,,,
PreservedSpecimen,Cosmia trapezina Noctuidae,Status,,Persistent,,mean,,both,adult,,,,,,,,,,,
HumanObservation,Cosmia trapezina Noctuidae,Classification of the degree of specialization Total,,12,score,mean,,both,adult,,,,,,,,,,,
HumanObservation,Cosmia trapezina Noctuidae,Food,,4,,mean,,both,adult,,,,,,,,,,,
Occurrence,Cosmia trapezina Noctuidae,North,"Geographical distance calculation (e.g., using GIS)",4,,mean,,both,adult,,,,,,,,,,,
Occurrence,Cosmia trapezina Noctuidae,Habitat,,4,,mean,,both,adult,,,,,,,,,,,
PreservedSpecimen,Cosmia trapezina Noctuidae,Wingspan,,28.72,mm,mean,,both,adult,,,,,,,,,,,
PreservedSpecimen,Cosmorhoe ocellata Geometridae,Status,,Previously unrecorded,,mean,,both,adult,,,,,,,,,,,
HumanObservation,Cosmorhoe ocellata Geometridae,Classification of the degree of specialization Total,,9,score,mean,,both,adult,,,,,,,,,,,
HumanObservation,Cosmorhoe ocellata Geometridae,Food,,1,,mean,,both,adult,,,,,,,,,,,
Occurrence,Cosmorhoe ocellata Geometridae,North,"Geographical distance calculation (e.g., using GIS)",4,,mean,,both,adult,,,,,,,,,,,
Occurrence,Cosmorhoe ocellata Geometridae,Habitat,,4,,mean,,both,adult,,,,,,,,,,,
PreservedSpecimen,Cosmorhoe ocellata Geometridae,Wingspan,,22.36,mm,mean,,both,adult,,,,,,,,,,,
PreservedSpecimen,Cossus Cossidae,Status,,Persistent,,mean,,both,adult,,,,,,,,,,,
HumanObservation,Cossus Cossidae,Classification of the degree of specialization Total,,11,score,mean,,both,adult,,,,,,,,,,,
HumanObservation,Cossus Cossidae,Food,,3,,mean,,both,adult,,,,,,,,,,,
Occurrence,Cossus Cossidae,North,"Geographical distance calculation (e.g., using GIS)",4,,mean,,both,adult,,,,,,,,,,,
Occurrence,Cossus Cossidae,Habitat,,4,,mean,,both,adult,,,,,,,,,,,
PreservedSpecimen,Cossus Cossidae,Wingspan,,80.8,mm,mean,,both,adult,,,,,,,,,,,
PreservedSpecimen,Costaconvexa polygrammata Geometridae,Status,,Persistent,,mean,,both,adult,,,,,,,,,,,
HumanObservation,Costaconvexa polygrammata Geometridae,Classification of the degree of specialization Total,,8,score,mean,,both,adult,,,,,,,,,,,
HumanObservation,Costaconvexa polygrammata Geometridae,Food,,1,,mean,,both,adult,,,,,,,,,,,
Occurrence,Costaconvexa polygrammata Geometridae,North,"Geographical distance calculation (e.g., using GIS)",4,,mean,,both,adult,,,,,,,,,,,
Occurrence,Costaconvexa polygrammata Geometridae,Habitat,,3,,mean,,both,adult,,,,,,,,,,,
PreservedSpecimen,Costaconvexa polygrammata Geometridae,Wingspan,,25.98,mm,mean,,both,adult,,,,,,,,,,,
PreservedSpecimen,Craniophora ligustri Noctuidae,Status,,Previously unrecorded,,mean,,both,adult,,,,,,,,,,,
HumanObservation,Craniophora ligustri Noctuidae,Classification of the degree of specialization Total,,11,score,mean,,both,adult,,,,,,,,,,,
HumanObservation,Craniophora ligustri Noctuidae,Food,,3,,mean,,both,adult,,,,,,,,,,,
Occurrence,Craniophora ligustri Noctuidae,North,"Geographical distance calculation (e.g., using GIS)",4,,mean,,both,adult,,,,,,,,,,,
Occurrence,Craniophora ligustri Noctuidae,Habitat,,4,,mean,,both,adult,,,,,,,,,,,
PreservedSpecimen,Craniophora ligustri Noctuidae,Wingspan,,32.4,mm,mean,,both,adult,,,,,,,,,,,
PreservedSpecimen,Crocallis elinguaria Geometridae,Status,,Persistent,,mean,,both,adult,,,,,,,,,,,
HumanObservation,Crocallis elinguaria Geometridae,Classification of the degree of specialization Total,,11,score,mean,,both,adult,,,,,,,,,,,
HumanObservation,Crocallis elinguaria Geometridae,Food,,4,,mean,,both,adult,,,,,,,,,,,
Occurrence,Crocallis elinguaria Geometridae,North,"Geographical distance calculation (e.g., using GIS)",4,,mean,,both,adult,,,,,,,,,,,
Occurrence,Crocallis elinguaria Geometridae,Habitat,,3,,mean,,both,adult,,,,,,,,,,,
PreservedSpecimen,Crocallis elinguaria Geometridae,Wingspan,,36.22,mm,mean,,both,adult,,,,,,,,,,,
PreservedSpecimen,Cryphia algae Noctuidae,Status,,Persistent,,mean,,both,adult,,,,,,,,,,,
HumanObservation,Cryphia algae Noctuidae,Classification of the degree of specialization Total,,9,score,mean,,both,adult,,,,,,,,,,,
HumanObservation,Cryphia algae Noctuidae,Food,,1,,mean,,both,adult,,,,,,,,,,,
Occurrence,Cryphia algae Noctuidae,North,"Geographical distance calculation (e.g., using GIS)",4,,mean,,both,adult,,,,,,,,,,,
Occurrence,Cryphia algae Noctuidae,Habitat,,4,,mean,,both,adult,,,,,,,,,,,
PreservedSpecimen,Cryphia algae Noctuidae,Wingspan,,26.83,mm,mean,,both,adult,,,,,,,,,,,
PreservedSpecimen,Cryphia ochsi Noctuidae,Status,,Previously unrecorded,,mean,,both,adult,,,,,,,,,,,
HumanObservation,Cryphia ochsi Noctuidae,Classification of the degree of specialization Total,,7,score,mean,,both,adult,,,,,,,,,,,
HumanObservation,Cryphia ochsi Noctuidae,Food,,4,,mean,,both,adult,,,,,,,,,,,
Occurrence,Cryphia ochsi Noctuidae,North,"Geographical distance calculation (e.g., using GIS)",1,,mean,,both,adult,,,,,,,,,,,
Occurrence,Cryphia ochsi Noctuidae,Habitat,,2,,mean,,both,adult,,,,,,,,,,,
PreservedSpecimen,Cryphia ochsi Noctuidae,Wingspan,,20.98,mm,mean,,both,adult,,,,,,,,,,,
PreservedSpecimen,Cyclophora punctaria Geometridae,Status,,Previously unrecorded,,mean,,both,adult,,,,,,,,,,,
HumanObservation,Cyclophora punctaria Geometridae,Classification of the degree of specialization Total,,8,score,mean,,both,adult,,,,,,,,,,,
HumanObservation,Cyclophora punctaria Geometridae,Food,,1,,mean,,both,adult,,,,,,,,,,,
Occurrence,Cyclophora punctaria Geometridae,North,"Geographical distance calculation (e.g., using GIS)",4,,mean,,both,adult,,,,,,,,,,,
Occurrence,Cyclophora punctaria Geometridae,Habitat,,3,,mean,,both,adult,,,,,,,,,,,
PreservedSpecimen,Cyclophora punctaria Geometridae,Wingspan,,26.46,mm,mean,,both,adult,,,,,,,,,,,
PreservedSpecimen,Cyclophora puppillaria Geometridae,Status,,Previously unrecorded,,mean,,both,adult,,,,,,,,,,,
HumanObservation,Cyclophora puppillaria Geometridae,Classification of the degree of specialization Total,,9,score,mean,,both,adult,,,,,,,,,,,
HumanObservation,Cyclophora puppillaria Geometridae,Food,,4,,mean,,both,adult,,,,,,,,,,,
Occurrence,Cyclophora puppillaria Geometridae,North,"Geographical distance calculation (e.g., using GIS)",3,,mean,,both,adult,,,,,,,,,,,
Occurrence,Cyclophora puppillaria Geometridae,Habitat,,2,,mean,,both,adult,,,,,,,,,,,
PreservedSpecimen,Cyclophora puppillaria Geometridae,Wingspan,,31.75,mm,mean,,both,adult,,,,,,,,,,,
PreservedSpecimen,Deilephila elpenor Sphingidae,Status,,Persistent,,mean,,both,adult,,,,,,,,,,,
HumanObservation,Deilephila elpenor Sphingidae,Classification of the degree of specialization Total,,12,score,mean,,both,adult,,,,,,,,,,,
HumanObservation,Deilephila elpenor Sphingidae,Food,,4,,mean,,both,adult,,,,,,,,,,,
Occurrence,Deilephila elpenor Sphingidae,North,"Geographical distance calculation (e.g., using GIS)",4,,mean,,both,adult,,,,,,,,,,,
Occurrence,Deilephila elpenor Sphingidae,Habitat,,4,,mean,,both,adult,,,,,,,,,,,
PreservedSpecimen,Deilephila elpenor Sphingidae,Wingspan,,51.96,mm,mean,,both,adult,,,,,,,,,,,
PreservedSpecimen,Deilephila porcellus Sphingidae,Status,,Previously unrecorded,,mean,,both,adult,,,,,,,,,,,
HumanObservation,Deilephila porcellus Sphingidae,Classification of the degree of specialization Total,,9,score,mean,,both,adult,,,,,,,,,,,
HumanObservation,Deilephila porcellus Sphingidae,Food,,1,,mean,,both,adult,,,,,,,,,,,
Occurrence,Deilephila porcellus Sphingidae,North,"Geographical distance calculation (e.g., using GIS)",4,,mean,,both,adult,,,,,,,,,,,
Occurrence,Deilephila porcellus Sphingidae,Habitat,,4,,mean,,both,adult,,,,,,,,,,,
PreservedSpecimen,Deilephila porcellus Sphingidae,Wingspan,,42.43,mm,mean,,both,adult,,,,,,,,,,,
PreservedSpecimen,Deltote pygarga Noctuidae,Status,,Persistent,,mean,,both,adult,,,,,,,,,,,
HumanObservation,Deltote pygarga Noctuidae,Classification of the degree of specialization Total,,10,score,mean,,both,adult,,,,,,,,,,,
HumanObservation,Deltote pygarga Noctuidae,Food,,3,,mean,,both,adult,,,,,,,,,,,
Occurrence,Deltote pygarga Noctuidae,North,"Geographical distance calculation (e.g., using GIS)",4,,mean,,both,adult,,,,,,,,,,,
Occurrence,Deltote pygarga Noctuidae,Habitat,,3,,mean,,both,adult,,,,,,,,,,,
PreservedSpecimen,Deltote pygarga Noctuidae,Wingspan,,20.98,mm,mean,,both,adult,,,,,,,,,,,
PreservedSpecimen,Dendrolimus pini Lasiocampidae,Status,,Previously unrecorded,,mean,,both,adult,,,,,,,,,,,
HumanObservation,Dendrolimus pini Lasiocampidae,Classification of the degree of specialization Total,,7,score,mean,,both,adult,,,,,,,,,,,
HumanObservation,Dendrolimus pini Lasiocampidae,Food,,2,,mean,,both,adult,,,,,,,,,,,
Occurrence,Dendrolimus pini Lasiocampidae,North,"Geographical distance calculation (e.g., using GIS)",4,,mean,,both,adult,,,,,,,,,,,
Occurrence,Dendrolimus pini Lasiocampidae,Habitat,,1,,mean,,both,adult,,,,,,,,,,,
PreservedSpecimen,Dendrolimus pini Lasiocampidae,Wingspan,,56.12,mm,mean,,both,adult,,,,,,,,,,,
PreservedSpecimen,Denticucullus pygmina Noctuidae,Status,,Lost,,mean,,both,adult,,,,,,,,,,,
HumanObservation,Denticucullus pygmina Noctuidae,Classification of the degree of specialization Total,,9,score,mean,,both,adult,,,,,,,,,,,
HumanObservation,Denticucullus pygmina Noctuidae,Food,,2,,mean,,both,adult,,,,,,,,,,,
Occurrence,Denticucullus pygmina Noctuidae,North,"Geographical distance calculation (e.g., using GIS)",4,,mean,,both,adult,,,,,,,,,,,
Occurrence,Denticucullus pygmina Noctuidae,Habitat,,3,,mean,,both,adult,,,,,,,,,,,
PreservedSpecimen,Denticucullus pygmina Noctuidae,Wingspan,,25.83,mm,mean,,both,adult,,,,,,,,,,,
PreservedSpecimen,Diachrysia chrysitis Komplex Noctuidae,Status,,Persistent,,mean,,both,adult,,,,,,,,,,,
HumanObservation,Diachrysia chrysitis Komplex Noctuidae,Classification of the degree of specialization Total,,10,score,mean,,both,adult,,,,,,,,,,,
HumanObservation,Diachrysia chrysitis Komplex Noctuidae,Food,,3,,mean,,both,adult,,,,,,,,,,,
Occurrence,Diachrysia chrysitis Komplex Noctuidae,North,"Geographical distance calculation (e.g., using GIS)",4,,mean,,both,adult,,,,,,,,,,,
Occurrence,Diachrysia chrysitis Komplex Noctuidae,Habitat,,3,,mean,,both,adult,,,,,,,,,,,
PreservedSpecimen,Diachrysia chrysitis Komplex Noctuidae,Wingspan,,31.3,mm,mean,,both,adult,,,,,,,,,,,
PreservedSpecimen,Diachrysia chryson Noctuidae,Status,,Lost,,mean,,both,adult,,,,,,,,,,,
HumanObservation,Diachrysia chryson Noctuidae,Classification of the degree of specialization Total,,9,score,mean,,both,adult,,,,,,,,,,,
HumanObservation,Diachrysia chryson Noctuidae,Food,,3,,mean,,both,adult,,,,,,,,,,,
Occurrence,Diachrysia chryson Noctuidae,North,"Geographical distance calculation (e.g., using GIS)",3,,mean,,both,adult,,,,,,,,,,,
Occurrence,Diachrysia chryson Noctuidae,Habitat,,3,,mean,,both,adult,,,,,,,,,,,
PreservedSpecimen,Diachrysia chryson Noctuidae,Wingspan,,48.74,mm,mean,,both,adult,,,,,,,,,,,
PreservedSpecimen,Diaphora mendica Erebidae,Status,,Previously unrecorded,,mean,,both,adult,,,,,,,,,,,
HumanObservation,Diaphora mendica Erebidae,Classification of the degree of specialization Total,,12,score,mean,,both,adult,,,,,,,,,,,
HumanObservation,Diaphora mendica Erebidae,Food,,4,,mean,,both,adult,,,,,,,,,,,
Occurrence,Diaphora mendica Erebidae,North,"Geographical distance calculation (e.g., using GIS)",4,,mean,,both,adult,,,,,,,,,,,
Occurrence,Diaphora mendica Erebidae,Habitat,,4,,mean,,both,adult,,,,,,,,,,,
PreservedSpecimen,Diaphora mendica Erebidae,Wingspan,,32.62,mm,mean,,both,adult,,,,,,,,,,,
PreservedSpecimen,Drymonia dodonaea Notodontidae,Status,,Previously unrecorded,,mean,,both,adult,,,,,,,,,,,
HumanObservation,Drymonia dodonaea Notodontidae,Classification of the degree of specialization Total,,7,score,mean,,both,adult,,,,,,,,,,,
HumanObservation,Drymonia dodonaea Notodontidae,Food,,1,,mean,,both,adult,,,,,,,,,,,
Occurrence,Drymonia dodonaea Notodontidae,North,"Geographical distance calculation (e.g., using GIS)",4,,mean,,both,adult,,,,,,,,,,,
Occurrence,Drymonia dodonaea Notodontidae,Habitat,,2,,mean,,both,adult,,,,,,,,,,,
PreservedSpecimen,Drymonia dodonaea Notodontidae,Wingspan,,35.41,mm,mean,,both,adult,,,,,,,,,,,
PreservedSpecimen,Drymonia querna Notodontidae,Status,,Lost,,mean,,both,adult,,,,,,,,,,,
HumanObservation,Drymonia querna Notodontidae,Classification of the degree of specialization Total,,7,score,mean,,both,adult,,,,,,,,,,,
HumanObservation,Drymonia querna Notodontidae,Food,,2,,mean,,both,adult,,,,,,,,,,,
Occurrence,Drymonia querna Notodontidae,North,"Geographical distance calculation (e.g., using GIS)",3,,mean,,both,adult,,,,,,,,,,,
Occurrence,Drymonia querna Notodontidae,Habitat,,2,,mean,,both,adult,,,,,,,,,,,
PreservedSpecimen,Drymonia querna Notodontidae,Wingspan,,39.89,mm,mean,,both,adult,,,,,,,,,,,
PreservedSpecimen,Dypterygia scabriuscula Noctuidae,Status,,Previously unrecorded,,mean,,both,adult,,,,,,,,,,,
HumanObservation,Dypterygia scabriuscula Noctuidae,Classification of the degree of specialization Total,,10,score,mean,,both,adult,,,,,,,,,,,
HumanObservation,Dypterygia scabriuscula Noctuidae,Food,,3,,mean,,both,adult,,,,,,,,,,,
Occurrence,Dypterygia scabriuscula Noctuidae,North,"Geographical distance calculation (e.g., using GIS)",4,,mean,,both,adult,,,,,,,,,,,
Occurrence,Dypterygia scabriuscula Noctuidae,Habitat,,3,,mean,,both,adult,,,,,,,,,,,
PreservedSpecimen,Dypterygia scabriuscula Noctuidae,Wingspan,,34.41,mm,mean,,both,adult,,,,,,,,,,,
PreservedSpecimen,Dyspessa ulula Cossidae,Status,,Persistent,,mean,,both,adult,,,,,,,,,,,
HumanObservation,Dyspessa ulula Cossidae,Classification of the degree of specialization Total,,4,score,mean,,both,adult,,,,,,,,,,,
HumanObservation,Dyspessa ulula Cossidae,Food,,1,,mean,,both,adult,,,,,,,,,,,
Occurrence,Dyspessa ulula Cossidae,North,"Geographical distance calculation (e.g., using GIS)",2,,mean,,both,adult,,,,,,,,,,,
Occurrence,Dyspessa ulula Cossidae,Habitat,,1,,mean,,both,adult,,,,,,,,,,,
PreservedSpecimen,Dyspessa ulula Cossidae,Wingspan,,22.23,mm,mean,,both,adult,,,,,,,,,,,
PreservedSpecimen,Earias clorana Nolidae,Status,,Previously unrecorded,,mean,,both,adult,,,,,,,,,,,
HumanObservation,Earias clorana Nolidae,Classification of the degree of specialization Total,,8,score,mean,,both,adult,,,,,,,,,,,
HumanObservation,Earias clorana Nolidae,Food,,1,,mean,,both,adult,,,,,,,,,,,
Occurrence,Earias clorana Nolidae,North,"Geographical distance calculation (e.g., using GIS)",4,,mean,,both,adult,,,,,,,,,,,
Occurrence,Earias clorana Nolidae,Habitat,,3,,mean,,both,adult,,,,,,,,,,,
PreservedSpecimen,Earias clorana Nolidae,Wingspan,,17.89,mm,mean,,both,adult,,,,,,,,,,,
PreservedSpecimen,Earias vernana Nolidae,Status,,Persistent,,mean,,both,adult,,,,,,,,,,,
HumanObservation,Earias vernana Nolidae,Classification of the degree of specialization Total,,8,score,mean,,both,adult,,,,,,,,,,,
HumanObservation,Earias vernana Nolidae,Food,,1,,mean,,both,adult,,,,,,,,,,,
Occurrence,Earias vernana Nolidae,North,"Geographical distance calculation (e.g., using GIS)",4,,mean,,both,adult,,,,,,,,,,,
Occurrence,Earias vernana Nolidae,Habitat,,3,,mean,,both,adult,,,,,,,,,,,
PreservedSpecimen,Earias vernana Nolidae,Wingspan,,19.44,mm,mean,,both,adult,,,,,,,,,,,
PreservedSpecimen,Egira conspicillaris Noctuidae,Status,,Previously unrecorded,,mean,,both,adult,,,,,,,,,,,
HumanObservation,Egira conspicillaris Noctuidae,Classification of the degree of specialization Total,,6,score,mean,,both,adult,,,,,,,,,,,
HumanObservation,Egira conspicillaris Noctuidae,Food,,1,,mean,,both,adult,,,,,,,,,,,
Occurrence,Egira conspicillaris Noctuidae,North,"Geographical distance calculation (e.g., using GIS)",3,,mean,,both,adult,,,,,,,,,,,
Occurrence,Egira conspicillaris Noctuidae,Habitat,,2,,mean,,both,adult,,,,,,,,,,,
PreservedSpecimen,Egira conspicillaris Noctuidae,Wingspan,,38.88,mm,mean,,both,adult,,,,,,,,,,,
PreservedSpecimen,Eilema caniola Erebidae,Status,,Persistent,,mean,,both,adult,,,,,,,,,,,
HumanObservation,Eilema caniola Erebidae,Classification of the degree of specialization Total,,8,score,mean,,both,adult,,,,,,,,,,,
HumanObservation,Eilema caniola Erebidae,Food,,1,,mean,,both,adult,,,,,,,,,,,
Occurrence,Eilema caniola Erebidae,North,"Geographical distance calculation (e.g., using GIS)",3,,mean,,both,adult,,,,,,,,,,,
Occurrence,Eilema caniola Erebidae,Habitat,,4,,mean,,both,adult,,,,,,,,,,,
PreservedSpecimen,Eilema caniola Erebidae,Wingspan,,31.3,mm,mean,,both,adult,,,,,,,,,,,
PreservedSpecimen,Eilema complana Erebidae,Status,,Persistent,,mean,,both,adult,,,,,,,,,,,
HumanObservation,Eilema complana Erebidae,Classification of the degree of specialization Total,,8,score,mean,,both,adult,,,,,,,,,,,
HumanObservation,Eilema complana Erebidae,Food,,1,,mean,,both,adult,,,,,,,,,,,
Occurrence,Eilema complana Erebidae,North,"Geographical distance calculation (e.g., using GIS)",4,,mean,,both,adult,,,,,,,,,,,
Occurrence,Eilema complana Erebidae,Habitat,,3,,mean,,both,adult,,,,,,,,,,,
PreservedSpecimen,Eilema complana Erebidae,Wingspan,,33.99,mm,mean,,both,adult,,,,,,,,,,,
PreservedSpecimen,Eilema depressa Erebidae,Status,,Persistent,,mean,,both,adult,,,,,,,,,,,
HumanObservation,Eilema depressa Erebidae,Classification of the degree of specialization Total,,7,score,mean,,both,adult,,,,,,,,,,,
HumanObservation,Eilema depressa Erebidae,Food,,1,,mean,,both,adult,,,,,,,,,,,
Occurrence,Eilema depressa Erebidae,North,"Geographical distance calculation (e.g., using GIS)",4,,mean,,both,adult,,,,,,,,,,,
Occurrence,Eilema depressa Erebidae,Habitat,,2,,mean,,both,adult,,,,,,,,,,,
PreservedSpecimen,Eilema depressa Erebidae,Wingspan,,31.75,mm,mean,,both,adult,,,,,,,,,,,
PreservedSpecimen,Eilema lurideola Erebidae,Status,,Previously unrecorded,,mean,,both,adult,,,,,,,,,,,
HumanObservation,Eilema lurideola Erebidae,Classification of the degree of specialization Total,,9,score,mean,,both,adult,,,,,,,,,,,
HumanObservation,Eilema lurideola Erebidae,Food,,1,,mean,,both,adult,,,,,,,,,,,
Occurrence,Eilema lurideola Erebidae,North,"Geographical distance calculation (e.g., using GIS)",4,,mean,,both,adult,,,,,,,,,,,
Occurrence,Eilema lurideola Erebidae,Habitat,,4,,mean,,both,adult,,,,,,,,,,,
PreservedSpecimen,Eilema lurideola Erebidae,Wingspan,,31.3,mm,mean,,both,adult,,,,,,,,,,,
PreservedSpecimen,Eilema pygmaeola Erebidae,Status,,Persistent,,mean,,both,adult,,,,,,,,,,,
HumanObservation,Eilema pygmaeola Erebidae,Classification of the degree of specialization Total,,7,score,mean,,both,adult,,,,,,,,,,,
HumanObservation,Eilema pygmaeola Erebidae,Food,,1,,mean,,both,adult,,,,,,,,,,,
Occurrence,Eilema pygmaeola Erebidae,North,"Geographical distance calculation (e.g., using GIS)",4,,mean,,both,adult,,,,,,,,,,,
Occurrence,Eilema pygmaeola Erebidae,Habitat,,2,,mean,,both,adult,,,,,,,,,,,
PreservedSpecimen,Eilema pygmaeola Erebidae,Wingspan,,25.92,mm,mean,,both,adult,,,,,,,,,,,
PreservedSpecimen,Eilema sororcula Erebidae,Status,,Persistent,,mean,,both,adult,,,,,,,,,,,
HumanObservation,Eilema sororcula Erebidae,Classification of the degree of specialization Total,,8,score,mean,,both,adult,,,,,,,,,,,
HumanObservation,Eilema sororcula Erebidae,Food,,1,,mean,,both,adult,,,,,,,,,,,
Occurrence,Eilema sororcula Erebidae,North,"Geographical distance calculation (e.g., using GIS)",4,,mean,,both,adult,,,,,,,,,,,
Occurrence,Eilema sororcula Erebidae,Habitat,,3,,mean,,both,adult,,,,,,,,,,,
PreservedSpecimen,Eilema sororcula Erebidae,Wingspan,,28.46,mm,mean,,both,adult,,,,,,,,,,,
PreservedSpecimen,Elaphria venustula Noctuidae,Status,,Persistent,,mean,,both,adult,,,,,,,,,,,
HumanObservation,Elaphria venustula Noctuidae,Classification of the degree of specialization Total,,11,score,mean,,both,adult,,,,,,,,,,,
HumanObservation,Elaphria venustula Noctuidae,Food,,3,,mean,,both,adult,,,,,,,,,,,
Occurrence,Elaphria venustula Noctuidae,North,"Geographical distance calculation (e.g., using GIS)",4,,mean,,both,adult,,,,,,,,,,,
Occurrence,Elaphria venustula Noctuidae,Habitat,,4,,mean,,both,adult,,,,,,,,,,,
PreservedSpecimen,Elaphria venustula Noctuidae,Wingspan,,20.9,mm,mean,,both,adult,,,,,,,,,,,
PreservedSpecimen,Ennomos erosaria Geometridae,Status,,Lost,,mean,,both,adult,,,,,,,,,,,
HumanObservation,Ennomos erosaria Geometridae,Classification of the degree of specialization Total,,11,score,mean,,both,adult,,,,,,,,,,,
HumanObservation,Ennomos erosaria Geometridae,Food,,3,,mean,,both,adult,,,,,,,,,,,
Occurrence,Ennomos erosaria Geometridae,North,"Geographical distance calculation (e.g., using GIS)",4,,mean,,both,adult,,,,,,,,,,,
Occurrence,Ennomos erosaria Geometridae,Habitat,,4,,mean,,both,adult,,,,,,,,,,,
PreservedSpecimen,Ennomos erosaria Geometridae,Wingspan,,32.4,mm,mean,,both,adult,,,,,,,,,,,
PreservedSpecimen,Ennomos quercinaria Geometridae,Status,,Previously unrecorded,,mean,,both,adult,,,,,,,,,,,
HumanObservation,Ennomos quercinaria Geometridae,Classification of the degree of specialization Total,,12,score,mean,,both,adult,,,,,,,,,,,
HumanObservation,Ennomos quercinaria Geometridae,Food,,4,,mean,,both,adult,,,,,,,,,,,
Occurrence,Ennomos quercinaria Geometridae,North,"Geographical distance calculation (e.g., using GIS)",4,,mean,,both,adult,,,,,,,,,,,
Occurrence,Ennomos quercinaria Geometridae,Habitat,,4,,mean,,both,adult,,,,,,,,,,,
PreservedSpecimen,Ennomos quercinaria Geometridae,Wingspan,,45.83,mm,mean,,both,adult,,,,,,,,,,,
PreservedSpecimen,Epione repandaria Geometridae,Status,,Persistent,,mean,,both,adult,,,,,,,,,,,
HumanObservation,Epione repandaria Geometridae,Classification of the degree of specialization Total,,11,score,mean,,both,adult,,,,,,,,,,,
HumanObservation,Epione repandaria Geometridae,Food,,3,,mean,,both,adult,,,,,,,,,,,
Occurrence,Epione repandaria Geometridae,North,"Geographical distance calculation (e.g., using GIS)",4,,mean,,both,adult,,,,,,,,,,,
Occurrence,Epione repandaria Geometridae,Habitat,,4,,mean,,both,adult,,,,,,,,,,,
PreservedSpecimen,Epione repandaria Geometridae,Wingspan,,27.39,mm,mean,,both,adult,,,,,,,,,,,
PreservedSpecimen,Epirrhoe alternata Geometridae,Status,,Persistent,,mean,,both,adult,,,,,,,,,,,
HumanObservation,Epirrhoe alternata Geometridae,Classification of the degree of specialization Total,,9,score,mean,,both,adult,,,,,,,,,,,
HumanObservation,Epirrhoe alternata Geometridae,Food,,1,,mean,,both,adult,,,,,,,,,,,
Occurrence,Epirrhoe alternata Geometridae,North,"Geographical distance calculation (e.g., using GIS)",4,,mean,,both,adult,,,,,,,,,,,
Occurrence,Epirrhoe alternata Geometridae,Habitat,,4,,mean,,both,adult,,,,,,,,,,,
PreservedSpecimen,Epirrhoe alternata Geometridae,Wingspan,,22.36,mm,mean,,both,adult,,,,,,,,,,,
PreservedSpecimen,Episema glaucina Noctuidae,Status,,Previously unrecorded,,mean,,both,adult,,,,,,,,,,,
HumanObservation,Episema glaucina Noctuidae,Classification of the degree of specialization Total,,4,score,mean,,both,adult,,,,,,,,,,,
HumanObservation,Episema glaucina Noctuidae,Food,,1,,mean,,both,adult,,,,,,,,,,,
Occurrence,Episema glaucina Noctuidae,North,"Geographical distance calculation (e.g., using GIS)",2,,mean,,both,adult,,,,,,,,,,,
Occurrence,Episema glaucina Noctuidae,Habitat,,1,,mean,,both,adult,,,,,,,,,,,
PreservedSpecimen,Episema glaucina Noctuidae,Wingspan,,33.32,mm,mean,,both,adult,,,,,,,,,,,
PreservedSpecimen,Eublemma purpurina Erebidae,Status,,Previously unrecorded,,mean,,both,adult,,,,,,,,,,,
HumanObservation,Eublemma purpurina Erebidae,Classification of the degree of specialization Total,,7,score,mean,,both,adult,,,,,,,,,,,
HumanObservation,Eublemma purpurina Erebidae,Food,,2,,mean,,both,adult,,,,,,,,,,,
Occurrence,Eublemma purpurina Erebidae,North,"Geographical distance calculation (e.g., using GIS)",4,,mean,,both,adult,,,,,,,,,,,
Occurrence,Eublemma purpurina Erebidae,Habitat,,1,,mean,,both,adult,,,,,,,,,,,
PreservedSpecimen,Eublemma purpurina Erebidae,Wingspan,,24.98,mm,mean,,both,adult,,,,,,,,,,,
PreservedSpecimen,Eucarta amethystina Noctuidae,Status,,Persistent,,mean,,both,adult,,,,,,,,,,,
HumanObservation,Eucarta amethystina Noctuidae,Classification of the degree of specialization Total,,6,score,mean,,both,adult,,,,,,,,,,,
HumanObservation,Eucarta amethystina Noctuidae,Food,,2,,mean,,both,adult,,,,,,,,,,,
Occurrence,Eucarta amethystina Noctuidae,North,"Geographical distance calculation (e.g., using GIS)",2,,mean,,both,adult,,,,,,,,,,,
Occurrence,Eucarta amethystina Noctuidae,Habitat,,2,,mean,,both,adult,,,,,,,,,,,
PreservedSpecimen,Eucarta amethystina Noctuidae,Wingspan,,33.99,mm,mean,,both,adult,,,,,,,,,,,
PreservedSpecimen,Eucarta virgo Noctuidae,Status,,Persistent,,mean,,both,adult,,,,,,,,,,,
HumanObservation,Eucarta virgo Noctuidae,Classification of the degree of specialization Total,,8,score,mean,,both,adult,,,,,,,,,,,
HumanObservation,Eucarta virgo Noctuidae,Food,,2,,mean,,both,adult,,,,,,,,,,,
Occurrence,Eucarta virgo Noctuidae,North,"Geographical distance calculation (e.g., using GIS)",4,,mean,,both,adult,,,,,,,,,,,
Occurrence,Eucarta virgo Noctuidae,Habitat,,2,,mean,,both,adult,,,,,,,,,,,
PreservedSpecimen,Eucarta virgo Noctuidae,Wingspan,,29.46,mm,mean,,both,adult,,,,,,,,,,,
PreservedSpecimen,Eupithecia abbreviata Geometridae,Status,,Lost,,mean,,both,adult,,,,,,,,,,,
HumanObservation,Eupithecia abbreviata Geometridae,Classification of the degree of specialization Total,,7,score,mean,,both,adult,,,,,,,,,,,
HumanObservation,Eupithecia abbreviata Geometridae,Food,,1,,mean,,both,adult,,,,,,,,,,,
Occurrence,Eupithecia abbreviata Geometridae,North,"Geographical distance calculation (e.g., using GIS)",4,,mean,,both,adult,,,,,,,,,,,
Occurrence,Eupithecia abbreviata Geometridae,Habitat,,2,,mean,,both,adult,,,,,,,,,,,
PreservedSpecimen,Eupithecia abbreviata Geometridae,Wingspan,,20.45,mm,mean,,both,adult,,,,,,,,,,,
PreservedSpecimen,Eupithecia absinthiata Geometridae,Status,,Lost,,mean,,both,adult,,,,,,,,,,,
HumanObservation,Eupithecia absinthiata Geometridae,Classification of the degree of specialization Total,,12,score,mean,,both,adult,,,,,,,,,,,
HumanObservation,Eupithecia absinthiata Geometridae,Food,,4,,mean,,both,adult,,,,,,,,,,,
Occurrence,Eupithecia absinthiata Geometridae,North,"Geographical distance calculation (e.g., using GIS)",4,,mean,,both,adult,,,,,,,,,,,
Occurrence,Eupithecia absinthiata Geometridae,Habitat,,4,,mean,,both,adult,,,,,,,,,,,
PreservedSpecimen,Eupithecia absinthiata Geometridae,Wingspan,,19.97,mm,mean,,both,adult,,,,,,,,,,,
PreservedSpecimen,Eupithecia centaureata Geometridae,Status,,Persistent,,mean,,both,adult,,,,,,,,,,,
HumanObservation,Eupithecia centaureata Geometridae,Classification of the degree of specialization Total,,11,score,mean,,both,adult,,,,,,,,,,,
HumanObservation,Eupithecia centaureata Geometridae,Food,,4,,mean,,both,adult,,,,,,,,,,,
Occurrence,Eupithecia centaureata Geometridae,North,"Geographical distance calculation (e.g., using GIS)",4,,mean,,both,adult,,,,,,,,,,,
Occurrence,Eupithecia centaureata Geometridae,Habitat,,3,,mean,,both,adult,,,,,,,,,,,
PreservedSpecimen,Eupithecia centaureata Geometridae,Wingspan,,17.89,mm,mean,,both,adult,,,,,,,,,,,
PreservedSpecimen,Eupithecia dodoneata Geometridae,Status,,Persistent,,mean,,both,adult,,,,,,,,,,,
HumanObservation,Eupithecia dodoneata Geometridae,Classification of the degree of specialization Total,,7,score,mean,,both,adult,,,,,,,,,,,
HumanObservation,Eupithecia dodoneata Geometridae,Food,,1,,mean,,both,adult,,,,,,,,,,,
Occurrence,Eupithecia dodoneata Geometridae,North,"Geographical distance calculation (e.g., using GIS)",4,,mean,,both,adult,,,,,,,,,,,
Occurrence,Eupithecia dodoneata Geometridae,Habitat,,2,,mean,,both,adult,,,,,,,,,,,
PreservedSpecimen,Eupithecia dodoneata Geometridae,Wingspan,,20.45,mm,mean,,both,adult,,,,,,,,,,,
PreservedSpecimen,Eupithecia ericeata Geometridae,Status,,Persistent,,mean,,both,adult,,,,,,,,,,,
HumanObservation,Eupithecia ericeata Geometridae,Classification of the degree of specialization Total,,6,score,mean,,both,adult,,,,,,,,,,,
HumanObservation,Eupithecia ericeata Geometridae,Food,,3,,mean,,both,adult,,,,,,,,,,,
Occurrence,Eupithecia ericeata Geometridae,North,"Geographical distance calculation (e.g., using GIS)",2,,mean,,both,adult,,,,,,,,,,,
Occurrence,Eupithecia ericeata Geometridae,Habitat,,1,,mean,,both,adult,,,,,,,,,,,
PreservedSpecimen,Eupithecia ericeata Geometridae,Wingspan,,18.89,mm,mean,,both,adult,,,,,,,,,,,
PreservedSpecimen,Eupithecia pusillata Geometridae,Status,,Previously unrecorded,,mean,,both,adult,,,,,,,,,,,
HumanObservation,Eupithecia pusillata Geometridae,Classification of the degree of specialization Total,,7,score,mean,,both,adult,,,,,,,,,,,
HumanObservation,Eupithecia pusillata Geometridae,Food,,1,,mean,,both,adult,,,,,,,,,,,
Occurrence,Eupithecia pusillata Geometridae,North,"Geographical distance calculation (e.g., using GIS)",4,,mean,,both,adult,,,,,,,,,,,
Occurrence,Eupithecia pusillata Geometridae,Habitat,,2,,mean,,both,adult,,,,,,,,,,,
PreservedSpecimen,Eupithecia pusillata Geometridae,Wingspan,,18.89,mm,mean,,both,adult,,,,,,,,,,,
PreservedSpecimen,Eupithecia ultimaria Geometridae,Status,,Previously unrecorded,,mean,,both,adult,,,,,,,,,,,
HumanObservation,Eupithecia ultimaria Geometridae,Classification of the degree of specialization Total,,5,score,mean,,both,adult,,,,,,,,,,,
HumanObservation,Eupithecia ultimaria Geometridae,Food,,1,,mean,,both,adult,,,,,,,,,,,
Occurrence,Eupithecia ultimaria Geometridae,North,"Geographical distance calculation (e.g., using GIS)",3,,mean,,both,adult,,,,,,,,,,,
Occurrence,Eupithecia ultimaria Geometridae,Habitat,,1,,mean,,both,adult,,,,,,,,,,,
PreservedSpecimen,Eupithecia ultimaria Geometridae,Wingspan,,14.87,mm,mean,,both,adult,,,,,,,,,,,
PreservedSpecimen,Eupithecia virgaureata Geometridae,Status,,Previously unrecorded,,mean,,both,adult,,,,,,,,,,,
HumanObservation,Eupithecia virgaureata Geometridae,Classification of the degree of specialization Total,,11,score,mean,,both,adult,,,,,,,,,,,
HumanObservation,Eupithecia virgaureata Geometridae,Food,,4,,mean,,both,adult,,,,,,,,,,,
Occurrence,Eupithecia virgaureata Geometridae,North,"Geographical distance calculation (e.g., using GIS)",4,,mean,,both,adult,,,,,,,,,,,
Occurrence,Eupithecia virgaureata Geometridae,Habitat,,3,,mean,,both,adult,,,,,,,,,,,
PreservedSpecimen,Eupithecia virgaureata Geometridae,Wingspan,,19.77,mm,mean,,both,adult,,,,,,,,,,,
PreservedSpecimen,Euplexia lucipara Noctuidae,Status,,Persistent,,mean,,both,adult,,,,,,,,,,,
HumanObservation,Euplexia lucipara Noctuidae,Classification of the degree of specialization Total,,11,score,mean,,both,adult,,,,,,,,,,,
HumanObservation,Euplexia lucipara Noctuidae,Food,,4,,mean,,both,adult,,,,,,,,,,,
Occurrence,Euplexia lucipara Noctuidae,North,"Geographical distance calculation (e.g., using GIS)",4,,mean,,both,adult,,,,,,,,,,,
Occurrence,Euplexia lucipara Noctuidae,Habitat,,3,,mean,,both,adult,,,,,,,,,,,
PreservedSpecimen,Euplexia lucipara Noctuidae,Wingspan,,29.39,mm,mean,,both,adult,,,,,,,,,,,
PreservedSpecimen,Euproctis chrysorrhoea Erebidae,Status,,Previously unrecorded,,mean,,both,adult,,,,,,,,,,,
HumanObservation,Euproctis chrysorrhoea Erebidae,Classification of the degree of specialization Total,,12,score,mean,,both,adult,,,,,,,,,,,
HumanObservation,Euproctis chrysorrhoea Erebidae,Food,,4,,mean,,both,adult,,,,,,,,,,,
Occurrence,Euproctis chrysorrhoea Erebidae,North,"Geographical distance calculation (e.g., using GIS)",4,,mean,,both,adult,,,,,,,,,,,
Occurrence,Euproctis chrysorrhoea Erebidae,Habitat,,4,,mean,,both,adult,,,,,,,,,,,
PreservedSpecimen,Euproctis chrysorrhoea Erebidae,Wingspan,,38.88,mm,mean,,both,adult,,,,,,,,,,,
PreservedSpecimen,Euproctis similis Erebidae,Status,,Lost,,mean,,both,adult,,,,,,,,,,,
HumanObservation,Euproctis similis Erebidae,Classification of the degree of specialization Total,,12,score,mean,,both,adult,,,,,,,,,,,
HumanObservation,Euproctis similis Erebidae,Food,,4,,mean,,both,adult,,,,,,,,,,,
Occurrence,Euproctis similis Erebidae,North,"Geographical distance calculation (e.g., using GIS)",4,,mean,,both,adult,,,,,,,,,,,
Occurrence,Euproctis similis Erebidae,Habitat,,4,,mean,,both,adult,,,,,,,,,,,
PreservedSpecimen,Euproctis similis Erebidae,Wingspan,,31.3,mm,mean,,both,adult,,,,,,,,,,,
PreservedSpecimen,Euxoa segnilis Noctuidae,Status,,Lost,,mean,,both,adult,,,,,,,,,,,
HumanObservation,Euxoa segnilis Noctuidae,Classification of the degree of specialization Total,,7,score,mean,,both,adult,,,,,,,,,,,
HumanObservation,Euxoa segnilis Noctuidae,Food,,4,,mean,,both,adult,,,,,,,,,,,
Occurrence,Euxoa segnilis Noctuidae,North,"Geographical distance calculation (e.g., using GIS)",2,,mean,,both,adult,,,,,,,,,,,
Occurrence,Euxoa segnilis Noctuidae,Habitat,,1,,mean,,both,adult,,,,,,,,,,,
PreservedSpecimen,Euxoa segnilis Noctuidae,Wingspan,,32.5,mm,mean,,both,adult,,,,,,,,,,,
PreservedSpecimen,Euxoa temera Noctuidae,Status,,Lost,,mean,,both,adult,,,,,,,,,,,
HumanObservation,Euxoa temera Noctuidae,Classification of the degree of specialization Total,,5,score,mean,,both,adult,,,,,,,,,,,
HumanObservation,Euxoa temera Noctuidae,Food,,2,,mean,,both,adult,,,,,,,,,,,
Occurrence,Euxoa temera Noctuidae,North,"Geographical distance calculation (e.g., using GIS)",2,,mean,,both,adult,,,,,,,,,,,
Occurrence,Euxoa temera Noctuidae,Habitat,,1,,mean,,both,adult,,,,,,,,,,,
PreservedSpecimen,Euxoa temera Noctuidae,Wingspan,,37.95,mm,mean,,both,adult,,,,,,,,,,,
PreservedSpecimen,Furcula bifida Notodontidae,Status,,Persistent,,mean,,both,adult,,,,,,,,,,,
HumanObservation,Furcula bifida Notodontidae,Classification of the degree of specialization Total,,9,score,mean,,both,adult,,,,,,,,,,,
HumanObservation,Furcula bifida Notodontidae,Food,,2,,mean,,both,adult,,,,,,,,,,,
Occurrence,Furcula bifida Notodontidae,North,"Geographical distance calculation (e.g., using GIS)",4,,mean,,both,adult,,,,,,,,,,,
Occurrence,Furcula bifida Notodontidae,Habitat,,3,,mean,,both,adult,,,,,,,,,,,
PreservedSpecimen,Furcula bifida Notodontidae,Wingspan,,39.69,mm,mean,,both,adult,,,,,,,,,,,
PreservedSpecimen,Furcula Notodontidae,Status,,Persistent,,mean,,both,adult,,,,,,,,,,,
HumanObservation,Furcula Notodontidae,Classification of the degree of specialization Total,,10,score,mean,,both,adult,,,,,,,,,,,
HumanObservation,Furcula Notodontidae,Food,,3,,mean,,both,adult,,,,,,,,,,,
Occurrence,Furcula Notodontidae,North,"Geographical distance calculation (e.g., using GIS)",4,,mean,,both,adult,,,,,,,,,,,
Occurrence,Furcula Notodontidae,Habitat,,3,,mean,,both,adult,,,,,,,,,,,
PreservedSpecimen,Furcula Notodontidae,Wingspan,,30.74,mm,mean,,both,adult,,,,,,,,,,,
PreservedSpecimen,Gastropacha quercifolia Lasiocampidae,Status,,Persistent,,mean,,both,adult,,,,,,,,,,,
HumanObservation,Gastropacha quercifolia Lasiocampidae,Classification of the degree of specialization Total,,10,score,mean,,both,adult,,,,,,,,,,,
HumanObservation,Gastropacha quercifolia Lasiocampidae,Food,,3,,mean,,both,adult,,,,,,,,,,,
Occurrence,Gastropacha quercifolia Lasiocampidae,North,"Geographical distance calculation (e.g., using GIS)",4,,mean,,both,adult,,,,,,,,,,,
Occurrence,Gastropacha quercifolia Lasiocampidae,Habitat,,3,,mean,,both,adult,,,,,,,,,,,
PreservedSpecimen,Gastropacha quercifolia Lasiocampidae,Wingspan,,67.08,mm,mean,,both,adult,,,,,,,,,,,
PreservedSpecimen,Globia algae Noctuidae,Status,,Lost,,mean,,both,adult,,,,,,,,,,,
HumanObservation,Globia algae Noctuidae,Classification of the degree of specialization Total,,7,score,mean,,both,adult,,,,,,,,,,,
HumanObservation,Globia algae Noctuidae,Food,,2,,mean,,both,adult,,,,,,,,,,,
Occurrence,Globia algae Noctuidae,North,"Geographical distance calculation (e.g., using GIS)",4,,mean,,both,adult,,,,,,,,,,,
Occurrence,Globia algae Noctuidae,Habitat,,1,,mean,,both,adult,,,,,,,,,,,
PreservedSpecimen,Globia algae Noctuidae,Wingspan,,37.95,mm,mean,,both,adult,,,,,,,,,,,
PreservedSpecimen,Globia sparganii Noctuidae,Status,,Lost,,mean,,both,adult,,,,,,,,,,,
HumanObservation,Globia sparganii Noctuidae,Classification of the degree of specialization Total,,6,score,mean,,both,adult,,,,,,,,,,,
HumanObservation,Globia sparganii Noctuidae,Food,,1,,mean,,both,adult,,,,,,,,,,,
Occurrence,Globia sparganii Noctuidae,North,"Geographical distance calculation (e.g., using GIS)",4,,mean,,both,adult,,,,,,,,,,,
Occurrence,Globia sparganii Noctuidae,Habitat,,1,,mean,,both,adult,,,,,,,,,,,
PreservedSpecimen,Globia sparganii Noctuidae,Wingspan,,35.78,mm,mean,,both,adult,,,,,,,,,,,
PreservedSpecimen,Gymnoscelis rufifasciata Geometridae,Status,,Persistent,,mean,,both,adult,,,,,,,,,,,
HumanObservation,Gymnoscelis rufifasciata Geometridae,Classification of the degree of specialization Total,,12,score,mean,,both,adult,,,,,,,,,,,
HumanObservation,Gymnoscelis rufifasciata Geometridae,Food,,4,,mean,,both,adult,,,,,,,,,,,
Occurrence,Gymnoscelis rufifasciata Geometridae,North,"Geographical distance calculation (e.g., using GIS)",4,,mean,,both,adult,,,,,,,,,,,
Occurrence,Gymnoscelis rufifasciata Geometridae,Habitat,,4,,mean,,both,adult,,,,,,,,,,,
PreservedSpecimen,Gymnoscelis rufifasciata Geometridae,Wingspan,,16.88,mm,mean,,both,adult,,,,,,,,,,,
PreservedSpecimen,Habrosyne pyritoides Drepanidae,Status,,Persistent,,mean,,both,adult,,,,,,,,,,,
HumanObservation,Habrosyne pyritoides Drepanidae,Classification of the degree of specialization Total,,8,score,mean,,both,adult,,,,,,,,,,,
HumanObservation,Habrosyne pyritoides Drepanidae,Food,,1,,mean,,both,adult,,,,,,,,,,,
Occurrence,Habrosyne pyritoides Drepanidae,North,"Geographical distance calculation (e.g., using GIS)",4,,mean,,both,adult,,,,,,,,,,,
Occurrence,Habrosyne pyritoides Drepanidae,Habitat,,3,,mean,,both,adult,,,,,,,,,,,
PreservedSpecimen,Habrosyne pyritoides Drepanidae,Wingspan,,37.42,mm,mean,,both,adult,,,,,,,,,,,
PreservedSpecimen,Hadena bicruris Noctuidae,Status,,Lost,,mean,,both,adult,,,,,,,,,,,
HumanObservation,Hadena bicruris Noctuidae,Classification of the degree of specialization Total,,10,score,mean,,both,adult,,,,,,,,,,,
HumanObservation,Hadena bicruris Noctuidae,Food,,2,,mean,,both,adult,,,,,,,,,,,
Occurrence,Hadena bicruris Noctuidae,North,"Geographical distance calculation (e.g., using GIS)",4,,mean,,both,adult,,,,,,,,,,,
Occurrence,Hadena bicruris Noctuidae,Habitat,,4,,mean,,both,adult,,,,,,,,,,,
PreservedSpecimen,Hadena bicruris Noctuidae,Wingspan,,34.64,mm,mean,,both,adult,,,,,,,,,,,
PreservedSpecimen,Hadena perplexa Noctuidae,Status,,Persistent,,mean,,both,adult,,,,,,,,,,,
HumanObservation,Hadena perplexa Noctuidae,Classification of the degree of specialization Total,,8,score,mean,,both,adult,,,,,,,,,,,
HumanObservation,Hadena perplexa Noctuidae,Food,,1,,mean,,both,adult,,,,,,,,,,,
Occurrence,Hadena perplexa Noctuidae,North,"Geographical distance calculation (e.g., using GIS)",4,,mean,,both,adult,,,,,,,,,,,
Occurrence,Hadena perplexa Noctuidae,Habitat,,3,,mean,,both,adult,,,,,,,,,,,
PreservedSpecimen,Hadena perplexa Noctuidae,Wingspan,,31.18,mm,mean,,both,adult,,,,,,,,,,,
PreservedSpecimen,Harpyia milhauseri Notodontidae,Status,,Previously unrecorded,,mean,,both,adult,,,,,,,,,,,
HumanObservation,Harpyia milhauseri Notodontidae,Classification of the degree of specialization Total,,7,score,mean,,both,adult,,,,,,,,,,,
HumanObservation,Harpyia milhauseri Notodontidae,Food,,2,,mean,,both,adult,,,,,,,,,,,
Occurrence,Harpyia milhauseri Notodontidae,North,"Geographical distance calculation (e.g., using GIS)",4,,mean,,both,adult,,,,,,,,,,,
Occurrence,Harpyia milhauseri Notodontidae,Habitat,,1,,mean,,both,adult,,,,,,,,,,,
PreservedSpecimen,Harpyia milhauseri Notodontidae,Wingspan,,54.77,mm,mean,,both,adult,,,,,,,,,,,
PreservedSpecimen,Hecatera bicolorata Noctuidae,Status,,Lost,,mean,,both,adult,,,,,,,,,,,
HumanObservation,Hecatera bicolorata Noctuidae,Classification of the degree of specialization Total,,10,score,mean,,both,adult,,,,,,,,,,,
HumanObservation,Hecatera bicolorata Noctuidae,Food,,2,,mean,,both,adult,,,,,,,,,,,
Occurrence,Hecatera bicolorata Noctuidae,North,"Geographical distance calculation (e.g., using GIS)",4,,mean,,both,adult,,,,,,,,,,,
Occurrence,Hecatera bicolorata Noctuidae,Habitat,,4,,mean,,both,adult,,,,,,,,,,,
PreservedSpecimen,Hecatera bicolorata Noctuidae,Wingspan,,31.3,mm,mean,,both,adult,,,,,,,,,,,
PreservedSpecimen,Hecatera dysodea Noctuidae,Status,,Lost,,mean,,both,adult,,,,,,,,,,,
HumanObservation,Hecatera dysodea Noctuidae,Classification of the degree of specialization Total,,10,score,mean,,both,adult,,,,,,,,,,,
HumanObservation,Hecatera dysodea Noctuidae,Food,,2,,mean,,both,adult,,,,,,,,,,,
Occurrence,Hecatera dysodea Noctuidae,North,"Geographical distance calculation (e.g., using GIS)",4,,mean,,both,adult,,,,,,,,,,,
Occurrence,Hecatera dysodea Noctuidae,Habitat,,4,,mean,,both,adult,,,,,,,,,,,
PreservedSpecimen,Hecatera dysodea Noctuidae,Wingspan,,32.98,mm,mean,,both,adult,,,,,,,,,,,
PreservedSpecimen,Helotropha leucostigma Noctuidae,Status,,Persistent,,mean,,both,adult,,,,,,,,,,,
HumanObservation,Helotropha leucostigma Noctuidae,Classification of the degree of specialization Total,,8,score,mean,,both,adult,,,,,,,,,,,
HumanObservation,Helotropha leucostigma Noctuidae,Food,,3,,mean,,both,adult,,,,,,,,,,,
Occurrence,Helotropha leucostigma Noctuidae,North,"Geographical distance calculation (e.g., using GIS)",4,,mean,,both,adult,,,,,,,,,,,
Occurrence,Helotropha leucostigma Noctuidae,Habitat,,1,,mean,,both,adult,,,,,,,,,,,
PreservedSpecimen,Helotropha leucostigma Noctuidae,Wingspan,,40.35,mm,mean,,both,adult,,,,,,,,,,,
PreservedSpecimen,Hemistola chrysoprasaria Geometridae,Status,,Persistent,,mean,,both,adult,,,,,,,,,,,
HumanObservation,Hemistola chrysoprasaria Geometridae,Classification of the degree of specialization Total,,9,score,mean,,both,adult,,,,,,,,,,,
HumanObservation,Hemistola chrysoprasaria Geometridae,Food,,1,,mean,,both,adult,,,,,,,,,,,
Occurrence,Hemistola chrysoprasaria Geometridae,North,"Geographical distance calculation (e.g., using GIS)",4,,mean,,both,adult,,,,,,,,,,,
Occurrence,Hemistola chrysoprasaria Geometridae,Habitat,,4,,mean,,both,adult,,,,,,,,,,,
PreservedSpecimen,Hemistola chrysoprasaria Geometridae,Wingspan,,29.93,mm,mean,,both,adult,,,,,,,,,,,
PreservedSpecimen,Hemithea aestivaria Geometridae,Status,,Previously unrecorded,,mean,,both,adult,,,,,,,,,,,
HumanObservation,Hemithea aestivaria Geometridae,Classification of the degree of specialization Total,,12,score,mean,,both,adult,,,,,,,,,,,
HumanObservation,Hemithea aestivaria Geometridae,Food,,4,,mean,,both,adult,,,,,,,,,,,
Occurrence,Hemithea aestivaria Geometridae,North,"Geographical distance calculation (e.g., using GIS)",4,,mean,,both,adult,,,,,,,,,,,
Occurrence,Hemithea aestivaria Geometridae,Habitat,,4,,mean,,both,adult,,,,,,,,,,,
PreservedSpecimen,Hemithea aestivaria Geometridae,Wingspan,,25.46,mm,mean,,both,adult,,,,,,,,,,,
PreservedSpecimen,Herminia grisealis Erebidae,Status,,Persistent,,mean,,both,adult,,,,,,,,,,,
HumanObservation,Herminia grisealis Erebidae,Classification of the degree of specialization Total,,10,score,mean,,both,adult,,,,,,,,,,,
HumanObservation,Herminia grisealis Erebidae,Food,,3,,mean,,both,adult,,,,,,,,,,,
Occurrence,Herminia grisealis Erebidae,North,"Geographical distance calculation (e.g., using GIS)",4,,mean,,both,adult,,,,,,,,,,,
Occurrence,Herminia grisealis Erebidae,Habitat,,3,,mean,,both,adult,,,,,,,,,,,
PreservedSpecimen,Herminia grisealis Erebidae,Wingspan,,25.92,mm,mean,,both,adult,,,,,,,,,,,
PreservedSpecimen,Herminia tarsicrinalis Erebidae,Status,,Persistent,,mean,,both,adult,,,,,,,,,,,
HumanObservation,Herminia tarsicrinalis Erebidae,Classification of the degree of specialization Total,,11,score,mean,,both,adult,,,,,,,,,,,
HumanObservation,Herminia tarsicrinalis Erebidae,Food,,3,,mean,,both,adult,,,,,,,,,,,
Occurrence,Herminia tarsicrinalis Erebidae,North,"Geographical distance calculation (e.g., using GIS)",4,,mean,,both,adult,,,,,,,,,,,
Occurrence,Herminia tarsicrinalis Erebidae,Habitat,,4,,mean,,both,adult,,,,,,,,,,,
PreservedSpecimen,Herminia tarsicrinalis Erebidae,Wingspan,,29.93,mm,mean,,both,adult,,,,,,,,,,,
PreservedSpecimen,Herminia tarsipennalis Erebidae,Status,,Persistent,,mean,,both,adult,,,,,,,,,,,
HumanObservation,Herminia tarsipennalis Erebidae,Classification of the degree of specialization Total,,10,score,mean,,both,adult,,,,,,,,,,,
HumanObservation,Herminia tarsipennalis Erebidae,Food,,3,,mean,,both,adult,,,,,,,,,,,
Occurrence,Herminia tarsipennalis Erebidae,North,"Geographical distance calculation (e.g., using GIS)",4,,mean,,both,adult,,,,,,,,,,,
Occurrence,Herminia tarsipennalis Erebidae,Habitat,,3,,mean,,both,adult,,,,,,,,,,,
PreservedSpecimen,Herminia tarsipennalis Erebidae,Wingspan,,32.4,mm,mean,,both,adult,,,,,,,,,,,
PreservedSpecimen,Herminia tenuialis Erebidae,Status,,Lost,,mean,,both,adult,,,,,,,,,,,
HumanObservation,Herminia tenuialis Erebidae,Classification of the degree of specialization Total,,8,score,mean,,both,adult,,,,,,,,,,,
HumanObservation,Herminia tenuialis Erebidae,Food,,4,,mean,,both,adult,,,,,,,,,,,
Occurrence,Herminia tenuialis Erebidae,North,"Geographical distance calculation (e.g., using GIS)",2,,mean,,both,adult,,,,,,,,,,,
Occurrence,Herminia tenuialis Erebidae,Habitat,,2,,mean,,both,adult,,,,,,,,,,,
PreservedSpecimen,Herminia tenuialis Erebidae,Wingspan,,22.49,mm,mean,,both,adult,,,,,,,,,,,
PreservedSpecimen,Heterogenea asella Limacodidae,Status,,Persistent,,mean,,both,adult,,,,,,,,,,,
HumanObservation,Heterogenea asella Limacodidae,Classification of the degree of specialization Total,,10,score,mean,,both,adult,,,,,,,,,,,
HumanObservation,Heterogenea asella Limacodidae,Food,,3,,mean,,both,adult,,,,,,,,,,,
Occurrence,Heterogenea asella Limacodidae,North,"Geographical distance calculation (e.g., using GIS)",4,,mean,,both,adult,,,,,,,,,,,
Occurrence,Heterogenea asella Limacodidae,Habitat,,3,,mean,,both,adult,,,,,,,,,,,
PreservedSpecimen,Heterogenea asella Limacodidae,Wingspan,,17.32,mm,mean,,both,adult,,,,,,,,,,,
PreservedSpecimen,Hoplodrina ambigua Noctuidae,Status,,Persistent,,mean,,both,adult,,,,,,,,,,,
HumanObservation,Hoplodrina ambigua Noctuidae,Classification of the degree of specialization Total,,9,score,mean,,both,adult,,,,,,,,,,,
HumanObservation,Hoplodrina ambigua Noctuidae,Food,,1,,mean,,both,adult,,,,,,,,,,,
Occurrence,Hoplodrina ambigua Noctuidae,North,"Geographical distance calculation (e.g., using GIS)",4,,mean,,both,adult,,,,,,,,,,,
Occurrence,Hoplodrina ambigua Noctuidae,Habitat,,4,,mean,,both,adult,,,,,,,,,,,
PreservedSpecimen,Hoplodrina ambigua Noctuidae,Wingspan,,32.98,mm,mean,,both,adult,,,,,,,,,,,
PreservedSpecimen,Hoplodrina blanda Noctuidae,Status,,Lost,,mean,,both,adult,,,,,,,,,,,
HumanObservation,Hoplodrina blanda Noctuidae,Classification of the degree of specialization Total,,11,score,mean,,both,adult,,,,,,,,,,,
HumanObservation,Hoplodrina blanda Noctuidae,Food,,3,,mean,,both,adult,,,,,,,,,,,
Occurrence,Hoplodrina blanda Noctuidae,North,"Geographical distance calculation (e.g., using GIS)",4,,mean,,both,adult,,,,,,,,,,,
Occurrence,Hoplodrina blanda Noctuidae,Habitat,,4,,mean,,both,adult,,,,,,,,,,,
PreservedSpecimen,Hoplodrina blanda Noctuidae,Wingspan,,32.94,mm,mean,,both,adult,,,,,,,,,,,
PreservedSpecimen,Horisme radicaria Geometridae,Status,,Previously unrecorded,,mean,,both,adult,,,,,,,,,,,
HumanObservation,Horisme radicaria Geometridae,Classification of the degree of specialization Total,,7,score,mean,,both,adult,,,,,,,,,,,
HumanObservation,Horisme radicaria Geometridae,Food,,1,,mean,,both,adult,,,,,,,,,,,
Occurrence,Horisme radicaria Geometridae,North,"Geographical distance calculation (e.g., using GIS)",3,,mean,,both,adult,,,,,,,,,,,
Occurrence,Horisme radicaria Geometridae,Habitat,,3,,mean,,both,adult,,,,,,,,,,,
PreservedSpecimen,Horisme radicaria Geometridae,Wingspan,,26.27,mm,mean,,both,adult,,,,,,,,,,,
PreservedSpecimen,Horisme vitalbata Geometridae,Status,,Persistent,,mean,,both,adult,,,,,,,,,,,
HumanObservation,Horisme vitalbata Geometridae,Classification of the degree of specialization Total,,8,score,mean,,both,adult,,,,,,,,,,,
HumanObservation,Horisme vitalbata Geometridae,Food,,1,,mean,,both,adult,,,,,,,,,,,
Occurrence,Horisme vitalbata Geometridae,North,"Geographical distance calculation (e.g., using GIS)",4,,mean,,both,adult,,,,,,,,,,,
Occurrence,Horisme vitalbata Geometridae,Habitat,,3,,mean,,both,adult,,,,,,,,,,,
PreservedSpecimen,Horisme vitalbata Geometridae,Wingspan,,32.4,mm,mean,,both,adult,,,,,,,,,,,
PreservedSpecimen,Hypena proboscidalis Erebidae,Status,,Previously unrecorded,,mean,,both,adult,,,,,,,,,,,
HumanObservation,Hypena proboscidalis Erebidae,Classification of the degree of specialization Total,,8,score,mean,,both,adult,,,,,,,,,,,
HumanObservation,Hypena proboscidalis Erebidae,Food,,1,,mean,,both,adult,,,,,,,,,,,
Occurrence,Hypena proboscidalis Erebidae,North,"Geographical distance calculation (e.g., using GIS)",4,,mean,,both,adult,,,,,,,,,,,
Occurrence,Hypena proboscidalis Erebidae,Habitat,,3,,mean,,both,adult,,,,,,,,,,,
PreservedSpecimen,Hypena proboscidalis Erebidae,Wingspan,,30.82,mm,mean,,both,adult,,,,,,,,,,,
PreservedSpecimen,Hyphantria cunea Erebidae,Status,,Previously unrecorded,,mean,,both,adult,,,,,,,,,,,
HumanObservation,Hyphantria cunea Erebidae,Classification of the degree of specialization Total,,11,score,mean,,both,adult,,,,,,,,,,,
HumanObservation,Hyphantria cunea Erebidae,Food,,4,,mean,,both,adult,,,,,,,,,,,
Occurrence,Hyphantria cunea Erebidae,North,"Geographical distance calculation (e.g., using GIS)",3,,mean,,both,adult,,,,,,,,,,,
Occurrence,Hyphantria cunea Erebidae,Habitat,,4,,mean,,both,adult,,,,,,,,,,,
PreservedSpecimen,Hyphantria cunea Erebidae,Wingspan,,31.3,mm,mean,,both,adult,,,,,,,,,,,
PreservedSpecimen,Hypomecis punctinalis Geometridae,Status,,Persistent,,mean,,both,adult,,,,,,,,,,,
HumanObservation,Hypomecis punctinalis Geometridae,Classification of the degree of specialization Total,,12,score,mean,,both,adult,,,,,,,,,,,
HumanObservation,Hypomecis punctinalis Geometridae,Food,,4,,mean,,both,adult,,,,,,,,,,,
Occurrence,Hypomecis punctinalis Geometridae,North,"Geographical distance calculation (e.g., using GIS)",4,,mean,,both,adult,,,,,,,,,,,
Occurrence,Hypomecis punctinalis Geometridae,Habitat,,4,,mean,,both,adult,,,,,,,,,,,
PreservedSpecimen,Hypomecis punctinalis Geometridae,Wingspan,,50.3,mm,mean,,both,adult,,,,,,,,,,,
PreservedSpecimen,Idaea aversata Geometridae,Status,,Persistent,,mean,,both,adult,,,,,,,,,,,
HumanObservation,Idaea aversata Geometridae,Classification of the degree of specialization Total,,12,score,mean,,both,adult,,,,,,,,,,,
HumanObservation,Idaea aversata Geometridae,Food,,4,,mean,,both,adult,,,,,,,,,,,
Occurrence,Idaea aversata Geometridae,North,"Geographical distance calculation (e.g., using GIS)",4,,mean,,both,adult,,,,,,,,,,,
Occurrence,Idaea aversata Geometridae,Habitat,,4,,mean,,both,adult,,,,,,,,,,,
PreservedSpecimen,Idaea aversata Geometridae,Wingspan,,26.27,mm,mean,,both,adult,,,,,,,,,,,
PreservedSpecimen,Idaea degeneraria Geometridae,Status,,Persistent,,mean,,both,adult,,,,,,,,,,,
HumanObservation,Idaea degeneraria Geometridae,Classification of the degree of specialization Total,,11,score,mean,,both,adult,,,,,,,,,,,
HumanObservation,Idaea degeneraria Geometridae,Food,,3,,mean,,both,adult,,,,,,,,,,,
Occurrence,Idaea degeneraria Geometridae,North,"Geographical distance calculation (e.g., using GIS)",4,,mean,,both,adult,,,,,,,,,,,
Occurrence,Idaea degeneraria Geometridae,Habitat,,4,,mean,,both,adult,,,,,,,,,,,
PreservedSpecimen,Idaea degeneraria Geometridae,Wingspan,,28.39,mm,mean,,both,adult,,,,,,,,,,,
PreservedSpecimen,Idaea dimidiata Geometridae,Status,,Persistent,,mean,,both,adult,,,,,,,,,,,
HumanObservation,Idaea dimidiata Geometridae,Classification of the degree of specialization Total,,11,score,mean,,both,adult,,,,,,,,,,,
HumanObservation,Idaea dimidiata Geometridae,Food,,3,,mean,,both,adult,,,,,,,,,,,
Occurrence,Idaea dimidiata Geometridae,North,"Geographical distance calculation (e.g., using GIS)",4,,mean,,both,adult,,,,,,,,,,,
Occurrence,Idaea dimidiata Geometridae,Habitat,,4,,mean,,both,adult,,,,,,,,,,,
PreservedSpecimen,Idaea dimidiata Geometridae,Wingspan,,15.3,mm,mean,,both,adult,,,,,,,,,,,
PreservedSpecimen,Idaea filicata Geometridae,Status,,Previously unrecorded,,mean,,both,adult,,,,,,,,,,,
HumanObservation,Idaea filicata Geometridae,Classification of the degree of specialization Total,,5,score,mean,,both,adult,,,,,,,,,,,
HumanObservation,Idaea filicata Geometridae,Food,,3,,mean,,both,adult,,,,,,,,,,,
Occurrence,Idaea filicata Geometridae,North,"Geographical distance calculation (e.g., using GIS)",1,,mean,,both,adult,,,,,,,,,,,
Occurrence,Idaea filicata Geometridae,Habitat,,1,,mean,,both,adult,,,,,,,,,,,
PreservedSpecimen,Idaea filicata Geometridae,Wingspan,,15.3,mm,mean,,both,adult,,,,,,,,,,,
PreservedSpecimen,Idaea muricata Geometridae,Status,,Persistent,,mean,,both,adult,,,,,,,,,,,
HumanObservation,Idaea muricata Geometridae,Classification of the degree of specialization Total,,11,score,mean,,both,adult,,,,,,,,,,,
HumanObservation,Idaea muricata Geometridae,Food,,4,,mean,,both,adult,,,,,,,,,,,
Occurrence,Idaea muricata Geometridae,North,"Geographical distance calculation (e.g., using GIS)",4,,mean,,both,adult,,,,,,,,,,,
Occurrence,Idaea muricata Geometridae,Habitat,,3,,mean,,both,adult,,,,,,,,,,,
PreservedSpecimen,Idaea muricata Geometridae,Wingspan,,18.97,mm,mean,,both,adult,,,,,,,,,,,
PreservedSpecimen,Idaea pallidata Geometridae,Status,,Previously unrecorded,,mean,,both,adult,,,,,,,,,,,
HumanObservation,Idaea pallidata Geometridae,Classification of the degree of specialization Total,,9,score,mean,,both,adult,,,,,,,,,,,
HumanObservation,Idaea pallidata Geometridae,Food,,3,,mean,,both,adult,,,,,,,,,,,
Occurrence,Idaea pallidata Geometridae,North,"Geographical distance calculation (e.g., using GIS)",4,,mean,,both,adult,,,,,,,,,,,
Occurrence,Idaea pallidata Geometridae,Habitat,,2,,mean,,both,adult,,,,,,,,,,,
PreservedSpecimen,Idaea pallidata Geometridae,Wingspan,,18.44,mm,mean,,both,adult,,,,,,,,,,,
PreservedSpecimen,Idaea rubraria Geometridae,Status,,Previously unrecorded,,mean,,both,adult,,,,,,,,,,,
HumanObservation,Idaea rubraria Geometridae,Classification of the degree of specialization Total,,9,score,mean,,both,adult,,,,,,,,,,,
HumanObservation,Idaea rubraria Geometridae,Food,,3,,mean,,both,adult,,,,,,,,,,,
Occurrence,Idaea rubraria Geometridae,North,"Geographical distance calculation (e.g., using GIS)",3,,mean,,both,adult,,,,,,,,,,,
Occurrence,Idaea rubraria Geometridae,Habitat,,3,,mean,,both,adult,,,,,,,,,,,
PreservedSpecimen,Idaea rubraria Geometridae,Wingspan,,22.98,mm,mean,,both,adult,,,,,,,,,,,
PreservedSpecimen,Idaea rusticata Geometridae,Status,,Previously unrecorded,,mean,,both,adult,,,,,,,,,,,
HumanObservation,Idaea rusticata Geometridae,Classification of the degree of specialization Total,,10,score,mean,,both,adult,,,,,,,,,,,
HumanObservation,Idaea rusticata Geometridae,Food,,4,,mean,,both,adult,,,,,,,,,,,
Occurrence,Idaea rusticata Geometridae,North,"Geographical distance calculation (e.g., using GIS)",4,,mean,,both,adult,,,,,,,,,,,
Occurrence,Idaea rusticata Geometridae,Habitat,,2,,mean,,both,adult,,,,,,,,,,,
PreservedSpecimen,Idaea rusticata Geometridae,Wingspan,,19.97,mm,mean,,both,adult,,,,,,,,,,,
PreservedSpecimen,Idaea seriata Geometridae,Status,,Persistent,,mean,,both,adult,,,,,,,,,,,
HumanObservation,Idaea seriata Geometridae,Classification of the degree of specialization Total,,12,score,mean,,both,adult,,,,,,,,,,,
HumanObservation,Idaea seriata Geometridae,Food,,4,,mean,,both,adult,,,,,,,,,,,
Occurrence,Idaea seriata Geometridae,North,"Geographical distance calculation (e.g., using GIS)",4,,mean,,both,adult,,,,,,,,,,,
Occurrence,Idaea seriata Geometridae,Habitat,,4,,mean,,both,adult,,,,,,,,,,,
PreservedSpecimen,Idaea seriata Geometridae,Wingspan,,19.97,mm,mean,,both,adult,,,,,,,,,,,
PreservedSpecimen,Idaea straminata Geometridae,Status,,Persistent,,mean,,both,adult,,,,,,,,,,,
HumanObservation,Idaea straminata Geometridae,Classification of the degree of specialization Total,,11,score,mean,,both,adult,,,,,,,,,,,
HumanObservation,Idaea straminata Geometridae,Food,,3,,mean,,both,adult,,,,,,,,,,,
Occurrence,Idaea straminata Geometridae,North,"Geographical distance calculation (e.g., using GIS)",4,,mean,,both,adult,,,,,,,,,,,
Occurrence,Idaea straminata Geometridae,Habitat,,4,,mean,,both,adult,,,,,,,,,,,
PreservedSpecimen,Idaea straminata Geometridae,Wingspan,,30.4,mm,mean,,both,adult,,,,,,,,,,,
PreservedSpecimen,Idaea subsericeata Geometridae,Status,,Persistent,,mean,,both,adult,,,,,,,,,,,
HumanObservation,Idaea subsericeata Geometridae,Classification of the degree of specialization Total,,10,score,mean,,both,adult,,,,,,,,,,,
HumanObservation,Idaea subsericeata Geometridae,Food,,4,,mean,,both,adult,,,,,,,,,,,
Occurrence,Idaea subsericeata Geometridae,North,"Geographical distance calculation (e.g., using GIS)",4,,mean,,both,adult,,,,,,,,,,,
Occurrence,Idaea subsericeata Geometridae,Habitat,,2,,mean,,both,adult,,,,,,,,,,,
PreservedSpecimen,Idaea subsericeata Geometridae,Wingspan,,23.45,mm,mean,,both,adult,,,,,,,,,,,
PreservedSpecimen,Idia calvaria Erebidae,Status,,Lost,,mean,,both,adult,,,,,,,,,,,
HumanObservation,Idia calvaria Erebidae,Classification of the degree of specialization Total,,9,score,mean,,both,adult,,,,,,,,,,,
HumanObservation,Idia calvaria Erebidae,Food,,3,,mean,,both,adult,,,,,,,,,,,
Occurrence,Idia calvaria Erebidae,North,"Geographical distance calculation (e.g., using GIS)",2,,mean,,both,adult,,,,,,,,,,,
Occurrence,Idia calvaria Erebidae,Habitat,,4,,mean,,both,adult,,,,,,,,,,,
PreservedSpecimen,Idia calvaria Erebidae,Wingspan,,28.98,mm,mean,,both,adult,,,,,,,,,,,
PreservedSpecimen,Ipimorpha retusa Noctuidae,Status,,Previously unrecorded,,mean,,both,adult,,,,,,,,,,,
HumanObservation,Ipimorpha retusa Noctuidae,Classification of the degree of specialization Total,,10,score,mean,,both,adult,,,,,,,,,,,
HumanObservation,Ipimorpha retusa Noctuidae,Food,,2,,mean,,both,adult,,,,,,,,,,,
Occurrence,Ipimorpha retusa Noctuidae,North,"Geographical distance calculation (e.g., using GIS)",4,,mean,,both,adult,,,,,,,,,,,
Occurrence,Ipimorpha retusa Noctuidae,Habitat,,4,,mean,,both,adult,,,,,,,,,,,
PreservedSpecimen,Ipimorpha retusa Noctuidae,Wingspan,,28.84,mm,mean,,both,adult,,,,,,,,,,,
PreservedSpecimen,Ipimorpha subtusa Noctuidae,Status,,Previously unrecorded,,mean,,both,adult,,,,,,,,,,,
HumanObservation,Ipimorpha subtusa Noctuidae,Classification of the degree of specialization Total,,10,score,mean,,both,adult,,,,,,,,,,,
HumanObservation,Ipimorpha subtusa Noctuidae,Food,,2,,mean,,both,adult,,,,,,,,,,,
Occurrence,Ipimorpha subtusa Noctuidae,North,"Geographical distance calculation (e.g., using GIS)",4,,mean,,both,adult,,,,,,,,,,,
Occurrence,Ipimorpha subtusa Noctuidae,Habitat,,4,,mean,,both,adult,,,,,,,,,,,
PreservedSpecimen,Ipimorpha subtusa Noctuidae,Wingspan,,28.46,mm,mean,,both,adult,,,,,,,,,,,
PreservedSpecimen,Lacanobia blenna Noctuidae,Status,,Persistent,,mean,,both,adult,,,,,,,,,,,
HumanObservation,Lacanobia blenna Noctuidae,Classification of the degree of specialization Total,,6,score,mean,,both,adult,,,,,,,,,,,
HumanObservation,Lacanobia blenna Noctuidae,Food,,2,,mean,,both,adult,,,,,,,,,,,
Occurrence,Lacanobia blenna Noctuidae,North,"Geographical distance calculation (e.g., using GIS)",3,,mean,,both,adult,,,,,,,,,,,
Occurrence,Lacanobia blenna Noctuidae,Habitat,,1,,mean,,both,adult,,,,,,,,,,,
PreservedSpecimen,Lacanobia blenna Noctuidae,Wingspan,,37.95,mm,mean,,both,adult,,,,,,,,,,,
PreservedSpecimen,Lacanobia oleracea Noctuidae,Status,,Persistent,,mean,,both,adult,,,,,,,,,,,
HumanObservation,Lacanobia oleracea Noctuidae,Classification of the degree of specialization Total,,12,score,mean,,both,adult,,,,,,,,,,,
HumanObservation,Lacanobia oleracea Noctuidae,Food,,4,,mean,,both,adult,,,,,,,,,,,
Occurrence,Lacanobia oleracea Noctuidae,North,"Geographical distance calculation (e.g., using GIS)",4,,mean,,both,adult,,,,,,,,,,,
Occurrence,Lacanobia oleracea Noctuidae,Habitat,,4,,mean,,both,adult,,,,,,,,,,,
PreservedSpecimen,Lacanobia oleracea Noctuidae,Wingspan,,34.41,mm,mean,,both,adult,,,,,,,,,,,
PreservedSpecimen,Lacanobia suasa Noctuidae,Status,,Persistent,,mean,,both,adult,,,,,,,,,,,
HumanObservation,Lacanobia suasa Noctuidae,Classification of the degree of specialization Total,,12,score,mean,,both,adult,,,,,,,,,,,
HumanObservation,Lacanobia suasa Noctuidae,Food,,4,,mean,,both,adult,,,,,,,,,,,
Occurrence,Lacanobia suasa Noctuidae,North,"Geographical distance calculation (e.g., using GIS)",4,,mean,,both,adult,,,,,,,,,,,
Occurrence,Lacanobia suasa Noctuidae,Habitat,,4,,mean,,both,adult,,,,,,,,,,,
PreservedSpecimen,Lacanobia suasa Noctuidae,Wingspan,,34.41,mm,mean,,both,adult,,,,,,,,,,,
PreservedSpecimen,Lacanobia w-latinum Noctuidae,Status,,Previously unrecorded,,mean,,both,adult,,,,,,,,,,,
HumanObservation,Lacanobia w-latinum Noctuidae,Classification of the degree of specialization Total,,11,score,mean,,both,adult,,,,,,,,,,,
HumanObservation,Lacanobia w-latinum Noctuidae,Food,,3,,mean,,both,adult,,,,,,,,,,,
Occurrence,Lacanobia w-latinum Noctuidae,North,"Geographical distance calculation (e.g., using GIS)",4,,mean,,both,adult,,,,,,,,,,,
Occurrence,Lacanobia w-latinum Noctuidae,Habitat,,4,,mean,,both,adult,,,,,,,,,,,
PreservedSpecimen,Lacanobia w-latinum Noctuidae,Wingspan,,39.42,mm,mean,,both,adult,,,,,,,,,,,
PreservedSpecimen,Laelia coenosa Erebidae,Status,,Persistent,,mean,,both,adult,,,,,,,,,,,
HumanObservation,Laelia coenosa Erebidae,Classification of the degree of specialization Total,,8,score,mean,,both,adult,,,,,,,,,,,
HumanObservation,Laelia coenosa Erebidae,Food,,3,,mean,,both,adult,,,,,,,,,,,
Occurrence,Laelia coenosa Erebidae,North,"Geographical distance calculation (e.g., using GIS)",4,,mean,,both,adult,,,,,,,,,,,
Occurrence,Laelia coenosa Erebidae,Habitat,,1,,mean,,both,adult,,,,,,,,,,,
PreservedSpecimen,Laelia coenosa Erebidae,Wingspan,,47.96,mm,mean,,both,adult,,,,,,,,,,,
PreservedSpecimen,Laothoe populi Sphingidae,Status,,Persistent,,mean,,both,adult,,,,,,,,,,,
HumanObservation,Laothoe populi Sphingidae,Classification of the degree of specialization Total,,10,score,mean,,both,adult,,,,,,,,,,,
HumanObservation,Laothoe populi Sphingidae,Food,,2,,mean,,both,adult,,,,,,,,,,,
Occurrence,Laothoe populi Sphingidae,North,"Geographical distance calculation (e.g., using GIS)",4,,mean,,both,adult,,,,,,,,,,,
Occurrence,Laothoe populi Sphingidae,Habitat,,4,,mean,,both,adult,,,,,,,,,,,
PreservedSpecimen,Laothoe populi Sphingidae,Wingspan,,76.49,mm,mean,,both,adult,,,,,,,,,,,
PreservedSpecimen,Laspeyria flexula Erebidae,Status,,Previously unrecorded,,mean,,both,adult,,,,,,,,,,,
HumanObservation,Laspeyria flexula Erebidae,Classification of the degree of specialization Total,,9,score,mean,,both,adult,,,,,,,,,,,
HumanObservation,Laspeyria flexula Erebidae,Food,,1,,mean,,both,adult,,,,,,,,,,,
Occurrence,Laspeyria flexula Erebidae,North,"Geographical distance calculation (e.g., using GIS)",4,,mean,,both,adult,,,,,,,,,,,
Occurrence,Laspeyria flexula Erebidae,Habitat,,4,,mean,,both,adult,,,,,,,,,,,
PreservedSpecimen,Laspeyria flexula Erebidae,Wingspan,,24.92,mm,mean,,both,adult,,,,,,,,,,,
PreservedSpecimen,Lemonia taraxaci Brahmaeidae,Status,,Lost,,mean,,both,adult,,,,,,,,,,,
HumanObservation,Lemonia taraxaci Brahmaeidae,Classification of the degree of specialization Total,,5,score,mean,,both,adult,,,,,,,,,,,
HumanObservation,Lemonia taraxaci Brahmaeidae,Food,,2,,mean,,both,adult,,,,,,,,,,,
Occurrence,Lemonia taraxaci Brahmaeidae,North,"Geographical distance calculation (e.g., using GIS)",2,,mean,,both,adult,,,,,,,,,,,
Occurrence,Lemonia taraxaci Brahmaeidae,Habitat,,1,,mean,,both,adult,,,,,,,,,,,
PreservedSpecimen,Lemonia taraxaci Brahmaeidae,Wingspan,,43.99,mm,mean,,both,adult,,,,,,,,,,,
PreservedSpecimen,Lenisa geminipuncta Noctuidae,Status,,Previously unrecorded,,mean,,both,adult,,,,,,,,,,,
HumanObservation,Lenisa geminipuncta Noctuidae,Classification of the degree of specialization Total,,6,score,mean,,both,adult,,,,,,,,,,,
HumanObservation,Lenisa geminipuncta Noctuidae,Food,,1,,mean,,both,adult,,,,,,,,,,,
Occurrence,Lenisa geminipuncta Noctuidae,North,"Geographical distance calculation (e.g., using GIS)",4,,mean,,both,adult,,,,,,,,,,,
Occurrence,Lenisa geminipuncta Noctuidae,Habitat,,1,,mean,,both,adult,,,,,,,,,,,
PreservedSpecimen,Lenisa geminipuncta Noctuidae,Wingspan,,29.39,mm,mean,,both,adult,,,,,,,,,,,
PreservedSpecimen,Leucania obsoleta Noctuidae,Status,,Persistent,,mean,,both,adult,,,,,,,,,,,
HumanObservation,Leucania obsoleta Noctuidae,Classification of the degree of specialization Total,,6,score,mean,,both,adult,,,,,,,,,,,
HumanObservation,Leucania obsoleta Noctuidae,Food,,1,,mean,,both,adult,,,,,,,,,,,
Occurrence,Leucania obsoleta Noctuidae,North,"Geographical distance calculation (e.g., using GIS)",4,,mean,,both,adult,,,,,,,,,,,
Occurrence,Leucania obsoleta Noctuidae,Habitat,,1,,mean,,both,adult,,,,,,,,,,,
PreservedSpecimen,Leucania obsoleta Noctuidae,Wingspan,,37.95,mm,mean,,both,adult,,,,,,,,,,,
PreservedSpecimen,Leucania zeae Noctuidae,Status,,Persistent,,mean,,both,adult,,,,,,,,,,,
HumanObservation,Leucania zeae Noctuidae,Classification of the degree of specialization Total,,7,score,mean,,both,adult,,,,,,,,,,,
HumanObservation,Leucania zeae Noctuidae,Food,,2,,mean,,both,adult,,,,,,,,,,,
Occurrence,Leucania zeae Noctuidae,North,"Geographical distance calculation (e.g., using GIS)",1,,mean,,both,adult,,,,,,,,,,,
Occurrence,Leucania zeae Noctuidae,Habitat,,4,,mean,,both,adult,,,,,,,,,,,
PreservedSpecimen,Leucania zeae Noctuidae,Wingspan,,35.94,mm,mean,,both,adult,,,,,,,,,,,
PreservedSpecimen,Leucoma salicis Erebidae,Status,,Lost,,mean,,both,adult,,,,,,,,,,,
HumanObservation,Leucoma salicis Erebidae,Classification of the degree of specialization Total,,10,score,mean,,both,adult,,,,,,,,,,,
HumanObservation,Leucoma salicis Erebidae,Food,,2,,mean,,both,adult,,,,,,,,,,,
Occurrence,Leucoma salicis Erebidae,North,"Geographical distance calculation (e.g., using GIS)",4,,mean,,both,adult,,,,,,,,,,,
Occurrence,Leucoma salicis Erebidae,Habitat,,4,,mean,,both,adult,,,,,,,,,,,
PreservedSpecimen,Leucoma salicis Erebidae,Wingspan,,43.01,mm,mean,,both,adult,,,,,,,,,,,
PreservedSpecimen,Ligdia adustata Geometridae,Status,,Persistent,,mean,,both,adult,,,,,,,,,,,
HumanObservation,Ligdia adustata Geometridae,Classification of the degree of specialization Total,,9,score,mean,,both,adult,,,,,,,,,,,
HumanObservation,Ligdia adustata Geometridae,Food,,1,,mean,,both,adult,,,,,,,,,,,
Occurrence,Ligdia adustata Geometridae,North,"Geographical distance calculation (e.g., using GIS)",4,,mean,,both,adult,,,,,,,,,,,
Occurrence,Ligdia adustata Geometridae,Habitat,,4,,mean,,both,adult,,,,,,,,,,,
PreservedSpecimen,Ligdia adustata Geometridae,Wingspan,,22.36,mm,mean,,both,adult,,,,,,,,,,,
PreservedSpecimen,Lithosia quadra Erebidae,Status,,Previously unrecorded,,mean,,both,adult,,,,,,,,,,,
HumanObservation,Lithosia quadra Erebidae,Classification of the degree of specialization Total,,9,score,mean,,both,adult,,,,,,,,,,,
HumanObservation,Lithosia quadra Erebidae,Food,,1,,mean,,both,adult,,,,,,,,,,,
Occurrence,Lithosia quadra Erebidae,North,"Geographical distance calculation (e.g., using GIS)",4,,mean,,both,adult,,,,,,,,,,,
Occurrence,Lithosia quadra Erebidae,Habitat,,4,,mean,,both,adult,,,,,,,,,,,
PreservedSpecimen,Lithosia quadra Erebidae,Wingspan,,43.87,mm,mean,,both,adult,,,,,,,,,,,
PreservedSpecimen,Lobophora halterata Geometridae,Status,,Previously unrecorded,,mean,,both,adult,,,,,,,,,,,
HumanObservation,Lobophora halterata Geometridae,Classification of the degree of specialization Total,,10,score,mean,,both,adult,,,,,,,,,,,
HumanObservation,Lobophora halterata Geometridae,Food,,2,,mean,,both,adult,,,,,,,,,,,
Occurrence,Lobophora halterata Geometridae,North,"Geographical distance calculation (e.g., using GIS)",4,,mean,,both,adult,,,,,,,,,,,
Occurrence,Lobophora halterata Geometridae,Habitat,,4,,mean,,both,adult,,,,,,,,,,,
PreservedSpecimen,Lobophora halterata Geometridae,Wingspan,,22.36,mm,mean,,both,adult,,,,,,,,,,,
PreservedSpecimen,Lomaspilis marginata Geometridae,Status,,Previously unrecorded,,mean,,both,adult,,,,,,,,,,,
HumanObservation,Lomaspilis marginata Geometridae,Classification of the degree of specialization Total,,10,score,mean,,both,adult,,,,,,,,,,,
HumanObservation,Lomaspilis marginata Geometridae,Food,,3,,mean,,both,adult,,,,,,,,,,,
Occurrence,Lomaspilis marginata Geometridae,North,"Geographical distance calculation (e.g., using GIS)",4,,mean,,both,adult,,,,,,,,,,,
Occurrence,Lomaspilis marginata Geometridae,Habitat,,3,,mean,,both,adult,,,,,,,,,,,
PreservedSpecimen,Lomaspilis marginata Geometridae,Wingspan,,33.76,mm,mean,,both,adult,,,,,,,,,,,
PreservedSpecimen,Lomographa bimaculata Geometridae,Status,,Previously unrecorded,,mean,,both,adult,,,,,,,,,,,
HumanObservation,Lomographa bimaculata Geometridae,Classification of the degree of specialization Total,,11,score,mean,,both,adult,,,,,,,,,,,
HumanObservation,Lomographa bimaculata Geometridae,Food,,3,,mean,,both,adult,,,,,,,,,,,
Occurrence,Lomographa bimaculata Geometridae,North,"Geographical distance calculation (e.g., using GIS)",4,,mean,,both,adult,,,,,,,,,,,
Occurrence,Lomographa bimaculata Geometridae,Habitat,,4,,mean,,both,adult,,,,,,,,,,,
PreservedSpecimen,Lomographa bimaculata Geometridae,Wingspan,,23.92,mm,mean,,both,adult,,,,,,,,,,,
PreservedSpecimen,Luperina dumerilii Noctuidae,Status,,Persistent,,mean,,both,adult,,,,,,,,,,,
HumanObservation,Luperina dumerilii Noctuidae,Classification of the degree of specialization Total,,6,score,mean,,both,adult,,,,,,,,,,,
HumanObservation,Luperina dumerilii Noctuidae,Food,,2,,mean,,both,adult,,,,,,,,,,,
Occurrence,Luperina dumerilii Noctuidae,North,"Geographical distance calculation (e.g., using GIS)",3,,mean,,both,adult,,,,,,,,,,,
Occurrence,Luperina dumerilii Noctuidae,Habitat,,1,,mean,,both,adult,,,,,,,,,,,
PreservedSpecimen,Luperina dumerilii Noctuidae,Wingspan,,32.98,mm,mean,,both,adult,,,,,,,,,,,
PreservedSpecimen,Lygephila craccae Erebidae,Status,,Persistent,,mean,,both,adult,,,,,,,,,,,
HumanObservation,Lygephila craccae Erebidae,Classification of the degree of specialization Total,,8,score,mean,,both,adult,,,,,,,,,,,
HumanObservation,Lygephila craccae Erebidae,Food,,2,,mean,,both,adult,,,,,,,,,,,
Occurrence,Lygephila craccae Erebidae,North,"Geographical distance calculation (e.g., using GIS)",4,,mean,,both,adult,,,,,,,,,,,
Occurrence,Lygephila craccae Erebidae,Habitat,,2,,mean,,both,adult,,,,,,,,,,,
PreservedSpecimen,Lygephila craccae Erebidae,Wingspan,,42.9,mm,mean,,both,adult,,,,,,,,,,,
PreservedSpecimen,Lygephila pastinum Erebidae,Status,,Persistent,,mean,,both,adult,,,,,,,,,,,
HumanObservation,Lygephila pastinum Erebidae,Classification of the degree of specialization Total,,9,score,mean,,both,adult,,,,,,,,,,,
HumanObservation,Lygephila pastinum Erebidae,Food,,2,,mean,,both,adult,,,,,,,,,,,
Occurrence,Lygephila pastinum Erebidae,North,"Geographical distance calculation (e.g., using GIS)",4,,mean,,both,adult,,,,,,,,,,,
Occurrence,Lygephila pastinum Erebidae,Habitat,,3,,mean,,both,adult,,,,,,,,,,,
PreservedSpecimen,Lygephila pastinum Erebidae,Wingspan,,39.42,mm,mean,,both,adult,,,,,,,,,,,
PreservedSpecimen,Lymantria dispar Erebidae,Status,,Persistent,,mean,,both,adult,,,,,,,,,,,
HumanObservation,Lymantria dispar Erebidae,Classification of the degree of specialization Total,,12,score,mean,,both,adult,,,,,,,,,,,
HumanObservation,Lymantria dispar Erebidae,Food,,4,,mean,,both,adult,,,,,,,,,,,
Occurrence,Lymantria dispar Erebidae,North,"Geographical distance calculation (e.g., using GIS)",4,,mean,,both,adult,,,,,,,,,,,
Occurrence,Lymantria dispar Erebidae,Habitat,,4,,mean,,both,adult,,,,,,,,,,,
PreservedSpecimen,Lymantria dispar Erebidae,Wingspan,,41.95,mm,mean,,both,adult,,,,,,,,,,,
PreservedSpecimen,Macaria alternata Geometridae,Status,,Persistent,,mean,,both,adult,,,,,,,,,,,
HumanObservation,Macaria alternata Geometridae,Classification of the degree of specialization Total,,11,score,mean,,both,adult,,,,,,,,,,,
HumanObservation,Macaria alternata Geometridae,Food,,4,,mean,,both,adult,,,,,,,,,,,
Occurrence,Macaria alternata Geometridae,North,"Geographical distance calculation (e.g., using GIS)",4,,mean,,both,adult,,,,,,,,,,,
Occurrence,Macaria alternata Geometridae,Habitat,,3,,mean,,both,adult,,,,,,,,,,,
PreservedSpecimen,Macaria alternata Geometridae,Wingspan,,24.37,mm,mean,,both,adult,,,,,,,,,,,
PreservedSpecimen,Macaria liturata Geometridae,Status,,Previously unrecorded,,mean,,both,adult,,,,,,,,,,,
HumanObservation,Macaria liturata Geometridae,Classification of the degree of specialization Total,,8,score,mean,,both,adult,,,,,,,,,,,
HumanObservation,Macaria liturata Geometridae,Food,,2,,mean,,both,adult,,,,,,,,,,,
Occurrence,Macaria liturata Geometridae,North,"Geographical distance calculation (e.g., using GIS)",4,,mean,,both,adult,,,,,,,,,,,
Occurrence,Macaria liturata Geometridae,Habitat,,2,,mean,,both,adult,,,,,,,,,,,
PreservedSpecimen,Macaria liturata Geometridae,Wingspan,,24.37,mm,mean,,both,adult,,,,,,,,,,,
PreservedSpecimen,Macaria notata Geometridae,Status,,Lost,,mean,,both,adult,,,,,,,,,,,
HumanObservation,Macaria notata Geometridae,Classification of the degree of specialization Total,,11,score,mean,,both,adult,,,,,,,,,,,
HumanObservation,Macaria notata Geometridae,Food,,3,,mean,,both,adult,,,,,,,,,,,
Occurrence,Macaria notata Geometridae,North,"Geographical distance calculation (e.g., using GIS)",4,,mean,,both,adult,,,,,,,,,,,
Occurrence,Macaria notata Geometridae,Habitat,,4,,mean,,both,adult,,,,,,,,,,,
PreservedSpecimen,Macaria notata Geometridae,Wingspan,,29.93,mm,mean,,both,adult,,,,,,,,,,,
PreservedSpecimen,Macdunnoughia confusa Noctuidae,Status,,Persistent,,mean,,both,adult,,,,,,,,,,,
HumanObservation,Macdunnoughia confusa Noctuidae,Classification of the degree of specialization Total,,12,score,mean,,both,adult,,,,,,,,,,,
HumanObservation,Macdunnoughia confusa Noctuidae,Food,,4,,mean,,both,adult,,,,,,,,,,,
Occurrence,Macdunnoughia confusa Noctuidae,North,"Geographical distance calculation (e.g., using GIS)",4,,mean,,both,adult,,,,,,,,,,,
Occurrence,Macdunnoughia confusa Noctuidae,Habitat,,4,,mean,,both,adult,,,,,,,,,,,
PreservedSpecimen,Macdunnoughia confusa Noctuidae,Wingspan,,34.87,mm,mean,,both,adult,,,,,,,,,,,
PreservedSpecimen,Macrochilo cribrumalis Erebidae,Status,,Persistent,,mean,,both,adult,,,,,,,,,,,
HumanObservation,Macrochilo cribrumalis Erebidae,Classification of the degree of specialization Total,,8,score,mean,,both,adult,,,,,,,,,,,
HumanObservation,Macrochilo cribrumalis Erebidae,Food,,2,,mean,,both,adult,,,,,,,,,,,
Occurrence,Macrochilo cribrumalis Erebidae,North,"Geographical distance calculation (e.g., using GIS)",4,,mean,,both,adult,,,,,,,,,,,
Occurrence,Macrochilo cribrumalis Erebidae,Habitat,,2,,mean,,both,adult,,,,,,,,,,,
PreservedSpecimen,Macrochilo cribrumalis Erebidae,Wingspan,,28.46,mm,mean,,both,adult,,,,,,,,,,,
PreservedSpecimen,Macrothylacia rubi Lasiocampidae,Status,,Persistent,,mean,,both,adult,,,,,,,,,,,
HumanObservation,Macrothylacia rubi Lasiocampidae,Classification of the degree of specialization Total,,11,score,mean,,both,adult,,,,,,,,,,,
HumanObservation,Macrothylacia rubi Lasiocampidae,Food,,4,,mean,,both,adult,,,,,,,,,,,
Occurrence,Macrothylacia rubi Lasiocampidae,North,"Geographical distance calculation (e.g., using GIS)",4,,mean,,both,adult,,,,,,,,,,,
Occurrence,Macrothylacia rubi Lasiocampidae,Habitat,,3,,mean,,both,adult,,,,,,,,,,,
PreservedSpecimen,Macrothylacia rubi Lasiocampidae,Wingspan,,50.99,mm,mean,,both,adult,,,,,,,,,,,
PreservedSpecimen,Malacosoma castrensis Lasiocampidae,Status,,Persistent,,mean,,both,adult,,,,,,,,,,,
HumanObservation,Malacosoma castrensis Lasiocampidae,Classification of the degree of specialization Total,,10,score,mean,,both,adult,,,,,,,,,,,
HumanObservation,Malacosoma castrensis Lasiocampidae,Food,,4,,mean,,both,adult,,,,,,,,,,,
Occurrence,Malacosoma castrensis Lasiocampidae,North,"Geographical distance calculation (e.g., using GIS)",4,,mean,,both,adult,,,,,,,,,,,
Occurrence,Malacosoma castrensis Lasiocampidae,Habitat,,2,,mean,,both,adult,,,,,,,,,,,
PreservedSpecimen,Malacosoma castrensis Lasiocampidae,Wingspan,,35.65,mm,mean,,both,adult,,,,,,,,,,,
PreservedSpecimen,Malacosoma neustria Lasiocampidae,Status,,Lost,,mean,,both,adult,,,,,,,,,,,
HumanObservation,Malacosoma neustria Lasiocampidae,Classification of the degree of specialization Total,,11,score,mean,,both,adult,,,,,,,,,,,
HumanObservation,Malacosoma neustria Lasiocampidae,Food,,3,,mean,,both,adult,,,,,,,,,,,
Occurrence,Malacosoma neustria Lasiocampidae,North,"Geographical distance calculation (e.g., using GIS)",4,,mean,,both,adult,,,,,,,,,,,
Occurrence,Malacosoma neustria Lasiocampidae,Habitat,,4,,mean,,both,adult,,,,,,,,,,,
PreservedSpecimen,Malacosoma neustria Lasiocampidae,Wingspan,,29.58,mm,mean,,both,adult,,,,,,,,,,,
PreservedSpecimen,Mamestra brassicae Noctuidae,Status,,Persistent,,mean,,both,adult,,,,,,,,,,,
HumanObservation,Mamestra brassicae Noctuidae,Classification of the degree of specialization Total,,12,score,mean,,both,adult,,,,,,,,,,,
HumanObservation,Mamestra brassicae Noctuidae,Food,,4,,mean,,both,adult,,,,,,,,,,,
Occurrence,Mamestra brassicae Noctuidae,North,"Geographical distance calculation (e.g., using GIS)",4,,mean,,both,adult,,,,,,,,,,,
Occurrence,Mamestra brassicae Noctuidae,Habitat,,4,,mean,,both,adult,,,,,,,,,,,
PreservedSpecimen,Mamestra brassicae Noctuidae,Wingspan,,40.8,mm,mean,,both,adult,,,,,,,,,,,
PreservedSpecimen,Meganola albula Nolidae,Status,,Persistent,,mean,,both,adult,,,,,,,,,,,
HumanObservation,Meganola albula Nolidae,Classification of the degree of specialization Total,,10,score,mean,,both,adult,,,,,,,,,,,
HumanObservation,Meganola albula Nolidae,Food,,3,,mean,,both,adult,,,,,,,,,,,
Occurrence,Meganola albula Nolidae,North,"Geographical distance calculation (e.g., using GIS)",4,,mean,,both,adult,,,,,,,,,,,
Occurrence,Meganola albula Nolidae,Habitat,,3,,mean,,both,adult,,,,,,,,,,,
PreservedSpecimen,Meganola albula Nolidae,Wingspan,,20.78,mm,mean,,both,adult,,,,,,,,,,,
PreservedSpecimen,Meganola togatulalis Nolidae,Status,,Persistent,,mean,,both,adult,,,,,,,,,,,
HumanObservation,Meganola togatulalis Nolidae,Classification of the degree of specialization Total,,5,score,mean,,both,adult,,,,,,,,,,,
HumanObservation,Meganola togatulalis Nolidae,Food,,1,,mean,,both,adult,,,,,,,,,,,
Occurrence,Meganola togatulalis Nolidae,North,"Geographical distance calculation (e.g., using GIS)",3,,mean,,both,adult,,,,,,,,,,,
Occurrence,Meganola togatulalis Nolidae,Habitat,,1,,mean,,both,adult,,,,,,,,,,,
PreservedSpecimen,Meganola togatulalis Nolidae,Wingspan,,20.78,mm,mean,,both,adult,,,,,,,,,,,
PreservedSpecimen,Melanthia procellata Geometridae,Status,,Persistent,,mean,,both,adult,,,,,,,,,,,
HumanObservation,Melanthia procellata Geometridae,Classification of the degree of specialization Total,,9,score,mean,,both,adult,,,,,,,,,,,
HumanObservation,Melanthia procellata Geometridae,Food,,1,,mean,,both,adult,,,,,,,,,,,
Occurrence,Melanthia procellata Geometridae,North,"Geographical distance calculation (e.g., using GIS)",4,,mean,,both,adult,,,,,,,,,,,
Occurrence,Melanthia procellata Geometridae,Habitat,,4,,mean,,both,adult,,,,,,,,,,,
PreservedSpecimen,Melanthia procellata Geometridae,Wingspan,,29.39,mm,mean,,both,adult,,,,,,,,,,,
PreservedSpecimen,Menophra abruptaria Geometridae,Status,,Persistent,,mean,,both,adult,,,,,,,,,,,
HumanObservation,Menophra abruptaria Geometridae,Classification of the degree of specialization Total,,11,score,mean,,both,adult,,,,,,,,,,,
HumanObservation,Menophra abruptaria Geometridae,Food,,3,,mean,,both,adult,,,,,,,,,,,
Occurrence,Menophra abruptaria Geometridae,North,"Geographical distance calculation (e.g., using GIS)",4,,mean,,both,adult,,,,,,,,,,,
Occurrence,Menophra abruptaria Geometridae,Habitat,,4,,mean,,both,adult,,,,,,,,,,,
PreservedSpecimen,Menophra abruptaria Geometridae,Wingspan,,38.88,mm,mean,,both,adult,,,,,,,,,,,
PreservedSpecimen,Menophra japygiaria Geometridae,Status,,Lost,,mean,,both,adult,,,,,,,,,,,
HumanObservation,Menophra japygiaria Geometridae,Classification of the degree of specialization Total,,7,score,mean,,both,adult,,,,,,,,,,,
HumanObservation,Menophra japygiaria Geometridae,Food,,4,,mean,,both,adult,,,,,,,,,,,
Occurrence,Menophra japygiaria Geometridae,North,"Geographical distance calculation (e.g., using GIS)",1,,mean,,both,adult,,,,,,,,,,,
Occurrence,Menophra japygiaria Geometridae,Habitat,,2,,mean,,both,adult,,,,,,,,,,,
PreservedSpecimen,Menophra japygiaria Geometridae,Wingspan,,28.46,mm,mean,,both,adult,,,,,,,,,,,
PreservedSpecimen,Mesapamea secalis Noctuidae,Status,,Persistent,,mean,,both,adult,,,,,,,,,,,
HumanObservation,Mesapamea secalis Noctuidae,Classification of the degree of specialization Total,,10,score,mean,,both,adult,,,,,,,,,,,
HumanObservation,Mesapamea secalis Noctuidae,Food,,2,,mean,,both,adult,,,,,,,,,,,
Occurrence,Mesapamea secalis Noctuidae,North,"Geographical distance calculation (e.g., using GIS)",4,,mean,,both,adult,,,,,,,,,,,
Occurrence,Mesapamea secalis Noctuidae,Habitat,,4,,mean,,both,adult,,,,,,,,,,,
PreservedSpecimen,Mesapamea secalis Noctuidae,Wingspan,,30.5,mm,mean,,both,adult,,,,,,,,,,,
PreservedSpecimen,Mesoligia furuncula Noctuidae,Status,,Persistent,,mean,,both,adult,,,,,,,,,,,
HumanObservation,Mesoligia furuncula Noctuidae,Classification of the degree of specialization Total,,9,score,mean,,both,adult,,,,,,,,,,,
HumanObservation,Mesoligia furuncula Noctuidae,Food,,2,,mean,,both,adult,,,,,,,,,,,
Occurrence,Mesoligia furuncula Noctuidae,North,"Geographical distance calculation (e.g., using GIS)",4,,mean,,both,adult,,,,,,,,,,,
Occurrence,Mesoligia furuncula Noctuidae,Habitat,,3,,mean,,both,adult,,,,,,,,,,,
PreservedSpecimen,Mesoligia furuncula Noctuidae,Wingspan,,24.82,mm,mean,,both,adult,,,,,,,,,,,
PreservedSpecimen,Metachrostis velox Erebidae,Status,,Persistent,,mean,,both,adult,,,,,,,,,,,
HumanObservation,Metachrostis velox Erebidae,Classification of the degree of specialization Total,,4,score,mean,,both,adult,,,,,,,,,,,
HumanObservation,Metachrostis velox Erebidae,Food,,2,,mean,,both,adult,,,,,,,,,,,
Occurrence,Metachrostis velox Erebidae,North,"Geographical distance calculation (e.g., using GIS)",1,,mean,,both,adult,,,,,,,,,,,
Occurrence,Metachrostis velox Erebidae,Habitat,,1,,mean,,both,adult,,,,,,,,,,,
PreservedSpecimen,Metachrostis velox Erebidae,Wingspan,,16.97,mm,mean,,both,adult,,,,,,,,,,,
PreservedSpecimen,Miltochrista miniata Erebidae,Status,,Persistent,,mean,,both,adult,,,,,,,,,,,
HumanObservation,Miltochrista miniata Erebidae,Classification of the degree of specialization Total,,8,score,mean,,both,adult,,,,,,,,,,,
HumanObservation,Miltochrista miniata Erebidae,Food,,1,,mean,,both,adult,,,,,,,,,,,
Occurrence,Miltochrista miniata Erebidae,North,"Geographical distance calculation (e.g., using GIS)",4,,mean,,both,adult,,,,,,,,,,,
Occurrence,Miltochrista miniata Erebidae,Habitat,,3,,mean,,both,adult,,,,,,,,,,,
PreservedSpecimen,Miltochrista miniata Erebidae,Wingspan,,24.92,mm,mean,,both,adult,,,,,,,,,,,
PreservedSpecimen,Minoa murinata Geometridae,Status,,Persistent,,mean,,both,adult,,,,,,,,,,,
HumanObservation,Minoa murinata Geometridae,Classification of the degree of specialization Total,,7,score,mean,,both,adult,,,,,,,,,,,
HumanObservation,Minoa murinata Geometridae,Food,,1,,mean,,both,adult,,,,,,,,,,,
Occurrence,Minoa murinata Geometridae,North,"Geographical distance calculation (e.g., using GIS)",3,,mean,,both,adult,,,,,,,,,,,
Occurrence,Minoa murinata Geometridae,Habitat,,3,,mean,,both,adult,,,,,,,,,,,
PreservedSpecimen,Minoa murinata Geometridae,Wingspan,,15.87,mm,mean,,both,adult,,,,,,,,,,,
PreservedSpecimen,Minucia lunaris Erebidae,Status,,Lost,,mean,,both,adult,,,,,,,,,,,
HumanObservation,Minucia lunaris Erebidae,Classification of the degree of specialization Total,,6,score,mean,,both,adult,,,,,,,,,,,
HumanObservation,Minucia lunaris Erebidae,Food,,1,,mean,,both,adult,,,,,,,,,,,
Occurrence,Minucia lunaris Erebidae,North,"Geographical distance calculation (e.g., using GIS)",4,,mean,,both,adult,,,,,,,,,,,
Occurrence,Minucia lunaris Erebidae,Habitat,,1,,mean,,both,adult,,,,,,,,,,,
PreservedSpecimen,Minucia lunaris Erebidae,Wingspan,,56.86,mm,mean,,both,adult,,,,,,,,,,,
PreservedSpecimen,Moma alpium Noctuidae,Status,,Persistent,,mean,,both,adult,,,,,,,,,,,
HumanObservation,Moma alpium Noctuidae,Classification of the degree of specialization Total,,11,score,mean,,both,adult,,,,,,,,,,,
HumanObservation,Moma alpium Noctuidae,Food,,3,,mean,,both,adult,,,,,,,,,,,
Occurrence,Moma alpium Noctuidae,North,"Geographical distance calculation (e.g., using GIS)",4,,mean,,both,adult,,,,,,,,,,,
Occurrence,Moma alpium Noctuidae,Habitat,,4,,mean,,both,adult,,,,,,,,,,,
PreservedSpecimen,Moma alpium Noctuidae,Wingspan,,32.4,mm,mean,,both,adult,,,,,,,,,,,
PreservedSpecimen,Mormo maura Noctuidae,Status,,Previously unrecorded,,mean,,both,adult,,,,,,,,,,,
HumanObservation,Mormo maura Noctuidae,Classification of the degree of specialization Total,,9,score,mean,,both,adult,,,,,,,,,,,
HumanObservation,Mormo maura Noctuidae,Food,,3,,mean,,both,adult,,,,,,,,,,,
Occurrence,Mormo maura Noctuidae,North,"Geographical distance calculation (e.g., using GIS)",4,,mean,,both,adult,,,,,,,,,,,
Occurrence,Mormo maura Noctuidae,Habitat,,2,,mean,,both,adult,,,,,,,,,,,
PreservedSpecimen,Mormo maura Noctuidae,Wingspan,,59.79,mm,mean,,both,adult,,,,,,,,,,,
PreservedSpecimen,Mythimna congrua Noctuidae,Status,,Persistent,,mean,,both,adult,,,,,,,,,,,
HumanObservation,Mythimna congrua Noctuidae,Classification of the degree of specialization Total,,6,score,mean,,both,adult,,,,,,,,,,,
HumanObservation,Mythimna congrua Noctuidae,Food,,2,,mean,,both,adult,,,,,,,,,,,
Occurrence,Mythimna congrua Noctuidae,North,"Geographical distance calculation (e.g., using GIS)",3,,mean,,both,adult,,,,,,,,,,,
Occurrence,Mythimna congrua Noctuidae,Habitat,,1,,mean,,both,adult,,,,,,,,,,,
PreservedSpecimen,Mythimna congrua Noctuidae,Wingspan,,33.41,mm,mean,,both,adult,,,,,,,,,,,
PreservedSpecimen,Mythimna ferrago Noctuidae,Status,,Previously unrecorded,,mean,,both,adult,,,,,,,,,,,
HumanObservation,Mythimna ferrago Noctuidae,Classification of the degree of specialization Total,,10,score,mean,,both,adult,,,,,,,,,,,
HumanObservation,Mythimna ferrago Noctuidae,Food,,2,,mean,,both,adult,,,,,,,,,,,
Occurrence,Mythimna ferrago Noctuidae,North,"Geographical distance calculation (e.g., using GIS)",4,,mean,,both,adult,,,,,,,,,,,
Occurrence,Mythimna ferrago Noctuidae,Habitat,,4,,mean,,both,adult,,,,,,,,,,,
PreservedSpecimen,Mythimna ferrago Noctuidae,Wingspan,,37.42,mm,mean,,both,adult,,,,,,,,,,,
PreservedSpecimen,Mythimna pallens Noctuidae,Status,,Persistent,,mean,,both,adult,,,,,,,,,,,
HumanObservation,Mythimna pallens Noctuidae,Classification of the degree of specialization Total,,10,score,mean,,both,adult,,,,,,,,,,,
HumanObservation,Mythimna pallens Noctuidae,Food,,2,,mean,,both,adult,,,,,,,,,,,
Occurrence,Mythimna pallens Noctuidae,North,"Geographical distance calculation (e.g., using GIS)",4,,mean,,both,adult,,,,,,,,,,,
Occurrence,Mythimna pallens Noctuidae,Habitat,,4,,mean,,both,adult,,,,,,,,,,,
PreservedSpecimen,Mythimna pallens Noctuidae,Wingspan,,32.4,mm,mean,,both,adult,,,,,,,,,,,
PreservedSpecimen,Mythimna pudorina Noctuidae,Status,,Lost,,mean,,both,adult,,,,,,,,,,,
HumanObservation,Mythimna pudorina Noctuidae,Classification of the degree of specialization Total,,8,score,mean,,both,adult,,,,,,,,,,,
HumanObservation,Mythimna pudorina Noctuidae,Food,,3,,mean,,both,adult,,,,,,,,,,,
Occurrence,Mythimna pudorina Noctuidae,North,"Geographical distance calculation (e.g., using GIS)",4,,mean,,both,adult,,,,,,,,,,,
Occurrence,Mythimna pudorina Noctuidae,Habitat,,1,,mean,,both,adult,,,,,,,,,,,
PreservedSpecimen,Mythimna pudorina Noctuidae,Wingspan,,36.47,mm,mean,,both,adult,,,,,,,,,,,
PreservedSpecimen,Mythimna riparia Noctuidae,Status,,Persistent,,mean,,both,adult,,,,,,,,,,,
HumanObservation,Mythimna riparia Noctuidae,Classification of the degree of specialization Total,,7,score,mean,,both,adult,,,,,,,,,,,
HumanObservation,Mythimna riparia Noctuidae,Food,,3,,mean,,both,adult,,,,,,,,,,,
Occurrence,Mythimna riparia Noctuidae,North,"Geographical distance calculation (e.g., using GIS)",2,,mean,,both,adult,,,,,,,,,,,
Occurrence,Mythimna riparia Noctuidae,Habitat,,2,,mean,,both,adult,,,,,,,,,,,
PreservedSpecimen,Mythimna riparia Noctuidae,Wingspan,,32.4,mm,mean,,both,adult,,,,,,,,,,,
PreservedSpecimen,Mythimna sicula Noctuidae,Status,,Persistent,,mean,,both,adult,,,,,,,,,,,
HumanObservation,Mythimna sicula Noctuidae,Classification of the degree of specialization Total,,6,score,mean,,both,adult,,,,,,,,,,,
HumanObservation,Mythimna sicula Noctuidae,Food,,2,,mean,,both,adult,,,,,,,,,,,
Occurrence,Mythimna sicula Noctuidae,North,"Geographical distance calculation (e.g., using GIS)",3,,mean,,both,adult,,,,,,,,,,,
Occurrence,Mythimna sicula Noctuidae,Habitat,,1,,mean,,both,adult,,,,,,,,,,,
PreservedSpecimen,Mythimna sicula Noctuidae,Wingspan,,28.84,mm,mean,,both,adult,,,,,,,,,,,
PreservedSpecimen,Mythimna straminea Noctuidae,Status,,Persistent,,mean,,both,adult,,,,,,,,,,,
HumanObservation,Mythimna straminea Noctuidae,Classification of the degree of specialization Total,,8,score,mean,,both,adult,,,,,,,,,,,
HumanObservation,Mythimna straminea Noctuidae,Food,,3,,mean,,both,adult,,,,,,,,,,,
Occurrence,Mythimna straminea Noctuidae,North,"Geographical distance calculation (e.g., using GIS)",4,,mean,,both,adult,,,,,,,,,,,
Occurrence,Mythimna straminea Noctuidae,Habitat,,1,,mean,,both,adult,,,,,,,,,,,
PreservedSpecimen,Mythimna straminea Noctuidae,Wingspan,,35.78,mm,mean,,both,adult,,,,,,,,,,,
PreservedSpecimen,Mythimna turca Noctuidae,Status,,Persistent,,mean,,both,adult,,,,,,,,,,,
HumanObservation,Mythimna turca Noctuidae,Classification of the degree of specialization Total,,8,score,mean,,both,adult,,,,,,,,,,,
HumanObservation,Mythimna turca Noctuidae,Food,,3,,mean,,both,adult,,,,,,,,,,,
Occurrence,Mythimna turca Noctuidae,North,"Geographical distance calculation (e.g., using GIS)",4,,mean,,both,adult,,,,,,,,,,,
Occurrence,Mythimna turca Noctuidae,Habitat,,1,,mean,,both,adult,,,,,,,,,,,
PreservedSpecimen,Mythimna turca Noctuidae,Wingspan,,40.8,mm,mean,,both,adult,,,,,,,,,,,
PreservedSpecimen,Noctua fimbriata Noctuidae,Status,,Persistent,,mean,,both,adult,,,,,,,,,,,
HumanObservation,Noctua fimbriata Noctuidae,Classification of the degree of specialization Total,,12,score,mean,,both,adult,,,,,,,,,,,
HumanObservation,Noctua fimbriata Noctuidae,Food,,4,,mean,,both,adult,,,,,,,,,,,
Occurrence,Noctua fimbriata Noctuidae,North,"Geographical distance calculation (e.g., using GIS)",4,,mean,,both,adult,,,,,,,,,,,
Occurrence,Noctua fimbriata Noctuidae,Habitat,,4,,mean,,both,adult,,,,,,,,,,,
PreservedSpecimen,Noctua fimbriata Noctuidae,Wingspan,,49.75,mm,mean,,both,adult,,,,,,,,,,,
PreservedSpecimen,Noctua interjecta Noctuidae,Status,,Persistent,,mean,,both,adult,,,,,,,,,,,
HumanObservation,Noctua interjecta Noctuidae,Classification of the degree of specialization Total,,11,score,mean,,both,adult,,,,,,,,,,,
HumanObservation,Noctua interjecta Noctuidae,Food,,4,,mean,,both,adult,,,,,,,,,,,
Occurrence,Noctua interjecta Noctuidae,North,"Geographical distance calculation (e.g., using GIS)",4,,mean,,both,adult,,,,,,,,,,,
Occurrence,Noctua interjecta Noctuidae,Habitat,,3,,mean,,both,adult,,,,,,,,,,,
PreservedSpecimen,Noctua interjecta Noctuidae,Wingspan,,33.41,mm,mean,,both,adult,,,,,,,,,,,
PreservedSpecimen,Noctua janthina / janthe Noctuidae,Status,,Persistent,,mean,,both,adult,,,,,,,,,,,
HumanObservation,Noctua janthina / janthe Noctuidae,Classification of the degree of specialization Total,,12,score,mean,,both,adult,,,,,,,,,,,
HumanObservation,Noctua janthina / janthe Noctuidae,Food,,4,,mean,,both,adult,,,,,,,,,,,
Occurrence,Noctua janthina / janthe Noctuidae,North,"Geographical distance calculation (e.g., using GIS)",4,,mean,,both,adult,,,,,,,,,,,
Occurrence,Noctua janthina / janthe Noctuidae,Habitat,,4,,mean,,both,adult,,,,,,,,,,,
PreservedSpecimen,Noctua janthina / janthe Noctuidae,Wingspan,,34.64,mm,mean,,both,adult,,,,,,,,,,,
PreservedSpecimen,Noctua orbona Noctuidae,Status,,Lost,,mean,,both,adult,,,,,,,,,,,
HumanObservation,Noctua orbona Noctuidae,Classification of the degree of specialization Total,,12,score,mean,,both,adult,,,,,,,,,,,
HumanObservation,Noctua orbona Noctuidae,Food,,4,,mean,,both,adult,,,,,,,,,,,
Occurrence,Noctua orbona Noctuidae,North,"Geographical distance calculation (e.g., using GIS)",4,,mean,,both,adult,,,,,,,,,,,
Occurrence,Noctua orbona Noctuidae,Habitat,,4,,mean,,both,adult,,,,,,,,,,,
PreservedSpecimen,Noctua orbona Noctuidae,Wingspan,,41.35,mm,mean,,both,adult,,,,,,,,,,,
PreservedSpecimen,Nola aerugula Nolidae,Status,,Persistent,,mean,,both,adult,,,,,,,,,,,
HumanObservation,Nola aerugula Nolidae,Classification of the degree of specialization Total,,8,score,mean,,both,adult,,,,,,,,,,,
HumanObservation,Nola aerugula Nolidae,Food,,3,,mean,,both,adult,,,,,,,,,,,
Occurrence,Nola aerugula Nolidae,North,"Geographical distance calculation (e.g., using GIS)",4,,mean,,both,adult,,,,,,,,,,,
Occurrence,Nola aerugula Nolidae,Habitat,,1,,mean,,both,adult,,,,,,,,,,,
PreservedSpecimen,Nola aerugula Nolidae,Wingspan,,17.32,mm,mean,,both,adult,,,,,,,,,,,
PreservedSpecimen,Nola chlamitulalis Nolidae,Status,,Lost,,mean,,both,adult,,,,,,,,,,,
HumanObservation,Nola chlamitulalis Nolidae,Classification of the degree of specialization Total,,3,score,mean,,both,adult,,,,,,,,,,,
HumanObservation,Nola chlamitulalis Nolidae,Food,,1,,mean,,both,adult,,,,,,,,,,,
Occurrence,Nola chlamitulalis Nolidae,North,"Geographical distance calculation (e.g., using GIS)",1,,mean,,both,adult,,,,,,,,,,,
Occurrence,Nola chlamitulalis Nolidae,Habitat,,1,,mean,,both,adult,,,,,,,,,,,
PreservedSpecimen,Nola chlamitulalis Nolidae,Wingspan,,17.97,mm,mean,,both,adult,,,,,,,,,,,
PreservedSpecimen,Nola subchlamydula Nolidae,Status,,Persistent,,mean,,both,adult,,,,,,,,,,,
HumanObservation,Nola subchlamydula Nolidae,Classification of the degree of specialization Total,,5,score,mean,,both,adult,,,,,,,,,,,
HumanObservation,Nola subchlamydula Nolidae,Food,,2,,mean,,both,adult,,,,,,,,,,,
Occurrence,Nola subchlamydula Nolidae,North,"Geographical distance calculation (e.g., using GIS)",2,,mean,,both,adult,,,,,,,,,,,
Occurrence,Nola subchlamydula Nolidae,Habitat,,1,,mean,,both,adult,,,,,,,,,,,
PreservedSpecimen,Nola subchlamydula Nolidae,Wingspan,,16.97,mm,mean,,both,adult,,,,,,,,,,,
PreservedSpecimen,Nonagria typhae Noctuidae,Status,,Lost,,mean,,both,adult,,,,,,,,,,,
HumanObservation,Nonagria typhae Noctuidae,Classification of the degree of specialization Total,,7,score,mean,,both,adult,,,,,,,,,,,
HumanObservation,Nonagria typhae Noctuidae,Food,,2,,mean,,both,adult,,,,,,,,,,,
Occurrence,Nonagria typhae Noctuidae,North,"Geographical distance calculation (e.g., using GIS)",4,,mean,,both,adult,,,,,,,,,,,
Occurrence,Nonagria typhae Noctuidae,Habitat,,1,,mean,,both,adult,,,,,,,,,,,
PreservedSpecimen,Nonagria typhae Noctuidae,Wingspan,,47.43,mm,mean,,both,adult,,,,,,,,,,,
PreservedSpecimen,Notodonta tritophus Notodontidae,Status,,Persistent,,mean,,both,adult,,,,,,,,,,,
HumanObservation,Notodonta tritophus Notodontidae,Classification of the degree of specialization Total,,9,score,mean,,both,adult,,,,,,,,,,,
HumanObservation,Notodonta tritophus Notodontidae,Food,,1,,mean,,both,adult,,,,,,,,,,,
Occurrence,Notodonta tritophus Notodontidae,North,"Geographical distance calculation (e.g., using GIS)",4,,mean,,both,adult,,,,,,,,,,,
Occurrence,Notodonta tritophus Notodontidae,Habitat,,4,,mean,,both,adult,,,,,,,,,,,
PreservedSpecimen,Notodonta tritophus Notodontidae,Wingspan,,49.75,mm,mean,,both,adult,,,,,,,,,,,
PreservedSpecimen,Notodonta ziczac Notodontidae,Status,,Previously unrecorded,,mean,,both,adult,,,,,,,,,,,
HumanObservation,Notodonta ziczac Notodontidae,Classification of the degree of specialization Total,,11,score,mean,,both,adult,,,,,,,,,,,
HumanObservation,Notodonta ziczac Notodontidae,Food,,3,,mean,,both,adult,,,,,,,,,,,
Occurrence,Notodonta ziczac Notodontidae,North,"Geographical distance calculation (e.g., using GIS)",4,,mean,,both,adult,,,,,,,,,,,
Occurrence,Notodonta ziczac Notodontidae,Habitat,,4,,mean,,both,adult,,,,,,,,,,,
PreservedSpecimen,Notodonta ziczac Notodontidae,Wingspan,,42.43,mm,mean,,both,adult,,,,,,,,,,,
PreservedSpecimen,Nyctobrya muralis Noctuidae,Status,,Previously unrecorded,,mean,,both,adult,,,,,,,,,,,
HumanObservation,Nyctobrya muralis Noctuidae,Classification of the degree of specialization Total,,9,score,mean,,both,adult,,,,,,,,,,,
HumanObservation,Nyctobrya muralis Noctuidae,Food,,1,,mean,,both,adult,,,,,,,,,,,
Occurrence,Nyctobrya muralis Noctuidae,North,"Geographical distance calculation (e.g., using GIS)",4,,mean,,both,adult,,,,,,,,,,,
Occurrence,Nyctobrya muralis Noctuidae,Habitat,,4,,mean,,both,adult,,,,,,,,,,,
PreservedSpecimen,Nyctobrya muralis Noctuidae,Wingspan,,30.3,mm,mean,,both,adult,,,,,,,,,,,
PreservedSpecimen,Ochropleura plecta Noctuidae,Status,,Previously unrecorded,,mean,,both,adult,,,,,,,,,,,
HumanObservation,Ochropleura plecta Noctuidae,Classification of the degree of specialization Total,,12,score,mean,,both,adult,,,,,,,,,,,
HumanObservation,Ochropleura plecta Noctuidae,Food,,4,,mean,,both,adult,,,,,,,,,,,
Occurrence,Ochropleura plecta Noctuidae,North,"Geographical distance calculation (e.g., using GIS)",4,,mean,,both,adult,,,,,,,,,,,
Occurrence,Ochropleura plecta Noctuidae,Habitat,,4,,mean,,both,adult,,,,,,,,,,,
PreservedSpecimen,Ochropleura plecta Noctuidae,Wingspan,,27.39,mm,mean,,both,adult,,,,,,,,,,,
PreservedSpecimen,Ocneria rubea Erebidae,Status,,Lost,,mean,,both,adult,,,,,,,,,,,
HumanObservation,Ocneria rubea Erebidae,Classification of the degree of specialization Total,,7,score,mean,,both,adult,,,,,,,,,,,
HumanObservation,Ocneria rubea Erebidae,Food,,4,,mean,,both,adult,,,,,,,,,,,
Occurrence,Ocneria rubea Erebidae,North,"Geographical distance calculation (e.g., using GIS)",2,,mean,,both,adult,,,,,,,,,,,
Occurrence,Ocneria rubea Erebidae,Habitat,,1,,mean,,both,adult,,,,,,,,,,,
PreservedSpecimen,Ocneria rubea Erebidae,Wingspan,,28.28,mm,mean,,both,adult,,,,,,,,,,,
PreservedSpecimen,Odonestis pruni Lasiocampidae,Status,,Persistent,,mean,,both,adult,,,,,,,,,,,
HumanObservation,Odonestis pruni Lasiocampidae,Classification of the degree of specialization Total,,11,score,mean,,both,adult,,,,,,,,,,,
HumanObservation,Odonestis pruni Lasiocampidae,Food,,4,,mean,,both,adult,,,,,,,,,,,
Occurrence,Odonestis pruni Lasiocampidae,North,"Geographical distance calculation (e.g., using GIS)",4,,mean,,both,adult,,,,,,,,,,,
Occurrence,Odonestis pruni Lasiocampidae,Habitat,,3,,mean,,both,adult,,,,,,,,,,,
PreservedSpecimen,Odonestis pruni Lasiocampidae,Wingspan,,49.64,mm,mean,,both,adult,,,,,,,,,,,
PreservedSpecimen,Oligia latruncula Noctuidae,Status,,Previously unrecorded,,mean,,both,adult,,,,,,,,,,,
HumanObservation,Oligia latruncula Noctuidae,Classification of the degree of specialization Total,,10,score,mean,,both,adult,,,,,,,,,,,
HumanObservation,Oligia latruncula Noctuidae,Food,,2,,mean,,both,adult,,,,,,,,,,,
Occurrence,Oligia latruncula Noctuidae,North,"Geographical distance calculation (e.g., using GIS)",4,,mean,,both,adult,,,,,,,,,,,
Occurrence,Oligia latruncula Noctuidae,Habitat,,4,,mean,,both,adult,,,,,,,,,,,
PreservedSpecimen,Oligia latruncula Noctuidae,Wingspan,,25.46,mm,mean,,both,adult,,,,,,,,,,,
PreservedSpecimen,Opisthograptis luteolata Geometridae,Status,,Persistent,,mean,,both,adult,,,,,,,,,,,
HumanObservation,Opisthograptis luteolata Geometridae,Classification of the degree of specialization Total,,11,score,mean,,both,adult,,,,,,,,,,,
HumanObservation,Opisthograptis luteolata Geometridae,Food,,3,,mean,,both,adult,,,,,,,,,,,
Occurrence,Opisthograptis luteolata Geometridae,North,"Geographical distance calculation (e.g., using GIS)",4,,mean,,both,adult,,,,,,,,,,,
Occurrence,Opisthograptis luteolata Geometridae,Habitat,,4,,mean,,both,adult,,,,,,,,,,,
PreservedSpecimen,Opisthograptis luteolata Geometridae,Wingspan,,34.41,mm,mean,,both,adult,,,,,,,,,,,
PreservedSpecimen,Orgyia antiqua Erebidae,Status,,Previously unrecorded,,mean,,both,adult,,,,,,,,,,,
HumanObservation,Orgyia antiqua Erebidae,Classification of the degree of specialization Total,,12,score,mean,,both,adult,,,,,,,,,,,
HumanObservation,Orgyia antiqua Erebidae,Food,,4,,mean,,both,adult,,,,,,,,,,,
Occurrence,Orgyia antiqua Erebidae,North,"Geographical distance calculation (e.g., using GIS)",4,,mean,,both,adult,,,,,,,,,,,
Occurrence,Orgyia antiqua Erebidae,Habitat,,4,,mean,,both,adult,,,,,,,,,,,
PreservedSpecimen,Orgyia antiqua Erebidae,Wingspan,,27.39,mm,mean,,both,adult,,,,,,,,,,,
PreservedSpecimen,Orgyia recens Erebidae,Status,,Persistent,,mean,,both,adult,,,,,,,,,,,
HumanObservation,Orgyia recens Erebidae,Classification of the degree of specialization Total,,10,score,mean,,both,adult,,,,,,,,,,,
HumanObservation,Orgyia recens Erebidae,Food,,3,,mean,,both,adult,,,,,,,,,,,
Occurrence,Orgyia recens Erebidae,North,"Geographical distance calculation (e.g., using GIS)",4,,mean,,both,adult,,,,,,,,,,,
Occurrence,Orgyia recens Erebidae,Habitat,,3,,mean,,both,adult,,,,,,,,,,,
PreservedSpecimen,Orgyia recens Erebidae,Wingspan,,37.42,mm,mean,,both,adult,,,,,,,,,,,
PreservedSpecimen,Orthonama vittata Geometridae,Status,,Persistent,,mean,,both,adult,,,,,,,,,,,
HumanObservation,Orthonama vittata Geometridae,Classification of the degree of specialization Total,,11,score,mean,,both,adult,,,,,,,,,,,
HumanObservation,Orthonama vittata Geometridae,Food,,3,,mean,,both,adult,,,,,,,,,,,
Occurrence,Orthonama vittata Geometridae,North,"Geographical distance calculation (e.g., using GIS)",4,,mean,,both,adult,,,,,,,,,,,
Occurrence,Orthonama vittata Geometridae,Habitat,,4,,mean,,both,adult,,,,,,,,,,,
PreservedSpecimen,Orthonama vittata Geometridae,Wingspan,,24.45,mm,mean,,both,adult,,,,,,,,,,,
PreservedSpecimen,Parahypopta caestrum Cossidae,Status,,Previously unrecorded,,mean,,both,adult,,,,,,,,,,,
HumanObservation,Parahypopta caestrum Cossidae,Classification of the degree of specialization Total,,6,score,mean,,both,adult,,,,,,,,,,,
HumanObservation,Parahypopta caestrum Cossidae,Food,,1,,mean,,both,adult,,,,,,,,,,,
Occurrence,Parahypopta caestrum Cossidae,North,"Geographical distance calculation (e.g., using GIS)",3,,mean,,both,adult,,,,,,,,,,,
Occurrence,Parahypopta caestrum Cossidae,Habitat,,2,,mean,,both,adult,,,,,,,,,,,
PreservedSpecimen,Parahypopta caestrum Cossidae,Wingspan,,29.58,mm,mean,,both,adult,,,,,,,,,,,
PreservedSpecimen,Parascotia fuliginaria Erebidae,Status,,Previously unrecorded,,mean,,both,adult,,,,,,,,,,,
HumanObservation,Parascotia fuliginaria Erebidae,Classification of the degree of specialization Total,,10,score,mean,,both,adult,,,,,,,,,,,
HumanObservation,Parascotia fuliginaria Erebidae,Food,,2,,mean,,both,adult,,,,,,,,,,,
Occurrence,Parascotia fuliginaria Erebidae,North,"Geographical distance calculation (e.g., using GIS)",4,,mean,,both,adult,,,,,,,,,,,
Occurrence,Parascotia fuliginaria Erebidae,Habitat,,4,,mean,,both,adult,,,,,,,,,,,
PreservedSpecimen,Parascotia fuliginaria Erebidae,Wingspan,,22.45,mm,mean,,both,adult,,,,,,,,,,,
PreservedSpecimen,Pasiphila chloerata Geometridae,Status,,Previously unrecorded,,mean,,both,adult,,,,,,,,,,,
HumanObservation,Pasiphila chloerata Geometridae,Classification of the degree of specialization Total,,8,score,mean,,both,adult,,,,,,,,,,,
HumanObservation,Pasiphila chloerata Geometridae,Food,,1,,mean,,both,adult,,,,,,,,,,,
Occurrence,Pasiphila chloerata Geometridae,North,"Geographical distance calculation (e.g., using GIS)",4,,mean,,both,adult,,,,,,,,,,,
Occurrence,Pasiphila chloerata Geometridae,Habitat,,3,,mean,,both,adult,,,,,,,,,,,
PreservedSpecimen,Pasiphila chloerata Geometridae,Wingspan,,17.97,mm,mean,,both,adult,,,,,,,,,,,
PreservedSpecimen,Pechipogo plumigeralis Erebidae,Status,,Previously unrecorded,,mean,,both,adult,,,,,,,,,,,
HumanObservation,Pechipogo plumigeralis Erebidae,Classification of the degree of specialization Total,,8,score,mean,,both,adult,,,,,,,,,,,
HumanObservation,Pechipogo plumigeralis Erebidae,Food,,3,,mean,,both,adult,,,,,,,,,,,
Occurrence,Pechipogo plumigeralis Erebidae,North,"Geographical distance calculation (e.g., using GIS)",3,,mean,,both,adult,,,,,,,,,,,
Occurrence,Pechipogo plumigeralis Erebidae,Habitat,,2,,mean,,both,adult,,,,,,,,,,,
PreservedSpecimen,Pechipogo plumigeralis Erebidae,Wingspan,,23.92,mm,mean,,both,adult,,,,,,,,,,,
PreservedSpecimen,Pelosia muscerda Erebidae,Status,,Persistent,,mean,,both,adult,,,,,,,,,,,
HumanObservation,Pelosia muscerda Erebidae,Classification of the degree of specialization Total,,7,score,mean,,both,adult,,,,,,,,,,,
HumanObservation,Pelosia muscerda Erebidae,Food,,1,,mean,,both,adult,,,,,,,,,,,
Occurrence,Pelosia muscerda Erebidae,North,"Geographical distance calculation (e.g., using GIS)",4,,mean,,both,adult,,,,,,,,,,,
Occurrence,Pelosia muscerda Erebidae,Habitat,,2,,mean,,both,adult,,,,,,,,,,,
PreservedSpecimen,Pelosia muscerda Erebidae,Wingspan,,25.92,mm,mean,,both,adult,,,,,,,,,,,
PreservedSpecimen,Pelosia obtusa Erebidae,Status,,Persistent,,mean,,both,adult,,,,,,,,,,,
HumanObservation,Pelosia obtusa Erebidae,Classification of the degree of specialization Total,,6,score,mean,,both,adult,,,,,,,,,,,
HumanObservation,Pelosia obtusa Erebidae,Food,,1,,mean,,both,adult,,,,,,,,,,,
Occurrence,Pelosia obtusa Erebidae,North,"Geographical distance calculation (e.g., using GIS)",4,,mean,,both,adult,,,,,,,,,,,
Occurrence,Pelosia obtusa Erebidae,Habitat,,1,,mean,,both,adult,,,,,,,,,,,
PreservedSpecimen,Pelosia obtusa Erebidae,Wingspan,,24.98,mm,mean,,both,adult,,,,,,,,,,,
PreservedSpecimen,Pelurga comitata Geometridae,Status,,Lost,,mean,,both,adult,,,,,,,,,,,
HumanObservation,Pelurga comitata Geometridae,Classification of the degree of specialization Total,,10,score,mean,,both,adult,,,,,,,,,,,
HumanObservation,Pelurga comitata Geometridae,Food,,2,,mean,,both,adult,,,,,,,,,,,
Occurrence,Pelurga comitata Geometridae,North,"Geographical distance calculation (e.g., using GIS)",4,,mean,,both,adult,,,,,,,,,,,
Occurrence,Pelurga comitata Geometridae,Habitat,,4,,mean,,both,adult,,,,,,,,,,,
PreservedSpecimen,Pelurga comitata Geometridae,Wingspan,,27.39,mm,mean,,both,adult,,,,,,,,,,,
PreservedSpecimen,Peribatodes rhomboidaria Geometridae,Status,,Persistent,,mean,,both,adult,,,,,,,,,,,
HumanObservation,Peribatodes rhomboidaria Geometridae,Classification of the degree of specialization Total,,12,score,mean,,both,adult,,,,,,,,,,,
HumanObservation,Peribatodes rhomboidaria Geometridae,Food,,4,,mean,,both,adult,,,,,,,,,,,
Occurrence,Peribatodes rhomboidaria Geometridae,North,"Geographical distance calculation (e.g., using GIS)",4,,mean,,both,adult,,,,,,,,,,,
Occurrence,Peribatodes rhomboidaria Geometridae,Habitat,,4,,mean,,both,adult,,,,,,,,,,,
PreservedSpecimen,Peribatodes rhomboidaria Geometridae,Wingspan,,33.76,mm,mean,,both,adult,,,,,,,,,,,
PreservedSpecimen,Peridea anceps Notodontidae,Status,,Lost,,mean,,both,adult,,,,,,,,,,,
HumanObservation,Peridea anceps Notodontidae,Classification of the degree of specialization Total,,9,score,mean,,both,adult,,,,,,,,,,,
HumanObservation,Peridea anceps Notodontidae,Food,,1,,mean,,both,adult,,,,,,,,,,,
Occurrence,Peridea anceps Notodontidae,North,"Geographical distance calculation (e.g., using GIS)",4,,mean,,both,adult,,,,,,,,,,,
Occurrence,Peridea anceps Notodontidae,Habitat,,4,,mean,,both,adult,,,,,,,,,,,
PreservedSpecimen,Peridea anceps Notodontidae,Wingspan,,57.01,mm,mean,,both,adult,,,,,,,,,,,
PreservedSpecimen,Perizoma flavofasciata Geometridae,Status,,Previously unrecorded,,mean,,both,adult,,,,,,,,,,,
HumanObservation,Perizoma flavofasciata Geometridae,Classification of the degree of specialization Total,,10,score,mean,,both,adult,,,,,,,,,,,
HumanObservation,Perizoma flavofasciata Geometridae,Food,,2,,mean,,both,adult,,,,,,,,,,,
Occurrence,Perizoma flavofasciata Geometridae,North,"Geographical distance calculation (e.g., using GIS)",4,,mean,,both,adult,,,,,,,,,,,
Occurrence,Perizoma flavofasciata Geometridae,Habitat,,4,,mean,,both,adult,,,,,,,,,,,
PreservedSpecimen,Perizoma flavofasciata Geometridae,Wingspan,,28.84,mm,mean,,both,adult,,,,,,,,,,,
PreservedSpecimen,Petrophora chlorosata Geometridae,Status,,Persistent,,mean,,both,adult,,,,,,,,,,,
HumanObservation,Petrophora chlorosata Geometridae,Classification of the degree of specialization Total,,7,score,mean,,both,adult,,,,,,,,,,,
HumanObservation,Petrophora chlorosata Geometridae,Food,,1,,mean,,both,adult,,,,,,,,,,,
Occurrence,Petrophora chlorosata Geometridae,North,"Geographical distance calculation (e.g., using GIS)",4,,mean,,both,adult,,,,,,,,,,,
Occurrence,Petrophora chlorosata Geometridae,Habitat,,2,,mean,,both,adult,,,,,,,,,,,
PreservedSpecimen,Petrophora chlorosata Geometridae,Wingspan,,33.87,mm,mean,,both,adult,,,,,,,,,,,
PreservedSpecimen,Phaiogramma etruscaria Geometridae,Status,,Persistent,,mean,,both,adult,,,,,,,,,,,
HumanObservation,Phaiogramma etruscaria Geometridae,Classification of the degree of specialization Total,,6,score,mean,,both,adult,,,,,,,,,,,
HumanObservation,Phaiogramma etruscaria Geometridae,Food,,3,,mean,,both,adult,,,,,,,,,,,
Occurrence,Phaiogramma etruscaria Geometridae,North,"Geographical distance calculation (e.g., using GIS)",1,,mean,,both,adult,,,,,,,,,,,
Occurrence,Phaiogramma etruscaria Geometridae,Habitat,,2,,mean,,both,adult,,,,,,,,,,,
PreservedSpecimen,Phaiogramma etruscaria Geometridae,Wingspan,,17.89,mm,mean,,both,adult,,,,,,,,,,,
PreservedSpecimen,Phalera bucephala Notodontidae,Status,,Persistent,,mean,,both,adult,,,,,,,,,,,
HumanObservation,Phalera bucephala Notodontidae,Classification of the degree of specialization Total,,12,score,mean,,both,adult,,,,,,,,,,,
HumanObservation,Phalera bucephala Notodontidae,Food,,4,,mean,,both,adult,,,,,,,,,,,
Occurrence,Phalera bucephala Notodontidae,North,"Geographical distance calculation (e.g., using GIS)",4,,mean,,both,adult,,,,,,,,,,,
Occurrence,Phalera bucephala Notodontidae,Habitat,,4,,mean,,both,adult,,,,,,,,,,,
PreservedSpecimen,Phalera bucephala Notodontidae,Wingspan,,48.06,mm,mean,,both,adult,,,,,,,,,,,
PreservedSpecimen,Pheosia tremula Notodontidae,Status,,Persistent,,mean,,both,adult,,,,,,,,,,,
HumanObservation,Pheosia tremula Notodontidae,Classification of the degree of specialization Total,,10,score,mean,,both,adult,,,,,,,,,,,
HumanObservation,Pheosia tremula Notodontidae,Food,,2,,mean,,both,adult,,,,,,,,,,,
Occurrence,Pheosia tremula Notodontidae,North,"Geographical distance calculation (e.g., using GIS)",4,,mean,,both,adult,,,,,,,,,,,
Occurrence,Pheosia tremula Notodontidae,Habitat,,4,,mean,,both,adult,,,,,,,,,,,
PreservedSpecimen,Pheosia tremula Notodontidae,Wingspan,,49.75,mm,mean,,both,adult,,,,,,,,,,,
PreservedSpecimen,Philereme transversata Geometridae,Status,,Previously unrecorded,,mean,,both,adult,,,,,,,,,,,
HumanObservation,Philereme transversata Geometridae,Classification of the degree of specialization Total,,10,score,mean,,both,adult,,,,,,,,,,,
HumanObservation,Philereme transversata Geometridae,Food,,3,,mean,,both,adult,,,,,,,,,,,
Occurrence,Philereme transversata Geometridae,North,"Geographical distance calculation (e.g., using GIS)",4,,mean,,both,adult,,,,,,,,,,,
Occurrence,Philereme transversata Geometridae,Habitat,,3,,mean,,both,adult,,,,,,,,,,,
PreservedSpecimen,Philereme transversata Geometridae,Wingspan,,32.76,mm,mean,,both,adult,,,,,,,,,,,
PreservedSpecimen,Philereme vetulata Geometridae,Status,,Persistent,,mean,,both,adult,,,,,,,,,,,
HumanObservation,Philereme vetulata Geometridae,Classification of the degree of specialization Total,,11,score,mean,,both,adult,,,,,,,,,,,
HumanObservation,Philereme vetulata Geometridae,Food,,3,,mean,,both,adult,,,,,,,,,,,
Occurrence,Philereme vetulata Geometridae,North,"Geographical distance calculation (e.g., using GIS)",4,,mean,,both,adult,,,,,,,,,,,
Occurrence,Philereme vetulata Geometridae,Habitat,,4,,mean,,both,adult,,,,,,,,,,,
PreservedSpecimen,Philereme vetulata Geometridae,Wingspan,,26.83,mm,mean,,both,adult,,,,,,,,,,,
PreservedSpecimen,Photedes morrisii Noctuidae,Status,,Persistent,,mean,,both,adult,,,,,,,,,,,
HumanObservation,Photedes morrisii Noctuidae,Classification of the degree of specialization Total,,6,score,mean,,both,adult,,,,,,,,,,,
HumanObservation,Photedes morrisii Noctuidae,Food,,1,,mean,,both,adult,,,,,,,,,,,
Occurrence,Photedes morrisii Noctuidae,North,"Geographical distance calculation (e.g., using GIS)",4,,mean,,both,adult,,,,,,,,,,,
Occurrence,Photedes morrisii Noctuidae,Habitat,,1,,mean,,both,adult,,,,,,,,,,,
PreservedSpecimen,Photedes morrisii Noctuidae,Wingspan,,29.73,mm,mean,,both,adult,,,,,,,,,,,
PreservedSpecimen,Phragmataecia castaneae Cossidae,Status,,Persistent,,mean,,both,adult,,,,,,,,,,,
HumanObservation,Phragmataecia castaneae Cossidae,Classification of the degree of specialization Total,,6,score,mean,,both,adult,,,,,,,,,,,
HumanObservation,Phragmataecia castaneae Cossidae,Food,,1,,mean,,both,adult,,,,,,,,,,,
Occurrence,Phragmataecia castaneae Cossidae,North,"Geographical distance calculation (e.g., using GIS)",4,,mean,,both,adult,,,,,,,,,,,
Occurrence,Phragmataecia castaneae Cossidae,Habitat,,1,,mean,,both,adult,,,,,,,,,,,
PreservedSpecimen,Phragmataecia castaneae Cossidae,Wingspan,,36.74,mm,mean,,both,adult,,,,,,,,,,,
PreservedSpecimen,Phragmatobia fuliginosa Erebidae,Status,,Persistent,,mean,,both,adult,,,,,,,,,,,
HumanObservation,Phragmatobia fuliginosa Erebidae,Classification of the degree of specialization Total,,12,score,mean,,both,adult,,,,,,,,,,,
HumanObservation,Phragmatobia fuliginosa Erebidae,Food,,4,,mean,,both,adult,,,,,,,,,,,
Occurrence,Phragmatobia fuliginosa Erebidae,North,"Geographical distance calculation (e.g., using GIS)",4,,mean,,both,adult,,,,,,,,,,,
Occurrence,Phragmatobia fuliginosa Erebidae,Habitat,,4,,mean,,both,adult,,,,,,,,,,,
PreservedSpecimen,Phragmatobia fuliginosa Erebidae,Wingspan,,32.4,mm,mean,,both,adult,,,,,,,,,,,
PreservedSpecimen,Phyllophila obliterata Noctuidae,Status,,Persistent,,mean,,both,adult,,,,,,,,,,,
HumanObservation,Phyllophila obliterata Noctuidae,Classification of the degree of specialization Total,,4,score,mean,,both,adult,,,,,,,,,,,
HumanObservation,Phyllophila obliterata Noctuidae,Food,,1,,mean,,both,adult,,,,,,,,,,,
Occurrence,Phyllophila obliterata Noctuidae,North,"Geographical distance calculation (e.g., using GIS)",2,,mean,,both,adult,,,,,,,,,,,
Occurrence,Phyllophila obliterata Noctuidae,Habitat,,1,,mean,,both,adult,,,,,,,,,,,
PreservedSpecimen,Phyllophila obliterata Noctuidae,Wingspan,,22.49,mm,mean,,both,adult,,,,,,,,,,,
PreservedSpecimen,Plusia festucae Noctuidae,Status,,Lost,,mean,,both,adult,,,,,,,,,,,
HumanObservation,Plusia festucae Noctuidae,Classification of the degree of specialization Total,,8,score,mean,,both,adult,,,,,,,,,,,
HumanObservation,Plusia festucae Noctuidae,Food,,2,,mean,,both,adult,,,,,,,,,,,
Occurrence,Plusia festucae Noctuidae,North,"Geographical distance calculation (e.g., using GIS)",4,,mean,,both,adult,,,,,,,,,,,
Occurrence,Plusia festucae Noctuidae,Habitat,,2,,mean,,both,adult,,,,,,,,,,,
PreservedSpecimen,Plusia festucae Noctuidae,Wingspan,,39.55,mm,mean,,both,adult,,,,,,,,,,,
PreservedSpecimen,Polyphaenis sericata Noctuidae,Status,,Previously unrecorded,,mean,,both,adult,,,,,,,,,,,
HumanObservation,Polyphaenis sericata Noctuidae,Classification of the degree of specialization Total,,6,score,mean,,both,adult,,,,,,,,,,,
HumanObservation,Polyphaenis sericata Noctuidae,Food,,3,,mean,,both,adult,,,,,,,,,,,
Occurrence,Polyphaenis sericata Noctuidae,North,"Geographical distance calculation (e.g., using GIS)",2,,mean,,both,adult,,,,,,,,,,,
Occurrence,Polyphaenis sericata Noctuidae,Habitat,,1,,mean,,both,adult,,,,,,,,,,,
PreservedSpecimen,Polyphaenis sericata Noctuidae,Wingspan,,41.99,mm,mean,,both,adult,,,,,,,,,,,
PreservedSpecimen,Pseudeustrotia candidula Noctuidae,Status,,Persistent,,mean,,both,adult,,,,,,,,,,,
HumanObservation,Pseudeustrotia candidula Noctuidae,Classification of the degree of specialization Total,,11,score,mean,,both,adult,,,,,,,,,,,
HumanObservation,Pseudeustrotia candidula Noctuidae,Food,,3,,mean,,both,adult,,,,,,,,,,,
Occurrence,Pseudeustrotia candidula Noctuidae,North,"Geographical distance calculation (e.g., using GIS)",4,,mean,,both,adult,,,,,,,,,,,
Occurrence,Pseudeustrotia candidula Noctuidae,Habitat,,4,,mean,,both,adult,,,,,,,,,,,
PreservedSpecimen,Pseudeustrotia candidula Noctuidae,Wingspan,,21.98,mm,mean,,both,adult,,,,,,,,,,,
PreservedSpecimen,Pseudoips prasinana Nolidae,Status,,Persistent,,mean,,both,adult,,,,,,,,,,,
HumanObservation,Pseudoips prasinana Nolidae,Classification of the degree of specialization Total,,11,score,mean,,both,adult,,,,,,,,,,,
HumanObservation,Pseudoips prasinana Nolidae,Food,,4,,mean,,both,adult,,,,,,,,,,,
Occurrence,Pseudoips prasinana Nolidae,North,"Geographical distance calculation (e.g., using GIS)",4,,mean,,both,adult,,,,,,,,,,,
Occurrence,Pseudoips prasinana Nolidae,Habitat,,3,,mean,,both,adult,,,,,,,,,,,
PreservedSpecimen,Pseudoips prasinana Nolidae,Wingspan,,32.4,mm,mean,,both,adult,,,,,,,,,,,
PreservedSpecimen,Pseudoterpna pruinata Geometridae,Status,,Lost,,mean,,both,adult,,,,,,,,,,,
HumanObservation,Pseudoterpna pruinata Geometridae,Classification of the degree of specialization Total,,8,score,mean,,both,adult,,,,,,,,,,,
HumanObservation,Pseudoterpna pruinata Geometridae,Food,,2,,mean,,both,adult,,,,,,,,,,,
Occurrence,Pseudoterpna pruinata Geometridae,North,"Geographical distance calculation (e.g., using GIS)",4,,mean,,both,adult,,,,,,,,,,,
Occurrence,Pseudoterpna pruinata Geometridae,Habitat,,2,,mean,,both,adult,,,,,,,,,,,
PreservedSpecimen,Pseudoterpna pruinata Geometridae,Wingspan,,32.4,mm,mean,,both,adult,,,,,,,,,,,
PreservedSpecimen,Pterostoma palpina Notodontidae,Status,,Persistent,,mean,,both,adult,,,,,,,,,,,
HumanObservation,Pterostoma palpina Notodontidae,Classification of the degree of specialization Total,,11,score,mean,,both,adult,,,,,,,,,,,
HumanObservation,Pterostoma palpina Notodontidae,Food,,3,,mean,,both,adult,,,,,,,,,,,
Occurrence,Pterostoma palpina Notodontidae,North,"Geographical distance calculation (e.g., using GIS)",4,,mean,,both,adult,,,,,,,,,,,
Occurrence,Pterostoma palpina Notodontidae,Habitat,,4,,mean,,both,adult,,,,,,,,,,,
PreservedSpecimen,Pterostoma palpina Notodontidae,Wingspan,,43.87,mm,mean,,both,adult,,,,,,,,,,,
PreservedSpecimen,Pyrrhia umbra Noctuidae,Status,,Persistent,,mean,,both,adult,,,,,,,,,,,
HumanObservation,Pyrrhia umbra Noctuidae,Classification of the degree of specialization Total,,12,score,mean,,both,adult,,,,,,,,,,,
HumanObservation,Pyrrhia umbra Noctuidae,Food,,4,,mean,,both,adult,,,,,,,,,,,
Occurrence,Pyrrhia umbra Noctuidae,North,"Geographical distance calculation (e.g., using GIS)",4,,mean,,both,adult,,,,,,,,,,,
Occurrence,Pyrrhia umbra Noctuidae,Habitat,,4,,mean,,both,adult,,,,,,,,,,,
PreservedSpecimen,Pyrrhia umbra Noctuidae,Wingspan,,30.74,mm,mean,,both,adult,,,,,,,,,,,
PreservedSpecimen,Rhizedra lutosa Noctuidae,Status,,Persistent,,mean,,both,adult,,,,,,,,,,,
HumanObservation,Rhizedra lutosa Noctuidae,Classification of the degree of specialization Total,,6,score,mean,,both,adult,,,,,,,,,,,
HumanObservation,Rhizedra lutosa Noctuidae,Food,,1,,mean,,both,adult,,,,,,,,,,,
Occurrence,Rhizedra lutosa Noctuidae,North,"Geographical distance calculation (e.g., using GIS)",4,,mean,,both,adult,,,,,,,,,,,
Occurrence,Rhizedra lutosa Noctuidae,Habitat,,1,,mean,,both,adult,,,,,,,,,,,
PreservedSpecimen,Rhizedra lutosa Noctuidae,Wingspan,,45.83,mm,mean,,both,adult,,,,,,,,,,,
PreservedSpecimen,Rivula sericealis Erebidae,Status,,Persistent,,mean,,both,adult,,,,,,,,,,,
HumanObservation,Rivula sericealis Erebidae,Classification of the degree of specialization Total,,10,score,mean,,both,adult,,,,,,,,,,,
HumanObservation,Rivula sericealis Erebidae,Food,,2,,mean,,both,adult,,,,,,,,,,,
Occurrence,Rivula sericealis Erebidae,North,"Geographical distance calculation (e.g., using GIS)",4,,mean,,both,adult,,,,,,,,,,,
Occurrence,Rivula sericealis Erebidae,Habitat,,4,,mean,,both,adult,,,,,,,,,,,
PreservedSpecimen,Rivula sericealis Erebidae,Wingspan,,19.9,mm,mean,,both,adult,,,,,,,,,,,
PreservedSpecimen,Schrankia costaestrigalis Erebidae,Status,,Persistent,,mean,,both,adult,,,,,,,,,,,
HumanObservation,Schrankia costaestrigalis Erebidae,Classification of the degree of specialization Total,,9,score,mean,,both,adult,,,,,,,,,,,
HumanObservation,Schrankia costaestrigalis Erebidae,Food,,3,,mean,,both,adult,,,,,,,,,,,
Occurrence,Schrankia costaestrigalis Erebidae,North,"Geographical distance calculation (e.g., using GIS)",4,,mean,,both,adult,,,,,,,,,,,
Occurrence,Schrankia costaestrigalis Erebidae,Habitat,,2,,mean,,both,adult,,,,,,,,,,,
PreservedSpecimen,Schrankia costaestrigalis Erebidae,Wingspan,,18.76,mm,mean,,both,adult,,,,,,,,,,,
PreservedSpecimen,Scopula caricaria Geometridae,Status,,Lost,,mean,,both,adult,,,,,,,,,,,
HumanObservation,Scopula caricaria Geometridae,Classification of the degree of specialization Total,,8,score,mean,,both,adult,,,,,,,,,,,
HumanObservation,Scopula caricaria Geometridae,Food,,2,,mean,,both,adult,,,,,,,,,,,
Occurrence,Scopula caricaria Geometridae,North,"Geographical distance calculation (e.g., using GIS)",4,,mean,,both,adult,,,,,,,,,,,
Occurrence,Scopula caricaria Geometridae,Habitat,,2,,mean,,both,adult,,,,,,,,,,,
PreservedSpecimen,Scopula caricaria Geometridae,Wingspan,,21.45,mm,mean,,both,adult,,,,,,,,,,,
PreservedSpecimen,Scopula emutaria Geometridae,Status,,Persistent,,mean,,both,adult,,,,,,,,,,,
HumanObservation,Scopula emutaria Geometridae,Classification of the degree of specialization Total,,8,score,mean,,both,adult,,,,,,,,,,,
HumanObservation,Scopula emutaria Geometridae,Food,,3,,mean,,both,adult,,,,,,,,,,,
Occurrence,Scopula emutaria Geometridae,North,"Geographical distance calculation (e.g., using GIS)",4,,mean,,both,adult,,,,,,,,,,,
Occurrence,Scopula emutaria Geometridae,Habitat,,1,,mean,,both,adult,,,,,,,,,,,
PreservedSpecimen,Scopula emutaria Geometridae,Wingspan,,24.45,mm,mean,,both,adult,,,,,,,,,,,
PreservedSpecimen,Scopula imitaria Geometridae,Status,,Previously unrecorded,,mean,,both,adult,,,,,,,,,,,
HumanObservation,Scopula imitaria Geometridae,Classification of the degree of specialization Total,,9,score,mean,,both,adult,,,,,,,,,,,
HumanObservation,Scopula imitaria Geometridae,Food,,3,,mean,,both,adult,,,,,,,,,,,
Occurrence,Scopula imitaria Geometridae,North,"Geographical distance calculation (e.g., using GIS)",4,,mean,,both,adult,,,,,,,,,,,
Occurrence,Scopula imitaria Geometridae,Habitat,,2,,mean,,both,adult,,,,,,,,,,,
PreservedSpecimen,Scopula imitaria Geometridae,Wingspan,,27.46,mm,mean,,both,adult,,,,,,,,,,,
PreservedSpecimen,Scopula nigropunctata Geometridae,Status,,Persistent,,mean,,both,adult,,,,,,,,,,,
HumanObservation,Scopula nigropunctata Geometridae,Classification of the degree of specialization Total,,12,score,mean,,both,adult,,,,,,,,,,,
HumanObservation,Scopula nigropunctata Geometridae,Food,,4,,mean,,both,adult,,,,,,,,,,,
Occurrence,Scopula nigropunctata Geometridae,North,"Geographical distance calculation (e.g., using GIS)",4,,mean,,both,adult,,,,,,,,,,,
Occurrence,Scopula nigropunctata Geometridae,Habitat,,4,,mean,,both,adult,,,,,,,,,,,
PreservedSpecimen,Scopula nigropunctata Geometridae,Wingspan,,31.4,mm,mean,,both,adult,,,,,,,,,,,
PreservedSpecimen,Scopula rubiginata Geometridae,Status,,Lost,,mean,,both,adult,,,,,,,,,,,
HumanObservation,Scopula rubiginata Geometridae,Classification of the degree of specialization Total,,10,score,mean,,both,adult,,,,,,,,,,,
HumanObservation,Scopula rubiginata Geometridae,Food,,4,,mean,,both,adult,,,,,,,,,,,
Occurrence,Scopula rubiginata Geometridae,North,"Geographical distance calculation (e.g., using GIS)",4,,mean,,both,adult,,,,,,,,,,,
Occurrence,Scopula rubiginata Geometridae,Habitat,,2,,mean,,both,adult,,,,,,,,,,,
PreservedSpecimen,Scopula rubiginata Geometridae,Wingspan,,17.32,mm,mean,,both,adult,,,,,,,,,,,
PreservedSpecimen,Scotopteryx cf mucronata Geometridae,Status,,Lost,,mean,,both,adult,,,,,,,,,,,
HumanObservation,Scotopteryx cf mucronata Geometridae,Classification of the degree of specialization Total,,8,score,mean,,both,adult,,,,,,,,,,,
HumanObservation,Scotopteryx cf mucronata Geometridae,Food,,2,,mean,,both,adult,,,,,,,,,,,
Occurrence,Scotopteryx cf mucronata Geometridae,North,"Geographical distance calculation (e.g., using GIS)",4,,mean,,both,adult,,,,,,,,,,,
Occurrence,Scotopteryx cf mucronata Geometridae,Habitat,,2,,mean,,both,adult,,,,,,,,,,,
PreservedSpecimen,Scotopteryx cf mucronata Geometridae,Wingspan,,33.76,mm,mean,,both,adult,,,,,,,,,,,
PreservedSpecimen,Scotopteryx luridata Geometridae,Status,,Lost,,mean,,both,adult,,,,,,,,,,,
HumanObservation,Scotopteryx luridata Geometridae,Classification of the degree of specialization Total,,7,score,mean,,both,adult,,,,,,,,,,,
HumanObservation,Scotopteryx luridata Geometridae,Food,,2,,mean,,both,adult,,,,,,,,,,,
Occurrence,Scotopteryx luridata Geometridae,North,"Geographical distance calculation (e.g., using GIS)",4,,mean,,both,adult,,,,,,,,,,,
Occurrence,Scotopteryx luridata Geometridae,Habitat,,1,,mean,,both,adult,,,,,,,,,,,
PreservedSpecimen,Scotopteryx luridata Geometridae,Wingspan,,34.87,mm,mean,,both,adult,,,,,,,,,,,
PreservedSpecimen,Senta flammea Noctuidae,Status,,Persistent,,mean,,both,adult,,,,,,,,,,,
HumanObservation,Senta flammea Noctuidae,Classification of the degree of specialization Total,,6,score,mean,,both,adult,,,,,,,,,,,
HumanObservation,Senta flammea Noctuidae,Food,,1,,mean,,both,adult,,,,,,,,,,,
Occurrence,Senta flammea Noctuidae,North,"Geographical distance calculation (e.g., using GIS)",4,,mean,,both,adult,,,,,,,,,,,
Occurrence,Senta flammea Noctuidae,Habitat,,1,,mean,,both,adult,,,,,,,,,,,
PreservedSpecimen,Senta flammea Noctuidae,Wingspan,,35.78,mm,mean,,both,adult,,,,,,,,,,,
PreservedSpecimen,Sesamia cretica Noctuidae,Status,,Persistent,,mean,,both,adult,,,,,,,,,,,
HumanObservation,Sesamia cretica Noctuidae,Classification of the degree of specialization Total,,7,score,mean,,both,adult,,,,,,,,,,,
HumanObservation,Sesamia cretica Noctuidae,Food,,2,,mean,,both,adult,,,,,,,,,,,
Occurrence,Sesamia cretica Noctuidae,North,"Geographical distance calculation (e.g., using GIS)",1,,mean,,both,adult,,,,,,,,,,,
Occurrence,Sesamia cretica Noctuidae,Habitat,,4,,mean,,both,adult,,,,,,,,,,,
PreservedSpecimen,Sesamia cretica Noctuidae,Wingspan,,31.4,mm,mean,,both,adult,,,,,,,,,,,
PreservedSpecimen,Sideridis rivularis Noctuidae,Status,,Persistent,,mean,,both,adult,,,,,,,,,,,
HumanObservation,Sideridis rivularis Noctuidae,Classification of the degree of specialization Total,,10,score,mean,,both,adult,,,,,,,,,,,
HumanObservation,Sideridis rivularis Noctuidae,Food,,2,,mean,,both,adult,,,,,,,,,,,
Occurrence,Sideridis rivularis Noctuidae,North,"Geographical distance calculation (e.g., using GIS)",4,,mean,,both,adult,,,,,,,,,,,
Occurrence,Sideridis rivularis Noctuidae,Habitat,,4,,mean,,both,adult,,,,,,,,,,,
PreservedSpecimen,Sideridis rivularis Noctuidae,Wingspan,,28.46,mm,mean,,both,adult,,,,,,,,,,,
PreservedSpecimen,Simyra albovenosa Noctuidae,Status,,Persistent,,mean,,both,adult,,,,,,,,,,,
HumanObservation,Simyra albovenosa Noctuidae,Classification of the degree of specialization Total,,9,score,mean,,both,adult,,,,,,,,,,,
HumanObservation,Simyra albovenosa Noctuidae,Food,,4,,mean,,both,adult,,,,,,,,,,,
Occurrence,Simyra albovenosa Noctuidae,North,"Geographical distance calculation (e.g., using GIS)",4,,mean,,both,adult,,,,,,,,,,,
Occurrence,Simyra albovenosa Noctuidae,Habitat,,1,,mean,,both,adult,,,,,,,,,,,
PreservedSpecimen,Simyra albovenosa Noctuidae,Wingspan,,35.78,mm,mean,,both,adult,,,,,,,,,,,
PreservedSpecimen,Smerinthus ocellata Sphingidae,Status,,Persistent,,mean,,both,adult,,,,,,,,,,,
HumanObservation,Smerinthus ocellata Sphingidae,Classification of the degree of specialization Total,,11,score,mean,,both,adult,,,,,,,,,,,
HumanObservation,Smerinthus ocellata Sphingidae,Food,,3,,mean,,both,adult,,,,,,,,,,,
Occurrence,Smerinthus ocellata Sphingidae,North,"Geographical distance calculation (e.g., using GIS)",4,,mean,,both,adult,,,,,,,,,,,
Occurrence,Smerinthus ocellata Sphingidae,Habitat,,4,,mean,,both,adult,,,,,,,,,,,
PreservedSpecimen,Smerinthus ocellata Sphingidae,Wingspan,,74.83,mm,mean,,both,adult,,,,,,,,,,,
PreservedSpecimen,Spatalia argentina Notodontidae,Status,,Lost,,mean,,both,adult,,,,,,,,,,,
HumanObservation,Spatalia argentina Notodontidae,Classification of the degree of specialization Total,,5,score,mean,,both,adult,,,,,,,,,,,
HumanObservation,Spatalia argentina Notodontidae,Food,,1,,mean,,both,adult,,,,,,,,,,,
Occurrence,Spatalia argentina Notodontidae,North,"Geographical distance calculation (e.g., using GIS)",2,,mean,,both,adult,,,,,,,,,,,
Occurrence,Spatalia argentina Notodontidae,Habitat,,2,,mean,,both,adult,,,,,,,,,,,
PreservedSpecimen,Spatalia argentina Notodontidae,Wingspan,,35.41,mm,mean,,both,adult,,,,,,,,,,,
PreservedSpecimen,Sphinx ligustri Sphingidae,Status,,Lost,,mean,,both,adult,,,,,,,,,,,
HumanObservation,Sphinx ligustri Sphingidae,Classification of the degree of specialization Total,,11,score,mean,,both,adult,,,,,,,,,,,
HumanObservation,Sphinx ligustri Sphingidae,Food,,3,,mean,,both,adult,,,,,,,,,,,
Occurrence,Sphinx ligustri Sphingidae,North,"Geographical distance calculation (e.g., using GIS)",4,,mean,,both,adult,,,,,,,,,,,
Occurrence,Sphinx ligustri Sphingidae,Habitat,,4,,mean,,both,adult,,,,,,,,,,,
PreservedSpecimen,Sphinx ligustri Sphingidae,Wingspan,,103.92,mm,mean,,both,adult,,,,,,,,,,,
PreservedSpecimen,Spilosoma lubricipeda Erebidae,Status,,Persistent,,mean,,both,adult,,,,,,,,,,,
HumanObservation,Spilosoma lubricipeda Erebidae,Classification of the degree of specialization Total,,12,score,mean,,both,adult,,,,,,,,,,,
HumanObservation,Spilosoma lubricipeda Erebidae,Food,,4,,mean,,both,adult,,,,,,,,,,,
Occurrence,Spilosoma lubricipeda Erebidae,North,"Geographical distance calculation (e.g., using GIS)",4,,mean,,both,adult,,,,,,,,,,,
Occurrence,Spilosoma lubricipeda Erebidae,Habitat,,4,,mean,,both,adult,,,,,,,,,,,
PreservedSpecimen,Spilosoma lubricipeda Erebidae,Wingspan,,40.4,mm,mean,,both,adult,,,,,,,,,,,
PreservedSpecimen,Spilosoma lutea Erebidae,Status,,Previously unrecorded,,mean,,both,adult,,,,,,,,,,,
HumanObservation,Spilosoma lutea Erebidae,Classification of the degree of specialization Total,,12,score,mean,,both,adult,,,,,,,,,,,
HumanObservation,Spilosoma lutea Erebidae,Food,,4,,mean,,both,adult,,,,,,,,,,,
Occurrence,Spilosoma lutea Erebidae,North,"Geographical distance calculation (e.g., using GIS)",4,,mean,,both,adult,,,,,,,,,,,
Occurrence,Spilosoma lutea Erebidae,Habitat,,4,,mean,,both,adult,,,,,,,,,,,
PreservedSpecimen,Spilosoma lutea Erebidae,Wingspan,,33.47,mm,mean,,both,adult,,,,,,,,,,,
PreservedSpecimen,Spilosoma urticae Erebidae,Status,,Lost,,mean,,both,adult,,,,,,,,,,,
HumanObservation,Spilosoma urticae Erebidae,Classification of the degree of specialization Total,,10,score,mean,,both,adult,,,,,,,,,,,
HumanObservation,Spilosoma urticae Erebidae,Food,,4,,mean,,both,adult,,,,,,,,,,,
Occurrence,Spilosoma urticae Erebidae,North,"Geographical distance calculation (e.g., using GIS)",4,,mean,,both,adult,,,,,,,,,,,
Occurrence,Spilosoma urticae Erebidae,Habitat,,2,,mean,,both,adult,,,,,,,,,,,
PreservedSpecimen,Spilosoma urticae Erebidae,Wingspan,,41.81,mm,mean,,both,adult,,,,,,,,,,,
PreservedSpecimen,Stauropus fagi Notodontidae,Status,,Previously unrecorded,,mean,,both,adult,,,,,,,,,,,
HumanObservation,Stauropus fagi Notodontidae,Classification of the degree of specialization Total,,10,score,mean,,both,adult,,,,,,,,,,,
HumanObservation,Stauropus fagi Notodontidae,Food,,4,,mean,,both,adult,,,,,,,,,,,
Occurrence,Stauropus fagi Notodontidae,North,"Geographical distance calculation (e.g., using GIS)",4,,mean,,both,adult,,,,,,,,,,,
Occurrence,Stauropus fagi Notodontidae,Habitat,,2,,mean,,both,adult,,,,,,,,,,,
PreservedSpecimen,Stauropus fagi Notodontidae,Wingspan,,51.96,mm,mean,,both,adult,,,,,,,,,,,
PreservedSpecimen,Stegania trimaculata Geometridae,Status,,Persistent,,mean,,both,adult,,,,,,,,,,,
HumanObservation,Stegania trimaculata Geometridae,Classification of the degree of specialization Total,,6,score,mean,,both,adult,,,,,,,,,,,
HumanObservation,Stegania trimaculata Geometridae,Food,,1,,mean,,both,adult,,,,,,,,,,,
Occurrence,Stegania trimaculata Geometridae,North,"Geographical distance calculation (e.g., using GIS)",3,,mean,,both,adult,,,,,,,,,,,
Occurrence,Stegania trimaculata Geometridae,Habitat,,2,,mean,,both,adult,,,,,,,,,,,
PreservedSpecimen,Stegania trimaculata Geometridae,Wingspan,,26.98,mm,mean,,both,adult,,,,,,,,,,,
PreservedSpecimen,Subacronicta megacephala Noctuidae,Status,,Persistent,,mean,,both,adult,,,,,,,,,,,
HumanObservation,Subacronicta megacephala Noctuidae,Classification of the degree of specialization Total,,11,score,mean,,both,adult,,,,,,,,,,,
HumanObservation,Subacronicta megacephala Noctuidae,Food,,3,,mean,,both,adult,,,,,,,,,,,
Occurrence,Subacronicta megacephala Noctuidae,North,"Geographical distance calculation (e.g., using GIS)",4,,mean,,both,adult,,,,,,,,,,,
Occurrence,Subacronicta megacephala Noctuidae,Habitat,,4,,mean,,both,adult,,,,,,,,,,,
PreservedSpecimen,Subacronicta megacephala Noctuidae,Wingspan,,41.95,mm,mean,,both,adult,,,,,,,,,,,
PreservedSpecimen,Synopsia sociaria Geometridae,Status,,Lost,,mean,,both,adult,,,,,,,,,,,
HumanObservation,Synopsia sociaria Geometridae,Classification of the degree of specialization Total,,6,score,mean,,both,adult,,,,,,,,,,,
HumanObservation,Synopsia sociaria Geometridae,Food,,3,,mean,,both,adult,,,,,,,,,,,
Occurrence,Synopsia sociaria Geometridae,North,"Geographical distance calculation (e.g., using GIS)",2,,mean,,both,adult,,,,,,,,,,,
Occurrence,Synopsia sociaria Geometridae,Habitat,,1,,mean,,both,adult,,,,,,,,,,,
PreservedSpecimen,Synopsia sociaria Geometridae,Wingspan,,35.07,mm,mean,,both,adult,,,,,,,,,,,
PreservedSpecimen,Tephronia sepiaria Geometridae,Status,,Lost,,mean,,both,adult,,,,,,,,,,,
HumanObservation,Tephronia sepiaria Geometridae,Classification of the degree of specialization Total,,7,score,mean,,both,adult,,,,,,,,,,,
HumanObservation,Tephronia sepiaria Geometridae,Food,,2,,mean,,both,adult,,,,,,,,,,,
Occurrence,Tephronia sepiaria Geometridae,North,"Geographical distance calculation (e.g., using GIS)",2,,mean,,both,adult,,,,,,,,,,,
Occurrence,Tephronia sepiaria Geometridae,Habitat,,3,,mean,,both,adult,,,,,,,,,,,
PreservedSpecimen,Tephronia sepiaria Geometridae,Wingspan,,19.97,mm,mean,,both,adult,,,,,,,,,,,
PreservedSpecimen,Tethea ocularis Drepanidae,Status,,Persistent,,mean,,both,adult,,,,,,,,,,,
HumanObservation,Tethea ocularis Drepanidae,Classification of the degree of specialization Total,,9,score,mean,,both,adult,,,,,,,,,,,
HumanObservation,Tethea ocularis Drepanidae,Food,,1,,mean,,both,adult,,,,,,,,,,,
Occurrence,Tethea ocularis Drepanidae,North,"Geographical distance calculation (e.g., using GIS)",4,,mean,,both,adult,,,,,,,,,,,
Occurrence,Tethea ocularis Drepanidae,Habitat,,4,,mean,,both,adult,,,,,,,,,,,
PreservedSpecimen,Tethea ocularis Drepanidae,Wingspan,,34.87,mm,mean,,both,adult,,,,,,,,,,,
PreservedSpecimen,Thalera fimbrialis Geometridae,Status,,Persistent,,mean,,both,adult,,,,,,,,,,,
HumanObservation,Thalera fimbrialis Geometridae,Classification of the degree of specialization Total,,11,score,mean,,both,adult,,,,,,,,,,,
HumanObservation,Thalera fimbrialis Geometridae,Food,,4,,mean,,both,adult,,,,,,,,,,,
Occurrence,Thalera fimbrialis Geometridae,North,"Geographical distance calculation (e.g., using GIS)",4,,mean,,both,adult,,,,,,,,,,,
Occurrence,Thalera fimbrialis Geometridae,Habitat,,3,,mean,,both,adult,,,,,,,,,,,
PreservedSpecimen,Thalera fimbrialis Geometridae,Wingspan,,27.39,mm,mean,,both,adult,,,,,,,,,,,
PreservedSpecimen,Thaumetopoea pityocampa Notodontidae,Status,,Persistent,,mean,,both,adult,,,,,,,,,,,
HumanObservation,Thaumetopoea pityocampa Notodontidae,Classification of the degree of specialization Total,,4,score,mean,,both,adult,,,,,,,,,,,
HumanObservation,Thaumetopoea pityocampa Notodontidae,Food,,2,,mean,,both,adult,,,,,,,,,,,
Occurrence,Thaumetopoea pityocampa Notodontidae,North,"Geographical distance calculation (e.g., using GIS)",1,,mean,,both,adult,,,,,,,,,,,
Occurrence,Thaumetopoea pityocampa Notodontidae,Habitat,,1,,mean,,both,adult,,,,,,,,,,,
PreservedSpecimen,Thaumetopoea pityocampa Notodontidae,Wingspan,,38.24,mm,mean,,both,adult,,,,,,,,,,,
PreservedSpecimen,Thaumetopoea processionea Notodontidae,Status,,Lost,,mean,,both,adult,,,,,,,,,,,
HumanObservation,Thaumetopoea processionea Notodontidae,Classification of the degree of specialization Total,,9,score,mean,,both,adult,,,,,,,,,,,
HumanObservation,Thaumetopoea processionea Notodontidae,Food,,1,,mean,,both,adult,,,,,,,,,,,
Occurrence,Thaumetopoea processionea Notodontidae,North,"Geographical distance calculation (e.g., using GIS)",4,,mean,,both,adult,,,,,,,,,,,
Occurrence,Thaumetopoea processionea Notodontidae,Habitat,,4,,mean,,both,adult,,,,,,,,,,,
PreservedSpecimen,Thaumetopoea processionea Notodontidae,Wingspan,,29.58,mm,mean,,both,adult,,,,,,,,,,,
PreservedSpecimen,Thetidia smaragdaria Geometridae,Status,,Previously unrecorded,,mean,,both,adult,,,,,,,,,,,
HumanObservation,Thetidia smaragdaria Geometridae,Classification of the degree of specialization Total,,10,score,mean,,both,adult,,,,,,,,,,,
HumanObservation,Thetidia smaragdaria Geometridae,Food,,3,,mean,,both,adult,,,,,,,,,,,
Occurrence,Thetidia smaragdaria Geometridae,North,"Geographical distance calculation (e.g., using GIS)",4,,mean,,both,adult,,,,,,,,,,,
Occurrence,Thetidia smaragdaria Geometridae,Habitat,,3,,mean,,both,adult,,,,,,,,,,,
PreservedSpecimen,Thetidia smaragdaria Geometridae,Wingspan,,34.99,mm,mean,,both,adult,,,,,,,,,,,
PreservedSpecimen,Tholera decimalis Noctuidae,Status,,Lost,,mean,,both,adult,,,,,,,,,,,
HumanObservation,Tholera decimalis Noctuidae,Classification of the degree of specialization Total,,10,score,mean,,both,adult,,,,,,,,,,,
HumanObservation,Tholera decimalis Noctuidae,Food,,2,,mean,,both,adult,,,,,,,,,,,
Occurrence,Tholera decimalis Noctuidae,North,"Geographical distance calculation (e.g., using GIS)",4,,mean,,both,adult,,,,,,,,,,,
Occurrence,Tholera decimalis Noctuidae,Habitat,,4,,mean,,both,adult,,,,,,,,,,,
PreservedSpecimen,Tholera decimalis Noctuidae,Wingspan,,37.95,mm,mean,,both,adult,,,,,,,,,,,
PreservedSpecimen,Thumatha senex Erebidae,Status,,Persistent,,mean,,both,adult,,,,,,,,,,,
HumanObservation,Thumatha senex Erebidae,Classification of the degree of specialization Total,,6,score,mean,,both,adult,,,,,,,,,,,
HumanObservation,Thumatha senex Erebidae,Food,,1,,mean,,both,adult,,,,,,,,,,,
Occurrence,Thumatha senex Erebidae,North,"Geographical distance calculation (e.g., using GIS)",4,,mean,,both,adult,,,,,,,,,,,
Occurrence,Thumatha senex Erebidae,Habitat,,1,,mean,,both,adult,,,,,,,,,,,
PreservedSpecimen,Thumatha senex Erebidae,Wingspan,,17.32,mm,mean,,both,adult,,,,,,,,,,,
PreservedSpecimen,Thyatira batis Drepanidae,Status,,Persistent,,mean,,both,adult,,,,,,,,,,,
HumanObservation,Thyatira batis Drepanidae,Classification of the degree of specialization Total,,8,score,mean,,both,adult,,,,,,,,,,,
HumanObservation,Thyatira batis Drepanidae,Food,,1,,mean,,both,adult,,,,,,,,,,,
Occurrence,Thyatira batis Drepanidae,North,"Geographical distance calculation (e.g., using GIS)",4,,mean,,both,adult,,,,,,,,,,,
Occurrence,Thyatira batis Drepanidae,Habitat,,3,,mean,,both,adult,,,,,,,,,,,
PreservedSpecimen,Thyatira batis Drepanidae,Wingspan,,34.87,mm,mean,,both,adult,,,,,,,,,,,
PreservedSpecimen,Timandra comae Geometridae,Status,,Persistent,,mean,,both,adult,,,,,,,,,,,
HumanObservation,Timandra comae Geometridae,Classification of the degree of specialization Total,,10,score,mean,,both,adult,,,,,,,,,,,
HumanObservation,Timandra comae Geometridae,Food,,2,,mean,,both,adult,,,,,,,,,,,
Occurrence,Timandra comae Geometridae,North,"Geographical distance calculation (e.g., using GIS)",4,,mean,,both,adult,,,,,,,,,,,
Occurrence,Timandra comae Geometridae,Habitat,,4,,mean,,both,adult,,,,,,,,,,,
PreservedSpecimen,Timandra comae Geometridae,Wingspan,,25.38,mm,mean,,both,adult,,,,,,,,,,,
PreservedSpecimen,Trachea atriplicis Noctuidae,Status,,Persistent,,mean,,both,adult,,,,,,,,,,,
HumanObservation,Trachea atriplicis Noctuidae,Classification of the degree of specialization Total,,11,score,mean,,both,adult,,,,,,,,,,,
HumanObservation,Trachea atriplicis Noctuidae,Food,,3,,mean,,both,adult,,,,,,,,,,,
Occurrence,Trachea atriplicis Noctuidae,North,"Geographical distance calculation (e.g., using GIS)",4,,mean,,both,adult,,,,,,,,,,,
Occurrence,Trachea atriplicis Noctuidae,Habitat,,4,,mean,,both,adult,,,,,,,,,,,
PreservedSpecimen,Trachea atriplicis Noctuidae,Wingspan,,39.95,mm,mean,,both,adult,,,,,,,,,,,
PreservedSpecimen,Trichiura crataegi Lasiocampidae,Status,,Persistent,,mean,,both,adult,,,,,,,,,,,
HumanObservation,Trichiura crataegi Lasiocampidae,Classification of the degree of specialization Total,,9,score,mean,,both,adult,,,,,,,,,,,
HumanObservation,Trichiura crataegi Lasiocampidae,Food,,3,,mean,,both,adult,,,,,,,,,,,
Occurrence,Trichiura crataegi Lasiocampidae,North,"Geographical distance calculation (e.g., using GIS)",4,,mean,,both,adult,,,,,,,,,,,
Occurrence,Trichiura crataegi Lasiocampidae,Habitat,,2,,mean,,both,adult,,,,,,,,,,,
PreservedSpecimen,Trichiura crataegi Lasiocampidae,Wingspan,,27.39,mm,mean,,both,adult,,,,,,,,,,,
PreservedSpecimen,Trigonophora flammea Noctuidae,Status,,Previously unrecorded,,mean,,both,adult,,,,,,,,,,,
HumanObservation,Trigonophora flammea Noctuidae,Classification of the degree of specialization Total,,9,score,mean,,both,adult,,,,,,,,,,,
HumanObservation,Trigonophora flammea Noctuidae,Food,,4,,mean,,both,adult,,,,,,,,,,,
Occurrence,Trigonophora flammea Noctuidae,North,"Geographical distance calculation (e.g., using GIS)",3,,mean,,both,adult,,,,,,,,,,,
Occurrence,Trigonophora flammea Noctuidae,Habitat,,2,,mean,,both,adult,,,,,,,,,,,
PreservedSpecimen,Trigonophora flammea Noctuidae,Wingspan,,47.83,mm,mean,,both,adult,,,,,,,,,,,
PreservedSpecimen,Watsonalla binaria Drepanidae,Status,,Previously unrecorded,,mean,,both,adult,,,,,,,,,,,
HumanObservation,Watsonalla binaria Drepanidae,Classification of the degree of specialization Total,,6,score,mean,,both,adult,,,,,,,,,,,
HumanObservation,Watsonalla binaria Drepanidae,Food,,1,,mean,,both,adult,,,,,,,,,,,
Occurrence,Watsonalla binaria Drepanidae,North,"Geographical distance calculation (e.g., using GIS)",4,,mean,,both,adult,,,,,,,,,,,
Occurrence,Watsonalla binaria Drepanidae,Habitat,,1,,mean,,both,adult,,,,,,,,,,,
PreservedSpecimen,Watsonalla binaria Drepanidae,Wingspan,,23.24,mm,mean,,both,adult,,,,,,,,,,,
PreservedSpecimen,Watsonalla cultraria Drepanidae,Status,,Previously unrecorded,,mean,,both,adult,,,,,,,,,,,
HumanObservation,Watsonalla cultraria Drepanidae,Classification of the degree of specialization Total,,7,score,mean,,both,adult,,,,,,,,,,,
HumanObservation,Watsonalla cultraria Drepanidae,Food,,2,,mean,,both,adult,,,,,,,,,,,
Occurrence,Watsonalla cultraria Drepanidae,North,"Geographical distance calculation (e.g., using GIS)",4,,mean,,both,adult,,,,,,,,,,,
Occurrence,Watsonalla cultraria Drepanidae,Habitat,,1,,mean,,both,adult,,,,,,,,,,,
PreservedSpecimen,Watsonalla cultraria Drepanidae,Wingspan,,23.66,mm,mean,,both,adult,,,,,,,,,,,
PreservedSpecimen,Xanthia gilvago Noctuidae,Status,,Previously unrecorded,,mean,,both,adult,,,,,,,,,,,
HumanObservation,Xanthia gilvago Noctuidae,Classification of the degree of specialization Total,,11,score,mean,,both,adult,,,,,,,,,,,
HumanObservation,Xanthia gilvago Noctuidae,Food,,3,,mean,,both,adult,,,,,,,,,,,
Occurrence,Xanthia gilvago Noctuidae,North,"Geographical distance calculation (e.g., using GIS)",4,,mean,,both,adult,,,,,,,,,,,
Occurrence,Xanthia gilvago Noctuidae,Habitat,,4,,mean,,both,adult,,,,,,,,,,,
PreservedSpecimen,Xanthia gilvago Noctuidae,Wingspan,,34.87,mm,mean,,both,adult,,,,,,,,,,,
PreservedSpecimen,Xanthia ocellaris Noctuidae,Status,,Previously unrecorded,,mean,,both,adult,,,,,,,,,,,
HumanObservation,Xanthia ocellaris Noctuidae,Classification of the degree of specialization Total,,6,score,mean,,both,adult,,,,,,,,,,,
HumanObservation,Xanthia ocellaris Noctuidae,Food,,1,,mean,,both,adult,,,,,,,,,,,
Occurrence,Xanthia ocellaris Noctuidae,North,"Geographical distance calculation (e.g., using GIS)",4,,mean,,both,adult,,,,,,,,,,,
Occurrence,Xanthia ocellaris Noctuidae,Habitat,,1,,mean,,both,adult,,,,,,,,,,,
PreservedSpecimen,Xanthia ocellaris Noctuidae,Wingspan,,33.94,mm,mean,,both,adult,,,,,,,,,,,
PreservedSpecimen,Xanthorhoe ferrugata Geometridae,Status,,Previously unrecorded,,mean,,both,adult,,,,,,,,,,,
HumanObservation,Xanthorhoe ferrugata Geometridae,Classification of the degree of specialization Total,,10,score,mean,,both,adult,,,,,,,,,,,
HumanObservation,Xanthorhoe ferrugata Geometridae,Food,,3,,mean,,both,adult,,,,,,,,,,,
Occurrence,Xanthorhoe ferrugata Geometridae,North,"Geographical distance calculation (e.g., using GIS)",4,,mean,,both,adult,,,,,,,,,,,
Occurrence,Xanthorhoe ferrugata Geometridae,Habitat,,3,,mean,,both,adult,,,,,,,,,,,
PreservedSpecimen,Xanthorhoe ferrugata Geometridae,Wingspan,,19.9,mm,mean,,both,adult,,,,,,,,,,,
PreservedSpecimen,Xanthorhoe fluctuata Geometridae,Status,,Previously unrecorded,,mean,,both,adult,,,,,,,,,,,
HumanObservation,Xanthorhoe fluctuata Geometridae,Classification of the degree of specialization Total,,11,score,mean,,both,adult,,,,,,,,,,,
HumanObservation,Xanthorhoe fluctuata Geometridae,Food,,3,,mean,,both,adult,,,,,,,,,,,
Occurrence,Xanthorhoe fluctuata Geometridae,North,"Geographical distance calculation (e.g., using GIS)",4,,mean,,both,adult,,,,,,,,,,,
Occurrence,Xanthorhoe fluctuata Geometridae,Habitat,,4,,mean,,both,adult,,,,,,,,,,,
PreservedSpecimen,Xanthorhoe fluctuata Geometridae,Wingspan,,21.21,mm,mean,,both,adult,,,,,,,,,,,
PreservedSpecimen,Xanthorhoe vidanoi Geometridae,Status,,Lost,,mean,,both,adult,,,,,,,,,,,
HumanObservation,Xanthorhoe vidanoi Geometridae,Classification of the degree of specialization Total,,7,score,mean,,both,adult,,,,,,,,,,,
HumanObservation,Xanthorhoe vidanoi Geometridae,Food,,3,,mean,,both,adult,,,,,,,,,,,
Occurrence,Xanthorhoe vidanoi Geometridae,North,"Geographical distance calculation (e.g., using GIS)",1,,mean,,both,adult,,,,,,,,,,,
Occurrence,Xanthorhoe vidanoi Geometridae,Habitat,,3,,mean,,both,adult,,,,,,,,,,,
PreservedSpecimen,Xanthorhoe vidanoi Geometridae,Wingspan,,19.9,mm,mean,,both,adult,,,,,,,,,,,
PreservedSpecimen,Xestia xanthographa Noctuidae,Status,,Previously unrecorded,,mean,,both,adult,,,,,,,,,,,
HumanObservation,Xestia xanthographa Noctuidae,Classification of the degree of specialization Total,,11,score,mean,,both,adult,,,,,,,,,,,
HumanObservation,Xestia xanthographa Noctuidae,Food,,4,,mean,,both,adult,,,,,,,,,,,
Occurrence,Xestia xanthographa Noctuidae,North,"Geographical distance calculation (e.g., using GIS)",4,,mean,,both,adult,,,,,,,,,,,
Occurrence,Xestia xanthographa Noctuidae,Habitat,,3,,mean,,both,adult,,,,,,,,,,,
PreservedSpecimen,Xestia xanthographa Noctuidae,Wingspan,,33.47,mm,mean,,both,adult,,,,,,,,,,,
PreservedSpecimen,Zanclognatha lunalis Erebidae,Status,,Previously unrecorded,,mean,,both,adult,,,,,,,,,,,
HumanObservation,Zanclognatha lunalis Erebidae,Classification of the degree of specialization Total,,10,score,mean,,both,adult,,,,,,,,,,,
HumanObservation,Zanclognatha lunalis Erebidae,Food,,3,,mean,,both,adult,,,,,,,,,,,
Occurrence,Zanclognatha lunalis Erebidae,North,"Geographical distance calculation (e.g., using GIS)",4,,mean,,both,adult,,,,,,,,,,,
Occurrence,Zanclognatha lunalis Erebidae,Habitat,,3,,mean,,both,adult,,,,,,,,,,,
PreservedSpecimen,Zanclognatha lunalis Erebidae,Wingspan,,33.94,mm,mean,,both,adult,,,,,,,,,,,
PreservedSpecimen,Zeuzera pyrina Cossidae,Status,,Persistent,,mean,,both,adult,,,,,,,,,,,
HumanObservation,Zeuzera pyrina Cossidae,Classification of the degree of specialization Total,,12,score,mean,,both,adult,,,,,,,,,,,
HumanObservation,Zeuzera pyrina Cossidae,Food,,4,,mean,,both,adult,,,,,,,,,,,
Occurrence,Zeuzera pyrina Cossidae,North,"Geographical distance calculation (e.g., using GIS)",4,,mean,,both,adult,,,,,,,,,,,
Occurrence,Zeuzera pyrina Cossidae,Habitat,,4,,mean,,both,adult,,,,,,,,,,,
PreservedSpecimen,Zeuzera pyrina Cossidae,Wingspan,,45.83,mm,mean,,both,adult,,,,,,,,,,,
