basisOfRecord,verbatimIdentification,measurementType,measurementMethod,measurementValue ,measurementUnit,measurementStatistic,measurementRemarks,sex,lifeStage,caste,sampleSizeValue,sampleSizeUnit,sampleTreatment,samplingProtocol,verbatimLocality ,verbatimCoordinates,verbatimEventDate,associatedOccurrences,associatedReferences ,externalLink
PreservedSpecimen,Agonum muelleri,Body Size,,6–10.9 mm,,mode,,both,adult,,,,,,,,,,,
PreservedSpecimen,Agonum muelleri,Habitat Affinity,,Adaptable to various environmental conditions,,mode,,both,adult,,,,,,,,,,,
PreservedSpecimen,Agonum muelleri,Humidity Affinity,,Preferring moist places,,mode,,both,adult,,,,,,,,,,,
HumanObservation,Agonum muelleri,Breeding Period,,Spring,,mode,,both,adult,,,,,,,,,,,
PreservedSpecimen,Agonum muelleri,Food Specialization,"Determination of food specialization for each species based on captured specimens (Table S3, Supplementary Materials).",Carnivorous,,mode,,both,adult,,,,,,,,,,,
HumanObservation,Agonum muelleri,Tribe Tribe,,Platynini,count,single observation,,both,adult,,,,,,0,,,,,
PreservedSpecimen,Agonum muelleri,Total Total,Pitfall trapping followed by species identification and functional trait determination,256,count,single observation,,both,adult,,,,,,0,,,,,
PreservedSpecimen,Agonum muelleri,Incidence,,Least concern,,mode,,both,adult,,,,,,,,,,,
PreservedSpecimen,Agonum muelleri,Body size,,6–10.9 mm,,mode,,both,adult,,,,,,,,,,,
PreservedSpecimen,Agonum muelleri,Habitat affinity,,adaptable to various environmental conditions,,mode,,both,adult,,,,,,,,,,,
PreservedSpecimen,Agonum muelleri,Humidity affinity,Determination of functional traits (humidity affinity) for captured species,preferring moist places,,mode,,both,adult,,,,,,,,,,,
PreservedSpecimen,Agonum muelleri,Breeding period,"Hůrka, K. Carabidae of the Czech and Slovak Republics; Kabourek: Zlín, Czech Republic, 1996; p. 565",Spring,,mode,,both,adult,,,,,,,,,,,
PreservedSpecimen,Agonum muelleri,Food specialization,"Larochelle, A. The food of carabid beetles (Coleoptera: Carabidae, including Cicindelinae). Fabreries 1990, 5, 1–132.",Carnivorous,,mode,,both,adult,,,,,,,,,,,
PreservedSpecimen,Anchomenus dorsalis,Body Size,,6–10.9 mm,,mode,,both,adult,,,,,,,,,,,
PreservedSpecimen,Anchomenus dorsalis,Habitat Affinity,,Preferring open areas,,mode,,both,adult,,,,,,,,,,,
PreservedSpecimen,Anchomenus dorsalis,Humidity Affinity,,Preferring moist places,,mode,,both,adult,,,,,,,,,,,
HumanObservation,Anchomenus dorsalis,Breeding Period,,Spring,,mode,,both,adult,,,,,,,,,,,
PreservedSpecimen,Anchomenus dorsalis,Food Specialization,"Determination of food specialization for each species based on captured specimens (Table S3, Supplementary Materials).",Carnivorous,,mode,,both,adult,,,,,,,,,,,
HumanObservation,Anchomenus dorsalis,Tribe Tribe,,Platynini,count,single observation,,both,adult,,,,,,1071,,,,,
PreservedSpecimen,Anchomenus dorsalis,Total Total,Pitfall trapping followed by species identification and functional trait determination,1099,count,single observation,,both,adult,,,,,,1071,,,,,
PreservedSpecimen,Anchomenus dorsalis,Incidence,,Least concern,,mode,,both,adult,,,,,,,,,,,
PreservedSpecimen,Anchomenus dorsalis,Body size,,6–10.9 mm,,mode,,both,adult,,,,,,,,,,,
PreservedSpecimen,Anchomenus dorsalis,Habitat affinity,,preferring open areas,,mode,,both,adult,,,,,,,,,,,
PreservedSpecimen,Anchomenus dorsalis,Humidity affinity,Determination of functional traits (humidity affinity) for captured species,preferring moist places,,mode,,both,adult,,,,,,,,,,,
PreservedSpecimen,Anchomenus dorsalis,Breeding period,"Hůrka, K. Carabidae of the Czech and Slovak Republics; Kabourek: Zlín, Czech Republic, 1996; p. 565",Spring,,mode,,both,adult,,,,,,,,,,,
PreservedSpecimen,Anchomenus dorsalis,Food specialization,"Larochelle, A. The food of carabid beetles (Coleoptera: Carabidae, including Cicindelinae). Fabreries 1990, 5, 1–132.",Carnivorous,,mode,,both,adult,,,,,,,,,,,
PreservedSpecimen,Bembidion lampros,Body Size,,<5.9 mm,,mode,,both,adult,,,,,,,,,,,
PreservedSpecimen,Bembidion lampros,Habitat Affinity,,Preferring open areas,,mode,,both,adult,,,,,,,,,,,
PreservedSpecimen,Bembidion lampros,Humidity Affinity,,Adaptable to various environmental conditions,,mode,,both,adult,,,,,,,,,,,
HumanObservation,Bembidion lampros,Breeding Period,,Spring,,mode,,both,adult,,,,,,,,,,,
PreservedSpecimen,Bembidion lampros,Food Specialization,"Determination of food specialization for each species based on captured specimens (Table S3, Supplementary Materials).",Carnivorous,,mode,,both,adult,,,,,,,,,,,
HumanObservation,Bembidion lampros,Tribe Tribe,,Bembidiini,count,single observation,,both,adult,,,,,,0,,,,,
PreservedSpecimen,Bembidion lampros,Total Total,Pitfall trapping followed by species identification and functional trait determination,462,count,single observation,,both,adult,,,,,,0,,,,,
PreservedSpecimen,Bembidion lampros,Incidence,,Least concern,,mode,,both,adult,,,,,,,,,,,
PreservedSpecimen,Bembidion lampros,Body size,,<5.9 mm,,mode,,both,adult,,,,,,,,,,,
PreservedSpecimen,Bembidion lampros,Habitat affinity,,preferring open areas,,mode,,both,adult,,,,,,,,,,,
PreservedSpecimen,Bembidion lampros,Humidity affinity,Determination of functional traits (humidity affinity) for captured species,adaptable to various environmental conditions,,mode,,both,adult,,,,,,,,,,,
PreservedSpecimen,Bembidion lampros,Breeding period,"Hůrka, K. Carabidae of the Czech and Slovak Republics; Kabourek: Zlín, Czech Republic, 1996; p. 565",Spring,,mode,,both,adult,,,,,,,,,,,
PreservedSpecimen,Bembidion lampros,Food specialization,"Larochelle, A. The food of carabid beetles (Coleoptera: Carabidae, including Cicindelinae). Fabreries 1990, 5, 1–132.",Carnivorous,,mode,,both,adult,,,,,,,,,,,
PreservedSpecimen,Bembidion quadrimaculatum,Body Size,,<5.9 mm,,mode,,both,adult,,,,,,,,,,,
PreservedSpecimen,Bembidion quadrimaculatum,Habitat Affinity,,Preferring open areas,,mode,,both,adult,,,,,,,,,,,
PreservedSpecimen,Bembidion quadrimaculatum,Humidity Affinity,,Adaptable to various environmental conditions,,mode,,both,adult,,,,,,,,,,,
HumanObservation,Bembidion quadrimaculatum,Breeding Period,,Spring,,mode,,both,adult,,,,,,,,,,,
PreservedSpecimen,Bembidion quadrimaculatum,Food Specialization,"Determination of food specialization for each species based on captured specimens (Table S3, Supplementary Materials).",Carnivorous,,mode,,both,adult,,,,,,,,,,,
HumanObservation,Bembidion quadrimaculatum,Tribe Tribe,,Bembidiini,count,single observation,,both,adult,,,,,,0,,,,,
PreservedSpecimen,Bembidion quadrimaculatum,Total Total,Pitfall trapping followed by species identification and functional trait determination,1680,count,single observation,,both,adult,,,,,,0,,,,,
PreservedSpecimen,Bembidion quadrimaculatum,Incidence,,Least concern,,mode,,both,adult,,,,,,,,,,,
PreservedSpecimen,Bembidion quadrimaculatum,Body size,,<5.9 mm,,mode,,both,adult,,,,,,,,,,,
PreservedSpecimen,Bembidion quadrimaculatum,Habitat affinity,,preferring open areas,,mode,,both,adult,,,,,,,,,,,
PreservedSpecimen,Bembidion quadrimaculatum,Humidity affinity,Determination of functional traits (humidity affinity) for captured species,adaptable to various environmental conditions,,mode,,both,adult,,,,,,,,,,,
PreservedSpecimen,Bembidion quadrimaculatum,Breeding period,"Hůrka, K. Carabidae of the Czech and Slovak Republics; Kabourek: Zlín, Czech Republic, 1996; p. 565",Spring,,mode,,both,adult,,,,,,,,,,,
PreservedSpecimen,Bembidion quadrimaculatum,Food specialization,"Larochelle, A. The food of carabid beetles (Coleoptera: Carabidae, including Cicindelinae). Fabreries 1990, 5, 1–132.",Carnivorous,,mode,,both,adult,,,,,,,,,,,
PreservedSpecimen,Brachinus crepitans,Body Size,,6–10.9 mm,,mode,,both,adult,,,,,,,,,,,
PreservedSpecimen,Brachinus crepitans,Habitat Affinity,,Preferring open areas,,mode,,both,adult,,,,,,,,,,,
PreservedSpecimen,Brachinus crepitans,Humidity Affinity,,Preferring dry environmental conditions,,mode,,both,adult,,,,,,,,,,,
HumanObservation,Brachinus crepitans,Breeding Period,,Summer,,mode,,both,adult,,,,,,,,,,,
PreservedSpecimen,Brachinus crepitans,Food Specialization,"Determination of food specialization for each species based on captured specimens (Table S3, Supplementary Materials).",Carnivorous,,mode,,both,adult,,,,,,,,,,,
HumanObservation,Brachinus crepitans,Tribe Tribe,,Brachinini,count,single observation,,both,adult,,,,,,335,,,,,
PreservedSpecimen,Brachinus crepitans,Total Total,Pitfall trapping followed by species identification and functional trait determination,348,count,single observation,,both,adult,,,,,,335,,,,,
PreservedSpecimen,Brachinus crepitans,Incidence,,Least concern,,mode,,both,adult,,,,,,,,,,,
PreservedSpecimen,Brachinus crepitans,Body size,,6–10.9 mm,,mode,,both,adult,,,,,,,,,,,
PreservedSpecimen,Brachinus crepitans,Habitat affinity,,preferring open areas,,mode,,both,adult,,,,,,,,,,,
PreservedSpecimen,Brachinus crepitans,Humidity affinity,Determination of functional traits (humidity affinity) for captured species,preferring dry environmental conditions,,mode,,both,adult,,,,,,,,,,,
PreservedSpecimen,Brachinus crepitans,Breeding period,"Hůrka, K. Carabidae of the Czech and Slovak Republics; Kabourek: Zlín, Czech Republic, 1996; p. 565",Summer,,mode,,both,adult,,,,,,,,,,,
PreservedSpecimen,Brachinus crepitans,Food specialization,"Larochelle, A. The food of carabid beetles (Coleoptera: Carabidae, including Cicindelinae). Fabreries 1990, 5, 1–132.",Carnivorous,,mode,,both,adult,,,,,,,,,,,
PreservedSpecimen,Brachinus explondes,Body Size,,<5.9 mm,,mode,,both,adult,,,,,,,,,,,
PreservedSpecimen,Brachinus explondes,Habitat Affinity,,Preferring open areas,,mode,,both,adult,,,,,,,,,,,
PreservedSpecimen,Brachinus explondes,Humidity Affinity,,Preferring moist places,,mode,,both,adult,,,,,,,,,,,
HumanObservation,Brachinus explondes,Breeding Period,,Spring,,mode,,both,adult,,,,,,,,,,,
PreservedSpecimen,Brachinus explondes,Food Specialization,"Determination of food specialization for each species based on captured specimens (Table S3, Supplementary Materials).",Carnivorous,,mode,,both,adult,,,,,,,,,,,
PreservedSpecimen,Calathus fuscipes,Body Size,,11–21.9 mm,,mode,,both,adult,,,,,,,,,,,
PreservedSpecimen,Calathus fuscipes,Habitat Affinity,,Preferring open areas,,mode,,both,adult,,,,,,,,,,,
PreservedSpecimen,Calathus fuscipes,Humidity Affinity,,Preferring dry environmental conditions,,mode,,both,adult,,,,,,,,,,,
HumanObservation,Calathus fuscipes,Breeding Period,,Autumn,,mode,,both,adult,,,,,,,,,,,
PreservedSpecimen,Calathus fuscipes,Food Specialization,"Determination of food specialization for each species based on captured specimens (Table S3, Supplementary Materials).",Carnivorous,,mode,,both,adult,,,,,,,,,,,
HumanObservation,Calathus fuscipes,Tribe Tribe,,Platynini,count,single observation,,both,adult,,,,,,154,,,,,
PreservedSpecimen,Calathus fuscipes,Total Total,Pitfall trapping followed by species identification and functional trait determination,2811,count,single observation,,both,adult,,,,,,154,,,,,
PreservedSpecimen,Calathus fuscipes,Incidence,,Least concern,,mode,,both,adult,,,,,,,,,,,
PreservedSpecimen,Calathus fuscipes,Body size,,11–21.9 mm,,mode,,both,adult,,,,,,,,,,,
PreservedSpecimen,Calathus fuscipes,Habitat affinity,,preferring open areas,,mode,,both,adult,,,,,,,,,,,
PreservedSpecimen,Calathus fuscipes,Humidity affinity,Determination of functional traits (humidity affinity) for captured species,preferring dry environmental conditions,,mode,,both,adult,,,,,,,,,,,
PreservedSpecimen,Calathus fuscipes,Breeding period,"Hůrka, K. Carabidae of the Czech and Slovak Republics; Kabourek: Zlín, Czech Republic, 1996; p. 565",Autumn,,mode,,both,adult,,,,,,,,,,,
PreservedSpecimen,Calathus fuscipes,Food specialization,"Larochelle, A. The food of carabid beetles (Coleoptera: Carabidae, including Cicindelinae). Fabreries 1990, 5, 1–132.",Carnivorous,,mode,,both,adult,,,,,,,,,,,
PreservedSpecimen,Carabus granulatus,Body Size,,11–21.9 mm,,mode,,both,adult,,,,,,,,,,,
PreservedSpecimen,Carabus granulatus,Habitat Affinity,,Preferring woodlands,,mode,,both,adult,,,,,,,,,,,
PreservedSpecimen,Carabus granulatus,Humidity Affinity,,Preferring moist places,,mode,,both,adult,,,,,,,,,,,
HumanObservation,Carabus granulatus,Breeding Period,,Spring,,mode,,both,adult,,,,,,,,,,,
PreservedSpecimen,Carabus granulatus,Food Specialization,"Determination of food specialization for each species based on captured specimens (Table S3, Supplementary Materials).",Carnivorous,,mode,,both,adult,,,,,,,,,,,
HumanObservation,Carabus granulatus,Tribe Tribe,,Carabini,count,single observation,,both,adult,,,,,,0,,,,,
PreservedSpecimen,Carabus granulatus,Total Total,Pitfall trapping followed by species identification and functional trait determination,596,count,single observation,,both,adult,,,,,,0,,,,,
PreservedSpecimen,Carabus granulatus,Incidence,,Least concern,,mode,,both,adult,,,,,,,,,,,
PreservedSpecimen,Carabus granulatus,Body size,,11–21.9 mm,,mode,,both,adult,,,,,,,,,,,
PreservedSpecimen,Carabus granulatus,Habitat affinity,,preferring woodlands,,mode,,both,adult,,,,,,,,,,,
PreservedSpecimen,Carabus granulatus,Humidity affinity,Determination of functional traits (humidity affinity) for captured species,preferring moist places,,mode,,both,adult,,,,,,,,,,,
PreservedSpecimen,Carabus granulatus,Breeding period,"Hůrka, K. Carabidae of the Czech and Slovak Republics; Kabourek: Zlín, Czech Republic, 1996; p. 565",Spring,,mode,,both,adult,,,,,,,,,,,
PreservedSpecimen,Carabus granulatus,Food specialization,"Larochelle, A. The food of carabid beetles (Coleoptera: Carabidae, including Cicindelinae). Fabreries 1990, 5, 1–132.",Carnivorous,,mode,,both,adult,,,,,,,,,,,
PreservedSpecimen,Clivina fossor,Body Size,,6–10.9 mm,,mode,,both,adult,,,,,,,,,,,
PreservedSpecimen,Clivina fossor,Habitat Affinity,,Preferring open areas,,mode,,both,adult,,,,,,,,,,,
PreservedSpecimen,Clivina fossor,Humidity Affinity,,Preferring moist places,,mode,,both,adult,,,,,,,,,,,
HumanObservation,Clivina fossor,Breeding Period,,Spring,,mode,,both,adult,,,,,,,,,,,
PreservedSpecimen,Clivina fossor,Food Specialization,"Determination of food specialization for each species based on captured specimens (Table S3, Supplementary Materials).",Carnivorous,,mode,,both,adult,,,,,,,,,,,
HumanObservation,Clivina fossor,Tribe Tribe,,Clivinini,count,single observation,,both,adult,,,,,,0,,,,,
PreservedSpecimen,Clivina fossor,Total Total,Pitfall trapping followed by species identification and functional trait determination,325,count,single observation,,both,adult,,,,,,0,,,,,
PreservedSpecimen,Clivina fossor,Least concern,,Least concern,,mode,,both,adult,,,,,,,,,,,
PreservedSpecimen,Clivina fossor,B,,6–10.9 mm,,mode,,both,adult,,,,,,,,,,,
HumanObservation,Clivina fossor,Open biotopes,Determination of functional traits (including habitat affinity) for captured carabid species,Open biotopes,,mode,,both,adult,,,,,,,,,,,
PreservedSpecimen,Clivina fossor,Hygrophilous,Determination of functional trait (humidity affinity) from collected specimens,Hygrophilous,,mode,,both,adult,,,,,,,,,,,
PreservedSpecimen,Clivina fossor,Spring,,Spring,,mode,,both,adult,,,,,,,,,,,
PreservedSpecimen,Clivina fossor,Carnivorous,Food specialization determination based on species identification and functional classification,Carnivorous,,mode,,both,adult,,,,,,,,,,,
PreservedSpecimen,Harpalus affinis,Body Size,,6–10.9 mm,,mode,,both,adult,,,,,,,,,,,
PreservedSpecimen,Harpalus affinis,Habitat Affinity,,Preferring open areas,,mode,,both,adult,,,,,,,,,,,
PreservedSpecimen,Harpalus affinis,Humidity Affinity,,Adaptable to various environmental conditions,,mode,,both,adult,,,,,,,,,,,
HumanObservation,Harpalus affinis,Breeding Period,,Spring/summer/autumn,,mode,,both,adult,,,,,,,,,,,
PreservedSpecimen,Harpalus affinis,Food Specialization,"Determination of food specialization for each species based on captured specimens (Table S3, Supplementary Materials).",Omnivorous,,mode,,both,adult,,,,,,,,,,,
HumanObservation,Harpalus affinis,Tribe Tribe,,Harpalini,count,single observation,,both,adult,,,,,,162,,,,,
PreservedSpecimen,Harpalus affinis,Total Total,Pitfall trapping followed by species identification and functional trait determination,920,count,single observation,,both,adult,,,,,,162,,,,,
PreservedSpecimen,Harpalus affinis,Incidence,,Least concern,,mode,,both,adult,,,,,,,,,,,
PreservedSpecimen,Harpalus affinis,Body size,,6–10.9 mm,,mode,,both,adult,,,,,,,,,,,
PreservedSpecimen,Harpalus affinis,Habitat affinity,,preferring open areas,,mode,,both,adult,,,,,,,,,,,
PreservedSpecimen,Harpalus affinis,Humidity affinity,Determination of functional traits (humidity affinity) for captured species,adaptable to various environmental conditions,,mode,,both,adult,,,,,,,,,,,
PreservedSpecimen,Harpalus affinis,Breeding period,"Hůrka, K. Carabidae of the Czech and Slovak Republics; Kabourek: Zlín, Czech Republic, 1996; p. 565",Spring/summer/autumn,,mode,,both,adult,,,,,,,,,,,
PreservedSpecimen,Harpalus affinis,Food specialization,"Larochelle, A. The food of carabid beetles (Coleoptera: Carabidae, including Cicindelinae). Fabreries 1990, 5, 1–132.",Omnivorous,,mode,,both,adult,,,,,,,,,,,
PreservedSpecimen,Harpalus rubripes,Body Size,,6–10.9 mm,,mode,,both,adult,,,,,,,,,,,
PreservedSpecimen,Harpalus rubripes,Habitat Affinity,,Preferring open areas,,mode,,both,adult,,,,,,,,,,,
PreservedSpecimen,Harpalus rubripes,Humidity Affinity,,Adaptable to various environmental conditions,,mode,,both,adult,,,,,,,,,,,
HumanObservation,Harpalus rubripes,Breeding Period,,Spring,,mode,,both,adult,,,,,,,,,,,
PreservedSpecimen,Harpalus rubripes,Food Specialization,"Determination of food specialization for each species based on captured specimens (Table S3, Supplementary Materials).",Omnivorous,,mode,,both,adult,,,,,,,,,,,
HumanObservation,Harpalus rubripes,Tribe Tribe,,Harpalini,count,single observation,,both,adult,,,,,,0,,,,,
PreservedSpecimen,Harpalus rubripes,Total Total,Pitfall trapping followed by species identification and functional trait determination,2734,count,single observation,,both,adult,,,,,,0,,,,,
PreservedSpecimen,Harpalus rubripes,Incidence,,Least concern,,mode,,both,adult,,,,,,,,,,,
PreservedSpecimen,Harpalus rubripes,Body size,,6–10.9 mm,,mode,,both,adult,,,,,,,,,,,
PreservedSpecimen,Harpalus rubripes,Habitat affinity,,preferring open areas,,mode,,both,adult,,,,,,,,,,,
PreservedSpecimen,Harpalus rubripes,Humidity affinity,Determination of functional traits (humidity affinity) for captured species,adaptable to various environmental conditions,,mode,,both,adult,,,,,,,,,,,
PreservedSpecimen,Harpalus rubripes,Breeding period,"Hůrka, K. Carabidae of the Czech and Slovak Republics; Kabourek: Zlín, Czech Republic, 1996; p. 565",Spring,,mode,,both,adult,,,,,,,,,,,
PreservedSpecimen,Harpalus rubripes,Food specialization,"Larochelle, A. The food of carabid beetles (Coleoptera: Carabidae, including Cicindelinae). Fabreries 1990, 5, 1–132.",Omnivorous,,mode,,both,adult,,,,,,,,,,,
PreservedSpecimen,Poecilus cupreus,Body Size,,11–21.9 mm,,mode,,both,adult,,,,,,,,,,,
PreservedSpecimen,Poecilus cupreus,Habitat Affinity,,Adaptable to various environmental conditions,,mode,,both,adult,,,,,,,,,,,
PreservedSpecimen,Poecilus cupreus,Humidity Affinity,,Adaptable to various environmental conditions,,mode,,both,adult,,,,,,,,,,,
HumanObservation,Poecilus cupreus,Breeding Period,,Spring,,mode,,both,adult,,,,,,,,,,,
PreservedSpecimen,Poecilus cupreus,Food Specialization,"Determination of food specialization for each species based on captured specimens (Table S3, Supplementary Materials).",Omnivorous,,mode,,both,adult,,,,,,,,,,,
HumanObservation,Poecilus cupreus,Tribe Tribe,,Pterostichini,count,single observation,,both,adult,,,,,,150,,,,,
PreservedSpecimen,Poecilus cupreus,Total Total,Pitfall trapping followed by species identification and functional trait determination,15 975,count,single observation,,both,adult,,,,,,150,,,,,
PreservedSpecimen,Poecilus cupreus,Incidence,,Least concern,,mode,,both,adult,,,,,,,,,,,
PreservedSpecimen,Poecilus cupreus,Body size,,11–21.9 mm,,mode,,both,adult,,,,,,,,,,,
PreservedSpecimen,Poecilus cupreus,Habitat affinity,,adaptable to various environmental conditions,,mode,,both,adult,,,,,,,,,,,
PreservedSpecimen,Poecilus cupreus,Humidity affinity,Determination of functional traits (humidity affinity) for captured species,adaptable to various environmental conditions,,mode,,both,adult,,,,,,,,,,,
PreservedSpecimen,Poecilus cupreus,Breeding period,"Hůrka, K. Carabidae of the Czech and Slovak Republics; Kabourek: Zlín, Czech Republic, 1996; p. 565",Spring,,mode,,both,adult,,,,,,,,,,,
PreservedSpecimen,Poecilus cupreus,Food specialization,"Larochelle, A. The food of carabid beetles (Coleoptera: Carabidae, including Cicindelinae). Fabreries 1990, 5, 1–132.",Omnivorous,,mode,,both,adult,,,,,,,,,,,
PreservedSpecimen,Poecilus versicolor,Body Size,,6–10.9 mm,,mode,,both,adult,,,,,,,,,,,
PreservedSpecimen,Poecilus versicolor,Habitat Affinity,,Preferring open areas,,mode,,both,adult,,,,,,,,,,,
PreservedSpecimen,Poecilus versicolor,Humidity Affinity,,Preferring moist places,,mode,,both,adult,,,,,,,,,,,
HumanObservation,Poecilus versicolor,Breeding Period,,Spring,,mode,,both,adult,,,,,,,,,,,
PreservedSpecimen,Poecilus versicolor,Food Specialization,"Determination of food specialization for each species based on captured specimens (Table S3, Supplementary Materials).",Carnivorous,,mode,,both,adult,,,,,,,,,,,
HumanObservation,Poecilus versicolor,Tribe Tribe,,Pterostichini,count,single observation,,both,adult,,,,,,0,,,,,
PreservedSpecimen,Poecilus versicolor,Total Total,Pitfall trapping followed by species identification and functional trait determination,1710,count,single observation,,both,adult,,,,,,0,,,,,
PreservedSpecimen,Poecilus versicolor,Incidence,,Least concern,,mode,,both,adult,,,,,,,,,,,
PreservedSpecimen,Poecilus versicolor,Body size,,6–10.9 mm,,mode,,both,adult,,,,,,,,,,,
PreservedSpecimen,Poecilus versicolor,Habitat affinity,,preferring open areas,,mode,,both,adult,,,,,,,,,,,
PreservedSpecimen,Poecilus versicolor,Humidity affinity,Determination of functional traits (humidity affinity) for captured species,preferring moist places,,mode,,both,adult,,,,,,,,,,,
PreservedSpecimen,Poecilus versicolor,Breeding period,"Hůrka, K. Carabidae of the Czech and Slovak Republics; Kabourek: Zlín, Czech Republic, 1996; p. 565",Spring,,mode,,both,adult,,,,,,,,,,,
PreservedSpecimen,Poecilus versicolor,Food specialization,"Larochelle, A. The food of carabid beetles (Coleoptera: Carabidae, including Cicindelinae). Fabreries 1990, 5, 1–132.",Carnivorous,,mode,,both,adult,,,,,,,,,,,
PreservedSpecimen,Pseudoophonus rufipes,Body Size,,11–21.9 mm,,mode,,both,adult,,,,,,,,,,,
PreservedSpecimen,Pseudoophonus rufipes,Habitat Affinity,,Preferring open areas,,mode,,both,adult,,,,,,,,,,,
PreservedSpecimen,Pseudoophonus rufipes,Humidity Affinity,,Adaptable to various environmental conditions,,mode,,both,adult,,,,,,,,,,,
HumanObservation,Pseudoophonus rufipes,Breeding Period,,Autumn,,mode,,both,adult,,,,,,,,,,,
PreservedSpecimen,Pseudoophonus rufipes,Food Specialization,"Determination of food specialization for each species based on captured specimens (Table S3, Supplementary Materials).",Omnivorous,,mode,,both,adult,,,,,,,,,,,
HumanObservation,Pseudoophonus rufipes,Tribe Tribe,,Pterostichini,count,single observation,,both,adult,,,,,,6556,,,,,
PreservedSpecimen,Pseudoophonus rufipes,Total Total,Pitfall trapping followed by species identification and functional trait determination,7871,count,single observation,,both,adult,,,,,,6556,,,,,
PreservedSpecimen,Pseudoophonus rufipes,Incidence,,Least concern,,mode,,both,adult,,,,,,,,,,,
PreservedSpecimen,Pseudoophonus rufipes,Body size,,11–21.9 mm,,mode,,both,adult,,,,,,,,,,,
PreservedSpecimen,Pseudoophonus rufipes,Habitat affinity,,preferring open areas,,mode,,both,adult,,,,,,,,,,,
PreservedSpecimen,Pseudoophonus rufipes,Humidity affinity,Determination of functional traits (humidity affinity) for captured species,adaptable to various environmental conditions,,mode,,both,adult,,,,,,,,,,,
PreservedSpecimen,Pseudoophonus rufipes,Breeding period,"Hůrka, K. Carabidae of the Czech and Slovak Republics; Kabourek: Zlín, Czech Republic, 1996; p. 565",Autumn,,mode,,both,adult,,,,,,,,,,,
PreservedSpecimen,Pseudoophonus rufipes,Food specialization,"Larochelle, A. The food of carabid beetles (Coleoptera: Carabidae, including Cicindelinae). Fabreries 1990, 5, 1–132.",Omnivorous,,mode,,both,adult,,,,,,,,,,,
PreservedSpecimen,Pterostichus melanarius,Body Size,,11–21.9 mm,,mode,,both,adult,,,,,,,,,,,
PreservedSpecimen,Pterostichus melanarius,Habitat Affinity,,Adaptable to various environmental conditions,,mode,,both,adult,,,,,,,,,,,
PreservedSpecimen,Pterostichus melanarius,Humidity Affinity,,"Preferring intermediate or moderate environmental conditions, avoiding extremes of moisture or dryness",,mode,,both,adult,,,,,,,,,,,
HumanObservation,Pterostichus melanarius,Breeding Period,,Autumn,,mode,,both,adult,,,,,,,,,,,
PreservedSpecimen,Pterostichus melanarius,Food Specialization,"Determination of food specialization for each species based on captured specimens (Table S3, Supplementary Materials).",Carnivorous,,mode,,both,adult,,,,,,,,,,,
HumanObservation,Pterostichus melanarius,Tribe Tribe,,Pterostichini,count,single observation,,both,adult,,,,,,78,,,,,
PreservedSpecimen,Pterostichus melanarius,Total Total,Pitfall trapping followed by species identification and functional trait determination,18 297,count,single observation,,both,adult,,,,,,78,,,,,
PreservedSpecimen,Pterostichus melanarius,Incidence,,Least concern,,mode,,both,adult,,,,,,,,,,,
PreservedSpecimen,Pterostichus melanarius,Body size,,11–21.9 mm,,mode,,both,adult,,,,,,,,,,,
PreservedSpecimen,Pterostichus melanarius,Habitat affinity,,adaptable to various environmental conditions,,mode,,both,adult,,,,,,,,,,,
PreservedSpecimen,Pterostichus melanarius,Humidity affinity,Determination of functional traits (humidity affinity) for captured species,"preferring intermediate or moderate environmental conditions, avoiding extremes of moisture or dryness",,mode,,both,adult,,,,,,,,,,,
PreservedSpecimen,Pterostichus melanarius,Breeding period,"Hůrka, K. Carabidae of the Czech and Slovak Republics; Kabourek: Zlín, Czech Republic, 1996; p. 565",Autumn,,mode,,both,adult,,,,,,,,,,,
PreservedSpecimen,Pterostichus melanarius,Food specialization,"Larochelle, A. The food of carabid beetles (Coleoptera: Carabidae, including Cicindelinae). Fabreries 1990, 5, 1–132.",Carnivorous,,mode,,both,adult,,,,,,,,,,,
PreservedSpecimen,Trechus quadristriatus,Body Size,,<5.9 mm,,mode,,both,adult,,,,,,,,,,,
PreservedSpecimen,Trechus quadristriatus,Habitat Affinity,,Preferring open areas,,mode,,both,adult,,,,,,,,,,,
PreservedSpecimen,Trechus quadristriatus,Humidity Affinity,,"Preferring intermediate or moderate environmental conditions, avoiding extremes of moisture or dryness",,mode,,both,adult,,,,,,,,,,,
HumanObservation,Trechus quadristriatus,Breeding Period,,Autumn,,mode,,both,adult,,,,,,,,,,,
PreservedSpecimen,Trechus quadristriatus,Food Specialization,"Determination of food specialization for each species based on captured specimens (Table S3, Supplementary Materials).",Carnivorous,,mode,,both,adult,,,,,,,,,,,
HumanObservation,Trechus quadristriatus,Tribe Tribe,,Trechini,count,single observation,,both,adult,,,,,,115,,,,,
PreservedSpecimen,Trechus quadristriatus,Total Total,Pitfall trapping followed by species identification and functional trait determination,841,count,single observation,,both,adult,,,,,,115,,,,,
HumanObservation,Abax parallelus,Tribe Tribe,,Pterostichini,count,single observation,,both,adult,,,,,,0,,,,,
PreservedSpecimen,Abax parallelus,Total Total,Pitfall trapping followed by species identification and functional trait determination,1,count,single observation,,both,adult,,,,,,0,,,,,
PreservedSpecimen,Abax parallelus,Incidence,,Least concern,,mode,,both,adult,,,,,,,,,,,
PreservedSpecimen,Abax parallelus,Body size,,11–21.9 mm,,mode,,both,adult,,,,,,,,,,,
PreservedSpecimen,Abax parallelus,Habitat affinity,,preferring woodlands,,mode,,both,adult,,,,,,,,,,,
PreservedSpecimen,Abax parallelus,Humidity affinity,Determination of functional traits (humidity affinity) for captured species,preferring moist places,,mode,,both,adult,,,,,,,,,,,
PreservedSpecimen,Abax parallelus,Breeding period,"Hůrka, K. Carabidae of the Czech and Slovak Republics; Kabourek: Zlín, Czech Republic, 1996; p. 565",Spring,,mode,,both,adult,,,,,,,,,,,
PreservedSpecimen,Abax parallelus,Food specialization,"Larochelle, A. The food of carabid beetles (Coleoptera: Carabidae, including Cicindelinae). Fabreries 1990, 5, 1–132.",Carnivorous,,mode,,both,adult,,,,,,,,,,,
HumanObservation,Acupalpus meridianus,Tribe Tribe,,Harpalini,count,single observation,,both,adult,,,,,,1,,,,,
PreservedSpecimen,Acupalpus meridianus,Total Total,Pitfall trapping followed by species identification and functional trait determination,2,count,single observation,,both,adult,,,,,,1,,,,,
PreservedSpecimen,Acupalpus meridianus,Incidence,,Least concern,,mode,,both,adult,,,,,,,,,,,
PreservedSpecimen,Acupalpus meridianus,Body size,,<5.9 mm,,mode,,both,adult,,,,,,,,,,,
PreservedSpecimen,Acupalpus meridianus,Habitat affinity,,preferring open areas,,mode,,both,adult,,,,,,,,,,,
PreservedSpecimen,Acupalpus meridianus,Humidity affinity,Determination of functional traits (humidity affinity) for captured species,"preferring intermediate or moderate environmental conditions, avoiding extremes of moisture or dryness",,mode,,both,adult,,,,,,,,,,,
PreservedSpecimen,Acupalpus meridianus,Breeding period,"Hůrka, K. Carabidae of the Czech and Slovak Republics; Kabourek: Zlín, Czech Republic, 1996; p. 565",Spring,,mode,,both,adult,,,,,,,,,,,
PreservedSpecimen,Acupalpus meridianus,Food specialization,"Larochelle, A. The food of carabid beetles (Coleoptera: Carabidae, including Cicindelinae). Fabreries 1990, 5, 1–132.",Omnivorous,,mode,,both,adult,,,,,,,,,,,
HumanObservation,Agonum gracilipes,Tribe Tribe,,Platynini,count,single observation,,both,adult,,,,,,0,,,,,
PreservedSpecimen,Agonum gracilipes,Total Total,Pitfall trapping followed by species identification and functional trait determination,14,count,single observation,,both,adult,,,,,,0,,,,,
PreservedSpecimen,Agonum gracilipes,Incidence,,Least concern,,mode,,both,adult,,,,,,,,,,,
PreservedSpecimen,Agonum gracilipes,Body size,,6–10.9 mm,,mode,,both,adult,,,,,,,,,,,
PreservedSpecimen,Agonum gracilipes,Habitat affinity,,preferring woodlands,,mode,,both,adult,,,,,,,,,,,
PreservedSpecimen,Agonum gracilipes,Humidity affinity,Determination of functional traits (humidity affinity) for captured species,adaptable to various environmental conditions,,mode,,both,adult,,,,,,,,,,,
PreservedSpecimen,Agonum gracilipes,Breeding period,"Hůrka, K. Carabidae of the Czech and Slovak Republics; Kabourek: Zlín, Czech Republic, 1996; p. 565",Spring,,mode,,both,adult,,,,,,,,,,,
PreservedSpecimen,Agonum gracilipes,Food specialization,"Larochelle, A. The food of carabid beetles (Coleoptera: Carabidae, including Cicindelinae). Fabreries 1990, 5, 1–132.",Carnivorous,,mode,,both,adult,,,,,,,,,,,
HumanObservation,Agonum sexpunctatum,Tribe Tribe,,Platinini,count,single observation,,both,adult,,,,,,0,,,,,
PreservedSpecimen,Agonum sexpunctatum,Total Total,Pitfall trapping followed by species identification and functional trait determination,9,count,single observation,,both,adult,,,,,,0,,,,,
PreservedSpecimen,Agonum sexpunctatum,Incidence,,Least concern,,mode,,both,adult,,,,,,,,,,,
PreservedSpecimen,Agonum sexpunctatum,Body size,,6–10.9 mm,,mode,,both,adult,,,,,,,,,,,
PreservedSpecimen,Agonum sexpunctatum,Habitat affinity,,adaptable to various environmental conditions,,mode,,both,adult,,,,,,,,,,,
PreservedSpecimen,Agonum sexpunctatum,Humidity affinity,Determination of functional traits (humidity affinity) for captured species,preferring moist places,,mode,,both,adult,,,,,,,,,,,
PreservedSpecimen,Agonum sexpunctatum,Breeding period,"Hůrka, K. Carabidae of the Czech and Slovak Republics; Kabourek: Zlín, Czech Republic, 1996; p. 565",Spring,,mode,,both,adult,,,,,,,,,,,
PreservedSpecimen,Agonum sexpunctatum,Food specialization,"Larochelle, A. The food of carabid beetles (Coleoptera: Carabidae, including Cicindelinae). Fabreries 1990, 5, 1–132.",Carnivorous,,mode,,both,adult,,,,,,,,,,,
HumanObservation,Agonum versutum,Tribe Tribe,,Platynini,count,single observation,,both,adult,,,,,,0,,,,,
PreservedSpecimen,Agonum versutum,Total Total,Pitfall trapping followed by species identification and functional trait determination,1,count,single observation,,both,adult,,,,,,0,,,,,
PreservedSpecimen,Agonum versutum,Incidence,,Least concern,,mode,,both,adult,,,,,,,,,,,
PreservedSpecimen,Agonum versutum,Body size,,6–10.9 mm,,mode,,both,adult,,,,,,,,,,,
PreservedSpecimen,Agonum versutum,Habitat affinity,,preferring woodlands,,mode,,both,adult,,,,,,,,,,,
PreservedSpecimen,Agonum versutum,Humidity affinity,Determination of functional traits (humidity affinity) for captured species,preferring moist places,,mode,,both,adult,,,,,,,,,,,
PreservedSpecimen,Agonum versutum,Breeding period,"Hůrka, K. Carabidae of the Czech and Slovak Republics; Kabourek: Zlín, Czech Republic, 1996; p. 565",Spring,,mode,,both,adult,,,,,,,,,,,
PreservedSpecimen,Agonum versutum,Food specialization,"Larochelle, A. The food of carabid beetles (Coleoptera: Carabidae, including Cicindelinae). Fabreries 1990, 5, 1–132.",Carnivorous,,mode,,both,adult,,,,,,,,,,,
HumanObservation,Amara aenea,Tribe Tribe,,Zabrini,count,single observation,,both,adult,,,,,,1,,,,,
PreservedSpecimen,Amara aenea,Total Total,Pitfall trapping followed by species identification and functional trait determination,83,count,single observation,,both,adult,,,,,,1,,,,,
PreservedSpecimen,Amara aenea,Incidence,,Least concern,,mode,,both,adult,,,,,,,,,,,
PreservedSpecimen,Amara aenea,Body size,,6–10.9 mm,,mode,,both,adult,,,,,,,,,,,
PreservedSpecimen,Amara aenea,Habitat affinity,,preferring open areas,,mode,,both,adult,,,,,,,,,,,
PreservedSpecimen,Amara aenea,Humidity affinity,Determination of functional traits (humidity affinity) for captured species,preferring dry environmental conditions,,mode,,both,adult,,,,,,,,,,,
PreservedSpecimen,Amara aenea,Breeding period,"Hůrka, K. Carabidae of the Czech and Slovak Republics; Kabourek: Zlín, Czech Republic, 1996; p. 565",Spring,,mode,,both,adult,,,,,,,,,,,
PreservedSpecimen,Amara aenea,Food specialization,"Larochelle, A. The food of carabid beetles (Coleoptera: Carabidae, including Cicindelinae). Fabreries 1990, 5, 1–132.",Omnivorous,,mode,,both,adult,,,,,,,,,,,
HumanObservation,Amara apricaria,Tribe Tribe,,Zabrini,count,single observation,,both,adult,,,,,,1,,,,,
PreservedSpecimen,Amara apricaria,Total Total,Pitfall trapping followed by species identification and functional trait determination,7,count,single observation,,both,adult,,,,,,1,,,,,
PreservedSpecimen,Amara apricaria,Incidence,,Least concern,,mode,,both,adult,,,,,,,,,,,
PreservedSpecimen,Amara apricaria,Body size,,6–10.9 mm,,mode,,both,adult,,,,,,,,,,,
PreservedSpecimen,Amara apricaria,Habitat affinity,,preferring open areas,,mode,,both,adult,,,,,,,,,,,
PreservedSpecimen,Amara apricaria,Humidity affinity,Determination of functional traits (humidity affinity) for captured species,preferring dry environmental conditions,,mode,,both,adult,,,,,,,,,,,
PreservedSpecimen,Amara apricaria,Breeding period,"Hůrka, K. Carabidae of the Czech and Slovak Republics; Kabourek: Zlín, Czech Republic, 1996; p. 565",Autumn,,mode,,both,adult,,,,,,,,,,,
PreservedSpecimen,Amara apricaria,Food specialization,"Larochelle, A. The food of carabid beetles (Coleoptera: Carabidae, including Cicindelinae). Fabreries 1990, 5, 1–132.",Omnivorous,,mode,,both,adult,,,,,,,,,,,
HumanObservation,Amara aulica,Tribe Tribe,,Zabrini,count,single observation,,both,adult,,,,,,0,,,,,
PreservedSpecimen,Amara aulica,Total Total,Pitfall trapping followed by species identification and functional trait determination,7,count,single observation,,both,adult,,,,,,0,,,,,
PreservedSpecimen,Amara aulica,Incidence,,Least concern,,mode,,both,adult,,,,,,,,,,,
PreservedSpecimen,Amara aulica,Body size,,11–21.9 mm,,mode,,both,adult,,,,,,,,,,,
PreservedSpecimen,Amara aulica,Habitat affinity,,preferring open areas,,mode,,both,adult,,,,,,,,,,,
PreservedSpecimen,Amara aulica,Humidity affinity,Determination of functional traits (humidity affinity) for captured species,"preferring intermediate or moderate environmental conditions, avoiding extremes of moisture or dryness",,mode,,both,adult,,,,,,,,,,,
PreservedSpecimen,Amara aulica,Breeding period,"Hůrka, K. Carabidae of the Czech and Slovak Republics; Kabourek: Zlín, Czech Republic, 1996; p. 565",Autumn,,mode,,both,adult,,,,,,,,,,,
PreservedSpecimen,Amara aulica,Food specialization,"Larochelle, A. The food of carabid beetles (Coleoptera: Carabidae, including Cicindelinae). Fabreries 1990, 5, 1–132.",Omnivorous,,mode,,both,adult,,,,,,,,,,,
HumanObservation,Amara consularis,Tribe Tribe,,Zabrini,count,single observation,,both,adult,,,,,,0,,,,,
PreservedSpecimen,Amara consularis,Total Total,Pitfall trapping followed by species identification and functional trait determination,143,count,single observation,,both,adult,,,,,,0,,,,,
PreservedSpecimen,Amara consularis,Incidence,,Least concern,,mode,,both,adult,,,,,,,,,,,
PreservedSpecimen,Amara consularis,Body size,,6–10.9 mm,,mode,,both,adult,,,,,,,,,,,
PreservedSpecimen,Amara consularis,Habitat affinity,,adaptable to various environmental conditions,,mode,,both,adult,,,,,,,,,,,
PreservedSpecimen,Amara consularis,Humidity affinity,Determination of functional traits (humidity affinity) for captured species,adaptable to various environmental conditions,,mode,,both,adult,,,,,,,,,,,
PreservedSpecimen,Amara consularis,Breeding period,"Hůrka, K. Carabidae of the Czech and Slovak Republics; Kabourek: Zlín, Czech Republic, 1996; p. 565",Autumn,,mode,,both,adult,,,,,,,,,,,
PreservedSpecimen,Amara consularis,Food specialization,"Larochelle, A. The food of carabid beetles (Coleoptera: Carabidae, including Cicindelinae). Fabreries 1990, 5, 1–132.",Omnivorous,,mode,,both,adult,,,,,,,,,,,
HumanObservation,Amara cursitans,Tribe Tribe,,Zabrini,count,single observation,,both,adult,,,,,,0,,,,,
PreservedSpecimen,Amara cursitans,Total Total,Pitfall trapping followed by species identification and functional trait determination,6,count,single observation,,both,adult,,,,,,0,,,,,
PreservedSpecimen,Amara cursitans,Incidence,,Least concern,,mode,,both,adult,,,,,,,,,,,
PreservedSpecimen,Amara cursitans,Body size,,6–10.9 mm,,mode,,both,adult,,,,,,,,,,,
PreservedSpecimen,Amara cursitans,Habitat affinity,,adaptable to various environmental conditions,,mode,,both,adult,,,,,,,,,,,
PreservedSpecimen,Amara cursitans,Humidity affinity,Determination of functional traits (humidity affinity) for captured species,adaptable to various environmental conditions,,mode,,both,adult,,,,,,,,,,,
PreservedSpecimen,Amara cursitans,Breeding period,"Hůrka, K. Carabidae of the Czech and Slovak Republics; Kabourek: Zlín, Czech Republic, 1996; p. 565",Autumn,,mode,,both,adult,,,,,,,,,,,
PreservedSpecimen,Amara cursitans,Food specialization,"Larochelle, A. The food of carabid beetles (Coleoptera: Carabidae, including Cicindelinae). Fabreries 1990, 5, 1–132.",Omnivorous,,mode,,both,adult,,,,,,,,,,,
HumanObservation,Amara eurynota,Tribe Tribe,,Zabrini,count,single observation,,both,adult,,,,,,0,,,,,
PreservedSpecimen,Amara eurynota,Total Total,Pitfall trapping followed by species identification and functional trait determination,56,count,single observation,,both,adult,,,,,,0,,,,,
PreservedSpecimen,Amara eurynota,Incidence,,Least concern,,mode,,both,adult,,,,,,,,,,,
PreservedSpecimen,Amara eurynota,Body size,,6–10.9 mm,,mode,,both,adult,,,,,,,,,,,
PreservedSpecimen,Amara eurynota,Habitat affinity,,preferring open areas,,mode,,both,adult,,,,,,,,,,,
PreservedSpecimen,Amara eurynota,Humidity affinity,Determination of functional traits (humidity affinity) for captured species,"preferring intermediate or moderate environmental conditions, avoiding extremes of moisture or dryness",,mode,,both,adult,,,,,,,,,,,
PreservedSpecimen,Amara eurynota,Breeding period,"Hůrka, K. Carabidae of the Czech and Slovak Republics; Kabourek: Zlín, Czech Republic, 1996; p. 565",Spring,,mode,,both,adult,,,,,,,,,,,
PreservedSpecimen,Amara eurynota,Food specialization,"Larochelle, A. The food of carabid beetles (Coleoptera: Carabidae, including Cicindelinae). Fabreries 1990, 5, 1–132.",Omnivorous,,mode,,both,adult,,,,,,,,,,,
HumanObservation,Amara familiaris,Tribe Tribe,,Zabrini,count,single observation,,both,adult,,,,,,0,,,,,
PreservedSpecimen,Amara familiaris,Total Total,Pitfall trapping followed by species identification and functional trait determination,8,count,single observation,,both,adult,,,,,,0,,,,,
PreservedSpecimen,Amara familiaris,Incidence,,Least concern,,mode,,both,adult,,,,,,,,,,,
PreservedSpecimen,Amara familiaris,Body size,,6–10.9 mm,,mode,,both,adult,,,,,,,,,,,
PreservedSpecimen,Amara familiaris,Habitat affinity,,preferring open areas,,mode,,both,adult,,,,,,,,,,,
PreservedSpecimen,Amara familiaris,Humidity affinity,Determination of functional traits (humidity affinity) for captured species,"preferring intermediate or moderate environmental conditions, avoiding extremes of moisture or dryness",,mode,,both,adult,,,,,,,,,,,
PreservedSpecimen,Amara familiaris,Breeding period,"Hůrka, K. Carabidae of the Czech and Slovak Republics; Kabourek: Zlín, Czech Republic, 1996; p. 565",Spring,,mode,,both,adult,,,,,,,,,,,
PreservedSpecimen,Amara familiaris,Food specialization,"Larochelle, A. The food of carabid beetles (Coleoptera: Carabidae, including Cicindelinae). Fabreries 1990, 5, 1–132.",Omnivorous,,mode,,both,adult,,,,,,,,,,,
HumanObservation,Amara littorea,Tribe Tribe,,Zabrini,count,single observation,,both,adult,,,,,,0,,,,,
PreservedSpecimen,Amara littorea,Total Total,Pitfall trapping followed by species identification and functional trait determination,7,count,single observation,,both,adult,,,,,,0,,,,,
PreservedSpecimen,Amara littorea,Incidence,,Least concern,,mode,,both,adult,,,,,,,,,,,
PreservedSpecimen,Amara littorea,Body size,,6–10.9 mm,,mode,,both,adult,,,,,,,,,,,
PreservedSpecimen,Amara littorea,Habitat affinity,,preferring open areas,,mode,,both,adult,,,,,,,,,,,
PreservedSpecimen,Amara littorea,Humidity affinity,Determination of functional traits (humidity affinity) for captured species,preferring dry environmental conditions,,mode,,both,adult,,,,,,,,,,,
PreservedSpecimen,Amara littorea,Breeding period,"Hůrka, K. Carabidae of the Czech and Slovak Republics; Kabourek: Zlín, Czech Republic, 1996; p. 565",Spring,,mode,,both,adult,,,,,,,,,,,
PreservedSpecimen,Amara littorea,Food specialization,"Larochelle, A. The food of carabid beetles (Coleoptera: Carabidae, including Cicindelinae). Fabreries 1990, 5, 1–132.",Omnivorous,,mode,,both,adult,,,,,,,,,,,
HumanObservation,Amara nitida,Tribe Tribe,,Zabrini,count,single observation,,both,adult,,,,,,0,,,,,
PreservedSpecimen,Amara nitida,Total Total,Pitfall trapping followed by species identification and functional trait determination,1,count,single observation,,both,adult,,,,,,0,,,,,
PreservedSpecimen,Amara nitida,Incidence,,Least concern,,mode,,both,adult,,,,,,,,,,,
PreservedSpecimen,Amara nitida,Body size,,6–10.9 mm,,mode,,both,adult,,,,,,,,,,,
PreservedSpecimen,Amara nitida,Habitat affinity,,preferring open areas,,mode,,both,adult,,,,,,,,,,,
PreservedSpecimen,Amara nitida,Humidity affinity,Determination of functional traits (humidity affinity) for captured species,preferring dry environmental conditions,,mode,,both,adult,,,,,,,,,,,
PreservedSpecimen,Amara nitida,Breeding period,"Hůrka, K. Carabidae of the Czech and Slovak Republics; Kabourek: Zlín, Czech Republic, 1996; p. 565",Spring,,mode,,both,adult,,,,,,,,,,,
PreservedSpecimen,Amara nitida,Food specialization,"Larochelle, A. The food of carabid beetles (Coleoptera: Carabidae, including Cicindelinae). Fabreries 1990, 5, 1–132.",Omnivorous,,mode,,both,adult,,,,,,,,,,,
HumanObservation,Amara ovata,Tribe Tribe,,Zabrini,count,single observation,,both,adult,,,,,,0,,,,,
PreservedSpecimen,Amara ovata,Total Total,Pitfall trapping followed by species identification and functional trait determination,17,count,single observation,,both,adult,,,,,,0,,,,,
PreservedSpecimen,Amara ovata,Incidence,,Least concern,,mode,,both,adult,,,,,,,,,,,
PreservedSpecimen,Amara ovata,Body size,,6–10.9 mm,,mode,,both,adult,,,,,,,,,,,
PreservedSpecimen,Amara ovata,Habitat affinity,,preferring woodlands,,mode,,both,adult,,,,,,,,,,,
PreservedSpecimen,Amara ovata,Humidity affinity,Determination of functional traits (humidity affinity) for captured species,preferring moist places,,mode,,both,adult,,,,,,,,,,,
PreservedSpecimen,Amara ovata,Breeding period,"Hůrka, K. Carabidae of the Czech and Slovak Republics; Kabourek: Zlín, Czech Republic, 1996; p. 565",Spring,,mode,,both,adult,,,,,,,,,,,
PreservedSpecimen,Amara ovata,Food specialization,"Larochelle, A. The food of carabid beetles (Coleoptera: Carabidae, including Cicindelinae). Fabreries 1990, 5, 1–132.",Omnivorous,,mode,,both,adult,,,,,,,,,,,
HumanObservation,Amara similata,Tribe Tribe,,Zabrini,count,single observation,,both,adult,,,,,,0,,,,,
PreservedSpecimen,Amara similata,Total Total,Pitfall trapping followed by species identification and functional trait determination,59,count,single observation,,both,adult,,,,,,0,,,,,
PreservedSpecimen,Amara similata,Incidence,,Least concern,,mode,,both,adult,,,,,,,,,,,
PreservedSpecimen,Amara similata,Body size,,6–10.9 mm,,mode,,both,adult,,,,,,,,,,,
PreservedSpecimen,Amara similata,Habitat affinity,,preferring open areas,,mode,,both,adult,,,,,,,,,,,
PreservedSpecimen,Amara similata,Humidity affinity,Determination of functional traits (humidity affinity) for captured species,"preferring intermediate or moderate environmental conditions, avoiding extremes of moisture or dryness",,mode,,both,adult,,,,,,,,,,,
PreservedSpecimen,Amara similata,Breeding period,"Hůrka, K. Carabidae of the Czech and Slovak Republics; Kabourek: Zlín, Czech Republic, 1996; p. 565",Spring,,mode,,both,adult,,,,,,,,,,,
PreservedSpecimen,Amara similata,Food specialization,"Larochelle, A. The food of carabid beetles (Coleoptera: Carabidae, including Cicindelinae). Fabreries 1990, 5, 1–132.",Omnivorous,,mode,,both,adult,,,,,,,,,,,
HumanObservation,Amara tibialis,Tribe Tribe,,Zabrini,count,single observation,,both,adult,,,,,,0,,,,,
PreservedSpecimen,Amara tibialis,Total Total,Pitfall trapping followed by species identification and functional trait determination,2,count,single observation,,both,adult,,,,,,0,,,,,
PreservedSpecimen,Amara tibialis,Incidence,,Least concern,,mode,,both,adult,,,,,,,,,,,
PreservedSpecimen,Amara tibialis,Body size,,<5.9 mm,,mode,,both,adult,,,,,,,,,,,
PreservedSpecimen,Amara tibialis,Habitat affinity,,preferring open areas,,mode,,both,adult,,,,,,,,,,,
PreservedSpecimen,Amara tibialis,Humidity affinity,Determination of functional traits (humidity affinity) for captured species,"preferring intermediate or moderate environmental conditions, avoiding extremes of moisture or dryness",,mode,,both,adult,,,,,,,,,,,
PreservedSpecimen,Amara tibialis,Breeding period,"Hůrka, K. Carabidae of the Czech and Slovak Republics; Kabourek: Zlín, Czech Republic, 1996; p. 565",Spring/summer,,mode,,both,adult,,,,,,,,,,,
PreservedSpecimen,Amara tibialis,Food specialization,"Larochelle, A. The food of carabid beetles (Coleoptera: Carabidae, including Cicindelinae). Fabreries 1990, 5, 1–132.",Omnivorous,,mode,,both,adult,,,,,,,,,,,
HumanObservation,Anisodactylus binotatus,Tribe Tribe,,Harpalini,count,single observation,,both,adult,,,,,,3,,,,,
PreservedSpecimen,Anisodactylus binotatus,Total Total,Pitfall trapping followed by species identification and functional trait determination,5,count,single observation,,both,adult,,,,,,3,,,,,
PreservedSpecimen,Anisodactylus binotatus,Incidence,,Least concern,,mode,,both,adult,,,,,,,,,,,
PreservedSpecimen,Anisodactylus binotatus,Body size,,6–10.9 mm,,mode,,both,adult,,,,,,,,,,,
PreservedSpecimen,Anisodactylus binotatus,Habitat affinity,,preferring open areas,,mode,,both,adult,,,,,,,,,,,
PreservedSpecimen,Anisodactylus binotatus,Humidity affinity,Determination of functional traits (humidity affinity) for captured species,"preferring intermediate or moderate environmental conditions, avoiding extremes of moisture or dryness",,mode,,both,adult,,,,,,,,,,,
PreservedSpecimen,Anisodactylus binotatus,Breeding period,"Hůrka, K. Carabidae of the Czech and Slovak Republics; Kabourek: Zlín, Czech Republic, 1996; p. 565",Spring,,mode,,both,adult,,,,,,,,,,,
PreservedSpecimen,Anisodactylus binotatus,Food specialization,"Larochelle, A. The food of carabid beetles (Coleoptera: Carabidae, including Cicindelinae). Fabreries 1990, 5, 1–132.",Omnivorous,,mode,,both,adult,,,,,,,,,,,
HumanObservation,Anisodactylus signatus,Tribe Tribe,,Harpalini,count,single observation,,both,adult,,,,,,1,,,,,
PreservedSpecimen,Anisodactylus signatus,Total Total,Pitfall trapping followed by species identification and functional trait determination,7,count,single observation,,both,adult,,,,,,1,,,,,
PreservedSpecimen,Anisodactylus signatus,Incidence,,Least concern,,mode,,both,adult,,,,,,,,,,,
PreservedSpecimen,Anisodactylus signatus,Body size,,11–21.9 mm,,mode,,both,adult,,,,,,,,,,,
PreservedSpecimen,Anisodactylus signatus,Habitat affinity,,preferring open areas,,mode,,both,adult,,,,,,,,,,,
PreservedSpecimen,Anisodactylus signatus,Humidity affinity,Determination of functional traits (humidity affinity) for captured species,preferring moist places,,mode,,both,adult,,,,,,,,,,,
PreservedSpecimen,Anisodactylus signatus,Breeding period,"Hůrka, K. Carabidae of the Czech and Slovak Republics; Kabourek: Zlín, Czech Republic, 1996; p. 565",Spring,,mode,,both,adult,,,,,,,,,,,
PreservedSpecimen,Anisodactylus signatus,Food specialization,"Larochelle, A. The food of carabid beetles (Coleoptera: Carabidae, including Cicindelinae). Fabreries 1990, 5, 1–132.",Omnivorous,,mode,,both,adult,,,,,,,,,,,
HumanObservation,Badister bullatus,Tribe Tribe,,Licinini,count,single observation,,both,adult,,,,,,0,,,,,
PreservedSpecimen,Badister bullatus,Total Total,Pitfall trapping followed by species identification and functional trait determination,4,count,single observation,,both,adult,,,,,,0,,,,,
PreservedSpecimen,Badister bullatus,Incidence,,Least concern,,mode,,both,adult,,,,,,,,,,,
PreservedSpecimen,Badister bullatus,Body size,,<5.9 mm,,mode,,both,adult,,,,,,,,,,,
PreservedSpecimen,Badister bullatus,Habitat affinity,,adaptable to various environmental conditions,,mode,,both,adult,,,,,,,,,,,
PreservedSpecimen,Badister bullatus,Humidity affinity,Determination of functional traits (humidity affinity) for captured species,preferring moist places,,mode,,both,adult,,,,,,,,,,,
PreservedSpecimen,Badister bullatus,Breeding period,"Hůrka, K. Carabidae of the Czech and Slovak Republics; Kabourek: Zlín, Czech Republic, 1996; p. 565",Spring,,mode,,both,adult,,,,,,,,,,,
PreservedSpecimen,Badister bullatus,Food specialization,"Larochelle, A. The food of carabid beetles (Coleoptera: Carabidae, including Cicindelinae). Fabreries 1990, 5, 1–132.",Carnivorous,,mode,,both,adult,,,,,,,,,,,
HumanObservation,Badister lacertosus,Tribe Tribe,,Licinini,count,single observation,,both,adult,,,,,,0,,,,,
PreservedSpecimen,Badister lacertosus,Total Total,Pitfall trapping followed by species identification and functional trait determination,2,count,single observation,,both,adult,,,,,,0,,,,,
PreservedSpecimen,Badister lacertosus,Incidence,,Least concern,,mode,,both,adult,,,,,,,,,,,
PreservedSpecimen,Badister lacertosus,Body size,,6–10.9 mm,,mode,,both,adult,,,,,,,,,,,
PreservedSpecimen,Badister lacertosus,Habitat affinity,,preferring woodlands,,mode,,both,adult,,,,,,,,,,,
PreservedSpecimen,Badister lacertosus,Humidity affinity,Determination of functional traits (humidity affinity) for captured species,preferring moist places,,mode,,both,adult,,,,,,,,,,,
PreservedSpecimen,Badister lacertosus,Breeding period,"Hůrka, K. Carabidae of the Czech and Slovak Republics; Kabourek: Zlín, Czech Republic, 1996; p. 565",Spring,,mode,,both,adult,,,,,,,,,,,
PreservedSpecimen,Badister lacertosus,Food specialization,"Larochelle, A. The food of carabid beetles (Coleoptera: Carabidae, including Cicindelinae). Fabreries 1990, 5, 1–132.",Carnivorous,,mode,,both,adult,,,,,,,,,,,
HumanObservation,Badister unipustulatus,Tribe Tribe,,Licinini,count,single observation,,both,adult,,,,,,0,,,,,
PreservedSpecimen,Badister unipustulatus,Total Total,Pitfall trapping followed by species identification and functional trait determination,1,count,single observation,,both,adult,,,,,,0,,,,,
PreservedSpecimen,Badister unipustulatus,Incidence,,Least concern,,mode,,both,adult,,,,,,,,,,,
PreservedSpecimen,Badister unipustulatus,Body size,,6–10.9 mm,,mode,,both,adult,,,,,,,,,,,
PreservedSpecimen,Badister unipustulatus,Habitat affinity,,preferring woodlands,,mode,,both,adult,,,,,,,,,,,
PreservedSpecimen,Badister unipustulatus,Humidity affinity,Determination of functional traits (humidity affinity) for captured species,preferring moist places,,mode,,both,adult,,,,,,,,,,,
PreservedSpecimen,Badister unipustulatus,Breeding period,"Hůrka, K. Carabidae of the Czech and Slovak Republics; Kabourek: Zlín, Czech Republic, 1996; p. 565",Spring,,mode,,both,adult,,,,,,,,,,,
PreservedSpecimen,Badister unipustulatus,Food specialization,"Larochelle, A. The food of carabid beetles (Coleoptera: Carabidae, including Cicindelinae). Fabreries 1990, 5, 1–132.",Carnivorous,,mode,,both,adult,,,,,,,,,,,
HumanObservation,Bembidion biguttatum,Tribe Tribe,,Bembidiini,count,single observation,,both,adult,,,,,,0,,,,,
PreservedSpecimen,Bembidion biguttatum,Total Total,Pitfall trapping followed by species identification and functional trait determination,3,count,single observation,,both,adult,,,,,,0,,,,,
PreservedSpecimen,Bembidion biguttatum,Incidence,,Least concern,,mode,,both,adult,,,,,,,,,,,
PreservedSpecimen,Bembidion biguttatum,Body size,,<5.9 mm,,mode,,both,adult,,,,,,,,,,,
PreservedSpecimen,Bembidion biguttatum,Habitat affinity,,preferring woodlands,,mode,,both,adult,,,,,,,,,,,
PreservedSpecimen,Bembidion biguttatum,Humidity affinity,Determination of functional traits (humidity affinity) for captured species,preferring moist places,,mode,,both,adult,,,,,,,,,,,
PreservedSpecimen,Bembidion biguttatum,Breeding period,"Hůrka, K. Carabidae of the Czech and Slovak Republics; Kabourek: Zlín, Czech Republic, 1996; p. 565",Spring,,mode,,both,adult,,,,,,,,,,,
PreservedSpecimen,Bembidion biguttatum,Food specialization,"Larochelle, A. The food of carabid beetles (Coleoptera: Carabidae, including Cicindelinae). Fabreries 1990, 5, 1–132.",Carnivorous,,mode,,both,adult,,,,,,,,,,,
HumanObservation,Bembidion femoratum,Tribe Tribe,,Bembidiini,count,single observation,,both,adult,,,,,,0,,,,,
PreservedSpecimen,Bembidion femoratum,Total Total,Pitfall trapping followed by species identification and functional trait determination,23,count,single observation,,both,adult,,,,,,0,,,,,
PreservedSpecimen,Bembidion femoratum,Incidence,,Least concern,,mode,,both,adult,,,,,,,,,,,
PreservedSpecimen,Bembidion femoratum,Body size,,<5.9 mm,,mode,,both,adult,,,,,,,,,,,
PreservedSpecimen,Bembidion femoratum,Habitat affinity,,adaptable to various environmental conditions,,mode,,both,adult,,,,,,,,,,,
PreservedSpecimen,Bembidion femoratum,Humidity affinity,Determination of functional traits (humidity affinity) for captured species,"preferring intermediate or moderate environmental conditions, avoiding extremes of moisture or dryness",,mode,,both,adult,,,,,,,,,,,
PreservedSpecimen,Bembidion femoratum,Breeding period,"Hůrka, K. Carabidae of the Czech and Slovak Republics; Kabourek: Zlín, Czech Republic, 1996; p. 565",Spring,,mode,,both,adult,,,,,,,,,,,
PreservedSpecimen,Bembidion femoratum,Food specialization,"Larochelle, A. The food of carabid beetles (Coleoptera: Carabidae, including Cicindelinae). Fabreries 1990, 5, 1–132.",Carnivorous,,mode,,both,adult,,,,,,,,,,,
HumanObservation,Bembidion guttula,Tribe Tribe,,Bembidiini,count,single observation,,both,adult,,,,,,0,,,,,
PreservedSpecimen,Bembidion guttula,Total Total,Pitfall trapping followed by species identification and functional trait determination,1,count,single observation,,both,adult,,,,,,0,,,,,
PreservedSpecimen,Bembidion guttula,Incidence,,Least concern,,mode,,both,adult,,,,,,,,,,,
PreservedSpecimen,Bembidion guttula,Body size,,<5.9 mm,,mode,,both,adult,,,,,,,,,,,
PreservedSpecimen,Bembidion guttula,Habitat affinity,,adaptable to various environmental conditions,,mode,,both,adult,,,,,,,,,,,
PreservedSpecimen,Bembidion guttula,Humidity affinity,Determination of functional traits (humidity affinity) for captured species,preferring moist places,,mode,,both,adult,,,,,,,,,,,
PreservedSpecimen,Bembidion guttula,Breeding period,"Hůrka, K. Carabidae of the Czech and Slovak Republics; Kabourek: Zlín, Czech Republic, 1996; p. 565",Spring,,mode,,both,adult,,,,,,,,,,,
PreservedSpecimen,Bembidion guttula,Food specialization,"Larochelle, A. The food of carabid beetles (Coleoptera: Carabidae, including Cicindelinae). Fabreries 1990, 5, 1–132.",Carnivorous,,mode,,both,adult,,,,,,,,,,,
HumanObservation,Bembidion illigeri,Tribe Tribe,,Bembidiini,count,single observation,,both,adult,,,,,,0,,,,,
PreservedSpecimen,Bembidion illigeri,Total Total,Pitfall trapping followed by species identification and functional trait determination,2,count,single observation,,both,adult,,,,,,0,,,,,
PreservedSpecimen,Bembidion illigeri,Incidence,,Least concern,,mode,,both,adult,,,,,,,,,,,
PreservedSpecimen,Bembidion illigeri,Body size,,<5.9 mm,,mode,,both,adult,,,,,,,,,,,
PreservedSpecimen,Bembidion illigeri,Habitat affinity,,adaptable to various environmental conditions,,mode,,both,adult,,,,,,,,,,,
PreservedSpecimen,Bembidion illigeri,Humidity affinity,Determination of functional traits (humidity affinity) for captured species,preferring moist places,,mode,,both,adult,,,,,,,,,,,
PreservedSpecimen,Bembidion illigeri,Breeding period,"Hůrka, K. Carabidae of the Czech and Slovak Republics; Kabourek: Zlín, Czech Republic, 1996; p. 565",Spring,,mode,,both,adult,,,,,,,,,,,
PreservedSpecimen,Bembidion illigeri,Food specialization,"Larochelle, A. The food of carabid beetles (Coleoptera: Carabidae, including Cicindelinae). Fabreries 1990, 5, 1–132.",Carnivorous,,mode,,both,adult,,,,,,,,,,,
HumanObservation,Bembidion obtusum,Tribe Tribe,,Bembidiini,count,single observation,,both,adult,,,,,,1,,,,,
PreservedSpecimen,Bembidion obtusum,Total Total,Pitfall trapping followed by species identification and functional trait determination,46,count,single observation,,both,adult,,,,,,1,,,,,
PreservedSpecimen,Bembidion obtusum,Incidence,,Least concern,,mode,,both,adult,,,,,,,,,,,
PreservedSpecimen,Bembidion obtusum,Body size,,<5.9 mm,,mode,,both,adult,,,,,,,,,,,
PreservedSpecimen,Bembidion obtusum,Habitat affinity,,adaptable to various environmental conditions,,mode,,both,adult,,,,,,,,,,,
PreservedSpecimen,Bembidion obtusum,Humidity affinity,Determination of functional traits (humidity affinity) for captured species,adaptable to various environmental conditions,,mode,,both,adult,,,,,,,,,,,
PreservedSpecimen,Bembidion obtusum,Breeding period,"Hůrka, K. Carabidae of the Czech and Slovak Republics; Kabourek: Zlín, Czech Republic, 1996; p. 565",Autumn/early spring,,mode,,both,adult,,,,,,,,,,,
PreservedSpecimen,Bembidion obtusum,Food specialization,"Larochelle, A. The food of carabid beetles (Coleoptera: Carabidae, including Cicindelinae). Fabreries 1990, 5, 1–132.",Carnivorous,,mode,,both,adult,,,,,,,,,,,
HumanObservation,Bembidion properans,Tribe Tribe,,Bembidiini,count,single observation,,both,adult,,,,,,3,,,,,
PreservedSpecimen,Bembidion properans,Total Total,Pitfall trapping followed by species identification and functional trait determination,114,count,single observation,,both,adult,,,,,,3,,,,,
PreservedSpecimen,Bembidion properans,Incidence,,Least concern,,mode,,both,adult,,,,,,,,,,,
PreservedSpecimen,Bembidion properans,Body size,,<5.9 mm,,mode,,both,adult,,,,,,,,,,,
PreservedSpecimen,Bembidion properans,Habitat affinity,,preferring open areas,,mode,,both,adult,,,,,,,,,,,
PreservedSpecimen,Bembidion properans,Humidity affinity,Determination of functional traits (humidity affinity) for captured species,preferring moist places,,mode,,both,adult,,,,,,,,,,,
PreservedSpecimen,Bembidion properans,Breeding period,"Hůrka, K. Carabidae of the Czech and Slovak Republics; Kabourek: Zlín, Czech Republic, 1996; p. 565",Spring,,mode,,both,adult,,,,,,,,,,,
PreservedSpecimen,Bembidion properans,Food specialization,"Larochelle, A. The food of carabid beetles (Coleoptera: Carabidae, including Cicindelinae). Fabreries 1990, 5, 1–132.",Carnivorous,,mode,,both,adult,,,,,,,,,,,
HumanObservation,Brachinus ganglbaueri,Tribe Tribe,,Brachinini,count,single observation,,both,adult,,,,,,294,,,,,
PreservedSpecimen,Brachinus ganglbaueri,Total Total,Pitfall trapping followed by species identification and functional trait determination,294,count,single observation,,both,adult,,,,,,294,,,,,
PreservedSpecimen,Brachinus ganglbaueri,Incidence,,Least concern,,mode,,both,adult,,,,,,,,,,,
PreservedSpecimen,Brachinus ganglbaueri,Body size,,6–10.9 mm,,mode,,both,adult,,,,,,,,,,,
PreservedSpecimen,Brachinus ganglbaueri,Habitat affinity,,preferring open areas,,mode,,both,adult,,,,,,,,,,,
PreservedSpecimen,Brachinus ganglbaueri,Humidity affinity,Determination of functional traits (humidity affinity) for captured species,preferring moist places,,mode,,both,adult,,,,,,,,,,,
PreservedSpecimen,Brachinus ganglbaueri,Breeding period,"Hůrka, K. Carabidae of the Czech and Slovak Republics; Kabourek: Zlín, Czech Republic, 1996; p. 565",Spring,,mode,,both,adult,,,,,,,,,,,
PreservedSpecimen,Brachinus ganglbaueri,Food specialization,"Larochelle, A. The food of carabid beetles (Coleoptera: Carabidae, including Cicindelinae). Fabreries 1990, 5, 1–132.",Carnivorous,,mode,,both,adult,,,,,,,,,,,
HumanObservation,Brachinus explodens,Tribe Tribe,,Brachinini,count,single observation,,both,adult,,,,,,71,,,,,
PreservedSpecimen,Brachinus explodens,Total Total,Pitfall trapping followed by species identification and functional trait determination,71,count,single observation,,both,adult,,,,,,71,,,,,
PreservedSpecimen,Brachinus explodens,Incidence,,Least concern,,mode,,both,adult,,,,,,,,,,,
PreservedSpecimen,Brachinus explodens,Body size,,<5.9 mm,,mode,,both,adult,,,,,,,,,,,
PreservedSpecimen,Brachinus explodens,Habitat affinity,,preferring open areas,,mode,,both,adult,,,,,,,,,,,
PreservedSpecimen,Brachinus explodens,Humidity affinity,Determination of functional traits (humidity affinity) for captured species,preferring dry environmental conditions,,mode,,both,adult,,,,,,,,,,,
PreservedSpecimen,Brachinus explodens,Breeding period,"Hůrka, K. Carabidae of the Czech and Slovak Republics; Kabourek: Zlín, Czech Republic, 1996; p. 565",Spring,,mode,,both,adult,,,,,,,,,,,
PreservedSpecimen,Brachinus explodens,Food specialization,"Larochelle, A. The food of carabid beetles (Coleoptera: Carabidae, including Cicindelinae). Fabreries 1990, 5, 1–132.",Carnivorous,,mode,,both,adult,,,,,,,,,,,
HumanObservation,Brachinus psophia,Tribe Tribe,,Brachinini,count,single observation,,both,adult,,,,,,31,,,,,
PreservedSpecimen,Brachinus psophia,Total Total,Pitfall trapping followed by species identification and functional trait determination,31,count,single observation,,both,adult,,,,,,31,,,,,
PreservedSpecimen,Brachinus psophia,Incidence,,CZ: endangered SK: least concern,,mode,,both,adult,,,,,,,,,,,
PreservedSpecimen,Brachinus psophia,Body size,,6–10.9 mm,,mode,,both,adult,,,,,,,,,,,
PreservedSpecimen,Brachinus psophia,Habitat affinity,,preferring open areas,,mode,,both,adult,,,,,,,,,,,
PreservedSpecimen,Brachinus psophia,Humidity affinity,Determination of functional traits (humidity affinity) for captured species,preferring moist places,,mode,,both,adult,,,,,,,,,,,
PreservedSpecimen,Brachinus psophia,Breeding period,"Hůrka, K. Carabidae of the Czech and Slovak Republics; Kabourek: Zlín, Czech Republic, 1996; p. 565",Spring,,mode,,both,adult,,,,,,,,,,,
PreservedSpecimen,Brachinus psophia,Food specialization,"Larochelle, A. The food of carabid beetles (Coleoptera: Carabidae, including Cicindelinae). Fabreries 1990, 5, 1–132.",Carnivorous,,mode,,both,adult,,,,,,,,,,,
HumanObservation,Calathus ambiguus,Tribe Tribe,,Platynini,count,single observation,,both,adult,,,,,,14,,,,,
PreservedSpecimen,Calathus ambiguus,Total Total,Pitfall trapping followed by species identification and functional trait determination,31,count,single observation,,both,adult,,,,,,14,,,,,
PreservedSpecimen,Calathus ambiguus,Incidence,,Least concern,,mode,,both,adult,,,,,,,,,,,
PreservedSpecimen,Calathus ambiguus,Body size,,6–10.9 mm,,mode,,both,adult,,,,,,,,,,,
PreservedSpecimen,Calathus ambiguus,Habitat affinity,,preferring open areas,,mode,,both,adult,,,,,,,,,,,
PreservedSpecimen,Calathus ambiguus,Humidity affinity,Determination of functional traits (humidity affinity) for captured species,preferring dry environmental conditions,,mode,,both,adult,,,,,,,,,,,
PreservedSpecimen,Calathus ambiguus,Breeding period,"Hůrka, K. Carabidae of the Czech and Slovak Republics; Kabourek: Zlín, Czech Republic, 1996; p. 565",Autumn,,mode,,both,adult,,,,,,,,,,,
PreservedSpecimen,Calathus ambiguus,Food specialization,"Larochelle, A. The food of carabid beetles (Coleoptera: Carabidae, including Cicindelinae). Fabreries 1990, 5, 1–132.",Carnivorous,,mode,,both,adult,,,,,,,,,,,
HumanObservation,Calathus erratus,Tribe Tribe,,Platynini,count,single observation,,both,adult,,,,,,0,,,,,
PreservedSpecimen,Calathus erratus,Total Total,Pitfall trapping followed by species identification and functional trait determination,8,count,single observation,,both,adult,,,,,,0,,,,,
PreservedSpecimen,Calathus erratus,Incidence,,Least concern,,mode,,both,adult,,,,,,,,,,,
PreservedSpecimen,Calathus erratus,Body size,,6–10.9 mm,,mode,,both,adult,,,,,,,,,,,
PreservedSpecimen,Calathus erratus,Habitat affinity,,preferring open areas,,mode,,both,adult,,,,,,,,,,,
PreservedSpecimen,Calathus erratus,Humidity affinity,Determination of functional traits (humidity affinity) for captured species,preferring dry environmental conditions,,mode,,both,adult,,,,,,,,,,,
PreservedSpecimen,Calathus erratus,Breeding period,"Hůrka, K. Carabidae of the Czech and Slovak Republics; Kabourek: Zlín, Czech Republic, 1996; p. 565",Autumn,,mode,,both,adult,,,,,,,,,,,
PreservedSpecimen,Calathus erratus,Food specialization,"Larochelle, A. The food of carabid beetles (Coleoptera: Carabidae, including Cicindelinae). Fabreries 1990, 5, 1–132.",Carnivorous,,mode,,both,adult,,,,,,,,,,,
HumanObservation,Calathus melanocephalus,Tribe Tribe,,Platynini,count,single observation,,both,adult,,,,,,0,,,,,
PreservedSpecimen,Calathus melanocephalus,Total Total,Pitfall trapping followed by species identification and functional trait determination,91,count,single observation,,both,adult,,,,,,0,,,,,
PreservedSpecimen,Calathus melanocephalus,Incidence,,Least concern,,mode,,both,adult,,,,,,,,,,,
PreservedSpecimen,Calathus melanocephalus,Body size,,6–10.9 mm,,mode,,both,adult,,,,,,,,,,,
PreservedSpecimen,Calathus melanocephalus,Habitat affinity,,preferring open areas,,mode,,both,adult,,,,,,,,,,,
PreservedSpecimen,Calathus melanocephalus,Humidity affinity,Determination of functional traits (humidity affinity) for captured species,"preferring intermediate or moderate environmental conditions, avoiding extremes of moisture or dryness",,mode,,both,adult,,,,,,,,,,,
PreservedSpecimen,Calathus melanocephalus,Breeding period,"Hůrka, K. Carabidae of the Czech and Slovak Republics; Kabourek: Zlín, Czech Republic, 1996; p. 565",Autumn,,mode,,both,adult,,,,,,,,,,,
PreservedSpecimen,Calathus melanocephalus,Food specialization,"Larochelle, A. The food of carabid beetles (Coleoptera: Carabidae, including Cicindelinae). Fabreries 1990, 5, 1–132.",Carnivorous,,mode,,both,adult,,,,,,,,,,,
HumanObservation,Calosoma auropunctatum,Tribe Tribe,,Carabini,count,single observation,,both,adult,,,,,,2,,,,,
PreservedSpecimen,Calosoma auropunctatum,Total Total,Pitfall trapping followed by species identification and functional trait determination,2,count,single observation,,both,adult,,,,,,2,,,,,
PreservedSpecimen,Calosoma auropunctatum,Incidence,,CZ: vulnerable SK: endangered,,mode,,both,adult,,,,,,,,,,,
PreservedSpecimen,Calosoma auropunctatum,Body size,,>22 mm,,mode,,both,adult,,,,,,,,,,,
PreservedSpecimen,Calosoma auropunctatum,Habitat affinity,,preferring open areas,,mode,,both,adult,,,,,,,,,,,
PreservedSpecimen,Calosoma auropunctatum,Humidity affinity,Determination of functional traits (humidity affinity) for captured species,preferring dry environmental conditions,,mode,,both,adult,,,,,,,,,,,
PreservedSpecimen,Calosoma auropunctatum,Breeding period,"Hůrka, K. Carabidae of the Czech and Slovak Republics; Kabourek: Zlín, Czech Republic, 1996; p. 565",Spring,,mode,,both,adult,,,,,,,,,,,
PreservedSpecimen,Calosoma auropunctatum,Food specialization,"Larochelle, A. The food of carabid beetles (Coleoptera: Carabidae, including Cicindelinae). Fabreries 1990, 5, 1–132.",Carnivorous,,mode,,both,adult,,,,,,,,,,,
HumanObservation,Carabus hortensis,Tribe Tribe,,Carabini,count,single observation,,both,adult,,,,,,0,,,,,
PreservedSpecimen,Carabus hortensis,Total Total,Pitfall trapping followed by species identification and functional trait determination,2,count,single observation,,both,adult,,,,,,0,,,,,
PreservedSpecimen,Carabus hortensis,Incidence,,Least concern,,mode,,both,adult,,,,,,,,,,,
PreservedSpecimen,Carabus hortensis,Body size,,>22 mm,,mode,,both,adult,,,,,,,,,,,
PreservedSpecimen,Carabus hortensis,Habitat affinity,,preferring woodlands,,mode,,both,adult,,,,,,,,,,,
PreservedSpecimen,Carabus hortensis,Humidity affinity,Determination of functional traits (humidity affinity) for captured species,preferring moist places,,mode,,both,adult,,,,,,,,,,,
PreservedSpecimen,Carabus hortensis,Breeding period,"Hůrka, K. Carabidae of the Czech and Slovak Republics; Kabourek: Zlín, Czech Republic, 1996; p. 565",Autumn,,mode,,both,adult,,,,,,,,,,,
PreservedSpecimen,Carabus hortensis,Food specialization,"Larochelle, A. The food of carabid beetles (Coleoptera: Carabidae, including Cicindelinae). Fabreries 1990, 5, 1–132.",Carnivorous,,mode,,both,adult,,,,,,,,,,,
HumanObservation,Carabus scheidleri,Tribe Tribe,,Carabini,count,single observation,,both,adult,,,,,,0,,,,,
PreservedSpecimen,Carabus scheidleri,Total Total,Pitfall trapping followed by species identification and functional trait determination,37,count,single observation,,both,adult,,,,,,0,,,,,
PreservedSpecimen,Carabus scheidleri,Incidence,,Least concern,,mode,,both,adult,,,,,,,,,,,
PreservedSpecimen,Carabus scheidleri,Body size,,>22 mm,,mode,,both,adult,,,,,,,,,,,
PreservedSpecimen,Carabus scheidleri,Habitat affinity,,preferring woodlands,,mode,,both,adult,,,,,,,,,,,
PreservedSpecimen,Carabus scheidleri,Humidity affinity,Determination of functional traits (humidity affinity) for captured species,adaptable to various environmental conditions,,mode,,both,adult,,,,,,,,,,,
PreservedSpecimen,Carabus scheidleri,Breeding period,"Hůrka, K. Carabidae of the Czech and Slovak Republics; Kabourek: Zlín, Czech Republic, 1996; p. 565",Autumn,,mode,,both,adult,,,,,,,,,,,
PreservedSpecimen,Carabus scheidleri,Food specialization,"Larochelle, A. The food of carabid beetles (Coleoptera: Carabidae, including Cicindelinae). Fabreries 1990, 5, 1–132.",Carnivorous,,mode,,both,adult,,,,,,,,,,,
HumanObservation,Carabus violaceus,Tribe Tribe,,Carabini,count,single observation,,both,adult,,,,,,1,,,,,
PreservedSpecimen,Carabus violaceus,Total Total,Pitfall trapping followed by species identification and functional trait determination,14,count,single observation,,both,adult,,,,,,1,,,,,
PreservedSpecimen,Carabus violaceus,Incidence,,Least concern,,mode,,both,adult,,,,,,,,,,,
PreservedSpecimen,Carabus violaceus,Body size,,>22 mm,,mode,,both,adult,,,,,,,,,,,
PreservedSpecimen,Carabus violaceus,Habitat affinity,,preferring woodlands,,mode,,both,adult,,,,,,,,,,,
PreservedSpecimen,Carabus violaceus,Humidity affinity,Determination of functional traits (humidity affinity) for captured species,adaptable to various environmental conditions,,mode,,both,adult,,,,,,,,,,,
PreservedSpecimen,Carabus violaceus,Breeding period,"Hůrka, K. Carabidae of the Czech and Slovak Republics; Kabourek: Zlín, Czech Republic, 1996; p. 565",Autumn,,mode,,both,adult,,,,,,,,,,,
PreservedSpecimen,Carabus violaceus,Food specialization,"Larochelle, A. The food of carabid beetles (Coleoptera: Carabidae, including Cicindelinae). Fabreries 1990, 5, 1–132.",Carnivorous,,mode,,both,adult,,,,,,,,,,,
HumanObservation,Chlaenius nitidulus,Tribe Tribe,,Callistini,count,single observation,,both,adult,,,,,,0,,,,,
PreservedSpecimen,Chlaenius nitidulus,Total Total,Pitfall trapping followed by species identification and functional trait determination,2,count,single observation,,both,adult,,,,,,0,,,,,
HumanObservation,Dolichus halensis,Tribe Tribe,,Platynini,count,single observation,,both,adult,,,,,,52,,,,,
PreservedSpecimen,Dolichus halensis,Total Total,Pitfall trapping followed by species identification and functional trait determination,94,count,single observation,,both,adult,,,,,,52,,,,,
PreservedSpecimen,Dolichus halensis,Least concern,,Least concern,,mode,,both,adult,,,,,,,,,,,
PreservedSpecimen,Dolichus halensis,B,,11–21.9 mm,,mode,,both,adult,,,,,,,,,,,
HumanObservation,Dolichus halensis,Open biotopes,Determination of functional traits (including habitat affinity) for captured carabid species,Open biotopes,,mode,,both,adult,,,,,,,,,,,
PreservedSpecimen,Dolichus halensis,Hygrophilous,Determination of functional trait (humidity affinity) from collected specimens,Xerophilous,,mode,,both,adult,,,,,,,,,,,
PreservedSpecimen,Dolichus halensis,Spring,,Late summer/autumn,,mode,,both,adult,,,,,,,,,,,
PreservedSpecimen,Dolichus halensis,Carnivorous,Food specialization determination based on species identification and functional classification,Carnivorous,,mode,,both,adult,,,,,,,,,,,
HumanObservation,Harpalus caspius roubali,Tribe Tribe,,Harpalini,count,single observation,,both,adult,,,,,,1,,,,,
PreservedSpecimen,Harpalus caspius roubali,Total Total,Pitfall trapping followed by species identification and functional trait determination,1,count,single observation,,both,adult,,,,,,1,,,,,
PreservedSpecimen,Harpalus caspius roubali,Incidence,,Least concern,,mode,,both,adult,,,,,,,,,,,
PreservedSpecimen,Harpalus caspius roubali,Body size,,11–21.9 mm,,mode,,both,adult,,,,,,,,,,,
PreservedSpecimen,Harpalus caspius roubali,Habitat affinity,,preferring open areas,,mode,,both,adult,,,,,,,,,,,
PreservedSpecimen,Harpalus caspius roubali,Humidity affinity,Determination of functional traits (humidity affinity) for captured species,preferring dry environmental conditions,,mode,,both,adult,,,,,,,,,,,
PreservedSpecimen,Harpalus caspius roubali,Breeding period,"Hůrka, K. Carabidae of the Czech and Slovak Republics; Kabourek: Zlín, Czech Republic, 1996; p. 565",Autumn,,mode,,both,adult,,,,,,,,,,,
PreservedSpecimen,Harpalus caspius roubali,Food specialization,"Larochelle, A. The food of carabid beetles (Coleoptera: Carabidae, including Cicindelinae). Fabreries 1990, 5, 1–132.",Omnivorous,,mode,,both,adult,,,,,,,,,,,
HumanObservation,Harpalus distinguendus,Tribe Tribe,,Harpalini,count,single observation,,both,adult,,,,,,60,,,,,
PreservedSpecimen,Harpalus distinguendus,Total Total,Pitfall trapping followed by species identification and functional trait determination,204,count,single observation,,both,adult,,,,,,60,,,,,
PreservedSpecimen,Harpalus distinguendus,Incidence,,Least concern,,mode,,both,adult,,,,,,,,,,,
PreservedSpecimen,Harpalus distinguendus,Body size,,6–10.9 mm,,mode,,both,adult,,,,,,,,,,,
PreservedSpecimen,Harpalus distinguendus,Habitat affinity,,preferring open areas,,mode,,both,adult,,,,,,,,,,,
PreservedSpecimen,Harpalus distinguendus,Humidity affinity,Determination of functional traits (humidity affinity) for captured species,adaptable to various environmental conditions,,mode,,both,adult,,,,,,,,,,,
PreservedSpecimen,Harpalus distinguendus,Breeding period,"Hůrka, K. Carabidae of the Czech and Slovak Republics; Kabourek: Zlín, Czech Republic, 1996; p. 565",Spring/summer,,mode,,both,adult,,,,,,,,,,,
PreservedSpecimen,Harpalus distinguendus,Food specialization,"Larochelle, A. The food of carabid beetles (Coleoptera: Carabidae, including Cicindelinae). Fabreries 1990, 5, 1–132.",Omnivorous,,mode,,both,adult,,,,,,,,,,,
HumanObservation,Harpalus honestus,Tribe Tribe,,Harpalini,count,single observation,,both,adult,,,,,,0,,,,,
PreservedSpecimen,Harpalus honestus,Total Total,Pitfall trapping followed by species identification and functional trait determination,3,count,single observation,,both,adult,,,,,,0,,,,,
PreservedSpecimen,Harpalus honestus,Incidence,,Least concern,,mode,,both,adult,,,,,,,,,,,
PreservedSpecimen,Harpalus honestus,Body size,,6–10.9 mm,,mode,,both,adult,,,,,,,,,,,
PreservedSpecimen,Harpalus honestus,Habitat affinity,,preferring open areas,,mode,,both,adult,,,,,,,,,,,
PreservedSpecimen,Harpalus honestus,Humidity affinity,Determination of functional traits (humidity affinity) for captured species,preferring dry environmental conditions,,mode,,both,adult,,,,,,,,,,,
PreservedSpecimen,Harpalus honestus,Breeding period,"Hůrka, K. Carabidae of the Czech and Slovak Republics; Kabourek: Zlín, Czech Republic, 1996; p. 565",Spring,,mode,,both,adult,,,,,,,,,,,
PreservedSpecimen,Harpalus honestus,Food specialization,"Larochelle, A. The food of carabid beetles (Coleoptera: Carabidae, including Cicindelinae). Fabreries 1990, 5, 1–132.",Omnivorous,,mode,,both,adult,,,,,,,,,,,
HumanObservation,Harpalus signaticornis,Tribe Tribe,,Harpalini,count,single observation,,both,adult,,,,,,0,,,,,
PreservedSpecimen,Harpalus signaticornis,Total Total,Pitfall trapping followed by species identification and functional trait determination,2,count,single observation,,both,adult,,,,,,0,,,,,
HumanObservation,Harpalus smaragdinus,Tribe Tribe,,Harpalini,count,single observation,,both,adult,,,,,,0,,,,,
PreservedSpecimen,Harpalus smaragdinus,Total Total,Pitfall trapping followed by species identification and functional trait determination,2,count,single observation,,both,adult,,,,,,0,,,,,
PreservedSpecimen,Harpalus smaragdinus,Incidence,,Least concern,,mode,,both,adult,,,,,,,,,,,
PreservedSpecimen,Harpalus smaragdinus,Body size,,6–10.9 mm,,mode,,both,adult,,,,,,,,,,,
PreservedSpecimen,Harpalus smaragdinus,Habitat affinity,,preferring open areas,,mode,,both,adult,,,,,,,,,,,
PreservedSpecimen,Harpalus smaragdinus,Humidity affinity,Determination of functional traits (humidity affinity) for captured species,preferring dry environmental conditions,,mode,,both,adult,,,,,,,,,,,
PreservedSpecimen,Harpalus smaragdinus,Breeding period,"Hůrka, K. Carabidae of the Czech and Slovak Republics; Kabourek: Zlín, Czech Republic, 1996; p. 565",Spring/autumn,,mode,,both,adult,,,,,,,,,,,
PreservedSpecimen,Harpalus smaragdinus,Food specialization,"Larochelle, A. The food of carabid beetles (Coleoptera: Carabidae, including Cicindelinae). Fabreries 1990, 5, 1–132.",Omnivorous,,mode,,both,adult,,,,,,,,,,,
HumanObservation,Harpalus tardus,Tribe Tribe,,Harpalini,count,single observation,,both,adult,,,,,,1,,,,,
PreservedSpecimen,Harpalus tardus,Total Total,Pitfall trapping followed by species identification and functional trait determination,1,count,single observation,,both,adult,,,,,,1,,,,,
PreservedSpecimen,Harpalus tardus,Incidence,,Least concern,,mode,,both,adult,,,,,,,,,,,
PreservedSpecimen,Harpalus tardus,Body size,,6–10.9 mm,,mode,,both,adult,,,,,,,,,,,
PreservedSpecimen,Harpalus tardus,Habitat affinity,,preferring open areas,,mode,,both,adult,,,,,,,,,,,
PreservedSpecimen,Harpalus tardus,Humidity affinity,Determination of functional traits (humidity affinity) for captured species,adaptable to various environmental conditions,,mode,,both,adult,,,,,,,,,,,
PreservedSpecimen,Harpalus tardus,Breeding period,"Hůrka, K. Carabidae of the Czech and Slovak Republics; Kabourek: Zlín, Czech Republic, 1996; p. 565",Spring,,mode,,both,adult,,,,,,,,,,,
PreservedSpecimen,Harpalus tardus,Food specialization,"Larochelle, A. The food of carabid beetles (Coleoptera: Carabidae, including Cicindelinae). Fabreries 1990, 5, 1–132.",Omnivorous,,mode,,both,adult,,,,,,,,,,,
HumanObservation,Laemostenus terricola,Tribe Tribe,,Platynini,count,single observation,,both,adult,,,,,,38,,,,,
PreservedSpecimen,Laemostenus terricola,Total Total,Pitfall trapping followed by species identification and functional trait determination,38,count,single observation,,both,adult,,,,,,38,,,,,
PreservedSpecimen,Laemostenus terricola,Incidence,,CZ: near threatened SK: least concern,,mode,,both,adult,,,,,,,,,,,
PreservedSpecimen,Laemostenus terricola,Body size,,11–21.9 mm,,mode,,both,adult,,,,,,,,,,,
PreservedSpecimen,Laemostenus terricola,Habitat affinity,,preferring open areas,,mode,,both,adult,,,,,,,,,,,
PreservedSpecimen,Laemostenus terricola,Humidity affinity,Determination of functional traits (humidity affinity) for captured species,preferring dry environmental conditions,,mode,,both,adult,,,,,,,,,,,
PreservedSpecimen,Laemostenus terricola,Breeding period,"Hůrka, K. Carabidae of the Czech and Slovak Republics; Kabourek: Zlín, Czech Republic, 1996; p. 565",Autumn,,mode,,both,adult,,,,,,,,,,,
PreservedSpecimen,Laemostenus terricola,Food specialization,"Larochelle, A. The food of carabid beetles (Coleoptera: Carabidae, including Cicindelinae). Fabreries 1990, 5, 1–132.",Carnivorous,,mode,,both,adult,,,,,,,,,,,
HumanObservation,Lasiotrechus discus,Tribe Tribe,,Trechini,count,single observation,,both,adult,,,,,,0,,,,,
PreservedSpecimen,Lasiotrechus discus,Total Total,Pitfall trapping followed by species identification and functional trait determination,1,count,single observation,,both,adult,,,,,,0,,,,,
PreservedSpecimen,Lasiotrechus discus,Incidence,,Least concern,,mode,,both,adult,,,,,,,,,,,
PreservedSpecimen,Lasiotrechus discus,Body size,,<5.9 mm,,mode,,both,adult,,,,,,,,,,,
PreservedSpecimen,Lasiotrechus discus,Habitat affinity,,adaptable to various environmental conditions,,mode,,both,adult,,,,,,,,,,,
PreservedSpecimen,Lasiotrechus discus,Humidity affinity,Determination of functional traits (humidity affinity) for captured species,preferring moist places,,mode,,both,adult,,,,,,,,,,,
PreservedSpecimen,Lasiotrechus discus,Breeding period,"Hůrka, K. Carabidae of the Czech and Slovak Republics; Kabourek: Zlín, Czech Republic, 1996; p. 565",Spring,,mode,,both,adult,,,,,,,,,,,
PreservedSpecimen,Lasiotrechus discus,Food specialization,"Larochelle, A. The food of carabid beetles (Coleoptera: Carabidae, including Cicindelinae). Fabreries 1990, 5, 1–132.",Carnivorous,,mode,,both,adult,,,,,,,,,,,
HumanObservation,Leistus ferrugineus,Tribe Tribe,,Nebrini,count,single observation,,both,adult,,,,,,15,,,,,
PreservedSpecimen,Leistus ferrugineus,Total Total,Pitfall trapping followed by species identification and functional trait determination,15,count,single observation,,both,adult,,,,,,15,,,,,
PreservedSpecimen,Leistus ferrugineus,Incidence,,Least concern,,mode,,both,adult,,,,,,,,,,,
PreservedSpecimen,Leistus ferrugineus,Body size,,6–10.9 mm,,mode,,both,adult,,,,,,,,,,,
PreservedSpecimen,Leistus ferrugineus,Habitat affinity,,adaptable to various environmental conditions,,mode,,both,adult,,,,,,,,,,,
PreservedSpecimen,Leistus ferrugineus,Humidity affinity,Determination of functional traits (humidity affinity) for captured species,preferring moist places,,mode,,both,adult,,,,,,,,,,,
PreservedSpecimen,Leistus ferrugineus,Breeding period,"Hůrka, K. Carabidae of the Czech and Slovak Republics; Kabourek: Zlín, Czech Republic, 1996; p. 565",Autumn,,mode,,both,adult,,,,,,,,,,,
PreservedSpecimen,Leistus ferrugineus,Food specialization,"Larochelle, A. The food of carabid beetles (Coleoptera: Carabidae, including Cicindelinae). Fabreries 1990, 5, 1–132.",Carnivorous,,mode,,both,adult,,,,,,,,,,,
HumanObservation,Loricera pilicornis,Tribe Tribe,,Loricerini,count,single observation,,both,adult,,,,,,0,,,,,
PreservedSpecimen,Loricera pilicornis,Total Total,Pitfall trapping followed by species identification and functional trait determination,51,count,single observation,,both,adult,,,,,,0,,,,,
PreservedSpecimen,Loricera pilicornis,Incidence,,Least concern,,mode,,both,adult,,,,,,,,,,,
PreservedSpecimen,Loricera pilicornis,Body size,,6–10.9 mm,,mode,,both,adult,,,,,,,,,,,
PreservedSpecimen,Loricera pilicornis,Habitat affinity,,adaptable to various environmental conditions,,mode,,both,adult,,,,,,,,,,,
PreservedSpecimen,Loricera pilicornis,Humidity affinity,Determination of functional traits (humidity affinity) for captured species,preferring moist places,,mode,,both,adult,,,,,,,,,,,
PreservedSpecimen,Loricera pilicornis,Breeding period,"Hůrka, K. Carabidae of the Czech and Slovak Republics; Kabourek: Zlín, Czech Republic, 1996; p. 565",Spring/summer,,mode,,both,adult,,,,,,,,,,,
PreservedSpecimen,Loricera pilicornis,Food specialization,"Larochelle, A. The food of carabid beetles (Coleoptera: Carabidae, including Cicindelinae). Fabreries 1990, 5, 1–132.",Carnivorous,,mode,,both,adult,,,,,,,,,,,
HumanObservation,Microlestes maurus,Tribe Tribe,,Lebiini,count,single observation,,both,adult,,,,,,4,,,,,
PreservedSpecimen,Microlestes maurus,Total Total,Pitfall trapping followed by species identification and functional trait determination,37,count,single observation,,both,adult,,,,,,4,,,,,
PreservedSpecimen,Microlestes maurus,Incidence,,Least concern,,mode,,both,adult,,,,,,,,,,,
PreservedSpecimen,Microlestes maurus,Body size,,<5.9 mm,,mode,,both,adult,,,,,,,,,,,
PreservedSpecimen,Microlestes maurus,Habitat affinity,,adaptable to various environmental conditions,,mode,,both,adult,,,,,,,,,,,
PreservedSpecimen,Microlestes maurus,Humidity affinity,Determination of functional traits (humidity affinity) for captured species,adaptable to various environmental conditions,,mode,,both,adult,,,,,,,,,,,
PreservedSpecimen,Microlestes maurus,Breeding period,"Hůrka, K. Carabidae of the Czech and Slovak Republics; Kabourek: Zlín, Czech Republic, 1996; p. 565",Spring,,mode,,both,adult,,,,,,,,,,,
PreservedSpecimen,Microlestes maurus,Food specialization,"Larochelle, A. The food of carabid beetles (Coleoptera: Carabidae, including Cicindelinae). Fabreries 1990, 5, 1–132.",Omnivorous,,mode,,both,adult,,,,,,,,,,,
HumanObservation,Microlestes minutulus,Tribe Tribe,,Lebiini,count,single observation,,both,adult,,,,,,0,,,,,
PreservedSpecimen,Microlestes minutulus,Total Total,Pitfall trapping followed by species identification and functional trait determination,11,count,single observation,,both,adult,,,,,,0,,,,,
PreservedSpecimen,Microlestes minutulus,Incidence,,Least concern,,mode,,both,adult,,,,,,,,,,,
PreservedSpecimen,Microlestes minutulus,Body size,,<5.9 mm,,mode,,both,adult,,,,,,,,,,,
PreservedSpecimen,Microlestes minutulus,Habitat affinity,,adaptable to various environmental conditions,,mode,,both,adult,,,,,,,,,,,
PreservedSpecimen,Microlestes minutulus,Humidity affinity,Determination of functional traits (humidity affinity) for captured species,adaptable to various environmental conditions,,mode,,both,adult,,,,,,,,,,,
PreservedSpecimen,Microlestes minutulus,Breeding period,"Hůrka, K. Carabidae of the Czech and Slovak Republics; Kabourek: Zlín, Czech Republic, 1996; p. 565",Spring,,mode,,both,adult,,,,,,,,,,,
PreservedSpecimen,Microlestes minutulus,Food specialization,"Larochelle, A. The food of carabid beetles (Coleoptera: Carabidae, including Cicindelinae). Fabreries 1990, 5, 1–132.",Carnivorous,,mode,,both,adult,,,,,,,,,,,
HumanObservation,Nebria brevicollis,Tribe Tribe,,Nebtriini,count,single observation,,both,adult,,,,,,0,,,,,
PreservedSpecimen,Nebria brevicollis,Total Total,Pitfall trapping followed by species identification and functional trait determination,20,count,single observation,,both,adult,,,,,,0,,,,,
PreservedSpecimen,Nebria brevicollis,Incidence,,Least concern,,mode,,both,adult,,,,,,,,,,,
PreservedSpecimen,Nebria brevicollis,Body size,,11–21.9 mm,,mode,,both,adult,,,,,,,,,,,
PreservedSpecimen,Nebria brevicollis,Habitat affinity,,adaptable to various environmental conditions,,mode,,both,adult,,,,,,,,,,,
PreservedSpecimen,Nebria brevicollis,Humidity affinity,Determination of functional traits (humidity affinity) for captured species,preferring moist places,,mode,,both,adult,,,,,,,,,,,
PreservedSpecimen,Nebria brevicollis,Breeding period,"Hůrka, K. Carabidae of the Czech and Slovak Republics; Kabourek: Zlín, Czech Republic, 1996; p. 565",Autumn,,mode,,both,adult,,,,,,,,,,,
PreservedSpecimen,Nebria brevicollis,Food specialization,"Larochelle, A. The food of carabid beetles (Coleoptera: Carabidae, including Cicindelinae). Fabreries 1990, 5, 1–132.",Carnivorous,,mode,,both,adult,,,,,,,,,,,
HumanObservation,Notiophilus aquaticus,Tribe Tribe,,Notiophilini,count,single observation,,both,adult,,,,,,0,,,,,
PreservedSpecimen,Notiophilus aquaticus,Total Total,Pitfall trapping followed by species identification and functional trait determination,2,count,single observation,,both,adult,,,,,,0,,,,,
PreservedSpecimen,Notiophilus aquaticus,Incidence,,Least concern,,mode,,both,adult,,,,,,,,,,,
PreservedSpecimen,Notiophilus aquaticus,Body size,,<5.9 mm,,mode,,both,adult,,,,,,,,,,,
PreservedSpecimen,Notiophilus aquaticus,Habitat affinity,,preferring woodlands,,mode,,both,adult,,,,,,,,,,,
PreservedSpecimen,Notiophilus aquaticus,Humidity affinity,Determination of functional traits (humidity affinity) for captured species,preferring moist places,,mode,,both,adult,,,,,,,,,,,
PreservedSpecimen,Notiophilus aquaticus,Breeding period,"Hůrka, K. Carabidae of the Czech and Slovak Republics; Kabourek: Zlín, Czech Republic, 1996; p. 565",Spring/summer,,mode,,both,adult,,,,,,,,,,,
PreservedSpecimen,Notiophilus aquaticus,Food specialization,"Larochelle, A. The food of carabid beetles (Coleoptera: Carabidae, including Cicindelinae). Fabreries 1990, 5, 1–132.",Carnivorous,,mode,,both,adult,,,,,,,,,,,
HumanObservation,Notiophilus palustris,Tribe Tribe,,Notiophilini,count,single observation,,both,adult,,,,,,1,,,,,
PreservedSpecimen,Notiophilus palustris,Total Total,Pitfall trapping followed by species identification and functional trait determination,63,count,single observation,,both,adult,,,,,,1,,,,,
PreservedSpecimen,Notiophilus palustris,Incidence,,Least concern,,mode,,both,adult,,,,,,,,,,,
PreservedSpecimen,Notiophilus palustris,Body size,,<5.9 mm,,mode,,both,adult,,,,,,,,,,,
PreservedSpecimen,Notiophilus palustris,Habitat affinity,,preferring woodlands,,mode,,both,adult,,,,,,,,,,,
PreservedSpecimen,Notiophilus palustris,Humidity affinity,Determination of functional traits (humidity affinity) for captured species,preferring moist places,,mode,,both,adult,,,,,,,,,,,
PreservedSpecimen,Notiophilus palustris,Breeding period,"Hůrka, K. Carabidae of the Czech and Slovak Republics; Kabourek: Zlín, Czech Republic, 1996; p. 565",Spring,,mode,,both,adult,,,,,,,,,,,
PreservedSpecimen,Notiophilus palustris,Food specialization,"Larochelle, A. The food of carabid beetles (Coleoptera: Carabidae, including Cicindelinae). Fabreries 1990, 5, 1–132.",Carnivorous,,mode,,both,adult,,,,,,,,,,,
HumanObservation,Notiophilus pusillus,Tribe Tribe,,Notiophilini,count,single observation,,both,adult,,,,,,0,,,,,
PreservedSpecimen,Notiophilus pusillus,Total Total,Pitfall trapping followed by species identification and functional trait determination,13,count,single observation,,both,adult,,,,,,0,,,,,
PreservedSpecimen,Notiophilus pusillus,Incidence,,Least concern,,mode,,both,adult,,,,,,,,,,,
PreservedSpecimen,Notiophilus pusillus,Body size,,<5.9 mm,,mode,,both,adult,,,,,,,,,,,
PreservedSpecimen,Notiophilus pusillus,Habitat affinity,,adaptable to various environmental conditions,,mode,,both,adult,,,,,,,,,,,
PreservedSpecimen,Notiophilus pusillus,Humidity affinity,Determination of functional traits (humidity affinity) for captured species,adaptable to various environmental conditions,,mode,,both,adult,,,,,,,,,,,
PreservedSpecimen,Notiophilus pusillus,Breeding period,"Hůrka, K. Carabidae of the Czech and Slovak Republics; Kabourek: Zlín, Czech Republic, 1996; p. 565",Spring,,mode,,both,adult,,,,,,,,,,,
PreservedSpecimen,Notiophilus pusillus,Food specialization,"Larochelle, A. The food of carabid beetles (Coleoptera: Carabidae, including Cicindelinae). Fabreries 1990, 5, 1–132.",Carnivorous,,mode,,both,adult,,,,,,,,,,,
HumanObservation,Ophonus azureus,Tribe Tribe,,Harpalini,count,single observation,,both,adult,,,,,,0,,,,,
PreservedSpecimen,Ophonus azureus,Total Total,Pitfall trapping followed by species identification and functional trait determination,3,count,single observation,,both,adult,,,,,,0,,,,,
PreservedSpecimen,Ophonus azureus,Incidence,,Least concern,,mode,,both,adult,,,,,,,,,,,
PreservedSpecimen,Ophonus azureus,Body size,,6–10.9 mm,,mode,,both,adult,,,,,,,,,,,
PreservedSpecimen,Ophonus azureus,Habitat affinity,,preferring open areas,,mode,,both,adult,,,,,,,,,,,
PreservedSpecimen,Ophonus azureus,Humidity affinity,Determination of functional traits (humidity affinity) for captured species,preferring dry environmental conditions,,mode,,both,adult,,,,,,,,,,,
PreservedSpecimen,Ophonus azureus,Breeding period,"Hůrka, K. Carabidae of the Czech and Slovak Republics; Kabourek: Zlín, Czech Republic, 1996; p. 565",Autumn,,mode,,both,adult,,,,,,,,,,,
PreservedSpecimen,Ophonus azureus,Food specialization,"Larochelle, A. The food of carabid beetles (Coleoptera: Carabidae, including Cicindelinae). Fabreries 1990, 5, 1–132.",Granivorous,,mode,,both,adult,,,,,,,,,,,
HumanObservation,Ophonus nitidulus,Tribe Tribe,,Harpalini,count,single observation,,both,adult,,,,,,0,,,,,
PreservedSpecimen,Ophonus nitidulus,Total Total,Pitfall trapping followed by species identification and functional trait determination,1,count,single observation,,both,adult,,,,,,0,,,,,
PreservedSpecimen,Ophonus nitidulus,Incidence,,Least concern,,mode,,both,adult,,,,,,,,,,,
PreservedSpecimen,Ophonus nitidulus,Body size,,6–10.9 mm,,mode,,both,adult,,,,,,,,,,,
PreservedSpecimen,Ophonus nitidulus,Habitat affinity,,preferring open areas,,mode,,both,adult,,,,,,,,,,,
PreservedSpecimen,Ophonus nitidulus,Humidity affinity,Determination of functional traits (humidity affinity) for captured species,preferring dry environmental conditions,,mode,,both,adult,,,,,,,,,,,
PreservedSpecimen,Ophonus nitidulus,Breeding period,"Hůrka, K. Carabidae of the Czech and Slovak Republics; Kabourek: Zlín, Czech Republic, 1996; p. 565",Spring,,mode,,both,adult,,,,,,,,,,,
PreservedSpecimen,Ophonus nitidulus,Food specialization,"Larochelle, A. The food of carabid beetles (Coleoptera: Carabidae, including Cicindelinae). Fabreries 1990, 5, 1–132.",Granivorous,,mode,,both,adult,,,,,,,,,,,
HumanObservation,Platynus assimilis,Tribe Tribe,,Platynini,count,single observation,,both,adult,,,,,,0,,,,,
PreservedSpecimen,Platynus assimilis,Total Total,Pitfall trapping followed by species identification and functional trait determination,3,count,single observation,,both,adult,,,,,,0,,,,,
PreservedSpecimen,Platynus assimilis,Incidence,,Least concern,,mode,,both,adult,,,,,,,,,,,
PreservedSpecimen,Platynus assimilis,Body size,,6–10.9 mm,,mode,,both,adult,,,,,,,,,,,
PreservedSpecimen,Platynus assimilis,Habitat affinity,,preferring woodlands,,mode,,both,adult,,,,,,,,,,,
PreservedSpecimen,Platynus assimilis,Humidity affinity,Determination of functional traits (humidity affinity) for captured species,preferring moist places,,mode,,both,adult,,,,,,,,,,,
PreservedSpecimen,Platynus assimilis,Breeding period,"Hůrka, K. Carabidae of the Czech and Slovak Republics; Kabourek: Zlín, Czech Republic, 1996; p. 565",Spring,,mode,,both,adult,,,,,,,,,,,
PreservedSpecimen,Platynus assimilis,Food specialization,"Larochelle, A. The food of carabid beetles (Coleoptera: Carabidae, including Cicindelinae). Fabreries 1990, 5, 1–132.",Carnivorous,,mode,,both,adult,,,,,,,,,,,
HumanObservation,Poecilus lepidus,Tribe Tribe,,Pterostichini,count,single observation,,both,adult,,,,,,63,,,,,
PreservedSpecimen,Poecilus lepidus,Total Total,Pitfall trapping followed by species identification and functional trait determination,63,count,single observation,,both,adult,,,,,,63,,,,,
PreservedSpecimen,Poecilus lepidus,Incidence,,Least concern,,mode,,both,adult,,,,,,,,,,,
PreservedSpecimen,Poecilus lepidus,Body size,,11–21.9 mm,,mode,,both,adult,,,,,,,,,,,
PreservedSpecimen,Poecilus lepidus,Habitat affinity,,adaptable to various environmental conditions,,mode,,both,adult,,,,,,,,,,,
PreservedSpecimen,Poecilus lepidus,Humidity affinity,Determination of functional traits (humidity affinity) for captured species,preferring dry environmental conditions,,mode,,both,adult,,,,,,,,,,,
PreservedSpecimen,Poecilus lepidus,Breeding period,"Hůrka, K. Carabidae of the Czech and Slovak Republics; Kabourek: Zlín, Czech Republic, 1996; p. 565",Spring,,mode,,both,adult,,,,,,,,,,,
PreservedSpecimen,Poecilus lepidus,Food specialization,"Larochelle, A. The food of carabid beetles (Coleoptera: Carabidae, including Cicindelinae). Fabreries 1990, 5, 1–132.",Carnivorous,,mode,,both,adult,,,,,,,,,,,
HumanObservation,Poecilus sericeus,Tribe Tribe,,Pterostichini,count,single observation,,both,adult,,,,,,77,,,,,
PreservedSpecimen,Poecilus sericeus,Total Total,Pitfall trapping followed by species identification and functional trait determination,77,count,single observation,,both,adult,,,,,,77,,,,,
PreservedSpecimen,Poecilus sericeus,Incidence,,CZ: vulnerable SK: least concern,,mode,,both,adult,,,,,,,,,,,
PreservedSpecimen,Poecilus sericeus,Body size,,11–21.9 mm,,mode,,both,adult,,,,,,,,,,,
PreservedSpecimen,Poecilus sericeus,Habitat affinity,,adaptable to various environmental conditions,,mode,,both,adult,,,,,,,,,,,
PreservedSpecimen,Poecilus sericeus,Humidity affinity,Determination of functional traits (humidity affinity) for captured species,"preferring intermediate or moderate environmental conditions, avoiding extremes of moisture or dryness",,mode,,both,adult,,,,,,,,,,,
PreservedSpecimen,Poecilus sericeus,Breeding period,"Hůrka, K. Carabidae of the Czech and Slovak Republics; Kabourek: Zlín, Czech Republic, 1996; p. 565",Spring,,mode,,both,adult,,,,,,,,,,,
PreservedSpecimen,Poecilus sericeus,Food specialization,"Larochelle, A. The food of carabid beetles (Coleoptera: Carabidae, including Cicindelinae). Fabreries 1990, 5, 1–132.",Carnivorous,,mode,,both,adult,,,,,,,,,,,
HumanObservation,Pseudoophonus griseus,Tribe Tribe,,Pterostichini,count,single observation,,both,adult,,,,,,0,,,,,
PreservedSpecimen,Pseudoophonus griseus,Total Total,Pitfall trapping followed by species identification and functional trait determination,22,count,single observation,,both,adult,,,,,,0,,,,,
PreservedSpecimen,Pseudoophonus griseus,Incidence,,Least concern,,mode,,both,adult,,,,,,,,,,,
PreservedSpecimen,Pseudoophonus griseus,Body size,,6–10.9 mm,,mode,,both,adult,,,,,,,,,,,
PreservedSpecimen,Pseudoophonus griseus,Habitat affinity,,preferring open areas,,mode,,both,adult,,,,,,,,,,,
PreservedSpecimen,Pseudoophonus griseus,Humidity affinity,Determination of functional traits (humidity affinity) for captured species,"preferring intermediate or moderate environmental conditions, avoiding extremes of moisture or dryness",,mode,,both,adult,,,,,,,,,,,
PreservedSpecimen,Pseudoophonus griseus,Breeding period,"Hůrka, K. Carabidae of the Czech and Slovak Republics; Kabourek: Zlín, Czech Republic, 1996; p. 565",Autumn,,mode,,both,adult,,,,,,,,,,,
PreservedSpecimen,Pseudoophonus griseus,Food specialization,"Larochelle, A. The food of carabid beetles (Coleoptera: Carabidae, including Cicindelinae). Fabreries 1990, 5, 1–132.",Omnivorous,,mode,,both,adult,,,,,,,,,,,
HumanObservation,Pterostichus melas,Tribe Tribe,,Pterostichini,count,single observation,,both,adult,,,,,,1,,,,,
PreservedSpecimen,Pterostichus melas,Total Total,Pitfall trapping followed by species identification and functional trait determination,1,count,single observation,,both,adult,,,,,,1,,,,,
PreservedSpecimen,Pterostichus melas,Incidence,,Least concern,,mode,,both,adult,,,,,,,,,,,
PreservedSpecimen,Pterostichus melas,Body size,,11–21.9 mm,,mode,,both,adult,,,,,,,,,,,
PreservedSpecimen,Pterostichus melas,Habitat affinity,,preferring woodlands,,mode,,both,adult,,,,,,,,,,,
PreservedSpecimen,Pterostichus melas,Humidity affinity,Determination of functional traits (humidity affinity) for captured species,"preferring intermediate or moderate environmental conditions, avoiding extremes of moisture or dryness",,mode,,both,adult,,,,,,,,,,,
PreservedSpecimen,Pterostichus melas,Breeding period,"Hůrka, K. Carabidae of the Czech and Slovak Republics; Kabourek: Zlín, Czech Republic, 1996; p. 565",Autumn,,mode,,both,adult,,,,,,,,,,,
PreservedSpecimen,Pterostichus melas,Food specialization,"Larochelle, A. The food of carabid beetles (Coleoptera: Carabidae, including Cicindelinae). Fabreries 1990, 5, 1–132.",Carnivorous,,mode,,both,adult,,,,,,,,,,,
HumanObservation,Pterostichus niger,Tribe Tribe,,Pterostichini,count,single observation,,both,adult,,,,,,1,,,,,
PreservedSpecimen,Pterostichus niger,Total Total,Pitfall trapping followed by species identification and functional trait determination,111,count,single observation,,both,adult,,,,,,1,,,,,
PreservedSpecimen,Pterostichus niger,Incidence,,Least concern,,mode,,both,adult,,,,,,,,,,,
PreservedSpecimen,Pterostichus niger,Body size,,11–21.9 mm,,mode,,both,adult,,,,,,,,,,,
PreservedSpecimen,Pterostichus niger,Habitat affinity,,preferring woodlands,,mode,,both,adult,,,,,,,,,,,
PreservedSpecimen,Pterostichus niger,Humidity affinity,Determination of functional traits (humidity affinity) for captured species,preferring moist places,,mode,,both,adult,,,,,,,,,,,
PreservedSpecimen,Pterostichus niger,Breeding period,"Hůrka, K. Carabidae of the Czech and Slovak Republics; Kabourek: Zlín, Czech Republic, 1996; p. 565",Autumn,,mode,,both,adult,,,,,,,,,,,
PreservedSpecimen,Pterostichus niger,Food specialization,"Larochelle, A. The food of carabid beetles (Coleoptera: Carabidae, including Cicindelinae). Fabreries 1990, 5, 1–132.",Carnivorous,,mode,,both,adult,,,,,,,,,,,
HumanObservation,Pterostichus nigrita,Tribe Tribe,,Pterostichini,count,single observation,,both,adult,,,,,,0,,,,,
PreservedSpecimen,Pterostichus nigrita,Total Total,Pitfall trapping followed by species identification and functional trait determination,63,count,single observation,,both,adult,,,,,,0,,,,,
PreservedSpecimen,Pterostichus nigrita,Incidence,,Least concern,,mode,,both,adult,,,,,,,,,,,
PreservedSpecimen,Pterostichus nigrita,Body size,,11–21.9 mm,,mode,,both,adult,,,,,,,,,,,
PreservedSpecimen,Pterostichus nigrita,Habitat affinity,,adaptable to various environmental conditions,,mode,,both,adult,,,,,,,,,,,
PreservedSpecimen,Pterostichus nigrita,Humidity affinity,Determination of functional traits (humidity affinity) for captured species,preferring moist places,,mode,,both,adult,,,,,,,,,,,
PreservedSpecimen,Pterostichus nigrita,Breeding period,"Hůrka, K. Carabidae of the Czech and Slovak Republics; Kabourek: Zlín, Czech Republic, 1996; p. 565",Spring,,mode,,both,adult,,,,,,,,,,,
PreservedSpecimen,Pterostichus nigrita,Food specialization,"Larochelle, A. The food of carabid beetles (Coleoptera: Carabidae, including Cicindelinae). Fabreries 1990, 5, 1–132.",Carnivorous,,mode,,both,adult,,,,,,,,,,,
HumanObservation,Pterostichus ovoideus,Tribe Tribe,,Pterostichini,count,single observation,,both,adult,,,,,,0,,,,,
PreservedSpecimen,Pterostichus ovoideus,Total Total,Pitfall trapping followed by species identification and functional trait determination,2,count,single observation,,both,adult,,,,,,0,,,,,
PreservedSpecimen,Pterostichus ovoideus,Incidence,,Least concern,,mode,,both,adult,,,,,,,,,,,
PreservedSpecimen,Pterostichus ovoideus,Body size,,6–10.9 mm,,mode,,both,adult,,,,,,,,,,,
PreservedSpecimen,Pterostichus ovoideus,Habitat affinity,,preferring woodlands,,mode,,both,adult,,,,,,,,,,,
PreservedSpecimen,Pterostichus ovoideus,Humidity affinity,Determination of functional traits (humidity affinity) for captured species,preferring moist places,,mode,,both,adult,,,,,,,,,,,
PreservedSpecimen,Pterostichus ovoideus,Breeding period,"Hůrka, K. Carabidae of the Czech and Slovak Republics; Kabourek: Zlín, Czech Republic, 1996; p. 565",Spring,,mode,,both,adult,,,,,,,,,,,
PreservedSpecimen,Pterostichus ovoideus,Food specialization,"Larochelle, A. The food of carabid beetles (Coleoptera: Carabidae, including Cicindelinae). Fabreries 1990, 5, 1–132.",Carnivorous,,mode,,both,adult,,,,,,,,,,,
HumanObservation,Pterostichus strenuus,Tribe Tribe,,Pterostichini,count,single observation,,both,adult,,,,,,0,,,,,
PreservedSpecimen,Pterostichus strenuus,Total Total,Pitfall trapping followed by species identification and functional trait determination,23,count,single observation,,both,adult,,,,,,0,,,,,
PreservedSpecimen,Pterostichus strenuus,Incidence,,Least concern,,mode,,both,adult,,,,,,,,,,,
PreservedSpecimen,Pterostichus strenuus,Body size,,6–10.9 mm,,mode,,both,adult,,,,,,,,,,,
PreservedSpecimen,Pterostichus strenuus,Habitat affinity,,preferring woodlands,,mode,,both,adult,,,,,,,,,,,
PreservedSpecimen,Pterostichus strenuus,Humidity affinity,Determination of functional traits (humidity affinity) for captured species,preferring moist places,,mode,,both,adult,,,,,,,,,,,
PreservedSpecimen,Pterostichus strenuus,Breeding period,"Hůrka, K. Carabidae of the Czech and Slovak Republics; Kabourek: Zlín, Czech Republic, 1996; p. 565",Spring,,mode,,both,adult,,,,,,,,,,,
PreservedSpecimen,Pterostichus strenuus,Food specialization,"Larochelle, A. The food of carabid beetles (Coleoptera: Carabidae, including Cicindelinae). Fabreries 1990, 5, 1–132.",Carnivorous,,mode,,both,adult,,,,,,,,,,,
HumanObservation,Pterostichus vernalis,Tribe Tribe,,Pterostichini,count,single observation,,both,adult,,,,,,0,,,,,
PreservedSpecimen,Pterostichus vernalis,Total Total,Pitfall trapping followed by species identification and functional trait determination,11,count,single observation,,both,adult,,,,,,0,,,,,
PreservedSpecimen,Pterostichus vernalis,Incidence,,Least concern,,mode,,both,adult,,,,,,,,,,,
PreservedSpecimen,Pterostichus vernalis,Body size,,6–10.9 mm,,mode,,both,adult,,,,,,,,,,,
PreservedSpecimen,Pterostichus vernalis,Habitat affinity,,adaptable to various environmental conditions,,mode,,both,adult,,,,,,,,,,,
PreservedSpecimen,Pterostichus vernalis,Humidity affinity,Determination of functional traits (humidity affinity) for captured species,preferring moist places,,mode,,both,adult,,,,,,,,,,,
PreservedSpecimen,Pterostichus vernalis,Breeding period,"Hůrka, K. Carabidae of the Czech and Slovak Republics; Kabourek: Zlín, Czech Republic, 1996; p. 565",Spring/summer,,mode,,both,adult,,,,,,,,,,,
PreservedSpecimen,Pterostichus vernalis,Food specialization,"Larochelle, A. The food of carabid beetles (Coleoptera: Carabidae, including Cicindelinae). Fabreries 1990, 5, 1–132.",Carnivorous,,mode,,both,adult,,,,,,,,,,,
HumanObservation,Stomis pumicatus,Tribe Tribe,,Pterostichini,count,single observation,,both,adult,,,,,,0,,,,,
PreservedSpecimen,Stomis pumicatus,Total Total,Pitfall trapping followed by species identification and functional trait determination,4,count,single observation,,both,adult,,,,,,0,,,,,
PreservedSpecimen,Stomis pumicatus,Incidence,,Least concern,,mode,,both,adult,,,,,,,,,,,
PreservedSpecimen,Stomis pumicatus,Body size,,6–10.9 mm,,mode,,both,adult,,,,,,,,,,,
PreservedSpecimen,Stomis pumicatus,Habitat affinity,,adaptable to various environmental conditions,,mode,,both,adult,,,,,,,,,,,
PreservedSpecimen,Stomis pumicatus,Humidity affinity,Determination of functional traits (humidity affinity) for captured species,preferring moist places,,mode,,both,adult,,,,,,,,,,,
PreservedSpecimen,Stomis pumicatus,Breeding period,"Hůrka, K. Carabidae of the Czech and Slovak Republics; Kabourek: Zlín, Czech Republic, 1996; p. 565",Spring,,mode,,both,adult,,,,,,,,,,,
PreservedSpecimen,Stomis pumicatus,Food specialization,"Larochelle, A. The food of carabid beetles (Coleoptera: Carabidae, including Cicindelinae). Fabreries 1990, 5, 1–132.",Carnivorous,,mode,,both,adult,,,,,,,,,,,
HumanObservation,Trichotichnus laevicollis,Tribe Tribe,,Harpalini,count,single observation,,both,adult,,,,,,0,,,,,
PreservedSpecimen,Trichotichnus laevicollis,Total Total,Pitfall trapping followed by species identification and functional trait determination,1,count,single observation,,both,adult,,,,,,0,,,,,
PreservedSpecimen,Trichotichnus laevicollis,Incidence,,Least concern,,mode,,both,adult,,,,,,,,,,,
PreservedSpecimen,Trichotichnus laevicollis,Body size,,6–10.9 mm,,mode,,both,adult,,,,,,,,,,,
PreservedSpecimen,Trichotichnus laevicollis,Habitat affinity,,preferring woodlands,,mode,,both,adult,,,,,,,,,,,
PreservedSpecimen,Trichotichnus laevicollis,Humidity affinity,Determination of functional traits (humidity affinity) for captured species,"preferring intermediate or moderate environmental conditions, avoiding extremes of moisture or dryness",,mode,,both,adult,,,,,,,,,,,
PreservedSpecimen,Trichotichnus laevicollis,Breeding period,"Hůrka, K. Carabidae of the Czech and Slovak Republics; Kabourek: Zlín, Czech Republic, 1996; p. 565",Spring/autumn,,mode,,both,adult,,,,,,,,,,,
PreservedSpecimen,Trichotichnus laevicollis,Food specialization,"Larochelle, A. The food of carabid beetles (Coleoptera: Carabidae, including Cicindelinae). Fabreries 1990, 5, 1–132.",Omnivorous,,mode,,both,adult,,,,,,,,,,,
HumanObservation,Zabrus tenebrioides,Tribe Tribe,,Zabrini,count,single observation,,both,adult,,,,,,42,,,,,
PreservedSpecimen,Zabrus tenebrioides,Total Total,Pitfall trapping followed by species identification and functional trait determination,222,count,single observation,,both,adult,,,,,,42,,,,,
PreservedSpecimen,Zabrus tenebrioides,Incidence,,Least concern,,mode,,both,adult,,,,,,,,,,,
PreservedSpecimen,Zabrus tenebrioides,Body size,,11–21.9 mm,,mode,,both,adult,,,,,,,,,,,
PreservedSpecimen,Zabrus tenebrioides,Habitat affinity,,preferring open areas,,mode,,both,adult,,,,,,,,,,,
PreservedSpecimen,Zabrus tenebrioides,Humidity affinity,Determination of functional traits (humidity affinity) for captured species,preferring dry environmental conditions,,mode,,both,adult,,,,,,,,,,,
PreservedSpecimen,Zabrus tenebrioides,Breeding period,"Hůrka, K. Carabidae of the Czech and Slovak Republics; Kabourek: Zlín, Czech Republic, 1996; p. 565",Autumn,,mode,,both,adult,,,,,,,,,,,
PreservedSpecimen,Zabrus tenebrioides,Food specialization,"Larochelle, A. The food of carabid beetles (Coleoptera: Carabidae, including Cicindelinae). Fabreries 1990, 5, 1–132.",Omnivorous,,mode,,both,adult,,,,,,,,,,,
PreservedSpecimen,Harpalus significornis,Incidence,,Least concern,,mode,,both,adult,,,,,,,,,,,
PreservedSpecimen,Harpalus significornis,Body size,,6–10.9 mm,,mode,,both,adult,,,,,,,,,,,
PreservedSpecimen,Harpalus significornis,Habitat affinity,,preferring open areas,,mode,,both,adult,,,,,,,,,,,
PreservedSpecimen,Harpalus significornis,Humidity affinity,Determination of functional traits (humidity affinity) for captured species,preferring dry environmental conditions,,mode,,both,adult,,,,,,,,,,,
PreservedSpecimen,Harpalus significornis,Breeding period,"Hůrka, K. Carabidae of the Czech and Slovak Republics; Kabourek: Zlín, Czech Republic, 1996; p. 565",Spring/autumn,,mode,,both,adult,,,,,,,,,,,
PreservedSpecimen,Harpalus significornis,Food specialization,"Larochelle, A. The food of carabid beetles (Coleoptera: Carabidae, including Cicindelinae). Fabreries 1990, 5, 1–132.",Omnivorous,,mode,,both,adult,,,,,,,,,,,
PreservedSpecimen,Treachus quadristriatus,Incidence,,Least concern,,mode,,both,adult,,,,,,,,,,,
PreservedSpecimen,Treachus quadristriatus,Body size,,<5.9 mm,,mode,,both,adult,,,,,,,,,,,
PreservedSpecimen,Treachus quadristriatus,Habitat affinity,,preferring open areas,,mode,,both,adult,,,,,,,,,,,
PreservedSpecimen,Treachus quadristriatus,Humidity affinity,Determination of functional traits (humidity affinity) for captured species,"preferring intermediate or moderate environmental conditions, avoiding extremes of moisture or dryness",,mode,,both,adult,,,,,,,,,,,
PreservedSpecimen,Treachus quadristriatus,Breeding period,"Hůrka, K. Carabidae of the Czech and Slovak Republics; Kabourek: Zlín, Czech Republic, 1996; p. 565",Autumn,,mode,,both,adult,,,,,,,,,,,
PreservedSpecimen,Treachus quadristriatus,Food specialization,"Larochelle, A. The food of carabid beetles (Coleoptera: Carabidae, including Cicindelinae). Fabreries 1990, 5, 1–132.",Carnivorous,,mode,,both,adult,,,,,,,,,,,
