basisOfRecord,verbatimIdentification,measurementType,measurementMethod,measurementValue ,measurementUnit,measurementStatistic,measurementRemarks,sex,lifeStage,caste,sampleSizeValue,sampleSizeUnit,sampleTreatment,samplingProtocol,verbatimLocality ,verbatimCoordinates,verbatimEventDate,associatedOccurrences,associatedReferences ,externalLink
PreservedSpecimen,Tapinoma sp. 1,Subfamily,,Dolichoderinae,,mode,,both,adult,,,,,,,,,,,
HumanObservation,Tapinoma sp. 1,Forage strategy,,Generalist forager,,mode,,both,adult,,,,,,,,,,,
HumanObservation,Tapinoma sp. 1,Habitat position,,litter-dweller,mm,mean,,both,adult,,,,,,,,,,,
HumanObservation,Tapinoma sp. 1,Eye Size,Trait data derived from existing literature and previous studies,Large,,mode,,both,adult,,,,,,,,,,,
PreservedSpecimen,Tapinoma sp. 1,Body length,,1.50,mm,mean,,both,adult,,,,,,,,,,,
PreservedSpecimen,Tapinoma sp. 1,Femur length,,0.50,mm,mean,,both,adult,,,,,,,,,,,
PreservedSpecimen,Tapinoma sp. 1,Colour value,"HSV (hue, saturation, and value) estimates extracted from photos using image editing software paint.NET (v.4.0.3)",7,0-100,single observation,,both,adult,,,,,,,,,,,
PreservedSpecimen,Tapinoma sp. 2,Subfamily,,Dolichoderinae,,mode,,both,adult,,,,,,,,,,,
HumanObservation,Tapinoma sp. 2,Forage strategy,,Generalist forager,,mode,,both,adult,,,,,,,,,,,
HumanObservation,Tapinoma sp. 2,Habitat position,,litter-dweller,mm,mean,,both,adult,,,,,,,,,,,
HumanObservation,Tapinoma sp. 2,Eye Size,Trait data derived from existing literature and previous studies,Large,,mode,,both,adult,,,,,,,,,,,
PreservedSpecimen,Tapinoma sp. 2,Body length,,1.00,mm,mean,,both,adult,,,,,,,,,,,
PreservedSpecimen,Tapinoma sp. 2,Femur length,,1.00,mm,mean,,both,adult,,,,,,,,,,,
PreservedSpecimen,Tapinoma sp. 2,Colour value,"HSV (hue, saturation, and value) estimates extracted from photos using image editing software paint.NET (v.4.0.3)",31,0-100,single observation,,both,adult,,,,,,,,,,,
PreservedSpecimen,Tapinoma sp. 3,Subfamily,,Dolichoderinae,,mode,,both,adult,,,,,,,,,,,
HumanObservation,Tapinoma sp. 3,Forage strategy,,Generalist forager,,mode,,both,adult,,,,,,,,,,,
HumanObservation,Tapinoma sp. 3,Habitat position,,litter-dweller,mm,mean,,both,adult,,,,,,,,,,,
HumanObservation,Tapinoma sp. 3,Eye Size,Trait data derived from existing literature and previous studies,Large,,mode,,both,adult,,,,,,,,,,,
PreservedSpecimen,Tapinoma sp. 3,Body length,,1.00,mm,mean,,both,adult,,,,,,,,,,,
PreservedSpecimen,Tapinoma sp. 3,Femur length,,0.50,mm,mean,,both,adult,,,,,,,,,,,
PreservedSpecimen,Tapinoma sp. 3,Colour value,"HSV (hue, saturation, and value) estimates extracted from photos using image editing software paint.NET (v.4.0.3)",36,0-100,single observation,,both,adult,,,,,,,,,,,
PreservedSpecimen,Tapinoma sp. 4,Subfamily,,Dolichoderinae,,mode,,both,adult,,,,,,,,,,,
HumanObservation,Tapinoma sp. 4,Forage strategy,,Generalist forager,,mode,,both,adult,,,,,,,,,,,
HumanObservation,Tapinoma sp. 4,Habitat position,,litter-dweller,mm,mean,,both,adult,,,,,,,,,,,
HumanObservation,Tapinoma sp. 4,Eye Size,Trait data derived from existing literature and previous studies,Large,,mode,,both,adult,,,,,,,,,,,
PreservedSpecimen,Tapinoma sp. 4,Body length,,1.00,mm,mean,,both,adult,,,,,,,,,,,
PreservedSpecimen,Tapinoma sp. 4,Femur length,,1.00,mm,mean,,both,adult,,,,,,,,,,,
PreservedSpecimen,Tapinoma sp. 4,Colour value,"HSV (hue, saturation, and value) estimates extracted from photos using image editing software paint.NET (v.4.0.3)",24,0-100,single observation,,both,adult,,,,,,,,,,,
PreservedSpecimen,Aenictus sp. 1,Subfamily,,Dorylinae,,mode,,both,adult,,,,,,,,,,,
HumanObservation,Aenictus sp. 1,Forage strategy,,Predator,,mode,,both,adult,,,,,,,,,,,
HumanObservation,Aenictus sp. 1,Habitat position,,soil-dweller,mm,mean,,both,adult,,,,,,,,,,,
HumanObservation,Aenictus sp. 1,Eye Size,Trait data derived from existing literature and previous studies,Absent,,mode,,both,adult,,,,,,,,,,,
PreservedSpecimen,Aenictus sp. 1,Body length,,0.50,mm,mean,,both,adult,,,,,,,,,,,
PreservedSpecimen,Aenictus sp. 1,Femur length,,0.25,mm,mean,,both,adult,,,,,,,,,,,
PreservedSpecimen,Aenictus sp. 1,Colour value,"HSV (hue, saturation, and value) estimates extracted from photos using image editing software paint.NET (v.4.0.3)",38,0-100,single observation,,both,adult,,,,,,,,,,,
PreservedSpecimen,Aenictus sp. 2,Subfamily,,Dorylinae,,mode,,both,adult,,,,,,,,,,,
HumanObservation,Aenictus sp. 2,Forage strategy,,Predator,,mode,,both,adult,,,,,,,,,,,
HumanObservation,Aenictus sp. 2,Habitat position,,soil-dweller,mm,mean,,both,adult,,,,,,,,,,,
HumanObservation,Aenictus sp. 2,Eye Size,Trait data derived from existing literature and previous studies,Absent,,mode,,both,adult,,,,,,,,,,,
PreservedSpecimen,Aenictus sp. 2,Body length,,1.00,mm,mean,,both,adult,,,,,,,,,,,
PreservedSpecimen,Aenictus sp. 2,Femur length,,0.50,mm,mean,,both,adult,,,,,,,,,,,
PreservedSpecimen,Aenictus sp. 2,Colour value,"HSV (hue, saturation, and value) estimates extracted from photos using image editing software paint.NET (v.4.0.3)",65,0-100,single observation,,both,adult,,,,,,,,,,,
PreservedSpecimen,Aenictus sp. 3,Subfamily,,Dorylinae,,mode,,both,adult,,,,,,,,,,,
HumanObservation,Aenictus sp. 3,Forage strategy,,Predator,,mode,,both,adult,,,,,,,,,,,
HumanObservation,Aenictus sp. 3,Habitat position,,soil-dweller,mm,mean,,both,adult,,,,,,,,,,,
HumanObservation,Aenictus sp. 3,Eye Size,Trait data derived from existing literature and previous studies,Absent,,mode,,both,adult,,,,,,,,,,,
PreservedSpecimen,Aenictus sp. 3,Body length,,1.50,mm,mean,,both,adult,,,,,,,,,,,
PreservedSpecimen,Aenictus sp. 3,Femur length,,1.00,mm,mean,,both,adult,,,,,,,,,,,
PreservedSpecimen,Aenictus sp. 3,Colour value,"HSV (hue, saturation, and value) estimates extracted from photos using image editing software paint.NET (v.4.0.3)",58,0-100,single observation,,both,adult,,,,,,,,,,,
PreservedSpecimen,Anoplolepis sp. 1,Subfamily,,Formicinae,,mode,,both,adult,,,,,,,,,,,
HumanObservation,Anoplolepis sp. 1,Forage strategy,,Generalist forager,,mode,,both,adult,,,,,,,,,,,
HumanObservation,Anoplolepis sp. 1,Habitat position,,litter-dweller,mm,mean,,both,adult,,,,,,,,,,,
HumanObservation,Anoplolepis sp. 1,Eye Size,Trait data derived from existing literature and previous studies,Large,,mode,,both,adult,,,,,,,,,,,
PreservedSpecimen,Anoplolepis sp. 1,Body length,,0.50,mm,mean,,both,adult,,,,,,,,,,,
PreservedSpecimen,Anoplolepis sp. 1,Femur length,,0.50,mm,mean,,both,adult,,,,,,,,,,,
PreservedSpecimen,Anoplolepis sp. 1,Colour value,"HSV (hue, saturation, and value) estimates extracted from photos using image editing software paint.NET (v.4.0.3)",62,0-100,single observation,,both,adult,,,,,,,,,,,
PreservedSpecimen,Anoplolepis sp. 2,Subfamily,,Formicinae,,mode,,both,adult,,,,,,,,,,,
HumanObservation,Anoplolepis sp. 2,Forage strategy,,Generalist forager,,mode,,both,adult,,,,,,,,,,,
HumanObservation,Anoplolepis sp. 2,Habitat position,,litter-dweller,mm,mean,,both,adult,,,,,,,,,,,
HumanObservation,Anoplolepis sp. 2,Eye Size,Trait data derived from existing literature and previous studies,Large,,mode,,both,adult,,,,,,,,,,,
PreservedSpecimen,Anoplolepis sp. 2,Body length,,0.50,mm,mean,,both,adult,,,,,,,,,,,
PreservedSpecimen,Anoplolepis sp. 2,Femur length,,0.25,mm,mean,,both,adult,,,,,,,,,,,
PreservedSpecimen,Anoplolepis sp. 2,Colour value,"HSV (hue, saturation, and value) estimates extracted from photos using image editing software paint.NET (v.4.0.3)",54,0-100,single observation,,both,adult,,,,,,,,,,,
PreservedSpecimen,Camponotus sp. 1,Subfamily,,Formicinae,,mode,,both,adult,,,,,,,,,,,
HumanObservation,Camponotus sp. 1,Forage strategy,,Generalist forager,,mode,,both,adult,,,,,,,,,,,
HumanObservation,Camponotus sp. 1,Habitat position,,soil-dweller,mm,mean,,both,adult,,,,,,,,,,,
HumanObservation,Camponotus sp. 1,Eye Size,Trait data derived from existing literature and previous studies,Moderate,,mode,,both,adult,,,,,,,,,,,
PreservedSpecimen,Camponotus sp. 1,Body length,,3.50,mm,mean,,both,adult,,,,,,,,,,,
PreservedSpecimen,Camponotus sp. 1,Femur length,,5.00,mm,mean,,both,adult,,,,,,,,,,,
PreservedSpecimen,Camponotus sp. 1,Colour value,"HSV (hue, saturation, and value) estimates extracted from photos using image editing software paint.NET (v.4.0.3)",2,0-100,single observation,,both,adult,,,,,,,,,,,
PreservedSpecimen,Camponotus sp. 2,Subfamily,,Formicinae,,mode,,both,adult,,,,,,,,,,,
HumanObservation,Camponotus sp. 2,Forage strategy,,Generalist forager,,mode,,both,adult,,,,,,,,,,,
HumanObservation,Camponotus sp. 2,Habitat position,,soil-dweller,mm,mean,,both,adult,,,,,,,,,,,
HumanObservation,Camponotus sp. 2,Eye Size,Trait data derived from existing literature and previous studies,Moderate,,mode,,both,adult,,,,,,,,,,,
PreservedSpecimen,Camponotus sp. 2,Body length,,2.00,mm,mean,,both,adult,,,,,,,,,,,
PreservedSpecimen,Camponotus sp. 2,Femur length,,2.00,mm,mean,,both,adult,,,,,,,,,,,
PreservedSpecimen,Camponotus sp. 2,Colour value,"HSV (hue, saturation, and value) estimates extracted from photos using image editing software paint.NET (v.4.0.3)",15,0-100,single observation,,both,adult,,,,,,,,,,,
PreservedSpecimen,Camponotus sp. 3,Subfamily,,Formicinae,,mode,,both,adult,,,,,,,,,,,
HumanObservation,Camponotus sp. 3,Forage strategy,,Generalist forager,,mode,,both,adult,,,,,,,,,,,
HumanObservation,Camponotus sp. 3,Habitat position,,soil-dweller,mm,mean,,both,adult,,,,,,,,,,,
HumanObservation,Camponotus sp. 3,Eye Size,Trait data derived from existing literature and previous studies,Moderate,,mode,,both,adult,,,,,,,,,,,
PreservedSpecimen,Camponotus sp. 3,Body length,,3.00,mm,mean,,both,adult,,,,,,,,,,,
PreservedSpecimen,Camponotus sp. 3,Femur length,,2.00,mm,mean,,both,adult,,,,,,,,,,,
PreservedSpecimen,Camponotus sp. 3,Colour value,"HSV (hue, saturation, and value) estimates extracted from photos using image editing software paint.NET (v.4.0.3)",49,0-100,single observation,,both,adult,,,,,,,,,,,
PreservedSpecimen,Camponotus sp. 4,Subfamily,,Formicinae,,mode,,both,adult,,,,,,,,,,,
HumanObservation,Camponotus sp. 4,Forage strategy,,Generalist forager,,mode,,both,adult,,,,,,,,,,,
HumanObservation,Camponotus sp. 4,Habitat position,,soil-dweller,mm,mean,,both,adult,,,,,,,,,,,
HumanObservation,Camponotus sp. 4,Eye Size,Trait data derived from existing literature and previous studies,Moderate,,mode,,both,adult,,,,,,,,,,,
PreservedSpecimen,Camponotus sp. 4,Body length,,1.50,mm,mean,,both,adult,,,,,,,,,,,
PreservedSpecimen,Camponotus sp. 4,Femur length,,1.50,mm,mean,,both,adult,,,,,,,,,,,
PreservedSpecimen,Camponotus sp. 4,Colour value,"HSV (hue, saturation, and value) estimates extracted from photos using image editing software paint.NET (v.4.0.3)",27,0-100,single observation,,both,adult,,,,,,,,,,,
PreservedSpecimen,Camponotus sp. 5,Subfamily,,Formicinae,,mode,,both,adult,,,,,,,,,,,
HumanObservation,Camponotus sp. 5,Forage strategy,,Generalist forager,,mode,,both,adult,,,,,,,,,,,
HumanObservation,Camponotus sp. 5,Habitat position,,soil-dweller,mm,mean,,both,adult,,,,,,,,,,,
HumanObservation,Camponotus sp. 5,Eye Size,Trait data derived from existing literature and previous studies,Moderate,,mode,,both,adult,,,,,,,,,,,
PreservedSpecimen,Camponotus sp. 5,Body length,,2.50,mm,mean,,both,adult,,,,,,,,,,,
PreservedSpecimen,Camponotus sp. 5,Femur length,,2.00,mm,mean,,both,adult,,,,,,,,,,,
PreservedSpecimen,Camponotus sp. 5,Colour value,"HSV (hue, saturation, and value) estimates extracted from photos using image editing software paint.NET (v.4.0.3)",53,0-100,single observation,,both,adult,,,,,,,,,,,
PreservedSpecimen,Camponotus sp. 6,Subfamily,,Formicinae,,mode,,both,adult,,,,,,,,,,,
HumanObservation,Camponotus sp. 6,Forage strategy,,Generalist forager,,mode,,both,adult,,,,,,,,,,,
HumanObservation,Camponotus sp. 6,Habitat position,,soil-dweller,mm,mean,,both,adult,,,,,,,,,,,
HumanObservation,Camponotus sp. 6,Eye Size,Trait data derived from existing literature and previous studies,Moderate,,mode,,both,adult,,,,,,,,,,,
PreservedSpecimen,Camponotus sp. 6,Body length,,2.00,mm,mean,,both,adult,,,,,,,,,,,
PreservedSpecimen,Camponotus sp. 6,Femur length,,1.50,mm,mean,,both,adult,,,,,,,,,,,
PreservedSpecimen,Camponotus sp. 6,Colour value,"HSV (hue, saturation, and value) estimates extracted from photos using image editing software paint.NET (v.4.0.3)",50,0-100,single observation,,both,adult,,,,,,,,,,,
PreservedSpecimen,Camponotus sp. 7,Subfamily,,Formicinae,,mode,,both,adult,,,,,,,,,,,
HumanObservation,Camponotus sp. 7,Forage strategy,,Generalist forager,,mode,,both,adult,,,,,,,,,,,
HumanObservation,Camponotus sp. 7,Habitat position,,soil-dweller,mm,mean,,both,adult,,,,,,,,,,,
HumanObservation,Camponotus sp. 7,Eye Size,Trait data derived from existing literature and previous studies,Moderate,,mode,,both,adult,,,,,,,,,,,
PreservedSpecimen,Camponotus sp. 7,Body length,,2.00,mm,mean,,both,adult,,,,,,,,,,,
PreservedSpecimen,Camponotus sp. 7,Femur length,,1.50,mm,mean,,both,adult,,,,,,,,,,,
PreservedSpecimen,Camponotus sp. 7,Colour value,"HSV (hue, saturation, and value) estimates extracted from photos using image editing software paint.NET (v.4.0.3)",15,0-100,single observation,,both,adult,,,,,,,,,,,
PreservedSpecimen,Camponotus sp. 8,Subfamily,,Formicinae,,mode,,both,adult,,,,,,,,,,,
HumanObservation,Camponotus sp. 8,Forage strategy,,Generalist forager,,mode,,both,adult,,,,,,,,,,,
HumanObservation,Camponotus sp. 8,Habitat position,,soil-dweller,mm,mean,,both,adult,,,,,,,,,,,
HumanObservation,Camponotus sp. 8,Eye Size,Trait data derived from existing literature and previous studies,Moderate,,mode,,both,adult,,,,,,,,,,,
PreservedSpecimen,Camponotus sp. 8,Body length,,2.00,mm,mean,,both,adult,,,,,,,,,,,
PreservedSpecimen,Camponotus sp. 8,Femur length,,2.00,mm,mean,,both,adult,,,,,,,,,,,
PreservedSpecimen,Camponotus sp. 8,Colour value,"HSV (hue, saturation, and value) estimates extracted from photos using image editing software paint.NET (v.4.0.3)",48,0-100,single observation,,both,adult,,,,,,,,,,,
PreservedSpecimen,Camponotus sp. 9,Subfamily,,Formicinae,,mode,,both,adult,,,,,,,,,,,
HumanObservation,Camponotus sp. 9,Forage strategy,,Generalist forager,,mode,,both,adult,,,,,,,,,,,
HumanObservation,Camponotus sp. 9,Habitat position,,soil-dweller,mm,mean,,both,adult,,,,,,,,,,,
HumanObservation,Camponotus sp. 9,Eye Size,Trait data derived from existing literature and previous studies,Moderate,,mode,,both,adult,,,,,,,,,,,
PreservedSpecimen,Camponotus sp. 9,Body length,,2.00,mm,mean,,both,adult,,,,,,,,,,,
PreservedSpecimen,Camponotus sp. 9,Femur length,,1.50,mm,mean,,both,adult,,,,,,,,,,,
PreservedSpecimen,Camponotus sp. 9,Colour value,"HSV (hue, saturation, and value) estimates extracted from photos using image editing software paint.NET (v.4.0.3)",26,0-100,single observation,,both,adult,,,,,,,,,,,
PreservedSpecimen,Camponotus sp. 10,Subfamily,,Formicinae,,mode,,both,adult,,,,,,,,,,,
HumanObservation,Camponotus sp. 10,Forage strategy,,Generalist forager,,mode,,both,adult,,,,,,,,,,,
HumanObservation,Camponotus sp. 10,Habitat position,,soil-dweller,mm,mean,,both,adult,,,,,,,,,,,
HumanObservation,Camponotus sp. 10,Eye Size,Trait data derived from existing literature and previous studies,Moderate,,mode,,both,adult,,,,,,,,,,,
PreservedSpecimen,Camponotus sp. 10,Body length,,3.00,mm,mean,,both,adult,,,,,,,,,,,
PreservedSpecimen,Camponotus sp. 10,Femur length,,3.00,mm,mean,,both,adult,,,,,,,,,,,
PreservedSpecimen,Camponotus sp. 10,Colour value,"HSV (hue, saturation, and value) estimates extracted from photos using image editing software paint.NET (v.4.0.3)",50,0-100,single observation,,both,adult,,,,,,,,,,,
PreservedSpecimen,Camponotus sp. 11,Subfamily,,Formicinae,,mode,,both,adult,,,,,,,,,,,
HumanObservation,Camponotus sp. 11,Forage strategy,,Generalist forager,,mode,,both,adult,,,,,,,,,,,
HumanObservation,Camponotus sp. 11,Habitat position,,soil-dweller,mm,mean,,both,adult,,,,,,,,,,,
HumanObservation,Camponotus sp. 11,Eye Size,Trait data derived from existing literature and previous studies,Moderate,,mode,,both,adult,,,,,,,,,,,
PreservedSpecimen,Camponotus sp. 11,Body length,,4.00,mm,mean,,both,adult,,,,,,,,,,,
PreservedSpecimen,Camponotus sp. 11,Femur length,,2.00,mm,mean,,both,adult,,,,,,,,,,,
PreservedSpecimen,Camponotus sp. 11,Colour value,"HSV (hue, saturation, and value) estimates extracted from photos using image editing software paint.NET (v.4.0.3)",33,0-100,single observation,,both,adult,,,,,,,,,,,
PreservedSpecimen,Camponotus sp. 12,Subfamily,,Formicinae,,mode,,both,adult,,,,,,,,,,,
HumanObservation,Camponotus sp. 12,Forage strategy,,Generalist forager,,mode,,both,adult,,,,,,,,,,,
HumanObservation,Camponotus sp. 12,Habitat position,,soil-dweller,mm,mean,,both,adult,,,,,,,,,,,
HumanObservation,Camponotus sp. 12,Eye Size,Trait data derived from existing literature and previous studies,Moderate,,mode,,both,adult,,,,,,,,,,,
PreservedSpecimen,Camponotus sp. 12,Body length,,2.50,mm,mean,,both,adult,,,,,,,,,,,
PreservedSpecimen,Camponotus sp. 12,Femur length,,1.50,mm,mean,,both,adult,,,,,,,,,,,
PreservedSpecimen,Camponotus sp. 12,Colour value,"HSV (hue, saturation, and value) estimates extracted from photos using image editing software paint.NET (v.4.0.3)",29,0-100,single observation,,both,adult,,,,,,,,,,,
PreservedSpecimen,Camponotus sp. 13,Subfamily,,Formicinae,,mode,,both,adult,,,,,,,,,,,
HumanObservation,Camponotus sp. 13,Forage strategy,,Generalist forager,,mode,,both,adult,,,,,,,,,,,
HumanObservation,Camponotus sp. 13,Habitat position,,soil-dweller,mm,mean,,both,adult,,,,,,,,,,,
HumanObservation,Camponotus sp. 13,Eye Size,Trait data derived from existing literature and previous studies,Moderate,,mode,,both,adult,,,,,,,,,,,
PreservedSpecimen,Camponotus sp. 13,Body length,,2.00,mm,mean,,both,adult,,,,,,,,,,,
PreservedSpecimen,Camponotus sp. 13,Femur length,,2.00,mm,mean,,both,adult,,,,,,,,,,,
PreservedSpecimen,Camponotus sp. 13,Colour value,"HSV (hue, saturation, and value) estimates extracted from photos using image editing software paint.NET (v.4.0.3)",66,0-100,single observation,,both,adult,,,,,,,,,,,
PreservedSpecimen,Camponotus sp. 14,Subfamily,,Formicinae,,mode,,both,adult,,,,,,,,,,,
HumanObservation,Camponotus sp. 14,Forage strategy,,Generalist forager,,mode,,both,adult,,,,,,,,,,,
HumanObservation,Camponotus sp. 14,Habitat position,,soil-dweller,mm,mean,,both,adult,,,,,,,,,,,
HumanObservation,Camponotus sp. 14,Eye Size,Trait data derived from existing literature and previous studies,Moderate,,mode,,both,adult,,,,,,,,,,,
PreservedSpecimen,Camponotus sp. 14,Body length,,3.00,mm,mean,,both,adult,,,,,,,,,,,
PreservedSpecimen,Camponotus sp. 14,Femur length,,2.00,mm,mean,,both,adult,,,,,,,,,,,
PreservedSpecimen,Camponotus sp. 14,Colour value,"HSV (hue, saturation, and value) estimates extracted from photos using image editing software paint.NET (v.4.0.3)",71,0-100,single observation,,both,adult,,,,,,,,,,,
PreservedSpecimen,Camponotus,Subfamily,,Formicinae,,mode,,both,adult,,,,,,,,,,,
HumanObservation,Camponotus,Forage strategy,,Generalist forager,,mode,,both,adult,,,,,,,,,,,
HumanObservation,Camponotus,Habitat position,,soil-dweller,mm,mean,,both,adult,,,,,,,,,,,
HumanObservation,Camponotus,Eye Size,Trait data derived from existing literature and previous studies,Moderate,,mode,,both,adult,,,,,,,,,,,
PreservedSpecimen,Camponotus,Body length,,3.00,mm,mean,,both,adult,,,,,,,,,,,
PreservedSpecimen,Camponotus,Femur length,,2.00,mm,mean,,both,adult,,,,,,,,,,,
PreservedSpecimen,Camponotus,Colour value,"HSV (hue, saturation, and value) estimates extracted from photos using image editing software paint.NET (v.4.0.3)",25,0-100,single observation,,both,adult,,,,,,,,,,,
PreservedSpecimen,Camponotussp. 16,Subfamily,,Formicinae,,mode,,both,adult,,,,,,,,,,,
HumanObservation,Camponotussp. 16,Forage strategy,,Generalist forager,,mode,,both,adult,,,,,,,,,,,
HumanObservation,Camponotussp. 16,Habitat position,,soil-dweller,mm,mean,,both,adult,,,,,,,,,,,
HumanObservation,Camponotussp. 16,Eye Size,Trait data derived from existing literature and previous studies,Moderate,,mode,,both,adult,,,,,,,,,,,
PreservedSpecimen,Camponotussp. 16,Body length,,3.00,mm,mean,,both,adult,,,,,,,,,,,
PreservedSpecimen,Camponotussp. 16,Femur length,,2.00,mm,mean,,both,adult,,,,,,,,,,,
PreservedSpecimen,Camponotussp. 16,Colour value,"HSV (hue, saturation, and value) estimates extracted from photos using image editing software paint.NET (v.4.0.3)",19,0-100,single observation,,both,adult,,,,,,,,,,,
PreservedSpecimen,Lepisiota sp. 1,Subfamily,,Formicinae,,mode,,both,adult,,,,,,,,,,,
HumanObservation,Lepisiota sp. 1,Forage strategy,,Generalist forager,,mode,,both,adult,,,,,,,,,,,
HumanObservation,Lepisiota sp. 1,Habitat position,,soil-dweller,mm,mean,,both,adult,,,,,,,,,,,
HumanObservation,Lepisiota sp. 1,Eye Size,Trait data derived from existing literature and previous studies,Moderate,,mode,,both,adult,,,,,,,,,,,
PreservedSpecimen,Lepisiota sp. 1,Body length,,1.00,mm,mean,,both,adult,,,,,,,,,,,
PreservedSpecimen,Lepisiota sp. 1,Femur length,,0.50,mm,mean,,both,adult,,,,,,,,,,,
PreservedSpecimen,Lepisiota sp. 1,Colour value,"HSV (hue, saturation, and value) estimates extracted from photos using image editing software paint.NET (v.4.0.3)",32,0-100,single observation,,both,adult,,,,,,,,,,,
PreservedSpecimen,Lepisiota sp. 2,Subfamily,,Formicinae,,mode,,both,adult,,,,,,,,,,,
HumanObservation,Lepisiota sp. 2,Forage strategy,,Generalist forager,,mode,,both,adult,,,,,,,,,,,
HumanObservation,Lepisiota sp. 2,Habitat position,,soil-dweller,mm,mean,,both,adult,,,,,,,,,,,
HumanObservation,Lepisiota sp. 2,Eye Size,Trait data derived from existing literature and previous studies,Moderate,,mode,,both,adult,,,,,,,,,,,
PreservedSpecimen,Lepisiota sp. 2,Body length,,0.50,mm,mean,,both,adult,,,,,,,,,,,
PreservedSpecimen,Lepisiota sp. 2,Femur length,,0.50,mm,mean,,both,adult,,,,,,,,,,,
PreservedSpecimen,Lepisiota sp. 2,Colour value,"HSV (hue, saturation, and value) estimates extracted from photos using image editing software paint.NET (v.4.0.3)",33,0-100,single observation,,both,adult,,,,,,,,,,,
PreservedSpecimen,Lepisiota sp. 3,Subfamily,,Formicinae,,mode,,both,adult,,,,,,,,,,,
HumanObservation,Lepisiota sp. 3,Forage strategy,,Generalist forager,,mode,,both,adult,,,,,,,,,,,
HumanObservation,Lepisiota sp. 3,Habitat position,,soil-dweller,mm,mean,,both,adult,,,,,,,,,,,
HumanObservation,Lepisiota sp. 3,Eye Size,Trait data derived from existing literature and previous studies,Moderate,,mode,,both,adult,,,,,,,,,,,
PreservedSpecimen,Lepisiota sp. 3,Body length,,1.00,mm,mean,,both,adult,,,,,,,,,,,
PreservedSpecimen,Lepisiota sp. 3,Femur length,,0.50,mm,mean,,both,adult,,,,,,,,,,,
PreservedSpecimen,Lepisiota sp. 3,Colour value,"HSV (hue, saturation, and value) estimates extracted from photos using image editing software paint.NET (v.4.0.3)",53,0-100,single observation,,both,adult,,,,,,,,,,,
PreservedSpecimen,Lepisiota sp. 4,Subfamily,,Formicinae,,mode,,both,adult,,,,,,,,,,,
HumanObservation,Lepisiota sp. 4,Forage strategy,,Generalist forager,,mode,,both,adult,,,,,,,,,,,
HumanObservation,Lepisiota sp. 4,Habitat position,,soil-dweller,mm,mean,,both,adult,,,,,,,,,,,
HumanObservation,Lepisiota sp. 4,Eye Size,Trait data derived from existing literature and previous studies,Moderate,,mode,,both,adult,,,,,,,,,,,
PreservedSpecimen,Lepisiota sp. 4,Body length,,0.50,mm,mean,,both,adult,,,,,,,,,,,
PreservedSpecimen,Lepisiota sp. 4,Femur length,,0.50,mm,mean,,both,adult,,,,,,,,,,,
PreservedSpecimen,Lepisiota sp. 4,Colour value,"HSV (hue, saturation, and value) estimates extracted from photos using image editing software paint.NET (v.4.0.3)",28,0-100,single observation,,both,adult,,,,,,,,,,,
PreservedSpecimen,Lepisiota sp. 5,Subfamily,,Formicinae,,mode,,both,adult,,,,,,,,,,,
HumanObservation,Lepisiota sp. 5,Forage strategy,,Generalist forager,,mode,,both,adult,,,,,,,,,,,
HumanObservation,Lepisiota sp. 5,Habitat position,,soil-dweller,mm,mean,,both,adult,,,,,,,,,,,
HumanObservation,Lepisiota sp. 5,Eye Size,Trait data derived from existing literature and previous studies,Moderate,,mode,,both,adult,,,,,,,,,,,
PreservedSpecimen,Lepisiota sp. 5,Body length,,1.50,mm,mean,,both,adult,,,,,,,,,,,
PreservedSpecimen,Lepisiota sp. 5,Femur length,,0.50,mm,mean,,both,adult,,,,,,,,,,,
PreservedSpecimen,Lepisiota sp. 5,Colour value,"HSV (hue, saturation, and value) estimates extracted from photos using image editing software paint.NET (v.4.0.3)",30,0-100,single observation,,both,adult,,,,,,,,,,,
PreservedSpecimen,Lepisiota sp. 6,Subfamily,,Formicinae,,mode,,both,adult,,,,,,,,,,,
HumanObservation,Lepisiota sp. 6,Forage strategy,,Generalist forager,,mode,,both,adult,,,,,,,,,,,
HumanObservation,Lepisiota sp. 6,Habitat position,,soil-dweller,mm,mean,,both,adult,,,,,,,,,,,
HumanObservation,Lepisiota sp. 6,Eye Size,Trait data derived from existing literature and previous studies,Moderate,,mode,,both,adult,,,,,,,,,,,
PreservedSpecimen,Lepisiota sp. 6,Body length,,0.50,mm,mean,,both,adult,,,,,,,,,,,
PreservedSpecimen,Lepisiota sp. 6,Femur length,,0.50,mm,mean,,both,adult,,,,,,,,,,,
PreservedSpecimen,Lepisiota sp. 6,Colour value,"HSV (hue, saturation, and value) estimates extracted from photos using image editing software paint.NET (v.4.0.3)",25,0-100,single observation,,both,adult,,,,,,,,,,,
PreservedSpecimen,Lepisiota sp. 7,Subfamily,,Formicinae,,mode,,both,adult,,,,,,,,,,,
HumanObservation,Lepisiota sp. 7,Forage strategy,,Generalist forager,,mode,,both,adult,,,,,,,,,,,
HumanObservation,Lepisiota sp. 7,Habitat position,,soil-dweller,mm,mean,,both,adult,,,,,,,,,,,
HumanObservation,Lepisiota sp. 7,Eye Size,Trait data derived from existing literature and previous studies,Moderate,,mode,,both,adult,,,,,,,,,,,
PreservedSpecimen,Lepisiota sp. 7,Body length,,1.00,mm,mean,,both,adult,,,,,,,,,,,
PreservedSpecimen,Lepisiota sp. 7,Femur length,,0.50,mm,mean,,both,adult,,,,,,,,,,,
PreservedSpecimen,Lepisiota sp. 7,Colour value,"HSV (hue, saturation, and value) estimates extracted from photos using image editing software paint.NET (v.4.0.3)",14,0-100,single observation,,both,adult,,,,,,,,,,,
PreservedSpecimen,Lepisiota sp. 8,Subfamily,,Formicinae,,mode,,both,adult,,,,,,,,,,,
HumanObservation,Lepisiota sp. 8,Forage strategy,,Generalist forager,,mode,,both,adult,,,,,,,,,,,
HumanObservation,Lepisiota sp. 8,Habitat position,,soil-dweller,mm,mean,,both,adult,,,,,,,,,,,
HumanObservation,Lepisiota sp. 8,Eye Size,Trait data derived from existing literature and previous studies,Moderate,,mode,,both,adult,,,,,,,,,,,
PreservedSpecimen,Lepisiota sp. 8,Body length,,2.00,mm,mean,,both,adult,,,,,,,,,,,
PreservedSpecimen,Lepisiota sp. 8,Femur length,,1.00,mm,mean,,both,adult,,,,,,,,,,,
PreservedSpecimen,Lepisiota sp. 8,Colour value,"HSV (hue, saturation, and value) estimates extracted from photos using image editing software paint.NET (v.4.0.3)",36,0-100,single observation,,both,adult,,,,,,,,,,,
PreservedSpecimen,Lepisiota sp. 9,Subfamily,,Formicinae,,mode,,both,adult,,,,,,,,,,,
HumanObservation,Lepisiota sp. 9,Forage strategy,,Generalist forager,,mode,,both,adult,,,,,,,,,,,
HumanObservation,Lepisiota sp. 9,Habitat position,,soil-dweller,mm,mean,,both,adult,,,,,,,,,,,
HumanObservation,Lepisiota sp. 9,Eye Size,Trait data derived from existing literature and previous studies,Moderate,,mode,,both,adult,,,,,,,,,,,
PreservedSpecimen,Lepisiota sp. 9,Body length,,0.10,mm,mean,,both,adult,,,,,,,,,,,
PreservedSpecimen,Lepisiota sp. 9,Femur length,,0.50,mm,mean,,both,adult,,,,,,,,,,,
PreservedSpecimen,Lepisiota sp. 9,Colour value,"HSV (hue, saturation, and value) estimates extracted from photos using image editing software paint.NET (v.4.0.3)",18,0-100,single observation,,both,adult,,,,,,,,,,,
PreservedSpecimen,Lepisiota sp. 10,Subfamily,,Formicinae,,mode,,both,adult,,,,,,,,,,,
HumanObservation,Lepisiota sp. 10,Forage strategy,,Generalist forager,,mode,,both,adult,,,,,,,,,,,
HumanObservation,Lepisiota sp. 10,Habitat position,,soil-dweller,mm,mean,,both,adult,,,,,,,,,,,
HumanObservation,Lepisiota sp. 10,Eye Size,Trait data derived from existing literature and previous studies,Moderate,,mode,,both,adult,,,,,,,,,,,
PreservedSpecimen,Lepisiota sp. 10,Body length,,1.50,mm,mean,,both,adult,,,,,,,,,,,
PreservedSpecimen,Lepisiota sp. 10,Femur length,,1.50,mm,mean,,both,adult,,,,,,,,,,,
PreservedSpecimen,Lepisiota sp. 10,Colour value,"HSV (hue, saturation, and value) estimates extracted from photos using image editing software paint.NET (v.4.0.3)",32,0-100,single observation,,both,adult,,,,,,,,,,,
PreservedSpecimen,Paratrechinasp. 1,Subfamily,,Formicinae,,mode,,both,adult,,,,,,,,,,,
HumanObservation,Paratrechinasp. 1,Forage strategy,,Generalist forager,,mode,,both,adult,,,,,,,,,,,
HumanObservation,Paratrechinasp. 1,Habitat position,,soil-dweller,mm,mean,,both,adult,,,,,,,,,,,
HumanObservation,Paratrechinasp. 1,Eye Size,Trait data derived from existing literature and previous studies,Large,,mode,,both,adult,,,,,,,,,,,
PreservedSpecimen,Paratrechinasp. 1,Body length,,1.00,mm,mean,,both,adult,,,,,,,,,,,
PreservedSpecimen,Paratrechinasp. 1,Femur length,,1.00,mm,mean,,both,adult,,,,,,,,,,,
PreservedSpecimen,Paratrechinasp. 1,Colour value,"HSV (hue, saturation, and value) estimates extracted from photos using image editing software paint.NET (v.4.0.3)",29,0-100,single observation,,both,adult,,,,,,,,,,,
PreservedSpecimen,Paratrechinasp. 2,Subfamily,,Formicinae,,mode,,both,adult,,,,,,,,,,,
HumanObservation,Paratrechinasp. 2,Forage strategy,,Generalist forager,,mode,,both,adult,,,,,,,,,,,
HumanObservation,Paratrechinasp. 2,Habitat position,,soil-dweller,mm,mean,,both,adult,,,,,,,,,,,
HumanObservation,Paratrechinasp. 2,Eye Size,Trait data derived from existing literature and previous studies,Large,,mode,,both,adult,,,,,,,,,,,
PreservedSpecimen,Paratrechinasp. 2,Body length,,1.00,mm,mean,,both,adult,,,,,,,,,,,
PreservedSpecimen,Paratrechinasp. 2,Femur length,,0.50,mm,mean,,both,adult,,,,,,,,,,,
PreservedSpecimen,Paratrechinasp. 2,Colour value,"HSV (hue, saturation, and value) estimates extracted from photos using image editing software paint.NET (v.4.0.3)",35,0-100,single observation,,both,adult,,,,,,,,,,,
PreservedSpecimen,Paratrechinasp. 3,Subfamily,,Formicinae,,mode,,both,adult,,,,,,,,,,,
HumanObservation,Paratrechinasp. 3,Forage strategy,,Generalist forager,,mode,,both,adult,,,,,,,,,,,
HumanObservation,Paratrechinasp. 3,Habitat position,,soil-dweller,mm,mean,,both,adult,,,,,,,,,,,
HumanObservation,Paratrechinasp. 3,Eye Size,Trait data derived from existing literature and previous studies,Large,,mode,,both,adult,,,,,,,,,,,
PreservedSpecimen,Paratrechinasp. 3,Body length,,1.00,mm,mean,,both,adult,,,,,,,,,,,
PreservedSpecimen,Paratrechinasp. 3,Femur length,,1.00,mm,mean,,both,adult,,,,,,,,,,,
PreservedSpecimen,Paratrechinasp. 3,Colour value,"HSV (hue, saturation, and value) estimates extracted from photos using image editing software paint.NET (v.4.0.3)",70,0-100,single observation,,both,adult,,,,,,,,,,,
PreservedSpecimen,Paratrechinasp. 4,Subfamily,,Formicinae,,mode,,both,adult,,,,,,,,,,,
HumanObservation,Paratrechinasp. 4,Forage strategy,,Generalist forager,,mode,,both,adult,,,,,,,,,,,
HumanObservation,Paratrechinasp. 4,Habitat position,,soil-dweller,mm,mean,,both,adult,,,,,,,,,,,
HumanObservation,Paratrechinasp. 4,Eye Size,Trait data derived from existing literature and previous studies,Large,,mode,,both,adult,,,,,,,,,,,
PreservedSpecimen,Paratrechinasp. 4,Body length,,2.50,mm,mean,,both,adult,,,,,,,,,,,
PreservedSpecimen,Paratrechinasp. 4,Femur length,,1.50,mm,mean,,both,adult,,,,,,,,,,,
PreservedSpecimen,Paratrechinasp. 4,Colour value,"HSV (hue, saturation, and value) estimates extracted from photos using image editing software paint.NET (v.4.0.3)",65,0-100,single observation,,both,adult,,,,,,,,,,,
PreservedSpecimen,Plagiolepis sp. 1,Subfamily,,Formicinae,,mode,,both,adult,,,,,,,,,,,
HumanObservation,Plagiolepis sp. 1,Forage strategy,,Saprovore,,mode,,both,adult,,,,,,,,,,,
HumanObservation,Plagiolepis sp. 1,Habitat position,,litter-dweller,mm,mean,,both,adult,,,,,,,,,,,
HumanObservation,Plagiolepis sp. 1,Eye Size,Trait data derived from existing literature and previous studies,Large,,mode,,both,adult,,,,,,,,,,,
PreservedSpecimen,Plagiolepis sp. 1,Body length,,0.50,mm,mean,,both,adult,,,,,,,,,,,
PreservedSpecimen,Plagiolepis sp. 1,Femur length,,0.25,mm,mean,,both,adult,,,,,,,,,,,
PreservedSpecimen,Plagiolepis sp. 1,Colour value,"HSV (hue, saturation, and value) estimates extracted from photos using image editing software paint.NET (v.4.0.3)",30,0-100,single observation,,both,adult,,,,,,,,,,,
PreservedSpecimen,Plagiolepis sp. 2,Subfamily,,Formicinae,,mode,,both,adult,,,,,,,,,,,
HumanObservation,Plagiolepis sp. 2,Forage strategy,,Saprovore,,mode,,both,adult,,,,,,,,,,,
HumanObservation,Plagiolepis sp. 2,Habitat position,,litter-dweller,mm,mean,,both,adult,,,,,,,,,,,
HumanObservation,Plagiolepis sp. 2,Eye Size,Trait data derived from existing literature and previous studies,Large,,mode,,both,adult,,,,,,,,,,,
PreservedSpecimen,Plagiolepis sp. 2,Body length,,1.00,mm,mean,,both,adult,,,,,,,,,,,
PreservedSpecimen,Plagiolepis sp. 2,Femur length,,0.50,mm,mean,,both,adult,,,,,,,,,,,
PreservedSpecimen,Plagiolepis sp. 2,Colour value,"HSV (hue, saturation, and value) estimates extracted from photos using image editing software paint.NET (v.4.0.3)",45,0-100,single observation,,both,adult,,,,,,,,,,,
PreservedSpecimen,Plagiolepis sp. 3,Subfamily,,Formicinae,,mode,,both,adult,,,,,,,,,,,
HumanObservation,Plagiolepis sp. 3,Forage strategy,,Saprovore,,mode,,both,adult,,,,,,,,,,,
HumanObservation,Plagiolepis sp. 3,Habitat position,,litter-dweller,mm,mean,,both,adult,,,,,,,,,,,
HumanObservation,Plagiolepis sp. 3,Eye Size,Trait data derived from existing literature and previous studies,Large,,mode,,both,adult,,,,,,,,,,,
PreservedSpecimen,Plagiolepis sp. 3,Body length,,1.00,mm,mean,,both,adult,,,,,,,,,,,
PreservedSpecimen,Plagiolepis sp. 3,Femur length,,0.50,mm,mean,,both,adult,,,,,,,,,,,
PreservedSpecimen,Plagiolepis sp. 3,Colour value,"HSV (hue, saturation, and value) estimates extracted from photos using image editing software paint.NET (v.4.0.3)",65,0-100,single observation,,both,adult,,,,,,,,,,,
PreservedSpecimen,Plagiolepis sp. 4,Subfamily,,Formicinae,,mode,,both,adult,,,,,,,,,,,
HumanObservation,Plagiolepis sp. 4,Forage strategy,,Saprovore,,mode,,both,adult,,,,,,,,,,,
HumanObservation,Plagiolepis sp. 4,Habitat position,,litter-dweller,mm,mean,,both,adult,,,,,,,,,,,
HumanObservation,Plagiolepis sp. 4,Eye Size,Trait data derived from existing literature and previous studies,Large,,mode,,both,adult,,,,,,,,,,,
PreservedSpecimen,Plagiolepis sp. 4,Body length,,0.50,mm,mean,,both,adult,,,,,,,,,,,
PreservedSpecimen,Plagiolepis sp. 4,Femur length,,0.30,mm,mean,,both,adult,,,,,,,,,,,
PreservedSpecimen,Plagiolepis sp. 4,Colour value,"HSV (hue, saturation, and value) estimates extracted from photos using image editing software paint.NET (v.4.0.3)",68,0-100,single observation,,both,adult,,,,,,,,,,,
PreservedSpecimen,Polyrhachissp. 1,Subfamily,,Formicinae,,mode,,both,adult,,,,,,,,,,,
HumanObservation,Polyrhachissp. 1,Forage strategy,,Generalist forager,,mode,,both,adult,,,,,,,,,,,
HumanObservation,Polyrhachissp. 1,Habitat position,,soil-dweller,mm,mean,,both,adult,,,,,,,,,,,
HumanObservation,Polyrhachissp. 1,Eye Size,Trait data derived from existing literature and previous studies,Large,,mode,,both,adult,,,,,,,,,,,
PreservedSpecimen,Polyrhachissp. 1,Body length,,3.00,mm,mean,,both,adult,,,,,,,,,,,
PreservedSpecimen,Polyrhachissp. 1,Femur length,,2.50,mm,mean,,both,adult,,,,,,,,,,,
PreservedSpecimen,Polyrhachissp. 1,Colour value,"HSV (hue, saturation, and value) estimates extracted from photos using image editing software paint.NET (v.4.0.3)",25,0-100,single observation,,both,adult,,,,,,,,,,,
PreservedSpecimen,Polyrhachissp. 2,Subfamily,,Formicinae,,mode,,both,adult,,,,,,,,,,,
HumanObservation,Polyrhachissp. 2,Forage strategy,,Generalist forager,,mode,,both,adult,,,,,,,,,,,
HumanObservation,Polyrhachissp. 2,Habitat position,,soil-dweller,mm,mean,,both,adult,,,,,,,,,,,
HumanObservation,Polyrhachissp. 2,Eye Size,Trait data derived from existing literature and previous studies,Large,,mode,,both,adult,,,,,,,,,,,
PreservedSpecimen,Polyrhachissp. 2,Body length,,3.00,mm,mean,,both,adult,,,,,,,,,,,
PreservedSpecimen,Polyrhachissp. 2,Femur length,,2.50,mm,mean,,both,adult,,,,,,,,,,,
PreservedSpecimen,Polyrhachissp. 2,Colour value,"HSV (hue, saturation, and value) estimates extracted from photos using image editing software paint.NET (v.4.0.3)",28,0-100,single observation,,both,adult,,,,,,,,,,,
PreservedSpecimen,Polyrhachissp. 3,Subfamily,,Formicinae,,mode,,both,adult,,,,,,,,,,,
HumanObservation,Polyrhachissp. 3,Forage strategy,,Generalist forager,,mode,,both,adult,,,,,,,,,,,
HumanObservation,Polyrhachissp. 3,Habitat position,,soil-dweller,mm,mean,,both,adult,,,,,,,,,,,
HumanObservation,Polyrhachissp. 3,Eye Size,Trait data derived from existing literature and previous studies,Large,,mode,,both,adult,,,,,,,,,,,
PreservedSpecimen,Polyrhachissp. 3,Body length,,3.00,mm,mean,,both,adult,,,,,,,,,,,
PreservedSpecimen,Polyrhachissp. 3,Femur length,,2.50,mm,mean,,both,adult,,,,,,,,,,,
PreservedSpecimen,Polyrhachissp. 3,Colour value,"HSV (hue, saturation, and value) estimates extracted from photos using image editing software paint.NET (v.4.0.3)",26,0-100,single observation,,both,adult,,,,,,,,,,,
PreservedSpecimen,Anochetus sp. 1,Subfamily,,Ponerinae,,mode,,both,adult,,,,,,,,,,,
HumanObservation,Anochetus sp. 1,Forage strategy,,Predator,,mode,,both,adult,,,,,,,,,,,
HumanObservation,Anochetus sp. 1,Habitat position,,litter-dweller,mm,mean,,both,adult,,,,,,,,,,,
HumanObservation,Anochetus sp. 1,Eye Size,Trait data derived from existing literature and previous studies,Large,,mode,,both,adult,,,,,,,,,,,
PreservedSpecimen,Anochetus sp. 1,Body length,,1.00,mm,mean,,both,adult,,,,,,,,,,,
PreservedSpecimen,Anochetus sp. 1,Femur length,,1.00,mm,mean,,both,adult,,,,,,,,,,,
PreservedSpecimen,Anochetus sp. 1,Colour value,"HSV (hue, saturation, and value) estimates extracted from photos using image editing software paint.NET (v.4.0.3)",63,0-100,single observation,,both,adult,,,,,,,,,,,
PreservedSpecimen,Boloponera sp. 1,Subfamily,,Ponerinae,,mode,,both,adult,,,,,,,,,,,
HumanObservation,Boloponera sp. 1,Forage strategy,,Predator,,mode,,both,adult,,,,,,,,,,,
HumanObservation,Boloponera sp. 1,Habitat position,,litter-dweller,mm,mean,,both,adult,,,,,,,,,,,
HumanObservation,Boloponera sp. 1,Eye Size,Trait data derived from existing literature and previous studies,Absent,,mode,,both,adult,,,,,,,,,,,
PreservedSpecimen,Boloponera sp. 1,Body length,,1.00,mm,mean,,both,adult,,,,,,,,,,,
PreservedSpecimen,Boloponera sp. 1,Femur length,,1.00,mm,mean,,both,adult,,,,,,,,,,,
PreservedSpecimen,Boloponera sp. 1,Colour value,"HSV (hue, saturation, and value) estimates extracted from photos using image editing software paint.NET (v.4.0.3)",48,0-100,single observation,,both,adult,,,,,,,,,,,
PreservedSpecimen,Bothroponerasp. 1,Subfamily,,Ponerinae,,mode,,both,adult,,,,,,,,,,,
HumanObservation,Bothroponerasp. 1,Forage strategy,,Predator,,mode,,both,adult,,,,,,,,,,,
HumanObservation,Bothroponerasp. 1,Habitat position,,litter-dweller,mm,mean,,both,adult,,,,,,,,,,,
HumanObservation,Bothroponerasp. 1,Eye Size,Trait data derived from existing literature and previous studies,Small,,mode,,both,adult,,,,,,,,,,,
PreservedSpecimen,Bothroponerasp. 1,Body length,,1.50,mm,mean,,both,adult,,,,,,,,,,,
PreservedSpecimen,Bothroponerasp. 1,Femur length,,1.00,mm,mean,,both,adult,,,,,,,,,,,
PreservedSpecimen,Bothroponerasp. 1,Colour value,"HSV (hue, saturation, and value) estimates extracted from photos using image editing software paint.NET (v.4.0.3)",2,0-100,single observation,,both,adult,,,,,,,,,,,
PreservedSpecimen,Bothroponerasp. 2,Subfamily,,Ponerinae,,mode,,both,adult,,,,,,,,,,,
HumanObservation,Bothroponerasp. 2,Forage strategy,,Predator,,mode,,both,adult,,,,,,,,,,,
HumanObservation,Bothroponerasp. 2,Habitat position,,litter-dweller,mm,mean,,both,adult,,,,,,,,,,,
HumanObservation,Bothroponerasp. 2,Eye Size,Trait data derived from existing literature and previous studies,Small,,mode,,both,adult,,,,,,,,,,,
PreservedSpecimen,Bothroponerasp. 2,Body length,,5.00,mm,mean,,both,adult,,,,,,,,,,,
PreservedSpecimen,Bothroponerasp. 2,Femur length,,4.00,mm,mean,,both,adult,,,,,,,,,,,
PreservedSpecimen,Bothroponerasp. 2,Colour value,"HSV (hue, saturation, and value) estimates extracted from photos using image editing software paint.NET (v.4.0.3)",35,0-100,single observation,,both,adult,,,,,,,,,,,
PreservedSpecimen,Bothroponerasp. 3,Subfamily,,Ponerinae,,mode,,both,adult,,,,,,,,,,,
HumanObservation,Bothroponerasp. 3,Forage strategy,,Predator,,mode,,both,adult,,,,,,,,,,,
HumanObservation,Bothroponerasp. 3,Habitat position,,litter-dweller,mm,mean,,both,adult,,,,,,,,,,,
HumanObservation,Bothroponerasp. 3,Eye Size,Trait data derived from existing literature and previous studies,Small,,mode,,both,adult,,,,,,,,,,,
PreservedSpecimen,Bothroponerasp. 3,Body length,,3.00,mm,mean,,both,adult,,,,,,,,,,,
PreservedSpecimen,Bothroponerasp. 3,Femur length,,2.50,mm,mean,,both,adult,,,,,,,,,,,
PreservedSpecimen,Bothroponerasp. 3,Colour value,"HSV (hue, saturation, and value) estimates extracted from photos using image editing software paint.NET (v.4.0.3)",24,0-100,single observation,,both,adult,,,,,,,,,,,
PreservedSpecimen,Bothroponerasp. 4,Subfamily,,Ponerinae,,mode,,both,adult,,,,,,,,,,,
HumanObservation,Bothroponerasp. 4,Forage strategy,,Predator,,mode,,both,adult,,,,,,,,,,,
HumanObservation,Bothroponerasp. 4,Habitat position,,litter-dweller,mm,mean,,both,adult,,,,,,,,,,,
HumanObservation,Bothroponerasp. 4,Eye Size,Trait data derived from existing literature and previous studies,Small,,mode,,both,adult,,,,,,,,,,,
PreservedSpecimen,Bothroponerasp. 4,Body length,,2.50,mm,mean,,both,adult,,,,,,,,,,,
PreservedSpecimen,Bothroponerasp. 4,Femur length,,2.00,mm,mean,,both,adult,,,,,,,,,,,
PreservedSpecimen,Bothroponerasp. 4,Colour value,"HSV (hue, saturation, and value) estimates extracted from photos using image editing software paint.NET (v.4.0.3)",22,0-100,single observation,,both,adult,,,,,,,,,,,
PreservedSpecimen,Bothroponerasp. 5,Subfamily,,Ponerinae,,mode,,both,adult,,,,,,,,,,,
HumanObservation,Bothroponerasp. 5,Forage strategy,,Predator,,mode,,both,adult,,,,,,,,,,,
HumanObservation,Bothroponerasp. 5,Habitat position,,litter-dweller,mm,mean,,both,adult,,,,,,,,,,,
HumanObservation,Bothroponerasp. 5,Eye Size,Trait data derived from existing literature and previous studies,Small,,mode,,both,adult,,,,,,,,,,,
PreservedSpecimen,Bothroponerasp. 5,Body length,,2.50,mm,mean,,both,adult,,,,,,,,,,,
PreservedSpecimen,Bothroponerasp. 5,Femur length,,2.50,mm,mean,,both,adult,,,,,,,,,,,
PreservedSpecimen,Bothroponerasp. 5,Colour value,"HSV (hue, saturation, and value) estimates extracted from photos using image editing software paint.NET (v.4.0.3)",21,0-100,single observation,,both,adult,,,,,,,,,,,
PreservedSpecimen,Cataulacus sp. 1,Subfamily,,Myrmicinae,,mode,,both,adult,,,,,,,,,,,
HumanObservation,Cataulacus sp. 1,Forage strategy,,Saprovore,,mode,,both,adult,,,,,,,,,,,
HumanObservation,Cataulacus sp. 1,Habitat position,,vegetation-dweller,mm,mean,,both,adult,,,,,,,,,,,
HumanObservation,Cataulacus sp. 1,Eye Size,Trait data derived from existing literature and previous studies,Large,,mode,,both,adult,,,,,,,,,,,
PreservedSpecimen,Cataulacus sp. 1,Body length,,1.50,mm,mean,,both,adult,,,,,,,,,,,
PreservedSpecimen,Cataulacus sp. 1,Femur length,,0.50,mm,mean,,both,adult,,,,,,,,,,,
PreservedSpecimen,Cataulacus sp. 1,Colour value,"HSV (hue, saturation, and value) estimates extracted from photos using image editing software paint.NET (v.4.0.3)",16,0-100,single observation,,both,adult,,,,,,,,,,,
PreservedSpecimen,Crematogastersp. 1,Subfamily,,Myrmicinae,,mode,,both,adult,,,,,,,,,,,
HumanObservation,Crematogastersp. 1,Forage strategy,,Generalist forager,,mode,,both,adult,,,,,,,,,,,
HumanObservation,Crematogastersp. 1,Habitat position,,soil-dweller,mm,mean,,both,adult,,,,,,,,,,,
HumanObservation,Crematogastersp. 1,Eye Size,Trait data derived from existing literature and previous studies,Moderate,,mode,,both,adult,,,,,,,,,,,
PreservedSpecimen,Crematogastersp. 1,Body length,,1.50,mm,mean,,both,adult,,,,,,,,,,,
PreservedSpecimen,Crematogastersp. 1,Femur length,,1.00,mm,mean,,both,adult,,,,,,,,,,,
PreservedSpecimen,Crematogastersp. 1,Colour value,"HSV (hue, saturation, and value) estimates extracted from photos using image editing software paint.NET (v.4.0.3)",25,0-100,single observation,,both,adult,,,,,,,,,,,
PreservedSpecimen,Crematogastersp. 2,Subfamily,,Myrmicinae,,mode,,both,adult,,,,,,,,,,,
HumanObservation,Crematogastersp. 2,Forage strategy,,Generalist forager,,mode,,both,adult,,,,,,,,,,,
HumanObservation,Crematogastersp. 2,Habitat position,,soil-dweller,mm,mean,,both,adult,,,,,,,,,,,
HumanObservation,Crematogastersp. 2,Eye Size,Trait data derived from existing literature and previous studies,Moderate,,mode,,both,adult,,,,,,,,,,,
PreservedSpecimen,Crematogastersp. 2,Body length,,2.00,mm,mean,,both,adult,,,,,,,,,,,
PreservedSpecimen,Crematogastersp. 2,Femur length,,1.00,mm,mean,,both,adult,,,,,,,,,,,
PreservedSpecimen,Crematogastersp. 2,Colour value,"HSV (hue, saturation, and value) estimates extracted from photos using image editing software paint.NET (v.4.0.3)",12,0-100,single observation,,both,adult,,,,,,,,,,,
PreservedSpecimen,Crematogastersp. 3,Subfamily,,Myrmicinae,,mode,,both,adult,,,,,,,,,,,
HumanObservation,Crematogastersp. 3,Forage strategy,,Generalist forager,,mode,,both,adult,,,,,,,,,,,
HumanObservation,Crematogastersp. 3,Habitat position,,soil-dweller,mm,mean,,both,adult,,,,,,,,,,,
HumanObservation,Crematogastersp. 3,Eye Size,Trait data derived from existing literature and previous studies,Moderate,,mode,,both,adult,,,,,,,,,,,
PreservedSpecimen,Crematogastersp. 3,Body length,,1.50,mm,mean,,both,adult,,,,,,,,,,,
PreservedSpecimen,Crematogastersp. 3,Femur length,,1.00,mm,mean,,both,adult,,,,,,,,,,,
PreservedSpecimen,Crematogastersp. 3,Colour value,"HSV (hue, saturation, and value) estimates extracted from photos using image editing software paint.NET (v.4.0.3)",11,0-100,single observation,,both,adult,,,,,,,,,,,
PreservedSpecimen,Crematogastersp. 4,Subfamily,,Myrmicinae,,mode,,both,adult,,,,,,,,,,,
HumanObservation,Crematogastersp. 4,Forage strategy,,Generalist forager,,mode,,both,adult,,,,,,,,,,,
HumanObservation,Crematogastersp. 4,Habitat position,,soil-dweller,mm,mean,,both,adult,,,,,,,,,,,
HumanObservation,Crematogastersp. 4,Eye Size,Trait data derived from existing literature and previous studies,Moderate,,mode,,both,adult,,,,,,,,,,,
PreservedSpecimen,Crematogastersp. 4,Body length,,1.50,mm,mean,,both,adult,,,,,,,,,,,
PreservedSpecimen,Crematogastersp. 4,Femur length,,1.00,mm,mean,,both,adult,,,,,,,,,,,
PreservedSpecimen,Crematogastersp. 4,Colour value,"HSV (hue, saturation, and value) estimates extracted from photos using image editing software paint.NET (v.4.0.3)",4,0-100,single observation,,both,adult,,,,,,,,,,,
PreservedSpecimen,Crematogastersp. 5,Subfamily,,Myrmicinae,,mode,,both,adult,,,,,,,,,,,
HumanObservation,Crematogastersp. 5,Forage strategy,,Generalist forager,,mode,,both,adult,,,,,,,,,,,
HumanObservation,Crematogastersp. 5,Habitat position,,soil-dweller,mm,mean,,both,adult,,,,,,,,,,,
HumanObservation,Crematogastersp. 5,Eye Size,Trait data derived from existing literature and previous studies,Moderate,,mode,,both,adult,,,,,,,,,,,
PreservedSpecimen,Crematogastersp. 5,Body length,,1.50,mm,mean,,both,adult,,,,,,,,,,,
PreservedSpecimen,Crematogastersp. 5,Femur length,,1.00,mm,mean,,both,adult,,,,,,,,,,,
PreservedSpecimen,Crematogastersp. 5,Colour value,"HSV (hue, saturation, and value) estimates extracted from photos using image editing software paint.NET (v.4.0.3)",49,0-100,single observation,,both,adult,,,,,,,,,,,
PreservedSpecimen,Crematogastersp. 6,Subfamily,,Myrmicinae,,mode,,both,adult,,,,,,,,,,,
HumanObservation,Crematogastersp. 6,Forage strategy,,Generalist forager,,mode,,both,adult,,,,,,,,,,,
HumanObservation,Crematogastersp. 6,Habitat position,,soil-dweller,mm,mean,,both,adult,,,,,,,,,,,
HumanObservation,Crematogastersp. 6,Eye Size,Trait data derived from existing literature and previous studies,Moderate,,mode,,both,adult,,,,,,,,,,,
PreservedSpecimen,Crematogastersp. 6,Body length,,1.00,mm,mean,,both,adult,,,,,,,,,,,
PreservedSpecimen,Crematogastersp. 6,Femur length,,1.00,mm,mean,,both,adult,,,,,,,,,,,
PreservedSpecimen,Crematogastersp. 6,Colour value,"HSV (hue, saturation, and value) estimates extracted from photos using image editing software paint.NET (v.4.0.3)",40,0-100,single observation,,both,adult,,,,,,,,,,,
PreservedSpecimen,Crematogastersp. 7,Subfamily,,Myrmicinae,,mode,,both,adult,,,,,,,,,,,
HumanObservation,Crematogastersp. 7,Forage strategy,,Generalist forager,,mode,,both,adult,,,,,,,,,,,
HumanObservation,Crematogastersp. 7,Habitat position,,soil-dweller,mm,mean,,both,adult,,,,,,,,,,,
HumanObservation,Crematogastersp. 7,Eye Size,Trait data derived from existing literature and previous studies,Moderate,,mode,,both,adult,,,,,,,,,,,
PreservedSpecimen,Crematogastersp. 7,Body length,,1.00,mm,mean,,both,adult,,,,,,,,,,,
PreservedSpecimen,Crematogastersp. 7,Femur length,,0.25,mm,mean,,both,adult,,,,,,,,,,,
PreservedSpecimen,Crematogastersp. 7,Colour value,"HSV (hue, saturation, and value) estimates extracted from photos using image editing software paint.NET (v.4.0.3)",53,0-100,single observation,,both,adult,,,,,,,,,,,
PreservedSpecimen,Crematogastersp. 8,Subfamily,,Myrmicinae,,mode,,both,adult,,,,,,,,,,,
HumanObservation,Crematogastersp. 8,Forage strategy,,Generalist forager,,mode,,both,adult,,,,,,,,,,,
HumanObservation,Crematogastersp. 8,Habitat position,,soil-dweller,mm,mean,,both,adult,,,,,,,,,,,
HumanObservation,Crematogastersp. 8,Eye Size,Trait data derived from existing literature and previous studies,Moderate,,mode,,both,adult,,,,,,,,,,,
PreservedSpecimen,Crematogastersp. 8,Body length,,1.00,mm,mean,,both,adult,,,,,,,,,,,
PreservedSpecimen,Crematogastersp. 8,Femur length,,0.50,mm,mean,,both,adult,,,,,,,,,,,
PreservedSpecimen,Crematogastersp. 8,Colour value,"HSV (hue, saturation, and value) estimates extracted from photos using image editing software paint.NET (v.4.0.3)",34,0-100,single observation,,both,adult,,,,,,,,,,,
PreservedSpecimen,Crematogastersp. 9,Subfamily,,Myrmicinae,,mode,,both,adult,,,,,,,,,,,
HumanObservation,Crematogastersp. 9,Forage strategy,,Generalist forager,,mode,,both,adult,,,,,,,,,,,
HumanObservation,Crematogastersp. 9,Habitat position,,soil-dweller,mm,mean,,both,adult,,,,,,,,,,,
HumanObservation,Crematogastersp. 9,Eye Size,Trait data derived from existing literature and previous studies,Moderate,,mode,,both,adult,,,,,,,,,,,
PreservedSpecimen,Crematogastersp. 9,Body length,,1.00,mm,mean,,both,adult,,,,,,,,,,,
PreservedSpecimen,Crematogastersp. 9,Femur length,,0.50,mm,mean,,both,adult,,,,,,,,,,,
PreservedSpecimen,Crematogastersp. 9,Colour value,"HSV (hue, saturation, and value) estimates extracted from photos using image editing software paint.NET (v.4.0.3)",60,0-100,single observation,,both,adult,,,,,,,,,,,
PreservedSpecimen,Crematogastersp. 10,Subfamily,,Myrmicinae,,mode,,both,adult,,,,,,,,,,,
HumanObservation,Crematogastersp. 10,Forage strategy,,Generalist forager,,mode,,both,adult,,,,,,,,,,,
HumanObservation,Crematogastersp. 10,Habitat position,,soil-dweller,mm,mean,,both,adult,,,,,,,,,,,
HumanObservation,Crematogastersp. 10,Eye Size,Trait data derived from existing literature and previous studies,Moderate,,mode,,both,adult,,,,,,,,,,,
PreservedSpecimen,Crematogastersp. 10,Body length,,1.00,mm,mean,,both,adult,,,,,,,,,,,
PreservedSpecimen,Crematogastersp. 10,Femur length,,0.50,mm,mean,,both,adult,,,,,,,,,,,
PreservedSpecimen,Crematogastersp. 10,Colour value,"HSV (hue, saturation, and value) estimates extracted from photos using image editing software paint.NET (v.4.0.3)",28,0-100,single observation,,both,adult,,,,,,,,,,,
PreservedSpecimen,Crematogastersp. 11,Subfamily,,Myrmicinae,,mode,,both,adult,,,,,,,,,,,
HumanObservation,Crematogastersp. 11,Forage strategy,,Generalist forager,,mode,,both,adult,,,,,,,,,,,
HumanObservation,Crematogastersp. 11,Habitat position,,soil-dweller,mm,mean,,both,adult,,,,,,,,,,,
HumanObservation,Crematogastersp. 11,Eye Size,Trait data derived from existing literature and previous studies,Moderate,,mode,,both,adult,,,,,,,,,,,
PreservedSpecimen,Crematogastersp. 11,Body length,,1.00,mm,mean,,both,adult,,,,,,,,,,,
PreservedSpecimen,Crematogastersp. 11,Femur length,,0.50,mm,mean,,both,adult,,,,,,,,,,,
PreservedSpecimen,Crematogastersp. 11,Colour value,"HSV (hue, saturation, and value) estimates extracted from photos using image editing software paint.NET (v.4.0.3)",30,0-100,single observation,,both,adult,,,,,,,,,,,
PreservedSpecimen,Crematogastersp. 12,Subfamily,,Myrmicinae,,mode,,both,adult,,,,,,,,,,,
HumanObservation,Crematogastersp. 12,Forage strategy,,Generalist forager,,mode,,both,adult,,,,,,,,,,,
HumanObservation,Crematogastersp. 12,Habitat position,,soil-dweller,mm,mean,,both,adult,,,,,,,,,,,
HumanObservation,Crematogastersp. 12,Eye Size,Trait data derived from existing literature and previous studies,Moderate,,mode,,both,adult,,,,,,,,,,,
PreservedSpecimen,Crematogastersp. 12,Body length,,1.50,mm,mean,,both,adult,,,,,,,,,,,
PreservedSpecimen,Crematogastersp. 12,Femur length,,1.00,mm,mean,,both,adult,,,,,,,,,,,
PreservedSpecimen,Crematogastersp. 12,Colour value,"HSV (hue, saturation, and value) estimates extracted from photos using image editing software paint.NET (v.4.0.3)",38,0-100,single observation,,both,adult,,,,,,,,,,,
PreservedSpecimen,Discothyreasp. 1,Subfamily,,Proceratiinae,,mode,,both,adult,,,,,,,,,,,
HumanObservation,Discothyreasp. 1,Forage strategy,,Predator,,mode,,both,adult,,,,,,,,,,,
HumanObservation,Discothyreasp. 1,Habitat position,,litter-dweller,mm,mean,,both,adult,,,,,,,,,,,
HumanObservation,Discothyreasp. 1,Eye Size,Trait data derived from existing literature and previous studies,Small,,mode,,both,adult,,,,,,,,,,,
PreservedSpecimen,Discothyreasp. 1,Body length,,1.00,mm,mean,,both,adult,,,,,,,,,,,
PreservedSpecimen,Discothyreasp. 1,Femur length,,0.25,mm,mean,,both,adult,,,,,,,,,,,
PreservedSpecimen,Discothyreasp. 1,Colour value,"HSV (hue, saturation, and value) estimates extracted from photos using image editing software paint.NET (v.4.0.3)",59,0-100,single observation,,both,adult,,,,,,,,,,,
PreservedSpecimen,Hypoponerasp. 1,Subfamily,,Ponerinae,,mode,,both,adult,,,,,,,,,,,
HumanObservation,Hypoponerasp. 1,Forage strategy,,Predator,,mode,,both,adult,,,,,,,,,,,
HumanObservation,Hypoponerasp. 1,Habitat position,,litter-dweller,mm,mean,,both,adult,,,,,,,,,,,
HumanObservation,Hypoponerasp. 1,Eye Size,Trait data derived from existing literature and previous studies,Small,,mode,,both,adult,,,,,,,,,,,
PreservedSpecimen,Hypoponerasp. 1,Body length,,2.00,mm,mean,,both,adult,,,,,,,,,,,
PreservedSpecimen,Hypoponerasp. 1,Femur length,,1.00,mm,mean,,both,adult,,,,,,,,,,,
PreservedSpecimen,Hypoponerasp. 1,Colour value,"HSV (hue, saturation, and value) estimates extracted from photos using image editing software paint.NET (v.4.0.3)",21,0-100,single observation,,both,adult,,,,,,,,,,,
PreservedSpecimen,Leptogenys sp. 1,Subfamily,,Ponerinae,,mode,,both,adult,,,,,,,,,,,
HumanObservation,Leptogenys sp. 1,Forage strategy,,Predator,,mode,,both,adult,,,,,,,,,,,
HumanObservation,Leptogenys sp. 1,Habitat position,,soil-dweller,mm,mean,,both,adult,,,,,,,,,,,
HumanObservation,Leptogenys sp. 1,Eye Size,Trait data derived from existing literature and previous studies,Large,,mode,,both,adult,,,,,,,,,,,
PreservedSpecimen,Leptogenys sp. 1,Body length,,3.00,mm,mean,,both,adult,,,,,,,,,,,
PreservedSpecimen,Leptogenys sp. 1,Femur length,,2.50,mm,mean,,both,adult,,,,,,,,,,,
PreservedSpecimen,Leptogenys sp. 1,Colour value,"HSV (hue, saturation, and value) estimates extracted from photos using image editing software paint.NET (v.4.0.3)",2,0-100,single observation,,both,adult,,,,,,,,,,,
PreservedSpecimen,Leptogenys sp. 2,Subfamily,,Ponerinae,,mode,,both,adult,,,,,,,,,,,
HumanObservation,Leptogenys sp. 2,Forage strategy,,Predator,,mode,,both,adult,,,,,,,,,,,
HumanObservation,Leptogenys sp. 2,Habitat position,,soil-dweller,mm,mean,,both,adult,,,,,,,,,,,
HumanObservation,Leptogenys sp. 2,Eye Size,Trait data derived from existing literature and previous studies,Large,,mode,,both,adult,,,,,,,,,,,
PreservedSpecimen,Leptogenys sp. 2,Body length,,3.00,mm,mean,,both,adult,,,,,,,,,,,
PreservedSpecimen,Leptogenys sp. 2,Femur length,,2.00,mm,mean,,both,adult,,,,,,,,,,,
PreservedSpecimen,Leptogenys sp. 2,Colour value,"HSV (hue, saturation, and value) estimates extracted from photos using image editing software paint.NET (v.4.0.3)",4,0-100,single observation,,both,adult,,,,,,,,,,,
PreservedSpecimen,Leptogenys sp. 3,Subfamily,,Ponerinae,,mode,,both,adult,,,,,,,,,,,
HumanObservation,Leptogenys sp. 3,Forage strategy,,Predator,,mode,,both,adult,,,,,,,,,,,
HumanObservation,Leptogenys sp. 3,Habitat position,,soil-dweller,mm,mean,,both,adult,,,,,,,,,,,
HumanObservation,Leptogenys sp. 3,Eye Size,Trait data derived from existing literature and previous studies,Large,,mode,,both,adult,,,,,,,,,,,
PreservedSpecimen,Leptogenys sp. 3,Body length,,2.50,mm,mean,,both,adult,,,,,,,,,,,
PreservedSpecimen,Leptogenys sp. 3,Femur length,,2.00,mm,mean,,both,adult,,,,,,,,,,,
PreservedSpecimen,Leptogenys sp. 3,Colour value,"HSV (hue, saturation, and value) estimates extracted from photos using image editing software paint.NET (v.4.0.3)",29,0-100,single observation,,both,adult,,,,,,,,,,,
PreservedSpecimen,Meranoplussp. 1,Subfamily,,Myrmicinae,,mode,,both,adult,,,,,,,,,,,
HumanObservation,Meranoplussp. 1,Forage strategy,,Generalist forager,,mode,,both,adult,,,,,,,,,,,
HumanObservation,Meranoplussp. 1,Habitat position,,soil-dweller,mm,mean,,both,adult,,,,,,,,,,,
HumanObservation,Meranoplussp. 1,Eye Size,Trait data derived from existing literature and previous studies,Large,,mode,,both,adult,,,,,,,,,,,
PreservedSpecimen,Meranoplussp. 1,Body length,,1.00,mm,mean,,both,adult,,,,,,,,,,,
PreservedSpecimen,Meranoplussp. 1,Femur length,,1.00,mm,mean,,both,adult,,,,,,,,,,,
PreservedSpecimen,Meranoplussp. 1,Colour value,"HSV (hue, saturation, and value) estimates extracted from photos using image editing software paint.NET (v.4.0.3)",33,0-100,single observation,,both,adult,,,,,,,,,,,
PreservedSpecimen,Monomorium,Subfamily,,Myrmicinae,,mode,,both,adult,,,,,,,,,,,
HumanObservation,Monomorium,Forage strategy,,Generalist forager,,mode,,both,adult,,,,,,,,,,,
HumanObservation,Monomorium,Habitat position,,litter-dweller,mm,mean,,both,adult,,,,,,,,,,,
HumanObservation,Monomorium,Eye Size,Trait data derived from existing literature and previous studies,Moderate,,mode,,both,adult,,,,,,,,,,,
PreservedSpecimen,Monomorium,Body length,,1.00,mm,mean,,both,adult,,,,,,,,,,,
PreservedSpecimen,Monomorium,Femur length,,0.50,mm,mean,,both,adult,,,,,,,,,,,
PreservedSpecimen,Monomorium,Colour value,"HSV (hue, saturation, and value) estimates extracted from photos using image editing software paint.NET (v.4.0.3)",64,0-100,single observation,,both,adult,,,,,,,,,,,
PreservedSpecimen,Monomorium sp. 2,Subfamily,,Myrmicinae,,mode,,both,adult,,,,,,,,,,,
HumanObservation,Monomorium sp. 2,Forage strategy,,Generalist forager,,mode,,both,adult,,,,,,,,,,,
HumanObservation,Monomorium sp. 2,Habitat position,,litter-dweller,mm,mean,,both,adult,,,,,,,,,,,
HumanObservation,Monomorium sp. 2,Eye Size,Trait data derived from existing literature and previous studies,Moderate,,mode,,both,adult,,,,,,,,,,,
PreservedSpecimen,Monomorium sp. 2,Body length,,0.50,mm,mean,,both,adult,,,,,,,,,,,
PreservedSpecimen,Monomorium sp. 2,Femur length,,0.25,mm,mean,,both,adult,,,,,,,,,,,
PreservedSpecimen,Monomorium sp. 2,Colour value,"HSV (hue, saturation, and value) estimates extracted from photos using image editing software paint.NET (v.4.0.3)",42,0-100,single observation,,both,adult,,,,,,,,,,,
PreservedSpecimen,Monomorium sp. 3,Subfamily,,Myrmicinae,,mode,,both,adult,,,,,,,,,,,
HumanObservation,Monomorium sp. 3,Forage strategy,,Generalist forager,,mode,,both,adult,,,,,,,,,,,
HumanObservation,Monomorium sp. 3,Habitat position,,litter-dweller,mm,mean,,both,adult,,,,,,,,,,,
HumanObservation,Monomorium sp. 3,Eye Size,Trait data derived from existing literature and previous studies,Moderate,,mode,,both,adult,,,,,,,,,,,
PreservedSpecimen,Monomorium sp. 3,Body length,,0.50,mm,mean,,both,adult,,,,,,,,,,,
PreservedSpecimen,Monomorium sp. 3,Femur length,,0.25,mm,mean,,both,adult,,,,,,,,,,,
PreservedSpecimen,Monomorium sp. 3,Colour value,"HSV (hue, saturation, and value) estimates extracted from photos using image editing software paint.NET (v.4.0.3)",33,0-100,single observation,,both,adult,,,,,,,,,,,
PreservedSpecimen,Monomorium sp. 4,Subfamily,,Myrmicinae,,mode,,both,adult,,,,,,,,,,,
HumanObservation,Monomorium sp. 4,Forage strategy,,Generalist forager,,mode,,both,adult,,,,,,,,,,,
HumanObservation,Monomorium sp. 4,Habitat position,,litter-dweller,mm,mean,,both,adult,,,,,,,,,,,
HumanObservation,Monomorium sp. 4,Eye Size,Trait data derived from existing literature and previous studies,Moderate,,mode,,both,adult,,,,,,,,,,,
PreservedSpecimen,Monomorium sp. 4,Body length,,1.00,mm,mean,,both,adult,,,,,,,,,,,
PreservedSpecimen,Monomorium sp. 4,Femur length,,1.00,mm,mean,,both,adult,,,,,,,,,,,
PreservedSpecimen,Monomorium sp. 4,Colour value,"HSV (hue, saturation, and value) estimates extracted from photos using image editing software paint.NET (v.4.0.3)",71,0-100,single observation,,both,adult,,,,,,,,,,,
PreservedSpecimen,Myrmicaria sp. 1,Subfamily,,Myrmicinae,,mode,,both,adult,,,,,,,,,,,
HumanObservation,Myrmicaria sp. 1,Forage strategy,,Generalist forager,,mode,,both,adult,,,,,,,,,,,
HumanObservation,Myrmicaria sp. 1,Habitat position,,soil-dweller,mm,mean,,both,adult,,,,,,,,,,,
HumanObservation,Myrmicaria sp. 1,Eye Size,Trait data derived from existing literature and previous studies,Large,,mode,,both,adult,,,,,,,,,,,
PreservedSpecimen,Myrmicaria sp. 1,Body length,,2.50,mm,mean,,both,adult,,,,,,,,,,,
PreservedSpecimen,Myrmicaria sp. 1,Femur length,,3.00,mm,mean,,both,adult,,,,,,,,,,,
PreservedSpecimen,Myrmicaria sp. 1,Colour value,"HSV (hue, saturation, and value) estimates extracted from photos using image editing software paint.NET (v.4.0.3)",71,0-100,single observation,,both,adult,,,,,,,,,,,
PreservedSpecimen,Paltothyreus sp. 1,Subfamily,,Ponerinae,,mode,,both,adult,,,,,,,,,,,
HumanObservation,Paltothyreus sp. 1,Forage strategy,,Predator,,mode,,both,adult,,,,,,,,,,,
HumanObservation,Paltothyreus sp. 1,Habitat position,,soil-dweller,mm,mean,,both,adult,,,,,,,,,,,
HumanObservation,Paltothyreus sp. 1,Eye Size,Trait data derived from existing literature and previous studies,Large,,mode,,both,adult,,,,,,,,,,,
PreservedSpecimen,Paltothyreus sp. 1,Body length,,5.00,mm,mean,,both,adult,,,,,,,,,,,
PreservedSpecimen,Paltothyreus sp. 1,Femur length,,3.00,mm,mean,,both,adult,,,,,,,,,,,
PreservedSpecimen,Paltothyreus sp. 1,Colour value,"HSV (hue, saturation, and value) estimates extracted from photos using image editing software paint.NET (v.4.0.3)",8,0-100,single observation,,both,adult,,,,,,,,,,,
PreservedSpecimen,Paltothyreus sp. 2,Subfamily,,Ponerinae,,mode,,both,adult,,,,,,,,,,,
HumanObservation,Paltothyreus sp. 2,Forage strategy,,Predator,,mode,,both,adult,,,,,,,,,,,
HumanObservation,Paltothyreus sp. 2,Habitat position,,soil-dweller,mm,mean,,both,adult,,,,,,,,,,,
HumanObservation,Paltothyreus sp. 2,Eye Size,Trait data derived from existing literature and previous studies,Large,,mode,,both,adult,,,,,,,,,,,
PreservedSpecimen,Paltothyreus sp. 2,Body length,,5.00,mm,mean,,both,adult,,,,,,,,,,,
PreservedSpecimen,Paltothyreus sp. 2,Femur length,,3.00,mm,mean,,both,adult,,,,,,,,,,,
PreservedSpecimen,Paltothyreus sp. 2,Colour value,"HSV (hue, saturation, and value) estimates extracted from photos using image editing software paint.NET (v.4.0.3)",12,0-100,single observation,,both,adult,,,,,,,,,,,
PreservedSpecimen,Parasyscia sp. 1,Subfamily,,Ponerinae,,mode,,both,adult,,,,,,,,,,,
HumanObservation,Parasyscia sp. 1,Forage strategy,,Predator,,mode,,both,adult,,,,,,,,,,,
HumanObservation,Parasyscia sp. 1,Habitat position,,litter-dweller,mm,mean,,both,adult,,,,,,,,,,,
HumanObservation,Parasyscia sp. 1,Eye Size,Trait data derived from existing literature and previous studies,Small,,mode,,both,adult,,,,,,,,,,,
PreservedSpecimen,Parasyscia sp. 1,Body length,,1.00,mm,mean,,both,adult,,,,,,,,,,,
PreservedSpecimen,Parasyscia sp. 1,Femur length,,0.50,mm,mean,,both,adult,,,,,,,,,,,
PreservedSpecimen,Parasyscia sp. 1,Colour value,"HSV (hue, saturation, and value) estimates extracted from photos using image editing software paint.NET (v.4.0.3)",52,0-100,single observation,,both,adult,,,,,,,,,,,
PreservedSpecimen,Parasyscia sp. 2,Subfamily,,Ponerinae,,mode,,both,adult,,,,,,,,,,,
HumanObservation,Parasyscia sp. 2,Forage strategy,,Predator,,mode,,both,adult,,,,,,,,,,,
HumanObservation,Parasyscia sp. 2,Habitat position,,litter-dweller,mm,mean,,both,adult,,,,,,,,,,,
HumanObservation,Parasyscia sp. 2,Eye Size,Trait data derived from existing literature and previous studies,Small,,mode,,both,adult,,,,,,,,,,,
PreservedSpecimen,Parasyscia sp. 2,Body length,,0.50,mm,mean,,both,adult,,,,,,,,,,,
PreservedSpecimen,Parasyscia sp. 2,Femur length,,0.25,mm,mean,,both,adult,,,,,,,,,,,
PreservedSpecimen,Parasyscia sp. 2,Colour value,"HSV (hue, saturation, and value) estimates extracted from photos using image editing software paint.NET (v.4.0.3)",67,0-100,single observation,,both,adult,,,,,,,,,,,
PreservedSpecimen,Parasyscia sp. 3,Subfamily,,Ponerinae,,mode,,both,adult,,,,,,,,,,,
HumanObservation,Parasyscia sp. 3,Forage strategy,,Predator,,mode,,both,adult,,,,,,,,,,,
HumanObservation,Parasyscia sp. 3,Habitat position,,litter-dweller,mm,mean,,both,adult,,,,,,,,,,,
HumanObservation,Parasyscia sp. 3,Eye Size,Trait data derived from existing literature and previous studies,Small,,mode,,both,adult,,,,,,,,,,,
PreservedSpecimen,Parasyscia sp. 3,Body length,,1.00,mm,mean,,both,adult,,,,,,,,,,,
PreservedSpecimen,Parasyscia sp. 3,Femur length,,0.50,mm,mean,,both,adult,,,,,,,,,,,
PreservedSpecimen,Parasyscia sp. 3,Colour value,"HSV (hue, saturation, and value) estimates extracted from photos using image editing software paint.NET (v.4.0.3)",61,0-100,single observation,,both,adult,,,,,,,,,,,
PreservedSpecimen,Pheidole sp. 1,Subfamily,,Myrmicinae,,mode,,both,adult,,,,,,,,,,,
HumanObservation,Pheidole sp. 1,Forage strategy,,Generalist forager,,mode,,both,adult,,,,,,,,,,,
HumanObservation,Pheidole sp. 1,Habitat position,,soil-dweller,mm,mean,,both,adult,,,,,,,,,,,
HumanObservation,Pheidole sp. 1,Eye Size,Trait data derived from existing literature and previous studies,Small,,mode,,both,adult,,,,,,,,,,,
PreservedSpecimen,Pheidole sp. 1,Body length,,1.00,mm,mean,,both,adult,,,,,,,,,,,
PreservedSpecimen,Pheidole sp. 1,Femur length,,1.00,mm,mean,,both,adult,,,,,,,,,,,
PreservedSpecimen,Pheidole sp. 1,Colour value,"HSV (hue, saturation, and value) estimates extracted from photos using image editing software paint.NET (v.4.0.3)",70,0-100,single observation,,both,adult,,,,,,,,,,,
PreservedSpecimen,Pheidole sp. 2,Subfamily,,Myrmicinae,,mode,,both,adult,,,,,,,,,,,
HumanObservation,Pheidole sp. 2,Forage strategy,,Generalist forager,,mode,,both,adult,,,,,,,,,,,
HumanObservation,Pheidole sp. 2,Habitat position,,soil-dweller,mm,mean,,both,adult,,,,,,,,,,,
HumanObservation,Pheidole sp. 2,Eye Size,Trait data derived from existing literature and previous studies,Small,,mode,,both,adult,,,,,,,,,,,
PreservedSpecimen,Pheidole sp. 2,Body length,,1.50,mm,mean,,both,adult,,,,,,,,,,,
PreservedSpecimen,Pheidole sp. 2,Femur length,,1.00,mm,mean,,both,adult,,,,,,,,,,,
PreservedSpecimen,Pheidole sp. 2,Colour value,"HSV (hue, saturation, and value) estimates extracted from photos using image editing software paint.NET (v.4.0.3)",77,0-100,single observation,,both,adult,,,,,,,,,,,
PreservedSpecimen,Pheidole sp. 3,Subfamily,,Myrmicinae,,mode,,both,adult,,,,,,,,,,,
HumanObservation,Pheidole sp. 3,Forage strategy,,Generalist forager,,mode,,both,adult,,,,,,,,,,,
HumanObservation,Pheidole sp. 3,Habitat position,,soil-dweller,mm,mean,,both,adult,,,,,,,,,,,
HumanObservation,Pheidole sp. 3,Eye Size,Trait data derived from existing literature and previous studies,Small,,mode,,both,adult,,,,,,,,,,,
PreservedSpecimen,Pheidole sp. 3,Body length,,1.50,mm,mean,,both,adult,,,,,,,,,,,
PreservedSpecimen,Pheidole sp. 3,Femur length,,1.00,mm,mean,,both,adult,,,,,,,,,,,
PreservedSpecimen,Pheidole sp. 3,Colour value,"HSV (hue, saturation, and value) estimates extracted from photos using image editing software paint.NET (v.4.0.3)",59,0-100,single observation,,both,adult,,,,,,,,,,,
PreservedSpecimen,Pheidole sp. 4,Subfamily,,Myrmicinae,,mode,,both,adult,,,,,,,,,,,
HumanObservation,Pheidole sp. 4,Forage strategy,,Generalist forager,,mode,,both,adult,,,,,,,,,,,
HumanObservation,Pheidole sp. 4,Habitat position,,soil-dweller,mm,mean,,both,adult,,,,,,,,,,,
HumanObservation,Pheidole sp. 4,Eye Size,Trait data derived from existing literature and previous studies,Small,,mode,,both,adult,,,,,,,,,,,
PreservedSpecimen,Pheidole sp. 4,Body length,,2.00,mm,mean,,both,adult,,,,,,,,,,,
PreservedSpecimen,Pheidole sp. 4,Femur length,,1.50,mm,mean,,both,adult,,,,,,,,,,,
PreservedSpecimen,Pheidole sp. 4,Colour value,"HSV (hue, saturation, and value) estimates extracted from photos using image editing software paint.NET (v.4.0.3)",45,0-100,single observation,,both,adult,,,,,,,,,,,
PreservedSpecimen,Pheidole sp. 5,Subfamily,,Myrmicinae,,mode,,both,adult,,,,,,,,,,,
HumanObservation,Pheidole sp. 5,Forage strategy,,Generalist forager,,mode,,both,adult,,,,,,,,,,,
HumanObservation,Pheidole sp. 5,Habitat position,,soil-dweller,mm,mean,,both,adult,,,,,,,,,,,
HumanObservation,Pheidole sp. 5,Eye Size,Trait data derived from existing literature and previous studies,Small,,mode,,both,adult,,,,,,,,,,,
PreservedSpecimen,Pheidole sp. 5,Body length,,0.50,mm,mean,,both,adult,,,,,,,,,,,
PreservedSpecimen,Pheidole sp. 5,Femur length,,0.25,mm,mean,,both,adult,,,,,,,,,,,
PreservedSpecimen,Pheidole sp. 5,Colour value,"HSV (hue, saturation, and value) estimates extracted from photos using image editing software paint.NET (v.4.0.3)",36,0-100,single observation,,both,adult,,,,,,,,,,,
PreservedSpecimen,Pheidole sp. 5,Subfamily,,Myrmicinae,,mode,,both,adult,,,,,,,,,,,
HumanObservation,Pheidole sp. 5,Forage strategy,,Generalist forager,,mode,,both,adult,,,,,,,,,,,
HumanObservation,Pheidole sp. 5,Habitat position,,soil-dweller,mm,mean,,both,adult,,,,,,,,,,,
HumanObservation,Pheidole sp. 5,Eye Size,Trait data derived from existing literature and previous studies,Small,,mode,,both,adult,,,,,,,,,,,
PreservedSpecimen,Pheidole sp. 5,Body length,,1.00,mm,mean,,both,adult,,,,,,,,,,,
PreservedSpecimen,Pheidole sp. 5,Femur length,,0.50,mm,mean,,both,adult,,,,,,,,,,,
PreservedSpecimen,Pheidole sp. 5,Colour value,"HSV (hue, saturation, and value) estimates extracted from photos using image editing software paint.NET (v.4.0.3)",66,0-100,single observation,,both,adult,,,,,,,,,,,
PreservedSpecimen,Pheidole sp. 6,Subfamily,,Myrmicinae,,mode,,both,adult,,,,,,,,,,,
HumanObservation,Pheidole sp. 6,Forage strategy,,Generalist forager,,mode,,both,adult,,,,,,,,,,,
HumanObservation,Pheidole sp. 6,Habitat position,,soil-dweller,mm,mean,,both,adult,,,,,,,,,,,
HumanObservation,Pheidole sp. 6,Eye Size,Trait data derived from existing literature and previous studies,Small,,mode,,both,adult,,,,,,,,,,,
PreservedSpecimen,Pheidole sp. 6,Body length,,1.50,mm,mean,,both,adult,,,,,,,,,,,
PreservedSpecimen,Pheidole sp. 6,Femur length,,1.00,mm,mean,,both,adult,,,,,,,,,,,
PreservedSpecimen,Pheidole sp. 6,Colour value,"HSV (hue, saturation, and value) estimates extracted from photos using image editing software paint.NET (v.4.0.3)",65,0-100,single observation,,both,adult,,,,,,,,,,,
PreservedSpecimen,Probolomyrme x sp. 1,Subfamily,,Proceratiinae,,mode,,both,adult,,,,,,,,,,,
HumanObservation,Probolomyrme x sp. 1,Forage strategy,,Predator,,mode,,both,adult,,,,,,,,,,,
HumanObservation,Probolomyrme x sp. 1,Habitat position,,litter-dweller,mm,mean,,both,adult,,,,,,,,,,,
HumanObservation,Probolomyrme x sp. 1,Eye Size,Trait data derived from existing literature and previous studies,Absent,,mode,,both,adult,,,,,,,,,,,
PreservedSpecimen,Probolomyrme x sp. 1,Body length,,1.00,mm,mean,,both,adult,,,,,,,,,,,
PreservedSpecimen,Probolomyrme x sp. 1,Femur length,,0.25,mm,mean,,both,adult,,,,,,,,,,,
PreservedSpecimen,Probolomyrme x sp. 1,Colour value,"HSV (hue, saturation, and value) estimates extracted from photos using image editing software paint.NET (v.4.0.3)",59,0-100,single observation,,both,adult,,,,,,,,,,,
PreservedSpecimen,Probolomyrme x sp. 2,Subfamily,,Proceratiinae,,mode,,both,adult,,,,,,,,,,,
HumanObservation,Probolomyrme x sp. 2,Forage strategy,,Predator,,mode,,both,adult,,,,,,,,,,,
HumanObservation,Probolomyrme x sp. 2,Habitat position,,litter-dweller,mm,mean,,both,adult,,,,,,,,,,,
HumanObservation,Probolomyrme x sp. 2,Eye Size,Trait data derived from existing literature and previous studies,Absent,,mode,,both,adult,,,,,,,,,,,
PreservedSpecimen,Probolomyrme x sp. 2,Body length,,1.50,mm,mean,,both,adult,,,,,,,,,,,
PreservedSpecimen,Probolomyrme x sp. 2,Femur length,,1.00,mm,mean,,both,adult,,,,,,,,,,,
PreservedSpecimen,Probolomyrme x sp. 2,Colour value,"HSV (hue, saturation, and value) estimates extracted from photos using image editing software paint.NET (v.4.0.3)",77,0-100,single observation,,both,adult,,,,,,,,,,,
PreservedSpecimen,Solenopsis sp. 1,Subfamily,,Myrmicinae,,mode,,both,adult,,,,,,,,,,,
HumanObservation,Solenopsis sp. 1,Forage strategy,,Generalist forager,,mode,,both,adult,,,,,,,,,,,
HumanObservation,Solenopsis sp. 1,Habitat position,,soil-dweller,mm,mean,,both,adult,,,,,,,,,,,
HumanObservation,Solenopsis sp. 1,Eye Size,Trait data derived from existing literature and previous studies,Small,,mode,,both,adult,,,,,,,,,,,
PreservedSpecimen,Solenopsis sp. 1,Body length,,1.00,mm,mean,,both,adult,,,,,,,,,,,
PreservedSpecimen,Solenopsis sp. 1,Femur length,,1.00,mm,mean,,both,adult,,,,,,,,,,,
PreservedSpecimen,Solenopsis sp. 1,Colour value,"HSV (hue, saturation, and value) estimates extracted from photos using image editing software paint.NET (v.4.0.3)",72,0-100,single observation,,both,adult,,,,,,,,,,,
PreservedSpecimen,Solenopsis sp. 2,Subfamily,,Myrmicinae,,mode,,both,adult,,,,,,,,,,,
HumanObservation,Solenopsis sp. 2,Forage strategy,,Generalist forager,,mode,,both,adult,,,,,,,,,,,
HumanObservation,Solenopsis sp. 2,Habitat position,,soil-dweller,mm,mean,,both,adult,,,,,,,,,,,
HumanObservation,Solenopsis sp. 2,Eye Size,Trait data derived from existing literature and previous studies,Small,,mode,,both,adult,,,,,,,,,,,
PreservedSpecimen,Solenopsis sp. 2,Body length,,1.00,mm,mean,,both,adult,,,,,,,,,,,
PreservedSpecimen,Solenopsis sp. 2,Femur length,,0.25,mm,mean,,both,adult,,,,,,,,,,,
PreservedSpecimen,Solenopsis sp. 2,Colour value,"HSV (hue, saturation, and value) estimates extracted from photos using image editing software paint.NET (v.4.0.3)",57,0-100,single observation,,both,adult,,,,,,,,,,,
PreservedSpecimen,Solenopsis sp. 3,Subfamily,,Myrmicinae,,mode,,both,adult,,,,,,,,,,,
HumanObservation,Solenopsis sp. 3,Forage strategy,,Generalist forager,,mode,,both,adult,,,,,,,,,,,
HumanObservation,Solenopsis sp. 3,Habitat position,,soil-dweller,mm,mean,,both,adult,,,,,,,,,,,
HumanObservation,Solenopsis sp. 3,Eye Size,Trait data derived from existing literature and previous studies,Small,,mode,,both,adult,,,,,,,,,,,
PreservedSpecimen,Solenopsis sp. 3,Body length,,1.00,mm,mean,,both,adult,,,,,,,,,,,
PreservedSpecimen,Solenopsis sp. 3,Femur length,,0.50,mm,mean,,both,adult,,,,,,,,,,,
PreservedSpecimen,Solenopsis sp. 3,Colour value,"HSV (hue, saturation, and value) estimates extracted from photos using image editing software paint.NET (v.4.0.3)",53,0-100,single observation,,both,adult,,,,,,,,,,,
PreservedSpecimen,Solenopsis sp. 4,Subfamily,,Myrmicinae,,mode,,both,adult,,,,,,,,,,,
HumanObservation,Solenopsis sp. 4,Forage strategy,,Generalist forager,,mode,,both,adult,,,,,,,,,,,
HumanObservation,Solenopsis sp. 4,Habitat position,,soil-dweller,mm,mean,,both,adult,,,,,,,,,,,
HumanObservation,Solenopsis sp. 4,Eye Size,Trait data derived from existing literature and previous studies,Small,,mode,,both,adult,,,,,,,,,,,
PreservedSpecimen,Solenopsis sp. 4,Body length,,0.50,mm,mean,,both,adult,,,,,,,,,,,
PreservedSpecimen,Solenopsis sp. 4,Femur length,,0.25,mm,mean,,both,adult,,,,,,,,,,,
PreservedSpecimen,Solenopsis sp. 4,Colour value,"HSV (hue, saturation, and value) estimates extracted from photos using image editing software paint.NET (v.4.0.3)",22,0-100,single observation,,both,adult,,,,,,,,,,,
PreservedSpecimen,Solenopsis sp. 5,Subfamily,,Myrmicinae,,mode,,both,adult,,,,,,,,,,,
HumanObservation,Solenopsis sp. 5,Forage strategy,,Generalist forager,,mode,,both,adult,,,,,,,,,,,
HumanObservation,Solenopsis sp. 5,Habitat position,,soil-dweller,mm,mean,,both,adult,,,,,,,,,,,
HumanObservation,Solenopsis sp. 5,Eye Size,Trait data derived from existing literature and previous studies,Small,,mode,,both,adult,,,,,,,,,,,
PreservedSpecimen,Solenopsis sp. 5,Body length,,1.00,mm,mean,,both,adult,,,,,,,,,,,
PreservedSpecimen,Solenopsis sp. 5,Femur length,,0.25,mm,mean,,both,adult,,,,,,,,,,,
PreservedSpecimen,Solenopsis sp. 5,Colour value,"HSV (hue, saturation, and value) estimates extracted from photos using image editing software paint.NET (v.4.0.3)",60,0-100,single observation,,both,adult,,,,,,,,,,,
PreservedSpecimen,Solenopsis sp. 6,Subfamily,,Myrmicinae,,mode,,both,adult,,,,,,,,,,,
HumanObservation,Solenopsis sp. 6,Forage strategy,,Generalist forager,,mode,,both,adult,,,,,,,,,,,
HumanObservation,Solenopsis sp. 6,Habitat position,,soil-dweller,mm,mean,,both,adult,,,,,,,,,,,
HumanObservation,Solenopsis sp. 6,Eye Size,Trait data derived from existing literature and previous studies,Small,,mode,,both,adult,,,,,,,,,,,
PreservedSpecimen,Solenopsis sp. 6,Body length,,0.50,mm,mean,,both,adult,,,,,,,,,,,
PreservedSpecimen,Solenopsis sp. 6,Femur length,,0.30,mm,mean,,both,adult,,,,,,,,,,,
PreservedSpecimen,Solenopsis sp. 6,Colour value,"HSV (hue, saturation, and value) estimates extracted from photos using image editing software paint.NET (v.4.0.3)",71,0-100,single observation,,both,adult,,,,,,,,,,,
PreservedSpecimen,Strumigenys sp. 1,Subfamily,,Myrmicinae,,mode,,both,adult,,,,,,,,,,,
HumanObservation,Strumigenys sp. 1,Forage strategy,,Predator,,mode,,both,adult,,,,,,,,,,,
HumanObservation,Strumigenys sp. 1,Habitat position,,litter-dweller,mm,mean,,both,adult,,,,,,,,,,,
HumanObservation,Strumigenys sp. 1,Eye Size,Trait data derived from existing literature and previous studies,Moderate,,mode,,both,adult,,,,,,,,,,,
PreservedSpecimen,Strumigenys sp. 1,Body length,,1.00,mm,mean,,both,adult,,,,,,,,,,,
PreservedSpecimen,Strumigenys sp. 1,Femur length,,0.50,mm,mean,,both,adult,,,,,,,,,,,
PreservedSpecimen,Strumigenys sp. 1,Colour value,"HSV (hue, saturation, and value) estimates extracted from photos using image editing software paint.NET (v.4.0.3)",6,0-100,single observation,,both,adult,,,,,,,,,,,
PreservedSpecimen,Strumigenys sp. 2,Subfamily,,Myrmicinae,,mode,,both,adult,,,,,,,,,,,
HumanObservation,Strumigenys sp. 2,Forage strategy,,Predator,,mode,,both,adult,,,,,,,,,,,
HumanObservation,Strumigenys sp. 2,Habitat position,,litter-dweller,mm,mean,,both,adult,,,,,,,,,,,
HumanObservation,Strumigenys sp. 2,Eye Size,Trait data derived from existing literature and previous studies,Moderate,,mode,,both,adult,,,,,,,,,,,
PreservedSpecimen,Strumigenys sp. 2,Body length,,1.50,mm,mean,,both,adult,,,,,,,,,,,
PreservedSpecimen,Strumigenys sp. 2,Femur length,,0.50,mm,mean,,both,adult,,,,,,,,,,,
PreservedSpecimen,Strumigenys sp. 2,Colour value,"HSV (hue, saturation, and value) estimates extracted from photos using image editing software paint.NET (v.4.0.3)",13,0-100,single observation,,both,adult,,,,,,,,,,,
PreservedSpecimen,Strumigenys sp. 3,Subfamily,,Myrmicinae,,mode,,both,adult,,,,,,,,,,,
HumanObservation,Strumigenys sp. 3,Forage strategy,,Predator,,mode,,both,adult,,,,,,,,,,,
HumanObservation,Strumigenys sp. 3,Habitat position,,litter-dweller,mm,mean,,both,adult,,,,,,,,,,,
HumanObservation,Strumigenys sp. 3,Eye Size,Trait data derived from existing literature and previous studies,Moderate,,mode,,both,adult,,,,,,,,,,,
PreservedSpecimen,Strumigenys sp. 3,Body length,,2.00,mm,mean,,both,adult,,,,,,,,,,,
PreservedSpecimen,Strumigenys sp. 3,Femur length,,1.00,mm,mean,,both,adult,,,,,,,,,,,
PreservedSpecimen,Strumigenys sp. 3,Colour value,"HSV (hue, saturation, and value) estimates extracted from photos using image editing software paint.NET (v.4.0.3)",52,0-100,single observation,,both,adult,,,,,,,,,,,
PreservedSpecimen,Tetramorium,Subfamily,,Myrmicinae,,mode,,both,adult,,,,,,,,,,,
HumanObservation,Tetramorium,Forage strategy,,Generalist forager,,mode,,both,adult,,,,,,,,,,,
HumanObservation,Tetramorium,Habitat position,,soil-dweller,mm,mean,,both,adult,,,,,,,,,,,
HumanObservation,Tetramorium,Eye Size,Trait data derived from existing literature and previous studies,Large,,mode,,both,adult,,,,,,,,,,,
PreservedSpecimen,Tetramorium,Body length,,1.00,mm,mean,,both,adult,,,,,,,,,,,
PreservedSpecimen,Tetramorium,Femur length,,0.50,mm,mean,,both,adult,,,,,,,,,,,
PreservedSpecimen,Tetramorium,Colour value,"HSV (hue, saturation, and value) estimates extracted from photos using image editing software paint.NET (v.4.0.3)",6,0-100,single observation,,both,adult,,,,,,,,,,,
PreservedSpecimen,Tetramorium sp. 2,Subfamily,,Myrmicinae,,mode,,both,adult,,,,,,,,,,,
HumanObservation,Tetramorium sp. 2,Forage strategy,,Generalist forager,,mode,,both,adult,,,,,,,,,,,
HumanObservation,Tetramorium sp. 2,Habitat position,,soil-dweller,mm,mean,,both,adult,,,,,,,,,,,
HumanObservation,Tetramorium sp. 2,Eye Size,Trait data derived from existing literature and previous studies,Large,,mode,,both,adult,,,,,,,,,,,
PreservedSpecimen,Tetramorium sp. 2,Body length,,0.50,mm,mean,,both,adult,,,,,,,,,,,
PreservedSpecimen,Tetramorium sp. 2,Femur length,,0.50,mm,mean,,both,adult,,,,,,,,,,,
PreservedSpecimen,Tetramorium sp. 2,Colour value,"HSV (hue, saturation, and value) estimates extracted from photos using image editing software paint.NET (v.4.0.3)",52,0-100,single observation,,both,adult,,,,,,,,,,,
PreservedSpecimen,Tetramorium sp. 3,Subfamily,,Myrmicinae,,mode,,both,adult,,,,,,,,,,,
HumanObservation,Tetramorium sp. 3,Forage strategy,,Generalist forager,,mode,,both,adult,,,,,,,,,,,
HumanObservation,Tetramorium sp. 3,Habitat position,,soil-dweller,mm,mean,,both,adult,,,,,,,,,,,
HumanObservation,Tetramorium sp. 3,Eye Size,Trait data derived from existing literature and previous studies,Large,,mode,,both,adult,,,,,,,,,,,
PreservedSpecimen,Tetramorium sp. 3,Body length,,1.00,mm,mean,,both,adult,,,,,,,,,,,
PreservedSpecimen,Tetramorium sp. 3,Femur length,,0.50,mm,mean,,both,adult,,,,,,,,,,,
PreservedSpecimen,Tetramorium sp. 3,Colour value,"HSV (hue, saturation, and value) estimates extracted from photos using image editing software paint.NET (v.4.0.3)",32,0-100,single observation,,both,adult,,,,,,,,,,,
PreservedSpecimen,Tetramorium sp. 4,Subfamily,,Myrmicinae,,mode,,both,adult,,,,,,,,,,,
HumanObservation,Tetramorium sp. 4,Forage strategy,,Generalist forager,,mode,,both,adult,,,,,,,,,,,
HumanObservation,Tetramorium sp. 4,Habitat position,,soil-dweller,mm,mean,,both,adult,,,,,,,,,,,
HumanObservation,Tetramorium sp. 4,Eye Size,Trait data derived from existing literature and previous studies,Large,,mode,,both,adult,,,,,,,,,,,
PreservedSpecimen,Tetramorium sp. 4,Body length,,0.50,mm,mean,,both,adult,,,,,,,,,,,
PreservedSpecimen,Tetramorium sp. 4,Femur length,,0.50,mm,mean,,both,adult,,,,,,,,,,,
PreservedSpecimen,Tetramorium sp. 4,Colour value,"HSV (hue, saturation, and value) estimates extracted from photos using image editing software paint.NET (v.4.0.3)",44,0-100,single observation,,both,adult,,,,,,,,,,,
PreservedSpecimen,Tetramorium sp. 5,Subfamily,,Myrmicinae,,mode,,both,adult,,,,,,,,,,,
HumanObservation,Tetramorium sp. 5,Forage strategy,,Generalist forager,,mode,,both,adult,,,,,,,,,,,
HumanObservation,Tetramorium sp. 5,Habitat position,,soil-dweller,mm,mean,,both,adult,,,,,,,,,,,
HumanObservation,Tetramorium sp. 5,Eye Size,Trait data derived from existing literature and previous studies,Large,,mode,,both,adult,,,,,,,,,,,
PreservedSpecimen,Tetramorium sp. 5,Body length,,3.00,mm,mean,,both,adult,,,,,,,,,,,
PreservedSpecimen,Tetramorium sp. 5,Femur length,,2.50,mm,mean,,both,adult,,,,,,,,,,,
PreservedSpecimen,Tetramorium sp. 5,Colour value,"HSV (hue, saturation, and value) estimates extracted from photos using image editing software paint.NET (v.4.0.3)",28,0-100,single observation,,both,adult,,,,,,,,,,,
PreservedSpecimen,Tetramorium sp. 6,Subfamily,,Myrmicinae,,mode,,both,adult,,,,,,,,,,,
HumanObservation,Tetramorium sp. 6,Forage strategy,,Generalist forager,,mode,,both,adult,,,,,,,,,,,
HumanObservation,Tetramorium sp. 6,Habitat position,,soil-dweller,mm,mean,,both,adult,,,,,,,,,,,
HumanObservation,Tetramorium sp. 6,Eye Size,Trait data derived from existing literature and previous studies,Large,,mode,,both,adult,,,,,,,,,,,
PreservedSpecimen,Tetramorium sp. 6,Body length,,1.00,mm,mean,,both,adult,,,,,,,,,,,
PreservedSpecimen,Tetramorium sp. 6,Femur length,,0.50,mm,mean,,both,adult,,,,,,,,,,,
PreservedSpecimen,Tetramorium sp. 6,Colour value,"HSV (hue, saturation, and value) estimates extracted from photos using image editing software paint.NET (v.4.0.3)",47,0-100,single observation,,both,adult,,,,,,,,,,,
PreservedSpecimen,Tetramorium sp. 7,Subfamily,,Myrmicinae,,mode,,both,adult,,,,,,,,,,,
HumanObservation,Tetramorium sp. 7,Forage strategy,,Generalist forager,,mode,,both,adult,,,,,,,,,,,
HumanObservation,Tetramorium sp. 7,Habitat position,,soil-dweller,mm,mean,,both,adult,,,,,,,,,,,
HumanObservation,Tetramorium sp. 7,Eye Size,Trait data derived from existing literature and previous studies,Large,,mode,,both,adult,,,,,,,,,,,
PreservedSpecimen,Tetramorium sp. 7,Body length,,1.50,mm,mean,,both,adult,,,,,,,,,,,
PreservedSpecimen,Tetramorium sp. 7,Femur length,,1.00,mm,mean,,both,adult,,,,,,,,,,,
PreservedSpecimen,Tetramorium sp. 7,Colour value,"HSV (hue, saturation, and value) estimates extracted from photos using image editing software paint.NET (v.4.0.3)",63,0-100,single observation,,both,adult,,,,,,,,,,,
PreservedSpecimen,Tetramorium sp. 8,Subfamily,,Myrmicinae,,mode,,both,adult,,,,,,,,,,,
HumanObservation,Tetramorium sp. 8,Forage strategy,,Generalist forager,,mode,,both,adult,,,,,,,,,,,
HumanObservation,Tetramorium sp. 8,Habitat position,,soil-dweller,mm,mean,,both,adult,,,,,,,,,,,
HumanObservation,Tetramorium sp. 8,Eye Size,Trait data derived from existing literature and previous studies,Large,,mode,,both,adult,,,,,,,,,,,
PreservedSpecimen,Tetramorium sp. 8,Body length,,1.00,mm,mean,,both,adult,,,,,,,,,,,
PreservedSpecimen,Tetramorium sp. 8,Femur length,,0.50,mm,mean,,both,adult,,,,,,,,,,,
PreservedSpecimen,Tetramorium sp. 8,Colour value,"HSV (hue, saturation, and value) estimates extracted from photos using image editing software paint.NET (v.4.0.3)",52,0-100,single observation,,both,adult,,,,,,,,,,,
PreservedSpecimen,Tetramorium sp. 9,Subfamily,,Myrmicinae,,mode,,both,adult,,,,,,,,,,,
HumanObservation,Tetramorium sp. 9,Forage strategy,,Generalist forager,,mode,,both,adult,,,,,,,,,,,
HumanObservation,Tetramorium sp. 9,Habitat position,,soil-dweller,mm,mean,,both,adult,,,,,,,,,,,
HumanObservation,Tetramorium sp. 9,Eye Size,Trait data derived from existing literature and previous studies,Large,,mode,,both,adult,,,,,,,,,,,
PreservedSpecimen,Tetramorium sp. 9,Body length,,1.50,mm,mean,,both,adult,,,,,,,,,,,
PreservedSpecimen,Tetramorium sp. 9,Femur length,,1.00,mm,mean,,both,adult,,,,,,,,,,,
PreservedSpecimen,Tetramorium sp. 9,Colour value,"HSV (hue, saturation, and value) estimates extracted from photos using image editing software paint.NET (v.4.0.3)",53,0-100,single observation,,both,adult,,,,,,,,,,,
PreservedSpecimen,Tetramorium sp. 10,Subfamily,,Myrmicinae,,mode,,both,adult,,,,,,,,,,,
HumanObservation,Tetramorium sp. 10,Forage strategy,,Generalist forager,,mode,,both,adult,,,,,,,,,,,
HumanObservation,Tetramorium sp. 10,Habitat position,,soil-dweller,mm,mean,,both,adult,,,,,,,,,,,
HumanObservation,Tetramorium sp. 10,Eye Size,Trait data derived from existing literature and previous studies,Large,,mode,,both,adult,,,,,,,,,,,
PreservedSpecimen,Tetramorium sp. 10,Body length,,2.00,mm,mean,,both,adult,,,,,,,,,,,
PreservedSpecimen,Tetramorium sp. 10,Femur length,,1.00,mm,mean,,both,adult,,,,,,,,,,,
PreservedSpecimen,Tetramorium sp. 10,Colour value,"HSV (hue, saturation, and value) estimates extracted from photos using image editing software paint.NET (v.4.0.3)",50,0-100,single observation,,both,adult,,,,,,,,,,,
PreservedSpecimen,Tetramorium sp. 11,Subfamily,,Myrmicinae,,mode,,both,adult,,,,,,,,,,,
HumanObservation,Tetramorium sp. 11,Forage strategy,,Generalist forager,,mode,,both,adult,,,,,,,,,,,
HumanObservation,Tetramorium sp. 11,Habitat position,,soil-dweller,mm,mean,,both,adult,,,,,,,,,,,
HumanObservation,Tetramorium sp. 11,Eye Size,Trait data derived from existing literature and previous studies,Large,,mode,,both,adult,,,,,,,,,,,
PreservedSpecimen,Tetramorium sp. 11,Body length,,1.50,mm,mean,,both,adult,,,,,,,,,,,
PreservedSpecimen,Tetramorium sp. 11,Femur length,,1.50,mm,mean,,both,adult,,,,,,,,,,,
PreservedSpecimen,Tetramorium sp. 11,Colour value,"HSV (hue, saturation, and value) estimates extracted from photos using image editing software paint.NET (v.4.0.3)",25,0-100,single observation,,both,adult,,,,,,,,,,,
PreservedSpecimen,Tetramorium sp. 12,Subfamily,,Myrmicinae,,mode,,both,adult,,,,,,,,,,,
HumanObservation,Tetramorium sp. 12,Forage strategy,,Generalist forager,,mode,,both,adult,,,,,,,,,,,
HumanObservation,Tetramorium sp. 12,Habitat position,,soil-dweller,mm,mean,,both,adult,,,,,,,,,,,
HumanObservation,Tetramorium sp. 12,Eye Size,Trait data derived from existing literature and previous studies,Large,,mode,,both,adult,,,,,,,,,,,
PreservedSpecimen,Tetramorium sp. 12,Body length,,2.00,mm,mean,,both,adult,,,,,,,,,,,
PreservedSpecimen,Tetramorium sp. 12,Femur length,,2.00,mm,mean,,both,adult,,,,,,,,,,,
PreservedSpecimen,Tetramorium sp. 12,Colour value,"HSV (hue, saturation, and value) estimates extracted from photos using image editing software paint.NET (v.4.0.3)",29,0-100,single observation,,both,adult,,,,,,,,,,,
PreservedSpecimen,Tetramorium sp. 13,Subfamily,,Myrmicinae,,mode,,both,adult,,,,,,,,,,,
HumanObservation,Tetramorium sp. 13,Forage strategy,,Generalist forager,,mode,,both,adult,,,,,,,,,,,
HumanObservation,Tetramorium sp. 13,Habitat position,,soil-dweller,mm,mean,,both,adult,,,,,,,,,,,
HumanObservation,Tetramorium sp. 13,Eye Size,Trait data derived from existing literature and previous studies,Large,,mode,,both,adult,,,,,,,,,,,
PreservedSpecimen,Tetramorium sp. 13,Body length,,1.00,mm,mean,,both,adult,,,,,,,,,,,
PreservedSpecimen,Tetramorium sp. 13,Femur length,,1.00,mm,mean,,both,adult,,,,,,,,,,,
PreservedSpecimen,Tetramorium sp. 13,Colour value,"HSV (hue, saturation, and value) estimates extracted from photos using image editing software paint.NET (v.4.0.3)",28,0-100,single observation,,both,adult,,,,,,,,,,,
PreservedSpecimen,Tetramorium sp. 14,Subfamily,,Myrmicinae,,mode,,both,adult,,,,,,,,,,,
HumanObservation,Tetramorium sp. 14,Forage strategy,,Generalist forager,,mode,,both,adult,,,,,,,,,,,
HumanObservation,Tetramorium sp. 14,Habitat position,,soil-dweller,mm,mean,,both,adult,,,,,,,,,,,
HumanObservation,Tetramorium sp. 14,Eye Size,Trait data derived from existing literature and previous studies,Large,,mode,,both,adult,,,,,,,,,,,
PreservedSpecimen,Tetramorium sp. 14,Body length,,1.50,mm,mean,,both,adult,,,,,,,,,,,
PreservedSpecimen,Tetramorium sp. 14,Femur length,,0.50,mm,mean,,both,adult,,,,,,,,,,,
PreservedSpecimen,Tetramorium sp. 14,Colour value,"HSV (hue, saturation, and value) estimates extracted from photos using image editing software paint.NET (v.4.0.3)",58,0-100,single observation,,both,adult,,,,,,,,,,,
PreservedSpecimen,Tetramorium sp. 15,Subfamily,,Myrmicinae,,mode,,both,adult,,,,,,,,,,,
HumanObservation,Tetramorium sp. 15,Forage strategy,,Generalist forager,,mode,,both,adult,,,,,,,,,,,
HumanObservation,Tetramorium sp. 15,Habitat position,,soil-dweller,mm,mean,,both,adult,,,,,,,,,,,
HumanObservation,Tetramorium sp. 15,Eye Size,Trait data derived from existing literature and previous studies,Large,,mode,,both,adult,,,,,,,,,,,
PreservedSpecimen,Tetramorium sp. 15,Body length,,1.00,mm,mean,,both,adult,,,,,,,,,,,
PreservedSpecimen,Tetramorium sp. 15,Femur length,,0.50,mm,mean,,both,adult,,,,,,,,,,,
PreservedSpecimen,Tetramorium sp. 15,Colour value,"HSV (hue, saturation, and value) estimates extracted from photos using image editing software paint.NET (v.4.0.3)",46,0-100,single observation,,both,adult,,,,,,,,,,,
PreservedSpecimen,Tetramorium sp. 16,Subfamily,,Myrmicinae,,mode,,both,adult,,,,,,,,,,,
HumanObservation,Tetramorium sp. 16,Forage strategy,,Generalist forager,,mode,,both,adult,,,,,,,,,,,
HumanObservation,Tetramorium sp. 16,Habitat position,,soil-dweller,mm,mean,,both,adult,,,,,,,,,,,
HumanObservation,Tetramorium sp. 16,Eye Size,Trait data derived from existing literature and previous studies,Large,,mode,,both,adult,,,,,,,,,,,
PreservedSpecimen,Tetramorium sp. 16,Body length,,1.00,mm,mean,,both,adult,,,,,,,,,,,
PreservedSpecimen,Tetramorium sp. 16,Femur length,,0.50,mm,mean,,both,adult,,,,,,,,,,,
PreservedSpecimen,Tetramorium sp. 16,Colour value,"HSV (hue, saturation, and value) estimates extracted from photos using image editing software paint.NET (v.4.0.3)",32,0-100,single observation,,both,adult,,,,,,,,,,,
PreservedSpecimen,Tetramorium sp. 17,Subfamily,,Myrmicinae,,mode,,both,adult,,,,,,,,,,,
HumanObservation,Tetramorium sp. 17,Forage strategy,,Generalist forager,,mode,,both,adult,,,,,,,,,,,
HumanObservation,Tetramorium sp. 17,Habitat position,,soil-dweller,mm,mean,,both,adult,,,,,,,,,,,
HumanObservation,Tetramorium sp. 17,Eye Size,Trait data derived from existing literature and previous studies,Large,,mode,,both,adult,,,,,,,,,,,
PreservedSpecimen,Tetramorium sp. 17,Body length,,1.00,mm,mean,,both,adult,,,,,,,,,,,
PreservedSpecimen,Tetramorium sp. 17,Femur length,,0.50,mm,mean,,both,adult,,,,,,,,,,,
PreservedSpecimen,Tetramorium sp. 17,Colour value,"HSV (hue, saturation, and value) estimates extracted from photos using image editing software paint.NET (v.4.0.3)",56,0-100,single observation,,both,adult,,,,,,,,,,,
PreservedSpecimen,Tetramorium sp. 18,Subfamily,,Myrmicinae,,mode,,both,adult,,,,,,,,,,,
HumanObservation,Tetramorium sp. 18,Forage strategy,,Generalist forager,,mode,,both,adult,,,,,,,,,,,
HumanObservation,Tetramorium sp. 18,Habitat position,,soil-dweller,mm,mean,,both,adult,,,,,,,,,,,
HumanObservation,Tetramorium sp. 18,Eye Size,Trait data derived from existing literature and previous studies,Large,,mode,,both,adult,,,,,,,,,,,
PreservedSpecimen,Tetramorium sp. 18,Body length,,1.00,mm,mean,,both,adult,,,,,,,,,,,
PreservedSpecimen,Tetramorium sp. 18,Femur length,,0.50,mm,mean,,both,adult,,,,,,,,,,,
PreservedSpecimen,Tetramorium sp. 18,Colour value,"HSV (hue, saturation, and value) estimates extracted from photos using image editing software paint.NET (v.4.0.3)",50,0-100,single observation,,both,adult,,,,,,,,,,,
PreservedSpecimen,Tetramorium sp. 19,Subfamily,,Myrmicinae,,mode,,both,adult,,,,,,,,,,,
HumanObservation,Tetramorium sp. 19,Forage strategy,,Generalist forager,,mode,,both,adult,,,,,,,,,,,
HumanObservation,Tetramorium sp. 19,Habitat position,,soil-dweller,mm,mean,,both,adult,,,,,,,,,,,
HumanObservation,Tetramorium sp. 19,Eye Size,Trait data derived from existing literature and previous studies,Large,,mode,,both,adult,,,,,,,,,,,
PreservedSpecimen,Tetramorium sp. 19,Body length,,1.00,mm,mean,,both,adult,,,,,,,,,,,
PreservedSpecimen,Tetramorium sp. 19,Femur length,,1.00,mm,mean,,both,adult,,,,,,,,,,,
PreservedSpecimen,Tetramorium sp. 19,Colour value,"HSV (hue, saturation, and value) estimates extracted from photos using image editing software paint.NET (v.4.0.3)",26,0-100,single observation,,both,adult,,,,,,,,,,,
PreservedSpecimen,Tetramorium sp. 20,Subfamily,,Myrmicinae,,mode,,both,adult,,,,,,,,,,,
HumanObservation,Tetramorium sp. 20,Forage strategy,,Generalist forager,,mode,,both,adult,,,,,,,,,,,
HumanObservation,Tetramorium sp. 20,Habitat position,,soil-dweller,mm,mean,,both,adult,,,,,,,,,,,
HumanObservation,Tetramorium sp. 20,Eye Size,Trait data derived from existing literature and previous studies,Large,,mode,,both,adult,,,,,,,,,,,
PreservedSpecimen,Tetramorium sp. 20,Body length,,1.00,mm,mean,,both,adult,,,,,,,,,,,
PreservedSpecimen,Tetramorium sp. 20,Femur length,,0.50,mm,mean,,both,adult,,,,,,,,,,,
PreservedSpecimen,Tetramorium sp. 20,Colour value,"HSV (hue, saturation, and value) estimates extracted from photos using image editing software paint.NET (v.4.0.3)",61,0-100,single observation,,both,adult,,,,,,,,,,,
PreservedSpecimen,Tetramorium sp. 21,Subfamily,,Myrmicinae,,mode,,both,adult,,,,,,,,,,,
HumanObservation,Tetramorium sp. 21,Forage strategy,,Generalist forager,,mode,,both,adult,,,,,,,,,,,
HumanObservation,Tetramorium sp. 21,Habitat position,,soil-dweller,mm,mean,,both,adult,,,,,,,,,,,
HumanObservation,Tetramorium sp. 21,Eye Size,Trait data derived from existing literature and previous studies,Large,,mode,,both,adult,,,,,,,,,,,
PreservedSpecimen,Tetramorium sp. 21,Body length,,1.50,mm,mean,,both,adult,,,,,,,,,,,
PreservedSpecimen,Tetramorium sp. 21,Femur length,,0.50,mm,mean,,both,adult,,,,,,,,,,,
PreservedSpecimen,Tetramorium sp. 21,Colour value,"HSV (hue, saturation, and value) estimates extracted from photos using image editing software paint.NET (v.4.0.3)",34,0-100,single observation,,both,adult,,,,,,,,,,,
PreservedSpecimen,Tetramorium sp. 22,Subfamily,,Myrmicinae,,mode,,both,adult,,,,,,,,,,,
HumanObservation,Tetramorium sp. 22,Forage strategy,,Generalist forager,,mode,,both,adult,,,,,,,,,,,
HumanObservation,Tetramorium sp. 22,Habitat position,,soil-dweller,mm,mean,,both,adult,,,,,,,,,,,
HumanObservation,Tetramorium sp. 22,Eye Size,Trait data derived from existing literature and previous studies,Large,,mode,,both,adult,,,,,,,,,,,
PreservedSpecimen,Tetramorium sp. 22,Body length,,1.00,mm,mean,,both,adult,,,,,,,,,,,
PreservedSpecimen,Tetramorium sp. 22,Femur length,,1.00,mm,mean,,both,adult,,,,,,,,,,,
PreservedSpecimen,Tetramorium sp. 22,Colour value,"HSV (hue, saturation, and value) estimates extracted from photos using image editing software paint.NET (v.4.0.3)",43,0-100,single observation,,both,adult,,,,,,,,,,,
PreservedSpecimen,Tetramorium sp. 23,Subfamily,,Myrmicinae,,mode,,both,adult,,,,,,,,,,,
HumanObservation,Tetramorium sp. 23,Forage strategy,,Generalist forager,,mode,,both,adult,,,,,,,,,,,
HumanObservation,Tetramorium sp. 23,Habitat position,,soil-dweller,mm,mean,,both,adult,,,,,,,,,,,
HumanObservation,Tetramorium sp. 23,Eye Size,Trait data derived from existing literature and previous studies,Large,,mode,,both,adult,,,,,,,,,,,
PreservedSpecimen,Tetramorium sp. 23,Body length,,1.00,mm,mean,,both,adult,,,,,,,,,,,
PreservedSpecimen,Tetramorium sp. 23,Femur length,,0.50,mm,mean,,both,adult,,,,,,,,,,,
PreservedSpecimen,Tetramorium sp. 23,Colour value,"HSV (hue, saturation, and value) estimates extracted from photos using image editing software paint.NET (v.4.0.3)",57,0-100,single observation,,both,adult,,,,,,,,,,,
PreservedSpecimen,Trichomyrmex sp. 1,Subfamily,,Myrmicinae,,mode,,both,adult,,,,,,,,,,,
HumanObservation,Trichomyrmex sp. 1,Forage strategy,,Generalist forager,,mode,,both,adult,,,,,,,,,,,
HumanObservation,Trichomyrmex sp. 1,Habitat position,,soil-dweller,mm,mean,,both,adult,,,,,,,,,,,
HumanObservation,Trichomyrmex sp. 1,Eye Size,Trait data derived from existing literature and previous studies,Moderate,,mode,,both,adult,,,,,,,,,,,
PreservedSpecimen,Trichomyrmex sp. 1,Body length,,1.00,mm,mean,,both,adult,,,,,,,,,,,
PreservedSpecimen,Trichomyrmex sp. 1,Femur length,,1.00,mm,mean,,both,adult,,,,,,,,,,,
PreservedSpecimen,Trichomyrmex sp. 1,Colour value,"HSV (hue, saturation, and value) estimates extracted from photos using image editing software paint.NET (v.4.0.3)",49,0-100,single observation,,both,adult,,,,,,,,,,,
PreservedSpecimen,Trichomyrmex sp. 2,Subfamily,,Myrmicinae,,mode,,both,adult,,,,,,,,,,,
HumanObservation,Trichomyrmex sp. 2,Forage strategy,,Generalist forager,,mode,,both,adult,,,,,,,,,,,
HumanObservation,Trichomyrmex sp. 2,Habitat position,,soil-dweller,mm,mean,,both,adult,,,,,,,,,,,
HumanObservation,Trichomyrmex sp. 2,Eye Size,Trait data derived from existing literature and previous studies,Moderate,,mode,,both,adult,,,,,,,,,,,
PreservedSpecimen,Trichomyrmex sp. 2,Body length,,1.00,mm,mean,,both,adult,,,,,,,,,,,
PreservedSpecimen,Trichomyrmex sp. 2,Femur length,,0.50,mm,mean,,both,adult,,,,,,,,,,,
PreservedSpecimen,Trichomyrmex sp. 2,Colour value,"HSV (hue, saturation, and value) estimates extracted from photos using image editing software paint.NET (v.4.0.3)",70,0-100,single observation,,both,adult,,,,,,,,,,,
PreservedSpecimen,Trichomyrmex sp. 3,Subfamily,,Myrmicinae,,mode,,both,adult,,,,,,,,,,,
HumanObservation,Trichomyrmex sp. 3,Forage strategy,,Generalist forager,,mode,,both,adult,,,,,,,,,,,
HumanObservation,Trichomyrmex sp. 3,Habitat position,,soil-dweller,mm,mean,,both,adult,,,,,,,,,,,
HumanObservation,Trichomyrmex sp. 3,Eye Size,Trait data derived from existing literature and previous studies,Moderate,,mode,,both,adult,,,,,,,,,,,
PreservedSpecimen,Trichomyrmex sp. 3,Body length,,1.00,mm,mean,,both,adult,,,,,,,,,,,
PreservedSpecimen,Trichomyrmex sp. 3,Femur length,,0.50,mm,mean,,both,adult,,,,,,,,,,,
PreservedSpecimen,Trichomyrmex sp. 3,Colour value,"HSV (hue, saturation, and value) estimates extracted from photos using image editing software paint.NET (v.4.0.3)",30,0-100,single observation,,both,adult,,,,,,,,,,,
PreservedSpecimen,Trichomyrmex sp. 4,Subfamily,,Myrmicinae,,mode,,both,adult,,,,,,,,,,,
HumanObservation,Trichomyrmex sp. 4,Forage strategy,,Generalist forager,,mode,,both,adult,,,,,,,,,,,
HumanObservation,Trichomyrmex sp. 4,Habitat position,,soil-dweller,mm,mean,,both,adult,,,,,,,,,,,
HumanObservation,Trichomyrmex sp. 4,Eye Size,Trait data derived from existing literature and previous studies,Moderate,,mode,,both,adult,,,,,,,,,,,
PreservedSpecimen,Trichomyrmex sp. 4,Body length,,1.00,mm,mean,,both,adult,,,,,,,,,,,
PreservedSpecimen,Trichomyrmex sp. 4,Femur length,,1.00,mm,mean,,both,adult,,,,,,,,,,,
PreservedSpecimen,Trichomyrmex sp. 4,Colour value,"HSV (hue, saturation, and value) estimates extracted from photos using image editing software paint.NET (v.4.0.3)",68,0-100,single observation,,both,adult,,,,,,,,,,,
PreservedSpecimen,Trichomyrmex sp. 5,Subfamily,,Myrmicinae,,mode,,both,adult,,,,,,,,,,,
HumanObservation,Trichomyrmex sp. 5,Forage strategy,,Generalist forager,,mode,,both,adult,,,,,,,,,,,
HumanObservation,Trichomyrmex sp. 5,Habitat position,,soil-dweller,mm,mean,,both,adult,,,,,,,,,,,
HumanObservation,Trichomyrmex sp. 5,Eye Size,Trait data derived from existing literature and previous studies,Moderate,,mode,,both,adult,,,,,,,,,,,
PreservedSpecimen,Trichomyrmex sp. 5,Body length,,1.00,mm,mean,,both,adult,,,,,,,,,,,
PreservedSpecimen,Trichomyrmex sp. 5,Femur length,,1.50,mm,mean,,both,adult,,,,,,,,,,,
PreservedSpecimen,Trichomyrmex sp. 5,Colour value,"HSV (hue, saturation, and value) estimates extracted from photos using image editing software paint.NET (v.4.0.3)",49,0-100,single observation,,both,adult,,,,,,,,,,,
PreservedSpecimen,Trichomyrmex sp. 6,Subfamily,,Myrmicinae,,mode,,both,adult,,,,,,,,,,,
HumanObservation,Trichomyrmex sp. 6,Forage strategy,,Generalist forager,,mode,,both,adult,,,,,,,,,,,
HumanObservation,Trichomyrmex sp. 6,Habitat position,,soil-dweller,mm,mean,,both,adult,,,,,,,,,,,
HumanObservation,Trichomyrmex sp. 6,Eye Size,Trait data derived from existing literature and previous studies,Moderate,,mode,,both,adult,,,,,,,,,,,
PreservedSpecimen,Trichomyrmex sp. 6,Body length,,1.50,mm,mean,,both,adult,,,,,,,,,,,
PreservedSpecimen,Trichomyrmex sp. 6,Femur length,,1.00,mm,mean,,both,adult,,,,,,,,,,,
PreservedSpecimen,Trichomyrmex sp. 6,Colour value,"HSV (hue, saturation, and value) estimates extracted from photos using image editing software paint.NET (v.4.0.3)",66,0-100,single observation,,both,adult,,,,,,,,,,,
PreservedSpecimen,Entomobryomorpha Entomobryidae sp.1,Furca development,"Determination based on previous literature and taxonomic keys, verified by a taxonomic expert (CJS).",Long,mm,mean,,both,adult,,,,,,,,,,,
PreservedSpecimen,Entomobryomorpha Entomobryidae sp.1,Body length,,1.35,mm,mean,,both,adult,,,,,,,,,,,
PreservedSpecimen,Entomobryomorpha Entomobryidae sp.1,Eye size,Derived from literature or previous studies,Large,mm,mean,,both,adult,,,,,,,,,,,
HumanObservation,Entomobryomorpha Entomobryidae sp.1,Habitat position,,vegetation-dweller,mm,mean,,both,adult,,,,,,,,,,,
HumanObservation,Entomobryomorpha Entomobryidae sp.1,Feeding strategy,"Derived from literature and previous studies (Table S3, Table S4)",chewing mandibles,mm,mean,,both,adult,,,,,,,,,,,
PreservedSpecimen,Entomobryomorpha Entomobryidae sp.2,Furca development,"Determination based on previous literature and taxonomic keys, verified by a taxonomic expert (CJS).",Long,mm,mean,,both,adult,,,,,,,,,,,
PreservedSpecimen,Entomobryomorpha Entomobryidae sp.2,Body length,,2.15,mm,mean,,both,adult,,,,,,,,,,,
PreservedSpecimen,Entomobryomorpha Entomobryidae sp.2,Eye size,Derived from literature or previous studies,Large,mm,mean,,both,adult,,,,,,,,,,,
HumanObservation,Entomobryomorpha Entomobryidae sp.2,Habitat position,,vegetation-dweller,mm,mean,,both,adult,,,,,,,,,,,
HumanObservation,Entomobryomorpha Entomobryidae sp.2,Feeding strategy,"Derived from literature and previous studies (Table S3, Table S4)",chewing mandibles,mm,mean,,both,adult,,,,,,,,,,,
PreservedSpecimen,Entomobryomorpha Entomobryidae sp.3,Furca development,"Determination based on previous literature and taxonomic keys, verified by a taxonomic expert (CJS).",Long,mm,mean,,both,adult,,,,,,,,,,,
PreservedSpecimen,Entomobryomorpha Entomobryidae sp.3,Body length,,2.00,mm,mean,,both,adult,,,,,,,,,,,
PreservedSpecimen,Entomobryomorpha Entomobryidae sp.3,Eye size,Derived from literature or previous studies,Large,mm,mean,,both,adult,,,,,,,,,,,
HumanObservation,Entomobryomorpha Entomobryidae sp.3,Habitat position,,vegetation-dweller,mm,mean,,both,adult,,,,,,,,,,,
HumanObservation,Entomobryomorpha Entomobryidae sp.3,Feeding strategy,"Derived from literature and previous studies (Table S3, Table S4)",chewing mandibles,mm,mean,,both,adult,,,,,,,,,,,
PreservedSpecimen,Entomobryomorpha Entomobryidae sp.4,Furca development,"Determination based on previous literature and taxonomic keys, verified by a taxonomic expert (CJS).",Long,mm,mean,,both,adult,,,,,,,,,,,
PreservedSpecimen,Entomobryomorpha Entomobryidae sp.4,Body length,,1.50,mm,mean,,both,adult,,,,,,,,,,,
PreservedSpecimen,Entomobryomorpha Entomobryidae sp.4,Eye size,Derived from literature or previous studies,Large,mm,mean,,both,adult,,,,,,,,,,,
HumanObservation,Entomobryomorpha Entomobryidae sp.4,Habitat position,,vegetation-dweller,mm,mean,,both,adult,,,,,,,,,,,
HumanObservation,Entomobryomorpha Entomobryidae sp.4,Feeding strategy,"Derived from literature and previous studies (Table S3, Table S4)",chewing mandibles,mm,mean,,both,adult,,,,,,,,,,,
PreservedSpecimen,Entomobryomorpha Entomobryidae sp.5,Furca development,"Determination based on previous literature and taxonomic keys, verified by a taxonomic expert (CJS).",Long,mm,mean,,both,adult,,,,,,,,,,,
PreservedSpecimen,Entomobryomorpha Entomobryidae sp.5,Body length,,1.50,mm,mean,,both,adult,,,,,,,,,,,
PreservedSpecimen,Entomobryomorpha Entomobryidae sp.5,Eye size,Derived from literature or previous studies,Large,mm,mean,,both,adult,,,,,,,,,,,
HumanObservation,Entomobryomorpha Entomobryidae sp.5,Habitat position,,vegetation-dweller,mm,mean,,both,adult,,,,,,,,,,,
HumanObservation,Entomobryomorpha Entomobryidae sp.5,Feeding strategy,"Derived from literature and previous studies (Table S3, Table S4)",chewing mandibles,mm,mean,,both,adult,,,,,,,,,,,
PreservedSpecimen,Entomobryomorpha Entomobryidae sp.6,Furca development,"Determination based on previous literature and taxonomic keys, verified by a taxonomic expert (CJS).",Long,mm,mean,,both,adult,,,,,,,,,,,
PreservedSpecimen,Entomobryomorpha Entomobryidae sp.6,Body length,,1.00,mm,mean,,both,adult,,,,,,,,,,,
PreservedSpecimen,Entomobryomorpha Entomobryidae sp.6,Eye size,Derived from literature or previous studies,Moderate,mm,mean,,both,adult,,,,,,,,,,,
HumanObservation,Entomobryomorpha Entomobryidae sp.6,Habitat position,,vegetation-dweller,mm,mean,,both,adult,,,,,,,,,,,
HumanObservation,Entomobryomorpha Entomobryidae sp.6,Feeding strategy,"Derived from literature and previous studies (Table S3, Table S4)",chewing mandibles,mm,mean,,both,adult,,,,,,,,,,,
PreservedSpecimen,Entomobryomorpha Entomobryidae sp.7,Furca development,"Determination based on previous literature and taxonomic keys, verified by a taxonomic expert (CJS).",Long,mm,mean,,both,adult,,,,,,,,,,,
PreservedSpecimen,Entomobryomorpha Entomobryidae sp.7,Body length,,1.38,mm,mean,,both,adult,,,,,,,,,,,
PreservedSpecimen,Entomobryomorpha Entomobryidae sp.7,Eye size,Derived from literature or previous studies,Large,mm,mean,,both,adult,,,,,,,,,,,
HumanObservation,Entomobryomorpha Entomobryidae sp.7,Habitat position,,vegetation-dweller,mm,mean,,both,adult,,,,,,,,,,,
HumanObservation,Entomobryomorpha Entomobryidae sp.7,Feeding strategy,"Derived from literature and previous studies (Table S3, Table S4)",chewing mandibles,mm,mean,,both,adult,,,,,,,,,,,
PreservedSpecimen,Entomobryomorpha Entomobryidae sp.8,Furca development,"Determination based on previous literature and taxonomic keys, verified by a taxonomic expert (CJS).",Long,mm,mean,,both,adult,,,,,,,,,,,
PreservedSpecimen,Entomobryomorpha Entomobryidae sp.8,Body length,,1.00,mm,mean,,both,adult,,,,,,,,,,,
PreservedSpecimen,Entomobryomorpha Entomobryidae sp.8,Eye size,Derived from literature or previous studies,Large,mm,mean,,both,adult,,,,,,,,,,,
HumanObservation,Entomobryomorpha Entomobryidae sp.8,Habitat position,,vegetation-dweller,mm,mean,,both,adult,,,,,,,,,,,
HumanObservation,Entomobryomorpha Entomobryidae sp.8,Feeding strategy,"Derived from literature and previous studies (Table S3, Table S4)",chewing mandibles,mm,mean,,both,adult,,,,,,,,,,,
PreservedSpecimen,Entomobryomorpha Entomobryidae sp.9,Furca development,"Determination based on previous literature and taxonomic keys, verified by a taxonomic expert (CJS).",Long,mm,mean,,both,adult,,,,,,,,,,,
PreservedSpecimen,Entomobryomorpha Entomobryidae sp.9,Body length,,0.86,mm,mean,,both,adult,,,,,,,,,,,
PreservedSpecimen,Entomobryomorpha Entomobryidae sp.9,Eye size,Derived from literature or previous studies,Large,mm,mean,,both,adult,,,,,,,,,,,
HumanObservation,Entomobryomorpha Entomobryidae sp.9,Habitat position,,vegetation-dweller,mm,mean,,both,adult,,,,,,,,,,,
HumanObservation,Entomobryomorpha Entomobryidae sp.9,Feeding strategy,"Derived from literature and previous studies (Table S3, Table S4)",chewing mandibles,mm,mean,,both,adult,,,,,,,,,,,
PreservedSpecimen,Entomobryomorpha Entomobryidae sp.10,Furca development,"Determination based on previous literature and taxonomic keys, verified by a taxonomic expert (CJS).",Long,mm,mean,,both,adult,,,,,,,,,,,
PreservedSpecimen,Entomobryomorpha Entomobryidae sp.10,Body length,,0.80,mm,mean,,both,adult,,,,,,,,,,,
PreservedSpecimen,Entomobryomorpha Entomobryidae sp.10,Eye size,Derived from literature or previous studies,Large,mm,mean,,both,adult,,,,,,,,,,,
HumanObservation,Entomobryomorpha Entomobryidae sp.10,Habitat position,,vegetation-dweller,mm,mean,,both,adult,,,,,,,,,,,
HumanObservation,Entomobryomorpha Entomobryidae sp.10,Feeding strategy,"Derived from literature and previous studies (Table S3, Table S4)",chewing mandibles,mm,mean,,both,adult,,,,,,,,,,,
PreservedSpecimen,Entomobryomorpha Entomobryidae sp.11,Furca development,"Determination based on previous literature and taxonomic keys, verified by a taxonomic expert (CJS).",Long,mm,mean,,both,adult,,,,,,,,,,,
PreservedSpecimen,Entomobryomorpha Entomobryidae sp.11,Body length,,0.90,mm,mean,,both,adult,,,,,,,,,,,
PreservedSpecimen,Entomobryomorpha Entomobryidae sp.11,Eye size,Derived from literature or previous studies,Large,mm,mean,,both,adult,,,,,,,,,,,
HumanObservation,Entomobryomorpha Entomobryidae sp.11,Habitat position,,vegetation-dweller,mm,mean,,both,adult,,,,,,,,,,,
HumanObservation,Entomobryomorpha Entomobryidae sp.11,Feeding strategy,"Derived from literature and previous studies (Table S3, Table S4)",chewing mandibles,mm,mean,,both,adult,,,,,,,,,,,
PreservedSpecimen,Entomobryomorpha Entomobryidae sp.12,Furca development,"Determination based on previous literature and taxonomic keys, verified by a taxonomic expert (CJS).",Long,mm,mean,,both,adult,,,,,,,,,,,
PreservedSpecimen,Entomobryomorpha Entomobryidae sp.12,Body length,,1.00,mm,mean,,both,adult,,,,,,,,,,,
PreservedSpecimen,Entomobryomorpha Entomobryidae sp.12,Eye size,Derived from literature or previous studies,Large,mm,mean,,both,adult,,,,,,,,,,,
HumanObservation,Entomobryomorpha Entomobryidae sp.12,Habitat position,,vegetation-dweller,mm,mean,,both,adult,,,,,,,,,,,
HumanObservation,Entomobryomorpha Entomobryidae sp.12,Feeding strategy,"Derived from literature and previous studies (Table S3, Table S4)",chewing mandibles,mm,mean,,both,adult,,,,,,,,,,,
PreservedSpecimen,Entomobryomorpha Entomobryidae sp.13,Furca development,"Determination based on previous literature and taxonomic keys, verified by a taxonomic expert (CJS).",Long,mm,mean,,both,adult,,,,,,,,,,,
PreservedSpecimen,Entomobryomorpha Entomobryidae sp.13,Body length,,1.50,mm,mean,,both,adult,,,,,,,,,,,
PreservedSpecimen,Entomobryomorpha Entomobryidae sp.13,Eye size,Derived from literature or previous studies,Large,mm,mean,,both,adult,,,,,,,,,,,
HumanObservation,Entomobryomorpha Entomobryidae sp.13,Habitat position,,vegetation-dweller,mm,mean,,both,adult,,,,,,,,,,,
HumanObservation,Entomobryomorpha Entomobryidae sp.13,Feeding strategy,"Derived from literature and previous studies (Table S3, Table S4)",chewing mandibles,mm,mean,,both,adult,,,,,,,,,,,
PreservedSpecimen,Entomobryomorpha Entomobryidae sp.14,Furca development,"Determination based on previous literature and taxonomic keys, verified by a taxonomic expert (CJS).",Long,mm,mean,,both,adult,,,,,,,,,,,
PreservedSpecimen,Entomobryomorpha Entomobryidae sp.14,Body length,,1.88,mm,mean,,both,adult,,,,,,,,,,,
PreservedSpecimen,Entomobryomorpha Entomobryidae sp.14,Eye size,Derived from literature or previous studies,Large,mm,mean,,both,adult,,,,,,,,,,,
HumanObservation,Entomobryomorpha Entomobryidae sp.14,Habitat position,,litter-dweller,mm,mean,,both,adult,,,,,,,,,,,
HumanObservation,Entomobryomorpha Entomobryidae sp.14,Feeding strategy,"Derived from literature and previous studies (Table S3, Table S4)",chewing mandibles,mm,mean,,both,adult,,,,,,,,,,,
PreservedSpecimen,Entomobryomorpha Entomobryidae sp.15,Furca development,"Determination based on previous literature and taxonomic keys, verified by a taxonomic expert (CJS).",Long,mm,mean,,both,adult,,,,,,,,,,,
PreservedSpecimen,Entomobryomorpha Entomobryidae sp.15,Body length,,1.05,mm,mean,,both,adult,,,,,,,,,,,
PreservedSpecimen,Entomobryomorpha Entomobryidae sp.15,Eye size,Derived from literature or previous studies,Large,mm,mean,,both,adult,,,,,,,,,,,
HumanObservation,Entomobryomorpha Entomobryidae sp.15,Habitat position,,vegetation-dweller,mm,mean,,both,adult,,,,,,,,,,,
HumanObservation,Entomobryomorpha Entomobryidae sp.15,Feeding strategy,"Derived from literature and previous studies (Table S3, Table S4)",chewing mandibles,mm,mean,,both,adult,,,,,,,,,,,
PreservedSpecimen,Entomobryomorpha Entomobryidae sp.16,Furca development,"Determination based on previous literature and taxonomic keys, verified by a taxonomic expert (CJS).",Long,mm,mean,,both,adult,,,,,,,,,,,
PreservedSpecimen,Entomobryomorpha Entomobryidae sp.16,Body length,,1.38,mm,mean,,both,adult,,,,,,,,,,,
PreservedSpecimen,Entomobryomorpha Entomobryidae sp.16,Eye size,Derived from literature or previous studies,Large,mm,mean,,both,adult,,,,,,,,,,,
HumanObservation,Entomobryomorpha Entomobryidae sp.16,Habitat position,,vegetation-dweller,mm,mean,,both,adult,,,,,,,,,,,
HumanObservation,Entomobryomorpha Entomobryidae sp.16,Feeding strategy,"Derived from literature and previous studies (Table S3, Table S4)",chewing mandibles,mm,mean,,both,adult,,,,,,,,,,,
PreservedSpecimen,Entomobryomorpha Entomobryidae sp.17,Furca development,"Determination based on previous literature and taxonomic keys, verified by a taxonomic expert (CJS).",Long,mm,mean,,both,adult,,,,,,,,,,,
PreservedSpecimen,Entomobryomorpha Entomobryidae sp.17,Body length,,1.50,mm,mean,,both,adult,,,,,,,,,,,
PreservedSpecimen,Entomobryomorpha Entomobryidae sp.17,Eye size,Derived from literature or previous studies,Large,mm,mean,,both,adult,,,,,,,,,,,
HumanObservation,Entomobryomorpha Entomobryidae sp.17,Habitat position,,vegetation-dweller,mm,mean,,both,adult,,,,,,,,,,,
HumanObservation,Entomobryomorpha Entomobryidae sp.17,Feeding strategy,"Derived from literature and previous studies (Table S3, Table S4)",chewing mandibles,mm,mean,,both,adult,,,,,,,,,,,
PreservedSpecimen,Entomobryomorpha Entomobryidae sp.18,Furca development,"Determination based on previous literature and taxonomic keys, verified by a taxonomic expert (CJS).",Long,mm,mean,,both,adult,,,,,,,,,,,
PreservedSpecimen,Entomobryomorpha Entomobryidae sp.18,Body length,,0.75,mm,mean,,both,adult,,,,,,,,,,,
PreservedSpecimen,Entomobryomorpha Entomobryidae sp.18,Eye size,Derived from literature or previous studies,Large,mm,mean,,both,adult,,,,,,,,,,,
HumanObservation,Entomobryomorpha Entomobryidae sp.18,Habitat position,,litter-dweller,mm,mean,,both,adult,,,,,,,,,,,
HumanObservation,Entomobryomorpha Entomobryidae sp.18,Feeding strategy,"Derived from literature and previous studies (Table S3, Table S4)",chewing mandibles,mm,mean,,both,adult,,,,,,,,,,,
PreservedSpecimen,Entomobryomorpha Entomobryidae sp.19,Furca development,"Determination based on previous literature and taxonomic keys, verified by a taxonomic expert (CJS).",Long,mm,mean,,both,adult,,,,,,,,,,,
PreservedSpecimen,Entomobryomorpha Entomobryidae sp.19,Body length,,0.80,mm,mean,,both,adult,,,,,,,,,,,
PreservedSpecimen,Entomobryomorpha Entomobryidae sp.19,Eye size,Derived from literature or previous studies,Large,mm,mean,,both,adult,,,,,,,,,,,
HumanObservation,Entomobryomorpha Entomobryidae sp.19,Habitat position,,vegetation-dweller,mm,mean,,both,adult,,,,,,,,,,,
HumanObservation,Entomobryomorpha Entomobryidae sp.19,Feeding strategy,"Derived from literature and previous studies (Table S3, Table S4)",chewing mandibles,mm,mean,,both,adult,,,,,,,,,,,
PreservedSpecimen,Entomobryomorpha Entomobryidae sp.20,Furca development,"Determination based on previous literature and taxonomic keys, verified by a taxonomic expert (CJS).",Long,mm,mean,,both,adult,,,,,,,,,,,
PreservedSpecimen,Entomobryomorpha Entomobryidae sp.20,Body length,,1.25,mm,mean,,both,adult,,,,,,,,,,,
PreservedSpecimen,Entomobryomorpha Entomobryidae sp.20,Eye size,Derived from literature or previous studies,Large,mm,mean,,both,adult,,,,,,,,,,,
HumanObservation,Entomobryomorpha Entomobryidae sp.20,Habitat position,,vegetation-dweller,mm,mean,,both,adult,,,,,,,,,,,
HumanObservation,Entomobryomorpha Entomobryidae sp.20,Feeding strategy,"Derived from literature and previous studies (Table S3, Table S4)",chewing mandibles,mm,mean,,both,adult,,,,,,,,,,,
PreservedSpecimen,Entomobryomorpha Entomobryidae sp.21,Furca development,"Determination based on previous literature and taxonomic keys, verified by a taxonomic expert (CJS).",Long,mm,mean,,both,adult,,,,,,,,,,,
PreservedSpecimen,Entomobryomorpha Entomobryidae sp.21,Body length,,1.30,mm,mean,,both,adult,,,,,,,,,,,
PreservedSpecimen,Entomobryomorpha Entomobryidae sp.21,Eye size,Derived from literature or previous studies,Large,mm,mean,,both,adult,,,,,,,,,,,
HumanObservation,Entomobryomorpha Entomobryidae sp.21,Habitat position,,vegetation-dweller,mm,mean,,both,adult,,,,,,,,,,,
HumanObservation,Entomobryomorpha Entomobryidae sp.21,Feeding strategy,"Derived from literature and previous studies (Table S3, Table S4)",chewing mandibles,mm,mean,,both,adult,,,,,,,,,,,
PreservedSpecimen,Entomobryomorpha Entomobryidae sp.22,Furca development,"Determination based on previous literature and taxonomic keys, verified by a taxonomic expert (CJS).",Long,mm,mean,,both,adult,,,,,,,,,,,
PreservedSpecimen,Entomobryomorpha Entomobryidae sp.22,Body length,,1.35,mm,mean,,both,adult,,,,,,,,,,,
PreservedSpecimen,Entomobryomorpha Entomobryidae sp.22,Eye size,Derived from literature or previous studies,Large,mm,mean,,both,adult,,,,,,,,,,,
HumanObservation,Entomobryomorpha Entomobryidae sp.22,Habitat position,,vegetation-dweller,mm,mean,,both,adult,,,,,,,,,,,
HumanObservation,Entomobryomorpha Entomobryidae sp.22,Feeding strategy,"Derived from literature and previous studies (Table S3, Table S4)",chewing mandibles,mm,mean,,both,adult,,,,,,,,,,,
PreservedSpecimen,Entomobryomorpha Entomobryidae sp.23,Furca development,"Determination based on previous literature and taxonomic keys, verified by a taxonomic expert (CJS).",Long,mm,mean,,both,adult,,,,,,,,,,,
PreservedSpecimen,Entomobryomorpha Entomobryidae sp.23,Body length,,1.38,mm,mean,,both,adult,,,,,,,,,,,
PreservedSpecimen,Entomobryomorpha Entomobryidae sp.23,Eye size,Derived from literature or previous studies,Large,mm,mean,,both,adult,,,,,,,,,,,
HumanObservation,Entomobryomorpha Entomobryidae sp.23,Habitat position,,litter-dweller,mm,mean,,both,adult,,,,,,,,,,,
HumanObservation,Entomobryomorpha Entomobryidae sp.23,Feeding strategy,"Derived from literature and previous studies (Table S3, Table S4)",chewing mandibles,mm,mean,,both,adult,,,,,,,,,,,
PreservedSpecimen,Entomobryomorpha Entomobryidae sp.24,Furca development,"Determination based on previous literature and taxonomic keys, verified by a taxonomic expert (CJS).",Long,mm,mean,,both,adult,,,,,,,,,,,
PreservedSpecimen,Entomobryomorpha Entomobryidae sp.24,Body length,,0.92,mm,mean,,both,adult,,,,,,,,,,,
PreservedSpecimen,Entomobryomorpha Entomobryidae sp.24,Eye size,Derived from literature or previous studies,Large,mm,mean,,both,adult,,,,,,,,,,,
HumanObservation,Entomobryomorpha Entomobryidae sp.24,Habitat position,,vegetation-dweller,mm,mean,,both,adult,,,,,,,,,,,
HumanObservation,Entomobryomorpha Entomobryidae sp.24,Feeding strategy,"Derived from literature and previous studies (Table S3, Table S4)",chewing mandibles,mm,mean,,both,adult,,,,,,,,,,,
PreservedSpecimen,Entomobryomorpha Entomobryidae sp.25,Furca development,"Determination based on previous literature and taxonomic keys, verified by a taxonomic expert (CJS).",Long,mm,mean,,both,adult,,,,,,,,,,,
PreservedSpecimen,Entomobryomorpha Entomobryidae sp.25,Body length,,0.63,mm,mean,,both,adult,,,,,,,,,,,
PreservedSpecimen,Entomobryomorpha Entomobryidae sp.25,Eye size,Derived from literature or previous studies,Large,mm,mean,,both,adult,,,,,,,,,,,
HumanObservation,Entomobryomorpha Entomobryidae sp.25,Habitat position,,litter-dweller,mm,mean,,both,adult,,,,,,,,,,,
HumanObservation,Entomobryomorpha Entomobryidae sp.25,Feeding strategy,"Derived from literature and previous studies (Table S3, Table S4)",chewing mandibles,mm,mean,,both,adult,,,,,,,,,,,
PreservedSpecimen,Entomobryomorpha Entomobryidae sp.26,Furca development,"Determination based on previous literature and taxonomic keys, verified by a taxonomic expert (CJS).",Long,mm,mean,,both,adult,,,,,,,,,,,
PreservedSpecimen,Entomobryomorpha Entomobryidae sp.26,Body length,,1.38,mm,mean,,both,adult,,,,,,,,,,,
PreservedSpecimen,Entomobryomorpha Entomobryidae sp.26,Eye size,Derived from literature or previous studies,Large,mm,mean,,both,adult,,,,,,,,,,,
HumanObservation,Entomobryomorpha Entomobryidae sp.26,Habitat position,,vegetation-dweller,mm,mean,,both,adult,,,,,,,,,,,
HumanObservation,Entomobryomorpha Entomobryidae sp.26,Feeding strategy,"Derived from literature and previous studies (Table S3, Table S4)",chewing mandibles,mm,mean,,both,adult,,,,,,,,,,,
PreservedSpecimen,Entomobryomorpha Entomobryidae sp.27,Furca development,"Determination based on previous literature and taxonomic keys, verified by a taxonomic expert (CJS).",Long,mm,mean,,both,adult,,,,,,,,,,,
PreservedSpecimen,Entomobryomorpha Entomobryidae sp.27,Body length,,0.46,mm,mean,,both,adult,,,,,,,,,,,
PreservedSpecimen,Entomobryomorpha Entomobryidae sp.27,Eye size,Derived from literature or previous studies,Large,mm,mean,,both,adult,,,,,,,,,,,
HumanObservation,Entomobryomorpha Entomobryidae sp.27,Habitat position,,litter-dweller,mm,mean,,both,adult,,,,,,,,,,,
HumanObservation,Entomobryomorpha Entomobryidae sp.27,Feeding strategy,"Derived from literature and previous studies (Table S3, Table S4)",chewing mandibles,mm,mean,,both,adult,,,,,,,,,,,
PreservedSpecimen,Entomobryomorpha Entomobryidae sp.28,Furca development,"Determination based on previous literature and taxonomic keys, verified by a taxonomic expert (CJS).",Long,mm,mean,,both,adult,,,,,,,,,,,
PreservedSpecimen,Entomobryomorpha Entomobryidae sp.28,Body length,,1.13,mm,mean,,both,adult,,,,,,,,,,,
PreservedSpecimen,Entomobryomorpha Entomobryidae sp.28,Eye size,Derived from literature or previous studies,Large,mm,mean,,both,adult,,,,,,,,,,,
HumanObservation,Entomobryomorpha Entomobryidae sp.28,Habitat position,,vegetation-dweller,mm,mean,,both,adult,,,,,,,,,,,
HumanObservation,Entomobryomorpha Entomobryidae sp.28,Feeding strategy,"Derived from literature and previous studies (Table S3, Table S4)",chewing mandibles,mm,mean,,both,adult,,,,,,,,,,,
PreservedSpecimen,Entomobryomorpha Entomobryidae sp.29,Furca development,"Determination based on previous literature and taxonomic keys, verified by a taxonomic expert (CJS).",Long,mm,mean,,both,adult,,,,,,,,,,,
PreservedSpecimen,Entomobryomorpha Entomobryidae sp.29,Body length,,0.53,mm,mean,,both,adult,,,,,,,,,,,
PreservedSpecimen,Entomobryomorpha Entomobryidae sp.29,Eye size,Derived from literature or previous studies,Large,mm,mean,,both,adult,,,,,,,,,,,
HumanObservation,Entomobryomorpha Entomobryidae sp.29,Habitat position,,vegetation-dweller,mm,mean,,both,adult,,,,,,,,,,,
HumanObservation,Entomobryomorpha Entomobryidae sp.29,Feeding strategy,"Derived from literature and previous studies (Table S3, Table S4)",chewing mandibles,mm,mean,,both,adult,,,,,,,,,,,
PreservedSpecimen,Entomobryomorpha Entomobryidae sp.30,Furca development,"Determination based on previous literature and taxonomic keys, verified by a taxonomic expert (CJS).",Long,mm,mean,,both,adult,,,,,,,,,,,
PreservedSpecimen,Entomobryomorpha Entomobryidae sp.30,Body length,,1.25,mm,mean,,both,adult,,,,,,,,,,,
PreservedSpecimen,Entomobryomorpha Entomobryidae sp.30,Eye size,Derived from literature or previous studies,Large,mm,mean,,both,adult,,,,,,,,,,,
HumanObservation,Entomobryomorpha Entomobryidae sp.30,Habitat position,,vegetation-dweller,mm,mean,,both,adult,,,,,,,,,,,
HumanObservation,Entomobryomorpha Entomobryidae sp.30,Feeding strategy,"Derived from literature and previous studies (Table S3, Table S4)",chewing mandibles,mm,mean,,both,adult,,,,,,,,,,,
PreservedSpecimen,Entomobryomorpha Entomobryidae sp.31,Furca development,"Determination based on previous literature and taxonomic keys, verified by a taxonomic expert (CJS).",Long,mm,mean,,both,adult,,,,,,,,,,,
PreservedSpecimen,Entomobryomorpha Entomobryidae sp.31,Body length,,1.30,mm,mean,,both,adult,,,,,,,,,,,
PreservedSpecimen,Entomobryomorpha Entomobryidae sp.31,Eye size,Derived from literature or previous studies,Large,mm,mean,,both,adult,,,,,,,,,,,
HumanObservation,Entomobryomorpha Entomobryidae sp.31,Habitat position,,vegetation-dweller,mm,mean,,both,adult,,,,,,,,,,,
HumanObservation,Entomobryomorpha Entomobryidae sp.31,Feeding strategy,"Derived from literature and previous studies (Table S3, Table S4)",chewing mandibles,mm,mean,,both,adult,,,,,,,,,,,
PreservedSpecimen,Entomobryomorpha Entomobryidae sp.32,Furca development,"Determination based on previous literature and taxonomic keys, verified by a taxonomic expert (CJS).",Long,mm,mean,,both,adult,,,,,,,,,,,
PreservedSpecimen,Entomobryomorpha Entomobryidae sp.32,Body length,,0.93,mm,mean,,both,adult,,,,,,,,,,,
PreservedSpecimen,Entomobryomorpha Entomobryidae sp.32,Eye size,Derived from literature or previous studies,Large,mm,mean,,both,adult,,,,,,,,,,,
HumanObservation,Entomobryomorpha Entomobryidae sp.32,Habitat position,,vegetation-dweller,mm,mean,,both,adult,,,,,,,,,,,
HumanObservation,Entomobryomorpha Entomobryidae sp.32,Feeding strategy,"Derived from literature and previous studies (Table S3, Table S4)",chewing mandibles,mm,mean,,both,adult,,,,,,,,,,,
PreservedSpecimen,Entomobryomorpha Entomobryidae sp.33,Furca development,"Determination based on previous literature and taxonomic keys, verified by a taxonomic expert (CJS).",Long,mm,mean,,both,adult,,,,,,,,,,,
PreservedSpecimen,Entomobryomorpha Entomobryidae sp.33,Body length,,1.08,mm,mean,,both,adult,,,,,,,,,,,
PreservedSpecimen,Entomobryomorpha Entomobryidae sp.33,Eye size,Derived from literature or previous studies,Large,mm,mean,,both,adult,,,,,,,,,,,
HumanObservation,Entomobryomorpha Entomobryidae sp.33,Habitat position,,vegetation-dweller,mm,mean,,both,adult,,,,,,,,,,,
HumanObservation,Entomobryomorpha Entomobryidae sp.33,Feeding strategy,"Derived from literature and previous studies (Table S3, Table S4)",chewing mandibles,mm,mean,,both,adult,,,,,,,,,,,
PreservedSpecimen,Entomobryomorpha Entomobryidae sp.34,Furca development,"Determination based on previous literature and taxonomic keys, verified by a taxonomic expert (CJS).",Long,mm,mean,,both,adult,,,,,,,,,,,
PreservedSpecimen,Entomobryomorpha Entomobryidae sp.34,Body length,,1.33,mm,mean,,both,adult,,,,,,,,,,,
PreservedSpecimen,Entomobryomorpha Entomobryidae sp.34,Eye size,Derived from literature or previous studies,Large,mm,mean,,both,adult,,,,,,,,,,,
HumanObservation,Entomobryomorpha Entomobryidae sp.34,Habitat position,,vegetation-dweller,mm,mean,,both,adult,,,,,,,,,,,
HumanObservation,Entomobryomorpha Entomobryidae sp.34,Feeding strategy,"Derived from literature and previous studies (Table S3, Table S4)",chewing mandibles,mm,mean,,both,adult,,,,,,,,,,,
PreservedSpecimen,Entomobryomorpha Entomobryidae sp.35,Furca development,"Determination based on previous literature and taxonomic keys, verified by a taxonomic expert (CJS).",Long,mm,mean,,both,adult,,,,,,,,,,,
PreservedSpecimen,Entomobryomorpha Entomobryidae sp.35,Body length,,1.40,mm,mean,,both,adult,,,,,,,,,,,
PreservedSpecimen,Entomobryomorpha Entomobryidae sp.35,Eye size,Derived from literature or previous studies,Large,mm,mean,,both,adult,,,,,,,,,,,
HumanObservation,Entomobryomorpha Entomobryidae sp.35,Habitat position,,vegetation-dweller,mm,mean,,both,adult,,,,,,,,,,,
HumanObservation,Entomobryomorpha Entomobryidae sp.35,Feeding strategy,"Derived from literature and previous studies (Table S3, Table S4)",chewing mandibles,mm,mean,,both,adult,,,,,,,,,,,
PreservedSpecimen,Entomobryomorpha Entomobryidae sp.36,Furca development,"Determination based on previous literature and taxonomic keys, verified by a taxonomic expert (CJS).",Long,mm,mean,,both,adult,,,,,,,,,,,
PreservedSpecimen,Entomobryomorpha Entomobryidae sp.36,Body length,,1.08,mm,mean,,both,adult,,,,,,,,,,,
PreservedSpecimen,Entomobryomorpha Entomobryidae sp.36,Eye size,Derived from literature or previous studies,Large,mm,mean,,both,adult,,,,,,,,,,,
HumanObservation,Entomobryomorpha Entomobryidae sp.36,Habitat position,,vegetation-dweller,mm,mean,,both,adult,,,,,,,,,,,
HumanObservation,Entomobryomorpha Entomobryidae sp.36,Feeding strategy,"Derived from literature and previous studies (Table S3, Table S4)",chewing mandibles,mm,mean,,both,adult,,,,,,,,,,,
PreservedSpecimen,Entomobryomorpha Entomobryidae sp.37,Furca development,"Determination based on previous literature and taxonomic keys, verified by a taxonomic expert (CJS).",Long,mm,mean,,both,adult,,,,,,,,,,,
PreservedSpecimen,Entomobryomorpha Entomobryidae sp.37,Body length,,0.40,mm,mean,,both,adult,,,,,,,,,,,
PreservedSpecimen,Entomobryomorpha Entomobryidae sp.37,Eye size,Derived from literature or previous studies,Large,mm,mean,,both,adult,,,,,,,,,,,
HumanObservation,Entomobryomorpha Entomobryidae sp.37,Habitat position,,vegetation-dweller,mm,mean,,both,adult,,,,,,,,,,,
HumanObservation,Entomobryomorpha Entomobryidae sp.37,Feeding strategy,"Derived from literature and previous studies (Table S3, Table S4)",chewing mandibles,mm,mean,,both,adult,,,,,,,,,,,
PreservedSpecimen,Entomobryomorpha Entomobryidae sp.38,Furca development,"Determination based on previous literature and taxonomic keys, verified by a taxonomic expert (CJS).",Long,mm,mean,,both,adult,,,,,,,,,,,
PreservedSpecimen,Entomobryomorpha Entomobryidae sp.38,Body length,,0.80,mm,mean,,both,adult,,,,,,,,,,,
PreservedSpecimen,Entomobryomorpha Entomobryidae sp.38,Eye size,Derived from literature or previous studies,Large,mm,mean,,both,adult,,,,,,,,,,,
HumanObservation,Entomobryomorpha Entomobryidae sp.38,Habitat position,,vegetation-dweller,mm,mean,,both,adult,,,,,,,,,,,
HumanObservation,Entomobryomorpha Entomobryidae sp.38,Feeding strategy,"Derived from literature and previous studies (Table S3, Table S4)",chewing mandibles,mm,mean,,both,adult,,,,,,,,,,,
PreservedSpecimen,Entomobryomorpha Entomobryidae sp.39,Furca development,"Determination based on previous literature and taxonomic keys, verified by a taxonomic expert (CJS).",Long,mm,mean,,both,adult,,,,,,,,,,,
PreservedSpecimen,Entomobryomorpha Entomobryidae sp.39,Body length,,0.24,mm,mean,,both,adult,,,,,,,,,,,
PreservedSpecimen,Entomobryomorpha Entomobryidae sp.39,Eye size,Derived from literature or previous studies,Large,mm,mean,,both,adult,,,,,,,,,,,
HumanObservation,Entomobryomorpha Entomobryidae sp.39,Habitat position,,vegetation-dweller,mm,mean,,both,adult,,,,,,,,,,,
HumanObservation,Entomobryomorpha Entomobryidae sp.39,Feeding strategy,"Derived from literature and previous studies (Table S3, Table S4)",chewing mandibles,mm,mean,,both,adult,,,,,,,,,,,
PreservedSpecimen,Entomobryomorpha Entomobryidae sp.40,Furca development,"Determination based on previous literature and taxonomic keys, verified by a taxonomic expert (CJS).",Long,mm,mean,,both,adult,,,,,,,,,,,
PreservedSpecimen,Entomobryomorpha Entomobryidae sp.40,Body length,,1.38,mm,mean,,both,adult,,,,,,,,,,,
PreservedSpecimen,Entomobryomorpha Entomobryidae sp.40,Eye size,Derived from literature or previous studies,Large,mm,mean,,both,adult,,,,,,,,,,,
HumanObservation,Entomobryomorpha Entomobryidae sp.40,Habitat position,,vegetation-dweller,mm,mean,,both,adult,,,,,,,,,,,
HumanObservation,Entomobryomorpha Entomobryidae sp.40,Feeding strategy,"Derived from literature and previous studies (Table S3, Table S4)",chewing mandibles,mm,mean,,both,adult,,,,,,,,,,,
PreservedSpecimen,Entomobryomorpha Entomobryidae sp.41,Furca development,"Determination based on previous literature and taxonomic keys, verified by a taxonomic expert (CJS).",Long,mm,mean,,both,adult,,,,,,,,,,,
PreservedSpecimen,Entomobryomorpha Entomobryidae sp.41,Body length,,0.80,mm,mean,,both,adult,,,,,,,,,,,
PreservedSpecimen,Entomobryomorpha Entomobryidae sp.41,Eye size,Derived from literature or previous studies,Large,mm,mean,,both,adult,,,,,,,,,,,
HumanObservation,Entomobryomorpha Entomobryidae sp.41,Habitat position,,vegetation-dweller,mm,mean,,both,adult,,,,,,,,,,,
HumanObservation,Entomobryomorpha Entomobryidae sp.41,Feeding strategy,"Derived from literature and previous studies (Table S3, Table S4)",chewing mandibles,mm,mean,,both,adult,,,,,,,,,,,
PreservedSpecimen,Entomobryomorpha Entomobryidae sp.42,Furca development,"Determination based on previous literature and taxonomic keys, verified by a taxonomic expert (CJS).",Long,mm,mean,,both,adult,,,,,,,,,,,
PreservedSpecimen,Entomobryomorpha Entomobryidae sp.42,Body length,,0.28,mm,mean,,both,adult,,,,,,,,,,,
PreservedSpecimen,Entomobryomorpha Entomobryidae sp.42,Eye size,Derived from literature or previous studies,Large,mm,mean,,both,adult,,,,,,,,,,,
HumanObservation,Entomobryomorpha Entomobryidae sp.42,Habitat position,,vegetation-dweller,mm,mean,,both,adult,,,,,,,,,,,
HumanObservation,Entomobryomorpha Entomobryidae sp.42,Feeding strategy,"Derived from literature and previous studies (Table S3, Table S4)",chewing mandibles,mm,mean,,both,adult,,,,,,,,,,,
PreservedSpecimen,Entomobryomorpha Entomobryidae sp.43,Furca development,"Determination based on previous literature and taxonomic keys, verified by a taxonomic expert (CJS).",Long,mm,mean,,both,adult,,,,,,,,,,,
PreservedSpecimen,Entomobryomorpha Entomobryidae sp.43,Body length,,0.80,mm,mean,,both,adult,,,,,,,,,,,
PreservedSpecimen,Entomobryomorpha Entomobryidae sp.43,Eye size,Derived from literature or previous studies,Large,mm,mean,,both,adult,,,,,,,,,,,
HumanObservation,Entomobryomorpha Entomobryidae sp.43,Habitat position,,litter-dweller,mm,mean,,both,adult,,,,,,,,,,,
HumanObservation,Entomobryomorpha Entomobryidae sp.43,Feeding strategy,"Derived from literature and previous studies (Table S3, Table S4)",chewing mandibles,mm,mean,,both,adult,,,,,,,,,,,
PreservedSpecimen,Entomobryomorpha Entomobryidae sp.44,Furca development,"Determination based on previous literature and taxonomic keys, verified by a taxonomic expert (CJS).",Long,mm,mean,,both,adult,,,,,,,,,,,
PreservedSpecimen,Entomobryomorpha Entomobryidae sp.44,Body length,,1.05,mm,mean,,both,adult,,,,,,,,,,,
PreservedSpecimen,Entomobryomorpha Entomobryidae sp.44,Eye size,Derived from literature or previous studies,Large,mm,mean,,both,adult,,,,,,,,,,,
HumanObservation,Entomobryomorpha Entomobryidae sp.44,Habitat position,,vegetation-dweller,mm,mean,,both,adult,,,,,,,,,,,
HumanObservation,Entomobryomorpha Entomobryidae sp.44,Feeding strategy,"Derived from literature and previous studies (Table S3, Table S4)",chewing mandibles,mm,mean,,both,adult,,,,,,,,,,,
PreservedSpecimen,Entomobryomorpha Entomobryidae sp.45,Furca development,"Determination based on previous literature and taxonomic keys, verified by a taxonomic expert (CJS).",Long,mm,mean,,both,adult,,,,,,,,,,,
PreservedSpecimen,Entomobryomorpha Entomobryidae sp.45,Body length,,1.13,mm,mean,,both,adult,,,,,,,,,,,
PreservedSpecimen,Entomobryomorpha Entomobryidae sp.45,Eye size,Derived from literature or previous studies,Large,mm,mean,,both,adult,,,,,,,,,,,
HumanObservation,Entomobryomorpha Entomobryidae sp.45,Habitat position,,vegetation-dweller,mm,mean,,both,adult,,,,,,,,,,,
HumanObservation,Entomobryomorpha Entomobryidae sp.45,Feeding strategy,"Derived from literature and previous studies (Table S3, Table S4)",chewing mandibles,mm,mean,,both,adult,,,,,,,,,,,
PreservedSpecimen,Entomobryomorpha Entomobryidae sp.46,Furca development,"Determination based on previous literature and taxonomic keys, verified by a taxonomic expert (CJS).",Long,mm,mean,,both,adult,,,,,,,,,,,
PreservedSpecimen,Entomobryomorpha Entomobryidae sp.46,Body length,,1.15,mm,mean,,both,adult,,,,,,,,,,,
PreservedSpecimen,Entomobryomorpha Entomobryidae sp.46,Eye size,Derived from literature or previous studies,Large,mm,mean,,both,adult,,,,,,,,,,,
HumanObservation,Entomobryomorpha Entomobryidae sp.46,Habitat position,,vegetation-dweller,mm,mean,,both,adult,,,,,,,,,,,
HumanObservation,Entomobryomorpha Entomobryidae sp.46,Feeding strategy,"Derived from literature and previous studies (Table S3, Table S4)",chewing mandibles,mm,mean,,both,adult,,,,,,,,,,,
PreservedSpecimen,Entomobryomorpha Entomobryidae sp.47,Furca development,"Determination based on previous literature and taxonomic keys, verified by a taxonomic expert (CJS).",Long,mm,mean,,both,adult,,,,,,,,,,,
PreservedSpecimen,Entomobryomorpha Entomobryidae sp.47,Body length,,0.93,mm,mean,,both,adult,,,,,,,,,,,
PreservedSpecimen,Entomobryomorpha Entomobryidae sp.47,Eye size,Derived from literature or previous studies,Large,mm,mean,,both,adult,,,,,,,,,,,
HumanObservation,Entomobryomorpha Entomobryidae sp.47,Habitat position,,vegetation-dweller,mm,mean,,both,adult,,,,,,,,,,,
HumanObservation,Entomobryomorpha Entomobryidae sp.47,Feeding strategy,"Derived from literature and previous studies (Table S3, Table S4)",chewing mandibles,mm,mean,,both,adult,,,,,,,,,,,
PreservedSpecimen,Entomobryomorpha Entomobryidae sp.48,Furca development,"Determination based on previous literature and taxonomic keys, verified by a taxonomic expert (CJS).",Long,mm,mean,,both,adult,,,,,,,,,,,
PreservedSpecimen,Entomobryomorpha Entomobryidae sp.48,Body length,,0.93,mm,mean,,both,adult,,,,,,,,,,,
PreservedSpecimen,Entomobryomorpha Entomobryidae sp.48,Eye size,Derived from literature or previous studies,Small,mm,mean,,both,adult,,,,,,,,,,,
HumanObservation,Entomobryomorpha Entomobryidae sp.48,Habitat position,,litter-dweller,mm,mean,,both,adult,,,,,,,,,,,
HumanObservation,Entomobryomorpha Entomobryidae sp.48,Feeding strategy,"Derived from literature and previous studies (Table S3, Table S4)",chewing mandibles,mm,mean,,both,adult,,,,,,,,,,,
PreservedSpecimen,Entomobryomorpha Entomobryidae sp.49,Furca development,"Determination based on previous literature and taxonomic keys, verified by a taxonomic expert (CJS).",Long,mm,mean,,both,adult,,,,,,,,,,,
PreservedSpecimen,Entomobryomorpha Entomobryidae sp.49,Body length,,0.60,mm,mean,,both,adult,,,,,,,,,,,
PreservedSpecimen,Entomobryomorpha Entomobryidae sp.49,Eye size,Derived from literature or previous studies,Large,mm,mean,,both,adult,,,,,,,,,,,
HumanObservation,Entomobryomorpha Entomobryidae sp.49,Habitat position,,litter-dweller,mm,mean,,both,adult,,,,,,,,,,,
HumanObservation,Entomobryomorpha Entomobryidae sp.49,Feeding strategy,"Derived from literature and previous studies (Table S3, Table S4)",chewing mandibles,mm,mean,,both,adult,,,,,,,,,,,
PreservedSpecimen,Entomobryomorpha Entomobryidae sp.50,Furca development,"Determination based on previous literature and taxonomic keys, verified by a taxonomic expert (CJS).",Long,mm,mean,,both,adult,,,,,,,,,,,
PreservedSpecimen,Entomobryomorpha Entomobryidae sp.50,Body length,,1.30,mm,mean,,both,adult,,,,,,,,,,,
PreservedSpecimen,Entomobryomorpha Entomobryidae sp.50,Eye size,Derived from literature or previous studies,Large,mm,mean,,both,adult,,,,,,,,,,,
HumanObservation,Entomobryomorpha Entomobryidae sp.50,Habitat position,,vegetation-dweller,mm,mean,,both,adult,,,,,,,,,,,
HumanObservation,Entomobryomorpha Entomobryidae sp.50,Feeding strategy,"Derived from literature and previous studies (Table S3, Table S4)",chewing mandibles,mm,mean,,both,adult,,,,,,,,,,,
PreservedSpecimen,Entomobryomorpha Entomobryidae sp.51,Furca development,"Determination based on previous literature and taxonomic keys, verified by a taxonomic expert (CJS).",Long,mm,mean,,both,adult,,,,,,,,,,,
PreservedSpecimen,Entomobryomorpha Entomobryidae sp.51,Body length,,1.13,mm,mean,,both,adult,,,,,,,,,,,
PreservedSpecimen,Entomobryomorpha Entomobryidae sp.51,Eye size,Derived from literature or previous studies,Large,mm,mean,,both,adult,,,,,,,,,,,
HumanObservation,Entomobryomorpha Entomobryidae sp.51,Habitat position,,vegetation-dweller,mm,mean,,both,adult,,,,,,,,,,,
HumanObservation,Entomobryomorpha Entomobryidae sp.51,Feeding strategy,"Derived from literature and previous studies (Table S3, Table S4)",chewing mandibles,mm,mean,,both,adult,,,,,,,,,,,
PreservedSpecimen,Entomobryomorpha Entomobryidae sp.52,Furca development,"Determination based on previous literature and taxonomic keys, verified by a taxonomic expert (CJS).",Long,mm,mean,,both,adult,,,,,,,,,,,
PreservedSpecimen,Entomobryomorpha Entomobryidae sp.52,Body length,,0.93,mm,mean,,both,adult,,,,,,,,,,,
PreservedSpecimen,Entomobryomorpha Entomobryidae sp.52,Eye size,Derived from literature or previous studies,Large,mm,mean,,both,adult,,,,,,,,,,,
HumanObservation,Entomobryomorpha Entomobryidae sp.52,Habitat position,,vegetation-dweller,mm,mean,,both,adult,,,,,,,,,,,
HumanObservation,Entomobryomorpha Entomobryidae sp.52,Feeding strategy,"Derived from literature and previous studies (Table S3, Table S4)",chewing mandibles,mm,mean,,both,adult,,,,,,,,,,,
PreservedSpecimen,Entomobryomorpha Isotomidae sp.1,Furca development,"Determination based on previous literature and taxonomic keys, verified by a taxonomic expert (CJS).",Moderate,mm,mean,,both,adult,,,,,,,,,,,
PreservedSpecimen,Entomobryomorpha Isotomidae sp.1,Body length,,1.10,mm,mean,,both,adult,,,,,,,,,,,
PreservedSpecimen,Entomobryomorpha Isotomidae sp.1,Eye size,Derived from literature or previous studies,Moderate,mm,mean,,both,adult,,,,,,,,,,,
HumanObservation,Entomobryomorpha Isotomidae sp.1,Habitat position,,litter-dweller,mm,mean,,both,adult,,,,,,,,,,,
HumanObservation,Entomobryomorpha Isotomidae sp.1,Feeding strategy,"Derived from literature and previous studies (Table S3, Table S4)",chewing mandibles,mm,mean,,both,adult,,,,,,,,,,,
PreservedSpecimen,Entomobryomorpha Isotomidae sp.2,Furca development,"Determination based on previous literature and taxonomic keys, verified by a taxonomic expert (CJS).",Moderate,mm,mean,,both,adult,,,,,,,,,,,
PreservedSpecimen,Entomobryomorpha Isotomidae sp.2,Body length,,0.70,mm,mean,,both,adult,,,,,,,,,,,
PreservedSpecimen,Entomobryomorpha Isotomidae sp.2,Eye size,Derived from literature or previous studies,Large,mm,mean,,both,adult,,,,,,,,,,,
HumanObservation,Entomobryomorpha Isotomidae sp.2,Habitat position,,litter-dweller,mm,mean,,both,adult,,,,,,,,,,,
HumanObservation,Entomobryomorpha Isotomidae sp.2,Feeding strategy,"Derived from literature and previous studies (Table S3, Table S4)",chewing mandibles,mm,mean,,both,adult,,,,,,,,,,,
PreservedSpecimen,Entomobryomorpha Isotomidae sp.3,Furca development,"Determination based on previous literature and taxonomic keys, verified by a taxonomic expert (CJS).",Moderate,mm,mean,,both,adult,,,,,,,,,,,
PreservedSpecimen,Entomobryomorpha Isotomidae sp.3,Body length,,0.90,mm,mean,,both,adult,,,,,,,,,,,
PreservedSpecimen,Entomobryomorpha Isotomidae sp.3,Eye size,Derived from literature or previous studies,Moderate,mm,mean,,both,adult,,,,,,,,,,,
HumanObservation,Entomobryomorpha Isotomidae sp.3,Habitat position,,litter-dweller,mm,mean,,both,adult,,,,,,,,,,,
HumanObservation,Entomobryomorpha Isotomidae sp.3,Feeding strategy,"Derived from literature and previous studies (Table S3, Table S4)",chewing mandibles,mm,mean,,both,adult,,,,,,,,,,,
PreservedSpecimen,Entomobryomorpha Isotomidae sp.4,Furca development,"Determination based on previous literature and taxonomic keys, verified by a taxonomic expert (CJS).",Moderate,mm,mean,,both,adult,,,,,,,,,,,
PreservedSpecimen,Entomobryomorpha Isotomidae sp.4,Body length,,0.75,mm,mean,,both,adult,,,,,,,,,,,
PreservedSpecimen,Entomobryomorpha Isotomidae sp.4,Eye size,Derived from literature or previous studies,Large,mm,mean,,both,adult,,,,,,,,,,,
HumanObservation,Entomobryomorpha Isotomidae sp.4,Habitat position,,litter-dweller,mm,mean,,both,adult,,,,,,,,,,,
HumanObservation,Entomobryomorpha Isotomidae sp.4,Feeding strategy,"Derived from literature and previous studies (Table S3, Table S4)",chewing mandibles,mm,mean,,both,adult,,,,,,,,,,,
PreservedSpecimen,Entomobryomorpha Isotomidae sp.5,Furca development,"Determination based on previous literature and taxonomic keys, verified by a taxonomic expert (CJS).",Moderate,mm,mean,,both,adult,,,,,,,,,,,
PreservedSpecimen,Entomobryomorpha Isotomidae sp.5,Body length,,0.43,mm,mean,,both,adult,,,,,,,,,,,
PreservedSpecimen,Entomobryomorpha Isotomidae sp.5,Eye size,Derived from literature or previous studies,Large,mm,mean,,both,adult,,,,,,,,,,,
HumanObservation,Entomobryomorpha Isotomidae sp.5,Habitat position,,litter-dweller,mm,mean,,both,adult,,,,,,,,,,,
HumanObservation,Entomobryomorpha Isotomidae sp.5,Feeding strategy,"Derived from literature and previous studies (Table S3, Table S4)",chewing mandibles,mm,mean,,both,adult,,,,,,,,,,,
PreservedSpecimen,Poduromorpha Brachystomellidae sp.1,Furca development,"Determination based on previous literature and taxonomic keys, verified by a taxonomic expert (CJS).",Short,mm,mean,,both,adult,,,,,,,,,,,
PreservedSpecimen,Poduromorpha Brachystomellidae sp.1,Body length,,0.56,mm,mean,,both,adult,,,,,,,,,,,
PreservedSpecimen,Poduromorpha Brachystomellidae sp.1,Eye size,Derived from literature or previous studies,Large,mm,mean,,both,adult,,,,,,,,,,,
HumanObservation,Poduromorpha Brachystomellidae sp.1,Habitat position,,litter-dweller,mm,mean,,both,adult,,,,,,,,,,,
HumanObservation,Poduromorpha Brachystomellidae sp.1,Feeding strategy,"Derived from literature and previous studies (Table S3, Table S4)",sucking mandibles,mm,mean,,both,adult,,,,,,,,,,,
PreservedSpecimen,Poduromorpha Hypogastruridae sp.1,Furca development,"Determination based on previous literature and taxonomic keys, verified by a taxonomic expert (CJS).",Short,mm,mean,,both,adult,,,,,,,,,,,
PreservedSpecimen,Poduromorpha Hypogastruridae sp.1,Body length,,0.80,mm,mean,,both,adult,,,,,,,,,,,
PreservedSpecimen,Poduromorpha Hypogastruridae sp.1,Eye size,Derived from literature or previous studies,Large,mm,mean,,both,adult,,,,,,,,,,,
HumanObservation,Poduromorpha Hypogastruridae sp.1,Habitat position,,litter-dweller,mm,mean,,both,adult,,,,,,,,,,,
HumanObservation,Poduromorpha Hypogastruridae sp.1,Feeding strategy,"Derived from literature and previous studies (Table S3, Table S4)",chewing mandibles,mm,mean,,both,adult,,,,,,,,,,,
PreservedSpecimen,Poduromorpha Hypogastruridae sp.2,Furca development,"Determination based on previous literature and taxonomic keys, verified by a taxonomic expert (CJS).",Short,mm,mean,,both,adult,,,,,,,,,,,
PreservedSpecimen,Poduromorpha Hypogastruridae sp.2,Body length,,0.30,mm,mean,,both,adult,,,,,,,,,,,
PreservedSpecimen,Poduromorpha Hypogastruridae sp.2,Eye size,Derived from literature or previous studies,Large,mm,mean,,both,adult,,,,,,,,,,,
HumanObservation,Poduromorpha Hypogastruridae sp.2,Habitat position,,litter-dweller,mm,mean,,both,adult,,,,,,,,,,,
HumanObservation,Poduromorpha Hypogastruridae sp.2,Feeding strategy,"Derived from literature and previous studies (Table S3, Table S4)",chewing mandibles,mm,mean,,both,adult,,,,,,,,,,,
PreservedSpecimen,Poduromorpha Hypogastruridae sp.3,Furca development,"Determination based on previous literature and taxonomic keys, verified by a taxonomic expert (CJS).",Short,mm,mean,,both,adult,,,,,,,,,,,
PreservedSpecimen,Poduromorpha Hypogastruridae sp.3,Body length,,0.58,mm,mean,,both,adult,,,,,,,,,,,
PreservedSpecimen,Poduromorpha Hypogastruridae sp.3,Eye size,Derived from literature or previous studies,Large,mm,mean,,both,adult,,,,,,,,,,,
HumanObservation,Poduromorpha Hypogastruridae sp.3,Habitat position,,litter-dweller,mm,mean,,both,adult,,,,,,,,,,,
HumanObservation,Poduromorpha Hypogastruridae sp.3,Feeding strategy,"Derived from literature and previous studies (Table S3, Table S4)",chewing mandibles,mm,mean,,both,adult,,,,,,,,,,,
PreservedSpecimen,Poduromorpha Hypogastruridae sp.4,Furca development,"Determination based on previous literature and taxonomic keys, verified by a taxonomic expert (CJS).",Short,mm,mean,,both,adult,,,,,,,,,,,
PreservedSpecimen,Poduromorpha Hypogastruridae sp.4,Body length,,0.60,mm,mean,,both,adult,,,,,,,,,,,
PreservedSpecimen,Poduromorpha Hypogastruridae sp.4,Eye size,Derived from literature or previous studies,Large,mm,mean,,both,adult,,,,,,,,,,,
HumanObservation,Poduromorpha Hypogastruridae sp.4,Habitat position,,litter-dweller,mm,mean,,both,adult,,,,,,,,,,,
HumanObservation,Poduromorpha Hypogastruridae sp.4,Feeding strategy,"Derived from literature and previous studies (Table S3, Table S4)",chewing mandibles,mm,mean,,both,adult,,,,,,,,,,,
PreservedSpecimen,Poduromorpha Hypogastruridae sp.5,Furca development,"Determination based on previous literature and taxonomic keys, verified by a taxonomic expert (CJS).",Short,mm,mean,,both,adult,,,,,,,,,,,
PreservedSpecimen,Poduromorpha Hypogastruridae sp.5,Body length,,1.00,mm,mean,,both,adult,,,,,,,,,,,
PreservedSpecimen,Poduromorpha Hypogastruridae sp.5,Eye size,Derived from literature or previous studies,Large,mm,mean,,both,adult,,,,,,,,,,,
HumanObservation,Poduromorpha Hypogastruridae sp.5,Habitat position,,litter-dweller,mm,mean,,both,adult,,,,,,,,,,,
HumanObservation,Poduromorpha Hypogastruridae sp.5,Feeding strategy,"Derived from literature and previous studies (Table S3, Table S4)",chewing mandibles,mm,mean,,both,adult,,,,,,,,,,,
PreservedSpecimen,Poduromorpha Hypogastruridae sp.6,Furca development,"Determination based on previous literature and taxonomic keys, verified by a taxonomic expert (CJS).",Short,mm,mean,,both,adult,,,,,,,,,,,
PreservedSpecimen,Poduromorpha Hypogastruridae sp.6,Body length,,1.00,mm,mean,,both,adult,,,,,,,,,,,
PreservedSpecimen,Poduromorpha Hypogastruridae sp.6,Eye size,Derived from literature or previous studies,Large,mm,mean,,both,adult,,,,,,,,,,,
HumanObservation,Poduromorpha Hypogastruridae sp.6,Habitat position,,litter-dweller,mm,mean,,both,adult,,,,,,,,,,,
HumanObservation,Poduromorpha Hypogastruridae sp.6,Feeding strategy,"Derived from literature and previous studies (Table S3, Table S4)",chewing mandibles,mm,mean,,both,adult,,,,,,,,,,,
PreservedSpecimen,Poduromorpha Hypogastruridae sp.7,Furca development,"Determination based on previous literature and taxonomic keys, verified by a taxonomic expert (CJS).",Short,mm,mean,,both,adult,,,,,,,,,,,
PreservedSpecimen,Poduromorpha Hypogastruridae sp.7,Body length,,1.04,mm,mean,,both,adult,,,,,,,,,,,
PreservedSpecimen,Poduromorpha Hypogastruridae sp.7,Eye size,Derived from literature or previous studies,Large,mm,mean,,both,adult,,,,,,,,,,,
HumanObservation,Poduromorpha Hypogastruridae sp.7,Habitat position,,litter-dweller,mm,mean,,both,adult,,,,,,,,,,,
HumanObservation,Poduromorpha Hypogastruridae sp.7,Feeding strategy,"Derived from literature and previous studies (Table S3, Table S4)",chewing mandibles,mm,mean,,both,adult,,,,,,,,,,,
PreservedSpecimen,Poduromorpha Neanuridae sp.1,Furca development,"Determination based on previous literature and taxonomic keys, verified by a taxonomic expert (CJS).",Short,mm,mean,,both,adult,,,,,,,,,,,
PreservedSpecimen,Poduromorpha Neanuridae sp.1,Body length,,0.54,mm,mean,,both,adult,,,,,,,,,,,
PreservedSpecimen,Poduromorpha Neanuridae sp.1,Eye size,Derived from literature or previous studies,Large,mm,mean,,both,adult,,,,,,,,,,,
HumanObservation,Poduromorpha Neanuridae sp.1,Habitat position,,litter-dweller,mm,mean,,both,adult,,,,,,,,,,,
HumanObservation,Poduromorpha Neanuridae sp.1,Feeding strategy,"Derived from literature and previous studies (Table S3, Table S4)",sucking mandibles,mm,mean,,both,adult,,,,,,,,,,,
PreservedSpecimen,Poduromorpha Neanuridae sp.2,Furca development,"Determination based on previous literature and taxonomic keys, verified by a taxonomic expert (CJS).",Short,mm,mean,,both,adult,,,,,,,,,,,
PreservedSpecimen,Poduromorpha Neanuridae sp.2,Body length,,0.48,mm,mean,,both,adult,,,,,,,,,,,
PreservedSpecimen,Poduromorpha Neanuridae sp.2,Eye size,Derived from literature or previous studies,Absent,mm,mean,,both,adult,,,,,,,,,,,
HumanObservation,Poduromorpha Neanuridae sp.2,Habitat position,,soil-dweller,mm,mean,,both,adult,,,,,,,,,,,
HumanObservation,Poduromorpha Neanuridae sp.2,Feeding strategy,"Derived from literature and previous studies (Table S3, Table S4)",sucking mandibles,mm,mean,,both,adult,,,,,,,,,,,
PreservedSpecimen,Poduromorpha Neanuridae sp.3,Furca development,"Determination based on previous literature and taxonomic keys, verified by a taxonomic expert (CJS).",Short,mm,mean,,both,adult,,,,,,,,,,,
PreservedSpecimen,Poduromorpha Neanuridae sp.3,Body length,,0.36,mm,mean,,both,adult,,,,,,,,,,,
PreservedSpecimen,Poduromorpha Neanuridae sp.3,Eye size,Derived from literature or previous studies,Large,mm,mean,,both,adult,,,,,,,,,,,
HumanObservation,Poduromorpha Neanuridae sp.3,Habitat position,,litter-dweller,mm,mean,,both,adult,,,,,,,,,,,
HumanObservation,Poduromorpha Neanuridae sp.3,Feeding strategy,"Derived from literature and previous studies (Table S3, Table S4)",sucking mandibles,mm,mean,,both,adult,,,,,,,,,,,
PreservedSpecimen,Poduromorpha Neanuridae sp.4,Furca development,"Determination based on previous literature and taxonomic keys, verified by a taxonomic expert (CJS).",Short,mm,mean,,both,adult,,,,,,,,,,,
PreservedSpecimen,Poduromorpha Neanuridae sp.4,Body length,,0.60,mm,mean,,both,adult,,,,,,,,,,,
PreservedSpecimen,Poduromorpha Neanuridae sp.4,Eye size,Derived from literature or previous studies,Large,mm,mean,,both,adult,,,,,,,,,,,
HumanObservation,Poduromorpha Neanuridae sp.4,Habitat position,,litter-dweller,mm,mean,,both,adult,,,,,,,,,,,
HumanObservation,Poduromorpha Neanuridae sp.4,Feeding strategy,"Derived from literature and previous studies (Table S3, Table S4)",sucking mandibles,mm,mean,,both,adult,,,,,,,,,,,
PreservedSpecimen,Poduromorpha Neanuridae sp.5,Furca development,"Determination based on previous literature and taxonomic keys, verified by a taxonomic expert (CJS).",Short,mm,mean,,both,adult,,,,,,,,,,,
PreservedSpecimen,Poduromorpha Neanuridae sp.5,Body length,,0.92,mm,mean,,both,adult,,,,,,,,,,,
PreservedSpecimen,Poduromorpha Neanuridae sp.5,Eye size,Derived from literature or previous studies,Large,mm,mean,,both,adult,,,,,,,,,,,
HumanObservation,Poduromorpha Neanuridae sp.5,Habitat position,,litter-dweller,mm,mean,,both,adult,,,,,,,,,,,
HumanObservation,Poduromorpha Neanuridae sp.5,Feeding strategy,"Derived from literature and previous studies (Table S3, Table S4)",sucking mandibles,mm,mean,,both,adult,,,,,,,,,,,
PreservedSpecimen,Poduromorpha Neanuridae sp.6,Furca development,"Determination based on previous literature and taxonomic keys, verified by a taxonomic expert (CJS).",Short,mm,mean,,both,adult,,,,,,,,,,,
PreservedSpecimen,Poduromorpha Neanuridae sp.6,Body length,,0.56,mm,mean,,both,adult,,,,,,,,,,,
PreservedSpecimen,Poduromorpha Neanuridae sp.6,Eye size,Derived from literature or previous studies,Large,mm,mean,,both,adult,,,,,,,,,,,
HumanObservation,Poduromorpha Neanuridae sp.6,Habitat position,,litter-dweller,mm,mean,,both,adult,,,,,,,,,,,
HumanObservation,Poduromorpha Neanuridae sp.6,Feeding strategy,"Derived from literature and previous studies (Table S3, Table S4)",sucking mandibles,mm,mean,,both,adult,,,,,,,,,,,
PreservedSpecimen,Poduromorpha Odontellidae sp.1,Furca development,"Determination based on previous literature and taxonomic keys, verified by a taxonomic expert (CJS).",Short,mm,mean,,both,adult,,,,,,,,,,,
PreservedSpecimen,Poduromorpha Odontellidae sp.1,Body length,,0.36,mm,mean,,both,adult,,,,,,,,,,,
PreservedSpecimen,Poduromorpha Odontellidae sp.1,Eye size,Derived from literature or previous studies,Large,mm,mean,,both,adult,,,,,,,,,,,
HumanObservation,Poduromorpha Odontellidae sp.1,Habitat position,,litter-dweller,mm,mean,,both,adult,,,,,,,,,,,
HumanObservation,Poduromorpha Odontellidae sp.1,Feeding strategy,"Derived from literature and previous studies (Table S3, Table S4)",sucking mandibles,mm,mean,,both,adult,,,,,,,,,,,
PreservedSpecimen,Poduromorpha Onychiuridae sp.1,Furca development,"Determination based on previous literature and taxonomic keys, verified by a taxonomic expert (CJS).",Absent,mm,mean,,both,adult,,,,,,,,,,,
PreservedSpecimen,Poduromorpha Onychiuridae sp.1,Body length,,1.84,mm,mean,,both,adult,,,,,,,,,,,
PreservedSpecimen,Poduromorpha Onychiuridae sp.1,Eye size,Derived from literature or previous studies,Absent,mm,mean,,both,adult,,,,,,,,,,,
HumanObservation,Poduromorpha Onychiuridae sp.1,Habitat position,,soil-dweller,mm,mean,,both,adult,,,,,,,,,,,
HumanObservation,Poduromorpha Onychiuridae sp.1,Feeding strategy,"Derived from literature and previous studies (Table S3, Table S4)",chewing mandibles,mm,mean,,both,adult,,,,,,,,,,,
PreservedSpecimen,Symphypleona Dicyrtomidae sp.1,Furca development,"Determination based on previous literature and taxonomic keys, verified by a taxonomic expert (CJS).",Long,mm,mean,,both,adult,,,,,,,,,,,
PreservedSpecimen,Symphypleona Dicyrtomidae sp.1,Body length,,1.20,mm,mean,,both,adult,,,,,,,,,,,
PreservedSpecimen,Symphypleona Dicyrtomidae sp.1,Eye size,Derived from literature or previous studies,Large,mm,mean,,both,adult,,,,,,,,,,,
HumanObservation,Symphypleona Dicyrtomidae sp.1,Habitat position,,vegetation-dweller,mm,mean,,both,adult,,,,,,,,,,,
HumanObservation,Symphypleona Dicyrtomidae sp.1,Feeding strategy,"Derived from literature and previous studies (Table S3, Table S4)",chewing mandibles,mm,mean,,both,adult,,,,,,,,,,,
PreservedSpecimen,Symphypleona Dicyrtomidae sp.2,Furca development,"Determination based on previous literature and taxonomic keys, verified by a taxonomic expert (CJS).",Long,mm,mean,,both,adult,,,,,,,,,,,
PreservedSpecimen,Symphypleona Dicyrtomidae sp.2,Body length,,0.88,mm,mean,,both,adult,,,,,,,,,,,
PreservedSpecimen,Symphypleona Dicyrtomidae sp.2,Eye size,Derived from literature or previous studies,Large,mm,mean,,both,adult,,,,,,,,,,,
HumanObservation,Symphypleona Dicyrtomidae sp.2,Habitat position,,vegetation-dweller,mm,mean,,both,adult,,,,,,,,,,,
HumanObservation,Symphypleona Dicyrtomidae sp.2,Feeding strategy,"Derived from literature and previous studies (Table S3, Table S4)",chewing mandibles,mm,mean,,both,adult,,,,,,,,,,,
PreservedSpecimen,Symphypleona Dicyrtomidae sp.3,Furca development,"Determination based on previous literature and taxonomic keys, verified by a taxonomic expert (CJS).",Long,mm,mean,,both,adult,,,,,,,,,,,
PreservedSpecimen,Symphypleona Dicyrtomidae sp.3,Body length,,0.40,mm,mean,,both,adult,,,,,,,,,,,
PreservedSpecimen,Symphypleona Dicyrtomidae sp.3,Eye size,Derived from literature or previous studies,Large,mm,mean,,both,adult,,,,,,,,,,,
HumanObservation,Symphypleona Dicyrtomidae sp.3,Habitat position,,vegetation-dweller,mm,mean,,both,adult,,,,,,,,,,,
HumanObservation,Symphypleona Dicyrtomidae sp.3,Feeding strategy,"Derived from literature and previous studies (Table S3, Table S4)",chewing mandibles,mm,mean,,both,adult,,,,,,,,,,,
PreservedSpecimen,Symphypleona Dicyrtomidae sp.4,Furca development,"Determination based on previous literature and taxonomic keys, verified by a taxonomic expert (CJS).",Long,mm,mean,,both,adult,,,,,,,,,,,
PreservedSpecimen,Symphypleona Dicyrtomidae sp.4,Body length,,0.26,mm,mean,,both,adult,,,,,,,,,,,
PreservedSpecimen,Symphypleona Dicyrtomidae sp.4,Eye size,Derived from literature or previous studies,Large,mm,mean,,both,adult,,,,,,,,,,,
HumanObservation,Symphypleona Dicyrtomidae sp.4,Habitat position,,vegetation-dweller,mm,mean,,both,adult,,,,,,,,,,,
HumanObservation,Symphypleona Dicyrtomidae sp.4,Feeding strategy,"Derived from literature and previous studies (Table S3, Table S4)",chewing mandibles,mm,mean,,both,adult,,,,,,,,,,,
PreservedSpecimen,Symphypleona Dicyrtomidae sp.5,Furca development,"Determination based on previous literature and taxonomic keys, verified by a taxonomic expert (CJS).",Long,mm,mean,,both,adult,,,,,,,,,,,
PreservedSpecimen,Symphypleona Dicyrtomidae sp.5,Body length,,0.46,mm,mean,,both,adult,,,,,,,,,,,
PreservedSpecimen,Symphypleona Dicyrtomidae sp.5,Eye size,Derived from literature or previous studies,Large,mm,mean,,both,adult,,,,,,,,,,,
HumanObservation,Symphypleona Dicyrtomidae sp.5,Habitat position,,vegetation-dweller,mm,mean,,both,adult,,,,,,,,,,,
HumanObservation,Symphypleona Dicyrtomidae sp.5,Feeding strategy,"Derived from literature and previous studies (Table S3, Table S4)",chewing mandibles,mm,mean,,both,adult,,,,,,,,,,,
PreservedSpecimen,Symphypleona Dicyrtomidae sp.6,Furca development,"Determination based on previous literature and taxonomic keys, verified by a taxonomic expert (CJS).",Long,mm,mean,,both,adult,,,,,,,,,,,
PreservedSpecimen,Symphypleona Dicyrtomidae sp.6,Body length,,1.10,mm,mean,,both,adult,,,,,,,,,,,
PreservedSpecimen,Symphypleona Dicyrtomidae sp.6,Eye size,Derived from literature or previous studies,Large,mm,mean,,both,adult,,,,,,,,,,,
HumanObservation,Symphypleona Dicyrtomidae sp.6,Habitat position,,vegetation-dweller,mm,mean,,both,adult,,,,,,,,,,,
HumanObservation,Symphypleona Dicyrtomidae sp.6,Feeding strategy,"Derived from literature and previous studies (Table S3, Table S4)",chewing mandibles,mm,mean,,both,adult,,,,,,,,,,,
PreservedSpecimen,Symphypleona Dicyrtomidae sp.7,Furca development,"Determination based on previous literature and taxonomic keys, verified by a taxonomic expert (CJS).",Long,mm,mean,,both,adult,,,,,,,,,,,
PreservedSpecimen,Symphypleona Dicyrtomidae sp.7,Body length,,0.66,mm,mean,,both,adult,,,,,,,,,,,
PreservedSpecimen,Symphypleona Dicyrtomidae sp.7,Eye size,Derived from literature or previous studies,Large,mm,mean,,both,adult,,,,,,,,,,,
HumanObservation,Symphypleona Dicyrtomidae sp.7,Habitat position,,vegetation-dweller,mm,mean,,both,adult,,,,,,,,,,,
HumanObservation,Symphypleona Dicyrtomidae sp.7,Feeding strategy,"Derived from literature and previous studies (Table S3, Table S4)",chewing mandibles,mm,mean,,both,adult,,,,,,,,,,,
PreservedSpecimen,Symphypleona Katiannidae sp.1,Furca development,"Determination based on previous literature and taxonomic keys, verified by a taxonomic expert (CJS).",Long,mm,mean,,both,adult,,,,,,,,,,,
PreservedSpecimen,Symphypleona Katiannidae sp.1,Body length,,0.38,mm,mean,,both,adult,,,,,,,,,,,
PreservedSpecimen,Symphypleona Katiannidae sp.1,Eye size,Derived from literature or previous studies,Large,mm,mean,,both,adult,,,,,,,,,,,
HumanObservation,Symphypleona Katiannidae sp.1,Habitat position,,vegetation-dweller,mm,mean,,both,adult,,,,,,,,,,,
HumanObservation,Symphypleona Katiannidae sp.1,Feeding strategy,"Derived from literature and previous studies (Table S3, Table S4)",chewing mandibles,mm,mean,,both,adult,,,,,,,,,,,
PreservedSpecimen,Symphypleona Katiannidae sp.2,Furca development,"Determination based on previous literature and taxonomic keys, verified by a taxonomic expert (CJS).",Long,mm,mean,,both,adult,,,,,,,,,,,
PreservedSpecimen,Symphypleona Katiannidae sp.2,Body length,,0.32,mm,mean,,both,adult,,,,,,,,,,,
PreservedSpecimen,Symphypleona Katiannidae sp.2,Eye size,Derived from literature or previous studies,Large,mm,mean,,both,adult,,,,,,,,,,,
HumanObservation,Symphypleona Katiannidae sp.2,Habitat position,,vegetation-dweller,mm,mean,,both,adult,,,,,,,,,,,
HumanObservation,Symphypleona Katiannidae sp.2,Feeding strategy,"Derived from literature and previous studies (Table S3, Table S4)",chewing mandibles,mm,mean,,both,adult,,,,,,,,,,,
PreservedSpecimen,Symphypleona Katiannidae sp.3,Furca development,"Determination based on previous literature and taxonomic keys, verified by a taxonomic expert (CJS).",Long,mm,mean,,both,adult,,,,,,,,,,,
PreservedSpecimen,Symphypleona Katiannidae sp.3,Body length,,1.12,mm,mean,,both,adult,,,,,,,,,,,
PreservedSpecimen,Symphypleona Katiannidae sp.3,Eye size,Derived from literature or previous studies,Large,mm,mean,,both,adult,,,,,,,,,,,
HumanObservation,Symphypleona Katiannidae sp.3,Habitat position,,vegetation-dweller,mm,mean,,both,adult,,,,,,,,,,,
HumanObservation,Symphypleona Katiannidae sp.3,Feeding strategy,"Derived from literature and previous studies (Table S3, Table S4)",chewing mandibles,mm,mean,,both,adult,,,,,,,,,,,
PreservedSpecimen,Symphypleona Katiannidae sp.4,Furca development,"Determination based on previous literature and taxonomic keys, verified by a taxonomic expert (CJS).",Long,mm,mean,,both,adult,,,,,,,,,,,
PreservedSpecimen,Symphypleona Katiannidae sp.4,Body length,,1.00,mm,mean,,both,adult,,,,,,,,,,,
PreservedSpecimen,Symphypleona Katiannidae sp.4,Eye size,Derived from literature or previous studies,Large,mm,mean,,both,adult,,,,,,,,,,,
HumanObservation,Symphypleona Katiannidae sp.4,Habitat position,,vegetation-dweller,mm,mean,,both,adult,,,,,,,,,,,
HumanObservation,Symphypleona Katiannidae sp.4,Feeding strategy,"Derived from literature and previous studies (Table S3, Table S4)",chewing mandibles,mm,mean,,both,adult,,,,,,,,,,,
PreservedSpecimen,Symphypleona Katiannidae sp.5,Furca development,"Determination based on previous literature and taxonomic keys, verified by a taxonomic expert (CJS).",Long,mm,mean,,both,adult,,,,,,,,,,,
PreservedSpecimen,Symphypleona Katiannidae sp.5,Body length,,1.00,mm,mean,,both,adult,,,,,,,,,,,
PreservedSpecimen,Symphypleona Katiannidae sp.5,Eye size,Derived from literature or previous studies,Large,mm,mean,,both,adult,,,,,,,,,,,
HumanObservation,Symphypleona Katiannidae sp.5,Habitat position,,vegetation-dweller,mm,mean,,both,adult,,,,,,,,,,,
HumanObservation,Symphypleona Katiannidae sp.5,Feeding strategy,"Derived from literature and previous studies (Table S3, Table S4)",chewing mandibles,mm,mean,,both,adult,,,,,,,,,,,
PreservedSpecimen,Symphypleona Katiannidae sp.6,Furca development,"Determination based on previous literature and taxonomic keys, verified by a taxonomic expert (CJS).",Long,mm,mean,,both,adult,,,,,,,,,,,
PreservedSpecimen,Symphypleona Katiannidae sp.6,Body length,,0.50,mm,mean,,both,adult,,,,,,,,,,,
PreservedSpecimen,Symphypleona Katiannidae sp.6,Eye size,Derived from literature or previous studies,Large,mm,mean,,both,adult,,,,,,,,,,,
HumanObservation,Symphypleona Katiannidae sp.6,Habitat position,,vegetation-dweller,mm,mean,,both,adult,,,,,,,,,,,
HumanObservation,Symphypleona Katiannidae sp.6,Feeding strategy,"Derived from literature and previous studies (Table S3, Table S4)",chewing mandibles,mm,mean,,both,adult,,,,,,,,,,,
PreservedSpecimen,Symphypleona Katiannidae sp.7,Furca development,"Determination based on previous literature and taxonomic keys, verified by a taxonomic expert (CJS).",Long,mm,mean,,both,adult,,,,,,,,,,,
PreservedSpecimen,Symphypleona Katiannidae sp.7,Body length,,0.80,mm,mean,,both,adult,,,,,,,,,,,
PreservedSpecimen,Symphypleona Katiannidae sp.7,Eye size,Derived from literature or previous studies,Large,mm,mean,,both,adult,,,,,,,,,,,
HumanObservation,Symphypleona Katiannidae sp.7,Habitat position,,vegetation-dweller,mm,mean,,both,adult,,,,,,,,,,,
HumanObservation,Symphypleona Katiannidae sp.7,Feeding strategy,"Derived from literature and previous studies (Table S3, Table S4)",chewing mandibles,mm,mean,,both,adult,,,,,,,,,,,
PreservedSpecimen,Symphypleona Katiannidae sp.8,Furca development,"Determination based on previous literature and taxonomic keys, verified by a taxonomic expert (CJS).",Long,mm,mean,,both,adult,,,,,,,,,,,
PreservedSpecimen,Symphypleona Katiannidae sp.8,Body length,,0.80,mm,mean,,both,adult,,,,,,,,,,,
PreservedSpecimen,Symphypleona Katiannidae sp.8,Eye size,Derived from literature or previous studies,Large,mm,mean,,both,adult,,,,,,,,,,,
HumanObservation,Symphypleona Katiannidae sp.8,Habitat position,,vegetation-dweller,mm,mean,,both,adult,,,,,,,,,,,
HumanObservation,Symphypleona Katiannidae sp.8,Feeding strategy,"Derived from literature and previous studies (Table S3, Table S4)",chewing mandibles,mm,mean,,both,adult,,,,,,,,,,,
PreservedSpecimen,Symphypleona Katiannidae sp.9,Furca development,"Determination based on previous literature and taxonomic keys, verified by a taxonomic expert (CJS).",Long,mm,mean,,both,adult,,,,,,,,,,,
PreservedSpecimen,Symphypleona Katiannidae sp.9,Body length,,0.38,mm,mean,,both,adult,,,,,,,,,,,
PreservedSpecimen,Symphypleona Katiannidae sp.9,Eye size,Derived from literature or previous studies,Large,mm,mean,,both,adult,,,,,,,,,,,
HumanObservation,Symphypleona Katiannidae sp.9,Habitat position,,vegetation-dweller,mm,mean,,both,adult,,,,,,,,,,,
HumanObservation,Symphypleona Katiannidae sp.9,Feeding strategy,"Derived from literature and previous studies (Table S3, Table S4)",chewing mandibles,mm,mean,,both,adult,,,,,,,,,,,
PreservedSpecimen,Symphypleona Katiannidae sp.10,Furca development,"Determination based on previous literature and taxonomic keys, verified by a taxonomic expert (CJS).",Long,mm,mean,,both,adult,,,,,,,,,,,
PreservedSpecimen,Symphypleona Katiannidae sp.10,Body length,,0.50,mm,mean,,both,adult,,,,,,,,,,,
PreservedSpecimen,Symphypleona Katiannidae sp.10,Eye size,Derived from literature or previous studies,Large,mm,mean,,both,adult,,,,,,,,,,,
HumanObservation,Symphypleona Katiannidae sp.10,Habitat position,,vegetation-dweller,mm,mean,,both,adult,,,,,,,,,,,
HumanObservation,Symphypleona Katiannidae sp.10,Feeding strategy,"Derived from literature and previous studies (Table S3, Table S4)",chewing mandibles,mm,mean,,both,adult,,,,,,,,,,,
PreservedSpecimen,Symphypleona Katiannidae sp.11,Furca development,"Determination based on previous literature and taxonomic keys, verified by a taxonomic expert (CJS).",Long,mm,mean,,both,adult,,,,,,,,,,,
PreservedSpecimen,Symphypleona Katiannidae sp.11,Body length,,0.28,mm,mean,,both,adult,,,,,,,,,,,
PreservedSpecimen,Symphypleona Katiannidae sp.11,Eye size,Derived from literature or previous studies,Large,mm,mean,,both,adult,,,,,,,,,,,
HumanObservation,Symphypleona Katiannidae sp.11,Habitat position,,vegetation-dweller,mm,mean,,both,adult,,,,,,,,,,,
HumanObservation,Symphypleona Katiannidae sp.11,Feeding strategy,"Derived from literature and previous studies (Table S3, Table S4)",chewing mandibles,mm,mean,,both,adult,,,,,,,,,,,
PreservedSpecimen,Symphypleona Katiannidae sp.12,Furca development,"Determination based on previous literature and taxonomic keys, verified by a taxonomic expert (CJS).",Long,mm,mean,,both,adult,,,,,,,,,,,
PreservedSpecimen,Symphypleona Katiannidae sp.12,Body length,,0.60,mm,mean,,both,adult,,,,,,,,,,,
PreservedSpecimen,Symphypleona Katiannidae sp.12,Eye size,Derived from literature or previous studies,Large,mm,mean,,both,adult,,,,,,,,,,,
HumanObservation,Symphypleona Katiannidae sp.12,Habitat position,,vegetation-dweller,mm,mean,,both,adult,,,,,,,,,,,
HumanObservation,Symphypleona Katiannidae sp.12,Feeding strategy,"Derived from literature and previous studies (Table S3, Table S4)",chewing mandibles,mm,mean,,both,adult,,,,,,,,,,,
PreservedSpecimen,Symphypleona Sminthuridae sp.1,Furca development,"Determination based on previous literature and taxonomic keys, verified by a taxonomic expert (CJS).",Long,mm,mean,,both,adult,,,,,,,,,,,
PreservedSpecimen,Symphypleona Sminthuridae sp.1,Body length,,1.28,mm,mean,,both,adult,,,,,,,,,,,
PreservedSpecimen,Symphypleona Sminthuridae sp.1,Eye size,Derived from literature or previous studies,Large,mm,mean,,both,adult,,,,,,,,,,,
HumanObservation,Symphypleona Sminthuridae sp.1,Habitat position,,vegetation-dweller,mm,mean,,both,adult,,,,,,,,,,,
HumanObservation,Symphypleona Sminthuridae sp.1,Feeding strategy,"Derived from literature and previous studies (Table S3, Table S4)",chewing mandibles,mm,mean,,both,adult,,,,,,,,,,,
PreservedSpecimen,Symphypleona Sminthuridae sp.2,Furca development,"Determination based on previous literature and taxonomic keys, verified by a taxonomic expert (CJS).",Long,mm,mean,,both,adult,,,,,,,,,,,
PreservedSpecimen,Symphypleona Sminthuridae sp.2,Body length,,0.66,mm,mean,,both,adult,,,,,,,,,,,
PreservedSpecimen,Symphypleona Sminthuridae sp.2,Eye size,Derived from literature or previous studies,Large,mm,mean,,both,adult,,,,,,,,,,,
HumanObservation,Symphypleona Sminthuridae sp.2,Habitat position,,vegetation-dweller,mm,mean,,both,adult,,,,,,,,,,,
HumanObservation,Symphypleona Sminthuridae sp.2,Feeding strategy,"Derived from literature and previous studies (Table S3, Table S4)",chewing mandibles,mm,mean,,both,adult,,,,,,,,,,,
PreservedSpecimen,Symphypleona Sminthuridae sp.3,Furca development,"Determination based on previous literature and taxonomic keys, verified by a taxonomic expert (CJS).",Long,mm,mean,,both,adult,,,,,,,,,,,
PreservedSpecimen,Symphypleona Sminthuridae sp.3,Body length,,0.60,mm,mean,,both,adult,,,,,,,,,,,
PreservedSpecimen,Symphypleona Sminthuridae sp.3,Eye size,Derived from literature or previous studies,Large,mm,mean,,both,adult,,,,,,,,,,,
HumanObservation,Symphypleona Sminthuridae sp.3,Habitat position,,vegetation-dweller,mm,mean,,both,adult,,,,,,,,,,,
HumanObservation,Symphypleona Sminthuridae sp.3,Feeding strategy,"Derived from literature and previous studies (Table S3, Table S4)",chewing mandibles,mm,mean,,both,adult,,,,,,,,,,,
PreservedSpecimen,Symphypleona Sminthuridae sp.4,Furca development,"Determination based on previous literature and taxonomic keys, verified by a taxonomic expert (CJS).",Long,mm,mean,,both,adult,,,,,,,,,,,
PreservedSpecimen,Symphypleona Sminthuridae sp.4,Body length,,0.50,mm,mean,,both,adult,,,,,,,,,,,
PreservedSpecimen,Symphypleona Sminthuridae sp.4,Eye size,Derived from literature or previous studies,Large,mm,mean,,both,adult,,,,,,,,,,,
HumanObservation,Symphypleona Sminthuridae sp.4,Habitat position,,vegetation-dweller,mm,mean,,both,adult,,,,,,,,,,,
HumanObservation,Symphypleona Sminthuridae sp.4,Feeding strategy,"Derived from literature and previous studies (Table S3, Table S4)",chewing mandibles,mm,mean,,both,adult,,,,,,,,,,,
PreservedSpecimen,Symphypleona Sminthurididae sp.1,Furca development,"Determination based on previous literature and taxonomic keys, verified by a taxonomic expert (CJS).",Long,mm,mean,,both,adult,,,,,,,,,,,
PreservedSpecimen,Symphypleona Sminthurididae sp.1,Body length,,0.92,mm,mean,,both,adult,,,,,,,,,,,
PreservedSpecimen,Symphypleona Sminthurididae sp.1,Eye size,Derived from literature or previous studies,Large,mm,mean,,both,adult,,,,,,,,,,,
HumanObservation,Symphypleona Sminthurididae sp.1,Habitat position,,vegetation-dweller,mm,mean,,both,adult,,,,,,,,,,,
HumanObservation,Symphypleona Sminthurididae sp.1,Feeding strategy,"Derived from literature and previous studies (Table S3, Table S4)",chewing mandibles,mm,mean,,both,adult,,,,,,,,,,,
PreservedSpecimen,Symphypleona Sminthurididae sp.2,Furca development,"Determination based on previous literature and taxonomic keys, verified by a taxonomic expert (CJS).",Long,mm,mean,,both,adult,,,,,,,,,,,
PreservedSpecimen,Symphypleona Sminthurididae sp.2,Body length,,0.90,mm,mean,,both,adult,,,,,,,,,,,
PreservedSpecimen,Symphypleona Sminthurididae sp.2,Eye size,Derived from literature or previous studies,Large,mm,mean,,both,adult,,,,,,,,,,,
HumanObservation,Symphypleona Sminthurididae sp.2,Habitat position,,vegetation-dweller,mm,mean,,both,adult,,,,,,,,,,,
HumanObservation,Symphypleona Sminthurididae sp.2,Feeding strategy,"Derived from literature and previous studies (Table S3, Table S4)",chewing mandibles,mm,mean,,both,adult,,,,,,,,,,,
PreservedSpecimen,Symphypleona Sminthurididae sp.3,Furca development,"Determination based on previous literature and taxonomic keys, verified by a taxonomic expert (CJS).",Long,mm,mean,,both,adult,,,,,,,,,,,
PreservedSpecimen,Symphypleona Sminthurididae sp.3,Body length,,0.98,mm,mean,,both,adult,,,,,,,,,,,
PreservedSpecimen,Symphypleona Sminthurididae sp.3,Eye size,Derived from literature or previous studies,Large,mm,mean,,both,adult,,,,,,,,,,,
HumanObservation,Symphypleona Sminthurididae sp.3,Habitat position,,vegetation-dweller,mm,mean,,both,adult,,,,,,,,,,,
HumanObservation,Symphypleona Sminthurididae sp.3,Feeding strategy,"Derived from literature and previous studies (Table S3, Table S4)",chewing mandibles,mm,mean,,both,adult,,,,,,,,,,,
PreservedSpecimen,Collembola,Trait,Berg et al. (1998) and Ponge et al. (2006),Body size,,mode,,both,adult,,,,,,,,,,,
PreservedSpecimen,Collembola,Measurement,Berg et al. (1998) and Ponge et al. (2006),Continuous (mm),,mode,,both,adult,,,,,,,,,,,
PreservedSpecimen,Collembola,Trait,Ponge et al. (2006) and Salmon et al. (2014),Furca development,,mode,,both,adult,,,,,,,,,,,
PreservedSpecimen,Collembola,Measurement,Ponge et al. (2006) and Salmon et al. (2014),Categorical (Absent/Short and Moderate/Long),,mode,,both,adult,,,,,,,,,,,
PreservedSpecimen,Collembola,Trait,"Hopkin (1997), Salmon et al. (2014) and Ruiz et al. (2017)",Eye size,,mode,,both,adult,,,,,,,,,,,
PreservedSpecimen,Collembola,Measurement,"Hopkin (1997), Salmon et al. (2014) and Ruiz et al. (2017)",Categorical (Absent/Small and Moderate/Large),,mode,,both,adult,,,,,,,,,,,
PreservedSpecimen,Collembola,Trait,Fjellberg (1985),Feeding strategy,,mode,,both,adult,,,,,,,,,,,
PreservedSpecimen,Collembola,Measurement,Fjellberg (1985),"Categorical (Chewing, Sucking)",,mode,,both,adult,,,,,,,,,,,
PreservedSpecimen,Formicidae,Trait,Ponge et al. (2006),Habitat position,,mode,,both,adult,,,,,,,,,,,
PreservedSpecimen,Formicidae,Measurement,Ponge et al. (2006),"Categorical (soil-, litter- or vegetation-dwelling)",,mode,,both,adult,,,,,,,,,,,
PreservedSpecimen,Formicidae,Trait,"Kaspari and Weiser (1999), Ness et al. (2004), Bihn et al. (2010), Arnan et al. (2013) and Bishop et al. (2015)",Body size,,mode,,both,adult,,,,,,,,,,,
PreservedSpecimen,Formicidae,Measurement,"Kaspari and Weiser (1999), Ness et al. (2004), Bihn et al. (2010), Arnan et al. (2013) and Bishop et al. (2015)",Continuous (mm),,mode,,both,adult,,,,,,,,,,,
PreservedSpecimen,Formicidae,Trait,Bishop et al. (2016),Colour,,mode,,both,adult,,,,,,,,,,,
PreservedSpecimen,Formicidae,Measurement,Bishop et al. (2016),Continuous (V),,mode,,both,adult,,,,,,,,,,,
PreservedSpecimen,Formicidae,Trait,,Femur length,,mode,,both,adult,,,,,,,,,,,
PreservedSpecimen,Formicidae,Measurement,,Continuous (mm),,mode,,both,adult,,,,,,,,,,,
PreservedSpecimen,Formicidae,Trait,Weiser and Kaspari (2006) and Moretti et al. (2017),Eye size,,mode,,both,adult,,,,,,,,,,,
PreservedSpecimen,Formicidae,Measurement,Weiser and Kaspari (2006) and Moretti et al. (2017),Categorical (Absent/Small and Moderate/Large),,mode,,both,adult,,,,,,,,,,,
PreservedSpecimen,Formicidae,Trait,Boet et al. (2020),Feeding strategy,,mode,,both,adult,,,,,,,,,,,
PreservedSpecimen,Formicidae,Measurement,Boet et al. (2020),"Categorical (Generalist forager, Predator, Saprovore)",,mode,,both,adult,,,,,,,,,,,
PreservedSpecimen,Formicidae,Trait,Bihn et al. (2008),Habitat position,,mode,,both,adult,,,,,,,,,,,
PreservedSpecimen,Formicidae,Measurement,Bihn et al. (2008),"Categorical (soil-, litter- or vegetation-dwelling)",,mode,,both,adult,,,,,,,,,,,
