cause,verbatimIdentification,measurementType,measurementValue,pred_collision_value,closest_pred_species,closest_score,severity,reasoning
"species present, trait missing",Ptilinus fuscus,Diameter,3.00,,,,moderate,the trait was not extracted for this species
"species present, trait missing",Hololepta plana,Diameter,3.00,,,,moderate,the trait was not extracted for this species
"species present, trait missing",Cerophytum elateroides,Diameter,3.50,,,,moderate,the trait was not extracted for this species
"species present, trait missing",Orchesia undulata,Dead-wood decay,3.50,,,,moderate,the trait was not extracted for this species
"species present, trait missing",Ampedus quercicola,Dead-wood decay,3.40,,,,moderate,the trait was not extracted for this species
"species present, trait missing",Mycetophagus piceus,Diameter,3.00,,,,moderate,the trait was not extracted for this species
"species present, trait missing",Anobium inexspectatum,Dead-wood decay,3.00,,,,moderate,the trait was not extracted for this species
"species present, trait missing",Malthodes fuscus,Diameter,2.29,,,,moderate,the trait was not extracted for this species
"species present, trait missing",Crypturgus pusillus,Dead-wood decay,2.00,,,,moderate,the trait was not extracted for this species
"species present, trait missing",Dasytes niger,Diameter,2.29,,,,moderate,the trait was not extracted for this species
"species present, trait missing",Episernus granulatus,Dead-wood decay,2.33,,,,moderate,the trait was not extracted for this species
"species present, trait missing",Ampedus praeustus,Diameter,3.50,,,,moderate,the trait was not extracted for this species
"species present, trait missing",Pelecotoma fennica,Diameter,3.00,,,,moderate,the trait was not extracted for this species
"species present, trait missing",Rhizophagus picipes,Dead-wood decay,2.25,,,,moderate,the trait was not extracted for this species
"species present, trait missing",Mycetophagus decempunctatus,Dead-wood decay,3.00,,,,moderate,the trait was not extracted for this species
"species present, trait missing",Acalles pyrenaeus,Dead-wood decay,3.25,,,,moderate,the trait was not extracted for this species
"species present, trait missing",Anobium fulvicorne,Dead-wood decay,2.50,,,,moderate,the trait was not extracted for this species
"species present, trait missing",Nudobius lentus,Dead-wood decay,2.25,,,,moderate,the trait was not extracted for this species
"species present, trait missing",Lathropus sepicola,Diameter,2.50,,,,moderate,the trait was not extracted for this species
"species present, trait missing",Trachodes hispidus,Dead-wood decay,3.50,,,,moderate,the trait was not extracted for this species
"species present, trait missing",Conopalpus testaceus,Diameter,1.2,,,,moderate,the trait was not extracted for this species
"species present, trait missing",Ampedus sanguinolentus,Dead-wood decay,3.40,,,,moderate,the trait was not extracted for this species
"species present, trait missing",Osphya bipunctata,Diameter,1.2,,,,moderate,the trait was not extracted for this species
"species present, trait missing",Euryusa optabilis,Dead-wood decay,4.00,,,,moderate,the trait was not extracted for this species
"species present, trait missing",Rhizophagus ferrugineus,Diameter,2.50,,,,moderate,the trait was not extracted for this species
"species present, trait missing",Epuraea thoracica,Dead-wood decay,2.00,,,,moderate,the trait was not extracted for this species
"species present, trait missing",Epuraea laeviuscula,Dead-wood decay,2.00,,,,moderate,the trait was not extracted for this species
"species present, trait missing",Phthorophloeus spinulosus,Diameter,1.00,,,,moderate,the trait was not extracted for this species
"species present, trait missing",Cryptophagus lysholmi,Diameter,3.00,,,,moderate,the trait was not extracted for this species
"species present, trait missing",Mycetophagus atomarius,Diameter,2.00,,,,moderate,the trait was not extracted for this species
"species present, trait missing",Aplocnemus impressus,Diameter,3.2,,,,moderate,the trait was not extracted for this species
"species present, trait missing",Anaspis regimbarti,Diameter,2.29,,,,moderate,the trait was not extracted for this species
"species present, trait missing",Glischrochilus quadriguttatus,Dead-wood decay,1.50,,,,moderate,the trait was not extracted for this species
"species present, trait missing",Orthocis vestitus,Diameter,1.86,,,,moderate,the trait was not extracted for this species
"species present, trait missing",Clerus mutillarius,Diameter,3.00,,,,moderate,the trait was not extracted for this species
"species present, trait missing",Anthaxia salicis,Dead-wood decay,2.00,,,,moderate,the trait was not extracted for this species
"species present, trait missing",Mordellochroa abdominalis,Dead-wood decay,3.50,,,,moderate,the trait was not extracted for this species
"species present, trait missing",Atomaria lohsei,Diameter,1.2,,,,moderate,the trait was not extracted for this species
"species present, trait missing",Orthotomicus suturalis,Diameter,2.00,,,,moderate,the trait was not extracted for this species
"species present, trait missing",Latridius hirtus,Diameter,2.2,,,,moderate,the trait was not extracted for this species
"species present, trait missing",Placusa tachyporoides,Dead-wood decay,1.60,,,,moderate,the trait was not extracted for this species
"species present, trait missing",Malthinus facialis,Dead-wood decay,3.2,,,,moderate,the trait was not extracted for this species
"species present, trait missing",Atomaria atrata,Diameter,1.00,,,,moderate,the trait was not extracted for this species
"species present, trait missing",Scolytus carpini,Diameter,1.2,,,,moderate,the trait was not extracted for this species
"species present, trait missing",Dorcatoma setosella,Dead-wood decay,3.00,,,,moderate,the trait was not extracted for this species
"species present, trait missing",Rhagium mordax,Dead-wood decay,2.25,,,,moderate,the trait was not extracted for this species
"species present, trait missing",Polygraphus grandiclava,Diameter,1.2,,,,moderate,the trait was not extracted for this species
"species present, trait missing",Xyloterus laevae,Diameter,2.50,,,,moderate,the trait was not extracted for this species
"species present, trait missing",Trichius fasciatus,Diameter,2.50,,,,moderate,the trait was not extracted for this species
"species present, trait missing",Diplocoelus fagi,Dead-wood decay,2.50,,,,moderate,the trait was not extracted for this species
"species present, trait missing",Anastrangalia sanguinolenta,Dead-wood decay,3.50,,,,moderate,the trait was not extracted for this species
"species present, trait missing",Malachius bipustulatus,Dead-wood decay,3.2,,,,moderate,the trait was not extracted for this species
"species present, trait missing",Triplax elongata,Dead-wood decay,3.00,,,,moderate,the trait was not extracted for this species
"species present, trait missing",Bolitochara lucida,Diameter,2.33,,,,moderate,the trait was not extracted for this species
"species present, trait missing",Pityogenes bidentatus,Dead-wood decay,2.00,,,,moderate,the trait was not extracted for this species
"species present, trait missing",Epuraea biguttata,Dead-wood decay,1.83,,,,moderate,the trait was not extracted for this species
"species present, trait missing",Cerambyx scopolii,Diameter,2.29,,,,moderate,the trait was not extracted for this species
"species present, trait missing",Cis rugulosus,Dead-wood decay,3.25,,,,moderate,the trait was not extracted for this species
"species present, trait missing",Cis boleti,Diameter,2.50,,,,moderate,the trait was not extracted for this species
"species present, trait missing",Stenomax aeneus,Diameter,3.00,,,,moderate,the trait was not extracted for this species
"species present, trait missing",Xyleborus dispar,Diameter,2.00,,,,moderate,the trait was not extracted for this species
"species present, trait missing",Saperda populnea,Diameter,1.00,,,,moderate,the trait was not extracted for this species
"species present, trait missing",Ampedus melanurus,Diameter,3.00,,,,moderate,the trait was not extracted for this species
"species present, trait missing",Leperisinus fraxini,Dead-wood decay,2.00,,,,moderate,the trait was not extracted for this species
"species present, trait missing",Dasytes fusculus,Dead-wood decay,3.2,,,,moderate,the trait was not extracted for this species
"species present, trait missing",Plegaderus vulneratus,Diameter,2.29,,,,moderate,the trait was not extracted for this species
"species present, trait missing",Rhizophagus dispar,Dead-wood decay,2.50,,,,moderate,the trait was not extracted for this species
"species present, trait missing",Plegaderus dissectus,Diameter,2.50,,,,moderate,the trait was not extracted for this species
"species present, trait missing",Leiopus nebulosus,Dead-wood decay,2.00,,,,moderate,the trait was not extracted for this species
"species present, trait missing",Symbiotes latus,Dead-wood decay,3.60,,,,moderate,the trait was not extracted for this species
"species present, trait missing",Choragus horni,Dead-wood decay,3.00,,,,moderate,the trait was not extracted for this species
"species present, trait missing",Lacon lepidopterus,Dead-wood decay,3.40,,,,moderate,the trait was not extracted for this species
"species present, trait missing",Acalles lemur,Dead-wood decay,3.25,,,,moderate,the trait was not extracted for this species
"species present, trait missing",Evodinus clathratus,Diameter,1.80,,,,moderate,the trait was not extracted for this species
"species present, trait missing",Orthoperus brunnipes,Dead-wood decay,3.29,,,,moderate,the trait was not extracted for this species
"species present, trait missing",Corymbia maculicornis,Diameter,2.50,,,,moderate,the trait was not extracted for this species
"species present, trait missing",Enicmus atriceps,Dead-wood decay,3.00,,,,moderate,the trait was not extracted for this species
"species present, trait missing",Epuraea neglecta,Dead-wood decay,1.60,,,,moderate,the trait was not extracted for this species
"species present, trait missing",Clytus lama,Diameter,1.50,,,,moderate,the trait was not extracted for this species
"species present, trait missing",Corticaria longicollis,Dead-wood decay,4.29,,,,moderate,the trait was not extracted for this species
"species present, trait missing",Colydium elongatum,Diameter,2.50,,,,moderate,the trait was not extracted for this species
"species present, trait missing",Anthaxia quadripunctata,Diameter,1.2,,,,moderate,the trait was not extracted for this species
"species present, trait missing",Protaetia lugubris,Dead-wood decay,4.2,,,,moderate,the trait was not extracted for this species
"species present, trait missing",Ischnomera sanguinicollis,Diameter,3.80,,,,moderate,the trait was not extracted for this species
"species present, trait missing",Tropideres albirostris,Dead-wood decay,2.25,,,,moderate,the trait was not extracted for this species
"species present, trait missing",Agathidium nigripenne,Diameter,2.00,,,,moderate,the trait was not extracted for this species
"species present, trait missing",Henoticus serratus,Diameter,2.50,,,,moderate,the trait was not extracted for this species
"species present, trait missing",Acritus minutus,Diameter,2.80,,,,moderate,the trait was not extracted for this species
"species present, trait missing",Grynobius planus,Diameter,2.29,,,,moderate,the trait was not extracted for this species
"species present, trait missing",Globicornis nigripes,Dead-wood decay,3.50,,,,moderate,the trait was not extracted for this species
"species present, trait missing",Malthodes crassicornis,Dead-wood decay,3.2,,,,moderate,the trait was not extracted for this species
"species present, trait missing",Triplax aenea,Dead-wood decay,3.40,,,,moderate,the trait was not extracted for this species
"species present, trait missing",Lyctus brunneus,Dead-wood decay,2.50,,,,moderate,the trait was not extracted for this species
"species present, trait missing",Allecula morio,Diameter,3.50,,,,moderate,the trait was not extracted for this species
"species present, trait missing",Ips cembrae,Diameter,2.17,,,,moderate,the trait was not extracted for this species
"species present, trait missing",Xyleborus monographus,Diameter,2.50,,,,moderate,the trait was not extracted for this species
"species present, trait missing",Ips sexdentatus,Dead-wood decay,1.75,,,,moderate,the trait was not extracted for this species
"species present, trait missing",Scolytus multistriatus,Diameter,1.67,,,,moderate,the trait was not extracted for this species
"species present, trait missing",Ernobius abietis,Diameter,1.00,,,,moderate,the trait was not extracted for this species
"species present, trait missing",Malthodes pumilus,Dead-wood decay,3.2,,,,moderate,the trait was not extracted for this species
"species present, trait missing",Crypturgus hispidulus,Diameter,2.2,,,,moderate,the trait was not extracted for this species
"species present, trait missing",Enicmus testaceus,Dead-wood decay,3.00,,,,moderate,the trait was not extracted for this species
"species present, trait missing",Oxylaemus variolosus,Diameter,3.80,,,,moderate,the trait was not extracted for this species
"species present, trait missing",Uloma rufa,Diameter,2.50,,,,moderate,the trait was not extracted for this species
"species present, trait missing",Dasytes cyaneus,Diameter,1.86,,,,moderate,the trait was not extracted for this species
"species present, trait missing",Triplax rufipes,Dead-wood decay,3.40,,,,moderate,the trait was not extracted for this species
"species present, trait missing",Nacerdes carniolica,Diameter,2.50,,,,moderate,the trait was not extracted for this species
"species present, trait missing",Cis fissicornis,Diameter,2.50,,,,moderate,the trait was not extracted for this species
"species present, trait missing",Anaglyptus mysticus,Dead-wood decay,2.75,,,,moderate,the trait was not extracted for this species
"species present, trait missing",Rhizophagus brancsiki,Dead-wood decay,4.17,,,,moderate,the trait was not extracted for this species
"species present, trait missing",Baeocrara variolosa,Dead-wood decay,4.50,,,,moderate,the trait was not extracted for this species
"species present, trait missing",Mycetina cruciata,Dead-wood decay,3.50,,,,moderate,the trait was not extracted for this species
"species present, trait missing",Symbiotes armatus,Dead-wood decay,4.00,,,,moderate,the trait was not extracted for this species
"species present, trait missing",Quedius microps,Dead-wood decay,4.00,,,,moderate,the trait was not extracted for this species
"species present, trait missing",Bolitochara obliqua,Diameter,2.33,,,,moderate,the trait was not extracted for this species
"species present, trait missing",Mycetochara linearis,Diameter,3.00,,,,moderate,the trait was not extracted for this species
"species present, trait missing",Xylotrechus antilope,Diameter,1.2,,,,moderate,the trait was not extracted for this species
"species present, trait missing",Paromalus flavicornis,Diameter,3.00,,,,moderate,the trait was not extracted for this species
"species present, trait missing",Uleiota planata,Diameter,2.00,,,,moderate,the trait was not extracted for this species
"species present, trait missing",Cychramus variegatus,Dead-wood decay,3.40,,,,moderate,the trait was not extracted for this species
"species present, trait missing",Grammoptera ustulata,Dead-wood decay,3.00,,,,moderate,the trait was not extracted for this species
"species present, trait missing",Cis hispidus,Diameter,2.50,,,,moderate,the trait was not extracted for this species
"species present, trait missing",Dromaeolus barnabita,Dead-wood decay,3.60,,,,moderate,the trait was not extracted for this species
"species present, trait missing",Ampedus sanguineus,Dead-wood decay,3.40,,,,moderate,the trait was not extracted for this species
"species present, trait missing",Diaperis boleti,Diameter,2.50,,,,moderate,the trait was not extracted for this species
"species present, trait missing",Arhopalus rusticus,Diameter,2.50,,,,moderate,the trait was not extracted for this species
"species present, trait missing",Ampedus nigerrimus,Diameter,3.00,,,,moderate,the trait was not extracted for this species
"species present, trait missing",Grammoptera ruficornis,Diameter,1.00,,,,moderate,the trait was not extracted for this species
"species present, trait missing",Enicmus fungicola,Dead-wood decay,3.75,,,,moderate,the trait was not extracted for this species
"species present, trait missing",Xylopertha retusa,Dead-wood decay,2.00,,,,moderate,the trait was not extracted for this species
"species present, trait missing",Acalles hypocrita,Dead-wood decay,3.25,,,,moderate,the trait was not extracted for this species
"species present, trait missing",Anisotoma castanea,Dead-wood decay,4.00,,,,moderate,the trait was not extracted for this species
"species present, trait missing",Ptenidium turgidum,Dead-wood decay,4.00,,,,moderate,the trait was not extracted for this species
"species present, trait missing",Litargus balteatus,Diameter,2.00,,,,moderate,the trait was not extracted for this species
"species present, trait missing",Pityogenes quadridens,Diameter,1.00,,,,moderate,the trait was not extracted for this species
"species present, trait missing",Dasytes obscurus,Dead-wood decay,3.2,,,,moderate,the trait was not extracted for this species
"species present, trait missing",Anobium nitidum,Diameter,3.00,,,,moderate,the trait was not extracted for this species
"species present, trait missing",Epuraea guttata,Dead-wood decay,1.14,,,,moderate,the trait was not extracted for this species
"species present, trait missing",Malthodes guttifer,Diameter,2.29,,,,moderate,the trait was not extracted for this species
"species present, trait missing",Melandrya dubia,Diameter,2.29,,,,moderate,the trait was not extracted for this species
"species present, trait missing",Nossidium pilosellum,Dead-wood decay,4.50,,,,moderate,the trait was not extracted for this species
"species present, trait missing",Xylita livida,Diameter,2.50,,,,moderate,the trait was not extracted for this species
"species present, trait missing",Cossonus parallelepipedus,Diameter,3.80,,,,moderate,the trait was not extracted for this species
"species present, trait missing",Atomaria turgida,Dead-wood decay,2.00,,,,moderate,the trait was not extracted for this species
"species present, trait missing",Stenostola dubia,Dead-wood decay,3.00,,,,moderate,the trait was not extracted for this species
"species present, trait missing",Priobium carpini,Dead-wood decay,3.25,,,,moderate,the trait was not extracted for this species
"species present, trait missing",Dorcatoma substriata,Diameter,2.50,,,,moderate,the trait was not extracted for this species
"species present, trait missing",Euglenes oculatus,Diameter,3.80,,,,moderate,the trait was not extracted for this species
"species present, trait missing",Megatoma undata,Diameter,3.00,,,,moderate,the trait was not extracted for this species
"species present, trait missing",Mycetophagus salicis,Diameter,3.00,,,,moderate,the trait was not extracted for this species
"species present, trait missing",Rabocerus foveolatus,Dead-wood decay,2.00,,,,moderate,the trait was not extracted for this species
"species present, trait missing",Crypturgus subcribosus,Diameter,2.00,,,,moderate,the trait was not extracted for this species
"species present, trait missing",Ptinella aptera,Diameter,2.50,,,,moderate,the trait was not extracted for this species
"species present, trait missing",Malthodes brevicollis,Dead-wood decay,3.2,,,,moderate,the trait was not extracted for this species
"species present, trait missing",Gyrophaena boleti,Dead-wood decay,3.25,,,,moderate,the trait was not extracted for this species
"species present, trait missing",Xylita laevigata,Diameter,2.50,,,,moderate,the trait was not extracted for this species
"species present, trait missing",Dorcatoma chrysomelina,Dead-wood decay,3.40,,,,moderate,the trait was not extracted for this species
"species present, trait missing",Ennearthron cornutum,Dead-wood decay,3.40,,,,moderate,the trait was not extracted for this species
"species present, trait missing",Synchita humeralis,Diameter,2.29,,,,moderate,the trait was not extracted for this species
"species present, trait missing",Orchesia minor,Dead-wood decay,3.40,,,,moderate,the trait was not extracted for this species
"species present, trait missing",Tenebroides fuscus,Dead-wood decay,2.80,,,,moderate,the trait was not extracted for this species
"species present, trait missing",Epuraea longula,Diameter,2.2,,,,moderate,the trait was not extracted for this species
"species present, trait missing",Abraeus granulum,Dead-wood decay,4.00,,,,moderate,the trait was not extracted for this species
"species present, trait missing",Orthocis alni,Dead-wood decay,2.75,,,,moderate,the trait was not extracted for this species
"species present, trait missing",Cortodera humeralis,Diameter,1.2,,,,moderate,the trait was not extracted for this species
"species present, trait missing",Pyropterus nigroruber,Dead-wood decay,4.00,,,,moderate,the trait was not extracted for this species
"species present, trait missing",Hylobius abietis,Dead-wood decay,2.00,,,,moderate,the trait was not extracted for this species
"species present, trait missing",Vincenzellus ruficollis,Dead-wood decay,2.40,,,,moderate,the trait was not extracted for this species
"species present, trait missing",Coxelus pictus,Dead-wood decay,3.40,,,,moderate,the trait was not extracted for this species
"species present, trait missing",Variimorda villosa,Diameter,2.33,,,,moderate,the trait was not extracted for this species
"species present, trait missing",Gnorimus nobilis,Diameter,3.80,,,,moderate,the trait was not extracted for this species
"species present, trait missing",Anaspis thoracica,Dead-wood decay,4.00,,,,moderate,the trait was not extracted for this species
"species present, trait missing",Tomoxia bucephala,Dead-wood decay,3.00,,,,moderate,the trait was not extracted for this species
"species present, trait missing",Mesosa nebulosa,Diameter,1.2,,,,moderate,the trait was not extracted for this species
"species present, trait missing",Tetrops praeustus,Dead-wood decay,2.50,,,,moderate,the trait was not extracted for this species
"species present, trait missing",Acalles camelus,Diameter,2.00,,,,moderate,the trait was not extracted for this species
"species present, trait missing",Leptusa pulchella,Diameter,2.60,,,,moderate,the trait was not extracted for this species
"species present, trait missing",Abraeus perpusillus,Dead-wood decay,4.00,,,,moderate,the trait was not extracted for this species
"species present, trait missing",Ropalodontus perforatus,Dead-wood decay,3.25,,,,moderate,the trait was not extracted for this species
"species present, trait missing",Salpingus planirostris,Dead-wood decay,2.25,,,,moderate,the trait was not extracted for this species
"species present, trait missing",Scolytus laevis,Dead-wood decay,1.75,,,,moderate,the trait was not extracted for this species
"species present, trait missing",Allecula rhenana,Diameter,3.50,,,,moderate,the trait was not extracted for this species
"species present, trait missing",Orthoperus nigrescens,Dead-wood decay,3.29,,,,moderate,the trait was not extracted for this species
"species present, trait missing",Phloeostichus denticollis,Dead-wood decay,1.50,,,,moderate,the trait was not extracted for this species
"species present, trait missing",Cyanostolus aeneus,Dead-wood decay,2.00,,,,moderate,the trait was not extracted for this species
"species present, trait missing",Molorchus minor,Dead-wood decay,2.00,,,,moderate,the trait was not extracted for this species
"species present, trait missing",Quedius truncicola,Diameter,3.75,,,,moderate,the trait was not extracted for this species
"species present, trait missing",Triplax russica,Diameter,3.00,,,,moderate,the trait was not extracted for this species
"species present, trait missing",Malthodes flavoguttatus,Dead-wood decay,3.2,,,,moderate,the trait was not extracted for this species
"species present, trait missing",Stereocorynes truncorum,Dead-wood decay,3.00,,,,moderate,the trait was not extracted for this species
"species present, trait missing",Plegaderus caesus,Diameter,3.00,,,,moderate,the trait was not extracted for this species
"species present, trait missing",Xyleborus saxeseni,Dead-wood decay,2.00,,,,moderate,the trait was not extracted for this species
"species present, trait missing",Exocentrus lusitanus,Diameter,1.00,,,,moderate,the trait was not extracted for this species
"species present, trait missing",Taphrorychus bicolor,Dead-wood decay,2.00,,,,moderate,the trait was not extracted for this species
"species present, trait missing",Ptinus rufipes,Diameter,1.86,,,,moderate,the trait was not extracted for this species
"species present, trait missing",Nosodendron fasciculare,Dead-wood decay,1.50,,,,moderate,the trait was not extracted for this species
"species present, trait missing",Lymantor coryli,Diameter,1.00,,,,moderate,the trait was not extracted for this species
"species present, trait missing",Sepedophilus testaceus,Diameter,2.33,,,,moderate,the trait was not extracted for this species
"species present, trait missing",Agrilus viridis,Diameter,1.80,,,,moderate,the trait was not extracted for this species
"species present, trait missing",Cerylon ferrugineum,Diameter,2.50,,,,moderate,the trait was not extracted for this species
"species present, trait missing",Pogonocherus fasciculatus,Diameter,1.00,,,,moderate,the trait was not extracted for this species
"species present, trait missing",Corticeus bicolor,Dead-wood decay,2.25,,,,moderate,the trait was not extracted for this species
"species present, trait missing",Orchesia undulata,Diameter,2.50,,,,moderate,the trait was not extracted for this species
"species present, trait missing",Ampedus quercicola,Diameter,2.50,,,,moderate,the trait was not extracted for this species
"species present, trait missing",Atomaria ornata,Diameter,1.00,,,,moderate,the trait was not extracted for this species
"species present, trait missing",Triplax lepida,Dead-wood decay,3.40,,,,moderate,the trait was not extracted for this species
"species present, trait missing",Dacne bipustulata,Dead-wood decay,3.17,,,,moderate,the trait was not extracted for this species
"species present, trait missing",Anobium inexspectatum,Diameter,1.00,,,,moderate,the trait was not extracted for this species
"species present, trait missing",Sphindus dubius,Diameter,2.50,,,,moderate,the trait was not extracted for this species
"species present, trait missing",Platycis minutus,Dead-wood decay,4.00,,,,moderate,the trait was not extracted for this species
"species present, trait missing",Episernus granulatus,Diameter,1.00,,,,moderate,the trait was not extracted for this species
"species present, trait missing",Stenagostus rhombeus,Dead-wood decay,3.40,,,,moderate,the trait was not extracted for this species
"species present, trait missing",Cryphalus intermedius,Dead-wood decay,2.00,,,,moderate,the trait was not extracted for this species
"species present, trait missing",Hylis foveicollis,Dead-wood decay,3.50,,,,moderate,the trait was not extracted for this species
"species present, trait missing",Epuraea pygmaea,Diameter,2.00,,,,moderate,the trait was not extracted for this species
"species present, trait missing",Phloeocharis subtilissima,Dead-wood decay,3.00,,,,moderate,the trait was not extracted for this species
"species present, trait missing",Ampedus elongatulus,Dead-wood decay,3.67,,,,moderate,the trait was not extracted for this species
"species present, trait missing",Rhizophagus picipes,Diameter,2.00,,,,moderate,the trait was not extracted for this species
"species present, trait missing",Mycetophagus decempunctatus,Diameter,3.00,,,,moderate,the trait was not extracted for this species
"species present, trait missing",Euryusa castanoptera,Dead-wood decay,2.00,,,,moderate,the trait was not extracted for this species
"species present, trait missing",Anobium fulvicorne,Diameter,1.2,,,,moderate,the trait was not extracted for this species
"species present, trait missing",Attagenus punctatus,Dead-wood decay,3.50,,,,moderate,the trait was not extracted for this species
"species present, trait missing",Acalles pyrenaeus,Diameter,1.2,,,,moderate,the trait was not extracted for this species
"species present, trait missing",Dermestoides sanguinicollis,Diameter,3.80,,,,moderate,the trait was not extracted for this species
"species present, trait missing",Phymatodes pusillus,Diameter,1.00,,,,moderate,the trait was not extracted for this species
"species present, trait missing",Chrysanthia viridissima,Diameter,1.2,,,,moderate,the trait was not extracted for this species
"species present, trait missing",Ampedus sanguinolentus,Diameter,2.29,,,,moderate,the trait was not extracted for this species
"species present, trait missing",Euryusa optabilis,Diameter,3.00,,,,moderate,the trait was not extracted for this species
"species present, trait missing",Cicones undatus,Dead-wood decay,3.25,,,,moderate,the trait was not extracted for this species
"species present, trait missing",Acalles commutatus,Diameter,1.2,,,,moderate,the trait was not extracted for this species
"species present, trait missing",Ischnomera cinerascens,Dead-wood decay,3.40,,,,moderate,the trait was not extracted for this species
"species present, trait missing",Anaspis ruficollis,Dead-wood decay,4.00,,,,moderate,the trait was not extracted for this species
"species present, trait missing",Epuraea thoracica,Diameter,1.80,,,,moderate,the trait was not extracted for this species
"species present, trait missing",Epuraea laeviuscula,Diameter,2.50,,,,moderate,the trait was not extracted for this species
"species present, trait missing",Endophloeus markovichianus,Dead-wood decay,2.83,,,,moderate,the trait was not extracted for this species
"species present, trait missing",Ampedus sinuatus,Dead-wood decay,3.40,,,,moderate,the trait was not extracted for this species
"species present, trait missing",Glischrochilus quadriguttatus,Diameter,2.2,,,,moderate,the trait was not extracted for this species
"species present, trait missing",Anobium pertinax,Diameter,3.00,,,,moderate,the trait was not extracted for this species
"species present, trait missing",Anthaxia salicis,Diameter,1.2,,,,moderate,the trait was not extracted for this species
"species present, trait missing",Mordellochroa abdominalis,Diameter,2.29,,,,moderate,the trait was not extracted for this species
"species present, trait missing",Malthinus facialis,Diameter,2.29,,,,moderate,the trait was not extracted for this species
"species present, trait missing",Epuraea muehli,Dead-wood decay,2.00,,,,moderate,the trait was not extracted for this species
"species present, trait missing",Triphyllus bicolor,Dead-wood decay,3.50,,,,moderate,the trait was not extracted for this species
"species present, trait missing",Salpingus ruficollis,Dead-wood decay,2.25,,,,moderate,the trait was not extracted for this species
"species present, trait missing",Rhagium mordax,Diameter,2.50,,,,moderate,the trait was not extracted for this species
"species present, trait missing",Hallomenus binotatus,Dead-wood decay,3.40,,,,moderate,the trait was not extracted for this species
"species present, trait missing",Laemophloeus kraussi,Dead-wood decay,2.25,,,,moderate,the trait was not extracted for this species
"species present, trait missing",Anomognathus cuspidatus,Dead-wood decay,2.75,,,,moderate,the trait was not extracted for this species
"species present, trait missing",Thanasimus formicarius,Dead-wood decay,2.25,,,,moderate,the trait was not extracted for this species
"species present, trait missing",Cryptophagus dorsalis,Dead-wood decay,4.00,,,,moderate,the trait was not extracted for this species
"species present, trait missing",Diplocoelus fagi,Diameter,2.29,,,,moderate,the trait was not extracted for this species
"species present, trait missing",Malachius bipustulatus,Diameter,2.29,,,,moderate,the trait was not extracted for this species
"species present, trait missing",Anastrangalia sanguinolenta,Diameter,2.29,,,,moderate,the trait was not extracted for this species
"species present, trait missing",Pityogenes bidentatus,Diameter,1.00,,,,moderate,the trait was not extracted for this species
"species present, trait missing",Xylophilus corticalis,Diameter,2.71,,,,moderate,the trait was not extracted for this species
"species present, trait missing",Cis rugulosus,Diameter,2.50,,,,moderate,the trait was not extracted for this species
"species present, trait missing",Placusa depressa,Dead-wood decay,2.25,,,,moderate,the trait was not extracted for this species
"species present, trait missing",Kissophagus hederae,Diameter,1.00,,,,moderate,the trait was not extracted for this species
"species present, trait missing",Agrilus auricollis,Diameter,1.00,,,,moderate,the trait was not extracted for this species
"species present, trait missing",Phloeopora corticalis,Dead-wood decay,2.25,,,,moderate,the trait was not extracted for this species
"species present, trait missing",Malthinus biguttatus,Dead-wood decay,3.2,,,,moderate,the trait was not extracted for this species
"species present, trait missing",Pityokteines spinidens,Dead-wood decay,1.75,,,,moderate,the trait was not extracted for this species
"species present, trait missing",Cryptophagus micaceus,Dead-wood decay,4.60,,,,moderate,the trait was not extracted for this species
"species present, trait missing",Hylastes angustatus,Dead-wood decay,2.00,,,,moderate,the trait was not extracted for this species
"species present, trait missing",Leperisinus fraxini,Diameter,2.71,,,,moderate,the trait was not extracted for this species
"species present, trait missing",Dasytes fusculus,Diameter,1.86,,,,moderate,the trait was not extracted for this species
"species present, trait missing",Agrilus olivicolor,Dead-wood decay,2.00,,,,moderate,the trait was not extracted for this species
"species present, trait missing",Alosterna tabacicolor,Dead-wood decay,3.60,,,,moderate,the trait was not extracted for this species
"species present, trait missing",Hylurgops palliatus,Dead-wood decay,2.00,,,,moderate,the trait was not extracted for this species
"species present, trait missing",Rhizophagus dispar,Diameter,2.50,,,,moderate,the trait was not extracted for this species
"species present, trait missing",Symbiotes latus,Diameter,3.2,,,,moderate,the trait was not extracted for this species
"species present, trait missing",Choragus horni,Diameter,2.29,,,,moderate,the trait was not extracted for this species
"species present, trait missing",Agrilus angustulus,Dead-wood decay,2.00,,,,moderate,the trait was not extracted for this species
"species present, trait missing",Acalles lemur,Diameter,1.2,,,,moderate,the trait was not extracted for this species
"species present, trait missing",Orthoperus brunnipes,Diameter,1.86,,,,moderate,the trait was not extracted for this species
"species present, trait missing",Wagaicis wagai,Dead-wood decay,3.25,,,,moderate,the trait was not extracted for this species
"species present, trait missing",Conopalpus brevicollis,Diameter,1.00,,,,moderate,the trait was not extracted for this species
"species present, trait missing",Enicmus atriceps,Diameter,1.86,,,,moderate,the trait was not extracted for this species
"species present, trait missing",Orchesia fasciata,Dead-wood decay,3.40,,,,moderate,the trait was not extracted for this species
"species present, trait missing",Hylastes cunicularius,Dead-wood decay,2.00,,,,moderate,the trait was not extracted for this species
"species present, trait missing",Corticaria longicollis,Diameter,3.00,,,,moderate,the trait was not extracted for this species
"species present, trait missing",Melandrya barbata,Dead-wood decay,3.40,,,,moderate,the trait was not extracted for this species
"species present, trait missing",Callimus angulatus,Dead-wood decay,3.00,,,,moderate,the trait was not extracted for this species
"species present, trait missing",Neuraphes ruthenus,Dead-wood decay,4.00,,,,moderate,the trait was not extracted for this species
"species present, trait missing",Leptophloeus alternans,Dead-wood decay,2.00,,,,moderate,the trait was not extracted for this species
"species present, trait missing",Prionus coriarius,Dead-wood decay,3.00,,,,moderate,the trait was not extracted for this species
"species present, trait missing",Nacerdes melanura,Dead-wood decay,3.40,,,,moderate,the trait was not extracted for this species
"species present, trait missing",Ampedus nigrinus,Dead-wood decay,3.67,,,,moderate,the trait was not extracted for this species
"species present, trait missing",Hypebaeus flavipes,Dead-wood decay,3.50,,,,moderate,the trait was not extracted for this species
"species present, trait missing",Globicornis corticalis,Diameter,3.2,,,,moderate,the trait was not extracted for this species
"species present, trait missing",Tropideres albirostris,Diameter,1.2,,,,moderate,the trait was not extracted for this species
"species present, trait missing",Molorchus umbellatarum,Dead-wood decay,2.00,,,,moderate,the trait was not extracted for this species
"species present, trait missing",Rhysodes sulcatus,Dead-wood decay,3.40,,,,moderate,the trait was not extracted for this species
"species present, trait missing",Paromalus parallelepipedus,Dead-wood decay,2.00,,,,moderate,the trait was not extracted for this species
"species present, trait missing",Melanotus rufipes,Dead-wood decay,3.67,,,,moderate,the trait was not extracted for this species
"species present, trait missing",Hylesinus oleiperda,Dead-wood decay,2.00,,,,moderate,the trait was not extracted for this species
"species present, trait missing",Leptusa fumida,Diameter,2.60,,,,moderate,the trait was not extracted for this species
"species present, trait missing",Malthodes crassicornis,Diameter,2.29,,,,moderate,the trait was not extracted for this species
"species present, trait missing",Litargus connexus,Diameter,2.29,,,,moderate,the trait was not extracted for this species
"species present, trait missing",Allecula rhenana,Dead-wood decay,4.60,,,,moderate,the trait was not extracted for this species
"species present, trait missing",Lyctus brunneus,Diameter,2.50,,,,moderate,the trait was not extracted for this species
"species present, trait missing",Ptilinus fuscus,Dead-wood decay,3.00,,,,moderate,the trait was not extracted for this species
"species present, trait missing",Hololepta plana,Dead-wood decay,2.40,,,,moderate,the trait was not extracted for this species
"species present, trait missing",Magdalis armigera,Dead-wood decay,2.00,,,,moderate,the trait was not extracted for this species
"species present, trait missing",Rhagium inquisitor,Dead-wood decay,2.40,,,,moderate,the trait was not extracted for this species
"species present, trait missing",Stephostethus alternans,Dead-wood decay,3.00,,,,moderate,the trait was not extracted for this species
"species present, trait missing",Rhizophagus bipustulatus,Dead-wood decay,2.50,,,,moderate,the trait was not extracted for this species
"species present, trait missing",Ips sexdentatus,Diameter,2.29,,,,moderate,the trait was not extracted for this species
"species present, trait missing",Ampedus cinnabarinus,Dead-wood decay,3.40,,,,moderate,the trait was not extracted for this species
species not in prediction,Acallocrates denticollis,Diameter,1.2,,Acalles micros,0.63,severe,species not extracted at all
"species present, trait missing",Dryophthorus corticalis,Dead-wood decay,3.40,,,,moderate,the trait was not extracted for this species
"species present, trait missing",Malthodes pumilus,Diameter,2.29,,,,moderate,the trait was not extracted for this species
"species present, trait missing",Mesocoelopus niger,Dead-wood decay,3.00,,,,moderate,the trait was not extracted for this species
"species present, trait missing",Enicmus testaceus,Diameter,1.67,,,,moderate,the trait was not extracted for this species
"species present, trait missing",Dasytes niger,Dead-wood decay,3.2,,,,moderate,the trait was not extracted for this species
"species present, trait missing",Ernoporicus fagi,Dead-wood decay,2.00,,,,moderate,the trait was not extracted for this species
"species present, trait missing",Malthinus seriepunctatus,Dead-wood decay,3.2,,,,moderate,the trait was not extracted for this species
"species present, trait missing",Triplax rufipes,Diameter,2.29,,,,moderate,the trait was not extracted for this species
"species present, trait missing",Enedreutes sepicola,Diameter,1.00,,,,moderate,the trait was not extracted for this species
"species present, trait missing",Anaglyptus mysticus,Diameter,1.86,,,,moderate,the trait was not extracted for this species
"species present, trait missing",Pityokteines curvidens,Dead-wood decay,1.75,,,,moderate,the trait was not extracted for this species
"species present, trait missing",Lucanus cervus,Diameter,3.00,,,,moderate,the trait was not extracted for this species
"species present, trait missing",Mycetina cruciata,Diameter,3.00,,,,moderate,the trait was not extracted for this species
"species present, trait missing",Symbiotes armatus,Diameter,3.50,,,,moderate,the trait was not extracted for this species
"species present, trait missing",Phymatodes alni,Dead-wood decay,2.00,,,,moderate,the trait was not extracted for this species
"species present, trait missing",Dorcatoma minor,Dead-wood decay,3.25,,,,moderate,the trait was not extracted for this species
"species present, trait missing",Cychramus variegatus,Diameter,3.00,,,,moderate,the trait was not extracted for this species
"species present, trait missing",Dromaeolus barnabita,Diameter,2.29,,,,moderate,the trait was not extracted for this species
"species present, trait missing",Anobium emarginatum,Dead-wood decay,1.80,,,,moderate,the trait was not extracted for this species
"species present, trait missing",Cryptophagus lysholmi,Dead-wood decay,4.17,,,,moderate,the trait was not extracted for this species
"species present, trait missing",Ostoma ferruginea,Dead-wood decay,3.40,,,,moderate,the trait was not extracted for this species
"species present, trait missing",Phthorophloeus spinulosus,Dead-wood decay,2.00,,,,moderate,the trait was not extracted for this species
"species present, trait missing",Ampedus sanguineus,Diameter,3.00,,,,moderate,the trait was not extracted for this species
"species present, trait missing",Ampedus elegantulus,Diameter,3.50,,,,moderate,the trait was not extracted for this species
"species present, trait missing",Rhizophagus grandis,Dead-wood decay,2.00,,,,moderate,the trait was not extracted for this species
"species present, trait missing",Valgus hemipterus,Dead-wood decay,3.50,,,,moderate,the trait was not extracted for this species
"species present, trait missing",Orthocis vestitus,Dead-wood decay,3.00,,,,moderate,the trait was not extracted for this species
"species present, trait missing",Pityogenes chalcographus,Dead-wood decay,1.75,,,,moderate,the trait was not extracted for this species
"species present, trait missing",Enicmus fungicola,Diameter,2.50,,,,moderate,the trait was not extracted for this species
"species present, trait missing",Denticollis rubens,Diameter,2.29,,,,moderate,the trait was not extracted for this species
"species present, trait missing",Ernobius abietinus,Dead-wood decay,1.86,,,,moderate,the trait was not extracted for this species
"species present, trait missing",Polygraphus grandiclava,Dead-wood decay,2.00,,,,moderate,the trait was not extracted for this species
"species present, trait missing",Eucnemis capucina,Dead-wood decay,3.50,,,,moderate,the trait was not extracted for this species
"species present, trait missing",Tomicus piniperda,Diameter,2.29,,,,moderate,the trait was not extracted for this species
"species present, trait missing",Dasytes obscurus,Diameter,1.86,,,,moderate,the trait was not extracted for this species
"species present, trait missing",Trichius fasciatus,Dead-wood decay,3.50,,,,moderate,the trait was not extracted for this species
"species present, trait missing",Epuraea guttata,Diameter,3.00,,,,moderate,the trait was not extracted for this species
"species present, trait missing",Mycetophagus quadripustulatus,Dead-wood decay,3.40,,,,moderate,the trait was not extracted for this species
"species present, trait missing",Ischnomera caerulea,Dead-wood decay,3.40,,,,moderate,the trait was not extracted for this species
"species present, trait missing",Atomaria diluta,Dead-wood decay,3.29,,,,moderate,the trait was not extracted for this species
"species present, trait missing",Dirhagus lepidus,Dead-wood decay,3.50,,,,moderate,the trait was not extracted for this species
"species present, trait missing",Atomaria turgida,Diameter,1.00,,,,moderate,the trait was not extracted for this species
"species present, trait missing",Stenostola dubia,Diameter,1.00,,,,moderate,the trait was not extracted for this species
"species present, trait missing",Priobium carpini,Diameter,2.71,,,,moderate,the trait was not extracted for this species
"species present, trait missing",Stenomax aeneus,Dead-wood decay,3.50,,,,moderate,the trait was not extracted for this species
"species present, trait missing",Rabocerus foveolatus,Diameter,1.2,,,,moderate,the trait was not extracted for this species
"species present, trait missing",Leptura aurulenta,Dead-wood decay,3.25,,,,moderate,the trait was not extracted for this species
"species present, trait missing",Dorcus parallelipipedus,Dead-wood decay,3.40,,,,moderate,the trait was not extracted for this species
"species present, trait missing",Xyleborus dispar,Dead-wood decay,2.00,,,,moderate,the trait was not extracted for this species
"species present, trait missing",Malthodes brevicollis,Diameter,2.29,,,,moderate,the trait was not extracted for this species
"species present, trait missing",Gyrophaena boleti,Diameter,2.60,,,,moderate,the trait was not extracted for this species
"species present, trait missing",Dorcatoma chrysomelina,Diameter,3.80,,,,moderate,the trait was not extracted for this species
"species present, trait missing",Aplocnemus tarsalis,Dead-wood decay,2.50,,,,moderate,the trait was not extracted for this species
"species present, trait missing",Saperda populnea,Dead-wood decay,1.00,,,,moderate,the trait was not extracted for this species
"species present, trait missing",Ennearthron cornutum,Diameter,2.29,,,,moderate,the trait was not extracted for this species
"species present, trait missing",Abraeus granulum,Diameter,3.00,,,,moderate,the trait was not extracted for this species
"species present, trait missing",Orthocis alni,Diameter,1.00,,,,moderate,the trait was not extracted for this species
"species present, trait missing",Diacanthous undulatus,Dead-wood decay,3.40,,,,moderate,the trait was not extracted for this species
"species present, trait missing",Taphrorychus villifrons,Dead-wood decay,2.00,,,,moderate,the trait was not extracted for this species
"species present, trait missing",Hylobius abietis,Diameter,2.50,,,,moderate,the trait was not extracted for this species
"species present, trait missing",Vincenzellus ruficollis,Diameter,2.00,,,,moderate,the trait was not extracted for this species
"species present, trait missing",Coxelus pictus,Diameter,1.50,,,,moderate,the trait was not extracted for this species
"species present, trait missing",Dissoleucas niveirostris,Dead-wood decay,3.00,,,,moderate,the trait was not extracted for this species
"species present, trait missing",Anaspis thoracica,Diameter,2.29,,,,moderate,the trait was not extracted for this species
"species present, trait missing",Tomoxia bucephala,Diameter,2.29,,,,moderate,the trait was not extracted for this species
"species present, trait missing",Evodinus clathratus,Dead-wood decay,3.00,,,,moderate,the trait was not extracted for this species
"species present, trait missing",Abraeus perpusillus,Diameter,3.2,,,,moderate,the trait was not extracted for this species
"species present, trait missing",Scolytus laevis,Diameter,1.2,,,,moderate,the trait was not extracted for this species
"species present, trait missing",Epuraea binotata,Diameter,1.2,,,,moderate,the trait was not extracted for this species
"species present, trait missing",Dinaraea aequata,Dead-wood decay,3.50,,,,moderate,the trait was not extracted for this species
"species present, trait missing",Orthoperus nigrescens,Diameter,1.67,,,,moderate,the trait was not extracted for this species
"species present, trait missing",Phloeostichus denticollis,Diameter,2.29,,,,moderate,the trait was not extracted for this species
"species present, trait missing",Molorchus minor,Diameter,1.2,,,,moderate,the trait was not extracted for this species
"species present, trait missing",Colydium elongatum,Dead-wood decay,2.00,,,,moderate,the trait was not extracted for this species
"species present, trait missing",Anthaxia quadripunctata,Dead-wood decay,1.75,,,,moderate,the trait was not extracted for this species
"species present, trait missing",Malthodes spathifer,Dead-wood decay,3.2,,,,moderate,the trait was not extracted for this species
"species present, trait missing",Corticaria alleni,Dead-wood decay,3.80,,,,moderate,the trait was not extracted for this species
"species present, trait missing",Malthodes flavoguttatus,Diameter,2.29,,,,moderate,the trait was not extracted for this species
"species present, trait missing",Stereocorynes truncorum,Diameter,3.00,,,,moderate,the trait was not extracted for this species
"species present, trait missing",Hylis olexai,Dead-wood decay,3.50,,,,moderate,the trait was not extracted for this species
"species present, trait missing",Xyleborus saxeseni,Diameter,2.29,,,,moderate,the trait was not extracted for this species
"species present, trait missing",Nosodendron fasciculare,Diameter,3.00,,,,moderate,the trait was not extracted for this species
"species present, trait missing",Ceruchus chrysomelinus,Diameter,3.00,,,,moderate,the trait was not extracted for this species
"species present, trait missing",Corticeus bicolor,Diameter,2.2,,,,moderate,the trait was not extracted for this species
"species present, trait missing",Dorcatoma androgyna,Dead-wood decay,3.67,,,,moderate,the trait was not extracted for this species
"species present, trait missing",Triplax lepida,Diameter,2.00,,,,moderate,the trait was not extracted for this species
"species present, trait missing",Dacne bipustulata,Diameter,2.50,,,,moderate,the trait was not extracted for this species
"species present, trait missing",Acalles ptinoides,Diameter,1.2,,,,moderate,the trait was not extracted for this species
"species present, trait missing",Anobium costatum,Diameter,1.00,,,,moderate,the trait was not extracted for this species
"species present, trait missing",Platycis minutus,Diameter,2.50,,,,moderate,the trait was not extracted for this species
"species present, trait missing",Stenagostus rhombeus,Diameter,2.71,,,,moderate,the trait was not extracted for this species
"species present, trait missing",Cryphalus intermedius,Diameter,1.00,,,,moderate,the trait was not extracted for this species
"species present, trait missing",Phloeocharis subtilissima,Diameter,2.33,,,,moderate,the trait was not extracted for this species
"species present, trait missing",Rhizophagus perforatus,Dead-wood decay,2.00,,,,moderate,the trait was not extracted for this species
"species present, trait missing",Cis jacquemartii,Dead-wood decay,3.25,,,,moderate,the trait was not extracted for this species
"species present, trait missing",Pteryx suturalis,Diameter,3.00,,,,moderate,the trait was not extracted for this species
"species present, trait missing",Cetonia aurata,Dead-wood decay,4.00,,,,moderate,the trait was not extracted for this species
"species present, trait missing",Cis setiger,Dead-wood decay,3.25,,,,moderate,the trait was not extracted for this species
"species present, trait missing",Hapalaraea pygmaea,Dead-wood decay,4.00,,,,moderate,the trait was not extracted for this species
"species present, trait missing",Euglenes pygmaeus,Dead-wood decay,4.00,,,,moderate,the trait was not extracted for this species
"species present, trait missing",Atomaria elongatula,Dead-wood decay,3.80,,,,moderate,the trait was not extracted for this species
"species present, trait missing",Cis nitidus,Dead-wood decay,3.40,,,,moderate,the trait was not extracted for this species
"species present, trait missing",Euryusa castanoptera,Diameter,3.00,,,,moderate,the trait was not extracted for this species
"species present, trait missing",Lygistopterus sanguineus,Dead-wood decay,3.50,,,,moderate,the trait was not extracted for this species
"species present, trait missing",Attagenus punctatus,Diameter,3.80,,,,moderate,the trait was not extracted for this species
"species present, trait missing",Pteryngium crenatum,Dead-wood decay,3.00,,,,moderate,the trait was not extracted for this species
"species present, trait missing",Tetratoma desmarestii,Dead-wood decay,3.00,,,,moderate,the trait was not extracted for this species
"species present, trait missing",Cicones undatus,Diameter,1.80,,,,moderate,the trait was not extracted for this species
"species present, trait missing",Ischnomera cinerascens,Diameter,3.00,,,,moderate,the trait was not extracted for this species
"species present, trait missing",Mycetophagus fulvicollis,Dead-wood decay,3.80,,,,moderate,the trait was not extracted for this species
"species present, trait missing",Anaspis ruficollis,Diameter,2.29,,,,moderate,the trait was not extracted for this species
"species present, trait missing",Polygraphus poligraphus,Dead-wood decay,2.00,,,,moderate,the trait was not extracted for this species
"species present, trait missing",Anaspis maculata,Dead-wood decay,4.00,,,,moderate,the trait was not extracted for this species
"species present, trait missing",Quedius maurus,Dead-wood decay,4.60,,,,moderate,the trait was not extracted for this species
"species present, trait missing",Endophloeus markovichianus,Diameter,2.29,,,,moderate,the trait was not extracted for this species
"species present, trait missing",Cryptophagus labilis,Dead-wood decay,4.00,,,,moderate,the trait was not extracted for this species
"species present, trait missing",Mycetochara linearis,Dead-wood decay,4.29,,,,moderate,the trait was not extracted for this species
"species present, trait missing",Euthiconus conicicollis,Dead-wood decay,4.2,,,,moderate,the trait was not extracted for this species
"species present, trait missing",Ampedus sinuatus,Diameter,3.00,,,,moderate,the trait was not extracted for this species
"species present, trait missing",Uleiota planata,Dead-wood decay,2.50,,,,moderate,the trait was not extracted for this species
"species present, trait missing",Xyleborus alni,Dead-wood decay,2.00,,,,moderate,the trait was not extracted for this species
"species present, trait missing",Platycerus caprea,Dead-wood decay,3.40,,,,moderate,the trait was not extracted for this species
"species present, trait missing",Dorcatoma robusta,Dead-wood decay,3.25,,,,moderate,the trait was not extracted for this species
"species present, trait missing",Saperda scalaris,Diameter,2.00,,,,moderate,the trait was not extracted for this species
"species present, trait missing",Epuraea muehli,Diameter,1.2,,,,moderate,the trait was not extracted for this species
"species present, trait missing",Triphyllus bicolor,Diameter,3.00,,,,moderate,the trait was not extracted for this species
"species present, trait missing",Arhopalus rusticus,Dead-wood decay,2.50,,,,moderate,the trait was not extracted for this species
"species present, trait missing",Salpingus ruficollis,Diameter,2.00,,,,moderate,the trait was not extracted for this species
"species present, trait missing",Ampedus nigerrimus,Dead-wood decay,3.50,,,,moderate,the trait was not extracted for this species
"species present, trait missing",Laemophloeus kraussi,Diameter,1.2,,,,moderate,the trait was not extracted for this species
"species present, trait missing",Thanasimus rufipes,Dead-wood decay,2.25,,,,moderate,the trait was not extracted for this species
"species present, trait missing",Elater ferrugineus,Dead-wood decay,5.00,,,,moderate,the trait was not extracted for this species
"species present, trait missing",Pyrochroa serraticornis,Dead-wood decay,2.40,,,,moderate,the trait was not extracted for this species
"species present, trait missing",Anaspis costai,Diameter,2.29,,,,moderate,the trait was not extracted for this species
"species present, trait missing",Mycetochara flavipes,Dead-wood decay,3.83,,,,moderate,the trait was not extracted for this species
"species present, trait missing",Anomognathus cuspidatus,Diameter,2.33,,,,moderate,the trait was not extracted for this species
"species present, trait missing",Thanasimus formicarius,Diameter,2.29,,,,moderate,the trait was not extracted for this species
"species present, trait missing",Cryptophagus dorsalis,Diameter,3.2,,,,moderate,the trait was not extracted for this species
"species present, trait missing",Agrilus sulcicollis,Dead-wood decay,1.75,,,,moderate,the trait was not extracted for this species
"species present, trait missing",Placusa depressa,Diameter,2.60,,,,moderate,the trait was not extracted for this species
"species present, trait missing",Phloeopora corticalis,Diameter,2.00,,,,moderate,the trait was not extracted for this species
"species present, trait missing",Anobium nitidum,Dead-wood decay,3.00,,,,moderate,the trait was not extracted for this species
"species present, trait missing",Peltis grossa,Dead-wood decay,3.40,,,,moderate,the trait was not extracted for this species
"species present, trait missing",Pityokteines spinidens,Diameter,2.2,,,,moderate,the trait was not extracted for this species
"species present, trait missing",Schizotus pectinicornis,Dead-wood decay,2.50,,,,moderate,the trait was not extracted for this species
"species present, trait missing",Euglenes oculatus,Dead-wood decay,4.00,,,,moderate,the trait was not extracted for this species
"species present, trait missing",Megatoma undata,Dead-wood decay,3.50,,,,moderate,the trait was not extracted for this species
"species present, trait missing",Mycetophagus salicis,Dead-wood decay,3.50,,,,moderate,the trait was not extracted for this species
"species present, trait missing",Agrilus olivicolor,Diameter,1.00,,,,moderate,the trait was not extracted for this species
"species present, trait missing",Alosterna tabacicolor,Diameter,2.50,,,,moderate,the trait was not extracted for this species
"species present, trait missing",Xylita laevigata,Dead-wood decay,3.50,,,,moderate,the trait was not extracted for this species
"species present, trait missing",Hylurgops palliatus,Diameter,2.50,,,,moderate,the trait was not extracted for this species
"species present, trait missing",Anostirus sulphuripennis,Dead-wood decay,3.40,,,,moderate,the trait was not extracted for this species
"species present, trait missing",Agrilus angustulus,Diameter,1.00,,,,moderate,the trait was not extracted for this species
"species present, trait missing",Hypoganus inunctus,Dead-wood decay,3.40,,,,moderate,the trait was not extracted for this species
"species present, trait missing",Cis dentatus,Diameter,2.50,,,,moderate,the trait was not extracted for this species
"species present, trait missing",Wagaicis wagai,Diameter,2.50,,,,moderate,the trait was not extracted for this species
"species present, trait missing",Cis quadridens,Dead-wood decay,3.25,,,,moderate,the trait was not extracted for this species
"species present, trait missing",Laemophloeus monilis,Dead-wood decay,2.50,,,,moderate,the trait was not extracted for this species
"species present, trait missing",Cortodera humeralis,Dead-wood decay,3.50,,,,moderate,the trait was not extracted for this species
"species present, trait missing",Orchesia fasciata,Diameter,1.2,,,,moderate,the trait was not extracted for this species
"species present, trait missing",Hylastes cunicularius,Diameter,2.50,,,,moderate,the trait was not extracted for this species
"species present, trait missing",Pogonocherus hispidus,Dead-wood decay,2.25,,,,moderate,the trait was not extracted for this species
"species present, trait missing",Opilo mollis,Dead-wood decay,3.00,,,,moderate,the trait was not extracted for this species
"species present, trait missing",Corticeus bicoloroides,Dead-wood decay,3.80,,,,moderate,the trait was not extracted for this species
"species present, trait missing",Melandrya barbata,Diameter,2.29,,,,moderate,the trait was not extracted for this species
"species present, trait missing",Callimus angulatus,Diameter,1.00,,,,moderate,the trait was not extracted for this species
"species present, trait missing",Neuraphes ruthenus,Diameter,2.29,,,,moderate,the trait was not extracted for this species
"species present, trait missing",Endomychus coccineus,Dead-wood decay,3.40,,,,moderate,the trait was not extracted for this species
"species present, trait missing",Leptophloeus alternans,Diameter,1.2,,,,moderate,the trait was not extracted for this species
"species present, trait missing",Euconnus pragensis,Diameter,3.50,,,,moderate,the trait was not extracted for this species
"species present, trait missing",Prionus coriarius,Diameter,3.00,,,,moderate,the trait was not extracted for this species
"species present, trait missing",Ampedus nigrinus,Diameter,2.50,,,,moderate,the trait was not extracted for this species
"species present, trait missing",Hypebaeus flavipes,Diameter,3.2,,,,moderate,the trait was not extracted for this species
"species present, trait missing",Sphaerites glabratus,Dead-wood decay,3.2,,,,moderate,the trait was not extracted for this species
"species present, trait missing",Molorchus umbellatarum,Diameter,1.00,,,,moderate,the trait was not extracted for this species
"species present, trait missing",Rhysodes sulcatus,Diameter,3.00,,,,moderate,the trait was not extracted for this species
"species present, trait missing",Paromalus parallelepipedus,Diameter,2.50,,,,moderate,the trait was not extracted for this species
"species present, trait missing",Melanotus rufipes,Diameter,3.00,,,,moderate,the trait was not extracted for this species
"species present, trait missing",Osmoderma eremita,Dead-wood decay,4.2,,,,moderate,the trait was not extracted for this species
"species present, trait missing",Prionocyphon serricornis,Diameter,3.00,,,,moderate,the trait was not extracted for this species
"species present, trait missing",Hylesinus oleiperda,Diameter,1.2,,,,moderate,the trait was not extracted for this species
"species present, trait missing",Leptura quadrifasciata,Dead-wood decay,3.25,,,,moderate,the trait was not extracted for this species
"species present, trait missing",Calopus serraticornis,Dead-wood decay,3.40,,,,moderate,the trait was not extracted for this species
"species present, trait missing",Xestobium rufovillosum,Dead-wood decay,3.25,,,,moderate,the trait was not extracted for this species
"species present, trait missing",Rhizophagus depressus,Dead-wood decay,2.00,,,,moderate,the trait was not extracted for this species
"species present, trait missing",Lymantor coryli,Dead-wood decay,3.00,,,,moderate,the trait was not extracted for this species
"species present, trait missing",Agrilus obscuricollis,Dead-wood decay,2.00,,,,moderate,the trait was not extracted for this species
"species present, trait missing",Pogonocherus fasciculatus,Dead-wood decay,2.00,,,,moderate,the trait was not extracted for this species
"species present, trait missing",Phloiotrya rufipes,Diameter,1.2,,,,moderate,the trait was not extracted for this species
"species present, trait missing",Magdalis armigera,Diameter,1.00,,,,moderate,the trait was not extracted for this species
"species present, trait missing",Atomaria ornata,Dead-wood decay,2.00,,,,moderate,the trait was not extracted for this species
"species present, trait missing",Rhagium inquisitor,Diameter,2.50,,,,moderate,the trait was not extracted for this species
"species present, trait missing",Rhizophagus bipustulatus,Diameter,2.50,,,,moderate,the trait was not extracted for this species
"species present, trait missing",Ampedus cinnabarinus,Diameter,3.00,,,,moderate,the trait was not extracted for this species
"species present, trait missing",Stephostethus alternans,Diameter,1.50,,,,moderate,the trait was not extracted for this species
"species present, trait missing",Melanotus castanipes,Dead-wood decay,3.67,,,,moderate,the trait was not extracted for this species
"species present, trait missing",Dryophthorus corticalis,Diameter,3.80,,,,moderate,the trait was not extracted for this species
"species present, trait missing",Sphindus dubius,Dead-wood decay,4.00,,,,moderate,the trait was not extracted for this species
"species present, trait missing",Mesocoelopus niger,Diameter,1.00,,,,moderate,the trait was not extracted for this species
"species present, trait missing",Ernoporicus fagi,Diameter,1.00,,,,moderate,the trait was not extracted for this species
"species present, trait missing",Isorhipis marmottani,Dead-wood decay,3.00,,,,moderate,the trait was not extracted for this species
"species present, trait missing",Malthinus seriepunctatus,Diameter,2.29,,,,moderate,the trait was not extracted for this species
"species present, trait missing",Epuraea pygmaea,Dead-wood decay,2.00,,,,moderate,the trait was not extracted for this species
"species present, trait missing",Melasis buprestoides,Diameter,2.29,,,,moderate,the trait was not extracted for this species
"species present, trait missing",Anobium denticolle,Dead-wood decay,3.00,,,,moderate,the trait was not extracted for this species
"species present, trait missing",Platycis cosnardi,Dead-wood decay,3.60,,,,moderate,the trait was not extracted for this species
"species present, trait missing",Pityokteines curvidens,Diameter,2.50,,,,moderate,the trait was not extracted for this species
"species present, trait missing",Dermestoides sanguinicollis,Dead-wood decay,3.00,,,,moderate,the trait was not extracted for this species
"species present, trait missing",Epuraea fuscicollis,Dead-wood decay,1.14,,,,moderate,the trait was not extracted for this species
"species present, trait missing",Phymatodes pusillus,Dead-wood decay,2.00,,,,moderate,the trait was not extracted for this species
"species present, trait missing",Chrysanthia viridissima,Dead-wood decay,3.40,,,,moderate,the trait was not extracted for this species
"species present, trait missing",Phymatodes alni,Diameter,1.00,,,,moderate,the trait was not extracted for this species
"species present, trait missing",Cyllodes ater,Dead-wood decay,2.60,,,,moderate,the trait was not extracted for this species
"species present, trait missing",Gnathotrichus materiarius,Dead-wood decay,2.00,,,,moderate,the trait was not extracted for this species
"species present, trait missing",Ptilinus pectinicornis,Diameter,2.50,,,,moderate,the trait was not extracted for this species
"species present, trait missing",Acalles commutatus,Dead-wood decay,3.25,,,,moderate,the trait was not extracted for this species
"species present, trait missing",Dorcatoma minor,Diameter,3.00,,,,moderate,the trait was not extracted for this species
"species present, trait missing",Scraptia fuscula,Dead-wood decay,4.13,,,,moderate,the trait was not extracted for this species
"species present, trait missing",Synchita separanda,Dead-wood decay,3.00,,,,moderate,the trait was not extracted for this species
"species present, trait missing",Anobium emarginatum,Diameter,2.2,,,,moderate,the trait was not extracted for this species
"species present, trait missing",Ostoma ferruginea,Diameter,3.00,,,,moderate,the trait was not extracted for this species
"species present, trait missing",Rhizophagus grandis,Diameter,3.00,,,,moderate,the trait was not extracted for this species
"species present, trait missing",Scaphidium quadrimaculatum,Dead-wood decay,4.00,,,,moderate,the trait was not extracted for this species
"species present, trait missing",Pyrochroa coccinea,Dead-wood decay,2.40,,,,moderate,the trait was not extracted for this species
"species present, trait missing",Cis micans,Diameter,2.50,,,,moderate,the trait was not extracted for this species
"species present, trait missing",Hylastes opacus,Dead-wood decay,2.00,,,,moderate,the trait was not extracted for this species
"species present, trait missing",Silvanoprus fagi,Diameter,1.00,,,,moderate,the trait was not extracted for this species
"species present, trait missing",Leperisinus orni,Dead-wood decay,2.00,,,,moderate,the trait was not extracted for this species
"species present, trait missing",Valgus hemipterus,Diameter,2.50,,,,moderate,the trait was not extracted for this species
"species present, trait missing",Anobium pertinax,Dead-wood decay,3.00,,,,moderate,the trait was not extracted for this species
"species present, trait missing",Cryptolestes spartii,Dead-wood decay,2.25,,,,moderate,the trait was not extracted for this species
"species present, trait missing",Tetratoma ancora,Dead-wood decay,3.00,,,,moderate,the trait was not extracted for this species
"species present, trait missing",Hedobia imperialis,Diameter,1.86,,,,moderate,the trait was not extracted for this species
"species present, trait missing",Pityogenes chalcographus,Diameter,1.67,,,,moderate,the trait was not extracted for this species
"species present, trait missing",Ernobius abietinus,Diameter,1.00,,,,moderate,the trait was not extracted for this species
"species present, trait missing",Cis fagi,Dead-wood decay,3.25,,,,moderate,the trait was not extracted for this species
"species present, trait missing",Eucnemis capucina,Diameter,3.80,,,,moderate,the trait was not extracted for this species
"species present, trait missing",Mordella holomelaena,Diameter,2.29,,,,moderate,the trait was not extracted for this species
"species present, trait missing",Mycetophagus quadripustulatus,Diameter,2.50,,,,moderate,the trait was not extracted for this species
"species present, trait missing",Ischnomera caerulea,Diameter,3.00,,,,moderate,the trait was not extracted for this species
"species present, trait missing",Atomaria diluta,Diameter,2.00,,,,moderate,the trait was not extracted for this species
"species present, trait missing",Xylophilus corticalis,Dead-wood decay,3.50,,,,moderate,the trait was not extracted for this species
"species present, trait missing",Dirhagus lepidus,Diameter,2.29,,,,moderate,the trait was not extracted for this species
"species present, trait missing",Kissophagus hederae,Dead-wood decay,2.00,,,,moderate,the trait was not extracted for this species
"species present, trait missing",Euplectus karsteni,Dead-wood decay,4.13,,,,moderate,the trait was not extracted for this species
"species present, trait missing",Agrilus auricollis,Dead-wood decay,1.75,,,,moderate,the trait was not extracted for this species
"species present, trait missing",Philothermus evanescens,Diameter,3.00,,,,moderate,the trait was not extracted for this species
"species present, trait missing",Leptura aurulenta,Diameter,3.00,,,,moderate,the trait was not extracted for this species
"species present, trait missing",Dorcus parallelipipedus,Diameter,3.00,,,,moderate,the trait was not extracted for this species
"species present, trait missing",Anostirus purpureus,Dead-wood decay,3.40,,,,moderate,the trait was not extracted for this species
"species present, trait missing",Aplocnemus tarsalis,Diameter,2.29,,,,moderate,the trait was not extracted for this species
"species present, trait missing",Anostirus castaneus,Dead-wood decay,3.40,,,,moderate,the trait was not extracted for this species
"species present, trait missing",Hylastes ater,Dead-wood decay,2.00,,,,moderate,the trait was not extracted for this species
"species present, trait missing",Eledona agricola,Dead-wood decay,3.40,,,,moderate,the trait was not extracted for this species
"species present, trait missing",Diacanthous undulatus,Diameter,3.00,,,,moderate,the trait was not extracted for this species
"species present, trait missing",Scolytus scolytus,Diameter,2.29,,,,moderate,the trait was not extracted for this species
"species present, trait missing",Acrulia inflata,Dead-wood decay,3.67,,,,moderate,the trait was not extracted for this species
"species present, trait missing",Gyrophaena minima,Diameter,2.60,,,,moderate,the trait was not extracted for this species
"species present, trait missing",Aromia moschata,Dead-wood decay,1.25,,,,moderate,the trait was not extracted for this species
"species present, trait missing",Taphrorychus villifrons,Diameter,2.29,,,,moderate,the trait was not extracted for this species
"species present, trait missing",Grammoptera abdominalis,Dead-wood decay,3.00,,,,moderate,the trait was not extracted for this species
"species present, trait missing",Pissodes piceae,Dead-wood decay,2.00,,,,moderate,the trait was not extracted for this species
"species present, trait missing",Dissoleucas niveirostris,Diameter,1.00,,,,moderate,the trait was not extracted for this species
"species present, trait missing",Anobium rufipes,Dead-wood decay,3.00,,,,moderate,the trait was not extracted for this species
"species present, trait missing",Conopalpus brevicollis,Dead-wood decay,3.50,,,,moderate,the trait was not extracted for this species
"species present, trait missing",Dinaraea aequata,Diameter,2.60,,,,moderate,the trait was not extracted for this species
"species present, trait missing",Hesperus rufipennis,Dead-wood decay,4.50,,,,moderate,the trait was not extracted for this species
"species present, trait missing",Cryptolestes duplicatus,Diameter,2.00,,,,moderate,the trait was not extracted for this species
"species present, trait missing",Phloeonomus punctipennis,Dead-wood decay,2.50,,,,moderate,the trait was not extracted for this species
"species present, trait missing",Malthodes spathifer,Diameter,2.29,,,,moderate,the trait was not extracted for this species
"species present, trait missing",Corticaria alleni,Diameter,3.2,,,,moderate,the trait was not extracted for this species
"species present, trait missing",Ernobius longicornis,Dead-wood decay,1.86,,,,moderate,the trait was not extracted for this species
"species present, trait missing",Hylis olexai,Diameter,3.00,,,,moderate,the trait was not extracted for this species
"species present, trait missing",Epuraea pallescens,Dead-wood decay,1.60,,,,moderate,the trait was not extracted for this species
"species present, trait missing",Globicornis corticalis,Dead-wood decay,3.50,,,,moderate,the trait was not extracted for this species
"species present, trait missing",Ernoporus tiliae,Dead-wood decay,2.00,,,,moderate,the trait was not extracted for this species
"species present, trait missing",Dorcatoma androgyna,Diameter,4.00,,,,moderate,the trait was not extracted for this species
"species present, trait missing",Leptusa fumida,Dead-wood decay,3.80,,,,moderate,the trait was not extracted for this species
"species present, trait missing",Litargus connexus,Dead-wood decay,2.75,,,,moderate,the trait was not extracted for this species
"species present, trait missing",Oxylaemus cylindricus,Diameter,3.00,,,,moderate,the trait was not extracted for this species
"species present, trait missing",Pediacus depressus,Dead-wood decay,2.00,,,,moderate,the trait was not extracted for this species
"species present, trait missing",Mycetoma suturale,Dead-wood decay,3.25,,,,moderate,the trait was not extracted for this species
"species present, trait missing",Corticarina lambiana,Diameter,1.2,,,,moderate,the trait was not extracted for this species
"species present, trait missing",Rhizophagus perforatus,Diameter,2.50,,,,moderate,the trait was not extracted for this species
"species present, trait missing",Cis jacquemartii,Diameter,2.50,,,,moderate,the trait was not extracted for this species
"species present, trait missing",Cis setiger,Diameter,2.50,,,,moderate,the trait was not extracted for this species
"species present, trait missing",Cetonia aurata,Diameter,3.00,,,,moderate,the trait was not extracted for this species
"species present, trait missing",Hapalaraea pygmaea,Diameter,3.75,,,,moderate,the trait was not extracted for this species
"species present, trait missing",Euglenes pygmaeus,Diameter,3.80,,,,moderate,the trait was not extracted for this species
"species present, trait missing",Rhizophagus nitidulus,Diameter,2.29,,,,moderate,the trait was not extracted for this species
"species present, trait missing",Atomaria elongatula,Diameter,3.00,,,,moderate,the trait was not extracted for this species
"species present, trait missing",Cis nitidus,Diameter,2.50,,,,moderate,the trait was not extracted for this species
species not in prediction,Acallocrates denticollis,Dead-wood decay,3.25,,Acalles micros,0.63,severe,species not extracted at all
"species present, trait missing",Lygistopterus sanguineus,Diameter,2.50,,,,moderate,the trait was not extracted for this species
"species present, trait missing",Enicmus planipennis,Dead-wood decay,3.50,,,,moderate,the trait was not extracted for this species
"species present, trait missing",Teredus cylindricus,Diameter,3.2,,,,moderate,the trait was not extracted for this species
"species present, trait missing",Pteryngium crenatum,Diameter,2.50,,,,moderate,the trait was not extracted for this species
"species present, trait missing",Tetratoma desmarestii,Diameter,1.67,,,,moderate,the trait was not extracted for this species
"species present, trait missing",Enedreutes sepicola,Dead-wood decay,3.25,,,,moderate,the trait was not extracted for this species
"species present, trait missing",Cerylon deplanatum,Dead-wood decay,2.00,,,,moderate,the trait was not extracted for this species
"species present, trait missing",Dadobia immersa,Dead-wood decay,2.50,,,,moderate,the trait was not extracted for this species
"species present, trait missing",Agrilus biguttatus,Dead-wood decay,1.60,,,,moderate,the trait was not extracted for this species
"species present, trait missing",Micridium halidaii,Dead-wood decay,4.40,,,,moderate,the trait was not extracted for this species
"species present, trait missing",Mycetophagus fulvicollis,Diameter,3.00,,,,moderate,the trait was not extracted for this species
"species present, trait missing",Lucanus cervus,Dead-wood decay,3.40,,,,moderate,the trait was not extracted for this species
"species present, trait missing",Polygraphus poligraphus,Diameter,1.80,,,,moderate,the trait was not extracted for this species
"species present, trait missing",Anaspis maculata,Diameter,2.29,,,,moderate,the trait was not extracted for this species
"species present, trait missing",Rosalia alpina,Dead-wood decay,2.75,,,,moderate,the trait was not extracted for this species
"species present, trait missing",Euplectus nanus,Dead-wood decay,4.00,,,,moderate,the trait was not extracted for this species
"species present, trait missing",Quedius maurus,Diameter,2.33,,,,moderate,the trait was not extracted for this species
"species present, trait missing",Pseudocistela ceramboides,Diameter,3.2,,,,moderate,the trait was not extracted for this species
"species present, trait missing",Tillus elongatus,Dead-wood decay,3.00,,,,moderate,the trait was not extracted for this species
"species present, trait missing",Cryptophagus labilis,Diameter,3.00,,,,moderate,the trait was not extracted for this species
"species present, trait missing",Euthiconus conicicollis,Diameter,3.2,,,,moderate,the trait was not extracted for this species
"species present, trait missing",Calambus bipustulatus,Dead-wood decay,3.50,,,,moderate,the trait was not extracted for this species
"species present, trait missing",Dacne rufifrons,Dead-wood decay,3.17,,,,moderate,the trait was not extracted for this species
"species present, trait missing",Cyrtanaspis phalerata,Diameter,1.86,,,,moderate,the trait was not extracted for this species
"species present, trait missing",Thanasimus pectoralis,Dead-wood decay,2.25,,,,moderate,the trait was not extracted for this species
"species present, trait missing",Nemosoma elongatum,Diameter,2.00,,,,moderate,the trait was not extracted for this species
"species present, trait missing",Xyleborus alni,Diameter,2.50,,,,moderate,the trait was not extracted for this species
"species present, trait missing",Spondylis buprestoides,Dead-wood decay,2.75,,,,moderate,the trait was not extracted for this species
"species present, trait missing",Platycerus caprea,Diameter,2.00,,,,moderate,the trait was not extracted for this species
"species present, trait missing",Gaurotes virginea,Dead-wood decay,3.40,,,,moderate,the trait was not extracted for this species
"species present, trait missing",Ampedus elegantulus,Dead-wood decay,3.40,,,,moderate,the trait was not extracted for this species
"species present, trait missing",Dorcatoma robusta,Diameter,3.00,,,,moderate,the trait was not extracted for this species
"species present, trait missing",Monochamus sutor,Dead-wood decay,2.00,,,,moderate,the trait was not extracted for this species
"species present, trait missing",Aeletes atomarius,Diameter,3.80,,,,moderate,the trait was not extracted for this species
"species present, trait missing",Bolitophagus reticulatus,Diameter,3.00,,,,moderate,the trait was not extracted for this species
"species present, trait missing",Xylophilus testaceus,Dead-wood decay,3.50,,,,moderate,the trait was not extracted for this species
"species present, trait missing",Thanasimus rufipes,Diameter,2.00,,,,moderate,the trait was not extracted for this species
"species present, trait missing",Elater ferrugineus,Diameter,4.00,,,,moderate,the trait was not extracted for this species
"species present, trait missing",Pyrochroa serraticornis,Diameter,2.50,,,,moderate,the trait was not extracted for this species
"species present, trait missing",Mycetochara flavipes,Diameter,2.71,,,,moderate,the trait was not extracted for this species
"species present, trait missing",Agrilus sulcicollis,Diameter,2.00,,,,moderate,the trait was not extracted for this species
"species present, trait missing",Rhyncolus elongatus,Dead-wood decay,3.00,,,,moderate,the trait was not extracted for this species
"species present, trait missing",Denticollis rubens,Dead-wood decay,3.40,,,,moderate,the trait was not extracted for this species
"species present, trait missing",Mordellistena variegata,Dead-wood decay,3.50,,,,moderate,the trait was not extracted for this species
"species present, trait missing",Xestobium austriacum,Dead-wood decay,3.00,,,,moderate,the trait was not extracted for this species
"species present, trait missing",Tomicus piniperda,Dead-wood decay,1.75,,,,moderate,the trait was not extracted for this species
"species present, trait missing",Peltis grossa,Diameter,3.00,,,,moderate,the trait was not extracted for this species
"species present, trait missing",Platyrhinus resinosus,Dead-wood decay,3.00,,,,moderate,the trait was not extracted for this species
"species present, trait missing",Xyloterus domesticus,Dead-wood decay,2.00,,,,moderate,the trait was not extracted for this species
"species present, trait missing",Epuraea variegata,Dead-wood decay,3.40,,,,moderate,the trait was not extracted for this species
"species present, trait missing",Schizotus pectinicornis,Diameter,1.2,,,,moderate,the trait was not extracted for this species
"species present, trait missing",Cryptophagus corticinus,Dead-wood decay,2.00,,,,moderate,the trait was not extracted for this species
"species present, trait missing",Neuraphes carinatus,Diameter,3.00,,,,moderate,the trait was not extracted for this species
"species present, trait missing",Stephostethus pandellei,Diameter,2.00,,,,moderate,the trait was not extracted for this species
"species present, trait missing",Anthribus albinus,Diameter,1.86,,,,moderate,the trait was not extracted for this species
"species present, trait missing",Agaricochara latissima,Dead-wood decay,3.25,,,,moderate,the trait was not extracted for this species
"species present, trait missing",Atomaria procerula,Dead-wood decay,2.00,,,,moderate,the trait was not extracted for this species
"species present, trait missing",Malthodes holdhausi,Dead-wood decay,3.2,,,,moderate,the trait was not extracted for this species
"species present, trait missing",Anostirus sulphuripennis,Diameter,2.50,,,,moderate,the trait was not extracted for this species
"species present, trait missing",Leptura maculata,Dead-wood decay,3.25,,,,moderate,the trait was not extracted for this species
"species present, trait missing",Stenichnus godarti,Dead-wood decay,4.00,,,,moderate,the trait was not extracted for this species
"species present, trait missing",Hypoganus inunctus,Diameter,3.00,,,,moderate,the trait was not extracted for this species
"species present, trait missing",Malthinus balteatus,Dead-wood decay,3.2,,,,moderate,the trait was not extracted for this species
"species present, trait missing",Cis quadridens,Diameter,2.50,,,,moderate,the trait was not extracted for this species
"species present, trait missing",Malthodes mysticus,Dead-wood decay,3.2,,,,moderate,the trait was not extracted for this species
"species present, trait missing",Laemophloeus monilis,Diameter,2.29,,,,moderate,the trait was not extracted for this species
"species present, trait missing",Corticaria polypori,Dead-wood decay,4.00,,,,moderate,the trait was not extracted for this species
"species present, trait missing",Pogonocherus hispidus,Diameter,1.00,,,,moderate,the trait was not extracted for this species
"species present, trait missing",Corticeus bicoloroides,Diameter,3.80,,,,moderate,the trait was not extracted for this species
"species present, trait missing",Opilo mollis,Diameter,2.50,,,,moderate,the trait was not extracted for this species
"species present, trait missing",Endomychus coccineus,Diameter,2.29,,,,moderate,the trait was not extracted for this species
"species present, trait missing",Ischnoglossa prolixa,Dead-wood decay,3.25,,,,moderate,the trait was not extracted for this species
"species present, trait missing",Judolia sexmaculata,Dead-wood decay,3.40,,,,moderate,the trait was not extracted for this species
"species present, trait missing",Carpophilus sexpustulatus,Dead-wood decay,1.60,,,,moderate,the trait was not extracted for this species
"species present, trait missing",Sphaerites glabratus,Diameter,2.50,,,,moderate,the trait was not extracted for this species
"species present, trait missing",Epuraea binotata,Dead-wood decay,2.25,,,,moderate,the trait was not extracted for this species
"species present, trait missing",Osmoderma eremita,Diameter,3.50,,,,moderate,the trait was not extracted for this species
"species present, trait missing",Sacium pusillum,Dead-wood decay,3.00,,,,moderate,the trait was not extracted for this species
"species present, trait missing",Leptura quadrifasciata,Diameter,2.50,,,,moderate,the trait was not extracted for this species
"species present, trait missing",Octotemnus glabriculus,Dead-wood decay,3.40,,,,moderate,the trait was not extracted for this species
"species present, trait missing",Calopus serraticornis,Diameter,2.29,,,,moderate,the trait was not extracted for this species
"species present, trait missing",Xestobium rufovillosum,Diameter,3.00,,,,moderate,the trait was not extracted for this species
"species present, trait missing",Ceruchus chrysomelinus,Dead-wood decay,3.25,,,,moderate,the trait was not extracted for this species
"species present, trait missing",Ampedus auripes,Dead-wood decay,3.40,,,,moderate,the trait was not extracted for this species
"species present, trait missing",Rhizophagus depressus,Diameter,2.50,,,,moderate,the trait was not extracted for this species
"species present, trait missing",Procraerus tibialis,Dead-wood decay,3.40,,,,moderate,the trait was not extracted for this species
"species present, trait missing",Agrilus obscuricollis,Diameter,1.00,,,,moderate,the trait was not extracted for this species
"species present, trait missing",Glischrochilus quadripunctatus,Diameter,2.29,,,,moderate,the trait was not extracted for this species
"species present, trait missing",Abdera affinis,Diameter,2.29,,,,moderate,the trait was not extracted for this species
"species present, trait missing",Lacon querceus,Diameter,3.80,,,,moderate,the trait was not extracted for this species
"species present, trait missing",Dryocoetes autographus,Dead-wood decay,2.00,,,,moderate,the trait was not extracted for this species
"species present, trait missing",Phymatodes testaceus,Dead-wood decay,2.00,,,,moderate,the trait was not extracted for this species
"species present, trait missing",Acalles ptinoides,Dead-wood decay,3.25,,,,moderate,the trait was not extracted for this species
"species present, trait missing",Melanotus castanipes,Diameter,3.00,,,,moderate,the trait was not extracted for this species
"species present, trait missing",Anobium costatum,Dead-wood decay,2.50,,,,moderate,the trait was not extracted for this species
"species present, trait missing",Dasytes plumbeus,Dead-wood decay,3.2,,,,moderate,the trait was not extracted for this species
"species present, trait missing",Gastrallus laevigatus,Dead-wood decay,2.25,,,,moderate,the trait was not extracted for this species
"species present, trait missing",Ernobius mollis,Dead-wood decay,2.50,,,,moderate,the trait was not extracted for this species
"species present, trait missing",Isorhipis marmottani,Diameter,2.29,,,,moderate,the trait was not extracted for this species
"species present, trait missing",Hypulus quercinus,Diameter,2.29,,,,moderate,the trait was not extracted for this species
"species present, trait missing",Anidorus nigrinus,Diameter,1.2,,,,moderate,the trait was not extracted for this species
"species present, trait missing",Leptura aethiops,Dead-wood decay,3.00,,,,moderate,the trait was not extracted for this species
"species present, trait missing",Dasytes aeratus,Dead-wood decay,3.2,,,,moderate,the trait was not extracted for this species
"species present, trait missing",Pteryx suturalis,Dead-wood decay,4.13,,,,moderate,the trait was not extracted for this species
"species present, trait missing",Anobium denticolle,Diameter,2.50,,,,moderate,the trait was not extracted for this species
"species present, trait missing",Platycis cosnardi,Diameter,3.80,,,,moderate,the trait was not extracted for this species
"species present, trait missing",Drapetes cinctus,Diameter,2.50,,,,moderate,the trait was not extracted for this species
"species present, trait missing",Ampedus aethiops,Dead-wood decay,3.40,,,,moderate,the trait was not extracted for this species
"species present, trait missing",Malthinus fasciatus,Dead-wood decay,3.2,,,,moderate,the trait was not extracted for this species
"species present, trait missing",Epuraea fuscicollis,Diameter,3.00,,,,moderate,the trait was not extracted for this species
"species present, trait missing",Cryptarcha undata,Dead-wood decay,1.14,,,,moderate,the trait was not extracted for this species
"species present, trait missing",Triplax scutellaris,Dead-wood decay,3.40,,,,moderate,the trait was not extracted for this species
"species present, trait missing",Cyllodes ater,Diameter,3.00,,,,moderate,the trait was not extracted for this species
"species present, trait missing",Gnathotrichus materiarius,Diameter,2.2,,,,moderate,the trait was not extracted for this species
"species present, trait missing",Atomaria alpina,Dead-wood decay,3.25,,,,moderate,the trait was not extracted for this species
"species present, trait missing",Anaspis rufilabris,Diameter,2.29,,,,moderate,the trait was not extracted for this species
"species present, trait missing",Caenoscelis sibirica,Dead-wood decay,4.00,,,,moderate,the trait was not extracted for this species
"species present, trait missing",Scraptia fuscula,Diameter,2.71,,,,moderate,the trait was not extracted for this species
"species present, trait missing",Synchita separanda,Diameter,3.00,,,,moderate,the trait was not extracted for this species
"species present, trait missing",Scaphidium quadrimaculatum,Diameter,2.33,,,,moderate,the trait was not extracted for this species
"species present, trait missing",Ischnomera cyanea,Dead-wood decay,3.40,,,,moderate,the trait was not extracted for this species
"species present, trait missing",Latridius brevicollis,Dead-wood decay,4.00,,,,moderate,the trait was not extracted for this species
"species present, trait missing",Pyrochroa coccinea,Diameter,3.00,,,,moderate,the trait was not extracted for this species
"species present, trait missing",Hylastes opacus,Diameter,2.50,,,,moderate,the trait was not extracted for this species
"species present, trait missing",Cossonus linearis,Dead-wood decay,3.00,,,,moderate,the trait was not extracted for this species
"species present, trait missing",Neuraphes plicicollis,Dead-wood decay,4.00,,,,moderate,the trait was not extracted for this species
"species present, trait missing",Leperisinus orni,Diameter,1.00,,,,moderate,the trait was not extracted for this species
"species present, trait missing",Anaspis marginicollis,Diameter,2.29,,,,moderate,the trait was not extracted for this species
"species present, trait missing",Anaspis garneysi,Diameter,2.15,,,,moderate,the trait was not extracted for this species
"species present, trait missing",Cryptolestes spartii,Diameter,1.80,,,,moderate,the trait was not extracted for this species
"species present, trait missing",Tetratoma ancora,Diameter,1.86,,,,moderate,the trait was not extracted for this species
"species present, trait missing",Mordella brachyura,Dead-wood decay,3.00,,,,moderate,the trait was not extracted for this species
"species present, trait missing",Saperda scalaris,Dead-wood decay,2.00,,,,moderate,the trait was not extracted for this species
"species present, trait missing",Malthodes alpicola,Dead-wood decay,3.2,,,,moderate,the trait was not extracted for this species
"species present, trait missing",Velleius dilatatus,Dead-wood decay,4.60,,,,moderate,the trait was not extracted for this species
"species present, trait missing",Cis fagi,Diameter,2.50,,,,moderate,the trait was not extracted for this species
"species present, trait missing",Anaspis costai,Dead-wood decay,4.00,,,,moderate,the trait was not extracted for this species
"species present, trait missing",Orthocis pygmaeus,Dead-wood decay,3.00,,,,moderate,the trait was not extracted for this species
"species present, trait missing",Anisotoma glabra,Dead-wood decay,4.00,,,,moderate,the trait was not extracted for this species
"species present, trait missing",Tachyta nana,Dead-wood decay,2.83,,,,moderate,the trait was not extracted for this species
"species present, trait missing",Epiphanis cornutus,Diameter,2.50,,,,moderate,the trait was not extracted for this species
"species present, trait missing",Scydmoraphes minutus,Dead-wood decay,4.00,,,,moderate,the trait was not extracted for this species
"species present, trait missing",Euplectus karsteni,Diameter,3.00,,,,moderate,the trait was not extracted for this species
"species present, trait missing",Plagionotus arcuatus,Diameter,3.00,,,,moderate,the trait was not extracted for this species
"species present, trait missing",Cis punctulatus,Dead-wood decay,3.25,,,,moderate,the trait was not extracted for this species
"species present, trait missing",Anaspis humeralis,Diameter,2.29,,,,moderate,the trait was not extracted for this species
"species present, trait missing",Ochina ptinoides,Diameter,1.00,,,,moderate,the trait was not extracted for this species
"species present, trait missing",Anostirus purpureus,Diameter,2.50,,,,moderate,the trait was not extracted for this species
"species present, trait missing",Anostirus castaneus,Diameter,2.50,,,,moderate,the trait was not extracted for this species
"species present, trait missing",Hylastes ater,Diameter,2.50,,,,moderate,the trait was not extracted for this species
"species present, trait missing",Abdera quadrifasciata,Dead-wood decay,3.00,,,,moderate,the trait was not extracted for this species
"species present, trait missing",Eledona agricola,Diameter,3.00,,,,moderate,the trait was not extracted for this species
"species present, trait missing",Acrulia inflata,Diameter,2.60,,,,moderate,the trait was not extracted for this species
"species present, trait missing",Aromia moschata,Diameter,1.80,,,,moderate,the trait was not extracted for this species
"species present, trait missing",Grammoptera abdominalis,Diameter,1.00,,,,moderate,the trait was not extracted for this species
"species present, trait missing",Pissodes piceae,Diameter,2.2,,,,moderate,the trait was not extracted for this species
"species present, trait missing",Obrium brunneum,Diameter,1.00,,,,moderate,the trait was not extracted for this species
"species present, trait missing",Rhizophagus parvulus,Dead-wood decay,1.60,,,,moderate,the trait was not extracted for this species
"species present, trait missing",Ips typographus,Dead-wood decay,1.75,,,,moderate,the trait was not extracted for this species
"species present, trait missing",Anobium rufipes,Diameter,1.80,,,,moderate,the trait was not extracted for this species
"species present, trait missing",Cis dentatus,Dead-wood decay,3.25,,,,moderate,the trait was not extracted for this species
"species present, trait missing",Ampedus pomonae,Dead-wood decay,3.50,,,,moderate,the trait was not extracted for this species
"species present, trait missing",Hesperus rufipennis,Diameter,3.75,,,,moderate,the trait was not extracted for this species
"species present, trait missing",Rhyncolus sculpturatus,Dead-wood decay,3.00,,,,moderate,the trait was not extracted for this species
"species present, trait missing",Phloeonomus punctipennis,Diameter,2.00,,,,moderate,the trait was not extracted for this species
"species present, trait missing",Ernobius longicornis,Diameter,1.00,,,,moderate,the trait was not extracted for this species
"species present, trait missing",Sphaeriestes castaneus,Dead-wood decay,2.00,,,,moderate,the trait was not extracted for this species
"species present, trait missing",Thymalus limbatus,Dead-wood decay,3.25,,,,moderate,the trait was not extracted for this species
"species present, trait missing",Phloeophthorus rhododactylus,Diameter,1.00,,,,moderate,the trait was not extracted for this species
"species present, trait missing",Euconnus pragensis,Dead-wood decay,4.50,,,,moderate,the trait was not extracted for this species
"species present, trait missing",Epuraea pallescens,Diameter,2.00,,,,moderate,the trait was not extracted for this species
"species present, trait missing",Ernoporus tiliae,Diameter,1.00,,,,moderate,the trait was not extracted for this species
"species present, trait missing",Amphotis marginata,Diameter,4.00,,,,moderate,the trait was not extracted for this species
"species present, trait missing",Prionocyphon serricornis,Dead-wood decay,3.00,,,,moderate,the trait was not extracted for this species
"species present, trait missing",Ampedus rufipennis,Dead-wood decay,3.40,,,,moderate,the trait was not extracted for this species
"species present, trait missing",Corticeus unicolor,Dead-wood decay,2.50,,,,moderate,the trait was not extracted for this species
"species present, trait missing",Anobium punctatum,Dead-wood decay,3.00,,,,moderate,the trait was not extracted for this species
"species present, trait missing",Atomaria pulchra,Dead-wood decay,2.00,,,,moderate,the trait was not extracted for this species
"species present, trait missing",Pediacus depressus,Diameter,2.50,,,,moderate,the trait was not extracted for this species
"species present, trait missing",Mycetoma suturale,Diameter,2.50,,,,moderate,the trait was not extracted for this species
"species present, trait missing",Anisotoma orbicularis,Dead-wood decay,4.00,,,,moderate,the trait was not extracted for this species
"species present, trait missing",Phloiotrya rufipes,Dead-wood decay,3.40,,,,moderate,the trait was not extracted for this species
"species present, trait missing",Rhyncolus ater,Dead-wood decay,3.00,,,,moderate,the trait was not extracted for this species
"species present, trait missing",Rhizophagus cribratus,Dead-wood decay,2.71,,,,moderate,the trait was not extracted for this species
"species present, trait missing",Enicmus planipennis,Diameter,2.00,,,,moderate,the trait was not extracted for this species
"species present, trait missing",Sulcacis bidentulus,Dead-wood decay,3.25,,,,moderate,the trait was not extracted for this species
"species present, trait missing",Platydema violaceum,Dead-wood decay,3.40,,,,moderate,the trait was not extracted for this species
"species present, trait missing",Melasis buprestoides,Dead-wood decay,3.00,,,,moderate,the trait was not extracted for this species
"species present, trait missing",Cerylon deplanatum,Diameter,2.50,,,,moderate,the trait was not extracted for this species
"species present, trait missing",Dadobia immersa,Diameter,1.25,,,,moderate,the trait was not extracted for this species
"species present, trait missing",Agrilus biguttatus,Diameter,2.50,,,,moderate,the trait was not extracted for this species
"species present, trait missing",Micridium halidaii,Diameter,3.2,,,,moderate,the trait was not extracted for this species
"species present, trait missing",Phloeopora scribae,Dead-wood decay,2.25,,,,moderate,the trait was not extracted for this species
"species present, trait missing",Diaclina fagi,Dead-wood decay,3.50,,,,moderate,the trait was not extracted for this species
"species present, trait missing",Rosalia alpina,Diameter,3.00,,,,moderate,the trait was not extracted for this species
"species present, trait missing",Euplectus nanus,Diameter,3.00,,,,moderate,the trait was not extracted for this species
"species present, trait missing",Xestobium plumbeum,Dead-wood decay,2.50,,,,moderate,the trait was not extracted for this species
"species present, trait missing",Atrecus affinis,Dead-wood decay,4.00,,,,moderate,the trait was not extracted for this species
"species present, trait missing",Hadreule elongatulum,Dead-wood decay,3.43,,,,moderate,the trait was not extracted for this species
"species present, trait missing",Tillus elongatus,Diameter,2.71,,,,moderate,the trait was not extracted for this species
"species present, trait missing",Micrambe abietis,Dead-wood decay,2.00,,,,moderate,the trait was not extracted for this species
"species present, trait missing",Calambus bipustulatus,Diameter,2.71,,,,moderate,the trait was not extracted for this species
"species present, trait missing",Dacne rufifrons,Diameter,3.00,,,,moderate,the trait was not extracted for this species
"species present, trait missing",Ptilinus pectinicornis,Dead-wood decay,3.00,,,,moderate,the trait was not extracted for this species
"species present, trait missing",Cryptophagus cylindrus,Dead-wood decay,2.00,,,,moderate,the trait was not extracted for this species
"species present, trait missing",Thanasimus pectoralis,Diameter,2.29,,,,moderate,the trait was not extracted for this species
"species present, trait missing",Spondylis buprestoides,Diameter,2.50,,,,moderate,the trait was not extracted for this species
"species present, trait missing",Gaurotes virginea,Diameter,2.29,,,,moderate,the trait was not extracted for this species
"species present, trait missing",Monochamus sutor,Diameter,2.00,,,,moderate,the trait was not extracted for this species
"species present, trait missing",Leiesthes seminigra,Diameter,3.80,,,,moderate,the trait was not extracted for this species
"species present, trait missing",Corticaria abietorum,Dead-wood decay,2.25,,,,moderate,the trait was not extracted for this species
"species present, trait missing",Cis micans,Dead-wood decay,3.25,,,,moderate,the trait was not extracted for this species
"species present, trait missing",Silvanoprus fagi,Dead-wood decay,2.00,,,,moderate,the trait was not extracted for this species
"species present, trait missing",Dryophilus anobioides,Dead-wood decay,2.50,,,,moderate,the trait was not extracted for this species
"species present, trait missing",Dictyopterus aurora,Dead-wood decay,4.00,,,,moderate,the trait was not extracted for this species
"species present, trait missing",Triplax carpathica,Dead-wood decay,3.40,,,,moderate,the trait was not extracted for this species
"species present, trait missing",Xylophilus testaceus,Diameter,2.71,,,,moderate,the trait was not extracted for this species
"species present, trait missing",Scaphisoma boreale,Dead-wood decay,4.60,,,,moderate,the trait was not extracted for this species
"species present, trait missing",Hylurgus ligniperda,Dead-wood decay,2.00,,,,moderate,the trait was not extracted for this species
"species present, trait missing",Hedobia imperialis,Dead-wood decay,3.00,,,,moderate,the trait was not extracted for this species
"species present, trait missing",Cryptophagus subdepressus,Diameter,1.50,,,,moderate,the trait was not extracted for this species
"species present, trait missing",Rhyncolus elongatus,Diameter,3.00,,,,moderate,the trait was not extracted for this species
"species present, trait missing",Mordellistena variegata,Diameter,2.29,,,,moderate,the trait was not extracted for this species
"species present, trait missing",Xestobium austriacum,Diameter,2.29,,,,moderate,the trait was not extracted for this species
"species present, trait missing",Aplocnemus nigricornis,Diameter,2.29,,,,moderate,the trait was not extracted for this species
"species present, trait missing",Gastrallus immarginatus,Dead-wood decay,2.00,,,,moderate,the trait was not extracted for this species
"species present, trait missing",Dorcatoma dresdensis,Dead-wood decay,3.25,,,,moderate,the trait was not extracted for this species
"species present, trait missing",Mordella holomelaena,Dead-wood decay,3.00,,,,moderate,the trait was not extracted for this species
"species present, trait missing",Hylastes attenuatus,Diameter,1.80,,,,moderate,the trait was not extracted for this species
"species present, trait missing",Epuraea variegata,Diameter,2.50,,,,moderate,the trait was not extracted for this species
"species present, trait missing",Platyrhinus resinosus,Diameter,2.29,,,,moderate,the trait was not extracted for this species
"species present, trait missing",Xyloterus domesticus,Diameter,2.50,,,,moderate,the trait was not extracted for this species
"species present, trait missing",Cryptophagus corticinus,Diameter,2.00,,,,moderate,the trait was not extracted for this species
"species present, trait missing",Tetropium castaneum,Dead-wood decay,2.00,,,,moderate,the trait was not extracted for this species
"species present, trait missing",Philothermus evanescens,Dead-wood decay,4.00,,,,moderate,the trait was not extracted for this species
"species present, trait missing",Cucujus cinnaberinus,Diameter,3.00,,,,moderate,the trait was not extracted for this species
"species present, trait missing",Cerylon fagi,Dead-wood decay,3.67,,,,moderate,the trait was not extracted for this species
"species present, trait missing",Agaricochara latissima,Diameter,2.60,,,,moderate,the trait was not extracted for this species
"species present, trait missing",Clytus arietis,Diameter,2.00,,,,moderate,the trait was not extracted for this species
"species present, trait missing",Malthodes holdhausi,Diameter,2.29,,,,moderate,the trait was not extracted for this species
"species present, trait missing",Atomaria procerula,Diameter,1.00,,,,moderate,the trait was not extracted for this species
"species present, trait missing",Atheta picipes,Dead-wood decay,3.25,,,,moderate,the trait was not extracted for this species
"species present, trait missing",Megopis scabricornis,Dead-wood decay,2.80,,,,moderate,the trait was not extracted for this species
"species present, trait missing",Leptura maculata,Diameter,2.50,,,,moderate,the trait was not extracted for this species
"species present, trait missing",Stenichnus godarti,Diameter,3.2,,,,moderate,the trait was not extracted for this species
"species present, trait missing",Mycetophagus multipunctatus,Dead-wood decay,3.50,,,,moderate,the trait was not extracted for this species
"species present, trait missing",Orthocis lucasi,Dead-wood decay,2.25,,,,moderate,the trait was not extracted for this species
"species present, trait missing",Brachygonus megerlei,Dead-wood decay,4.60,,,,moderate,the trait was not extracted for this species
"species present, trait missing",Malthinus balteatus,Diameter,2.29,,,,moderate,the trait was not extracted for this species
"species present, trait missing",Scolytus scolytus,Dead-wood decay,1.75,,,,moderate,the trait was not extracted for this species
"species present, trait missing",Malthodes mysticus,Diameter,2.29,,,,moderate,the trait was not extracted for this species
"species present, trait missing",Gyrophaena minima,Dead-wood decay,3.67,,,,moderate,the trait was not extracted for this species
"species present, trait missing",Corticaria polypori,Diameter,3.80,,,,moderate,the trait was not extracted for this species
"species present, trait missing",Platypus cylindrus,Diameter,2.80,,,,moderate,the trait was not extracted for this species
"species present, trait missing",Crepidophorus mutilatus,Diameter,3.80,,,,moderate,the trait was not extracted for this species
"species present, trait missing",Isorhipis melasoides,Dead-wood decay,2.00,,,,moderate,the trait was not extracted for this species
"species present, trait missing",Pityophthorus lichtensteini,Dead-wood decay,2.00,,,,moderate,the trait was not extracted for this species
"species present, trait missing",Hylecoetus dermestoides,Dead-wood decay,2.00,,,,moderate,the trait was not extracted for this species
"species present, trait missing",Cyclorhipidion bodoanus,Diameter,2.50,,,,moderate,the trait was not extracted for this species
"species present, trait missing",Gabrius splendidulus,Dead-wood decay,3.71,,,,moderate,the trait was not extracted for this species
"species present, trait missing",Ischnoglossa prolixa,Diameter,2.33,,,,moderate,the trait was not extracted for this species
"species present, trait missing",Rabocerus gabrieli,Diameter,1.80,,,,moderate,the trait was not extracted for this species
"species present, trait missing",Judolia sexmaculata,Diameter,2.29,,,,moderate,the trait was not extracted for this species
"species present, trait missing",Carpophilus sexpustulatus,Diameter,2.29,,,,moderate,the trait was not extracted for this species
"species present, trait missing",Cryptolestes duplicatus,Dead-wood decay,1.75,,,,moderate,the trait was not extracted for this species
"species present, trait missing",Sacium pusillum,Diameter,2.50,,,,moderate,the trait was not extracted for this species
"species present, trait missing",Xyloterus signatus,Dead-wood decay,2.00,,,,moderate,the trait was not extracted for this species
"species present, trait missing",Octotemnus glabriculus,Diameter,2.50,,,,moderate,the trait was not extracted for this species
"species present, trait missing",Attagenus schaefferi,Dead-wood decay,4.2,,,,moderate,the trait was not extracted for this species
"species present, trait missing",Ampedus auripes,Diameter,3.00,,,,moderate,the trait was not extracted for this species
"species present, trait missing",Anthaxia nitidula,Dead-wood decay,1.75,,,,moderate,the trait was not extracted for this species
"species present, trait missing",Procraerus tibialis,Diameter,3.00,,,,moderate,the trait was not extracted for this species
"species present, trait missing",Acalles dubius,Dead-wood decay,3.25,,,,moderate,the trait was not extracted for this species
"species present, trait missing",Orchesia luteipalpis,Dead-wood decay,3.25,,,,moderate,the trait was not extracted for this species
"species present, trait missing",Dryocoetes autographus,Diameter,2.40,,,,moderate,the trait was not extracted for this species
"species present, trait missing",Quedius xanthopus,Dead-wood decay,3.67,,,,moderate,the trait was not extracted for this species
"species present, trait missing",Gyrophaena strictula,Dead-wood decay,3.25,,,,moderate,the trait was not extracted for this species
"species present, trait missing",Phymatodes testaceus,Diameter,2.29,,,,moderate,the trait was not extracted for this species
"species present, trait missing",Acalles parvulus,Dead-wood decay,3.25,,,,moderate,the trait was not extracted for this species
"species present, trait missing",Rhagium bifasciatum,Dead-wood decay,3.40,,,,moderate,the trait was not extracted for this species
"species present, trait missing",Placonotus testaceus,Diameter,2.2,,,,moderate,the trait was not extracted for this species
"species present, trait missing",Dasytes plumbeus,Diameter,1.86,,,,moderate,the trait was not extracted for this species
"species present, trait missing",Oxylaemus cylindricus,Dead-wood decay,2.00,,,,moderate,the trait was not extracted for this species
"species present, trait missing",Anisoxya fuscula,Diameter,1.00,,,,moderate,the trait was not extracted for this species
"species present, trait missing",Platysoma compressum,Dead-wood decay,2.40,,,,moderate,the trait was not extracted for this species
"species present, trait missing",Gastrallus laevigatus,Diameter,1.2,,,,moderate,the trait was not extracted for this species
"species present, trait missing",Ernobius mollis,Diameter,1.2,,,,moderate,the trait was not extracted for this species
"species present, trait missing",Corticarina lambiana,Dead-wood decay,2.50,,,,moderate,the trait was not extracted for this species
"species present, trait missing",Grynocharis oblonga,Diameter,3.00,,,,moderate,the trait was not extracted for this species
"species present, trait missing",Leptura aethiops,Diameter,2.00,,,,moderate,the trait was not extracted for this species
"species present, trait missing",Scaphisoma agaricinum,Dead-wood decay,4.00,,,,moderate,the trait was not extracted for this species
"species present, trait missing",Dasytes aeratus,Diameter,1.86,,,,moderate,the trait was not extracted for this species
"species present, trait missing",Cis glabratus,Dead-wood decay,3.25,,,,moderate,the trait was not extracted for this species
"species present, trait missing",Atomaria bella,Dead-wood decay,3.00,,,,moderate,the trait was not extracted for this species
"species present, trait missing",Rhizophagus nitidulus,Dead-wood decay,2.80,,,,moderate,the trait was not extracted for this species
"species present, trait missing",Pogonocherus hispidulus,Diameter,1.00,,,,moderate,the trait was not extracted for this species
"species present, trait missing",Ptinella errabunda,Dead-wood decay,4.00,,,,moderate,the trait was not extracted for this species
"species present, trait missing",Corticaria linearis,Dead-wood decay,2.25,,,,moderate,the trait was not extracted for this species
"species present, trait missing",Ampedus aethiops,Diameter,2.50,,,,moderate,the trait was not extracted for this species
"species present, trait missing",Malthinus fasciatus,Diameter,2.29,,,,moderate,the trait was not extracted for this species
"species present, trait missing",Hylurgops glabratus,Dead-wood decay,2.00,,,,moderate,the trait was not extracted for this species
"species present, trait missing",Cryptarcha undata,Diameter,2.50,,,,moderate,the trait was not extracted for this species
"species present, trait missing",Orthocis festivus,Diameter,1.86,,,,moderate,the trait was not extracted for this species
"species present, trait missing",Triplax scutellaris,Diameter,3.00,,,,moderate,the trait was not extracted for this species
"species present, trait missing",Atomaria alpina,Diameter,2.50,,,,moderate,the trait was not extracted for this species
"species present, trait missing",Caenoscelis sibirica,Diameter,2.29,,,,moderate,the trait was not extracted for this species
"species present, trait missing",Pseudocistela ceramboides,Dead-wood decay,4.29,,,,moderate,the trait was not extracted for this species
"species present, trait missing",Cis bidentatus,Diameter,3.00,,,,moderate,the trait was not extracted for this species
"species present, trait missing",Ptinella limbata,Diameter,2.50,,,,moderate,the trait was not extracted for this species
"species present, trait missing",Ischnomera cyanea,Diameter,3.00,,,,moderate,the trait was not extracted for this species
"species present, trait missing",Cortodera femorata,Dead-wood decay,3.00,,,,moderate,the trait was not extracted for this species
"species present, trait missing",Scydmaenus hellwigii,Dead-wood decay,4.00,,,,moderate,the trait was not extracted for this species
"species present, trait missing",Epuraea angustula,Diameter,2.50,,,,moderate,the trait was not extracted for this species
"species present, trait missing",Latridius brevicollis,Diameter,3.00,,,,moderate,the trait was not extracted for this species
"species present, trait missing",Cossonus linearis,Diameter,3.00,,,,moderate,the trait was not extracted for this species
"species present, trait missing",Neuraphes plicicollis,Diameter,2.71,,,,moderate,the trait was not extracted for this species
"species present, trait missing",Camptorhinus statua,Dead-wood decay,2.00,,,,moderate,the trait was not extracted for this species
"species present, trait missing",Cyrtanaspis phalerata,Dead-wood decay,4.00,,,,moderate,the trait was not extracted for this species
"species present, trait missing",Nemosoma elongatum,Dead-wood decay,2.00,,,,moderate,the trait was not extracted for this species
"species present, trait missing",Rhizophagus parallelocollis,Dead-wood decay,3.50,,,,moderate,the trait was not extracted for this species
"species present, trait missing",Pityophthorus pubescens,Dead-wood decay,2.00,,,,moderate,the trait was not extracted for this species
"species present, trait missing",Calyptomerus alpestris,Dead-wood decay,3.29,,,,moderate,the trait was not extracted for this species
"species present, trait missing",Pityophagus ferrugineus,Dead-wood decay,2.00,,,,moderate,the trait was not extracted for this species
"species present, trait missing",Hylecoetus flabellicornis,Dead-wood decay,2.00,,,,moderate,the trait was not extracted for this species
"species present, trait missing",Mordella brachyura,Diameter,2.29,,,,moderate,the trait was not extracted for this species
"species present, trait missing",Aeletes atomarius,Dead-wood decay,4.00,,,,moderate,the trait was not extracted for this species
"species present, trait missing",Dorcatoma punctulata,Dead-wood decay,3.25,,,,moderate,the trait was not extracted for this species
"species present, trait missing",Dryocoetes villosus,Dead-wood decay,2.00,,,,moderate,the trait was not extracted for this species
"species present, trait missing",Malthodes alpicola,Diameter,2.29,,,,moderate,the trait was not extracted for this species
"species present, trait missing",Bolitophagus reticulatus,Dead-wood decay,3.33,,,,moderate,the trait was not extracted for this species
"species present, trait missing",Velleius dilatatus,Diameter,3.75,,,,moderate,the trait was not extracted for this species
"species present, trait missing",Mordellistena neuwaldeggiana,Diameter,2.29,,,,moderate,the trait was not extracted for this species
"species present, trait missing",Sulcacis affinis,Dead-wood decay,3.40,,,,moderate,the trait was not extracted for this species
"species present, trait missing",Orthocis pygmaeus,Diameter,1.86,,,,moderate,the trait was not extracted for this species
"species present, trait missing",Epuraea silacea,Dead-wood decay,3.40,,,,moderate,the trait was not extracted for this species
"species present, trait missing",Anisotoma glabra,Diameter,3.00,,,,moderate,the trait was not extracted for this species
"species present, trait missing",Acalles micros,Dead-wood decay,3.25,,,,moderate,the trait was not extracted for this species
"species present, trait missing",Neomida haemorrhoidalis,Diameter,3.00,,,,moderate,the trait was not extracted for this species
"species present, trait missing",Tachyta nana,Diameter,2.50,,,,moderate,the trait was not extracted for this species
"species present, trait missing",Cryphalus piceae,Dead-wood decay,2.00,,,,moderate,the trait was not extracted for this species
"species present, trait missing",Malthodes marginatus,Dead-wood decay,3.2,,,,moderate,the trait was not extracted for this species
"species present, trait missing",Scydmoraphes minutus,Diameter,3.00,,,,moderate,the trait was not extracted for this species
"species present, trait missing",Bitoma crenata,Dead-wood decay,2.50,,,,moderate,the trait was not extracted for this species
"species present, trait missing",Cis punctulatus,Diameter,2.2,,,,moderate,the trait was not extracted for this species
"species present, trait missing",Melanotus crassicollis,Dead-wood decay,3.88,,,,moderate,the trait was not extracted for this species
"species present, trait missing",Dendrophilus punctatus,Dead-wood decay,4.60,,,,moderate,the trait was not extracted for this species
"species present, trait missing",Orchesia micans,Dead-wood decay,3.25,,,,moderate,the trait was not extracted for this species
"species present, trait missing",Neuraphes carinatus,Dead-wood decay,3.89,,,,moderate,the trait was not extracted for this species
"species present, trait missing",Stephostethus pandellei,Dead-wood decay,2.40,,,,moderate,the trait was not extracted for this species
"species present, trait missing",Abdera quadrifasciata,Diameter,1.00,,,,moderate,the trait was not extracted for this species
"species present, trait missing",Pyrrhidium sanguineum,Dead-wood decay,2.00,,,,moderate,the trait was not extracted for this species
"species present, trait missing",Lissodema denticolle,Diameter,1.40,,,,moderate,the trait was not extracted for this species
"species present, trait missing",Anthribus albinus,Dead-wood decay,3.00,,,,moderate,the trait was not extracted for this species
"species present, trait missing",Hylis procerulus,Dead-wood decay,3.50,,,,moderate,the trait was not extracted for this species
"species present, trait missing",Dircaea australis,Dead-wood decay,3.40,,,,moderate,the trait was not extracted for this species
"species present, trait missing",Abraeus parvulus,Dead-wood decay,4.00,,,,moderate,the trait was not extracted for this species
"species present, trait missing",Xyleborus dryographus,Diameter,2.50,,,,moderate,the trait was not extracted for this species
"species present, trait missing",Rhizophagus parvulus,Diameter,3.00,,,,moderate,the trait was not extracted for this species
"species present, trait missing",Oxymirus cursor,Diameter,2.50,,,,moderate,the trait was not extracted for this species
"species present, trait missing",Ips typographus,Diameter,2.50,,,,moderate,the trait was not extracted for this species
"species present, trait missing",Dryocoetes hectographus,Dead-wood decay,2.00,,,,moderate,the trait was not extracted for this species
"species present, trait missing",Dryophilus pusillus,Dead-wood decay,2.50,,,,moderate,the trait was not extracted for this species
"species present, trait missing",Phloiotrya vaudoueri,Dead-wood decay,3.00,,,,moderate,the trait was not extracted for this species
"species present, trait missing",Scolytus rugulosus,Dead-wood decay,1.75,,,,moderate,the trait was not extracted for this species
"species present, trait missing",Silvanus bidentatus,Dead-wood decay,2.00,,,,moderate,the trait was not extracted for this species
"species present, trait missing",Cryphalus abietis,Dead-wood decay,2.00,,,,moderate,the trait was not extracted for this species
"species present, trait missing",Pycnomerus terebrans,Dead-wood decay,4.00,,,,moderate,the trait was not extracted for this species
"species present, trait missing",Ampedus pomonae,Diameter,2.00,,,,moderate,the trait was not extracted for this species
"species present, trait missing",Symbiotes gibberosus,Dead-wood decay,3.60,,,,moderate,the trait was not extracted for this species
"species present, trait missing",Rhyncolus sculpturatus,Diameter,2.71,,,,moderate,the trait was not extracted for this species
"species present, trait missing",Sphaeriestes castaneus,Diameter,1.2,,,,moderate,the trait was not extracted for this species
"species present, trait missing",Thymalus limbatus,Diameter,2.50,,,,moderate,the trait was not extracted for this species
"species present, trait missing",Stenurella melanura,Dead-wood decay,3.40,,,,moderate,the trait was not extracted for this species
"species present, trait missing",Trinodes hirtus,Dead-wood decay,3.50,,,,moderate,the trait was not extracted for this species
"species present, trait missing",Curtimorda maculosa,Dead-wood decay,3.50,,,,moderate,the trait was not extracted for this species
"species present, trait missing",Trichoceble floralis,Dead-wood decay,2.75,,,,moderate,the trait was not extracted for this species
"species present, trait missing",Ampedus rufipennis,Diameter,3.00,,,,moderate,the trait was not extracted for this species
"species present, trait missing",Corticeus unicolor,Diameter,3.00,,,,moderate,the trait was not extracted for this species
"species present, trait missing",Scolytus intricatus,Dead-wood decay,1.75,,,,moderate,the trait was not extracted for this species
"species present, trait missing",Anobium punctatum,Diameter,2.50,,,,moderate,the trait was not extracted for this species
"species present, trait missing",Atomaria pulchra,Diameter,1.2,,,,moderate,the trait was not extracted for this species
"species present, trait missing",Acalles echinatus,Dead-wood decay,3.25,,,,moderate,the trait was not extracted for this species
"species present, trait missing",Scaphidema metallicum,Diameter,2.29,,,,moderate,the trait was not extracted for this species
"species present, trait missing",Epuraea terminalis,Dead-wood decay,1.75,,,,moderate,the trait was not extracted for this species
"species present, trait missing",Ernoporicus caucasicus,Dead-wood decay,2.00,,,,moderate,the trait was not extracted for this species
"species present, trait missing",Glischrochilus quadripunctatus,Dead-wood decay,2.00,,,,moderate,the trait was not extracted for this species
species not in prediction,Acallocrates denticollis,Canopy cover,2.00,,Acalles micros,0.63,severe,species not extracted at all
"species present, trait missing",Abdera affinis,Dead-wood decay,3.25,,,,moderate,the trait was not extracted for this species
"species present, trait missing",Anisotoma orbicularis,Diameter,2.50,,,,moderate,the trait was not extracted for this species
"species present, trait missing",Mycetophagus ater,Dead-wood decay,3.80,,,,moderate,the trait was not extracted for this species
"species present, trait missing",Phloeosinus thujae,Dead-wood decay,1.75,,,,moderate,the trait was not extracted for this species
"species present, trait missing",Lacon querceus,Dead-wood decay,3.40,,,,moderate,the trait was not extracted for this species
"species present, trait missing",Rhyncolus ater,Diameter,2.29,,,,moderate,the trait was not extracted for this species
"species present, trait missing",Malthodes maurus,Diameter,2.29,,,,moderate,the trait was not extracted for this species
"species present, trait missing",Rhizophagus cribratus,Diameter,3.00,,,,moderate,the trait was not extracted for this species
"species present, trait missing",Choragus sheppardi,Dead-wood decay,3.00,,,,moderate,the trait was not extracted for this species
"species present, trait missing",Crypturgus cinereus,Dead-wood decay,2.00,,,,moderate,the trait was not extracted for this species
"species present, trait missing",Sulcacis bidentulus,Diameter,3.00,,,,moderate,the trait was not extracted for this species
"species present, trait missing",Platydema violaceum,Diameter,2.60,,,,moderate,the trait was not extracted for this species
"species present, trait missing",Pediacus dermestoides,Dead-wood decay,2.00,,,,moderate,the trait was not extracted for this species
"species present, trait missing",Hypulus quercinus,Dead-wood decay,3.50,,,,moderate,the trait was not extracted for this species
"species present, trait missing",Malthodes spretus,Dead-wood decay,3.2,,,,moderate,the trait was not extracted for this species
"species present, trait missing",Anidorus nigrinus,Dead-wood decay,3.50,,,,moderate,the trait was not extracted for this species
"species present, trait missing",Stenichnus bicolor,Dead-wood decay,3.17,,,,moderate,the trait was not extracted for this species
"species present, trait missing",Phloeopora scribae,Diameter,2.00,,,,moderate,the trait was not extracted for this species
"species present, trait missing",Diaclina fagi,Diameter,3.00,,,,moderate,the trait was not extracted for this species
"species present, trait missing",Mordella huetheri,Dead-wood decay,3.00,,,,moderate,the trait was not extracted for this species
"species present, trait missing",Drapetes cinctus,Dead-wood decay,3.50,,,,moderate,the trait was not extracted for this species
"species present, trait missing",Epuraea deubeli,Dead-wood decay,2.00,,,,moderate,the trait was not extracted for this species
"species present, trait missing",Xestobium plumbeum,Diameter,1.00,,,,moderate,the trait was not extracted for this species
"species present, trait missing",Chrysanthia nigricornis,Dead-wood decay,3.40,,,,moderate,the trait was not extracted for this species
"species present, trait missing",Dendrophagus crenatus,Diameter,2.00,,,,moderate,the trait was not extracted for this species
"species present, trait missing",Atrecus affinis,Diameter,2.60,,,,moderate,the trait was not extracted for this species
"species present, trait missing",Hadreule elongatulum,Diameter,3.00,,,,moderate,the trait was not extracted for this species
"species present, trait missing",Rhagium sycophanta,Dead-wood decay,2.00,,,,moderate,the trait was not extracted for this species
"species present, trait missing",Micrambe abietis,Diameter,1.00,,,,moderate,the trait was not extracted for this species
"species present, trait missing",Cryptophagus cylindrus,Diameter,1.00,,,,moderate,the trait was not extracted for this species
"species present, trait missing",Agrilus laticornis,Dead-wood decay,1.75,,,,moderate,the trait was not extracted for this species
"species present, trait missing",Anaspis rufilabris,Dead-wood decay,4.00,,,,moderate,the trait was not extracted for this species
"species present, trait missing",Nematodes filum,Diameter,3.00,,,,moderate,the trait was not extracted for this species
"species present, trait missing",Dirhagus pygmaeus,Dead-wood decay,3.50,,,,moderate,the trait was not extracted for this species
"species present, trait missing",Caenoscelis ferruginea,Dead-wood decay,4.00,,,,moderate,the trait was not extracted for this species
"species present, trait missing",Corticaria abietorum,Diameter,1.00,,,,moderate,the trait was not extracted for this species
"species present, trait missing",Dryophilus anobioides,Diameter,1.00,,,,moderate,the trait was not extracted for this species
"species present, trait missing",Dictyopterus aurora,Diameter,2.50,,,,moderate,the trait was not extracted for this species
"species present, trait missing",Triplax carpathica,Diameter,3.00,,,,moderate,the trait was not extracted for this species
"species present, trait missing",Anaspis marginicollis,Dead-wood decay,4.00,,,,moderate,the trait was not extracted for this species
"species present, trait missing",Scaphisoma boreale,Diameter,3.00,,,,moderate,the trait was not extracted for this species
"species present, trait missing",Phaeochrotes cinctus,Dead-wood decay,2.50,,,,moderate,the trait was not extracted for this species
"species present, trait missing",Anaspis garneysi,Dead-wood decay,4.00,,,,moderate,the trait was not extracted for this species
"species present, trait missing",Pachytodes cerambyciformis,Dead-wood decay,3.17,,,,moderate,the trait was not extracted for this species
"species present, trait missing",Orthotomicus laricis,Dead-wood decay,2.00,,,,moderate,the trait was not extracted for this species
"species present, trait missing",Hylurgus ligniperda,Diameter,2.50,,,,moderate,the trait was not extracted for this species
"species present, trait missing",Anaspis varians,Dead-wood decay,4.00,,,,moderate,the trait was not extracted for this species
"species present, trait missing",Prionychus melanarius,Diameter,3.2,,,,moderate,the trait was not extracted for this species
"species present, trait missing",Chrysobothris affinis,Dead-wood decay,2.00,,,,moderate,the trait was not extracted for this species
"species present, trait missing",Magdalis nitida,Dead-wood decay,2.00,,,,moderate,the trait was not extracted for this species
"species present, trait missing",Tritoma bipustulata,Dead-wood decay,3.40,,,,moderate,the trait was not extracted for this species
"species present, trait missing",Ipidia binotata,Diameter,3.00,,,,moderate,the trait was not extracted for this species
"species present, trait missing",Pentaphyllus testaceus,Diameter,3.80,,,,moderate,the trait was not extracted for this species
"species present, trait missing",Gastrallus immarginatus,Diameter,3.00,,,,moderate,the trait was not extracted for this species
"species present, trait missing",Dorcatoma dresdensis,Diameter,2.50,,,,moderate,the trait was not extracted for this species
"species present, trait missing",Scydmaenus perrisii,Dead-wood decay,4.00,,,,moderate,the trait was not extracted for this species
"species present, trait missing",Stenurella nigra,Dead-wood decay,3.40,,,,moderate,the trait was not extracted for this species
"species present, trait missing",Epiphanis cornutus,Dead-wood decay,3.50,,,,moderate,the trait was not extracted for this species
"species present, trait missing",Tetropium castaneum,Diameter,2.2,,,,moderate,the trait was not extracted for this species
"species present, trait missing",Liodopria serricornis,Dead-wood decay,4.00,,,,moderate,the trait was not extracted for this species
"species present, trait missing",Acalles roboris,Diameter,1.2,,,,moderate,the trait was not extracted for this species
"species present, trait missing",Melanophila acuminata,Diameter,2.00,,,,moderate,the trait was not extracted for this species
"species present, trait missing",Anaspis humeralis,Dead-wood decay,4.00,,,,moderate,the trait was not extracted for this species
"species present, trait missing",Cerylon fagi,Diameter,3.00,,,,moderate,the trait was not extracted for this species
"species present, trait missing",Corymbia scutellata,Dead-wood decay,3.40,,,,moderate,the trait was not extracted for this species
"species present, trait missing",Ochina ptinoides,Dead-wood decay,3.00,,,,moderate,the trait was not extracted for this species
"species present, trait missing",Atheta picipes,Diameter,3.00,,,,moderate,the trait was not extracted for this species
"species present, trait missing",Megopis scabricornis,Diameter,3.2,,,,moderate,the trait was not extracted for this species
"species present, trait missing",Mycetophagus multipunctatus,Diameter,2.50,,,,moderate,the trait was not extracted for this species
"species present, trait missing",Orthocis lucasi,Diameter,2.50,,,,moderate,the trait was not extracted for this species
"species present, trait missing",Brachygonus megerlei,Diameter,3.80,,,,moderate,the trait was not extracted for this species
"species present, trait missing",Arpidiphorus orbiculatus,Dead-wood decay,4.00,,,,moderate,the trait was not extracted for this species
"species present, trait missing",Magdalis duplicata,Dead-wood decay,2.00,,,,moderate,the trait was not extracted for this species
"species present, trait missing",Obrium brunneum,Dead-wood decay,2.00,,,,moderate,the trait was not extracted for this species
"species present, trait missing",Isorhipis melasoides,Diameter,3.00,,,,moderate,the trait was not extracted for this species
"species present, trait missing",Pityophthorus lichtensteini,Diameter,1.00,,,,moderate,the trait was not extracted for this species
"species present, trait missing",Hylecoetus dermestoides,Diameter,3.00,,,,moderate,the trait was not extracted for this species
"species present, trait missing",Gabrius splendidulus,Diameter,2.60,,,,moderate,the trait was not extracted for this species
"species present, trait missing",Eulagius filicornis,Dead-wood decay,2.60,,,,moderate,the trait was not extracted for this species
"species present, trait missing",Hylis cariniceps,Dead-wood decay,3.50,,,,moderate,the trait was not extracted for this species
"species present, trait missing",Platycerus caraboides,Dead-wood decay,3.40,,,,moderate,the trait was not extracted for this species
"species present, trait missing",Ampedus erythrogonus,Dead-wood decay,3.86,,,,moderate,the trait was not extracted for this species
"species present, trait missing",Phloeophthorus rhododactylus,Dead-wood decay,2.00,,,,moderate,the trait was not extracted for this species
"species present, trait missing",Xyloterus signatus,Diameter,2.50,,,,moderate,the trait was not extracted for this species
"species present, trait missing",Corticeus fasciatus,Dead-wood decay,3.00,,,,moderate,the trait was not extracted for this species
"species present, trait missing",Phloeopora testacea,Diameter,2.00,,,,moderate,the trait was not extracted for this species
"species present, trait missing",Oligomerus brunneus,Dead-wood decay,3.00,,,,moderate,the trait was not extracted for this species
"species present, trait missing",Attagenus schaefferi,Diameter,3.50,,,,moderate,the trait was not extracted for this species
"species present, trait missing",Phloeophagus thomsoni,Dead-wood decay,3.00,,,,moderate,the trait was not extracted for this species
"species present, trait missing",Anthaxia nitidula,Diameter,1.00,,,,moderate,the trait was not extracted for this species
"species present, trait missing",Amphotis marginata,Dead-wood decay,4.00,,,,moderate,the trait was not extracted for this species
"species present, trait missing",Acalles dubius,Diameter,1.2,,,,moderate,the trait was not extracted for this species
"species present, trait missing",Orchesia luteipalpis,Diameter,2.50,,,,moderate,the trait was not extracted for this species
"species present, trait missing",Quedius xanthopus,Diameter,2.67,,,,moderate,the trait was not extracted for this species
"species present, trait missing",Gyrophaena strictula,Diameter,2.60,,,,moderate,the trait was not extracted for this species
"species present, trait missing",Acalles parvulus,Diameter,1.2,,,,moderate,the trait was not extracted for this species
"species present, trait missing",Serropalpus barbatus,Dead-wood decay,2.25,,,,moderate,the trait was not extracted for this species
"species present, trait missing",Rhagium bifasciatum,Diameter,2.50,,,,moderate,the trait was not extracted for this species
"species present, trait missing",Platysoma compressum,Diameter,3.00,,,,moderate,the trait was not extracted for this species
"species present, trait missing",Microscydmus minimus,Dead-wood decay,4.50,,,,moderate,the trait was not extracted for this species
"species present, trait missing",Dorcatoma flavicornis,Dead-wood decay,3.40,,,,moderate,the trait was not extracted for this species
"species present, trait missing",Cis castaneus,Dead-wood decay,3.40,,,,moderate,the trait was not extracted for this species
"species present, trait missing",Scaphisoma agaricinum,Diameter,2.33,,,,moderate,the trait was not extracted for this species
"species present, trait missing",Mycetochara humeralis,Diameter,3.80,,,,moderate,the trait was not extracted for this species
"species present, trait missing",Cis glabratus,Diameter,2.50,,,,moderate,the trait was not extracted for this species
"species present, trait missing",Atomaria bella,Diameter,2.00,,,,moderate,the trait was not extracted for this species
"species present, trait missing",Plectophloeus fischeri,Dead-wood decay,4.17,,,,moderate,the trait was not extracted for this species
"species present, trait missing",Ptinella errabunda,Diameter,2.50,,,,moderate,the trait was not extracted for this species
"species present, trait missing",Corticaria linearis,Diameter,1.00,,,,moderate,the trait was not extracted for this species
"species present, trait missing",Abdera flexuosa,Dead-wood decay,3.25,,,,moderate,the trait was not extracted for this species
"species present, trait missing",Hylurgops glabratus,Diameter,2.50,,,,moderate,the trait was not extracted for this species
"species present, trait missing",Phyllodrepa melanocephala,Dead-wood decay,4.00,,,,moderate,the trait was not extracted for this species
"species present, trait missing",Corymbia rubra,Dead-wood decay,3.50,,,,moderate,the trait was not extracted for this species
"species present, trait missing",Anaspis frontalis,Dead-wood decay,4.00,,,,moderate,the trait was not extracted for this species
"species present, trait missing",Bibloporus bicolor,Diameter,3.00,,,,moderate,the trait was not extracted for this species
"species present, trait missing",Anoplodera sexguttata,Dead-wood decay,3.40,,,,moderate,the trait was not extracted for this species
"species present, trait missing",Cortodera femorata,Diameter,1.00,,,,moderate,the trait was not extracted for this species
"species present, trait missing",Scydmaenus hellwigii,Diameter,3.50,,,,moderate,the trait was not extracted for this species
"species present, trait missing",Camptorhinus statua,Diameter,3.00,,,,moderate,the trait was not extracted for this species
"species present, trait missing",Orthoperus atomus,Dead-wood decay,3.29,,,,moderate,the trait was not extracted for this species
"species present, trait missing",Orthoperus punctulatus,Dead-wood decay,3.29,,,,moderate,the trait was not extracted for this species
"species present, trait missing",Rhizophagus parallelocollis,Diameter,2.29,,,,moderate,the trait was not extracted for this species
"species present, trait missing",Pityophthorus pubescens,Diameter,1.00,,,,moderate,the trait was not extracted for this species
"species present, trait missing",Calyptomerus alpestris,Diameter,1.2,,,,moderate,the trait was not extracted for this species
"species present, trait missing",Pityophagus ferrugineus,Diameter,2.50,,,,moderate,the trait was not extracted for this species
"species present, trait missing",Bolitophagus interruptus,Dead-wood decay,3.33,,,,moderate,the trait was not extracted for this species
"species present, trait missing",Pityophthorus pityographus,Dead-wood decay,1.75,,,,moderate,the trait was not extracted for this species
"species present, trait missing",Bostrichus capucinus,Dead-wood decay,2.40,,,,moderate,the trait was not extracted for this species
"species present, trait missing",Epuraea boreella,Dead-wood decay,2.00,,,,moderate,the trait was not extracted for this species
"species present, trait missing",Hylecoetus flabellicornis,Diameter,3.00,,,,moderate,the trait was not extracted for this species
"species present, trait missing",Cerylon histeroides,Dead-wood decay,3.67,,,,moderate,the trait was not extracted for this species
"species present, trait missing",Leiesthes seminigra,Dead-wood decay,3.80,,,,moderate,the trait was not extracted for this species
"species present, trait missing",Ampedus pomorum,Diameter,2.50,,,,moderate,the trait was not extracted for this species
"species present, trait missing",Leiopus linnei,Dead-wood decay,2.00,,,,moderate,the trait was not extracted for this species
"species present, trait missing",Dorcatoma punctulata,Diameter,3.00,,,,moderate,the trait was not extracted for this species
"species present, trait missing",Denticollis linearis,Dead-wood decay,3.40,,,,moderate,the trait was not extracted for this species
"species present, trait missing",Ptinella tenella,Dead-wood decay,4.00,,,,moderate,the trait was not extracted for this species
"species present, trait missing",Dryocoetes villosus,Diameter,3.00,,,,moderate,the trait was not extracted for this species
"species present, trait missing",Sulcacis fronticornis,Diameter,2.50,,,,moderate,the trait was not extracted for this species
"species present, trait missing",Pidonia lurida,Dead-wood decay,3.40,,,,moderate,the trait was not extracted for this species
"species present, trait missing",Silvanus unidentatus,Dead-wood decay,2.00,,,,moderate,the trait was not extracted for this species
"species present, trait missing",Sulcacis affinis,Diameter,2.50,,,,moderate,the trait was not extracted for this species
"species present, trait missing",Lymexylon navale,Dead-wood decay,2.00,,,,moderate,the trait was not extracted for this species
"species present, trait missing",Epuraea silacea,Diameter,3.00,,,,moderate,the trait was not extracted for this species
"species present, trait missing",Enicmus brevicornis,Dead-wood decay,2.50,,,,moderate,the trait was not extracted for this species
"species present, trait missing",Acalles micros,Diameter,1.2,,,,moderate,the trait was not extracted for this species
"species present, trait missing",Cryptophagus subdepressus,Dead-wood decay,2.50,,,,moderate,the trait was not extracted for this species
"species present, trait missing",Cicones variegatus,Dead-wood decay,3.40,,,,moderate,the trait was not extracted for this species
"species present, trait missing",Cryphalus piceae,Diameter,1.00,,,,moderate,the trait was not extracted for this species
"species present, trait missing",Malthodes marginatus,Diameter,2.29,,,,moderate,the trait was not extracted for this species
"species present, trait missing",Bitoma crenata,Diameter,2.50,,,,moderate,the trait was not extracted for this species
"species present, trait missing",Cis lineatocribratus,Dead-wood decay,3.40,,,,moderate,the trait was not extracted for this species
"species present, trait missing",Aplocnemus nigricornis,Dead-wood decay,2.50,,,,moderate,the trait was not extracted for this species
"species present, trait missing",Melanotus crassicollis,Diameter,2.50,,,,moderate,the trait was not extracted for this species
"species present, trait missing",Epuraea rufomarginata,Diameter,1.2,,,,moderate,the trait was not extracted for this species
"species present, trait missing",Hylastes attenuatus,Dead-wood decay,2.00,,,,moderate,the trait was not extracted for this species
"species present, trait missing",Xyloterus lineatus,Dead-wood decay,2.00,,,,moderate,the trait was not extracted for this species
"species present, trait missing",Phloeophagus lignarius,Dead-wood decay,3.00,,,,moderate,the trait was not extracted for this species
"species present, trait missing",Latridius consimilis,Dead-wood decay,3.71,,,,moderate,the trait was not extracted for this species
"species present, trait missing",Hylastes linearis,Dead-wood decay,2.00,,,,moderate,the trait was not extracted for this species
"species present, trait missing",Dasytes virens,Dead-wood decay,3.2,,,,moderate,the trait was not extracted for this species
"species present, trait missing",Dendrophilus punctatus,Diameter,4.00,,,,moderate,the trait was not extracted for this species
"species present, trait missing",Xylechinus pilosus,Dead-wood decay,2.00,,,,moderate,the trait was not extracted for this species
"species present, trait missing",Orchesia micans,Diameter,2.50,,,,moderate,the trait was not extracted for this species
"species present, trait missing",Plagionotus detritus,Dead-wood decay,2.00,,,,moderate,the trait was not extracted for this species
"species present, trait missing",Pyrrhidium sanguineum,Diameter,1.90,,,,moderate,the trait was not extracted for this species
"species present, trait missing",Cucujus cinnaberinus,Dead-wood decay,2.40,,,,moderate,the trait was not extracted for this species
"species present, trait missing",Xylocleptes bispinus,Diameter,1.00,,,,moderate,the trait was not extracted for this species
"species present, trait missing",Hylis procerulus,Diameter,2.50,,,,moderate,the trait was not extracted for this species
"species present, trait missing",Clytus arietis,Dead-wood decay,2.50,,,,moderate,the trait was not extracted for this species
"species present, trait missing",Anobium hederae,Dead-wood decay,3.00,,,,moderate,the trait was not extracted for this species
"species present, trait missing",Dircaea australis,Diameter,3.00,,,,moderate,the trait was not extracted for this species
"species present, trait missing",Abraeus parvulus,Diameter,3.80,,,,moderate,the trait was not extracted for this species
"species present, trait missing",Platypus oxyurus,Dead-wood decay,2.00,,,,moderate,the trait was not extracted for this species
"species present, trait missing",Dryocoetes hectographus,Diameter,2.00,,,,moderate,the trait was not extracted for this species
"species present, trait missing",Dryophilus pusillus,Diameter,1.00,,,,moderate,the trait was not extracted for this species
"species present, trait missing",Phloiotrya vaudoueri,Diameter,2.2,,,,moderate,the trait was not extracted for this species
"species present, trait missing",Ernobius nigrinus,Dead-wood decay,1.86,,,,moderate,the trait was not extracted for this species
"species present, trait missing",Stephostethus rugicollis,Dead-wood decay,2.50,,,,moderate,the trait was not extracted for this species
"species present, trait missing",Scolytus rugulosus,Diameter,1.2,,,,moderate,the trait was not extracted for this species
"species present, trait missing",Arthrolips obscurus,Diameter,2.29,,,,moderate,the trait was not extracted for this species
"species present, trait missing",Cryphalus abietis,Diameter,1.00,,,,moderate,the trait was not extracted for this species
"species present, trait missing",Silvanus bidentatus,Diameter,2.50,,,,moderate,the trait was not extracted for this species
"species present, trait missing",Pycnomerus terebrans,Diameter,3.80,,,,moderate,the trait was not extracted for this species
"species present, trait missing",Symbiotes gibberosus,Diameter,3.2,,,,moderate,the trait was not extracted for this species
"species present, trait missing",Platypus cylindrus,Dead-wood decay,2.00,,,,moderate,the trait was not extracted for this species
"species present, trait missing",Crepidophorus mutilatus,Dead-wood decay,4.60,,,,moderate,the trait was not extracted for this species
"species present, trait missing",Prostomis mandibularis,Dead-wood decay,3.50,,,,moderate,the trait was not extracted for this species
"species present, trait missing",Mycetophagus populi,Dead-wood decay,3.60,,,,moderate,the trait was not extracted for this species
"species present, trait missing",Cyclorhipidion bodoanus,Dead-wood decay,2.00,,,,moderate,the trait was not extracted for this species
"species present, trait missing",Aplocnemus alpestris,Dead-wood decay,2.50,,,,moderate,the trait was not extracted for this species
"species present, trait missing",Rabocerus gabrieli,Dead-wood decay,2.00,,,,moderate,the trait was not extracted for this species
"species present, trait missing",Stenurella melanura,Diameter,1.00,,,,moderate,the trait was not extracted for this species
"species present, trait missing",Curtimorda maculosa,Diameter,3.00,,,,moderate,the trait was not extracted for this species
"species present, trait missing",Trinodes hirtus,Diameter,3.80,,,,moderate,the trait was not extracted for this species
"species present, trait missing",Malthinus frontalis,Dead-wood decay,3.2,,,,moderate,the trait was not extracted for this species
"species present, trait missing",Trichoceble floralis,Diameter,2.71,,,,moderate,the trait was not extracted for this species
"species present, trait missing",Hylastes brunneus,Dead-wood decay,2.00,,,,moderate,the trait was not extracted for this species
"species present, trait missing",Scolytus intricatus,Diameter,1.2,,,,moderate,the trait was not extracted for this species
"species present, trait missing",Cryptarcha strigata,Dead-wood decay,1.14,,,,moderate,the trait was not extracted for this species
"species present, trait missing",Cis comptus,Dead-wood decay,3.25,,,,moderate,the trait was not extracted for this species
"species present, trait missing",Malthodes dispar,Dead-wood decay,3.2,,,,moderate,the trait was not extracted for this species
"species present, trait missing",Acalles echinatus,Diameter,1.2,,,,moderate,the trait was not extracted for this species
"species present, trait missing",Epuraea terminalis,Diameter,2.00,,,,moderate,the trait was not extracted for this species
"species present, trait missing",Epuraea marseuli,Dead-wood decay,2.25,,,,moderate,the trait was not extracted for this species
"species present, trait missing",Ernoporicus caucasicus,Diameter,1.2,,,,moderate,the trait was not extracted for this species
"species present, trait missing",Ptenidium gressneri,Dead-wood decay,4.50,,,,moderate,the trait was not extracted for this species
"species present, trait missing",Aderus populneus,Dead-wood decay,4.50,,,,moderate,the trait was not extracted for this species
"species present, trait missing",Mycetophagus ater,Diameter,3.00,,,,moderate,the trait was not extracted for this species
"species present, trait missing",Phloeosinus thujae,Diameter,1.00,,,,moderate,the trait was not extracted for this species
"species present, trait missing",Triplax collaris,Dead-wood decay,3.40,,,,moderate,the trait was not extracted for this species
"species present, trait missing",Anaspis flava,Diameter,2.29,,,,moderate,the trait was not extracted for this species
"species present, trait missing",Anisotoma humeralis,Diameter,2.50,,,,moderate,the trait was not extracted for this species
"species present, trait missing",Placonotus testaceus,Dead-wood decay,2.50,,,,moderate,the trait was not extracted for this species
"species present, trait missing",Prionychus ater,Dead-wood decay,4.60,,,,moderate,the trait was not extracted for this species
"species present, trait missing",Anisoxya fuscula,Dead-wood decay,3.00,,,,moderate,the trait was not extracted for this species
"species present, trait missing",Choragus sheppardi,Diameter,2.29,,,,moderate,the trait was not extracted for this species
"species present, trait missing",Crypturgus cinereus,Diameter,2.2,,,,moderate,the trait was not extracted for this species
"species present, trait missing",Xyleborus germanus,Diameter,2.2,,,,moderate,the trait was not extracted for this species
"species present, trait missing",Pediacus dermestoides,Diameter,2.50,,,,moderate,the trait was not extracted for this species
"species present, trait missing",Hylesinus crenatus,Dead-wood decay,2.00,,,,moderate,the trait was not extracted for this species
"species present, trait missing",Grynocharis oblonga,Dead-wood decay,3.00,,,,moderate,the trait was not extracted for this species
"species present, trait missing",Malthodes spretus,Diameter,2.29,,,,moderate,the trait was not extracted for this species
"species present, trait missing",Uloma culinaris,Dead-wood decay,3.40,,,,moderate,the trait was not extracted for this species
"species present, trait missing",Tetratoma fungorum,Dead-wood decay,3.40,,,,moderate,the trait was not extracted for this species
"species present, trait missing",Stenichnus bicolor,Diameter,3.00,,,,moderate,the trait was not extracted for this species
"species present, trait missing",Melandrya caraboides,Dead-wood decay,3.40,,,,moderate,the trait was not extracted for this species
"species present, trait missing",Pogonocherus hispidulus,Dead-wood decay,2.25,,,,moderate,the trait was not extracted for this species
"species present, trait missing",Platydema dejeanii,Dead-wood decay,3.40,,,,moderate,the trait was not extracted for this species
"species present, trait missing",Mordella huetheri,Diameter,2.29,,,,moderate,the trait was not extracted for this species
"species present, trait missing",Epuraea deubeli,Diameter,3.00,,,,moderate,the trait was not extracted for this species
"species present, trait missing",Exocentrus adspersus,Dead-wood decay,2.00,,,,moderate,the trait was not extracted for this species
"species present, trait missing",Chrysanthia nigricornis,Diameter,1.2,,,,moderate,the trait was not extracted for this species
"species present, trait missing",Orchesia blandula,Dead-wood decay,3.25,,,,moderate,the trait was not extracted for this species
"species present, trait missing",Orthocis festivus,Dead-wood decay,3.00,,,,moderate,the trait was not extracted for this species
"species present, trait missing",Rhagium sycophanta,Diameter,3.00,,,,moderate,the trait was not extracted for this species
"species present, trait missing",Eblisia minor,Dead-wood decay,3.50,,,,moderate,the trait was not extracted for this species
"species present, trait missing",Pityophthorus exsculptus,Dead-wood decay,2.00,,,,moderate,the trait was not extracted for this species
"species present, trait missing",Orthoperus mundus,Dead-wood decay,3.29,,,,moderate,the trait was not extracted for this species
"species present, trait missing",Agrilus laticornis,Diameter,1.2,,,,moderate,the trait was not extracted for this species
"species present, trait missing",Crypturgus pusillus,Diameter,1.2,,,,moderate,the trait was not extracted for this species
"species present, trait missing",Dirhagus pygmaeus,Diameter,2.29,,,,moderate,the trait was not extracted for this species
"species present, trait missing",Caenoscelis ferruginea,Diameter,2.29,,,,moderate,the trait was not extracted for this species
"species present, trait missing",Cis bidentatus,Dead-wood decay,3.40,,,,moderate,the trait was not extracted for this species
"species present, trait missing",Ptinella limbata,Dead-wood decay,4.00,,,,moderate,the trait was not extracted for this species
"species present, trait missing",Epuraea angustula,Dead-wood decay,2.00,,,,moderate,the trait was not extracted for this species
"species present, trait missing",Phaeochrotes cinctus,Diameter,1.00,,,,moderate,the trait was not extracted for this species
"species present, trait missing",Nudobius lentus,Diameter,2.60,,,,moderate,the trait was not extracted for this species
"species present, trait missing",Pachytodes cerambyciformis,Diameter,2.29,,,,moderate,the trait was not extracted for this species
"species present, trait missing",Orthotomicus laricis,Diameter,1.80,,,,moderate,the trait was not extracted for this species
"species present, trait missing",Trachodes hispidus,Diameter,1.00,,,,moderate,the trait was not extracted for this species
"species present, trait missing",Anaspis varians,Diameter,2.29,,,,moderate,the trait was not extracted for this species
"species present, trait missing",Chrysobothris affinis,Diameter,2.50,,,,moderate,the trait was not extracted for this species
"species present, trait missing",Magdalis nitida,Diameter,1.00,,,,moderate,the trait was not extracted for this species
"species present, trait missing",Tritoma bipustulata,Diameter,2.50,,,,moderate,the trait was not extracted for this species
"species present, trait missing",Mordellistena neuwaldeggiana,Dead-wood decay,3.50,,,,moderate,the trait was not extracted for this species
"species present, trait missing",Nemadus colonoides,Dead-wood decay,4.75,,,,moderate,the trait was not extracted for this species
"species present, trait missing",Scydmaenus perrisii,Diameter,3.80,,,,moderate,the trait was not extracted for this species
"species present, trait missing",Stenurella nigra,Diameter,1.00,,,,moderate,the trait was not extracted for this species
"species present, trait missing",Anastrangalia dubia,Dead-wood decay,3.00,,,,moderate,the trait was not extracted for this species
"species present, trait missing",Neomida haemorrhoidalis,Dead-wood decay,2.60,,,,moderate,the trait was not extracted for this species
"species present, trait missing",Euplectus fauveli,Dead-wood decay,4.33,,,,moderate,the trait was not extracted for this species
"species present, trait missing",Liodopria serricornis,Diameter,2.29,,,,moderate,the trait was not extracted for this species
"species present, trait missing",Lissodema cursor,Dead-wood decay,2.25,,,,moderate,the trait was not extracted for this species
"species present, trait missing",Scydmoraphes sparshalli,Dead-wood decay,4.00,,,,moderate,the trait was not extracted for this species
"species present, trait missing",Corymbia scutellata,Diameter,3.00,,,,moderate,the trait was not extracted for this species
"species present, trait missing",Placusa tachyporoides,Diameter,2.60,,,,moderate,the trait was not extracted for this species
"species present, trait missing",Dorcatoma setosella,Diameter,3.00,,,,moderate,the trait was not extracted for this species
"species present, trait missing",Arpidiphorus orbiculatus,Diameter,2.50,,,,moderate,the trait was not extracted for this species
"species present, trait missing",Lissodema denticolle,Dead-wood decay,2.25,,,,moderate,the trait was not extracted for this species
"species present, trait missing",Magdalis duplicata,Diameter,1.00,,,,moderate,the trait was not extracted for this species
"species present, trait missing",Mycetochara axillaris,Dead-wood decay,4.17,,,,moderate,the trait was not extracted for this species
"species present, trait missing",Triplax elongata,Diameter,3.00,,,,moderate,the trait was not extracted for this species
"species present, trait missing",Ischnodes sanguinicollis,Dead-wood decay,5.00,,,,moderate,the trait was not extracted for this species
"species present, trait missing",Epuraea biguttata,Diameter,2.80,,,,moderate,the trait was not extracted for this species
"species present, trait missing",Xyleborus dryographus,Dead-wood decay,2.00,,,,moderate,the trait was not extracted for this species
"species present, trait missing",Cryptophagus intermedius,Dead-wood decay,3.2,,,,moderate,the trait was not extracted for this species
"species present, trait missing",Oxymirus cursor,Dead-wood decay,3.60,,,,moderate,the trait was not extracted for this species
"species present, trait missing",Eulagius filicornis,Diameter,2.15,,,,moderate,the trait was not extracted for this species
"species present, trait missing",Notolaemus unifasciatus,Dead-wood decay,2.00,,,,moderate,the trait was not extracted for this species
"species present, trait missing",Malthodes hexacanthus,Dead-wood decay,3.2,,,,moderate,the trait was not extracted for this species
"species present, trait missing",Hylis cariniceps,Diameter,2.29,,,,moderate,the trait was not extracted for this species
"species present, trait missing",Ampedus balteatus,Dead-wood decay,3.40,,,,moderate,the trait was not extracted for this species
"species present, trait missing",Platycerus caraboides,Diameter,2.00,,,,moderate,the trait was not extracted for this species
"species present, trait missing",Ampedus erythrogonus,Diameter,3.50,,,,moderate,the trait was not extracted for this species
"species present, trait missing",Mycetophagus quadriguttatus,Dead-wood decay,4.50,,,,moderate,the trait was not extracted for this species
"species present, trait missing",Quedius brevicornis,Dead-wood decay,4.50,,,,moderate,the trait was not extracted for this species
"species present, trait missing",Corticeus fasciatus,Diameter,3.80,,,,moderate,the trait was not extracted for this species
"species present, trait missing",Stenocorus meridianus,Dead-wood decay,3.40,,,,moderate,the trait was not extracted for this species
"species present, trait missing",Oligomerus brunneus,Diameter,3.00,,,,moderate,the trait was not extracted for this species
"species present, trait missing",Phloeophagus thomsoni,Diameter,3.80,,,,moderate,the trait was not extracted for this species
"species present, trait missing",Leiopus nebulosus,Diameter,1.2,,,,moderate,the trait was not extracted for this species
"species present, trait missing",Opanthribus tessellatus,Dead-wood decay,3.00,,,,moderate,the trait was not extracted for this species
"species present, trait missing",Lacon lepidopterus,Diameter,3.00,,,,moderate,the trait was not extracted for this species
"species present, trait missing",Anaspis lurida,Dead-wood decay,4.00,,,,moderate,the trait was not extracted for this species
"species present, trait missing",Scolytus mali,Dead-wood decay,1.75,,,,moderate,the trait was not extracted for this species
"species present, trait missing",Ampedus nigroflavus,Dead-wood decay,3.40,,,,moderate,the trait was not extracted for this species
"species present, trait missing",Sinodendron cylindricum,Dead-wood decay,3.25,,,,moderate,the trait was not extracted for this species
"species present, trait missing",Epuraea neglecta,Diameter,2.2,,,,moderate,the trait was not extracted for this species
"species present, trait missing",Serropalpus barbatus,Diameter,2.2,,,,moderate,the trait was not extracted for this species
"species present, trait missing",Malthinus punctatus,Dead-wood decay,3.2,,,,moderate,the trait was not extracted for this species
"species present, trait missing",Scaphidema metallicum,Dead-wood decay,3.80,,,,moderate,the trait was not extracted for this species
"species present, trait missing",Microscydmus minimus,Diameter,3.00,,,,moderate,the trait was not extracted for this species
"species present, trait missing",Mordella aculeata,Dead-wood decay,3.00,,,,moderate,the trait was not extracted for this species
"species present, trait missing",Dorcatoma flavicornis,Diameter,3.80,,,,moderate,the trait was not extracted for this species
"species present, trait missing",Cis castaneus,Diameter,2.50,,,,moderate,the trait was not extracted for this species
"species present, trait missing",Protaetia lugubris,Diameter,3.80,,,,moderate,the trait was not extracted for this species
"species present, trait missing",Malthodes maurus,Dead-wood decay,3.2,,,,moderate,the trait was not extracted for this species
"species present, trait missing",Dinoptera collaris,Dead-wood decay,3.50,,,,moderate,the trait was not extracted for this species
"species present, trait missing",Tetropium fuscum,Dead-wood decay,2.00,,,,moderate,the trait was not extracted for this species
"species present, trait missing",Plectophloeus fischeri,Diameter,3.00,,,,moderate,the trait was not extracted for this species
"species present, trait missing",Magdalis phlegmatica,Dead-wood decay,2.00,,,,moderate,the trait was not extracted for this species
"species present, trait missing",Abdera flexuosa,Diameter,2.29,,,,moderate,the trait was not extracted for this species
"species present, trait missing",Phyllodrepa melanocephala,Diameter,3.40,,,,moderate,the trait was not extracted for this species
"species present, trait missing",Corymbia rubra,Diameter,2.50,,,,moderate,the trait was not extracted for this species
"species present, trait missing",Soronia oblonga,Dead-wood decay,1.50,,,,moderate,the trait was not extracted for this species
"species present, trait missing",Anaspis frontalis,Diameter,2.29,,,,moderate,the trait was not extracted for this species
"species present, trait missing",Globicornis nigripes,Diameter,3.2,,,,moderate,the trait was not extracted for this species
"species present, trait missing",Cychramus luteus,Dead-wood decay,3.40,,,,moderate,the trait was not extracted for this species
"species present, trait missing",Triplax aenea,Diameter,3.00,,,,moderate,the trait was not extracted for this species
"species present, trait missing",Plagionotus arcuatus,Dead-wood decay,2.00,,,,moderate,the trait was not extracted for this species
"species present, trait missing",Teredus cylindricus,Dead-wood decay,2.50,,,,moderate,the trait was not extracted for this species
"species present, trait missing",Anoplodera sexguttata,Diameter,2.50,,,,moderate,the trait was not extracted for this species
"species present, trait missing",Dendrophagus crenatus,Dead-wood decay,2.50,,,,moderate,the trait was not extracted for this species
"species present, trait missing",Cerophytum elateroides,Dead-wood decay,3.50,,,,moderate,the trait was not extracted for this species
"species present, trait missing",Mycetophagus piceus,Dead-wood decay,3.50,,,,moderate,the trait was not extracted for this species
"species present, trait missing",Malthodes fuscus,Dead-wood decay,3.2,,,,moderate,the trait was not extracted for this species
"species present, trait missing",Orthoperus atomus,Diameter,1.86,,,,moderate,the trait was not extracted for this species
"species present, trait missing",Orthoperus punctulatus,Diameter,1.67,,,,moderate,the trait was not extracted for this species
"species present, trait missing",Nematodes filum,Dead-wood decay,3.00,,,,moderate,the trait was not extracted for this species
"species present, trait missing",Pityophthorus pityographus,Diameter,1.00,,,,moderate,the trait was not extracted for this species
"species present, trait missing",Bolitophagus interruptus,Diameter,3.00,,,,moderate,the trait was not extracted for this species
"species present, trait missing",Bostrichus capucinus,Diameter,1.50,,,,moderate,the trait was not extracted for this species
"species present, trait missing",Ampedus praeustus,Dead-wood decay,3.40,,,,moderate,the trait was not extracted for this species
"species present, trait missing",Epuraea boreella,Diameter,2.00,,,,moderate,the trait was not extracted for this species
"species present, trait missing",Pelecotoma fennica,Dead-wood decay,3.00,,,,moderate,the trait was not extracted for this species
"species present, trait missing",Cerylon histeroides,Diameter,2.50,,,,moderate,the trait was not extracted for this species
"species present, trait missing",Leiopus linnei,Diameter,1.2,,,,moderate,the trait was not extracted for this species
"species present, trait missing",Denticollis linearis,Diameter,2.50,,,,moderate,the trait was not extracted for this species
"species present, trait missing",Ptinella tenella,Diameter,2.50,,,,moderate,the trait was not extracted for this species
"species present, trait missing",Pidonia lurida,Diameter,2.50,,,,moderate,the trait was not extracted for this species
"species present, trait missing",Silvanus unidentatus,Diameter,2.00,,,,moderate,the trait was not extracted for this species
"species present, trait missing",Rhizophagus brancsiki,Diameter,2.67,,,,moderate,the trait was not extracted for this species
"species present, trait missing",Baeocrara variolosa,Diameter,2.29,,,,moderate,the trait was not extracted for this species
"species present, trait missing",Quedius microps,Diameter,3.40,,,,moderate,the trait was not extracted for this species
"species present, trait missing",Lymexylon navale,Diameter,3.00,,,,moderate,the trait was not extracted for this species
"species present, trait missing",Lathropus sepicola,Dead-wood decay,2.40,,,,moderate,the trait was not extracted for this species
"species present, trait missing",Enicmus brevicornis,Diameter,1.86,,,,moderate,the trait was not extracted for this species
"species present, trait missing",Conopalpus testaceus,Dead-wood decay,3.40,,,,moderate,the trait was not extracted for this species
"species present, trait missing",Osphya bipunctata,Dead-wood decay,3.25,,,,moderate,the trait was not extracted for this species
"species present, trait missing",Cicones variegatus,Diameter,3.00,,,,moderate,the trait was not extracted for this species
"species present, trait missing",Prionychus melanarius,Dead-wood decay,4.29,,,,moderate,the trait was not extracted for this species
"species present, trait missing",Rhizophagus ferrugineus,Dead-wood decay,2.00,,,,moderate,the trait was not extracted for this species
"species present, trait missing",Cis lineatocribratus,Diameter,2.50,,,,moderate,the trait was not extracted for this species
"species present, trait missing",Grammoptera ustulata,Diameter,1.00,,,,moderate,the trait was not extracted for this species
"species present, trait missing",Ipidia binotata,Dead-wood decay,2.50,,,,moderate,the trait was not extracted for this species
"species present, trait missing",Pentaphyllus testaceus,Dead-wood decay,4.40,,,,moderate,the trait was not extracted for this species
"species present, trait missing",Xyloterus lineatus,Diameter,2.29,,,,moderate,the trait was not extracted for this species
"species present, trait missing",Mycetophagus atomarius,Dead-wood decay,3.17,,,,moderate,the trait was not extracted for this species
"species present, trait missing",Latridius consimilis,Diameter,3.00,,,,moderate,the trait was not extracted for this species
"species present, trait missing",Hylastes linearis,Diameter,2.50,,,,moderate,the trait was not extracted for this species
"species present, trait missing",Dasytes virens,Diameter,1.86,,,,moderate,the trait was not extracted for this species
"species present, trait missing",Phloeophagus lignarius,Diameter,3.00,,,,moderate,the trait was not extracted for this species
"species present, trait missing",Xylechinus pilosus,Diameter,2.17,,,,moderate,the trait was not extracted for this species
"species present, trait missing",Aplocnemus impressus,Dead-wood decay,3.25,,,,moderate,the trait was not extracted for this species
"species present, trait missing",Anaspis regimbarti,Dead-wood decay,4.00,,,,moderate,the trait was not extracted for this species
"species present, trait missing",Plagionotus detritus,Diameter,3.00,,,,moderate,the trait was not extracted for this species
"species present, trait missing",Acalles roboris,Dead-wood decay,3.25,,,,moderate,the trait was not extracted for this species
"species present, trait missing",Clerus mutillarius,Dead-wood decay,2.00,,,,moderate,the trait was not extracted for this species
"species present, trait missing",Melanophila acuminata,Dead-wood decay,1.75,,,,moderate,the trait was not extracted for this species
"species present, trait missing",Orthotomicus suturalis,Dead-wood decay,2.00,,,,moderate,the trait was not extracted for this species
"species present, trait missing",Atomaria lohsei,Dead-wood decay,2.00,,,,moderate,the trait was not extracted for this species
"species present, trait missing",Latridius hirtus,Dead-wood decay,4.00,,,,moderate,the trait was not extracted for this species
"species present, trait missing",Xylopertha retusa,Diameter,1.00,,,,moderate,the trait was not extracted for this species
"species present, trait missing",Acalles hypocrita,Diameter,1.2,,,,moderate,the trait was not extracted for this species
"species present, trait missing",Anisotoma castanea,Diameter,2.50,,,,moderate,the trait was not extracted for this species
"species present, trait missing",Atomaria atrata,Dead-wood decay,2.00,,,,moderate,the trait was not extracted for this species
"species present, trait missing",Anobium hederae,Diameter,1.00,,,,moderate,the trait was not extracted for this species
"species present, trait missing",Scolytus carpini,Dead-wood decay,2.00,,,,moderate,the trait was not extracted for this species
"species present, trait missing",Ptenidium turgidum,Diameter,3.00,,,,moderate,the trait was not extracted for this species
"species present, trait missing",Xyloterus laevae,Dead-wood decay,2.00,,,,moderate,the trait was not extracted for this species
"species present, trait missing",Platypus oxyurus,Diameter,2.80,,,,moderate,the trait was not extracted for this species
"species present, trait missing",Ernobius nigrinus,Diameter,1.00,,,,moderate,the trait was not extracted for this species
"species present, trait missing",Stephostethus rugicollis,Diameter,1.00,,,,moderate,the trait was not extracted for this species
"species present, trait missing",Bolitochara lucida,Dead-wood decay,3.83,,,,moderate,the trait was not extracted for this species
"species present, trait missing",Cerambyx scopolii,Dead-wood decay,2.00,,,,moderate,the trait was not extracted for this species
"species present, trait missing",Nossidium pilosellum,Diameter,4.00,,,,moderate,the trait was not extracted for this species
"species present, trait missing",Prostomis mandibularis,Diameter,3.00,,,,moderate,the trait was not extracted for this species
"species present, trait missing",Cis boleti,Dead-wood decay,3.40,,,,moderate,the trait was not extracted for this species
"species present, trait missing",Mycetophagus populi,Diameter,3.80,,,,moderate,the trait was not extracted for this species
"species present, trait missing",Aplocnemus alpestris,Diameter,2.29,,,,moderate,the trait was not extracted for this species
"species present, trait missing",Malthinus frontalis,Diameter,2.29,,,,moderate,the trait was not extracted for this species
"species present, trait missing",Hylastes brunneus,Diameter,2.50,,,,moderate,the trait was not extracted for this species
"species present, trait missing",Ampedus melanurus,Dead-wood decay,3.40,,,,moderate,the trait was not extracted for this species
"species present, trait missing",Orchesia minor,Diameter,1.00,,,,moderate,the trait was not extracted for this species
"species present, trait missing",Tenebroides fuscus,Diameter,2.71,,,,moderate,the trait was not extracted for this species
"species present, trait missing",Cryptarcha strigata,Diameter,2.50,,,,moderate,the trait was not extracted for this species
"species present, trait missing",Cis comptus,Diameter,2.50,,,,moderate,the trait was not extracted for this species
"species present, trait missing",Phloeopora testacea,Dead-wood decay,2.25,,,,moderate,the trait was not extracted for this species
"species present, trait missing",Malthodes dispar,Diameter,2.29,,,,moderate,the trait was not extracted for this species
"species present, trait missing",Plegaderus vulneratus,Dead-wood decay,2.00,,,,moderate,the trait was not extracted for this species
"species present, trait missing",Pyropterus nigroruber,Diameter,2.50,,,,moderate,the trait was not extracted for this species
"species present, trait missing",Epuraea marseuli,Diameter,2.2,,,,moderate,the trait was not extracted for this species
"species present, trait missing",Plegaderus dissectus,Dead-wood decay,4.00,,,,moderate,the trait was not extracted for this species
"species present, trait missing",Ptenidium gressneri,Diameter,4.00,,,,moderate,the trait was not extracted for this species
"species present, trait missing",Aderus populneus,Diameter,4.00,,,,moderate,the trait was not extracted for this species
"species present, trait missing",Triplax collaris,Diameter,2.50,,,,moderate,the trait was not extracted for this species
"species present, trait missing",Tetrops praeustus,Diameter,1.00,,,,moderate,the trait was not extracted for this species
"species present, trait missing",Corymbia maculicornis,Dead-wood decay,3.50,,,,moderate,the trait was not extracted for this species
"species present, trait missing",Prionychus ater,Diameter,4.00,,,,moderate,the trait was not extracted for this species
"species present, trait missing",Ropalodontus perforatus,Diameter,2.67,,,,moderate,the trait was not extracted for this species
"species present, trait missing",Salpingus planirostris,Diameter,2.00,,,,moderate,the trait was not extracted for this species
"species present, trait missing",Clytus lama,Dead-wood decay,2.00,,,,moderate,the trait was not extracted for this species
"species present, trait missing",Cyanostolus aeneus,Diameter,2.00,,,,moderate,the trait was not extracted for this species
"species present, trait missing",Hylesinus crenatus,Diameter,3.00,,,,moderate,the trait was not extracted for this species
"species present, trait missing",Mycetochara humeralis,Dead-wood decay,4.17,,,,moderate,the trait was not extracted for this species
"species present, trait missing",Uloma culinaris,Diameter,3.00,,,,moderate,the trait was not extracted for this species
"species present, trait missing",Tetratoma fungorum,Diameter,3.00,,,,moderate,the trait was not extracted for this species
"species present, trait missing",Ischnomera sanguinicollis,Dead-wood decay,3.40,,,,moderate,the trait was not extracted for this species
"species present, trait missing",Taphrorychus bicolor,Diameter,1.80,,,,moderate,the trait was not extracted for this species
"species present, trait missing",Melandrya caraboides,Diameter,2.29,,,,moderate,the trait was not extracted for this species
"species present, trait missing",Platydema dejeanii,Diameter,2.50,,,,moderate,the trait was not extracted for this species
"species present, trait missing",Agathidium nigripenne,Dead-wood decay,3.00,,,,moderate,the trait was not extracted for this species
"species present, trait missing",Henoticus serratus,Dead-wood decay,2.83,,,,moderate,the trait was not extracted for this species
"species present, trait missing",Exocentrus adspersus,Diameter,1.00,,,,moderate,the trait was not extracted for this species
"species present, trait missing",Acritus minutus,Dead-wood decay,2.25,,,,moderate,the trait was not extracted for this species
"species present, trait missing",Orchesia blandula,Diameter,1.90,,,,moderate,the trait was not extracted for this species
"species present, trait missing",Eblisia minor,Diameter,3.00,,,,moderate,the trait was not extracted for this species
"species present, trait missing",Grynobius planus,Dead-wood decay,3.00,,,,moderate,the trait was not extracted for this species
"species present, trait missing",Pityophthorus exsculptus,Diameter,1.00,,,,moderate,the trait was not extracted for this species
"species present, trait missing",Orthoperus mundus,Diameter,1.67,,,,moderate,the trait was not extracted for this species
"species present, trait missing",Bibloporus bicolor,Dead-wood decay,3.40,,,,moderate,the trait was not extracted for this species
"species present, trait missing",Allecula morio,Dead-wood decay,4.60,,,,moderate,the trait was not extracted for this species
"species present, trait missing",Ips cembrae,Dead-wood decay,1.75,,,,moderate,the trait was not extracted for this species
"species present, trait missing",Xyleborus monographus,Dead-wood decay,2.00,,,,moderate,the trait was not extracted for this species
"species present, trait missing",Hylis foveicollis,Diameter,2.29,,,,moderate,the trait was not extracted for this species
"species present, trait missing",Ampedus elongatulus,Diameter,2.50,,,,moderate,the trait was not extracted for this species
"species present, trait missing",Scolytus multistriatus,Dead-wood decay,1.75,,,,moderate,the trait was not extracted for this species
"species present, trait missing",Ernobius abietis,Dead-wood decay,1.86,,,,moderate,the trait was not extracted for this species
"species present, trait missing",Crypturgus hispidulus,Dead-wood decay,2.00,,,,moderate,the trait was not extracted for this species
"species present, trait missing",Oxylaemus variolosus,Dead-wood decay,4.13,,,,moderate,the trait was not extracted for this species
"species present, trait missing",Uloma rufa,Dead-wood decay,3.40,,,,moderate,the trait was not extracted for this species
"species present, trait missing",Dasytes cyaneus,Dead-wood decay,3.2,,,,moderate,the trait was not extracted for this species
"species present, trait missing",Nacerdes carniolica,Dead-wood decay,3.50,,,,moderate,the trait was not extracted for this species
"species present, trait missing",Cis fissicornis,Dead-wood decay,3.25,,,,moderate,the trait was not extracted for this species
species not in prediction,Acallocrates denticollis,Body size,4.00,,Acalles micros,0.63,severe,species not extracted at all
"species present, trait missing",Ampedus pomorum,Dead-wood decay,3.67,,,,moderate,the trait was not extracted for this species
"species present, trait missing",Sulcacis fronticornis,Dead-wood decay,3.40,,,,moderate,the trait was not extracted for this species
"species present, trait missing",Nemadus colonoides,Diameter,4.00,,,,moderate,the trait was not extracted for this species
"species present, trait missing",Bolitochara obliqua,Dead-wood decay,3.25,,,,moderate,the trait was not extracted for this species
"species present, trait missing",Anastrangalia dubia,Diameter,2.50,,,,moderate,the trait was not extracted for this species
"species present, trait missing",Xylotrechus antilope,Dead-wood decay,2.00,,,,moderate,the trait was not extracted for this species
"species present, trait missing",Euplectus fauveli,Diameter,3.40,,,,moderate,the trait was not extracted for this species
"species present, trait missing",Paromalus flavicornis,Dead-wood decay,3.43,,,,moderate,the trait was not extracted for this species
"species present, trait missing",Cis hispidus,Dead-wood decay,3.25,,,,moderate,the trait was not extracted for this species
"species present, trait missing",Lissodema cursor,Diameter,1.00,,,,moderate,the trait was not extracted for this species
"species present, trait missing",Scydmoraphes sparshalli,Diameter,2.29,,,,moderate,the trait was not extracted for this species
"species present, trait missing",Epuraea rufomarginata,Dead-wood decay,2.00,,,,moderate,the trait was not extracted for this species
"species present, trait missing",Diaperis boleti,Dead-wood decay,3.40,,,,moderate,the trait was not extracted for this species
"species present, trait missing",Hallomenus binotatus,Diameter,2.50,,,,moderate,the trait was not extracted for this species
"species present, trait missing",Xylocleptes bispinus,Dead-wood decay,2.00,,,,moderate,the trait was not extracted for this species
"species present, trait missing",Grammoptera ruficornis,Dead-wood decay,2.75,,,,moderate,the trait was not extracted for this species
"species present, trait missing",Mycetochara axillaris,Diameter,3.80,,,,moderate,the trait was not extracted for this species
"species present, trait missing",Ischnodes sanguinicollis,Diameter,4.00,,,,moderate,the trait was not extracted for this species
"species present, trait missing",Cryptophagus intermedius,Diameter,1.86,,,,moderate,the trait was not extracted for this species
"species present, trait missing",Litargus balteatus,Dead-wood decay,3.00,,,,moderate,the trait was not extracted for this species
"species present, trait missing",Pityogenes quadridens,Dead-wood decay,2.00,,,,moderate,the trait was not extracted for this species
"species present, trait missing",Arthrolips obscurus,Dead-wood decay,3.50,,,,moderate,the trait was not extracted for this species
"species present, trait missing",Notolaemus unifasciatus,Diameter,2.00,,,,moderate,the trait was not extracted for this species
"species present, trait missing",Malthodes hexacanthus,Diameter,2.29,,,,moderate,the trait was not extracted for this species
"species present, trait missing",Malthinus biguttatus,Diameter,2.29,,,,moderate,the trait was not extracted for this species
"species present, trait missing",Malthodes guttifer,Dead-wood decay,3.2,,,,moderate,the trait was not extracted for this species
"species present, trait missing",Ampedus balteatus,Diameter,2.50,,,,moderate,the trait was not extracted for this species
"species present, trait missing",Melandrya dubia,Dead-wood decay,3.40,,,,moderate,the trait was not extracted for this species
"species present, trait missing",Xylita livida,Dead-wood decay,3.50,,,,moderate,the trait was not extracted for this species
"species present, trait missing",Cossonus parallelepipedus,Dead-wood decay,3.00,,,,moderate,the trait was not extracted for this species
"species present, trait missing",Cryptophagus micaceus,Diameter,3.80,,,,moderate,the trait was not extracted for this species
"species present, trait missing",Dorcatoma substriata,Dead-wood decay,3.25,,,,moderate,the trait was not extracted for this species
"species present, trait missing",Hylastes angustatus,Diameter,2.50,,,,moderate,the trait was not extracted for this species
"species present, trait missing",Mycetophagus quadriguttatus,Diameter,3.75,,,,moderate,the trait was not extracted for this species
"species present, trait missing",Quedius brevicornis,Diameter,3.75,,,,moderate,the trait was not extracted for this species
"species present, trait missing",Crypturgus subcribosus,Dead-wood decay,2.00,,,,moderate,the trait was not extracted for this species
"species present, trait missing",Ptinella aptera,Dead-wood decay,4.00,,,,moderate,the trait was not extracted for this species
"species present, trait missing",Stenocorus meridianus,Diameter,2.29,,,,moderate,the trait was not extracted for this species
"species present, trait missing",Opanthribus tessellatus,Diameter,1.00,,,,moderate,the trait was not extracted for this species
"species present, trait missing",Synchita humeralis,Dead-wood decay,3.25,,,,moderate,the trait was not extracted for this species
"species present, trait missing",Anaspis lurida,Diameter,2.29,,,,moderate,the trait was not extracted for this species
"species present, trait missing",Epuraea longula,Dead-wood decay,1.60,,,,moderate,the trait was not extracted for this species
"species present, trait missing",Scolytus mali,Diameter,1.80,,,,moderate,the trait was not extracted for this species
"species present, trait missing",Ampedus nigroflavus,Diameter,3.00,,,,moderate,the trait was not extracted for this species
"species present, trait missing",Sinodendron cylindricum,Diameter,3.00,,,,moderate,the trait was not extracted for this species
"species present, trait missing",Malthinus punctatus,Diameter,2.29,,,,moderate,the trait was not extracted for this species
"species present, trait missing",Variimorda villosa,Dead-wood decay,3.00,,,,moderate,the trait was not extracted for this species
"species present, trait missing",Gnorimus nobilis,Dead-wood decay,4.2,,,,moderate,the trait was not extracted for this species
"species present, trait missing",Mordella aculeata,Diameter,2.29,,,,moderate,the trait was not extracted for this species
"species present, trait missing",Mesosa nebulosa,Dead-wood decay,2.00,,,,moderate,the trait was not extracted for this species
"species present, trait missing",Acalles camelus,Dead-wood decay,3.25,,,,moderate,the trait was not extracted for this species
"species present, trait missing",Anaspis flava,Dead-wood decay,4.00,,,,moderate,the trait was not extracted for this species
"species present, trait missing",Anisotoma humeralis,Dead-wood decay,4.00,,,,moderate,the trait was not extracted for this species
"species present, trait missing",Leptusa pulchella,Dead-wood decay,3.80,,,,moderate,the trait was not extracted for this species
"species present, trait missing",Nacerdes melanura,Diameter,2.50,,,,moderate,the trait was not extracted for this species
"species present, trait missing",Dinoptera collaris,Diameter,1.2,,,,moderate,the trait was not extracted for this species
"species present, trait missing",Tetropium fuscum,Diameter,2.2,,,,moderate,the trait was not extracted for this species
"species present, trait missing",Magdalis phlegmatica,Diameter,1.00,,,,moderate,the trait was not extracted for this species
"species present, trait missing",Xyleborus germanus,Dead-wood decay,2.00,,,,moderate,the trait was not extracted for this species
"species present, trait missing",Quedius truncicola,Dead-wood decay,4.50,,,,moderate,the trait was not extracted for this species
"species present, trait missing",Sepedophilus testaceus,Dead-wood decay,4.13,,,,moderate,the trait was not extracted for this species
"species present, trait missing",Triplax russica,Dead-wood decay,3.40,,,,moderate,the trait was not extracted for this species
"species present, trait missing",Soronia oblonga,Diameter,2.50,,,,moderate,the trait was not extracted for this species
"species present, trait missing",Plegaderus caesus,Dead-wood decay,4.00,,,,moderate,the trait was not extracted for this species
"species present, trait missing",Cychramus luteus,Diameter,2.50,,,,moderate,the trait was not extracted for this species
"species present, trait missing",Exocentrus lusitanus,Dead-wood decay,2.75,,,,moderate,the trait was not extracted for this species
"species present, trait missing",Ptinus rufipes,Dead-wood decay,3.00,,,,moderate,the trait was not extracted for this species
"species present, trait missing",Agrilus viridis,Dead-wood decay,1.75,,,,moderate,the trait was not extracted for this species
"species present, trait missing",Cerylon ferrugineum,Dead-wood decay,2.40,,,,moderate,the trait was not extracted for this species
