basisOfRecord,verbatimIdentification,measurementType,measurementMethod,measurementValue ,measurementUnit,measurementStatistic,measurementRemarks,sex,lifeStage,caste,sampleSizeValue,sampleSizeUnit,sampleTreatment,samplingProtocol,verbatimLocality ,verbatimCoordinates,verbatimEventDate,associatedOccurrences,associatedReferences ,externalLink
PreservedSpecimen,"Andrenidae Andreninae Andrena Chlorandrena knuthi Alfken, 1900",Trophic level,,Herbivores (pollinator bees),,mode,,both,adult,,,,,,,,,,,
HumanObservation,"Andrenidae Andreninae Andrena Chlorandrena knuthi Alfken, 1900",Flight duration,Number of sampling times the species was collected,1.0,count,mean,,both,adult,,,,,,,,,,,
Plain Examples for HumanObservation,"Andrenidae Andreninae Andrena Chlorandrena knuthi Alfken, 1900",Mean body size,Literature data from Tadauchi and Murao (2014) for bees and Terayama and Suda (2016) for wasps.,7.0,,mean,,both,adult,,,,,,,,,,,
HumanObservation,"Andrenidae Andreninae Andrena Chlorandrena knuthi Alfken, 1900",Altitudinal range,Elevation was determined by selecting specific study sites within the Kyushu Central Mountains.,0.0,m,range,,both,adult,,,,,,,,,,,
PreservedSpecimen,"Andrenidae Andreninae Andrena Chlorandrena knuthi Alfken, 1900",Feeding guild,Classification based on feeding mechanism,Pollinator,,mode,,both,adult,,,,,,,,,,,
HumanObservation,"Andrenidae Andreninae Andrena Chlorandrena knuthi Alfken, 1900",Distribution index,,4.0,,mode,,both,adult,,,,,,,,,,,
PreservedSpecimen,"Andrenidae Andreninae Andrena Melandrena watasei Cockerell, 1913",Trophic level,,Herbivores (pollinator bees),,mode,,both,adult,,,,,,,,,,,
HumanObservation,"Andrenidae Andreninae Andrena Melandrena watasei Cockerell, 1913",Flight duration,Number of sampling times the species was collected,1.0,count,mean,,both,adult,,,,,,,,,,,
Plain Examples for HumanObservation,"Andrenidae Andreninae Andrena Melandrena watasei Cockerell, 1913",Mean body size,Literature data from Tadauchi and Murao (2014) for bees and Terayama and Suda (2016) for wasps.,13.0,,mean,,both,adult,,,,,,,,,,,
HumanObservation,"Andrenidae Andreninae Andrena Melandrena watasei Cockerell, 1913",Altitudinal range,Elevation was determined by selecting specific study sites within the Kyushu Central Mountains.,0.0,m,range,,both,adult,,,,,,,,,,,
PreservedSpecimen,"Andrenidae Andreninae Andrena Melandrena watasei Cockerell, 1913",Feeding guild,Classification based on feeding mechanism,Pollinator,,mode,,both,adult,,,,,,,,,,,
HumanObservation,"Andrenidae Andreninae Andrena Melandrena watasei Cockerell, 1913",Distribution index,,3.0,,mode,,both,adult,,,,,,,,,,,
PreservedSpecimen,"Andrenidae Andreninae Andrena Micrandrena hikosana Hirashima, 1957",Trophic level,,Herbivores (pollinator bees),,mode,,both,adult,,,,,,,,,,,
HumanObservation,"Andrenidae Andreninae Andrena Micrandrena hikosana Hirashima, 1957",Flight duration,Number of sampling times the species was collected,1.0,count,mean,,both,adult,,,,,,,,,,,
Plain Examples for HumanObservation,"Andrenidae Andreninae Andrena Micrandrena hikosana Hirashima, 1957",Mean body size,Literature data from Tadauchi and Murao (2014) for bees and Terayama and Suda (2016) for wasps.,7.0,,mean,,both,adult,,,,,,,,,,,
HumanObservation,"Andrenidae Andreninae Andrena Micrandrena hikosana Hirashima, 1957",Altitudinal range,Elevation was determined by selecting specific study sites within the Kyushu Central Mountains.,817.0,m,range,,both,adult,,,,,,,,,,,
PreservedSpecimen,"Andrenidae Andreninae Andrena Micrandrena hikosana Hirashima, 1957",Feeding guild,Classification based on feeding mechanism,Pollinator,,mode,,both,adult,,,,,,,,,,,
HumanObservation,"Andrenidae Andreninae Andrena Micrandrena hikosana Hirashima, 1957",Distribution index,,3.0,,mode,,both,adult,,,,,,,,,,,
PreservedSpecimen,"Andrenidae Andreninae Andrena Micrandrena kaguya Hirashima, 1965",Trophic level,,Herbivores (pollinator bees),,mode,,both,adult,,,,,,,,,,,
HumanObservation,"Andrenidae Andreninae Andrena Micrandrena kaguya Hirashima, 1965",Flight duration,Number of sampling times the species was collected,1.0,count,mean,,both,adult,,,,,,,,,,,
Plain Examples for HumanObservation,"Andrenidae Andreninae Andrena Micrandrena kaguya Hirashima, 1965",Mean body size,Literature data from Tadauchi and Murao (2014) for bees and Terayama and Suda (2016) for wasps.,6.75,,mean,,both,adult,,,,,,,,,,,
HumanObservation,"Andrenidae Andreninae Andrena Micrandrena kaguya Hirashima, 1965",Altitudinal range,Elevation was determined by selecting specific study sites within the Kyushu Central Mountains.,509.0,m,range,,both,adult,,,,,,,,,,,
PreservedSpecimen,"Andrenidae Andreninae Andrena Micrandrena kaguya Hirashima, 1965",Feeding guild,Classification based on feeding mechanism,Pollinator,,mode,,both,adult,,,,,,,,,,,
HumanObservation,"Andrenidae Andreninae Andrena Micrandrena kaguya Hirashima, 1965",Distribution index,,3.5,,mode,,both,adult,,,,,,,,,,,
PreservedSpecimen,"Andrenidae Andreninae Andrena Simandrena opacifovea Hirashima, 1952",Trophic level,,Herbivores (pollinator bees),,mode,,both,adult,,,,,,,,,,,
HumanObservation,"Andrenidae Andreninae Andrena Simandrena opacifovea Hirashima, 1952",Flight duration,Number of sampling times the species was collected,1.0,count,mean,,both,adult,,,,,,,,,,,
Plain Examples for HumanObservation,"Andrenidae Andreninae Andrena Simandrena opacifovea Hirashima, 1952",Mean body size,Literature data from Tadauchi and Murao (2014) for bees and Terayama and Suda (2016) for wasps.,9.5,,mean,,both,adult,,,,,,,,,,,
HumanObservation,"Andrenidae Andreninae Andrena Simandrena opacifovea Hirashima, 1952",Altitudinal range,Elevation was determined by selecting specific study sites within the Kyushu Central Mountains.,0.0,m,range,,both,adult,,,,,,,,,,,
PreservedSpecimen,"Andrenidae Andreninae Andrena Simandrena opacifovea Hirashima, 1952",Feeding guild,Classification based on feeding mechanism,Pollinator,,mode,,both,adult,,,,,,,,,,,
HumanObservation,"Andrenidae Andreninae Andrena Simandrena opacifovea Hirashima, 1952",Distribution index,,3.0,,mode,,both,adult,,,,,,,,,,,
PreservedSpecimen,"Apidae Apinae Bombus Diversobombus diversus Smith, 1869",Trophic level,,Herbivores (pollinator bees),,mode,,both,adult,,,,,,,,,,,
HumanObservation,"Apidae Apinae Bombus Diversobombus diversus Smith, 1869",Flight duration,Number of sampling times the species was collected,2.0,count,mean,,both,adult,,,,,,,,,,,
Plain Examples for HumanObservation,"Apidae Apinae Bombus Diversobombus diversus Smith, 1869",Mean body size,Literature data from Tadauchi and Murao (2014) for bees and Terayama and Suda (2016) for wasps.,14.5,,mean,,both,adult,,,,,,,,,,,
HumanObservation,"Apidae Apinae Bombus Diversobombus diversus Smith, 1869",Altitudinal range,Elevation was determined by selecting specific study sites within the Kyushu Central Mountains.,536.0,m,range,,both,adult,,,,,,,,,,,
PreservedSpecimen,"Apidae Apinae Bombus Diversobombus diversus Smith, 1869",Feeding guild,Classification based on feeding mechanism,Pollinator,,mode,,both,adult,,,,,,,,,,,
HumanObservation,"Apidae Apinae Bombus Diversobombus diversus Smith, 1869",Distribution index,,3.0,,mode,,both,adult,,,,,,,,,,,
PreservedSpecimen,Apidae Apinae Eucera Synhalonia nipponensis,Trophic level,,Herbivores (pollinator bees),,mode,,both,adult,,,,,,,,,,,
HumanObservation,Apidae Apinae Eucera Synhalonia nipponensis,Flight duration,Number of sampling times the species was collected,1.0,count,mean,,both,adult,,,,,,,,,,,
Plain Examples for HumanObservation,Apidae Apinae Eucera Synhalonia nipponensis,Mean body size,Literature data from Tadauchi and Murao (2014) for bees and Terayama and Suda (2016) for wasps.,12.0,,mean,,both,adult,,,,,,,,,,,
HumanObservation,Apidae Apinae Eucera Synhalonia nipponensis,Altitudinal range,Elevation was determined by selecting specific study sites within the Kyushu Central Mountains.,0.0,m,range,,both,adult,,,,,,,,,,,
PreservedSpecimen,Apidae Apinae Eucera Synhalonia nipponensis,Feeding guild,Classification based on feeding mechanism,Pollinator,,mode,,both,adult,,,,,,,,,,,
HumanObservation,Apidae Apinae Eucera Synhalonia nipponensis,Distribution index,,4.0,,mode,,both,adult,,,,,,,,,,,
PreservedSpecimen,"Apidae Nomadinae Nomada alboguttata Herrich-Schaeffer, 1839",Trophic level,,Primary predators (predators and parasitoids of herbivores),,mode,,both,adult,,,,,,,,,,,
HumanObservation,"Apidae Nomadinae Nomada alboguttata Herrich-Schaeffer, 1839",Flight duration,Number of sampling times the species was collected,1.0,count,mean,,both,adult,,,,,,,,,,,
Plain Examples for HumanObservation,"Apidae Nomadinae Nomada alboguttata Herrich-Schaeffer, 1839",Mean body size,Literature data from Tadauchi and Murao (2014) for bees and Terayama and Suda (2016) for wasps.,7.5,,mean,,both,adult,,,,,,,,,,,
HumanObservation,"Apidae Nomadinae Nomada alboguttata Herrich-Schaeffer, 1839",Altitudinal range,Elevation was determined by selecting specific study sites within the Kyushu Central Mountains.,0.0,m,range,,both,adult,,,,,,,,,,,
PreservedSpecimen,"Apidae Nomadinae Nomada alboguttata Herrich-Schaeffer, 1839",Feeding guild,Classification based on feeding mechanism,Blood Parasitoid,,mode,,both,adult,,,,,,,,,,,
HumanObservation,"Apidae Nomadinae Nomada alboguttata Herrich-Schaeffer, 1839",Distribution index,,3.0,,mode,,both,adult,,,,,,,,,,,
PreservedSpecimen,"Apidae Nomadinae Nomada ginran Tsuneki, 1973",Trophic level,,Herbivores (pollinator bees),,mode,,both,adult,,,,,,,,,,,
HumanObservation,"Apidae Nomadinae Nomada ginran Tsuneki, 1973",Flight duration,Number of sampling times the species was collected,1.0,count,mean,,both,adult,,,,,,,,,,,
Plain Examples for HumanObservation,"Apidae Nomadinae Nomada ginran Tsuneki, 1973",Mean body size,Literature data from Tadauchi and Murao (2014) for bees and Terayama and Suda (2016) for wasps.,7.75,,mean,,both,adult,,,,,,,,,,,
HumanObservation,"Apidae Nomadinae Nomada ginran Tsuneki, 1973",Altitudinal range,Elevation was determined by selecting specific study sites within the Kyushu Central Mountains.,0.0,m,range,,both,adult,,,,,,,,,,,
PreservedSpecimen,"Apidae Nomadinae Nomada ginran Tsuneki, 1973",Feeding guild,Classification based on feeding mechanism,Blood Parasitoid,,mode,,both,adult,,,,,,,,,,,
HumanObservation,"Apidae Nomadinae Nomada ginran Tsuneki, 1973",Distribution index,,3.0,,mode,,both,adult,,,,,,,,,,,
PreservedSpecimen,"Apidae Nomadinae Nomada hakonensis Cockerell, 1911",Trophic level,,Herbivores (pollinator bees),,mode,,both,adult,,,,,,,,,,,
HumanObservation,"Apidae Nomadinae Nomada hakonensis Cockerell, 1911",Flight duration,Number of sampling times the species was collected,1.0,count,mean,,both,adult,,,,,,,,,,,
Plain Examples for HumanObservation,"Apidae Nomadinae Nomada hakonensis Cockerell, 1911",Mean body size,Literature data from Tadauchi and Murao (2014) for bees and Terayama and Suda (2016) for wasps.,5.75,,mean,,both,adult,,,,,,,,,,,
HumanObservation,"Apidae Nomadinae Nomada hakonensis Cockerell, 1911",Altitudinal range,Elevation was determined by selecting specific study sites within the Kyushu Central Mountains.,0.0,m,range,,both,adult,,,,,,,,,,,
PreservedSpecimen,"Apidae Nomadinae Nomada hakonensis Cockerell, 1911",Feeding guild,Classification based on feeding mechanism,Blood Parasitoid,,mode,,both,adult,,,,,,,,,,,
HumanObservation,"Apidae Nomadinae Nomada hakonensis Cockerell, 1911",Distribution index,,3.5,,mode,,both,adult,,,,,,,,,,,
PreservedSpecimen,"Apidae Xylocopinae Ceratina satoi Yasumatsu, 1936",Trophic level,,Herbivores (pollinator bees),,mode,,both,adult,,,,,,,,,,,
HumanObservation,"Apidae Xylocopinae Ceratina satoi Yasumatsu, 1936",Flight duration,Number of sampling times the species was collected,1.0,count,mean,,both,adult,,,,,,,,,,,
Plain Examples for HumanObservation,"Apidae Xylocopinae Ceratina satoi Yasumatsu, 1936",Mean body size,Literature data from Tadauchi and Murao (2014) for bees and Terayama and Suda (2016) for wasps.,4.7,,mean,,both,adult,,,,,,,,,,,
HumanObservation,"Apidae Xylocopinae Ceratina satoi Yasumatsu, 1936",Altitudinal range,Elevation was determined by selecting specific study sites within the Kyushu Central Mountains.,0.0,m,range,,both,adult,,,,,,,,,,,
PreservedSpecimen,"Apidae Xylocopinae Ceratina satoi Yasumatsu, 1936",Feeding guild,Classification based on feeding mechanism,Pollinator,,mode,,both,adult,,,,,,,,,,,
HumanObservation,"Apidae Xylocopinae Ceratina satoi Yasumatsu, 1936",Distribution index,,4.0,,mode,,both,adult,,,,,,,,,,,
PreservedSpecimen,"Apidae Xylocopinae Ceratina Ceratinidia iwatai Yasumatsu, 1936",Trophic level,,Herbivores (pollinator bees),,mode,,both,adult,,,,,,,,,,,
HumanObservation,"Apidae Xylocopinae Ceratina Ceratinidia iwatai Yasumatsu, 1936",Flight duration,Number of sampling times the species was collected,1.0,count,mean,,both,adult,,,,,,,,,,,
Plain Examples for HumanObservation,"Apidae Xylocopinae Ceratina Ceratinidia iwatai Yasumatsu, 1936",Mean body size,Literature data from Tadauchi and Murao (2014) for bees and Terayama and Suda (2016) for wasps.,7.949999999999999,,mean,,both,adult,,,,,,,,,,,
HumanObservation,"Apidae Xylocopinae Ceratina Ceratinidia iwatai Yasumatsu, 1936",Altitudinal range,Elevation was determined by selecting specific study sites within the Kyushu Central Mountains.,0.0,m,range,,both,adult,,,,,,,,,,,
PreservedSpecimen,"Apidae Xylocopinae Ceratina Ceratinidia iwatai Yasumatsu, 1936",Feeding guild,Classification based on feeding mechanism,Pollinator,,mode,,both,adult,,,,,,,,,,,
HumanObservation,"Apidae Xylocopinae Ceratina Ceratinidia iwatai Yasumatsu, 1936",Distribution index,,3.5,,mode,,both,adult,,,,,,,,,,,
PreservedSpecimen,"Crabronidae Benbicinae Nippononysson rufopictus Yasumatsu & Maidl, 1936",Trophic level,,Secondary predators (predators and parasitoids of predators),,mode,,both,adult,,,,,,,,,,,
HumanObservation,"Crabronidae Benbicinae Nippononysson rufopictus Yasumatsu & Maidl, 1936",Flight duration,Number of sampling times the species was collected,3.0,count,mean,,both,adult,,,,,,,,,,,
Plain Examples for HumanObservation,"Crabronidae Benbicinae Nippononysson rufopictus Yasumatsu & Maidl, 1936",Mean body size,Literature data from Tadauchi and Murao (2014) for bees and Terayama and Suda (2016) for wasps.,7.5,,mean,,both,adult,,,,,,,,,,,
HumanObservation,"Crabronidae Benbicinae Nippononysson rufopictus Yasumatsu & Maidl, 1936",Altitudinal range,Elevation was determined by selecting specific study sites within the Kyushu Central Mountains.,881.0,m,range,,both,adult,,,,,,,,,,,
PreservedSpecimen,"Crabronidae Benbicinae Nippononysson rufopictus Yasumatsu & Maidl, 1936",Feeding guild,Classification based on feeding mechanism,Blood Parasitoid,,mode,,both,adult,,,,,,,,,,,
HumanObservation,"Crabronidae Benbicinae Nippononysson rufopictus Yasumatsu & Maidl, 1936",Distribution index,,4.5,,mode,,both,adult,,,,,,,,,,,
PreservedSpecimen,Crabronidae Crabroninae Crossocerus Blepharipus styrius,Trophic level,,Secondary predators (predators and parasitoids of predators),,mode,,both,adult,,,,,,,,,,,
HumanObservation,Crabronidae Crabroninae Crossocerus Blepharipus styrius,Flight duration,Number of sampling times the species was collected,2.0,count,mean,,both,adult,,,,,,,,,,,
Plain Examples for HumanObservation,Crabronidae Crabroninae Crossocerus Blepharipus styrius,Mean body size,Literature data from Tadauchi and Murao (2014) for bees and Terayama and Suda (2016) for wasps.,6.25,,mean,,both,adult,,,,,,,,,,,
HumanObservation,Crabronidae Crabroninae Crossocerus Blepharipus styrius,Altitudinal range,Elevation was determined by selecting specific study sites within the Kyushu Central Mountains.,161.0,m,range,,both,adult,,,,,,,,,,,
PreservedSpecimen,Crabronidae Crabroninae Crossocerus Blepharipus styrius,Feeding guild,Classification based on feeding mechanism,Predator,,mode,,both,adult,,,,,,,,,,,
HumanObservation,Crabronidae Crabroninae Crossocerus Blepharipus styrius,Distribution index,,3.0,,mode,,both,adult,,,,,,,,,,,
PreservedSpecimen,Crabronidae Crabroninae Crossocerus opacifrons,Trophic level,,Secondary predators (predators and parasitoids of predators),,mode,,both,adult,,,,,,,,,,,
HumanObservation,Crabronidae Crabroninae Crossocerus opacifrons,Flight duration,Number of sampling times the species was collected,1.0,count,mean,,both,adult,,,,,,,,,,,
Plain Examples for HumanObservation,Crabronidae Crabroninae Crossocerus opacifrons,Mean body size,Literature data from Tadauchi and Murao (2014) for bees and Terayama and Suda (2016) for wasps.,5.5,,mean,,both,adult,,,,,,,,,,,
HumanObservation,Crabronidae Crabroninae Crossocerus opacifrons,Altitudinal range,Elevation was determined by selecting specific study sites within the Kyushu Central Mountains.,194.0,m,range,,both,adult,,,,,,,,,,,
PreservedSpecimen,Crabronidae Crabroninae Crossocerus opacifrons,Feeding guild,Classification based on feeding mechanism,Predator,,mode,,both,adult,,,,,,,,,,,
HumanObservation,Crabronidae Crabroninae Crossocerus opacifrons,Distribution index,,3.5,,mode,,both,adult,,,,,,,,,,,
PreservedSpecimen,Crabronidae Crabroninae Crossocerus Cuphopterus subulatus,Trophic level,,Secondary predators (predators and parasitoids of predators),,mode,,both,adult,,,,,,,,,,,
HumanObservation,Crabronidae Crabroninae Crossocerus Cuphopterus subulatus,Flight duration,Number of sampling times the species was collected,2.0,count,mean,,both,adult,,,,,,,,,,,
Plain Examples for HumanObservation,Crabronidae Crabroninae Crossocerus Cuphopterus subulatus,Mean body size,Literature data from Tadauchi and Murao (2014) for bees and Terayama and Suda (2016) for wasps.,10.75,,mean,,both,adult,,,,,,,,,,,
HumanObservation,Crabronidae Crabroninae Crossocerus Cuphopterus subulatus,Altitudinal range,Elevation was determined by selecting specific study sites within the Kyushu Central Mountains.,0.0,m,range,,both,adult,,,,,,,,,,,
PreservedSpecimen,Crabronidae Crabroninae Crossocerus Cuphopterus subulatus,Feeding guild,Classification based on feeding mechanism,Predator,,mode,,both,adult,,,,,,,,,,,
HumanObservation,Crabronidae Crabroninae Crossocerus Cuphopterus subulatus,Distribution index,,3.0,,mode,,both,adult,,,,,,,,,,,
PreservedSpecimen,Crabronidae Crabroninae Ectemnius Hypocrabro continuus,Trophic level,,Secondary predators (predators and parasitoids of predators),,mode,,both,adult,,,,,,,,,,,
HumanObservation,Crabronidae Crabroninae Ectemnius Hypocrabro continuus,Flight duration,Number of sampling times the species was collected,1.0,count,mean,,both,adult,,,,,,,,,,,
Plain Examples for HumanObservation,Crabronidae Crabroninae Ectemnius Hypocrabro continuus,Mean body size,Literature data from Tadauchi and Murao (2014) for bees and Terayama and Suda (2016) for wasps.,11.5,,mean,,both,adult,,,,,,,,,,,
HumanObservation,Crabronidae Crabroninae Ectemnius Hypocrabro continuus,Altitudinal range,Elevation was determined by selecting specific study sites within the Kyushu Central Mountains.,0.0,m,range,,both,adult,,,,,,,,,,,
PreservedSpecimen,Crabronidae Crabroninae Ectemnius Hypocrabro continuus,Feeding guild,Classification based on feeding mechanism,Predator,,mode,,both,adult,,,,,,,,,,,
HumanObservation,Crabronidae Crabroninae Ectemnius Hypocrabro continuus,Distribution index,,3.0,,mode,,both,adult,,,,,,,,,,,
PreservedSpecimen,"Crabronidae Crabroninae Trypoxylon fronticorne Gussakovskij, 1936",Trophic level,,Secondary predators (predators and parasitoids of predators),,mode,,both,adult,,,,,,,,,,,
HumanObservation,"Crabronidae Crabroninae Trypoxylon fronticorne Gussakovskij, 1936",Flight duration,Number of sampling times the species was collected,1.0,count,mean,,both,adult,,,,,,,,,,,
Plain Examples for HumanObservation,"Crabronidae Crabroninae Trypoxylon fronticorne Gussakovskij, 1936",Mean body size,Literature data from Tadauchi and Murao (2014) for bees and Terayama and Suda (2016) for wasps.,9.0,,mean,,both,adult,,,,,,,,,,,
HumanObservation,"Crabronidae Crabroninae Trypoxylon fronticorne Gussakovskij, 1936",Altitudinal range,Elevation was determined by selecting specific study sites within the Kyushu Central Mountains.,1072.0,m,range,,both,adult,,,,,,,,,,,
PreservedSpecimen,"Crabronidae Crabroninae Trypoxylon fronticorne Gussakovskij, 1936",Feeding guild,Classification based on feeding mechanism,Predator,,mode,,both,adult,,,,,,,,,,,
HumanObservation,"Crabronidae Crabroninae Trypoxylon fronticorne Gussakovskij, 1936",Distribution index,,3.6666666666666665,,mode,,both,adult,,,,,,,,,,,
PreservedSpecimen,"Crabronidae Crabroninae Trypoxylon koikense Tsuneki, 1956",Trophic level,,Secondary predators (predators and parasitoids of predators),,mode,,both,adult,,,,,,,,,,,
HumanObservation,"Crabronidae Crabroninae Trypoxylon koikense Tsuneki, 1956",Flight duration,Number of sampling times the species was collected,1.0,count,mean,,both,adult,,,,,,,,,,,
Plain Examples for HumanObservation,"Crabronidae Crabroninae Trypoxylon koikense Tsuneki, 1956",Mean body size,Literature data from Tadauchi and Murao (2014) for bees and Terayama and Suda (2016) for wasps.,4.75,,mean,,both,adult,,,,,,,,,,,
HumanObservation,"Crabronidae Crabroninae Trypoxylon koikense Tsuneki, 1956",Altitudinal range,Elevation was determined by selecting specific study sites within the Kyushu Central Mountains.,0.0,m,range,,both,adult,,,,,,,,,,,
PreservedSpecimen,"Crabronidae Crabroninae Trypoxylon koikense Tsuneki, 1956",Feeding guild,Classification based on feeding mechanism,Predator,,mode,,both,adult,,,,,,,,,,,
HumanObservation,"Crabronidae Crabroninae Trypoxylon koikense Tsuneki, 1956",Distribution index,,3.0,,mode,,both,adult,,,,,,,,,,,
PreservedSpecimen,"Crabronidae Crabroninae Trypoxylon pacificum Gussakovskij, 1932",Trophic level,,Secondary predators (predators and parasitoids of predators),,mode,,both,adult,,,,,,,,,,,
HumanObservation,"Crabronidae Crabroninae Trypoxylon pacificum Gussakovskij, 1932",Flight duration,Number of sampling times the species was collected,1.0,count,mean,,both,adult,,,,,,,,,,,
Plain Examples for HumanObservation,"Crabronidae Crabroninae Trypoxylon pacificum Gussakovskij, 1932",Mean body size,Literature data from Tadauchi and Murao (2014) for bees and Terayama and Suda (2016) for wasps.,11.5,,mean,,both,adult,,,,,,,,,,,
HumanObservation,"Crabronidae Crabroninae Trypoxylon pacificum Gussakovskij, 1932",Altitudinal range,Elevation was determined by selecting specific study sites within the Kyushu Central Mountains.,0.0,m,range,,both,adult,,,,,,,,,,,
PreservedSpecimen,"Crabronidae Crabroninae Trypoxylon pacificum Gussakovskij, 1932",Feeding guild,Classification based on feeding mechanism,Predator,,mode,,both,adult,,,,,,,,,,,
HumanObservation,"Crabronidae Crabroninae Trypoxylon pacificum Gussakovskij, 1932",Distribution index,,3.0,,mode,,both,adult,,,,,,,,,,,
PreservedSpecimen,"Crabronidae Crabroninae Trypoxylon varipes Pérez, 1905",Trophic level,,Secondary predators (predators and parasitoids of predators),,mode,,both,adult,,,,,,,,,,,
HumanObservation,"Crabronidae Crabroninae Trypoxylon varipes Pérez, 1905",Flight duration,Number of sampling times the species was collected,1.0,count,mean,,both,adult,,,,,,,,,,,
Plain Examples for HumanObservation,"Crabronidae Crabroninae Trypoxylon varipes Pérez, 1905",Mean body size,Literature data from Tadauchi and Murao (2014) for bees and Terayama and Suda (2016) for wasps.,10.0,,mean,,both,adult,,,,,,,,,,,
HumanObservation,"Crabronidae Crabroninae Trypoxylon varipes Pérez, 1905",Altitudinal range,Elevation was determined by selecting specific study sites within the Kyushu Central Mountains.,0.0,m,range,,both,adult,,,,,,,,,,,
PreservedSpecimen,"Crabronidae Crabroninae Trypoxylon varipes Pérez, 1905",Feeding guild,Classification based on feeding mechanism,Predator,,mode,,both,adult,,,,,,,,,,,
HumanObservation,"Crabronidae Crabroninae Trypoxylon varipes Pérez, 1905",Distribution index,,3.5,,mode,,both,adult,,,,,,,,,,,
PreservedSpecimen,"Crabronidae Nissoninae Alysson monticola Tsuneki, 1977",Trophic level,,Primary predators (predators and parasitoids of herbivores),,mode,,both,adult,,,,,,,,,,,
HumanObservation,"Crabronidae Nissoninae Alysson monticola Tsuneki, 1977",Flight duration,Number of sampling times the species was collected,1.0,count,mean,,both,adult,,,,,,,,,,,
Plain Examples for HumanObservation,"Crabronidae Nissoninae Alysson monticola Tsuneki, 1977",Mean body size,Literature data from Tadauchi and Murao (2014) for bees and Terayama and Suda (2016) for wasps.,6.0,,mean,,both,adult,,,,,,,,,,,
HumanObservation,"Crabronidae Nissoninae Alysson monticola Tsuneki, 1977",Altitudinal range,Elevation was determined by selecting specific study sites within the Kyushu Central Mountains.,0.0,m,range,,both,adult,,,,,,,,,,,
PreservedSpecimen,"Crabronidae Nissoninae Alysson monticola Tsuneki, 1977",Feeding guild,Classification based on feeding mechanism,Predator,,mode,,both,adult,,,,,,,,,,,
HumanObservation,"Crabronidae Nissoninae Alysson monticola Tsuneki, 1977",Distribution index,,3.5,,mode,,both,adult,,,,,,,,,,,
PreservedSpecimen,Crabronidae Nissoninae Nysson spinosus,Trophic level,,Secondary predators (predators and parasitoids of predators),,mode,,both,adult,,,,,,,,,,,
HumanObservation,Crabronidae Nissoninae Nysson spinosus,Flight duration,Number of sampling times the species was collected,1.0,count,mean,,both,adult,,,,,,,,,,,
Plain Examples for HumanObservation,Crabronidae Nissoninae Nysson spinosus,Mean body size,Literature data from Tadauchi and Murao (2014) for bees and Terayama and Suda (2016) for wasps.,10.5,,mean,,both,adult,,,,,,,,,,,
HumanObservation,Crabronidae Nissoninae Nysson spinosus,Altitudinal range,Elevation was determined by selecting specific study sites within the Kyushu Central Mountains.,400.0,m,range,,both,adult,,,,,,,,,,,
PreservedSpecimen,Crabronidae Nissoninae Nysson spinosus,Feeding guild,Classification based on feeding mechanism,Blood Parasitoid,,mode,,both,adult,,,,,,,,,,,
HumanObservation,Crabronidae Nissoninae Nysson spinosus,Distribution index,,3.0,,mode,,both,adult,,,,,,,,,,,
PreservedSpecimen,Crabronidae Pemphredoninae Passaloecus insignis,Trophic level,,Primary predators (predators and parasitoids of herbivores),,mode,,both,adult,,,,,,,,,,,
HumanObservation,Crabronidae Pemphredoninae Passaloecus insignis,Flight duration,Number of sampling times the species was collected,2.0,count,mean,,both,adult,,,,,,,,,,,
Plain Examples for HumanObservation,Crabronidae Pemphredoninae Passaloecus insignis,Mean body size,Literature data from Tadauchi and Murao (2014) for bees and Terayama and Suda (2016) for wasps.,6.75,,mean,,both,adult,,,,,,,,,,,
HumanObservation,Crabronidae Pemphredoninae Passaloecus insignis,Altitudinal range,Elevation was determined by selecting specific study sites within the Kyushu Central Mountains.,27.0,m,range,,both,adult,,,,,,,,,,,
PreservedSpecimen,Crabronidae Pemphredoninae Passaloecus insignis,Feeding guild,Classification based on feeding mechanism,Predator,,mode,,both,adult,,,,,,,,,,,
HumanObservation,Crabronidae Pemphredoninae Passaloecus insignis,Distribution index,,3.6666666666666665,,mode,,both,adult,,,,,,,,,,,
PreservedSpecimen,"Crabronidae Pemphredoninae Psen affinis Gussakovskij, 1937",Trophic level,,Primary predators (predators and parasitoids of herbivores),,mode,,both,adult,,,,,,,,,,,
HumanObservation,"Crabronidae Pemphredoninae Psen affinis Gussakovskij, 1937",Flight duration,Number of sampling times the species was collected,1.0,count,mean,,both,adult,,,,,,,,,,,
Plain Examples for HumanObservation,"Crabronidae Pemphredoninae Psen affinis Gussakovskij, 1937",Mean body size,Literature data from Tadauchi and Murao (2014) for bees and Terayama and Suda (2016) for wasps.,11.0,,mean,,both,adult,,,,,,,,,,,
HumanObservation,"Crabronidae Pemphredoninae Psen affinis Gussakovskij, 1937",Altitudinal range,Elevation was determined by selecting specific study sites within the Kyushu Central Mountains.,536.0,m,range,,both,adult,,,,,,,,,,,
PreservedSpecimen,"Crabronidae Pemphredoninae Psen affinis Gussakovskij, 1937",Feeding guild,Classification based on feeding mechanism,Predator,,mode,,both,adult,,,,,,,,,,,
HumanObservation,"Crabronidae Pemphredoninae Psen affinis Gussakovskij, 1937",Distribution index,,3.0,,mode,,both,adult,,,,,,,,,,,
PreservedSpecimen,Crabronidae Pemphredoninae Spilomena curruca,Trophic level,,Primary predators (predators and parasitoids of herbivores),,mode,,both,adult,,,,,,,,,,,
HumanObservation,Crabronidae Pemphredoninae Spilomena curruca,Flight duration,Number of sampling times the species was collected,2.0,count,mean,,both,adult,,,,,,,,,,,
Plain Examples for HumanObservation,Crabronidae Pemphredoninae Spilomena curruca,Mean body size,Literature data from Tadauchi and Murao (2014) for bees and Terayama and Suda (2016) for wasps.,3.0,,mean,,both,adult,,,,,,,,,,,
HumanObservation,Crabronidae Pemphredoninae Spilomena curruca,Altitudinal range,Elevation was determined by selecting specific study sites within the Kyushu Central Mountains.,0.0,m,range,,both,adult,,,,,,,,,,,
PreservedSpecimen,Crabronidae Pemphredoninae Spilomena curruca,Feeding guild,Classification based on feeding mechanism,Predator,,mode,,both,adult,,,,,,,,,,,
HumanObservation,Crabronidae Pemphredoninae Spilomena curruca,Distribution index,,4.0,,mode,,both,adult,,,,,,,,,,,
PreservedSpecimen,Halictidae Halictinae Lasioglossum Evylaeus apristum,Trophic level,,Herbivores (pollinator bees),,mode,,both,adult,,,,,,,,,,,
HumanObservation,Halictidae Halictinae Lasioglossum Evylaeus apristum,Flight duration,Number of sampling times the species was collected,2.0,count,mean,,both,adult,,,,,,,,,,,
Plain Examples for HumanObservation,Halictidae Halictinae Lasioglossum Evylaeus apristum,Mean body size,Literature data from Tadauchi and Murao (2014) for bees and Terayama and Suda (2016) for wasps.,8.0,,mean,,both,adult,,,,,,,,,,,
HumanObservation,Halictidae Halictinae Lasioglossum Evylaeus apristum,Altitudinal range,Elevation was determined by selecting specific study sites within the Kyushu Central Mountains.,194.0,m,range,,both,adult,,,,,,,,,,,
PreservedSpecimen,Halictidae Halictinae Lasioglossum Evylaeus apristum,Feeding guild,Classification based on feeding mechanism,Pollinator,,mode,,both,adult,,,,,,,,,,,
HumanObservation,Halictidae Halictinae Lasioglossum Evylaeus apristum,Distribution index,,3.6666666666666665,,mode,,both,adult,,,,,,,,,,,
PreservedSpecimen,"Halictidae Halictinae Lasioglossum Evylaeus caliginosum Murao, Ebmer & Tadauchi, 2006",Trophic level,,Herbivores (pollinator bees),,mode,,both,adult,,,,,,,,,,,
HumanObservation,"Halictidae Halictinae Lasioglossum Evylaeus caliginosum Murao, Ebmer & Tadauchi, 2006",Flight duration,Number of sampling times the species was collected,1.0,count,mean,,both,adult,,,,,,,,,,,
Plain Examples for HumanObservation,"Halictidae Halictinae Lasioglossum Evylaeus caliginosum Murao, Ebmer & Tadauchi, 2006",Mean body size,Literature data from Tadauchi and Murao (2014) for bees and Terayama and Suda (2016) for wasps.,6.5,,mean,,both,adult,,,,,,,,,,,
HumanObservation,"Halictidae Halictinae Lasioglossum Evylaeus caliginosum Murao, Ebmer & Tadauchi, 2006",Altitudinal range,Elevation was determined by selecting specific study sites within the Kyushu Central Mountains.,121.0,m,range,,both,adult,,,,,,,,,,,
PreservedSpecimen,"Halictidae Halictinae Lasioglossum Evylaeus caliginosum Murao, Ebmer & Tadauchi, 2006",Feeding guild,Classification based on feeding mechanism,Pollinator,,mode,,both,adult,,,,,,,,,,,
HumanObservation,"Halictidae Halictinae Lasioglossum Evylaeus caliginosum Murao, Ebmer & Tadauchi, 2006",Distribution index,,3.0,,mode,,both,adult,,,,,,,,,,,
PreservedSpecimen,Halictidae Halictinae Lasioglossum Evylaeus duplex,Trophic level,,Herbivores (pollinator bees),,mode,,both,adult,,,,,,,,,,,
HumanObservation,Halictidae Halictinae Lasioglossum Evylaeus duplex,Flight duration,Number of sampling times the species was collected,2.0,count,mean,,both,adult,,,,,,,,,,,
Plain Examples for HumanObservation,Halictidae Halictinae Lasioglossum Evylaeus duplex,Mean body size,Literature data from Tadauchi and Murao (2014) for bees and Terayama and Suda (2016) for wasps.,8.25,,mean,,both,adult,,,,,,,,,,,
HumanObservation,Halictidae Halictinae Lasioglossum Evylaeus duplex,Altitudinal range,Elevation was determined by selecting specific study sites within the Kyushu Central Mountains.,415.0,m,range,,both,adult,,,,,,,,,,,
PreservedSpecimen,Halictidae Halictinae Lasioglossum Evylaeus duplex,Feeding guild,Classification based on feeding mechanism,Pollinator,,mode,,both,adult,,,,,,,,,,,
HumanObservation,Halictidae Halictinae Lasioglossum Evylaeus duplex,Distribution index,,3.5,,mode,,both,adult,,,,,,,,,,,
PreservedSpecimen,"Halictidae Halictinae Lasioglossum Evylaeus hirashimae Ebmer & Sakagami, 1985",Trophic level,,Herbivores (pollinator bees),,mode,,both,adult,,,,,,,,,,,
HumanObservation,"Halictidae Halictinae Lasioglossum Evylaeus hirashimae Ebmer & Sakagami, 1985",Flight duration,Number of sampling times the species was collected,1.0,count,mean,,both,adult,,,,,,,,,,,
Plain Examples for HumanObservation,"Halictidae Halictinae Lasioglossum Evylaeus hirashimae Ebmer & Sakagami, 1985",Mean body size,Literature data from Tadauchi and Murao (2014) for bees and Terayama and Suda (2016) for wasps.,7.0,,mean,,both,adult,,,,,,,,,,,
HumanObservation,"Halictidae Halictinae Lasioglossum Evylaeus hirashimae Ebmer & Sakagami, 1985",Altitudinal range,Elevation was determined by selecting specific study sites within the Kyushu Central Mountains.,0.0,m,range,,both,adult,,,,,,,,,,,
PreservedSpecimen,"Halictidae Halictinae Lasioglossum Evylaeus hirashimae Ebmer & Sakagami, 1985",Feeding guild,Classification based on feeding mechanism,Pollinator,,mode,,both,adult,,,,,,,,,,,
HumanObservation,"Halictidae Halictinae Lasioglossum Evylaeus hirashimae Ebmer & Sakagami, 1985",Distribution index,,4.5,,mode,,both,adult,,,,,,,,,,,
PreservedSpecimen,"Halictidae Halictinae Lasioglossum Evylaeus kuroshio Sakagami & Takahashi, 1993",Trophic level,,Herbivores (pollinator bees),,mode,,both,adult,,,,,,,,,,,
HumanObservation,"Halictidae Halictinae Lasioglossum Evylaeus kuroshio Sakagami & Takahashi, 1993",Flight duration,Number of sampling times the species was collected,2.0,count,mean,,both,adult,,,,,,,,,,,
Plain Examples for HumanObservation,"Halictidae Halictinae Lasioglossum Evylaeus kuroshio Sakagami & Takahashi, 1993",Mean body size,Literature data from Tadauchi and Murao (2014) for bees and Terayama and Suda (2016) for wasps.,6.25,,mean,,both,adult,,,,,,,,,,,
HumanObservation,"Halictidae Halictinae Lasioglossum Evylaeus kuroshio Sakagami & Takahashi, 1993",Altitudinal range,Elevation was determined by selecting specific study sites within the Kyushu Central Mountains.,536.0,m,range,,both,adult,,,,,,,,,,,
PreservedSpecimen,"Halictidae Halictinae Lasioglossum Evylaeus kuroshio Sakagami & Takahashi, 1993",Feeding guild,Classification based on feeding mechanism,Pollinator,,mode,,both,adult,,,,,,,,,,,
HumanObservation,"Halictidae Halictinae Lasioglossum Evylaeus kuroshio Sakagami & Takahashi, 1993",Distribution index,,4.0,,mode,,both,adult,,,,,,,,,,,
PreservedSpecimen,"Halictidae Halictinae Lasioglossum Evylaeus miyabei Murao, Ebmer & Tadauchi, 2006",Trophic level,,Herbivores (pollinator bees),,mode,,both,adult,,,,,,,,,,,
HumanObservation,"Halictidae Halictinae Lasioglossum Evylaeus miyabei Murao, Ebmer & Tadauchi, 2006",Flight duration,Number of sampling times the species was collected,2.0,count,mean,,both,adult,,,,,,,,,,,
Plain Examples for HumanObservation,"Halictidae Halictinae Lasioglossum Evylaeus miyabei Murao, Ebmer & Tadauchi, 2006",Mean body size,Literature data from Tadauchi and Murao (2014) for bees and Terayama and Suda (2016) for wasps.,6.25,,mean,,both,adult,,,,,,,,,,,
HumanObservation,"Halictidae Halictinae Lasioglossum Evylaeus miyabei Murao, Ebmer & Tadauchi, 2006",Altitudinal range,Elevation was determined by selecting specific study sites within the Kyushu Central Mountains.,274.0,m,range,,both,adult,,,,,,,,,,,
PreservedSpecimen,"Halictidae Halictinae Lasioglossum Evylaeus miyabei Murao, Ebmer & Tadauchi, 2006",Feeding guild,Classification based on feeding mechanism,Pollinator,,mode,,both,adult,,,,,,,,,,,
HumanObservation,"Halictidae Halictinae Lasioglossum Evylaeus miyabei Murao, Ebmer & Tadauchi, 2006",Distribution index,,3.0,,mode,,both,adult,,,,,,,,,,,
PreservedSpecimen,Halictidae Halictinae Lasioglossum Evylaeus pallilomum,Trophic level,,Herbivores (pollinator bees),,mode,,both,adult,,,,,,,,,,,
HumanObservation,Halictidae Halictinae Lasioglossum Evylaeus pallilomum,Flight duration,Number of sampling times the species was collected,3.0,count,mean,,both,adult,,,,,,,,,,,
Plain Examples for HumanObservation,Halictidae Halictinae Lasioglossum Evylaeus pallilomum,Mean body size,Literature data from Tadauchi and Murao (2014) for bees and Terayama and Suda (2016) for wasps.,5.25,,mean,,both,adult,,,,,,,,,,,
HumanObservation,Halictidae Halictinae Lasioglossum Evylaeus pallilomum,Altitudinal range,Elevation was determined by selecting specific study sites within the Kyushu Central Mountains.,0.0,m,range,,both,adult,,,,,,,,,,,
PreservedSpecimen,Halictidae Halictinae Lasioglossum Evylaeus pallilomum,Feeding guild,Classification based on feeding mechanism,Pollinator,,mode,,both,adult,,,,,,,,,,,
HumanObservation,Halictidae Halictinae Lasioglossum Evylaeus pallilomum,Distribution index,,3.6666666666666665,,mode,,both,adult,,,,,,,,,,,
PreservedSpecimen,Halictidae Halictinae Lasioglossum Evylaeus transpositum,Trophic level,,Herbivores (pollinator bees),,mode,,both,adult,,,,,,,,,,,
HumanObservation,Halictidae Halictinae Lasioglossum Evylaeus transpositum,Flight duration,Number of sampling times the species was collected,2.0,count,mean,,both,adult,,,,,,,,,,,
Plain Examples for HumanObservation,Halictidae Halictinae Lasioglossum Evylaeus transpositum,Mean body size,Literature data from Tadauchi and Murao (2014) for bees and Terayama and Suda (2016) for wasps.,5.75,,mean,,both,adult,,,,,,,,,,,
HumanObservation,Halictidae Halictinae Lasioglossum Evylaeus transpositum,Altitudinal range,Elevation was determined by selecting specific study sites within the Kyushu Central Mountains.,388.0,m,range,,both,adult,,,,,,,,,,,
PreservedSpecimen,Halictidae Halictinae Lasioglossum Evylaeus transpositum,Feeding guild,Classification based on feeding mechanism,Pollinator,,mode,,both,adult,,,,,,,,,,,
HumanObservation,Halictidae Halictinae Lasioglossum Evylaeus transpositum,Distribution index,,3.0,,mode,,both,adult,,,,,,,,,,,
PreservedSpecimen,"Halictidae Halictinae Lasioglossum Evylaeus zunaga Sakagami & Tadauchi, 1995",Trophic level,,Herbivores (pollinator bees),,mode,,both,adult,,,,,,,,,,,
HumanObservation,"Halictidae Halictinae Lasioglossum Evylaeus zunaga Sakagami & Tadauchi, 1995",Flight duration,Number of sampling times the species was collected,3.0,count,mean,,both,adult,,,,,,,,,,,
Plain Examples for HumanObservation,"Halictidae Halictinae Lasioglossum Evylaeus zunaga Sakagami & Tadauchi, 1995",Mean body size,Literature data from Tadauchi and Murao (2014) for bees and Terayama and Suda (2016) for wasps.,4.75,,mean,,both,adult,,,,,,,,,,,
HumanObservation,"Halictidae Halictinae Lasioglossum Evylaeus zunaga Sakagami & Tadauchi, 1995",Altitudinal range,Elevation was determined by selecting specific study sites within the Kyushu Central Mountains.,0.0,m,range,,both,adult,,,,,,,,,,,
PreservedSpecimen,"Halictidae Halictinae Lasioglossum Evylaeus zunaga Sakagami & Tadauchi, 1995",Feeding guild,Classification based on feeding mechanism,Pollinator,,mode,,both,adult,,,,,,,,,,,
HumanObservation,"Halictidae Halictinae Lasioglossum Evylaeus zunaga Sakagami & Tadauchi, 1995",Distribution index,,3.5,,mode,,both,adult,,,,,,,,,,,
PreservedSpecimen,"Halictidae Halictinae Lasioglossum ebmerianum Sakagami & Tadauchi, 1995",Trophic level,,Herbivores (pollinator bees),,mode,,both,adult,,,,,,,,,,,
HumanObservation,"Halictidae Halictinae Lasioglossum ebmerianum Sakagami & Tadauchi, 1995",Flight duration,Number of sampling times the species was collected,2.0,count,mean,,both,adult,,,,,,,,,,,
Plain Examples for HumanObservation,"Halictidae Halictinae Lasioglossum ebmerianum Sakagami & Tadauchi, 1995",Mean body size,Literature data from Tadauchi and Murao (2014) for bees and Terayama and Suda (2016) for wasps.,8.5,,mean,,both,adult,,,,,,,,,,,
HumanObservation,"Halictidae Halictinae Lasioglossum ebmerianum Sakagami & Tadauchi, 1995",Altitudinal range,Elevation was determined by selecting specific study sites within the Kyushu Central Mountains.,417.0,m,range,,both,adult,,,,,,,,,,,
PreservedSpecimen,"Halictidae Halictinae Lasioglossum ebmerianum Sakagami & Tadauchi, 1995",Feeding guild,Classification based on feeding mechanism,Pollinator,,mode,,both,adult,,,,,,,,,,,
HumanObservation,"Halictidae Halictinae Lasioglossum ebmerianum Sakagami & Tadauchi, 1995",Distribution index,,4.0,,mode,,both,adult,,,,,,,,,,,
PreservedSpecimen,Halictidae Halictinae Lasioglossum exiliceps,Trophic level,,Herbivores (pollinator bees),,mode,,both,adult,,,,,,,,,,,
HumanObservation,Halictidae Halictinae Lasioglossum exiliceps,Flight duration,Number of sampling times the species was collected,1.0,count,mean,,both,adult,,,,,,,,,,,
Plain Examples for HumanObservation,Halictidae Halictinae Lasioglossum exiliceps,Mean body size,Literature data from Tadauchi and Murao (2014) for bees and Terayama and Suda (2016) for wasps.,8.5,,mean,,both,adult,,,,,,,,,,,
HumanObservation,Halictidae Halictinae Lasioglossum exiliceps,Altitudinal range,Elevation was determined by selecting specific study sites within the Kyushu Central Mountains.,355.0,m,range,,both,adult,,,,,,,,,,,
PreservedSpecimen,Halictidae Halictinae Lasioglossum exiliceps,Feeding guild,Classification based on feeding mechanism,Pollinator,,mode,,both,adult,,,,,,,,,,,
HumanObservation,Halictidae Halictinae Lasioglossum exiliceps,Distribution index,,3.0,,mode,,both,adult,,,,,,,,,,,
PreservedSpecimen,"Halictidae Halictinae Lasioglossum nipponicola Sakagami & Tadauchi, 1995",Trophic level,,Herbivores (pollinator bees),,mode,,both,adult,,,,,,,,,,,
HumanObservation,"Halictidae Halictinae Lasioglossum nipponicola Sakagami & Tadauchi, 1995",Flight duration,Number of sampling times the species was collected,1.0,count,mean,,both,adult,,,,,,,,,,,
Plain Examples for HumanObservation,"Halictidae Halictinae Lasioglossum nipponicola Sakagami & Tadauchi, 1995",Mean body size,Literature data from Tadauchi and Murao (2014) for bees and Terayama and Suda (2016) for wasps.,9.0,,mean,,both,adult,,,,,,,,,,,
HumanObservation,"Halictidae Halictinae Lasioglossum nipponicola Sakagami & Tadauchi, 1995",Altitudinal range,Elevation was determined by selecting specific study sites within the Kyushu Central Mountains.,0.0,m,range,,both,adult,,,,,,,,,,,
PreservedSpecimen,"Halictidae Halictinae Lasioglossum nipponicola Sakagami & Tadauchi, 1995",Feeding guild,Classification based on feeding mechanism,Pollinator,,mode,,both,adult,,,,,,,,,,,
HumanObservation,"Halictidae Halictinae Lasioglossum nipponicola Sakagami & Tadauchi, 1995",Distribution index,,3.0,,mode,,both,adult,,,,,,,,,,,
PreservedSpecimen,Halictidae Halictinae Lasioglossum occidens,Trophic level,,Herbivores (pollinator bees),,mode,,both,adult,,,,,,,,,,,
HumanObservation,Halictidae Halictinae Lasioglossum occidens,Flight duration,Number of sampling times the species was collected,3.0,count,mean,,both,adult,,,,,,,,,,,
Plain Examples for HumanObservation,Halictidae Halictinae Lasioglossum occidens,Mean body size,Literature data from Tadauchi and Murao (2014) for bees and Terayama and Suda (2016) for wasps.,10.5,,mean,,both,adult,,,,,,,,,,,
HumanObservation,Halictidae Halictinae Lasioglossum occidens,Altitudinal range,Elevation was determined by selecting specific study sites within the Kyushu Central Mountains.,0.0,m,range,,both,adult,,,,,,,,,,,
PreservedSpecimen,Halictidae Halictinae Lasioglossum occidens,Feeding guild,Classification based on feeding mechanism,Pollinator,,mode,,both,adult,,,,,,,,,,,
HumanObservation,Halictidae Halictinae Lasioglossum occidens,Distribution index,,3.6666666666666665,,mode,,both,adult,,,,,,,,,,,
PreservedSpecimen,"Halictidae Halictinae Sphecodes coptis Tsuneki, 1983",Trophic level,,Primary predators (predators and parasitoids of herbivores),,mode,,both,adult,,,,,,,,,,,
HumanObservation,"Halictidae Halictinae Sphecodes coptis Tsuneki, 1983",Flight duration,Number of sampling times the species was collected,2.0,count,mean,,both,adult,,,,,,,,,,,
Plain Examples for HumanObservation,"Halictidae Halictinae Sphecodes coptis Tsuneki, 1983",Mean body size,Literature data from Tadauchi and Murao (2014) for bees and Terayama and Suda (2016) for wasps.,6.75,,mean,,both,adult,,,,,,,,,,,
HumanObservation,"Halictidae Halictinae Sphecodes coptis Tsuneki, 1983",Altitudinal range,Elevation was determined by selecting specific study sites within the Kyushu Central Mountains.,0.0,m,range,,both,adult,,,,,,,,,,,
PreservedSpecimen,"Halictidae Halictinae Sphecodes coptis Tsuneki, 1983",Feeding guild,Classification based on feeding mechanism,Blood Parasitoid,,mode,,both,adult,,,,,,,,,,,
HumanObservation,"Halictidae Halictinae Sphecodes coptis Tsuneki, 1983",Distribution index,,3.5,,mode,,both,adult,,,,,,,,,,,
PreservedSpecimen,"Halictidae Halictinae Sphecodes silvicola Tsuneki, 1983",Trophic level,,Primary predators (predators and parasitoids of herbivores),,mode,,both,adult,,,,,,,,,,,
HumanObservation,"Halictidae Halictinae Sphecodes silvicola Tsuneki, 1983",Flight duration,Number of sampling times the species was collected,1.0,count,mean,,both,adult,,,,,,,,,,,
Plain Examples for HumanObservation,"Halictidae Halictinae Sphecodes silvicola Tsuneki, 1983",Mean body size,Literature data from Tadauchi and Murao (2014) for bees and Terayama and Suda (2016) for wasps.,6.0,,mean,,both,adult,,,,,,,,,,,
HumanObservation,"Halictidae Halictinae Sphecodes silvicola Tsuneki, 1983",Altitudinal range,Elevation was determined by selecting specific study sites within the Kyushu Central Mountains.,388.0,m,range,,both,adult,,,,,,,,,,,
PreservedSpecimen,"Halictidae Halictinae Sphecodes silvicola Tsuneki, 1983",Feeding guild,Classification based on feeding mechanism,Blood Parasitoid,,mode,,both,adult,,,,,,,,,,,
HumanObservation,"Halictidae Halictinae Sphecodes silvicola Tsuneki, 1983",Distribution index,,3.5,,mode,,both,adult,,,,,,,,,,,
PreservedSpecimen,"Bethylidae Epyrinae Epyris asura Terayama, 2006",Trophic level,,Primary predators (predators and parasitoids of herbivores),,mode,,both,adult,,,,,,,,,,,
HumanObservation,"Bethylidae Epyrinae Epyris asura Terayama, 2006",Flight duration,Number of sampling times the species was collected,1.0,count,mean,,both,adult,,,,,,,,,,,
Plain Examples for HumanObservation,"Bethylidae Epyrinae Epyris asura Terayama, 2006",Mean body size,Literature data from Tadauchi and Murao (2014) for bees and Terayama and Suda (2016) for wasps.,5.75,,mean,,both,adult,,,,,,,,,,,
HumanObservation,"Bethylidae Epyrinae Epyris asura Terayama, 2006",Altitudinal range,Elevation was determined by selecting specific study sites within the Kyushu Central Mountains.,0.0,m,range,,both,adult,,,,,,,,,,,
PreservedSpecimen,"Bethylidae Epyrinae Epyris asura Terayama, 2006",Feeding guild,Classification based on feeding mechanism,Parasitoid,,mode,,both,adult,,,,,,,,,,,
HumanObservation,"Bethylidae Epyrinae Epyris asura Terayama, 2006",Distribution index,,3.5,,mode,,both,adult,,,,,,,,,,,
PreservedSpecimen,"Bethylidae Epyrinae Epyris idaten Terayama, 2006",Trophic level,,Primary predators (predators and parasitoids of herbivores),,mode,,both,adult,,,,,,,,,,,
HumanObservation,"Bethylidae Epyrinae Epyris idaten Terayama, 2006",Flight duration,Number of sampling times the species was collected,1.0,count,mean,,both,adult,,,,,,,,,,,
Plain Examples for HumanObservation,"Bethylidae Epyrinae Epyris idaten Terayama, 2006",Mean body size,Literature data from Tadauchi and Murao (2014) for bees and Terayama and Suda (2016) for wasps.,4.0,,mean,,both,adult,,,,,,,,,,,
HumanObservation,"Bethylidae Epyrinae Epyris idaten Terayama, 2006",Altitudinal range,Elevation was determined by selecting specific study sites within the Kyushu Central Mountains.,760.0,m,range,,both,adult,,,,,,,,,,,
PreservedSpecimen,"Bethylidae Epyrinae Epyris idaten Terayama, 2006",Feeding guild,Classification based on feeding mechanism,Parasitoid,,mode,,both,adult,,,,,,,,,,,
HumanObservation,"Bethylidae Epyrinae Epyris idaten Terayama, 2006",Distribution index,,4.0,,mode,,both,adult,,,,,,,,,,,
PreservedSpecimen,"Bethylidae Epyrinae Epyris kichijo Terayama, 2006",Trophic level,,Primary predators (predators and parasitoids of herbivores),,mode,,both,adult,,,,,,,,,,,
HumanObservation,"Bethylidae Epyrinae Epyris kichijo Terayama, 2006",Flight duration,Number of sampling times the species was collected,1.0,count,mean,,both,adult,,,,,,,,,,,
Plain Examples for HumanObservation,"Bethylidae Epyrinae Epyris kichijo Terayama, 2006",Mean body size,Literature data from Tadauchi and Murao (2014) for bees and Terayama and Suda (2016) for wasps.,4.9,,mean,,both,adult,,,,,,,,,,,
HumanObservation,"Bethylidae Epyrinae Epyris kichijo Terayama, 2006",Altitudinal range,Elevation was determined by selecting specific study sites within the Kyushu Central Mountains.,0.0,m,range,,both,adult,,,,,,,,,,,
PreservedSpecimen,"Bethylidae Epyrinae Epyris kichijo Terayama, 2006",Feeding guild,Classification based on feeding mechanism,Parasitoid,,mode,,both,adult,,,,,,,,,,,
HumanObservation,"Bethylidae Epyrinae Epyris kichijo Terayama, 2006",Distribution index,,4.0,,mode,,both,adult,,,,,,,,,,,
PreservedSpecimen,"Bethylidae Epyrinae Epyris niwoh Terayama, 2006",Trophic level,,Primary predators (predators and parasitoids of herbivores),,mode,,both,adult,,,,,,,,,,,
HumanObservation,"Bethylidae Epyrinae Epyris niwoh Terayama, 2006",Flight duration,Number of sampling times the species was collected,1.0,count,mean,,both,adult,,,,,,,,,,,
Plain Examples for HumanObservation,"Bethylidae Epyrinae Epyris niwoh Terayama, 2006",Mean body size,Literature data from Tadauchi and Murao (2014) for bees and Terayama and Suda (2016) for wasps.,4.9,,mean,,both,adult,,,,,,,,,,,
HumanObservation,"Bethylidae Epyrinae Epyris niwoh Terayama, 2006",Altitudinal range,Elevation was determined by selecting specific study sites within the Kyushu Central Mountains.,388.0,m,range,,both,adult,,,,,,,,,,,
PreservedSpecimen,"Bethylidae Epyrinae Epyris niwoh Terayama, 2006",Feeding guild,Classification based on feeding mechanism,Parasitoid,,mode,,both,adult,,,,,,,,,,,
HumanObservation,"Bethylidae Epyrinae Epyris niwoh Terayama, 2006",Distribution index,,3.5,,mode,,both,adult,,,,,,,,,,,
PreservedSpecimen,"Bethylidae Epyrinae Epyris pectinatus Terayama, 2006",Trophic level,,Primary predators (predators and parasitoids of herbivores),,mode,,both,adult,,,,,,,,,,,
HumanObservation,"Bethylidae Epyrinae Epyris pectinatus Terayama, 2006",Flight duration,Number of sampling times the species was collected,1.0,count,mean,,both,adult,,,,,,,,,,,
Plain Examples for HumanObservation,"Bethylidae Epyrinae Epyris pectinatus Terayama, 2006",Mean body size,Literature data from Tadauchi and Murao (2014) for bees and Terayama and Suda (2016) for wasps.,3.25,,mean,,both,adult,,,,,,,,,,,
HumanObservation,"Bethylidae Epyrinae Epyris pectinatus Terayama, 2006",Altitudinal range,Elevation was determined by selecting specific study sites within the Kyushu Central Mountains.,154.0,m,range,,both,adult,,,,,,,,,,,
PreservedSpecimen,"Bethylidae Epyrinae Epyris pectinatus Terayama, 2006",Feeding guild,Classification based on feeding mechanism,Parasitoid,,mode,,both,adult,,,,,,,,,,,
HumanObservation,"Bethylidae Epyrinae Epyris pectinatus Terayama, 2006",Distribution index,,4.0,,mode,,both,adult,,,,,,,,,,,
PreservedSpecimen,Bethylidae Epyrinae Epyris sp1.,Trophic level,,Primary predators (predators and parasitoids of herbivores),,mode,,both,adult,,,,,,,,,,,
HumanObservation,Bethylidae Epyrinae Epyris sp1.,Flight duration,Number of sampling times the species was collected,1.0,count,mean,,both,adult,,,,,,,,,,,
Plain Examples for HumanObservation,Bethylidae Epyrinae Epyris sp1.,Mean body size,Literature data from Tadauchi and Murao (2014) for bees and Terayama and Suda (2016) for wasps.,4.0,,mean,,both,adult,,,,,,,,,,,
HumanObservation,Bethylidae Epyrinae Epyris sp1.,Altitudinal range,Elevation was determined by selecting specific study sites within the Kyushu Central Mountains.,0.0,m,range,,both,adult,,,,,,,,,,,
PreservedSpecimen,Bethylidae Epyrinae Epyris sp1.,Feeding guild,Classification based on feeding mechanism,Parasitoid,,mode,,both,adult,,,,,,,,,,,
HumanObservation,Bethylidae Epyrinae Epyris sp1.,Distribution index,,5.0,,mode,,both,adult,,,,,,,,,,,
PreservedSpecimen,"Bethylidae Epyrinae Epyris tennyo Terayama, 2006",Trophic level,,Primary predators (predators and parasitoids of herbivores),,mode,,both,adult,,,,,,,,,,,
HumanObservation,"Bethylidae Epyrinae Epyris tennyo Terayama, 2006",Flight duration,Number of sampling times the species was collected,2.0,count,mean,,both,adult,,,,,,,,,,,
Plain Examples for HumanObservation,"Bethylidae Epyrinae Epyris tennyo Terayama, 2006",Mean body size,Literature data from Tadauchi and Murao (2014) for bees and Terayama and Suda (2016) for wasps.,5.25,,mean,,both,adult,,,,,,,,,,,
HumanObservation,"Bethylidae Epyrinae Epyris tennyo Terayama, 2006",Altitudinal range,Elevation was determined by selecting specific study sites within the Kyushu Central Mountains.,509.0,m,range,,both,adult,,,,,,,,,,,
PreservedSpecimen,"Bethylidae Epyrinae Epyris tennyo Terayama, 2006",Feeding guild,Classification based on feeding mechanism,Parasitoid,,mode,,both,adult,,,,,,,,,,,
HumanObservation,"Bethylidae Epyrinae Epyris tennyo Terayama, 2006",Distribution index,,3.5,,mode,,both,adult,,,,,,,,,,,
PreservedSpecimen,Bethylidae Epyrinae Holepyris atamensis,Trophic level,,Primary predators (predators and parasitoids of herbivores),,mode,,both,adult,,,,,,,,,,,
HumanObservation,Bethylidae Epyrinae Holepyris atamensis,Flight duration,Number of sampling times the species was collected,2.0,count,mean,,both,adult,,,,,,,,,,,
Plain Examples for HumanObservation,Bethylidae Epyrinae Holepyris atamensis,Mean body size,Literature data from Tadauchi and Murao (2014) for bees and Terayama and Suda (2016) for wasps.,4.0,,mean,,both,adult,,,,,,,,,,,
HumanObservation,Bethylidae Epyrinae Holepyris atamensis,Altitudinal range,Elevation was determined by selecting specific study sites within the Kyushu Central Mountains.,0.0,m,range,,both,adult,,,,,,,,,,,
PreservedSpecimen,Bethylidae Epyrinae Holepyris atamensis,Feeding guild,Classification based on feeding mechanism,Parasitoid,,mode,,both,adult,,,,,,,,,,,
HumanObservation,Bethylidae Epyrinae Holepyris atamensis,Distribution index,,5.0,,mode,,both,adult,,,,,,,,,,,
PreservedSpecimen,Bethylidae Epyrinae Holepyris sp1.,Trophic level,,Primary predators (predators and parasitoids of herbivores),,mode,,both,adult,,,,,,,,,,,
HumanObservation,Bethylidae Epyrinae Holepyris sp1.,Flight duration,Number of sampling times the species was collected,1.0,count,mean,,both,adult,,,,,,,,,,,
Plain Examples for HumanObservation,Bethylidae Epyrinae Holepyris sp1.,Mean body size,Literature data from Tadauchi and Murao (2014) for bees and Terayama and Suda (2016) for wasps.,4.0,,mean,,both,adult,,,,,,,,,,,
HumanObservation,Bethylidae Epyrinae Holepyris sp1.,Altitudinal range,Elevation was determined by selecting specific study sites within the Kyushu Central Mountains.,0.0,m,range,,both,adult,,,,,,,,,,,
PreservedSpecimen,Bethylidae Epyrinae Holepyris sp1.,Feeding guild,Classification based on feeding mechanism,Parasitoid,,mode,,both,adult,,,,,,,,,,,
HumanObservation,Bethylidae Epyrinae Holepyris sp1.,Distribution index,,5.0,,mode,,both,adult,,,,,,,,,,,
PreservedSpecimen,"Bethylidae Epyrinae Holepyris yambaru Terayama, 1999",Trophic level,,Primary predators (predators and parasitoids of herbivores),,mode,,both,adult,,,,,,,,,,,
HumanObservation,"Bethylidae Epyrinae Holepyris yambaru Terayama, 1999",Flight duration,Number of sampling times the species was collected,1.0,count,mean,,both,adult,,,,,,,,,,,
Plain Examples for HumanObservation,"Bethylidae Epyrinae Holepyris yambaru Terayama, 1999",Mean body size,Literature data from Tadauchi and Murao (2014) for bees and Terayama and Suda (2016) for wasps.,2.85,,mean,,both,adult,,,,,,,,,,,
HumanObservation,"Bethylidae Epyrinae Holepyris yambaru Terayama, 1999",Altitudinal range,Elevation was determined by selecting specific study sites within the Kyushu Central Mountains.,62.0,m,range,,both,adult,,,,,,,,,,,
PreservedSpecimen,"Bethylidae Epyrinae Holepyris yambaru Terayama, 1999",Feeding guild,Classification based on feeding mechanism,Parasitoid,,mode,,both,adult,,,,,,,,,,,
HumanObservation,"Bethylidae Epyrinae Holepyris yambaru Terayama, 1999",Distribution index,,4.5,,mode,,both,adult,,,,,,,,,,,
PreservedSpecimen,Bethylidae Pristocerinae Apenesia sp1,Trophic level,,Primary predators (predators and parasitoids of herbivores),,mode,,both,adult,,,,,,,,,,,
HumanObservation,Bethylidae Pristocerinae Apenesia sp1,Flight duration,Number of sampling times the species was collected,1.0,count,mean,,both,adult,,,,,,,,,,,
Plain Examples for HumanObservation,Bethylidae Pristocerinae Apenesia sp1,Mean body size,Literature data from Tadauchi and Murao (2014) for bees and Terayama and Suda (2016) for wasps.,3.0,,mean,,both,adult,,,,,,,,,,,
HumanObservation,Bethylidae Pristocerinae Apenesia sp1,Altitudinal range,Elevation was determined by selecting specific study sites within the Kyushu Central Mountains.,0.0,m,range,,both,adult,,,,,,,,,,,
PreservedSpecimen,Bethylidae Pristocerinae Apenesia sp1,Feeding guild,Classification based on feeding mechanism,Parasitoid,,mode,,both,adult,,,,,,,,,,,
HumanObservation,Bethylidae Pristocerinae Apenesia sp1,Distribution index,,5.0,,mode,,both,adult,,,,,,,,,,,
PreservedSpecimen,Bethylidae Pristocerinae Pristepyris japonicus,Trophic level,,Primary predators (predators and parasitoids of herbivores),,mode,,both,adult,,,,,,,,,,,
HumanObservation,Bethylidae Pristocerinae Pristepyris japonicus,Flight duration,Number of sampling times the species was collected,1.0,count,mean,,both,adult,,,,,,,,,,,
Plain Examples for HumanObservation,Bethylidae Pristocerinae Pristepyris japonicus,Mean body size,Literature data from Tadauchi and Murao (2014) for bees and Terayama and Suda (2016) for wasps.,8.25,,mean,,both,adult,,,,,,,,,,,
HumanObservation,Bethylidae Pristocerinae Pristepyris japonicus,Altitudinal range,Elevation was determined by selecting specific study sites within the Kyushu Central Mountains.,372.0,m,range,,both,adult,,,,,,,,,,,
PreservedSpecimen,Bethylidae Pristocerinae Pristepyris japonicus,Feeding guild,Classification based on feeding mechanism,Parasitoid,,mode,,both,adult,,,,,,,,,,,
HumanObservation,Bethylidae Pristocerinae Pristepyris japonicus,Distribution index,,4.0,,mode,,both,adult,,,,,,,,,,,
PreservedSpecimen,Bethylidae Pristocerinae Pristepyris minutus,Trophic level,,Primary predators (predators and parasitoids of herbivores),,mode,,both,adult,,,,,,,,,,,
HumanObservation,Bethylidae Pristocerinae Pristepyris minutus,Flight duration,Number of sampling times the species was collected,1.0,count,mean,,both,adult,,,,,,,,,,,
Plain Examples for HumanObservation,Bethylidae Pristocerinae Pristepyris minutus,Mean body size,Literature data from Tadauchi and Murao (2014) for bees and Terayama and Suda (2016) for wasps.,5.0,,mean,,both,adult,,,,,,,,,,,
HumanObservation,Bethylidae Pristocerinae Pristepyris minutus,Altitudinal range,Elevation was determined by selecting specific study sites within the Kyushu Central Mountains.,687.0,m,range,,both,adult,,,,,,,,,,,
PreservedSpecimen,Bethylidae Pristocerinae Pristepyris minutus,Feeding guild,Classification based on feeding mechanism,Parasitoid,,mode,,both,adult,,,,,,,,,,,
HumanObservation,Bethylidae Pristocerinae Pristepyris minutus,Distribution index,,4.0,,mode,,both,adult,,,,,,,,,,,
PreservedSpecimen,"Chrysididae Amiseginae Nipponosega yamanei Kurzenko & Lelej, 1994",Trophic level,,Primary predators (predators and parasitoids of herbivores),,mode,,both,adult,,,,,,,,,,,
HumanObservation,"Chrysididae Amiseginae Nipponosega yamanei Kurzenko & Lelej, 1994",Flight duration,Number of sampling times the species was collected,2.0,count,mean,,both,adult,,,,,,,,,,,
Plain Examples for HumanObservation,"Chrysididae Amiseginae Nipponosega yamanei Kurzenko & Lelej, 1994",Mean body size,Literature data from Tadauchi and Murao (2014) for bees and Terayama and Suda (2016) for wasps.,4.0,,mean,,both,adult,,,,,,,,,,,
HumanObservation,"Chrysididae Amiseginae Nipponosega yamanei Kurzenko & Lelej, 1994",Altitudinal range,Elevation was determined by selecting specific study sites within the Kyushu Central Mountains.,1010.0,m,range,,both,adult,,,,,,,,,,,
PreservedSpecimen,"Chrysididae Amiseginae Nipponosega yamanei Kurzenko & Lelej, 1994",Feeding guild,Classification based on feeding mechanism,Parasitoid,,mode,,both,adult,,,,,,,,,,,
HumanObservation,"Chrysididae Amiseginae Nipponosega yamanei Kurzenko & Lelej, 1994",Distribution index,,4.0,,mode,,both,adult,,,,,,,,,,,
PreservedSpecimen,"Chrysididae Chrysidinae Cleptes satoi Tosawa, 1940",Trophic level,,Secondary predators (predators and parasitoids of predators),,mode,,both,adult,,,,,,,,,,,
HumanObservation,"Chrysididae Chrysidinae Cleptes satoi Tosawa, 1940",Flight duration,Number of sampling times the species was collected,1.0,count,mean,,both,adult,,,,,,,,,,,
Plain Examples for HumanObservation,"Chrysididae Chrysidinae Cleptes satoi Tosawa, 1940",Mean body size,Literature data from Tadauchi and Murao (2014) for bees and Terayama and Suda (2016) for wasps.,6.0,,mean,,both,adult,,,,,,,,,,,
HumanObservation,"Chrysididae Chrysidinae Cleptes satoi Tosawa, 1940",Altitudinal range,Elevation was determined by selecting specific study sites within the Kyushu Central Mountains.,296.0,m,range,,both,adult,,,,,,,,,,,
PreservedSpecimen,"Chrysididae Chrysidinae Cleptes satoi Tosawa, 1940",Feeding guild,Classification based on feeding mechanism,Parasitoid,,mode,,both,adult,,,,,,,,,,,
HumanObservation,"Chrysididae Chrysidinae Cleptes satoi Tosawa, 1940",Distribution index,,4.0,,mode,,both,adult,,,,,,,,,,,
PreservedSpecimen,Chrysididae Chrysidinae Elampus bidens,Trophic level,,Secondary predators (predators and parasitoids of predators),,mode,,both,adult,,,,,,,,,,,
HumanObservation,Chrysididae Chrysidinae Elampus bidens,Flight duration,Number of sampling times the species was collected,1.0,count,mean,,both,adult,,,,,,,,,,,
Plain Examples for HumanObservation,Chrysididae Chrysidinae Elampus bidens,Mean body size,Literature data from Tadauchi and Murao (2014) for bees and Terayama and Suda (2016) for wasps.,8.0,,mean,,both,adult,,,,,,,,,,,
HumanObservation,Chrysididae Chrysidinae Elampus bidens,Altitudinal range,Elevation was determined by selecting specific study sites within the Kyushu Central Mountains.,154.0,m,range,,both,adult,,,,,,,,,,,
PreservedSpecimen,Chrysididae Chrysidinae Elampus bidens,Feeding guild,Classification based on feeding mechanism,Parasitoid,,mode,,both,adult,,,,,,,,,,,
HumanObservation,Chrysididae Chrysidinae Elampus bidens,Distribution index,,3.5,,mode,,both,adult,,,,,,,,,,,
PreservedSpecimen,"Chrysididae Chrysidinae Hedychrum okai Tsuneki, 1954",Trophic level,,Secondary predators (predators and parasitoids of predators),,mode,,both,adult,,,,,,,,,,,
HumanObservation,"Chrysididae Chrysidinae Hedychrum okai Tsuneki, 1954",Flight duration,Number of sampling times the species was collected,1.0,count,mean,,both,adult,,,,,,,,,,,
Plain Examples for HumanObservation,"Chrysididae Chrysidinae Hedychrum okai Tsuneki, 1954",Mean body size,Literature data from Tadauchi and Murao (2014) for bees and Terayama and Suda (2016) for wasps.,6.5,,mean,,both,adult,,,,,,,,,,,
HumanObservation,"Chrysididae Chrysidinae Hedychrum okai Tsuneki, 1954",Altitudinal range,Elevation was determined by selecting specific study sites within the Kyushu Central Mountains.,0.0,m,range,,both,adult,,,,,,,,,,,
PreservedSpecimen,"Chrysididae Chrysidinae Hedychrum okai Tsuneki, 1954",Feeding guild,Classification based on feeding mechanism,Parasitoid,,mode,,both,adult,,,,,,,,,,,
HumanObservation,"Chrysididae Chrysidinae Hedychrum okai Tsuneki, 1954",Distribution index,,3.5,,mode,,both,adult,,,,,,,,,,,
PreservedSpecimen,"Dryinidae Anteoninae Anteon esakii Yasumatsu, 1960",Trophic level,,Primary predators (predators and parasitoids of herbivores),,mode,,both,adult,,,,,,,,,,,
HumanObservation,"Dryinidae Anteoninae Anteon esakii Yasumatsu, 1960",Flight duration,Number of sampling times the species was collected,3.0,count,mean,,both,adult,,,,,,,,,,,
Plain Examples for HumanObservation,"Dryinidae Anteoninae Anteon esakii Yasumatsu, 1960",Mean body size,Literature data from Tadauchi and Murao (2014) for bees and Terayama and Suda (2016) for wasps.,5.0,,mean,,both,adult,,,,,,,,,,,
HumanObservation,"Dryinidae Anteoninae Anteon esakii Yasumatsu, 1960",Altitudinal range,Elevation was determined by selecting specific study sites within the Kyushu Central Mountains.,0.0,m,range,,both,adult,,,,,,,,,,,
PreservedSpecimen,"Dryinidae Anteoninae Anteon esakii Yasumatsu, 1960",Feeding guild,Classification based on feeding mechanism,Parasitoid,,mode,,both,adult,,,,,,,,,,,
HumanObservation,"Dryinidae Anteoninae Anteon esakii Yasumatsu, 1960",Distribution index,,3.0,,mode,,both,adult,,,,,,,,,,,
PreservedSpecimen,"Dryinidae Anteoninae Anteon jurineanum Latreille, 1809",Trophic level,,Primary predators (predators and parasitoids of herbivores),,mode,,both,adult,,,,,,,,,,,
HumanObservation,"Dryinidae Anteoninae Anteon jurineanum Latreille, 1809",Flight duration,Number of sampling times the species was collected,1.0,count,mean,,both,adult,,,,,,,,,,,
Plain Examples for HumanObservation,"Dryinidae Anteoninae Anteon jurineanum Latreille, 1809",Mean body size,Literature data from Tadauchi and Murao (2014) for bees and Terayama and Suda (2016) for wasps.,2.55,,mean,,both,adult,,,,,,,,,,,
HumanObservation,"Dryinidae Anteoninae Anteon jurineanum Latreille, 1809",Altitudinal range,Elevation was determined by selecting specific study sites within the Kyushu Central Mountains.,0.0,m,range,,both,adult,,,,,,,,,,,
PreservedSpecimen,"Dryinidae Anteoninae Anteon jurineanum Latreille, 1809",Feeding guild,Classification based on feeding mechanism,Parasitoid,,mode,,both,adult,,,,,,,,,,,
HumanObservation,"Dryinidae Anteoninae Anteon jurineanum Latreille, 1809",Distribution index,,3.5,,mode,,both,adult,,,,,,,,,,,
PreservedSpecimen,"Dryinidae Anteoninae Anteon reticulatum Kieffer, 1905",Trophic level,,Primary predators (predators and parasitoids of herbivores),,mode,,both,adult,,,,,,,,,,,
HumanObservation,"Dryinidae Anteoninae Anteon reticulatum Kieffer, 1905",Flight duration,Number of sampling times the species was collected,2.0,count,mean,,both,adult,,,,,,,,,,,
Plain Examples for HumanObservation,"Dryinidae Anteoninae Anteon reticulatum Kieffer, 1905",Mean body size,Literature data from Tadauchi and Murao (2014) for bees and Terayama and Suda (2016) for wasps.,4.25,,mean,,both,adult,,,,,,,,,,,
HumanObservation,"Dryinidae Anteoninae Anteon reticulatum Kieffer, 1905",Altitudinal range,Elevation was determined by selecting specific study sites within the Kyushu Central Mountains.,509.0,m,range,,both,adult,,,,,,,,,,,
PreservedSpecimen,"Dryinidae Anteoninae Anteon reticulatum Kieffer, 1905",Feeding guild,Classification based on feeding mechanism,Parasitoid,,mode,,both,adult,,,,,,,,,,,
HumanObservation,"Dryinidae Anteoninae Anteon reticulatum Kieffer, 1905",Distribution index,,4.0,,mode,,both,adult,,,,,,,,,,,
PreservedSpecimen,Dryinidae Anteoninae Anteon sp1,Trophic level,,Primary predators (predators and parasitoids of herbivores),,mode,,both,adult,,,,,,,,,,,
HumanObservation,Dryinidae Anteoninae Anteon sp1,Flight duration,Number of sampling times the species was collected,1.0,count,mean,,both,adult,,,,,,,,,,,
Plain Examples for HumanObservation,Dryinidae Anteoninae Anteon sp1,Mean body size,Literature data from Tadauchi and Murao (2014) for bees and Terayama and Suda (2016) for wasps.,2.55,,mean,,both,adult,,,,,,,,,,,
HumanObservation,Dryinidae Anteoninae Anteon sp1,Altitudinal range,Elevation was determined by selecting specific study sites within the Kyushu Central Mountains.,0.0,m,range,,both,adult,,,,,,,,,,,
PreservedSpecimen,Dryinidae Anteoninae Anteon sp1,Feeding guild,Classification based on feeding mechanism,Parasitoid,,mode,,both,adult,,,,,,,,,,,
HumanObservation,Dryinidae Anteoninae Anteon sp1,Distribution index,,5.0,,mode,,both,adult,,,,,,,,,,,
PreservedSpecimen,"Dryinidae Aphelopinae Anteon hirale Olmi, 1984",Trophic level,,Primary predators (predators and parasitoids of herbivores),,mode,,both,adult,,,,,,,,,,,
HumanObservation,"Dryinidae Aphelopinae Anteon hirale Olmi, 1984",Flight duration,Number of sampling times the species was collected,2.0,count,mean,,both,adult,,,,,,,,,,,
Plain Examples for HumanObservation,"Dryinidae Aphelopinae Anteon hirale Olmi, 1984",Mean body size,Literature data from Tadauchi and Murao (2014) for bees and Terayama and Suda (2016) for wasps.,2.95,,mean,,both,adult,,,,,,,,,,,
HumanObservation,"Dryinidae Aphelopinae Anteon hirale Olmi, 1984",Altitudinal range,Elevation was determined by selecting specific study sites within the Kyushu Central Mountains.,881.0,m,range,,both,adult,,,,,,,,,,,
PreservedSpecimen,"Dryinidae Aphelopinae Anteon hirale Olmi, 1984",Feeding guild,Classification based on feeding mechanism,Parasitoid,,mode,,both,adult,,,,,,,,,,,
HumanObservation,"Dryinidae Aphelopinae Anteon hirale Olmi, 1984",Distribution index,,4.666666666666667,,mode,,both,adult,,,,,,,,,,,
PreservedSpecimen,"Dryinidae Aphelopinae Anteon insertum Olmi, 1991",Trophic level,,Primary predators (predators and parasitoids of herbivores),,mode,,both,adult,,,,,,,,,,,
HumanObservation,"Dryinidae Aphelopinae Anteon insertum Olmi, 1991",Flight duration,Number of sampling times the species was collected,1.0,count,mean,,both,adult,,,,,,,,,,,
Plain Examples for HumanObservation,"Dryinidae Aphelopinae Anteon insertum Olmi, 1991",Mean body size,Literature data from Tadauchi and Murao (2014) for bees and Terayama and Suda (2016) for wasps.,3.15,,mean,,both,adult,,,,,,,,,,,
HumanObservation,"Dryinidae Aphelopinae Anteon insertum Olmi, 1991",Altitudinal range,Elevation was determined by selecting specific study sites within the Kyushu Central Mountains.,0.0,m,range,,both,adult,,,,,,,,,,,
PreservedSpecimen,"Dryinidae Aphelopinae Anteon insertum Olmi, 1991",Feeding guild,Classification based on feeding mechanism,Parasitoid,,mode,,both,adult,,,,,,,,,,,
HumanObservation,"Dryinidae Aphelopinae Anteon insertum Olmi, 1991",Distribution index,,5.0,,mode,,both,adult,,,,,,,,,,,
PreservedSpecimen,Dryinidae Dryininae Dryinus indicus,Trophic level,,Primary predators (predators and parasitoids of herbivores),,mode,,both,adult,,,,,,,,,,,
HumanObservation,Dryinidae Dryininae Dryinus indicus,Flight duration,Number of sampling times the species was collected,2.0,count,mean,,both,adult,,,,,,,,,,,
Plain Examples for HumanObservation,Dryinidae Dryininae Dryinus indicus,Mean body size,Literature data from Tadauchi and Murao (2014) for bees and Terayama and Suda (2016) for wasps.,5.949999999999999,,mean,,both,adult,,,,,,,,,,,
HumanObservation,Dryinidae Dryininae Dryinus indicus,Altitudinal range,Elevation was determined by selecting specific study sites within the Kyushu Central Mountains.,64.0,m,range,,both,adult,,,,,,,,,,,
PreservedSpecimen,Dryinidae Dryininae Dryinus indicus,Feeding guild,Classification based on feeding mechanism,Parasitoid,,mode,,both,adult,,,,,,,,,,,
HumanObservation,Dryinidae Dryininae Dryinus indicus,Distribution index,,5.0,,mode,,both,adult,,,,,,,,,,,
PreservedSpecimen,"Embolemidae Emboleminae Embolemus walkeri Richads, 1951",Trophic level,,Primary predators (predators and parasitoids of herbivores),,mode,,both,adult,,,,,,,,,,,
HumanObservation,"Embolemidae Emboleminae Embolemus walkeri Richads, 1951",Flight duration,Number of sampling times the species was collected,1.0,count,mean,,both,adult,,,,,,,,,,,
Plain Examples for HumanObservation,"Embolemidae Emboleminae Embolemus walkeri Richads, 1951",Mean body size,Literature data from Tadauchi and Murao (2014) for bees and Terayama and Suda (2016) for wasps.,4.0,,mean,,both,adult,,,,,,,,,,,
HumanObservation,"Embolemidae Emboleminae Embolemus walkeri Richads, 1951",Altitudinal range,Elevation was determined by selecting specific study sites within the Kyushu Central Mountains.,0.0,m,range,,both,adult,,,,,,,,,,,
PreservedSpecimen,"Embolemidae Emboleminae Embolemus walkeri Richads, 1951",Feeding guild,Classification based on feeding mechanism,Parasitoid,,mode,,both,adult,,,,,,,,,,,
HumanObservation,"Embolemidae Emboleminae Embolemus walkeri Richads, 1951",Distribution index,,4.0,,mode,,both,adult,,,,,,,,,,,
PreservedSpecimen,"Embolemidae Emboleminae Embolemus pecki Olmi, 1997",Trophic level,,Primary predators (predators and parasitoids of herbivores),,mode,,both,adult,,,,,,,,,,,
HumanObservation,"Embolemidae Emboleminae Embolemus pecki Olmi, 1997",Flight duration,Number of sampling times the species was collected,2.0,count,mean,,both,adult,,,,,,,,,,,
Plain Examples for HumanObservation,"Embolemidae Emboleminae Embolemus pecki Olmi, 1997",Mean body size,Literature data from Tadauchi and Murao (2014) for bees and Terayama and Suda (2016) for wasps.,3.25,,mean,,both,adult,,,,,,,,,,,
HumanObservation,"Embolemidae Emboleminae Embolemus pecki Olmi, 1997",Altitudinal range,Elevation was determined by selecting specific study sites within the Kyushu Central Mountains.,296.0,m,range,,both,adult,,,,,,,,,,,
PreservedSpecimen,"Embolemidae Emboleminae Embolemus pecki Olmi, 1997",Feeding guild,Classification based on feeding mechanism,Parasitoid,,mode,,both,adult,,,,,,,,,,,
HumanObservation,"Embolemidae Emboleminae Embolemus pecki Olmi, 1997",Distribution index,,4.0,,mode,,both,adult,,,,,,,,,,,
PreservedSpecimen,"Embolemidae Emboleminae Embolemus sensitivus Xu, Olmi & Guglielmino, 2012",Trophic level,,Primary predators (predators and parasitoids of herbivores),,mode,,both,adult,,,,,,,,,,,
HumanObservation,"Embolemidae Emboleminae Embolemus sensitivus Xu, Olmi & Guglielmino, 2012",Flight duration,Number of sampling times the species was collected,1.0,count,mean,,both,adult,,,,,,,,,,,
Plain Examples for HumanObservation,"Embolemidae Emboleminae Embolemus sensitivus Xu, Olmi & Guglielmino, 2012",Mean body size,Literature data from Tadauchi and Murao (2014) for bees and Terayama and Suda (2016) for wasps.,3.25,,mean,,both,adult,,,,,,,,,,,
HumanObservation,"Embolemidae Emboleminae Embolemus sensitivus Xu, Olmi & Guglielmino, 2012",Altitudinal range,Elevation was determined by selecting specific study sites within the Kyushu Central Mountains.,315.0,m,range,,both,adult,,,,,,,,,,,
PreservedSpecimen,"Embolemidae Emboleminae Embolemus sensitivus Xu, Olmi & Guglielmino, 2012",Feeding guild,Classification based on feeding mechanism,Parasitoid,,mode,,both,adult,,,,,,,,,,,
HumanObservation,"Embolemidae Emboleminae Embolemus sensitivus Xu, Olmi & Guglielmino, 2012",Distribution index,,3.6666666666666665,,mode,,both,adult,,,,,,,,,,,
PreservedSpecimen,Mutillidae Myrmillinae Bischoffitilla ardescens,Trophic level,,Secondary predators (predators and parasitoids of predators),,mode,,both,adult,,,,,,,,,,,
HumanObservation,Mutillidae Myrmillinae Bischoffitilla ardescens,Flight duration,Number of sampling times the species was collected,2.0,count,mean,,both,adult,,,,,,,,,,,
Plain Examples for HumanObservation,Mutillidae Myrmillinae Bischoffitilla ardescens,Mean body size,Literature data from Tadauchi and Murao (2014) for bees and Terayama and Suda (2016) for wasps.,6.0,,mean,,both,adult,,,,,,,,,,,
HumanObservation,Mutillidae Myrmillinae Bischoffitilla ardescens,Altitudinal range,Elevation was determined by selecting specific study sites within the Kyushu Central Mountains.,1306.0,m,range,,both,adult,,,,,,,,,,,
PreservedSpecimen,Mutillidae Myrmillinae Bischoffitilla ardescens,Feeding guild,Classification based on feeding mechanism,Blood Parasitoid,,mode,,both,adult,,,,,,,,,,,
HumanObservation,Mutillidae Myrmillinae Bischoffitilla ardescens,Distribution index,,4.5,,mode,,both,adult,,,,,,,,,,,
PreservedSpecimen,Myrmosidae Myrmosinae Taimyrmosa nigrofasciata,Trophic level,,Secondary predators (predators and parasitoids of predators),,mode,,both,adult,,,,,,,,,,,
HumanObservation,Myrmosidae Myrmosinae Taimyrmosa nigrofasciata,Flight duration,Number of sampling times the species was collected,2.0,count,mean,,both,adult,,,,,,,,,,,
Plain Examples for HumanObservation,Myrmosidae Myrmosinae Taimyrmosa nigrofasciata,Mean body size,Literature data from Tadauchi and Murao (2014) for bees and Terayama and Suda (2016) for wasps.,6.5,,mean,,both,adult,,,,,,,,,,,
HumanObservation,Myrmosidae Myrmosinae Taimyrmosa nigrofasciata,Altitudinal range,Elevation was determined by selecting specific study sites within the Kyushu Central Mountains.,0.0,m,range,,both,adult,,,,,,,,,,,
PreservedSpecimen,Myrmosidae Myrmosinae Taimyrmosa nigrofasciata,Feeding guild,Classification based on feeding mechanism,Blood Parasitoid,,mode,,both,adult,,,,,,,,,,,
HumanObservation,Myrmosidae Myrmosinae Taimyrmosa nigrofasciata,Distribution index,,3.5,,mode,,both,adult,,,,,,,,,,,
PreservedSpecimen,"Pompilidae Ceropalinae Irenangelus hikosanus Wahis, 2007",Trophic level,,Secondary predators (predators and parasitoids of predators),,mode,,both,adult,,,,,,,,,,,
HumanObservation,"Pompilidae Ceropalinae Irenangelus hikosanus Wahis, 2007",Flight duration,Number of sampling times the species was collected,1.0,count,mean,,both,adult,,,,,,,,,,,
Plain Examples for HumanObservation,"Pompilidae Ceropalinae Irenangelus hikosanus Wahis, 2007",Mean body size,Literature data from Tadauchi and Murao (2014) for bees and Terayama and Suda (2016) for wasps.,11.5,,mean,,both,adult,,,,,,,,,,,
HumanObservation,"Pompilidae Ceropalinae Irenangelus hikosanus Wahis, 2007",Altitudinal range,Elevation was determined by selecting specific study sites within the Kyushu Central Mountains.,687.0,m,range,,both,adult,,,,,,,,,,,
PreservedSpecimen,"Pompilidae Ceropalinae Irenangelus hikosanus Wahis, 2007",Feeding guild,Classification based on feeding mechanism,Blood Parasitoid,,mode,,both,adult,,,,,,,,,,,
HumanObservation,"Pompilidae Ceropalinae Irenangelus hikosanus Wahis, 2007",Distribution index,,4.75,,mode,,both,adult,,,,,,,,,,,
PreservedSpecimen,"Pompilidae Ceropalinae Irenangelus nambui Shimizu, 2007",Trophic level,,Secondary predators (predators and parasitoids of predators),,mode,,both,adult,,,,,,,,,,,
HumanObservation,"Pompilidae Ceropalinae Irenangelus nambui Shimizu, 2007",Flight duration,Number of sampling times the species was collected,2.0,count,mean,,both,adult,,,,,,,,,,,
Plain Examples for HumanObservation,"Pompilidae Ceropalinae Irenangelus nambui Shimizu, 2007",Mean body size,Literature data from Tadauchi and Murao (2014) for bees and Terayama and Suda (2016) for wasps.,6.75,,mean,,both,adult,,,,,,,,,,,
HumanObservation,"Pompilidae Ceropalinae Irenangelus nambui Shimizu, 2007",Altitudinal range,Elevation was determined by selecting specific study sites within the Kyushu Central Mountains.,760.0,m,range,,both,adult,,,,,,,,,,,
PreservedSpecimen,"Pompilidae Ceropalinae Irenangelus nambui Shimizu, 2007",Feeding guild,Classification based on feeding mechanism,Blood Parasitoid,,mode,,both,adult,,,,,,,,,,,
HumanObservation,"Pompilidae Ceropalinae Irenangelus nambui Shimizu, 2007",Distribution index,,4.0,,mode,,both,adult,,,,,,,,,,,
PreservedSpecimen,Pompilidae Pepsinae Auplopus kyotensis,Trophic level,,Secondary predators (predators and parasitoids of predators),,mode,,both,adult,,,,,,,,,,,
HumanObservation,Pompilidae Pepsinae Auplopus kyotensis,Flight duration,Number of sampling times the species was collected,3.0,count,mean,,both,adult,,,,,,,,,,,
Plain Examples for HumanObservation,Pompilidae Pepsinae Auplopus kyotensis,Mean body size,Literature data from Tadauchi and Murao (2014) for bees and Terayama and Suda (2016) for wasps.,8.25,,mean,,both,adult,,,,,,,,,,,
HumanObservation,Pompilidae Pepsinae Auplopus kyotensis,Altitudinal range,Elevation was determined by selecting specific study sites within the Kyushu Central Mountains.,0.0,m,range,,both,adult,,,,,,,,,,,
PreservedSpecimen,Pompilidae Pepsinae Auplopus kyotensis,Feeding guild,Classification based on feeding mechanism,Predator,,mode,,both,adult,,,,,,,,,,,
HumanObservation,Pompilidae Pepsinae Auplopus kyotensis,Distribution index,,4.5,,mode,,both,adult,,,,,,,,,,,
PreservedSpecimen,Pompilidae Pepsinae Caliadurgus ussuriensis,Trophic level,,Secondary predators (predators and parasitoids of predators),,mode,,both,adult,,,,,,,,,,,
HumanObservation,Pompilidae Pepsinae Caliadurgus ussuriensis,Flight duration,Number of sampling times the species was collected,3.0,count,mean,,both,adult,,,,,,,,,,,
Plain Examples for HumanObservation,Pompilidae Pepsinae Caliadurgus ussuriensis,Mean body size,Literature data from Tadauchi and Murao (2014) for bees and Terayama and Suda (2016) for wasps.,8.5,,mean,,both,adult,,,,,,,,,,,
HumanObservation,Pompilidae Pepsinae Caliadurgus ussuriensis,Altitudinal range,Elevation was determined by selecting specific study sites within the Kyushu Central Mountains.,687.0,m,range,,both,adult,,,,,,,,,,,
PreservedSpecimen,Pompilidae Pepsinae Caliadurgus ussuriensis,Feeding guild,Classification based on feeding mechanism,Predator,,mode,,both,adult,,,,,,,,,,,
HumanObservation,Pompilidae Pepsinae Caliadurgus ussuriensis,Distribution index,,3.6666666666666665,,mode,,both,adult,,,,,,,,,,,
PreservedSpecimen,Pompilidae Pepsinae Clistoderes Paraclistoderes futabae,Trophic level,,Secondary predators (predators and parasitoids of predators),,mode,,both,adult,,,,,,,,,,,
HumanObservation,Pompilidae Pepsinae Clistoderes Paraclistoderes futabae,Flight duration,Number of sampling times the species was collected,3.0,count,mean,,both,adult,,,,,,,,,,,
Plain Examples for HumanObservation,Pompilidae Pepsinae Clistoderes Paraclistoderes futabae,Mean body size,Literature data from Tadauchi and Murao (2014) for bees and Terayama and Suda (2016) for wasps.,6.75,,mean,,both,adult,,,,,,,,,,,
HumanObservation,Pompilidae Pepsinae Clistoderes Paraclistoderes futabae,Altitudinal range,Elevation was determined by selecting specific study sites within the Kyushu Central Mountains.,881.0,m,range,,both,adult,,,,,,,,,,,
PreservedSpecimen,Pompilidae Pepsinae Clistoderes Paraclistoderes futabae,Feeding guild,Classification based on feeding mechanism,Predator,,mode,,both,adult,,,,,,,,,,,
HumanObservation,Pompilidae Pepsinae Clistoderes Paraclistoderes futabae,Distribution index,,3.5,,mode,,both,adult,,,,,,,,,,,
PreservedSpecimen,Pompilidae Pepsinae Dipogon Deuteragenia bifasciatus,Trophic level,,Secondary predators (predators and parasitoids of predators),,mode,,both,adult,,,,,,,,,,,
HumanObservation,Pompilidae Pepsinae Dipogon Deuteragenia bifasciatus,Flight duration,Number of sampling times the species was collected,1.0,count,mean,,both,adult,,,,,,,,,,,
Plain Examples for HumanObservation,Pompilidae Pepsinae Dipogon Deuteragenia bifasciatus,Mean body size,Literature data from Tadauchi and Murao (2014) for bees and Terayama and Suda (2016) for wasps.,7.25,,mean,,both,adult,,,,,,,,,,,
HumanObservation,Pompilidae Pepsinae Dipogon Deuteragenia bifasciatus,Altitudinal range,Elevation was determined by selecting specific study sites within the Kyushu Central Mountains.,0.0,m,range,,both,adult,,,,,,,,,,,
PreservedSpecimen,Pompilidae Pepsinae Dipogon Deuteragenia bifasciatus,Feeding guild,Classification based on feeding mechanism,Predator,,mode,,both,adult,,,,,,,,,,,
HumanObservation,Pompilidae Pepsinae Dipogon Deuteragenia bifasciatus,Distribution index,,3.0,,mode,,both,adult,,,,,,,,,,,
PreservedSpecimen,Pompilidae Pepsinae Dipogon Deuteragenia immarginatus,Trophic level,,Secondary predators (predators and parasitoids of predators),,mode,,both,adult,,,,,,,,,,,
HumanObservation,Pompilidae Pepsinae Dipogon Deuteragenia immarginatus,Flight duration,Number of sampling times the species was collected,3.0,count,mean,,both,adult,,,,,,,,,,,
Plain Examples for HumanObservation,Pompilidae Pepsinae Dipogon Deuteragenia immarginatus,Mean body size,Literature data from Tadauchi and Murao (2014) for bees and Terayama and Suda (2016) for wasps.,7.0,,mean,,both,adult,,,,,,,,,,,
HumanObservation,Pompilidae Pepsinae Dipogon Deuteragenia immarginatus,Altitudinal range,Elevation was determined by selecting specific study sites within the Kyushu Central Mountains.,817.0,m,range,,both,adult,,,,,,,,,,,
PreservedSpecimen,Pompilidae Pepsinae Dipogon Deuteragenia immarginatus,Feeding guild,Classification based on feeding mechanism,Predator,,mode,,both,adult,,,,,,,,,,,
HumanObservation,Pompilidae Pepsinae Dipogon Deuteragenia immarginatus,Distribution index,,3.0,,mode,,both,adult,,,,,,,,,,,
PreservedSpecimen,Pompilidae Pepsinae Dipogon Deuteragenia nipponicus,Trophic level,,Secondary predators (predators and parasitoids of predators),,mode,,both,adult,,,,,,,,,,,
HumanObservation,Pompilidae Pepsinae Dipogon Deuteragenia nipponicus,Flight duration,Number of sampling times the species was collected,3.0,count,mean,,both,adult,,,,,,,,,,,
Plain Examples for HumanObservation,Pompilidae Pepsinae Dipogon Deuteragenia nipponicus,Mean body size,Literature data from Tadauchi and Murao (2014) for bees and Terayama and Suda (2016) for wasps.,8.25,,mean,,both,adult,,,,,,,,,,,
HumanObservation,Pompilidae Pepsinae Dipogon Deuteragenia nipponicus,Altitudinal range,Elevation was determined by selecting specific study sites within the Kyushu Central Mountains.,536.0,m,range,,both,adult,,,,,,,,,,,
PreservedSpecimen,Pompilidae Pepsinae Dipogon Deuteragenia nipponicus,Feeding guild,Classification based on feeding mechanism,Predator,,mode,,both,adult,,,,,,,,,,,
HumanObservation,Pompilidae Pepsinae Dipogon Deuteragenia nipponicus,Distribution index,,3.0,,mode,,both,adult,,,,,,,,,,,
PreservedSpecimen,"Pompilidae Pepsinae Dipogon Deuteragenia sperconsus Shimizu & Ishikawa, 2002",Trophic level,,Secondary predators (predators and parasitoids of predators),,mode,,both,adult,,,,,,,,,,,
HumanObservation,"Pompilidae Pepsinae Dipogon Deuteragenia sperconsus Shimizu & Ishikawa, 2002",Flight duration,Number of sampling times the species was collected,1.0,count,mean,,both,adult,,,,,,,,,,,
Plain Examples for HumanObservation,"Pompilidae Pepsinae Dipogon Deuteragenia sperconsus Shimizu & Ishikawa, 2002",Mean body size,Literature data from Tadauchi and Murao (2014) for bees and Terayama and Suda (2016) for wasps.,9.75,,mean,,both,adult,,,,,,,,,,,
HumanObservation,"Pompilidae Pepsinae Dipogon Deuteragenia sperconsus Shimizu & Ishikawa, 2002",Altitudinal range,Elevation was determined by selecting specific study sites within the Kyushu Central Mountains.,27.0,m,range,,both,adult,,,,,,,,,,,
PreservedSpecimen,"Pompilidae Pepsinae Dipogon Deuteragenia sperconsus Shimizu & Ishikawa, 2002",Feeding guild,Classification based on feeding mechanism,Predator,,mode,,both,adult,,,,,,,,,,,
HumanObservation,"Pompilidae Pepsinae Dipogon Deuteragenia sperconsus Shimizu & Ishikawa, 2002",Distribution index,,3.5,,mode,,both,adult,,,,,,,,,,,
PreservedSpecimen,Pompilidae Pepsinae Dipogon Nipponodipogon sp1.,Trophic level,,Secondary predators (predators and parasitoids of predators),,mode,,both,adult,,,,,,,,,,,
HumanObservation,Pompilidae Pepsinae Dipogon Nipponodipogon sp1.,Flight duration,Number of sampling times the species was collected,3.0,count,mean,,both,adult,,,,,,,,,,,
Plain Examples for HumanObservation,Pompilidae Pepsinae Dipogon Nipponodipogon sp1.,Mean body size,Literature data from Tadauchi and Murao (2014) for bees and Terayama and Suda (2016) for wasps.,5.75,,mean,,both,adult,,,,,,,,,,,
HumanObservation,Pompilidae Pepsinae Dipogon Nipponodipogon sp1.,Altitudinal range,Elevation was determined by selecting specific study sites within the Kyushu Central Mountains.,817.0,m,range,,both,adult,,,,,,,,,,,
PreservedSpecimen,Pompilidae Pepsinae Dipogon Nipponodipogon sp1.,Feeding guild,Classification based on feeding mechanism,Blood Parasitoid,,mode,,both,adult,,,,,,,,,,,
HumanObservation,Pompilidae Pepsinae Dipogon Nipponodipogon sp1.,Distribution index,,5.0,,mode,,both,adult,,,,,,,,,,,
PreservedSpecimen,"Pompilidae Pepsinae Eopompilus minor Gussakovskij, 1933",Trophic level,,Secondary predators (predators and parasitoids of predators),,mode,,both,adult,,,,,,,,,,,
HumanObservation,"Pompilidae Pepsinae Eopompilus minor Gussakovskij, 1933",Flight duration,Number of sampling times the species was collected,2.0,count,mean,,both,adult,,,,,,,,,,,
Plain Examples for HumanObservation,"Pompilidae Pepsinae Eopompilus minor Gussakovskij, 1933",Mean body size,Literature data from Tadauchi and Murao (2014) for bees and Terayama and Suda (2016) for wasps.,8.0,,mean,,both,adult,,,,,,,,,,,
HumanObservation,"Pompilidae Pepsinae Eopompilus minor Gussakovskij, 1933",Altitudinal range,Elevation was determined by selecting specific study sites within the Kyushu Central Mountains.,536.0,m,range,,both,adult,,,,,,,,,,,
PreservedSpecimen,"Pompilidae Pepsinae Eopompilus minor Gussakovskij, 1933",Feeding guild,Classification based on feeding mechanism,Predator,,mode,,both,adult,,,,,,,,,,,
HumanObservation,"Pompilidae Pepsinae Eopompilus minor Gussakovskij, 1933",Distribution index,,3.0,,mode,,both,adult,,,,,,,,,,,
PreservedSpecimen,Pompilidae Pepsinae Poecilagenia maruyamai,Trophic level,,Secondary predators (predators and parasitoids of predators),,mode,,both,adult,,,,,,,,,,,
HumanObservation,Pompilidae Pepsinae Poecilagenia maruyamai,Flight duration,Number of sampling times the species was collected,2.0,count,mean,,both,adult,,,,,,,,,,,
Plain Examples for HumanObservation,Pompilidae Pepsinae Poecilagenia maruyamai,Mean body size,Literature data from Tadauchi and Murao (2014) for bees and Terayama and Suda (2016) for wasps.,7.5,,mean,,both,adult,,,,,,,,,,,
HumanObservation,Pompilidae Pepsinae Poecilagenia maruyamai,Altitudinal range,Elevation was determined by selecting specific study sites within the Kyushu Central Mountains.,281.0,m,range,,both,adult,,,,,,,,,,,
PreservedSpecimen,Pompilidae Pepsinae Poecilagenia maruyamai,Feeding guild,Classification based on feeding mechanism,Blood Parasitoid,,mode,,both,adult,,,,,,,,,,,
HumanObservation,Pompilidae Pepsinae Poecilagenia maruyamai,Distribution index,,3.5,,mode,,both,adult,,,,,,,,,,,
PreservedSpecimen,"Pompilidae Pepsinae Priocnemis Leptopriocnemis cyphonota Pérez, 1905",Trophic level,,Secondary predators (predators and parasitoids of predators),,mode,,both,adult,,,,,,,,,,,
HumanObservation,"Pompilidae Pepsinae Priocnemis Leptopriocnemis cyphonota Pérez, 1905",Flight duration,Number of sampling times the species was collected,2.0,count,mean,,both,adult,,,,,,,,,,,
Plain Examples for HumanObservation,"Pompilidae Pepsinae Priocnemis Leptopriocnemis cyphonota Pérez, 1905",Mean body size,Literature data from Tadauchi and Murao (2014) for bees and Terayama and Suda (2016) for wasps.,10.0,,mean,,both,adult,,,,,,,,,,,
HumanObservation,"Pompilidae Pepsinae Priocnemis Leptopriocnemis cyphonota Pérez, 1905",Altitudinal range,Elevation was determined by selecting specific study sites within the Kyushu Central Mountains.,417.0,m,range,,both,adult,,,,,,,,,,,
PreservedSpecimen,"Pompilidae Pepsinae Priocnemis Leptopriocnemis cyphonota Pérez, 1905",Feeding guild,Classification based on feeding mechanism,Predator,,mode,,both,adult,,,,,,,,,,,
HumanObservation,"Pompilidae Pepsinae Priocnemis Leptopriocnemis cyphonota Pérez, 1905",Distribution index,,3.0,,mode,,both,adult,,,,,,,,,,,
PreservedSpecimen,"Pompilidae Pepsinae Priocnemis ishikawai Lelej, 1992",Trophic level,,Secondary predators (predators and parasitoids of predators),,mode,,both,adult,,,,,,,,,,,
HumanObservation,"Pompilidae Pepsinae Priocnemis ishikawai Lelej, 1992",Flight duration,Number of sampling times the species was collected,3.0,count,mean,,both,adult,,,,,,,,,,,
Plain Examples for HumanObservation,"Pompilidae Pepsinae Priocnemis ishikawai Lelej, 1992",Mean body size,Literature data from Tadauchi and Murao (2014) for bees and Terayama and Suda (2016) for wasps.,8.0,,mean,,both,adult,,,,,,,,,,,
HumanObservation,"Pompilidae Pepsinae Priocnemis ishikawai Lelej, 1992",Altitudinal range,Elevation was determined by selecting specific study sites within the Kyushu Central Mountains.,881.0,m,range,,both,adult,,,,,,,,,,,
PreservedSpecimen,"Pompilidae Pepsinae Priocnemis ishikawai Lelej, 1992",Feeding guild,Classification based on feeding mechanism,Predator,,mode,,both,adult,,,,,,,,,,,
HumanObservation,"Pompilidae Pepsinae Priocnemis ishikawai Lelej, 1992",Distribution index,,4.0,,mode,,both,adult,,,,,,,,,,,
PreservedSpecimen,"Pompilidae Pepsinae Priocnemis mitakensis Ishikawa, 1954",Trophic level,,Secondary predators (predators and parasitoids of predators),,mode,,both,adult,,,,,,,,,,,
HumanObservation,"Pompilidae Pepsinae Priocnemis mitakensis Ishikawa, 1954",Flight duration,Number of sampling times the species was collected,2.0,count,mean,,both,adult,,,,,,,,,,,
Plain Examples for HumanObservation,"Pompilidae Pepsinae Priocnemis mitakensis Ishikawa, 1954",Mean body size,Literature data from Tadauchi and Murao (2014) for bees and Terayama and Suda (2016) for wasps.,9.0,,mean,,both,adult,,,,,,,,,,,
HumanObservation,"Pompilidae Pepsinae Priocnemis mitakensis Ishikawa, 1954",Altitudinal range,Elevation was determined by selecting specific study sites within the Kyushu Central Mountains.,0.0,m,range,,both,adult,,,,,,,,,,,
PreservedSpecimen,"Pompilidae Pepsinae Priocnemis mitakensis Ishikawa, 1954",Feeding guild,Classification based on feeding mechanism,Predator,,mode,,both,adult,,,,,,,,,,,
HumanObservation,"Pompilidae Pepsinae Priocnemis mitakensis Ishikawa, 1954",Distribution index,,3.0,,mode,,both,adult,,,,,,,,,,,
PreservedSpecimen,"Pompilidae Pepsinae Priocnemis shidai Ishikawa, 1962",Trophic level,,Secondary predators (predators and parasitoids of predators),,mode,,both,adult,,,,,,,,,,,
HumanObservation,"Pompilidae Pepsinae Priocnemis shidai Ishikawa, 1962",Flight duration,Number of sampling times the species was collected,1.0,count,mean,,both,adult,,,,,,,,,,,
Plain Examples for HumanObservation,"Pompilidae Pepsinae Priocnemis shidai Ishikawa, 1962",Mean body size,Literature data from Tadauchi and Murao (2014) for bees and Terayama and Suda (2016) for wasps.,6.5,,mean,,both,adult,,,,,,,,,,,
HumanObservation,"Pompilidae Pepsinae Priocnemis shidai Ishikawa, 1962",Altitudinal range,Elevation was determined by selecting specific study sites within the Kyushu Central Mountains.,687.0,m,range,,both,adult,,,,,,,,,,,
PreservedSpecimen,"Pompilidae Pepsinae Priocnemis shidai Ishikawa, 1962",Feeding guild,Classification based on feeding mechanism,Predator,,mode,,both,adult,,,,,,,,,,,
HumanObservation,"Pompilidae Pepsinae Priocnemis shidai Ishikawa, 1962",Distribution index,,3.25,,mode,,both,adult,,,,,,,,,,,
PreservedSpecimen,"Pompilidae Pepsinae Priocnemis Umbripennis atropos Smith, 1873",Trophic level,,Secondary predators (predators and parasitoids of predators),,mode,,both,adult,,,,,,,,,,,
HumanObservation,"Pompilidae Pepsinae Priocnemis Umbripennis atropos Smith, 1873",Flight duration,Number of sampling times the species was collected,1.0,count,mean,,both,adult,,,,,,,,,,,
Plain Examples for HumanObservation,"Pompilidae Pepsinae Priocnemis Umbripennis atropos Smith, 1873",Mean body size,Literature data from Tadauchi and Murao (2014) for bees and Terayama and Suda (2016) for wasps.,9.0,,mean,,both,adult,,,,,,,,,,,
HumanObservation,"Pompilidae Pepsinae Priocnemis Umbripennis atropos Smith, 1873",Altitudinal range,Elevation was determined by selecting specific study sites within the Kyushu Central Mountains.,417.0,m,range,,both,adult,,,,,,,,,,,
PreservedSpecimen,"Pompilidae Pepsinae Priocnemis Umbripennis atropos Smith, 1873",Feeding guild,Classification based on feeding mechanism,Predator,,mode,,both,adult,,,,,,,,,,,
HumanObservation,"Pompilidae Pepsinae Priocnemis Umbripennis atropos Smith, 1873",Distribution index,,4.0,,mode,,both,adult,,,,,,,,,,,
PreservedSpecimen,"Pompilidae Pepsinae Priocnemis Umbripennis irritabilis Smith, 1873",Trophic level,,Secondary predators (predators and parasitoids of predators),,mode,,both,adult,,,,,,,,,,,
HumanObservation,"Pompilidae Pepsinae Priocnemis Umbripennis irritabilis Smith, 1873",Flight duration,Number of sampling times the species was collected,1.0,count,mean,,both,adult,,,,,,,,,,,
Plain Examples for HumanObservation,"Pompilidae Pepsinae Priocnemis Umbripennis irritabilis Smith, 1873",Mean body size,Literature data from Tadauchi and Murao (2014) for bees and Terayama and Suda (2016) for wasps.,14.5,,mean,,both,adult,,,,,,,,,,,
HumanObservation,"Pompilidae Pepsinae Priocnemis Umbripennis irritabilis Smith, 1873",Altitudinal range,Elevation was determined by selecting specific study sites within the Kyushu Central Mountains.,536.0,m,range,,both,adult,,,,,,,,,,,
PreservedSpecimen,"Pompilidae Pepsinae Priocnemis Umbripennis irritabilis Smith, 1873",Feeding guild,Classification based on feeding mechanism,Predator,,mode,,both,adult,,,,,,,,,,,
HumanObservation,"Pompilidae Pepsinae Priocnemis Umbripennis irritabilis Smith, 1873",Distribution index,,4.0,,mode,,both,adult,,,,,,,,,,,
PreservedSpecimen,"Pompilidae Pepsinae Priocnemis Umbripennis nagasei Ishikawa, 1962",Trophic level,,Secondary predators (predators and parasitoids of predators),,mode,,both,adult,,,,,,,,,,,
HumanObservation,"Pompilidae Pepsinae Priocnemis Umbripennis nagasei Ishikawa, 1962",Flight duration,Number of sampling times the species was collected,1.0,count,mean,,both,adult,,,,,,,,,,,
Plain Examples for HumanObservation,"Pompilidae Pepsinae Priocnemis Umbripennis nagasei Ishikawa, 1962",Mean body size,Literature data from Tadauchi and Murao (2014) for bees and Terayama and Suda (2016) for wasps.,13.5,,mean,,both,adult,,,,,,,,,,,
HumanObservation,"Pompilidae Pepsinae Priocnemis Umbripennis nagasei Ishikawa, 1962",Altitudinal range,Elevation was determined by selecting specific study sites within the Kyushu Central Mountains.,315.0,m,range,,both,adult,,,,,,,,,,,
PreservedSpecimen,"Pompilidae Pepsinae Priocnemis Umbripennis nagasei Ishikawa, 1962",Feeding guild,Classification based on feeding mechanism,Predator,,mode,,both,adult,,,,,,,,,,,
HumanObservation,"Pompilidae Pepsinae Priocnemis Umbripennis nagasei Ishikawa, 1962",Distribution index,,4.0,,mode,,both,adult,,,,,,,,,,,
PreservedSpecimen,"Pompilidae Pepsinae Telostholus yasumatsui Ishikawa, 1967",Trophic level,,Secondary predators (predators and parasitoids of predators),,mode,,both,adult,,,,,,,,,,,
HumanObservation,"Pompilidae Pepsinae Telostholus yasumatsui Ishikawa, 1967",Flight duration,Number of sampling times the species was collected,1.0,count,mean,,both,adult,,,,,,,,,,,
Plain Examples for HumanObservation,"Pompilidae Pepsinae Telostholus yasumatsui Ishikawa, 1967",Mean body size,Literature data from Tadauchi and Murao (2014) for bees and Terayama and Suda (2016) for wasps.,9.0,,mean,,both,adult,,,,,,,,,,,
HumanObservation,"Pompilidae Pepsinae Telostholus yasumatsui Ishikawa, 1967",Altitudinal range,Elevation was determined by selecting specific study sites within the Kyushu Central Mountains.,760.0,m,range,,both,adult,,,,,,,,,,,
PreservedSpecimen,"Pompilidae Pepsinae Telostholus yasumatsui Ishikawa, 1967",Feeding guild,Classification based on feeding mechanism,Predator,,mode,,both,adult,,,,,,,,,,,
HumanObservation,"Pompilidae Pepsinae Telostholus yasumatsui Ishikawa, 1967",Distribution index,,4.5,,mode,,both,adult,,,,,,,,,,,
PreservedSpecimen,Pompilidae Pompiliinae Anoplius fratellus,Trophic level,,Secondary predators (predators and parasitoids of predators),,mode,,both,adult,,,,,,,,,,,
HumanObservation,Pompilidae Pompiliinae Anoplius fratellus,Flight duration,Number of sampling times the species was collected,3.0,count,mean,,both,adult,,,,,,,,,,,
Plain Examples for HumanObservation,Pompilidae Pompiliinae Anoplius fratellus,Mean body size,Literature data from Tadauchi and Murao (2014) for bees and Terayama and Suda (2016) for wasps.,9.0,,mean,,both,adult,,,,,,,,,,,
HumanObservation,Pompilidae Pompiliinae Anoplius fratellus,Altitudinal range,Elevation was determined by selecting specific study sites within the Kyushu Central Mountains.,0.0,m,range,,both,adult,,,,,,,,,,,
PreservedSpecimen,Pompilidae Pompiliinae Anoplius fratellus,Feeding guild,Classification based on feeding mechanism,Predator,,mode,,both,adult,,,,,,,,,,,
HumanObservation,Pompilidae Pompiliinae Anoplius fratellus,Distribution index,,3.25,,mode,,both,adult,,,,,,,,,,,
PreservedSpecimen,"Pompilidae Pompiliinae Anoplius pacificus Yasumatsu, 1943",Trophic level,,Secondary predators (predators and parasitoids of predators),,mode,,both,adult,,,,,,,,,,,
HumanObservation,"Pompilidae Pompiliinae Anoplius pacificus Yasumatsu, 1943",Flight duration,Number of sampling times the species was collected,3.0,count,mean,,both,adult,,,,,,,,,,,
Plain Examples for HumanObservation,"Pompilidae Pompiliinae Anoplius pacificus Yasumatsu, 1943",Mean body size,Literature data from Tadauchi and Murao (2014) for bees and Terayama and Suda (2016) for wasps.,8.5,,mean,,both,adult,,,,,,,,,,,
HumanObservation,"Pompilidae Pompiliinae Anoplius pacificus Yasumatsu, 1943",Altitudinal range,Elevation was determined by selecting specific study sites within the Kyushu Central Mountains.,881.0,m,range,,both,adult,,,,,,,,,,,
PreservedSpecimen,"Pompilidae Pompiliinae Anoplius pacificus Yasumatsu, 1943",Feeding guild,Classification based on feeding mechanism,Predator,,mode,,both,adult,,,,,,,,,,,
HumanObservation,"Pompilidae Pompiliinae Anoplius pacificus Yasumatsu, 1943",Distribution index,,3.5,,mode,,both,adult,,,,,,,,,,,
PreservedSpecimen,"Pompilidae Pompiliinae Anoplius ryukyuensis Tsuneki, 1990",Trophic level,,Secondary predators (predators and parasitoids of predators),,mode,,both,adult,,,,,,,,,,,
HumanObservation,"Pompilidae Pompiliinae Anoplius ryukyuensis Tsuneki, 1990",Flight duration,Number of sampling times the species was collected,2.0,count,mean,,both,adult,,,,,,,,,,,
Plain Examples for HumanObservation,"Pompilidae Pompiliinae Anoplius ryukyuensis Tsuneki, 1990",Mean body size,Literature data from Tadauchi and Murao (2014) for bees and Terayama and Suda (2016) for wasps.,8.0,,mean,,both,adult,,,,,,,,,,,
HumanObservation,"Pompilidae Pompiliinae Anoplius ryukyuensis Tsuneki, 1990",Altitudinal range,Elevation was determined by selecting specific study sites within the Kyushu Central Mountains.,0.0,m,range,,both,adult,,,,,,,,,,,
PreservedSpecimen,"Pompilidae Pompiliinae Anoplius ryukyuensis Tsuneki, 1990",Feeding guild,Classification based on feeding mechanism,Predator,,mode,,both,adult,,,,,,,,,,,
HumanObservation,"Pompilidae Pompiliinae Anoplius ryukyuensis Tsuneki, 1990",Distribution index,,3.0,,mode,,both,adult,,,,,,,,,,,
PreservedSpecimen,"Pompilidae Pompilinae Anoplius eous Yasumatsu, 1936",Trophic level,,Secondary predators (predators and parasitoids of predators),,mode,,both,adult,,,,,,,,,,,
HumanObservation,"Pompilidae Pompilinae Anoplius eous Yasumatsu, 1936",Flight duration,Number of sampling times the species was collected,1.0,count,mean,,both,adult,,,,,,,,,,,
Plain Examples for HumanObservation,"Pompilidae Pompilinae Anoplius eous Yasumatsu, 1936",Mean body size,Literature data from Tadauchi and Murao (2014) for bees and Terayama and Suda (2016) for wasps.,16.0,,mean,,both,adult,,,,,,,,,,,
HumanObservation,"Pompilidae Pompilinae Anoplius eous Yasumatsu, 1936",Altitudinal range,Elevation was determined by selecting specific study sites within the Kyushu Central Mountains.,0.0,m,range,,both,adult,,,,,,,,,,,
PreservedSpecimen,"Pompilidae Pompilinae Anoplius eous Yasumatsu, 1936",Feeding guild,Classification based on feeding mechanism,Predator,,mode,,both,adult,,,,,,,,,,,
HumanObservation,"Pompilidae Pompilinae Anoplius eous Yasumatsu, 1936",Distribution index,,3.25,,mode,,both,adult,,,,,,,,,,,
PreservedSpecimen,"Tiphidae Tiphinae Tiphia brevilineata Allen & Jaynes, 1930",Trophic level,,Primary predators (predators and parasitoids of herbivores),,mode,,both,adult,,,,,,,,,,,
HumanObservation,"Tiphidae Tiphinae Tiphia brevilineata Allen & Jaynes, 1930",Flight duration,Number of sampling times the species was collected,1.0,count,mean,,both,adult,,,,,,,,,,,
Plain Examples for HumanObservation,"Tiphidae Tiphinae Tiphia brevilineata Allen & Jaynes, 1930",Mean body size,Literature data from Tadauchi and Murao (2014) for bees and Terayama and Suda (2016) for wasps.,10.5,,mean,,both,adult,,,,,,,,,,,
HumanObservation,"Tiphidae Tiphinae Tiphia brevilineata Allen & Jaynes, 1930",Altitudinal range,Elevation was determined by selecting specific study sites within the Kyushu Central Mountains.,0.0,m,range,,both,adult,,,,,,,,,,,
PreservedSpecimen,"Tiphidae Tiphinae Tiphia brevilineata Allen & Jaynes, 1930",Feeding guild,Classification based on feeding mechanism,Parasitoid,,mode,,both,adult,,,,,,,,,,,
HumanObservation,"Tiphidae Tiphinae Tiphia brevilineata Allen & Jaynes, 1930",Distribution index,,4.5,,mode,,both,adult,,,,,,,,,,,
PreservedSpecimen,"Tiphidae Tiphinae Tiphia burrelli Parker, 1937",Trophic level,,Primary predators (predators and parasitoids of herbivores),,mode,,both,adult,,,,,,,,,,,
HumanObservation,"Tiphidae Tiphinae Tiphia burrelli Parker, 1937",Flight duration,Number of sampling times the species was collected,1.0,count,mean,,both,adult,,,,,,,,,,,
Plain Examples for HumanObservation,"Tiphidae Tiphinae Tiphia burrelli Parker, 1937",Mean body size,Literature data from Tadauchi and Murao (2014) for bees and Terayama and Suda (2016) for wasps.,13.5,,mean,,both,adult,,,,,,,,,,,
HumanObservation,"Tiphidae Tiphinae Tiphia burrelli Parker, 1937",Altitudinal range,Elevation was determined by selecting specific study sites within the Kyushu Central Mountains.,0.0,m,range,,both,adult,,,,,,,,,,,
PreservedSpecimen,"Tiphidae Tiphinae Tiphia burrelli Parker, 1937",Feeding guild,Classification based on feeding mechanism,Parasitoid,,mode,,both,adult,,,,,,,,,,,
HumanObservation,"Tiphidae Tiphinae Tiphia burrelli Parker, 1937",Distribution index,,4.5,,mode,,both,adult,,,,,,,,,,,
PreservedSpecimen,"Tiphidae Tiphinae Tiphia corpulenta Parker, 1937",Trophic level,,Primary predators (predators and parasitoids of herbivores),,mode,,both,adult,,,,,,,,,,,
HumanObservation,"Tiphidae Tiphinae Tiphia corpulenta Parker, 1937",Flight duration,Number of sampling times the species was collected,2.0,count,mean,,both,adult,,,,,,,,,,,
Plain Examples for HumanObservation,"Tiphidae Tiphinae Tiphia corpulenta Parker, 1937",Mean body size,Literature data from Tadauchi and Murao (2014) for bees and Terayama and Suda (2016) for wasps.,14.5,,mean,,both,adult,,,,,,,,,,,
HumanObservation,"Tiphidae Tiphinae Tiphia corpulenta Parker, 1937",Altitudinal range,Elevation was determined by selecting specific study sites within the Kyushu Central Mountains.,0.0,m,range,,both,adult,,,,,,,,,,,
PreservedSpecimen,"Tiphidae Tiphinae Tiphia corpulenta Parker, 1937",Feeding guild,Classification based on feeding mechanism,Parasitoid,,mode,,both,adult,,,,,,,,,,,
HumanObservation,"Tiphidae Tiphinae Tiphia corpulenta Parker, 1937",Distribution index,,4.0,,mode,,both,adult,,,,,,,,,,,
PreservedSpecimen,"Tiphidae Tiphinae Tiphia humoncularis Parker, 1937",Trophic level,,Primary predators (predators and parasitoids of herbivores),,mode,,both,adult,,,,,,,,,,,
HumanObservation,"Tiphidae Tiphinae Tiphia humoncularis Parker, 1937",Flight duration,Number of sampling times the species was collected,1.0,count,mean,,both,adult,,,,,,,,,,,
Plain Examples for HumanObservation,"Tiphidae Tiphinae Tiphia humoncularis Parker, 1937",Mean body size,Literature data from Tadauchi and Murao (2014) for bees and Terayama and Suda (2016) for wasps.,7.25,,mean,,both,adult,,,,,,,,,,,
HumanObservation,"Tiphidae Tiphinae Tiphia humoncularis Parker, 1937",Altitudinal range,Elevation was determined by selecting specific study sites within the Kyushu Central Mountains.,1032.0,m,range,,both,adult,,,,,,,,,,,
PreservedSpecimen,"Tiphidae Tiphinae Tiphia humoncularis Parker, 1937",Feeding guild,Classification based on feeding mechanism,Parasitoid,,mode,,both,adult,,,,,,,,,,,
HumanObservation,"Tiphidae Tiphinae Tiphia humoncularis Parker, 1937",Distribution index,,3.5,,mode,,both,adult,,,,,,,,,,,
PreservedSpecimen,"Tiphidae Tiphinae Tiphia ifri Tsuneki, 1985",Trophic level,,Primary predators (predators and parasitoids of herbivores),,mode,,both,adult,,,,,,,,,,,
HumanObservation,"Tiphidae Tiphinae Tiphia ifri Tsuneki, 1985",Flight duration,Number of sampling times the species was collected,2.0,count,mean,,both,adult,,,,,,,,,,,
Plain Examples for HumanObservation,"Tiphidae Tiphinae Tiphia ifri Tsuneki, 1985",Mean body size,Literature data from Tadauchi and Murao (2014) for bees and Terayama and Suda (2016) for wasps.,6.0,,mean,,both,adult,,,,,,,,,,,
HumanObservation,"Tiphidae Tiphinae Tiphia ifri Tsuneki, 1985",Altitudinal range,Elevation was determined by selecting specific study sites within the Kyushu Central Mountains.,0.0,m,range,,both,adult,,,,,,,,,,,
PreservedSpecimen,"Tiphidae Tiphinae Tiphia ifri Tsuneki, 1985",Feeding guild,Classification based on feeding mechanism,Parasitoid,,mode,,both,adult,,,,,,,,,,,
HumanObservation,"Tiphidae Tiphinae Tiphia ifri Tsuneki, 1985",Distribution index,,3.5,,mode,,both,adult,,,,,,,,,,,
PreservedSpecimen,"Tiphidae Tiphinae Tiphia kawamurai Tsuneki, 1986",Trophic level,,Primary predators (predators and parasitoids of herbivores),,mode,,both,adult,,,,,,,,,,,
HumanObservation,"Tiphidae Tiphinae Tiphia kawamurai Tsuneki, 1986",Flight duration,Number of sampling times the species was collected,1.0,count,mean,,both,adult,,,,,,,,,,,
Plain Examples for HumanObservation,"Tiphidae Tiphinae Tiphia kawamurai Tsuneki, 1986",Mean body size,Literature data from Tadauchi and Murao (2014) for bees and Terayama and Suda (2016) for wasps.,6.0,,mean,,both,adult,,,,,,,,,,,
HumanObservation,"Tiphidae Tiphinae Tiphia kawamurai Tsuneki, 1986",Altitudinal range,Elevation was determined by selecting specific study sites within the Kyushu Central Mountains.,422.0,m,range,,both,adult,,,,,,,,,,,
PreservedSpecimen,"Tiphidae Tiphinae Tiphia kawamurai Tsuneki, 1986",Feeding guild,Classification based on feeding mechanism,Parasitoid,,mode,,both,adult,,,,,,,,,,,
HumanObservation,"Tiphidae Tiphinae Tiphia kawamurai Tsuneki, 1986",Distribution index,,4.5,,mode,,both,adult,,,,,,,,,,,
PreservedSpecimen,"Tiphidae Tiphinae Tiphia latistriata Allen & Jaynes, 1930",Trophic level,,Primary predators (predators and parasitoids of herbivores),,mode,,both,adult,,,,,,,,,,,
HumanObservation,"Tiphidae Tiphinae Tiphia latistriata Allen & Jaynes, 1930",Flight duration,Number of sampling times the species was collected,1.0,count,mean,,both,adult,,,,,,,,,,,
Plain Examples for HumanObservation,"Tiphidae Tiphinae Tiphia latistriata Allen & Jaynes, 1930",Mean body size,Literature data from Tadauchi and Murao (2014) for bees and Terayama and Suda (2016) for wasps.,14.5,,mean,,both,adult,,,,,,,,,,,
HumanObservation,"Tiphidae Tiphinae Tiphia latistriata Allen & Jaynes, 1930",Altitudinal range,Elevation was determined by selecting specific study sites within the Kyushu Central Mountains.,0.0,m,range,,both,adult,,,,,,,,,,,
PreservedSpecimen,"Tiphidae Tiphinae Tiphia latistriata Allen & Jaynes, 1930",Feeding guild,Classification based on feeding mechanism,Parasitoid,,mode,,both,adult,,,,,,,,,,,
HumanObservation,"Tiphidae Tiphinae Tiphia latistriata Allen & Jaynes, 1930",Distribution index,,3.5,,mode,,both,adult,,,,,,,,,,,
PreservedSpecimen,"Tiphidae Tiphinae Tiphia magnoliae Tsuneki, 1985",Trophic level,,Primary predators (predators and parasitoids of herbivores),,mode,,both,adult,,,,,,,,,,,
HumanObservation,"Tiphidae Tiphinae Tiphia magnoliae Tsuneki, 1985",Flight duration,Number of sampling times the species was collected,1.0,count,mean,,both,adult,,,,,,,,,,,
Plain Examples for HumanObservation,"Tiphidae Tiphinae Tiphia magnoliae Tsuneki, 1985",Mean body size,Literature data from Tadauchi and Murao (2014) for bees and Terayama and Suda (2016) for wasps.,13.5,,mean,,both,adult,,,,,,,,,,,
HumanObservation,"Tiphidae Tiphinae Tiphia magnoliae Tsuneki, 1985",Altitudinal range,Elevation was determined by selecting specific study sites within the Kyushu Central Mountains.,141.0,m,range,,both,adult,,,,,,,,,,,
PreservedSpecimen,"Tiphidae Tiphinae Tiphia magnoliae Tsuneki, 1985",Feeding guild,Classification based on feeding mechanism,Parasitoid,,mode,,both,adult,,,,,,,,,,,
HumanObservation,"Tiphidae Tiphinae Tiphia magnoliae Tsuneki, 1985",Distribution index,,4.0,,mode,,both,adult,,,,,,,,,,,
PreservedSpecimen,"Tiphidae Tiphinae Tiphia popilliavora Rohwer, 1924",Trophic level,,Primary predators (predators and parasitoids of herbivores),,mode,,both,adult,,,,,,,,,,,
HumanObservation,"Tiphidae Tiphinae Tiphia popilliavora Rohwer, 1924",Flight duration,Number of sampling times the species was collected,2.0,count,mean,,both,adult,,,,,,,,,,,
Plain Examples for HumanObservation,"Tiphidae Tiphinae Tiphia popilliavora Rohwer, 1924",Mean body size,Literature data from Tadauchi and Murao (2014) for bees and Terayama and Suda (2016) for wasps.,9.75,,mean,,both,adult,,,,,,,,,,,
HumanObservation,"Tiphidae Tiphinae Tiphia popilliavora Rohwer, 1924",Altitudinal range,Elevation was determined by selecting specific study sites within the Kyushu Central Mountains.,181.0,m,range,,both,adult,,,,,,,,,,,
PreservedSpecimen,"Tiphidae Tiphinae Tiphia popilliavora Rohwer, 1924",Feeding guild,Classification based on feeding mechanism,Parasitoid,,mode,,both,adult,,,,,,,,,,,
HumanObservation,"Tiphidae Tiphinae Tiphia popilliavora Rohwer, 1924",Distribution index,,4.5,,mode,,both,adult,,,,,,,,,,,
PreservedSpecimen,"Tiphidae Tiphinae Tiphia rufomandibulata Smith, 1873",Trophic level,,Primary predators (predators and parasitoids of herbivores),,mode,,both,adult,,,,,,,,,,,
HumanObservation,"Tiphidae Tiphinae Tiphia rufomandibulata Smith, 1873",Flight duration,Number of sampling times the species was collected,1.0,count,mean,,both,adult,,,,,,,,,,,
Plain Examples for HumanObservation,"Tiphidae Tiphinae Tiphia rufomandibulata Smith, 1873",Mean body size,Literature data from Tadauchi and Murao (2014) for bees and Terayama and Suda (2016) for wasps.,8.5,,mean,,both,adult,,,,,,,,,,,
HumanObservation,"Tiphidae Tiphinae Tiphia rufomandibulata Smith, 1873",Altitudinal range,Elevation was determined by selecting specific study sites within the Kyushu Central Mountains.,422.0,m,range,,both,adult,,,,,,,,,,,
PreservedSpecimen,"Tiphidae Tiphinae Tiphia rufomandibulata Smith, 1873",Feeding guild,Classification based on feeding mechanism,Parasitoid,,mode,,both,adult,,,,,,,,,,,
HumanObservation,"Tiphidae Tiphinae Tiphia rufomandibulata Smith, 1873",Distribution index,,4.5,,mode,,both,adult,,,,,,,,,,,
PreservedSpecimen,Tiphidae Tiphinae Tiphia sp1.,Trophic level,,Primary predators (predators and parasitoids of herbivores),,mode,,both,adult,,,,,,,,,,,
HumanObservation,Tiphidae Tiphinae Tiphia sp1.,Flight duration,Number of sampling times the species was collected,2.0,count,mean,,both,adult,,,,,,,,,,,
Plain Examples for HumanObservation,Tiphidae Tiphinae Tiphia sp1.,Mean body size,Literature data from Tadauchi and Murao (2014) for bees and Terayama and Suda (2016) for wasps.,10.0,,mean,,both,adult,,,,,,,,,,,
HumanObservation,Tiphidae Tiphinae Tiphia sp1.,Altitudinal range,Elevation was determined by selecting specific study sites within the Kyushu Central Mountains.,0.0,m,range,,both,adult,,,,,,,,,,,
PreservedSpecimen,Tiphidae Tiphinae Tiphia sp1.,Feeding guild,Classification based on feeding mechanism,Parasitoid,,mode,,both,adult,,,,,,,,,,,
HumanObservation,Tiphidae Tiphinae Tiphia sp1.,Distribution index,,5.0,,mode,,both,adult,,,,,,,,,,,
PreservedSpecimen,"Tiphidae Tiphinae Tiphia sternata Parker, 1935",Trophic level,,Primary predators (predators and parasitoids of herbivores),,mode,,both,adult,,,,,,,,,,,
HumanObservation,"Tiphidae Tiphinae Tiphia sternata Parker, 1935",Flight duration,Number of sampling times the species was collected,3.0,count,mean,,both,adult,,,,,,,,,,,
Plain Examples for HumanObservation,"Tiphidae Tiphinae Tiphia sternata Parker, 1935",Mean body size,Literature data from Tadauchi and Murao (2014) for bees and Terayama and Suda (2016) for wasps.,10.0,,mean,,both,adult,,,,,,,,,,,
HumanObservation,"Tiphidae Tiphinae Tiphia sternata Parker, 1935",Altitudinal range,Elevation was determined by selecting specific study sites within the Kyushu Central Mountains.,308.0,m,range,,both,adult,,,,,,,,,,,
PreservedSpecimen,"Tiphidae Tiphinae Tiphia sternata Parker, 1935",Feeding guild,Classification based on feeding mechanism,Parasitoid,,mode,,both,adult,,,,,,,,,,,
HumanObservation,"Tiphidae Tiphinae Tiphia sternata Parker, 1935",Distribution index,,4.0,,mode,,both,adult,,,,,,,,,,,
PreservedSpecimen,"Vespidae Vespinae Vespa simillima Smith, 1868",Trophic level,,Secondary predators (predators and parasitoids of predators),,mode,,both,adult,,,,,,,,,,,
HumanObservation,"Vespidae Vespinae Vespa simillima Smith, 1868",Flight duration,Number of sampling times the species was collected,1.0,count,mean,,both,adult,,,,,,,,,,,
Plain Examples for HumanObservation,"Vespidae Vespinae Vespa simillima Smith, 1868",Mean body size,Literature data from Tadauchi and Murao (2014) for bees and Terayama and Suda (2016) for wasps.,21.5,,mean,,both,adult,,,,,,,,,,,
HumanObservation,"Vespidae Vespinae Vespa simillima Smith, 1868",Altitudinal range,Elevation was determined by selecting specific study sites within the Kyushu Central Mountains.,315.0,m,range,,both,adult,,,,,,,,,,,
PreservedSpecimen,"Vespidae Vespinae Vespa simillima Smith, 1868",Feeding guild,Classification based on feeding mechanism,Predator,,mode,,both,adult,,,,,,,,,,,
HumanObservation,"Vespidae Vespinae Vespa simillima Smith, 1868",Distribution index,,3.0,,mode,,both,adult,,,,,,,,,,,
