basisOfRecord,verbatimIdentification,measurementType,measurementMethod,measurementValue ,measurementUnit,measurementStatistic,measurementRemarks,sex,lifeStage,caste,sampleSizeValue,sampleSizeUnit,sampleTreatment,samplingProtocol,verbatimLocality ,verbatimCoordinates,verbatimEventDate,associatedOccurrences,associatedReferences ,externalLink
PreservedSpecimen,Myrmica pleiorhytida,Weber s length,Microscope with a calibrated eyepiece micrometer,1.97,mm,individual,,both,adult,,,,,,,,,,,
PreservedSpecimen,Myrmica pleiorhytida,Relative eye length,,0.13,mm,individual,,both,adult,,,,,,,,,,,
PreservedSpecimen,Myrmica pleiorhytida,Relative scape length,Ratio calculation of scape length (SL) to Weber's length (WL),0.65,mm,individual,,both,adult,,,,,,,,,,,
PreservedSpecimen,Myrmica pleiorhytida,Relative mandible length,Measurements taken under a microscope with a calibrated eyepiece micrometer.,0.40,mm,individual,,both,adult,,,,,,,,,,,
PreservedSpecimen,Myrmica pleiorhytida,Relative hindleg length,,1.38,mm,individual,,both,adult,,,,,,,,,,,
PreservedSpecimen,Myrmica pleiorhytida,Elevation level,,X,,mode,,both,adult,,,,,,,,,,,
HumanObservation,Myrmica pleiorhytida,3200,,X,,mode,,both,adult,,,,,,,,,,,
PreservedSpecimen,Myrmica pleiorhytida,3400,,X,,mode,,both,adult,,,,,,,,,,,
PreservedSpecimen,Myrmica pleiorhytida,3400,,,,mode,,both,adult,,,,,,,,,,,
PreservedSpecimen,Myrmica pleiorhytida,3600,,X,,mode,,both,adult,,,,,,,,,,,
PreservedSpecimen,Temnothorax cf. striatus,Weber s length,Microscope with a calibrated eyepiece micrometer,0.84,mm,individual,,both,adult,,,,,,,,,,,
PreservedSpecimen,Temnothorax cf. striatus,Relative eye length,,0.17,mm,individual,,both,adult,,,,,,,,,,,
PreservedSpecimen,Temnothorax cf. striatus,Relative scape length,Ratio calculation of scape length (SL) to Weber's length (WL),0.69,mm,individual,,both,adult,,,,,,,,,,,
PreservedSpecimen,Temnothorax cf. striatus,Relative mandible length,Measurements taken under a microscope with a calibrated eyepiece micrometer.,0.39,mm,individual,,both,adult,,,,,,,,,,,
PreservedSpecimen,Temnothorax cf. striatus,Relative hindleg length,,1.19,mm,individual,,both,adult,,,,,,,,,,,
PreservedSpecimen,Temnothorax cf. striatus,Weber s length,Microscope with a calibrated eyepiece micrometer,0.60,mm,individual,,both,adult,,,,,,,,,,,
PreservedSpecimen,Temnothorax cf. striatus,Relative eye length,,0.19,mm,individual,,both,adult,,,,,,,,,,,
PreservedSpecimen,Temnothorax cf. striatus,Relative scape length,Ratio calculation of scape length (SL) to Weber's length (WL),0.72,mm,individual,,both,adult,,,,,,,,,,,
PreservedSpecimen,Temnothorax cf. striatus,Relative mandible length,Measurements taken under a microscope with a calibrated eyepiece micrometer.,0.41,mm,individual,,both,adult,,,,,,,,,,,
PreservedSpecimen,Temnothorax cf. striatus,Relative hindleg length,,1.21,mm,individual,,both,adult,,,,,,,,,,,
PreservedSpecimen,Temnothorax cf. striatus,Elevation level,,X,,mode,,both,adult,,,,,,,,,,,
HumanObservation,Temnothorax cf. striatus,3200,,X,,mode,,both,adult,,,,,,,,,,,
PreservedSpecimen,Temnothorax cf. striatus,Elevation level,,,,mode,,both,adult,,,,,,,,,,,
PreservedSpecimen,Temnothorax cf. striatus,3400,,X,,mode,,both,adult,,,,,,,,,,,
PreservedSpecimen,Temnothorax cf. striatus,3400,,,,mode,,both,adult,,,,,,,,,,,
PreservedSpecimen,Temnothorax cf. striatus,3600,,,,mode,,both,adult,,,,,,,,,,,
PreservedSpecimen,Temnothorax wui,Weber s length,Microscope with a calibrated eyepiece micrometer,0.91,mm,individual,,both,adult,,,,,,,,,,,
PreservedSpecimen,Temnothorax wui,Relative eye length,,0.19,mm,individual,,both,adult,,,,,,,,,,,
PreservedSpecimen,Temnothorax wui,Relative scape length,Ratio calculation of scape length (SL) to Weber's length (WL),0.61,mm,individual,,both,adult,,,,,,,,,,,
PreservedSpecimen,Temnothorax wui,Relative mandible length,Measurements taken under a microscope with a calibrated eyepiece micrometer.,0.37,mm,individual,,both,adult,,,,,,,,,,,
PreservedSpecimen,Temnothorax wui,Relative hindleg length,,1.18,mm,individual,,both,adult,,,,,,,,,,,
PreservedSpecimen,Temnothorax wui,Elevation level,,X,,mode,,both,adult,,,,,,,,,,,
HumanObservation,Temnothorax wui,3200,,X,,mode,,both,adult,,,,,,,,,,,
HumanObservation,Temnothorax wui,3200,,,,mode,,both,adult,,,,,,,,,,,
PreservedSpecimen,Temnothorax wui,Elevation level,,,,mode,,both,adult,,,,,,,,,,,
PreservedSpecimen,Temnothorax wui,3400,,,,mode,,both,adult,,,,,,,,,,,
PreservedSpecimen,Temnothorax wui,3600,,,,mode,,both,adult,,,,,,,,,,,
PreservedSpecimen,Amblyopone amblyops,Weber s length,Microscope with a calibrated eyepiece micrometer,1.02,mm,individual,,both,adult,,,,,,,,,,,
PreservedSpecimen,Amblyopone amblyops,Relative eye length,,0.03,mm,individual,,both,adult,,,,,,,,,,,
PreservedSpecimen,Amblyopone amblyops,Relative scape length,Ratio calculation of scape length (SL) to Weber's length (WL),0.43,mm,individual,,both,adult,,,,,,,,,,,
PreservedSpecimen,Amblyopone amblyops,Relative mandible length,Measurements taken under a microscope with a calibrated eyepiece micrometer.,0.57,mm,individual,,both,adult,,,,,,,,,,,
PreservedSpecimen,Amblyopone amblyops,Relative hindleg length,,0.98,mm,individual,,both,adult,,,,,,,,,,,
PreservedSpecimen,Amblyopone awa,Weber s length,Microscope with a calibrated eyepiece micrometer,1.48,mm,individual,,both,adult,,,,,,,,,,,
PreservedSpecimen,Amblyopone awa,Relative eye length,,0.04,mm,individual,,both,adult,,,,,,,,,,,
PreservedSpecimen,Amblyopone awa,Relative scape length,Ratio calculation of scape length (SL) to Weber's length (WL),0.39,mm,individual,,both,adult,,,,,,,,,,,
PreservedSpecimen,Amblyopone awa,Relative mandible length,Measurements taken under a microscope with a calibrated eyepiece micrometer.,0.54,mm,individual,,both,adult,,,,,,,,,,,
PreservedSpecimen,Amblyopone awa,Relative hindleg length,,0.96,mm,individual,,both,adult,,,,,,,,,,,
PreservedSpecimen,Amblyopone awa,Weber s length,Microscope with a calibrated eyepiece micrometer,1.10,mm,individual,,both,adult,,,,,,,,,,,
PreservedSpecimen,Amblyopone awa,Relative scape length,Ratio calculation of scape length (SL) to Weber's length (WL),0.40,mm,individual,,both,adult,,,,,,,,,,,
PreservedSpecimen,Amblyopone awa,Relative mandible length,Measurements taken under a microscope with a calibrated eyepiece micrometer.,0.45,mm,individual,,both,adult,,,,,,,,,,,
PreservedSpecimen,Amblyopone awa,Relative hindleg length,,0.87,mm,individual,,both,adult,,,,,,,,,,,
PreservedSpecimen,Amblyopone octodentata,Weber s length,Microscope with a calibrated eyepiece micrometer,1.23,mm,individual,,both,adult,,,,,,,,,,,
PreservedSpecimen,Amblyopone octodentata,Relative eye length,,0.03,mm,individual,,both,adult,,,,,,,,,,,
PreservedSpecimen,Amblyopone octodentata,Relative scape length,Ratio calculation of scape length (SL) to Weber's length (WL),0.40,mm,individual,,both,adult,,,,,,,,,,,
PreservedSpecimen,Amblyopone octodentata,Relative mandible length,Measurements taken under a microscope with a calibrated eyepiece micrometer.,0.54,mm,individual,,both,adult,,,,,,,,,,,
PreservedSpecimen,Amblyopone octodentata,Relative hindleg length,,0.90,mm,individual,,both,adult,,,,,,,,,,,
PreservedSpecimen,Amblyopone triloba,Weber s length,Microscope with a calibrated eyepiece micrometer,1.48,mm,individual,,both,adult,,,,,,,,,,,
PreservedSpecimen,Amblyopone triloba,Relative eye length,,0.03,mm,individual,,both,adult,,,,,,,,,,,
PreservedSpecimen,Amblyopone triloba,Relative scape length,Ratio calculation of scape length (SL) to Weber's length (WL),0.46,mm,individual,,both,adult,,,,,,,,,,,
PreservedSpecimen,Amblyopone triloba,Relative mandible length,Measurements taken under a microscope with a calibrated eyepiece micrometer.,0.58,mm,individual,,both,adult,,,,,,,,,,,
PreservedSpecimen,Amblyopone triloba,Relative hindleg length,,0.93,mm,individual,,both,adult,,,,,,,,,,,
PreservedSpecimen,Brachyponera luteipes B,Weber s length,Microscope with a calibrated eyepiece micrometer,1.54,mm,individual,,both,adult,,,,,,,,,,,
PreservedSpecimen,Brachyponera luteipes B,Relative eye length,,0.11,mm,individual,,both,adult,,,,,,,,,,,
PreservedSpecimen,Brachyponera luteipes B,Relative scape length,Ratio calculation of scape length (SL) to Weber's length (WL),0.68,mm,individual,,both,adult,,,,,,,,,,,
PreservedSpecimen,Brachyponera luteipes B,Relative mandible length,Measurements taken under a microscope with a calibrated eyepiece micrometer.,0.38,mm,individual,,both,adult,,,,,,,,,,,
PreservedSpecimen,Brachyponera luteipes B,Relative hindleg length,,1.37,mm,individual,,both,adult,,,,,,,,,,,
PreservedSpecimen,Camponotus sp. A,Weber s length,Microscope with a calibrated eyepiece micrometer,1.65,mm,individual,,both,adult,,,,,,,,,,,
PreservedSpecimen,Camponotus sp. A,Relative eye length,,0.21,mm,individual,,both,adult,,,,,,,,,,,
PreservedSpecimen,Camponotus sp. A,Relative scape length,Ratio calculation of scape length (SL) to Weber's length (WL),0.70,mm,individual,,both,adult,,,,,,,,,,,
PreservedSpecimen,Camponotus sp. A,Relative mandible length,Measurements taken under a microscope with a calibrated eyepiece micrometer.,0.33,mm,individual,,both,adult,,,,,,,,,,,
PreservedSpecimen,Camponotus sp. A,Relative hindleg length,,1.61,mm,individual,,both,adult,,,,,,,,,,,
PreservedSpecimen,Camponotus sp. B,Weber s length,Microscope with a calibrated eyepiece micrometer,2.55,mm,individual,,both,adult,,,,,,,,,,,
PreservedSpecimen,Camponotus sp. B,Relative eye length,,0.21,mm,individual,,both,adult,,,,,,,,,,,
PreservedSpecimen,Camponotus sp. B,Relative scape length,Ratio calculation of scape length (SL) to Weber's length (WL),0.71,mm,individual,,both,adult,,,,,,,,,,,
PreservedSpecimen,Camponotus sp. B,Relative mandible length,Measurements taken under a microscope with a calibrated eyepiece micrometer.,0.25,mm,individual,,both,adult,,,,,,,,,,,
PreservedSpecimen,Camponotus sp. B,Relative hindleg length,,1.57,mm,individual,,both,adult,,,,,,,,,,,
PreservedSpecimen,Carebara obtusidenta,Weber s length,Microscope with a calibrated eyepiece micrometer,0.43,mm,individual,,both,adult,,,,,,,,,,,
PreservedSpecimen,Carebara obtusidenta,Relative eye length,,0.05,mm,individual,,both,adult,,,,,,,,,,,
PreservedSpecimen,Carebara obtusidenta,Relative scape length,Ratio calculation of scape length (SL) to Weber's length (WL),0.62,mm,individual,,both,adult,,,,,,,,,,,
PreservedSpecimen,Carebara obtusidenta,Relative mandible length,Measurements taken under a microscope with a calibrated eyepiece micrometer.,0.48,mm,individual,,both,adult,,,,,,,,,,,
PreservedSpecimen,Carebara obtusidenta,Relative hindleg length,,1.08,mm,individual,,both,adult,,,,,,,,,,,
PreservedSpecimen,Carebara obtusidenta,Weber s length,Microscope with a calibrated eyepiece micrometer,0.33,mm,individual,,both,adult,,,,,,,,,,,
PreservedSpecimen,Carebara obtusidenta,Relative eye length,,0.03,mm,individual,,both,adult,,,,,,,,,,,
PreservedSpecimen,Carebara obtusidenta,Relative scape length,Ratio calculation of scape length (SL) to Weber's length (WL),0.61,mm,individual,,both,adult,,,,,,,,,,,
PreservedSpecimen,Carebara obtusidenta,Relative mandible length,Measurements taken under a microscope with a calibrated eyepiece micrometer.,0.50,mm,individual,,both,adult,,,,,,,,,,,
PreservedSpecimen,Carebara obtusidenta,Relative hindleg length,,1.09,mm,individual,,both,adult,,,,,,,,,,,
PreservedSpecimen,Carebara obtusidenta,X,,,,mode,,both,adult,,,,,,,,,,,
PreservedSpecimen,Cerapachys biroi,Weber s length,Microscope with a calibrated eyepiece micrometer,0.72,mm,individual,,both,adult,,,,,,,,,,,
PreservedSpecimen,Cerapachys biroi,Relative eye length,,0.04,mm,individual,,both,adult,,,,,,,,,,,
PreservedSpecimen,Cerapachys biroi,Relative scape length,Ratio calculation of scape length (SL) to Weber's length (WL),0.36,mm,individual,,both,adult,,,,,,,,,,,
PreservedSpecimen,Cerapachys biroi,Relative mandible length,Measurements taken under a microscope with a calibrated eyepiece micrometer.,0.25,mm,individual,,both,adult,,,,,,,,,,,
PreservedSpecimen,Cerapachys biroi,Relative hindleg length,,0.89,mm,individual,,both,adult,,,,,,,,,,,
PreservedSpecimen,Cerapachys sulcinodis,Weber s length,Microscope with a calibrated eyepiece micrometer,1.56,mm,individual,,both,adult,,,,,,,,,,,
PreservedSpecimen,Cerapachys sulcinodis,Relative eye length,,0.10,mm,individual,,both,adult,,,,,,,,,,,
PreservedSpecimen,Cerapachys sulcinodis,Relative scape length,Ratio calculation of scape length (SL) to Weber's length (WL),0.44,mm,individual,,both,adult,,,,,,,,,,,
PreservedSpecimen,Cerapachys sulcinodis,Relative mandible length,Measurements taken under a microscope with a calibrated eyepiece micrometer.,0.34,mm,individual,,both,adult,,,,,,,,,,,
PreservedSpecimen,Cerapachys sulcinodis,Relative hindleg length,,1.13,mm,individual,,both,adult,,,,,,,,,,,
PreservedSpecimen,Cerapachys sulcinodis,Weber s length,Microscope with a calibrated eyepiece micrometer,2.08,mm,individual,,both,adult,,,,,,,,,,,
PreservedSpecimen,Cerapachys sulcinodis,Relative eye length,,0.13,mm,individual,,both,adult,,,,,,,,,,,
PreservedSpecimen,Cerapachys sulcinodis,Relative scape length,Ratio calculation of scape length (SL) to Weber's length (WL),0.45,mm,individual,,both,adult,,,,,,,,,,,
PreservedSpecimen,Cerapachys sulcinodis,Relative mandible length,Measurements taken under a microscope with a calibrated eyepiece micrometer.,0.35,mm,individual,,both,adult,,,,,,,,,,,
PreservedSpecimen,Cerapachys sulcinodis,Relative hindleg length,,1.22,mm,individual,,both,adult,,,,,,,,,,,
PreservedSpecimen,Crematogaster inflata,Weber s length,Microscope with a calibrated eyepiece micrometer,1.02,mm,individual,,both,adult,,,,,,,,,,,
PreservedSpecimen,Crematogaster inflata,Relative eye length,,0.18,mm,individual,,both,adult,,,,,,,,,,,
PreservedSpecimen,Crematogaster inflata,Relative scape length,Ratio calculation of scape length (SL) to Weber's length (WL),0.63,mm,individual,,both,adult,,,,,,,,,,,
PreservedSpecimen,Crematogaster inflata,Relative mandible length,Measurements taken under a microscope with a calibrated eyepiece micrometer.,0.53,mm,individual,,both,adult,,,,,,,,,,,
PreservedSpecimen,Crematogaster inflata,Relative hindleg length,,1.41,mm,individual,,both,adult,,,,,,,,,,,
PreservedSpecimen,Ectomomyrmex javana,Weber s length,Microscope with a calibrated eyepiece micrometer,3.00,mm,individual,,both,adult,,,,,,,,,,,
PreservedSpecimen,Ectomomyrmex javana,Relative eye length,,0.08,mm,individual,,both,adult,,,,,,,,,,,
PreservedSpecimen,Ectomomyrmex javana,Relative scape length,Ratio calculation of scape length (SL) to Weber's length (WL),0.58,mm,individual,,both,adult,,,,,,,,,,,
PreservedSpecimen,Ectomomyrmex javana,Relative mandible length,Measurements taken under a microscope with a calibrated eyepiece micrometer.,0.44,mm,individual,,both,adult,,,,,,,,,,,
PreservedSpecimen,Ectomomyrmex javana,Relative hindleg length,,1.21,mm,individual,,both,adult,,,,,,,,,,,
PreservedSpecimen,Ectomomyrmex javana,Weber s length,Microscope with a calibrated eyepiece micrometer,3.39,mm,individual,,both,adult,,,,,,,,,,,
PreservedSpecimen,Ectomomyrmex javana,Relative scape length,Ratio calculation of scape length (SL) to Weber's length (WL),0.57,mm,individual,,both,adult,,,,,,,,,,,
PreservedSpecimen,Ectomomyrmex javana,Relative mandible length,Measurements taken under a microscope with a calibrated eyepiece micrometer.,0.40,mm,individual,,both,adult,,,,,,,,,,,
PreservedSpecimen,Ectomomyrmex javana,X,,X,,mode,,both,adult,,,,,,,,,,,
PreservedSpecimen,Gaoligongidris planodorsa,Weber s length,Microscope with a calibrated eyepiece micrometer,0.83,mm,individual,,both,adult,,,,,,,,,,,
PreservedSpecimen,Gaoligongidris planodorsa,Relative eye length,,0.11,mm,individual,,both,adult,,,,,,,,,,,
PreservedSpecimen,Gaoligongidris planodorsa,Relative scape length,Ratio calculation of scape length (SL) to Weber's length (WL),0.53,mm,individual,,both,adult,,,,,,,,,,,
PreservedSpecimen,Gaoligongidris planodorsa,Relative mandible length,Measurements taken under a microscope with a calibrated eyepiece micrometer.,0.48,mm,individual,,both,adult,,,,,,,,,,,
PreservedSpecimen,Gaoligongidris planodorsa,Relative hindleg length,,1.13,mm,individual,,both,adult,,,,,,,,,,,
PreservedSpecimen,Gnamptogenys coccina,Weber s length,Microscope with a calibrated eyepiece micrometer,1.68,mm,individual,,both,adult,,,,,,,,,,,
PreservedSpecimen,Gnamptogenys coccina,Relative eye length,,0.07,mm,individual,,both,adult,,,,,,,,,,,
PreservedSpecimen,Gnamptogenys coccina,Relative scape length,Ratio calculation of scape length (SL) to Weber's length (WL),0.58,mm,individual,,both,adult,,,,,,,,,,,
PreservedSpecimen,Gnamptogenys coccina,Relative mandible length,Measurements taken under a microscope with a calibrated eyepiece micrometer.,0.38,mm,individual,,both,adult,,,,,,,,,,,
PreservedSpecimen,Gnamptogenys coccina,Relative hindleg length,,1.16,mm,individual,,both,adult,,,,,,,,,,,
PreservedSpecimen,Hypoponera nippona,Weber s length,Microscope with a calibrated eyepiece micrometer,0.89,mm,individual,,both,adult,,,,,,,,,,,
PreservedSpecimen,Hypoponera nippona,Relative eye length,,0.03,mm,individual,,both,adult,,,,,,,,,,,
PreservedSpecimen,Hypoponera nippona,Relative scape length,Ratio calculation of scape length (SL) to Weber's length (WL),0.55,mm,individual,,both,adult,,,,,,,,,,,
PreservedSpecimen,Hypoponera nippona,Relative mandible length,Measurements taken under a microscope with a calibrated eyepiece micrometer.,0.38,mm,individual,,both,adult,,,,,,,,,,,
PreservedSpecimen,Hypoponera nippona,Relative hindleg length,,1.04,mm,individual,,both,adult,,,,,,,,,,,
PreservedSpecimen,Hypoponera nippona,Weber s length,Microscope with a calibrated eyepiece micrometer,0.95,mm,individual,,both,adult,,,,,,,,,,,
PreservedSpecimen,Hypoponera nippona,Relative eye length,,0.04,mm,individual,,both,adult,,,,,,,,,,,
PreservedSpecimen,Hypoponera nippona,Relative scape length,Ratio calculation of scape length (SL) to Weber's length (WL),0.57,mm,individual,,both,adult,,,,,,,,,,,
PreservedSpecimen,Hypoponera nippona,Relative mandible length,Measurements taken under a microscope with a calibrated eyepiece micrometer.,0.35,mm,individual,,both,adult,,,,,,,,,,,
PreservedSpecimen,Hypoponera nippona,Relative hindleg length,,1.21,mm,individual,,both,adult,,,,,,,,,,,
PreservedSpecimen,Hypoponera truncata,Weber s length,Microscope with a calibrated eyepiece micrometer,1.11,mm,individual,,both,adult,,,,,,,,,,,
PreservedSpecimen,Hypoponera truncata,Relative eye length,,0.05,mm,individual,,both,adult,,,,,,,,,,,
PreservedSpecimen,Hypoponera truncata,Relative scape length,Ratio calculation of scape length (SL) to Weber's length (WL),0.57,mm,individual,,both,adult,,,,,,,,,,,
PreservedSpecimen,Hypoponera truncata,Relative mandible length,Measurements taken under a microscope with a calibrated eyepiece micrometer.,0.38,mm,individual,,both,adult,,,,,,,,,,,
PreservedSpecimen,Hypoponera truncata,Relative hindleg length,,1.11,mm,individual,,both,adult,,,,,,,,,,,
PreservedSpecimen,Hypoponera truncata,Weber s length,Microscope with a calibrated eyepiece micrometer,1.35,mm,individual,,both,adult,,,,,,,,,,,
PreservedSpecimen,Hypoponera truncata,Relative eye length,,0.06,mm,individual,,both,adult,,,,,,,,,,,
PreservedSpecimen,Hypoponera truncata,Relative scape length,Ratio calculation of scape length (SL) to Weber's length (WL),0.59,mm,individual,,both,adult,,,,,,,,,,,
PreservedSpecimen,Hypoponera truncata,Relative hindleg length,,1.16,mm,individual,,both,adult,,,,,,,,,,,
PreservedSpecimen,Hypoponera truncata,X,,,,mode,,both,adult,,,,,,,,,,,
PreservedSpecimen,Hypoponera truncata,X,,X,,mode,,both,adult,,,,,,,,,,,
PreservedSpecimen,Lasius draco,Weber s length,Microscope with a calibrated eyepiece micrometer,1.73,mm,individual,,both,adult,,,,,,,,,,,
PreservedSpecimen,Lasius draco,Relative eye length,,0.13,mm,individual,,both,adult,,,,,,,,,,,
PreservedSpecimen,Lasius draco,Relative scape length,Ratio calculation of scape length (SL) to Weber's length (WL),0.74,mm,individual,,both,adult,,,,,,,,,,,
PreservedSpecimen,Lasius draco,Relative mandible length,Measurements taken under a microscope with a calibrated eyepiece micrometer.,0.44,mm,individual,,both,adult,,,,,,,,,,,
PreservedSpecimen,Lasius draco,Relative hindleg length,,1.71,mm,individual,,both,adult,,,,,,,,,,,
PreservedSpecimen,Monomorium gracillimum,Weber s length,Microscope with a calibrated eyepiece micrometer,0.52,mm,individual,,both,adult,,,,,,,,,,,
PreservedSpecimen,Monomorium gracillimum,Relative eye length,,0.02,mm,individual,,both,adult,,,,,,,,,,,
PreservedSpecimen,Monomorium gracillimum,Relative scape length,Ratio calculation of scape length (SL) to Weber's length (WL),0.63,mm,individual,,both,adult,,,,,,,,,,,
PreservedSpecimen,Monomorium gracillimum,Relative mandible length,Measurements taken under a microscope with a calibrated eyepiece micrometer.,0.46,mm,individual,,both,adult,,,,,,,,,,,
PreservedSpecimen,Monomorium gracillimum,Relative hindleg length,,1.13,mm,individual,,both,adult,,,,,,,,,,,
PreservedSpecimen,Monomorium pharaonis,Weber s length,Microscope with a calibrated eyepiece micrometer,0.72,mm,individual,,both,adult,,,,,,,,,,,
PreservedSpecimen,Monomorium pharaonis,Relative eye length,,0.14,mm,individual,,both,adult,,,,,,,,,,,
PreservedSpecimen,Monomorium pharaonis,Relative scape length,Ratio calculation of scape length (SL) to Weber's length (WL),0.72,mm,individual,,both,adult,,,,,,,,,,,
PreservedSpecimen,Monomorium pharaonis,Relative mandible length,Measurements taken under a microscope with a calibrated eyepiece micrometer.,0.36,mm,individual,,both,adult,,,,,,,,,,,
PreservedSpecimen,Monomorium pharaonis,Relative hindleg length,,1.33,mm,individual,,both,adult,,,,,,,,,,,
PreservedSpecimen,Monomorium pharaonis,Weber s length,Microscope with a calibrated eyepiece micrometer,0.69,mm,individual,,both,adult,,,,,,,,,,,
PreservedSpecimen,Monomorium pharaonis,Relative eye length,,0.13,mm,individual,,both,adult,,,,,,,,,,,
PreservedSpecimen,Monomorium pharaonis,Relative scape length,Ratio calculation of scape length (SL) to Weber's length (WL),0.74,mm,individual,,both,adult,,,,,,,,,,,
PreservedSpecimen,Monomorium pharaonis,Relative hindleg length,,1.30,mm,individual,,both,adult,,,,,,,,,,,
PreservedSpecimen,Monomorium pharaonis,X,,X,,mode,,both,adult,,,,,,,,,,,
PreservedSpecimen,Monomorium pharaonis,X,,,,mode,,both,adult,,,,,,,,,,,
PreservedSpecimen,Myrmecina guangxiensis,Weber s length,Microscope with a calibrated eyepiece micrometer,0.88,mm,individual,,both,adult,,,,,,,,,,,
PreservedSpecimen,Myrmecina guangxiensis,Relative eye length,,0.08,mm,individual,,both,adult,,,,,,,,,,,
PreservedSpecimen,Myrmecina guangxiensis,Relative scape length,Ratio calculation of scape length (SL) to Weber's length (WL),0.65,mm,individual,,both,adult,,,,,,,,,,,
PreservedSpecimen,Myrmecina guangxiensis,Relative mandible length,Measurements taken under a microscope with a calibrated eyepiece micrometer.,0.45,mm,individual,,both,adult,,,,,,,,,,,
PreservedSpecimen,Myrmecina guangxiensis,Relative hindleg length,,1.13,mm,individual,,both,adult,,,,,,,,,,,
PreservedSpecimen,Myrmecina guangxiensis,Weber s length,Microscope with a calibrated eyepiece micrometer,0.67,mm,individual,,both,adult,,,,,,,,,,,
PreservedSpecimen,Myrmecina guangxiensis,Relative mandible length,Measurements taken under a microscope with a calibrated eyepiece micrometer.,0.46,mm,individual,,both,adult,,,,,,,,,,,
PreservedSpecimen,Myrmecina guangxiensis,Relative hindleg length,,1.08,mm,individual,,both,adult,,,,,,,,,,,
PreservedSpecimen,Myrmecina guangxiensis,X,,,,mode,,both,adult,,,,,,,,,,,
PreservedSpecimen,Myrmecina guangxiensis,X,,X,,mode,,both,adult,,,,,,,,,,,
PreservedSpecimen,Myrmecina striata,Weber s length,Microscope with a calibrated eyepiece micrometer,0.89,mm,individual,,both,adult,,,,,,,,,,,
PreservedSpecimen,Myrmecina striata,Relative eye length,,0.08,mm,individual,,both,adult,,,,,,,,,,,
PreservedSpecimen,Myrmecina striata,Relative scape length,Ratio calculation of scape length (SL) to Weber's length (WL),0.68,mm,individual,,both,adult,,,,,,,,,,,
PreservedSpecimen,Myrmecina striata,Relative mandible length,Measurements taken under a microscope with a calibrated eyepiece micrometer.,0.46,mm,individual,,both,adult,,,,,,,,,,,
PreservedSpecimen,Myrmecina striata,Relative hindleg length,,1.14,mm,individual,,both,adult,,,,,,,,,,,
PreservedSpecimen,Myrmecina striata,Weber s length,Microscope with a calibrated eyepiece micrometer,0.80,mm,individual,,both,adult,,,,,,,,,,,
PreservedSpecimen,Myrmecina striata,Relative scape length,Ratio calculation of scape length (SL) to Weber's length (WL),0.60,mm,individual,,both,adult,,,,,,,,,,,
PreservedSpecimen,Myrmecina striata,Relative mandible length,Measurements taken under a microscope with a calibrated eyepiece micrometer.,0.47,mm,individual,,both,adult,,,,,,,,,,,
PreservedSpecimen,Myrmecina striata,Relative hindleg length,,1.01,mm,individual,,both,adult,,,,,,,,,,,
PreservedSpecimen,Myrmecina striata,X,,,,mode,,both,adult,,,,,,,,,,,
PreservedSpecimen,Myrmecina striata,X,,X,,mode,,both,adult,,,,,,,,,,,
PreservedSpecimen,Myrmica margaritae,Weber s length,Microscope with a calibrated eyepiece micrometer,1.58,mm,individual,,both,adult,,,,,,,,,,,
PreservedSpecimen,Myrmica margaritae,Relative eye length,,0.14,mm,individual,,both,adult,,,,,,,,,,,
PreservedSpecimen,Myrmica margaritae,Relative scape length,Ratio calculation of scape length (SL) to Weber's length (WL),0.73,mm,individual,,both,adult,,,,,,,,,,,
PreservedSpecimen,Myrmica margaritae,Relative mandible length,Measurements taken under a microscope with a calibrated eyepiece micrometer.,0.41,mm,individual,,both,adult,,,,,,,,,,,
PreservedSpecimen,Myrmica margaritae,Relative hindleg length,,1.43,mm,individual,,both,adult,,,,,,,,,,,
PreservedSpecimen,Myrmica ritae,Weber s length,Microscope with a calibrated eyepiece micrometer,1.69,mm,individual,,both,adult,,,,,,,,,,,
PreservedSpecimen,Myrmica ritae,Relative eye length,,0.14,mm,individual,,both,adult,,,,,,,,,,,
PreservedSpecimen,Myrmica ritae,Relative scape length,Ratio calculation of scape length (SL) to Weber's length (WL),0.77,mm,individual,,both,adult,,,,,,,,,,,
PreservedSpecimen,Myrmica ritae,Relative mandible length,Measurements taken under a microscope with a calibrated eyepiece micrometer.,0.37,mm,individual,,both,adult,,,,,,,,,,,
PreservedSpecimen,Myrmica ritae,Relative hindleg length,,1.50,mm,individual,,both,adult,,,,,,,,,,,
PreservedSpecimen,Myrmica sp. A,Weber s length,Microscope with a calibrated eyepiece micrometer,1.78,mm,individual,,both,adult,,,,,,,,,,,
PreservedSpecimen,Myrmica sp. A,Relative eye length,,0.14,mm,individual,,both,adult,,,,,,,,,,,
PreservedSpecimen,Myrmica sp. A,Relative scape length,Ratio calculation of scape length (SL) to Weber's length (WL),0.79,mm,individual,,both,adult,,,,,,,,,,,
PreservedSpecimen,Myrmica sp. A,Relative mandible length,Measurements taken under a microscope with a calibrated eyepiece micrometer.,0.38,mm,individual,,both,adult,,,,,,,,,,,
PreservedSpecimen,Myrmica sp. A,Relative hindleg length,,1.54,mm,individual,,both,adult,,,,,,,,,,,
PreservedSpecimen,Myrmica sp. C,Weber s length,Microscope with a calibrated eyepiece micrometer,2.63,mm,individual,,both,adult,,,,,,,,,,,
PreservedSpecimen,Myrmica sp. C,Relative eye length,,0.13,mm,individual,,both,adult,,,,,,,,,,,
PreservedSpecimen,Myrmica sp. C,Relative scape length,Ratio calculation of scape length (SL) to Weber's length (WL),0.68,mm,individual,,both,adult,,,,,,,,,,,
PreservedSpecimen,Myrmica sp. C,Relative mandible length,Measurements taken under a microscope with a calibrated eyepiece micrometer.,0.39,mm,individual,,both,adult,,,,,,,,,,,
PreservedSpecimen,Myrmica sp. C,Relative hindleg length,,1.68,mm,individual,,both,adult,,,,,,,,,,,
PreservedSpecimen,Myrmica titanica,Weber s length,Microscope with a calibrated eyepiece micrometer,2.89,mm,individual,,both,adult,,,,,,,,,,,
PreservedSpecimen,Myrmica titanica,Relative eye length,,0.12,mm,individual,,both,adult,,,,,,,,,,,
PreservedSpecimen,Myrmica titanica,Relative scape length,Ratio calculation of scape length (SL) to Weber's length (WL),0.73,mm,individual,,both,adult,,,,,,,,,,,
PreservedSpecimen,Myrmica titanica,Relative mandible length,Measurements taken under a microscope with a calibrated eyepiece micrometer.,0.38,mm,individual,,both,adult,,,,,,,,,,,
PreservedSpecimen,Myrmica titanica,Relative hindleg length,,1.71,mm,individual,,both,adult,,,,,,,,,,,
PreservedSpecimen,Nylanderia sp. B,Weber s length,Microscope with a calibrated eyepiece micrometer,0.84,mm,individual,,both,adult,,,,,,,,,,,
PreservedSpecimen,Nylanderia sp. B,Relative eye length,,0.19,mm,individual,,both,adult,,,,,,,,,,,
PreservedSpecimen,Nylanderia sp. B,Relative scape length,Ratio calculation of scape length (SL) to Weber's length (WL),0.90,mm,individual,,both,adult,,,,,,,,,,,
PreservedSpecimen,Nylanderia sp. B,Relative mandible length,Measurements taken under a microscope with a calibrated eyepiece micrometer.,0.41,mm,individual,,both,adult,,,,,,,,,,,
PreservedSpecimen,Nylanderia sp. B,Relative hindleg length,,1.71,mm,individual,,both,adult,,,,,,,,,,,
PreservedSpecimen,Nylanderia vividula,Weber s length,Microscope with a calibrated eyepiece micrometer,0.78,mm,individual,,both,adult,,,,,,,,,,,
PreservedSpecimen,Nylanderia vividula,Relative eye length,,0.15,mm,individual,,both,adult,,,,,,,,,,,
PreservedSpecimen,Nylanderia vividula,Relative scape length,Ratio calculation of scape length (SL) to Weber's length (WL),0.91,mm,individual,,both,adult,,,,,,,,,,,
PreservedSpecimen,Nylanderia vividula,Relative mandible length,Measurements taken under a microscope with a calibrated eyepiece micrometer.,0.41,mm,individual,,both,adult,,,,,,,,,,,
PreservedSpecimen,Nylanderia vividula,Relative hindleg length,,1.64,mm,individual,,both,adult,,,,,,,,,,,
PreservedSpecimen,Nylanderia vividula,Weber s length,Microscope with a calibrated eyepiece micrometer,0.56,mm,individual,,both,adult,,,,,,,,,,,
PreservedSpecimen,Nylanderia vividula,Relative eye length,,0.17,mm,individual,,both,adult,,,,,,,,,,,
PreservedSpecimen,Nylanderia vividula,Relative scape length,Ratio calculation of scape length (SL) to Weber's length (WL),0.88,mm,individual,,both,adult,,,,,,,,,,,
PreservedSpecimen,Nylanderia vividula,Relative mandible length,Measurements taken under a microscope with a calibrated eyepiece micrometer.,0.42,mm,individual,,both,adult,,,,,,,,,,,
PreservedSpecimen,Nylanderia vividula,Relative hindleg length,,1.57,mm,individual,,both,adult,,,,,,,,,,,
PreservedSpecimen,Nylanderia vividula,X,,X,,mode,,both,adult,,,,,,,,,,,
PreservedSpecimen,Nylanderia vividula,X,,,,mode,,both,adult,,,,,,,,,,,
PreservedSpecimen,Nylanderia yerburyi,Weber s length,Microscope with a calibrated eyepiece micrometer,0.73,mm,individual,,both,adult,,,,,,,,,,,
PreservedSpecimen,Nylanderia yerburyi,Relative eye length,,0.19,mm,individual,,both,adult,,,,,,,,,,,
PreservedSpecimen,Nylanderia yerburyi,Relative scape length,Ratio calculation of scape length (SL) to Weber's length (WL),0.89,mm,individual,,both,adult,,,,,,,,,,,
PreservedSpecimen,Nylanderia yerburyi,Relative mandible length,Measurements taken under a microscope with a calibrated eyepiece micrometer.,0.37,mm,individual,,both,adult,,,,,,,,,,,
PreservedSpecimen,Nylanderia yerburyi,Relative hindleg length,,1.71,mm,individual,,both,adult,,,,,,,,,,,
PreservedSpecimen,Perissomyrmex fissus,Weber s length,Microscope with a calibrated eyepiece micrometer,0.97,mm,individual,,both,adult,,,,,,,,,,,
PreservedSpecimen,Perissomyrmex fissus,Relative eye length,,0.10,mm,individual,,both,adult,,,,,,,,,,,
PreservedSpecimen,Perissomyrmex fissus,Relative scape length,Ratio calculation of scape length (SL) to Weber's length (WL),0.81,mm,individual,,both,adult,,,,,,,,,,,
PreservedSpecimen,Perissomyrmex fissus,Relative mandible length,Measurements taken under a microscope with a calibrated eyepiece micrometer.,0.52,mm,individual,,both,adult,,,,,,,,,,,
PreservedSpecimen,Perissomyrmex fissus,Relative hindleg length,,1.58,mm,individual,,both,adult,,,,,,,,,,,
PreservedSpecimen,Pheidole indosinensis,Weber s length,Microscope with a calibrated eyepiece micrometer,0.85,mm,individual,,both,adult,,,,,,,,,,,
PreservedSpecimen,Pheidole indosinensis,Relative eye length,,0.14,mm,individual,,both,adult,,,,,,,,,,,
PreservedSpecimen,Pheidole indosinensis,Relative scape length,Ratio calculation of scape length (SL) to Weber's length (WL),0.81,mm,individual,,both,adult,,,,,,,,,,,
PreservedSpecimen,Pheidole indosinensis,Relative mandible length,Measurements taken under a microscope with a calibrated eyepiece micrometer.,0.48,mm,individual,,both,adult,,,,,,,,,,,
PreservedSpecimen,Pheidole indosinensis,Relative hindleg length,,1.49,mm,individual,,both,adult,,,,,,,,,,,
PreservedSpecimen,Pheidole magna,Weber s length,Microscope with a calibrated eyepiece micrometer,1.15,mm,individual,,both,adult,,,,,,,,,,,
PreservedSpecimen,Pheidole magna,Relative eye length,,0.13,mm,individual,,both,adult,,,,,,,,,,,
PreservedSpecimen,Pheidole magna,Relative scape length,Ratio calculation of scape length (SL) to Weber's length (WL),0.83,mm,individual,,both,adult,,,,,,,,,,,
PreservedSpecimen,Pheidole magna,Relative mandible length,Measurements taken under a microscope with a calibrated eyepiece micrometer.,0.50,mm,individual,,both,adult,,,,,,,,,,,
PreservedSpecimen,Pheidole magna,Relative hindleg length,,1.79,mm,individual,,both,adult,,,,,,,,,,,
PreservedSpecimen,Ponera cf. pianmana,Weber s length,Microscope with a calibrated eyepiece micrometer,1.16,mm,individual,,both,adult,,,,,,,,,,,
PreservedSpecimen,Ponera cf. pianmana,Relative eye length,,0.02,mm,individual,,both,adult,,,,,,,,,,,
PreservedSpecimen,Ponera cf. pianmana,Relative scape length,Ratio calculation of scape length (SL) to Weber's length (WL),0.55,mm,individual,,both,adult,,,,,,,,,,,
PreservedSpecimen,Ponera cf. pianmana,Relative mandible length,Measurements taken under a microscope with a calibrated eyepiece micrometer.,0.37,mm,individual,,both,adult,,,,,,,,,,,
PreservedSpecimen,Ponera cf. pianmana,Relative hindleg length,,0.97,mm,individual,,both,adult,,,,,,,,,,,
PreservedSpecimen,Ponera menglana,Weber s length,Microscope with a calibrated eyepiece micrometer,1.14,mm,individual,,both,adult,,,,,,,,,,,
PreservedSpecimen,Ponera menglana,Relative eye length,,0.04,mm,individual,,both,adult,,,,,,,,,,,
PreservedSpecimen,Ponera menglana,Relative scape length,Ratio calculation of scape length (SL) to Weber's length (WL),0.55,mm,individual,,both,adult,,,,,,,,,,,
PreservedSpecimen,Ponera menglana,Relative mandible length,Measurements taken under a microscope with a calibrated eyepiece micrometer.,0.39,mm,individual,,both,adult,,,,,,,,,,,
PreservedSpecimen,Ponera menglana,Relative hindleg length,,1.00,mm,individual,,both,adult,,,,,,,,,,,
PreservedSpecimen,Ponera menglana,Weber s length,Microscope with a calibrated eyepiece micrometer,0.90,mm,individual,,both,adult,,,,,,,,,,,
PreservedSpecimen,Ponera menglana,Relative scape length,Ratio calculation of scape length (SL) to Weber's length (WL),0.57,mm,individual,,both,adult,,,,,,,,,,,
PreservedSpecimen,Ponera menglana,Relative mandible length,Measurements taken under a microscope with a calibrated eyepiece micrometer.,0.40,mm,individual,,both,adult,,,,,,,,,,,
PreservedSpecimen,Ponera menglana,Relative hindleg length,,0.97,mm,individual,,both,adult,,,,,,,,,,,
PreservedSpecimen,Ponera menglana,X,,,,mode,,both,adult,,,,,,,,,,,
PreservedSpecimen,Ponera menglana,X,,X,,mode,,both,adult,,,,,,,,,,,
PreservedSpecimen,Ponera pianmana,Weber s length,Microscope with a calibrated eyepiece micrometer,0.77,mm,individual,,both,adult,,,,,,,,,,,
PreservedSpecimen,Ponera pianmana,Relative eye length,,0.03,mm,individual,,both,adult,,,,,,,,,,,
PreservedSpecimen,Ponera pianmana,Relative scape length,Ratio calculation of scape length (SL) to Weber's length (WL),0.52,mm,individual,,both,adult,,,,,,,,,,,
PreservedSpecimen,Ponera pianmana,Relative mandible length,Measurements taken under a microscope with a calibrated eyepiece micrometer.,0.39,mm,individual,,both,adult,,,,,,,,,,,
PreservedSpecimen,Ponera pianmana,Relative hindleg length,,0.91,mm,individual,,both,adult,,,,,,,,,,,
PreservedSpecimen,Prenolepis sp. A,Weber s length,Microscope with a calibrated eyepiece micrometer,1.17,mm,individual,,both,adult,,,,,,,,,,,
PreservedSpecimen,Prenolepis sp. A,Relative eye length,,0.18,mm,individual,,both,adult,,,,,,,,,,,
PreservedSpecimen,Prenolepis sp. A,Relative scape length,Ratio calculation of scape length (SL) to Weber's length (WL),0.91,mm,individual,,both,adult,,,,,,,,,,,
PreservedSpecimen,Prenolepis sp. A,Relative mandible length,Measurements taken under a microscope with a calibrated eyepiece micrometer.,0.42,mm,individual,,both,adult,,,,,,,,,,,
PreservedSpecimen,Prenolepis sp. A,Relative hindleg length,,1.95,mm,individual,,both,adult,,,,,,,,,,,
PreservedSpecimen,Proceratium longigaster,Weber s length,Microscope with a calibrated eyepiece micrometer,0.98,mm,individual,,both,adult,,,,,,,,,,,
PreservedSpecimen,Proceratium longigaster,Relative eye length,,0.02,mm,individual,,both,adult,,,,,,,,,,,
PreservedSpecimen,Proceratium longigaster,Relative scape length,Ratio calculation of scape length (SL) to Weber's length (WL),0.55,mm,individual,,both,adult,,,,,,,,,,,
PreservedSpecimen,Proceratium longigaster,Relative mandible length,Measurements taken under a microscope with a calibrated eyepiece micrometer.,0.41,mm,individual,,both,adult,,,,,,,,,,,
PreservedSpecimen,Proceratium longigaster,Relative hindleg length,,1.09,mm,individual,,both,adult,,,,,,,,,,,
PreservedSpecimen,Proceratium longigaster,Weber s length,Microscope with a calibrated eyepiece micrometer,0.74,mm,individual,,both,adult,,,,,,,,,,,
PreservedSpecimen,Proceratium longigaster,Relative eye length,,0.03,mm,individual,,both,adult,,,,,,,,,,,
PreservedSpecimen,Proceratium longigaster,Relative scape length,Ratio calculation of scape length (SL) to Weber's length (WL),0.57,mm,individual,,both,adult,,,,,,,,,,,
PreservedSpecimen,Proceratium longigaster,Relative hindleg length,,1.06,mm,individual,,both,adult,,,,,,,,,,,
PreservedSpecimen,Proceratium longigaster,X,,,,mode,,both,adult,,,,,,,,,,,
PreservedSpecimen,Stenamma jeriorum,Weber s length,Microscope with a calibrated eyepiece micrometer,0.92,mm,individual,,both,adult,,,,,,,,,,,
PreservedSpecimen,Stenamma jeriorum,Relative eye length,,0.13,mm,individual,,both,adult,,,,,,,,,,,
PreservedSpecimen,Stenamma jeriorum,Relative scape length,Ratio calculation of scape length (SL) to Weber's length (WL),0.55,mm,individual,,both,adult,,,,,,,,,,,
PreservedSpecimen,Stenamma jeriorum,Relative mandible length,Measurements taken under a microscope with a calibrated eyepiece micrometer.,0.42,mm,individual,,both,adult,,,,,,,,,,,
PreservedSpecimen,Stenamma jeriorum,Relative hindleg length,,1.12,mm,individual,,both,adult,,,,,,,,,,,
PreservedSpecimen,Stigmatomma meiliana,Weber s length,Microscope with a calibrated eyepiece micrometer,1.60,mm,individual,,both,adult,,,,,,,,,,,
PreservedSpecimen,Stigmatomma meiliana,Relative eye length,,0.03,mm,individual,,both,adult,,,,,,,,,,,
PreservedSpecimen,Stigmatomma meiliana,Relative scape length,Ratio calculation of scape length (SL) to Weber's length (WL),0.43,mm,individual,,both,adult,,,,,,,,,,,
PreservedSpecimen,Stigmatomma meiliana,Relative mandible length,Measurements taken under a microscope with a calibrated eyepiece micrometer.,0.53,mm,individual,,both,adult,,,,,,,,,,,
PreservedSpecimen,Stigmatomma meiliana,Relative hindleg length,,1.00,mm,individual,,both,adult,,,,,,,,,,,
PreservedSpecimen,Stigmatomma meiliana,X,,,,mode,,both,adult,,,,,,,,,,,
PreservedSpecimen,Stigmatomma meiliana,X,,X,,mode,,both,adult,,,,,,,,,,,
PreservedSpecimen,Strumigenys cf. phasma,Weber s length,Microscope with a calibrated eyepiece micrometer,0.51,mm,individual,,both,adult,,,,,,,,,,,
PreservedSpecimen,Strumigenys cf. phasma,Relative eye length,,0.02,mm,individual,,both,adult,,,,,,,,,,,
PreservedSpecimen,Strumigenys cf. phasma,Relative scape length,Ratio calculation of scape length (SL) to Weber's length (WL),0.47,mm,individual,,both,adult,,,,,,,,,,,
PreservedSpecimen,Strumigenys cf. phasma,Relative mandible length,Measurements taken under a microscope with a calibrated eyepiece micrometer.,0.24,mm,individual,,both,adult,,,,,,,,,,,
PreservedSpecimen,Strumigenys cf. phasma,Relative hindleg length,,1.08,mm,individual,,both,adult,,,,,,,,,,,
PreservedSpecimen,Strumigenys paraposta,Weber s length,Microscope with a calibrated eyepiece micrometer,0.91,mm,individual,,both,adult,,,,,,,,,,,
PreservedSpecimen,Strumigenys paraposta,Relative eye length,,0.07,mm,individual,,both,adult,,,,,,,,,,,
PreservedSpecimen,Strumigenys paraposta,Relative scape length,Ratio calculation of scape length (SL) to Weber's length (WL),0.49,mm,individual,,both,adult,,,,,,,,,,,
PreservedSpecimen,Strumigenys paraposta,Relative mandible length,Measurements taken under a microscope with a calibrated eyepiece micrometer.,0.43,mm,individual,,both,adult,,,,,,,,,,,
PreservedSpecimen,Strumigenys paraposta,Relative hindleg length,,1.16,mm,individual,,both,adult,,,,,,,,,,,
PreservedSpecimen,Tapinoma geei,Weber s length,Microscope with a calibrated eyepiece micrometer,0.96,mm,individual,,both,adult,,,,,,,,,,,
PreservedSpecimen,Tapinoma geei,Relative eye length,,0.17,mm,individual,,both,adult,,,,,,,,,,,
PreservedSpecimen,Tapinoma geei,Relative scape length,Ratio calculation of scape length (SL) to Weber's length (WL),0.71,mm,individual,,both,adult,,,,,,,,,,,
PreservedSpecimen,Tapinoma geei,Relative mandible length,Measurements taken under a microscope with a calibrated eyepiece micrometer.,0.29,mm,individual,,both,adult,,,,,,,,,,,
PreservedSpecimen,Tapinoma geei,Relative hindleg length,,1.48,mm,individual,,both,adult,,,,,,,,,,,
PreservedSpecimen,Temnothorax cf. brevispinus,Weber s length,Microscope with a calibrated eyepiece micrometer,0.68,mm,individual,,both,adult,,,,,,,,,,,
PreservedSpecimen,Temnothorax cf. brevispinus,Relative eye length,,0.19,mm,individual,,both,adult,,,,,,,,,,,
PreservedSpecimen,Temnothorax cf. brevispinus,Relative scape length,Ratio calculation of scape length (SL) to Weber's length (WL),0.67,mm,individual,,both,adult,,,,,,,,,,,
PreservedSpecimen,Temnothorax cf. brevispinus,Relative mandible length,Measurements taken under a microscope with a calibrated eyepiece micrometer.,0.38,mm,individual,,both,adult,,,,,,,,,,,
PreservedSpecimen,Temnothorax cf. brevispinus,Relative hindleg length,,1.24,mm,individual,,both,adult,,,,,,,,,,,
PreservedSpecimen,Temnothorax cf. maorensis,Weber s length,Microscope with a calibrated eyepiece micrometer,0.83,mm,individual,,both,adult,,,,,,,,,,,
PreservedSpecimen,Temnothorax cf. maorensis,Relative eye length,,0.18,mm,individual,,both,adult,,,,,,,,,,,
PreservedSpecimen,Temnothorax cf. maorensis,Relative scape length,Ratio calculation of scape length (SL) to Weber's length (WL),0.66,mm,individual,,both,adult,,,,,,,,,,,
PreservedSpecimen,Temnothorax cf. maorensis,Relative mandible length,Measurements taken under a microscope with a calibrated eyepiece micrometer.,0.33,mm,individual,,both,adult,,,,,,,,,,,
PreservedSpecimen,Temnothorax cf. maorensis,Relative hindleg length,,1.28,mm,individual,,both,adult,,,,,,,,,,,
PreservedSpecimen,Temnothorax cf. pisarskii,Weber s length,Microscope with a calibrated eyepiece micrometer,0.84,mm,individual,,both,adult,,,,,,,,,,,
PreservedSpecimen,Temnothorax cf. pisarskii,Relative eye length,,0.17,mm,individual,,both,adult,,,,,,,,,,,
PreservedSpecimen,Temnothorax cf. pisarskii,Relative scape length,Ratio calculation of scape length (SL) to Weber's length (WL),0.67,mm,individual,,both,adult,,,,,,,,,,,
PreservedSpecimen,Temnothorax cf. pisarskii,Relative mandible length,Measurements taken under a microscope with a calibrated eyepiece micrometer.,0.38,mm,individual,,both,adult,,,,,,,,,,,
PreservedSpecimen,Temnothorax cf. pisarskii,Relative hindleg length,,1.26,mm,individual,,both,adult,,,,,,,,,,,
PreservedSpecimen,Temnothorax cf. ruginosus,Weber s length,Microscope with a calibrated eyepiece micrometer,0.78,mm,individual,,both,adult,,,,,,,,,,,
PreservedSpecimen,Temnothorax cf. ruginosus,Relative eye length,,0.16,mm,individual,,both,adult,,,,,,,,,,,
PreservedSpecimen,Temnothorax cf. ruginosus,Relative scape length,Ratio calculation of scape length (SL) to Weber's length (WL),0.72,mm,individual,,both,adult,,,,,,,,,,,
PreservedSpecimen,Temnothorax cf. ruginosus,Relative mandible length,Measurements taken under a microscope with a calibrated eyepiece micrometer.,0.40,mm,individual,,both,adult,,,,,,,,,,,
PreservedSpecimen,Temnothorax cf. ruginosus,Relative hindleg length,,1.25,mm,individual,,both,adult,,,,,,,,,,,
PreservedSpecimen,Temnothorax cf. ruginosus,X,,X,,mode,,both,adult,,,,,,,,,,,
PreservedSpecimen,Temnothorax hengshanensis,Weber s length,Microscope with a calibrated eyepiece micrometer,1.00,mm,individual,,both,adult,,,,,,,,,,,
PreservedSpecimen,Temnothorax hengshanensis,Relative eye length,,0.16,mm,individual,,both,adult,,,,,,,,,,,
PreservedSpecimen,Temnothorax hengshanensis,Relative scape length,Ratio calculation of scape length (SL) to Weber's length (WL),0.66,mm,individual,,both,adult,,,,,,,,,,,
PreservedSpecimen,Temnothorax hengshanensis,Relative mandible length,Measurements taken under a microscope with a calibrated eyepiece micrometer.,0.40,mm,individual,,both,adult,,,,,,,,,,,
PreservedSpecimen,Temnothorax hengshanensis,Relative hindleg length,,1.34,mm,individual,,both,adult,,,,,,,,,,,
PreservedSpecimen,Temnothorax hengshanensis,X,,,,mode,,both,adult,,,,,,,,,,,
PreservedSpecimen,Temnothorax hengshanensis,X,,X,,mode,,both,adult,,,,,,,,,,,
PreservedSpecimen,Temnothorax orchidus,Weber s length,Microscope with a calibrated eyepiece micrometer,0.94,mm,individual,,both,adult,,,,,,,,,,,
PreservedSpecimen,Temnothorax orchidus,Relative eye length,,0.17,mm,individual,,both,adult,,,,,,,,,,,
PreservedSpecimen,Temnothorax orchidus,Relative scape length,Ratio calculation of scape length (SL) to Weber's length (WL),0.60,mm,individual,,both,adult,,,,,,,,,,,
PreservedSpecimen,Temnothorax orchidus,Relative mandible length,Measurements taken under a microscope with a calibrated eyepiece micrometer.,0.38,mm,individual,,both,adult,,,,,,,,,,,
PreservedSpecimen,Temnothorax orchidus,Relative hindleg length,,1.23,mm,individual,,both,adult,,,,,,,,,,,
PreservedSpecimen,Temnothorax sp.,Weber s length,Microscope with a calibrated eyepiece micrometer,0.58,mm,individual,,both,adult,,,,,,,,,,,
PreservedSpecimen,Temnothorax sp.,Relative eye length,,0.19,mm,individual,,both,adult,,,,,,,,,,,
PreservedSpecimen,Temnothorax sp.,Relative scape length,Ratio calculation of scape length (SL) to Weber's length (WL),0.76,mm,individual,,both,adult,,,,,,,,,,,
PreservedSpecimen,Temnothorax sp.,Relative mandible length,Measurements taken under a microscope with a calibrated eyepiece micrometer.,0.41,mm,individual,,both,adult,,,,,,,,,,,
PreservedSpecimen,Temnothorax sp.,Relative hindleg length,,1.21,mm,individual,,both,adult,,,,,,,,,,,
PreservedSpecimen,Tetramorium aptum,Weber s length,Microscope with a calibrated eyepiece micrometer,0.88,mm,individual,,both,adult,,,,,,,,,,,
PreservedSpecimen,Tetramorium aptum,Relative eye length,,0.16,mm,individual,,both,adult,,,,,,,,,,,
PreservedSpecimen,Tetramorium aptum,Relative scape length,Ratio calculation of scape length (SL) to Weber's length (WL),0.57,mm,individual,,both,adult,,,,,,,,,,,
PreservedSpecimen,Tetramorium aptum,Relative mandible length,Measurements taken under a microscope with a calibrated eyepiece micrometer.,0.45,mm,individual,,both,adult,,,,,,,,,,,
PreservedSpecimen,Tetramorium aptum,Relative hindleg length,,1.18,mm,individual,,both,adult,,,,,,,,,,,
PreservedSpecimen,Tetramorium aptum,Weber s length,Microscope with a calibrated eyepiece micrometer,0.79,mm,individual,,both,adult,,,,,,,,,,,
PreservedSpecimen,Tetramorium aptum,Relative eye length,,0.15,mm,individual,,both,adult,,,,,,,,,,,
PreservedSpecimen,Tetramorium aptum,Relative scape length,Ratio calculation of scape length (SL) to Weber's length (WL),0.60,mm,individual,,both,adult,,,,,,,,,,,
PreservedSpecimen,Tetramorium aptum,Relative mandible length,Measurements taken under a microscope with a calibrated eyepiece micrometer.,0.44,mm,individual,,both,adult,,,,,,,,,,,
PreservedSpecimen,Tetramorium aptum,Relative hindleg length,,1.24,mm,individual,,both,adult,,,,,,,,,,,
PreservedSpecimen,Tetramorium aptum,X,,X,,mode,,both,adult,,,,,,,,,,,
PreservedSpecimen,Tetramorium khnum,Weber s length,Microscope with a calibrated eyepiece micrometer,0.86,mm,individual,,both,adult,,,,,,,,,,,
PreservedSpecimen,Tetramorium khnum,Relative eye length,,0.16,mm,individual,,both,adult,,,,,,,,,,,
PreservedSpecimen,Tetramorium khnum,Relative scape length,Ratio calculation of scape length (SL) to Weber's length (WL),0.58,mm,individual,,both,adult,,,,,,,,,,,
PreservedSpecimen,Tetramorium khnum,Relative mandible length,Measurements taken under a microscope with a calibrated eyepiece micrometer.,0.49,mm,individual,,both,adult,,,,,,,,,,,
PreservedSpecimen,Tetramorium khnum,Relative hindleg length,,1.21,mm,individual,,both,adult,,,,,,,,,,,
PreservedSpecimen,Vollenhovia cf. emeryi,Weber s length,Microscope with a calibrated eyepiece micrometer,1.02,mm,individual,,both,adult,,,,,,,,,,,
PreservedSpecimen,Vollenhovia cf. emeryi,Relative eye length,,0.14,mm,individual,,both,adult,,,,,,,,,,,
PreservedSpecimen,Vollenhovia cf. emeryi,Relative scape length,Ratio calculation of scape length (SL) to Weber's length (WL),0.47,mm,individual,,both,adult,,,,,,,,,,,
PreservedSpecimen,Vollenhovia cf. emeryi,Relative mandible length,Measurements taken under a microscope with a calibrated eyepiece micrometer.,0.35,mm,individual,,both,adult,,,,,,,,,,,
PreservedSpecimen,Vollenhovia cf. emeryi,Relative hindleg length,,0.96,mm,individual,,both,adult,,,,,,,,,,,
PreservedSpecimen,Acropyga yaeyamensis,Weber s length,Microscope with a calibrated eyepiece micrometer,0.98,mm,individual,,both,adult,,,,,,,,,,,
PreservedSpecimen,Acropyga yaeyamensis,Relative eye length,,0.12,mm,individual,,both,adult,,,,,,,,,,,
PreservedSpecimen,Acropyga yaeyamensis,Relative scape length,Ratio calculation of scape length (SL) to Weber's length (WL),0.81,mm,individual,,both,adult,,,,,,,,,,,
PreservedSpecimen,Acropyga yaeyamensis,Relative mandible length,Measurements taken under a microscope with a calibrated eyepiece micrometer.,0.49,mm,individual,,both,adult,,,,,,,,,,,
PreservedSpecimen,Acropyga yaeyamensis,Relative hindleg length,,1.72,mm,individual,,both,adult,,,,,,,,,,,
PreservedSpecimen,Amblyopone crenata,Weber s length,Microscope with a calibrated eyepiece micrometer,2.00,mm,individual,,both,adult,,,,,,,,,,,
PreservedSpecimen,Amblyopone crenata,Relative eye length,,0.05,mm,individual,,both,adult,,,,,,,,,,,
PreservedSpecimen,Amblyopone crenata,Relative scape length,Ratio calculation of scape length (SL) to Weber's length (WL),0.44,mm,individual,,both,adult,,,,,,,,,,,
PreservedSpecimen,Amblyopone crenata,Relative mandible length,Measurements taken under a microscope with a calibrated eyepiece micrometer.,0.55,mm,individual,,both,adult,,,,,,,,,,,
PreservedSpecimen,Amblyopone crenata,Relative hindleg length,,1.11,mm,individual,,both,adult,,,,,,,,,,,
PreservedSpecimen,Anochetus cf. subcoecus,Weber s length,Microscope with a calibrated eyepiece micrometer,1.53,mm,individual,,both,adult,,,,,,,,,,,
PreservedSpecimen,Anochetus cf. subcoecus,Relative eye length,,0.07,mm,individual,,both,adult,,,,,,,,,,,
PreservedSpecimen,Anochetus cf. subcoecus,Relative scape length,Ratio calculation of scape length (SL) to Weber's length (WL),0.59,mm,individual,,both,adult,,,,,,,,,,,
PreservedSpecimen,Anochetus cf. subcoecus,Relative mandible length,Measurements taken under a microscope with a calibrated eyepiece micrometer.,0.43,mm,individual,,both,adult,,,,,,,,,,,
PreservedSpecimen,Anochetus cf. subcoecus,Relative hindleg length,,1.28,mm,individual,,both,adult,,,,,,,,,,,
PreservedSpecimen,Anochetus subcoecus,Weber s length,Microscope with a calibrated eyepiece micrometer,1.21,mm,individual,,both,adult,,,,,,,,,,,
PreservedSpecimen,Anochetus subcoecus,Relative eye length,,0.06,mm,individual,,both,adult,,,,,,,,,,,
PreservedSpecimen,Anochetus subcoecus,Relative scape length,Ratio calculation of scape length (SL) to Weber's length (WL),0.63,mm,individual,,both,adult,,,,,,,,,,,
PreservedSpecimen,Anochetus subcoecus,Relative mandible length,Measurements taken under a microscope with a calibrated eyepiece micrometer.,0.47,mm,individual,,both,adult,,,,,,,,,,,
PreservedSpecimen,Anochetus subcoecus,Relative hindleg length,,1.22,mm,individual,,both,adult,,,,,,,,,,,
PreservedSpecimen,Aphaenogaster beccarii,Weber s length,Microscope with a calibrated eyepiece micrometer,1.84,mm,individual,,both,adult,,,,,,,,,,,
PreservedSpecimen,Aphaenogaster beccarii,Relative eye length,,0.12,mm,individual,,both,adult,,,,,,,,,,,
PreservedSpecimen,Aphaenogaster beccarii,Relative scape length,Ratio calculation of scape length (SL) to Weber's length (WL),0.98,mm,individual,,both,adult,,,,,,,,,,,
PreservedSpecimen,Aphaenogaster beccarii,Relative mandible length,Measurements taken under a microscope with a calibrated eyepiece micrometer.,0.34,mm,individual,,both,adult,,,,,,,,,,,
PreservedSpecimen,Aphaenogaster beccarii,Relative hindleg length,,2.09,mm,individual,,both,adult,,,,,,,,,,,
PreservedSpecimen,Aphaenogaster exasperata,Weber s length,Microscope with a calibrated eyepiece micrometer,2.50,mm,individual,,both,adult,,,,,,,,,,,
PreservedSpecimen,Aphaenogaster exasperata,Relative eye length,,0.12,mm,individual,,both,adult,,,,,,,,,,,
PreservedSpecimen,Aphaenogaster exasperata,Relative scape length,Ratio calculation of scape length (SL) to Weber's length (WL),0.81,mm,individual,,both,adult,,,,,,,,,,,
PreservedSpecimen,Aphaenogaster exasperata,Relative mandible length,Measurements taken under a microscope with a calibrated eyepiece micrometer.,0.33,mm,individual,,both,adult,,,,,,,,,,,
PreservedSpecimen,Aphaenogaster exasperata,Relative hindleg length,,1.97,mm,individual,,both,adult,,,,,,,,,,,
PreservedSpecimen,Aphaenogaster feae,Weber s length,Microscope with a calibrated eyepiece micrometer,2.02,mm,individual,,both,adult,,,,,,,,,,,
PreservedSpecimen,Aphaenogaster feae,Relative eye length,,0.13,mm,individual,,both,adult,,,,,,,,,,,
PreservedSpecimen,Aphaenogaster feae,Relative scape length,Ratio calculation of scape length (SL) to Weber's length (WL),0.93,mm,individual,,both,adult,,,,,,,,,,,
PreservedSpecimen,Aphaenogaster feae,Relative mandible length,Measurements taken under a microscope with a calibrated eyepiece micrometer.,0.35,mm,individual,,both,adult,,,,,,,,,,,
PreservedSpecimen,Aphaenogaster feae,Relative hindleg length,,2.12,mm,individual,,both,adult,,,,,,,,,,,
PreservedSpecimen,Aphaenogaster lepida,Weber s length,Microscope with a calibrated eyepiece micrometer,2.00,mm,individual,,both,adult,,,,,,,,,,,
PreservedSpecimen,Aphaenogaster lepida,Relative eye length,,0.12,mm,individual,,both,adult,,,,,,,,,,,
PreservedSpecimen,Aphaenogaster lepida,Relative scape length,Ratio calculation of scape length (SL) to Weber's length (WL),0.82,mm,individual,,both,adult,,,,,,,,,,,
PreservedSpecimen,Aphaenogaster lepida,Relative mandible length,Measurements taken under a microscope with a calibrated eyepiece micrometer.,0.35,mm,individual,,both,adult,,,,,,,,,,,
PreservedSpecimen,Aphaenogaster lepida,Relative hindleg length,,1.88,mm,individual,,both,adult,,,,,,,,,,,
PreservedSpecimen,Aphaenogaster schurri,Weber s length,Microscope with a calibrated eyepiece micrometer,2.13,mm,individual,,both,adult,,,,,,,,,,,
PreservedSpecimen,Aphaenogaster schurri,Relative eye length,,0.14,mm,individual,,both,adult,,,,,,,,,,,
PreservedSpecimen,Aphaenogaster schurri,Relative scape length,Ratio calculation of scape length (SL) to Weber's length (WL),0.91,mm,individual,,both,adult,,,,,,,,,,,
PreservedSpecimen,Aphaenogaster schurri,Relative mandible length,Measurements taken under a microscope with a calibrated eyepiece micrometer.,0.37,mm,individual,,both,adult,,,,,,,,,,,
PreservedSpecimen,Aphaenogaster schurri,Relative hindleg length,,2.05,mm,individual,,both,adult,,,,,,,,,,,
PreservedSpecimen,Brachyponera luteipes C,Weber s length,Microscope with a calibrated eyepiece micrometer,1.37,mm,individual,,both,adult,,,,,,,,,,,
PreservedSpecimen,Brachyponera luteipes C,Relative eye length,,0.10,mm,individual,,both,adult,,,,,,,,,,,
PreservedSpecimen,Brachyponera luteipes C,Relative scape length,Ratio calculation of scape length (SL) to Weber's length (WL),0.64,mm,individual,,both,adult,,,,,,,,,,,
PreservedSpecimen,Brachyponera luteipes C,Relative mandible length,Measurements taken under a microscope with a calibrated eyepiece micrometer.,0.40,mm,individual,,both,adult,,,,,,,,,,,
PreservedSpecimen,Brachyponera luteipes C,Relative hindleg length,,1.30,mm,individual,,both,adult,,,,,,,,,,,
PreservedSpecimen,Brachyponera luteipes D,Weber s length,Microscope with a calibrated eyepiece micrometer,1.82,mm,individual,,both,adult,,,,,,,,,,,
PreservedSpecimen,Brachyponera luteipes D,Relative eye length,,0.11,mm,individual,,both,adult,,,,,,,,,,,
PreservedSpecimen,Brachyponera luteipes D,Relative scape length,Ratio calculation of scape length (SL) to Weber's length (WL),0.66,mm,individual,,both,adult,,,,,,,,,,,
PreservedSpecimen,Brachyponera luteipes D,Relative mandible length,Measurements taken under a microscope with a calibrated eyepiece micrometer.,0.37,mm,individual,,both,adult,,,,,,,,,,,
PreservedSpecimen,Brachyponera luteipes D,Relative hindleg length,,1.40,mm,individual,,both,adult,,,,,,,,,,,
PreservedSpecimen,Brachyponera luteipes I,Weber s length,Microscope with a calibrated eyepiece micrometer,1.61,mm,individual,,both,adult,,,,,,,,,,,
PreservedSpecimen,Brachyponera luteipes I,Relative eye length,,0.08,mm,individual,,both,adult,,,,,,,,,,,
PreservedSpecimen,Brachyponera luteipes I,Relative scape length,Ratio calculation of scape length (SL) to Weber's length (WL),0.66,mm,individual,,both,adult,,,,,,,,,,,
PreservedSpecimen,Brachyponera luteipes I,Relative mandible length,Measurements taken under a microscope with a calibrated eyepiece micrometer.,0.34,mm,individual,,both,adult,,,,,,,,,,,
PreservedSpecimen,Brachyponera luteipes I,Relative hindleg length,,1.35,mm,individual,,both,adult,,,,,,,,,,,
PreservedSpecimen,Brachyponera luteipes K,Weber s length,Microscope with a calibrated eyepiece micrometer,1.69,mm,individual,,both,adult,,,,,,,,,,,
PreservedSpecimen,Brachyponera luteipes K,Relative eye length,,0.07,mm,individual,,both,adult,,,,,,,,,,,
PreservedSpecimen,Brachyponera luteipes K,Relative scape length,Ratio calculation of scape length (SL) to Weber's length (WL),0.65,mm,individual,,both,adult,,,,,,,,,,,
PreservedSpecimen,Brachyponera luteipes K,Relative mandible length,Measurements taken under a microscope with a calibrated eyepiece micrometer.,0.40,mm,individual,,both,adult,,,,,,,,,,,
PreservedSpecimen,Brachyponera luteipes K,Relative hindleg length,,1.36,mm,individual,,both,adult,,,,,,,,,,,
PreservedSpecimen,Brachyponera luteipes L,Weber s length,Microscope with a calibrated eyepiece micrometer,1.24,mm,individual,,both,adult,,,,,,,,,,,
PreservedSpecimen,Brachyponera luteipes L,Relative eye length,,0.11,mm,individual,,both,adult,,,,,,,,,,,
PreservedSpecimen,Brachyponera luteipes L,Relative scape length,Ratio calculation of scape length (SL) to Weber's length (WL),0.61,mm,individual,,both,adult,,,,,,,,,,,
PreservedSpecimen,Brachyponera luteipes L,Relative mandible length,Measurements taken under a microscope with a calibrated eyepiece micrometer.,0.40,mm,individual,,both,adult,,,,,,,,,,,
PreservedSpecimen,Brachyponera luteipes L,Relative hindleg length,,1.25,mm,individual,,both,adult,,,,,,,,,,,
PreservedSpecimen,Camponotus cf. wroughtoni,Weber s length,Microscope with a calibrated eyepiece micrometer,1.55,mm,individual,,both,adult,,,,,,,,,,,
PreservedSpecimen,Camponotus cf. wroughtoni,Relative eye length,,0.19,mm,individual,,both,adult,,,,,,,,,,,
PreservedSpecimen,Camponotus cf. wroughtoni,Relative scape length,Ratio calculation of scape length (SL) to Weber's length (WL),0.71,mm,individual,,both,adult,,,,,,,,,,,
PreservedSpecimen,Camponotus cf. wroughtoni,Relative mandible length,Measurements taken under a microscope with a calibrated eyepiece micrometer.,0.26,mm,individual,,both,adult,,,,,,,,,,,
PreservedSpecimen,Camponotus cf. wroughtoni,Relative hindleg length,,1.42,mm,individual,,both,adult,,,,,,,,,,,
PreservedSpecimen,Camponotus crassiquamis,Weber s length,Microscope with a calibrated eyepiece micrometer,2.75,mm,individual,,both,adult,,,,,,,,,,,
PreservedSpecimen,Camponotus crassiquamis,Relative eye length,,0.16,mm,individual,,both,adult,,,,,,,,,,,
PreservedSpecimen,Camponotus crassiquamis,Relative scape length,Ratio calculation of scape length (SL) to Weber's length (WL),0.85,mm,individual,,both,adult,,,,,,,,,,,
PreservedSpecimen,Camponotus crassiquamis,Relative mandible length,Measurements taken under a microscope with a calibrated eyepiece micrometer.,0.27,mm,individual,,both,adult,,,,,,,,,,,
PreservedSpecimen,Camponotus crassiquamis,Relative hindleg length,,1.95,mm,individual,,both,adult,,,,,,,,,,,
PreservedSpecimen,Camponotus holosericeus,Weber s length,Microscope with a calibrated eyepiece micrometer,4.05,mm,individual,,both,adult,,,,,,,,,,,
PreservedSpecimen,Camponotus holosericeus,Relative eye length,,0.12,mm,individual,,both,adult,,,,,,,,,,,
PreservedSpecimen,Camponotus holosericeus,Relative scape length,Ratio calculation of scape length (SL) to Weber's length (WL),0.79,mm,individual,,both,adult,,,,,,,,,,,
PreservedSpecimen,Camponotus holosericeus,Relative mandible length,Measurements taken under a microscope with a calibrated eyepiece micrometer.,0.26,mm,individual,,both,adult,,,,,,,,,,,
PreservedSpecimen,Camponotus holosericeus,Relative hindleg length,,1.98,mm,individual,,both,adult,,,,,,,,,,,
PreservedSpecimen,Camponotus invidus,Weber s length,Microscope with a calibrated eyepiece micrometer,2.83,mm,individual,,both,adult,,,,,,,,,,,
PreservedSpecimen,Camponotus invidus,Relative eye length,,0.16,mm,individual,,both,adult,,,,,,,,,,,
PreservedSpecimen,Camponotus invidus,Relative scape length,Ratio calculation of scape length (SL) to Weber's length (WL),0.74,mm,individual,,both,adult,,,,,,,,,,,
PreservedSpecimen,Camponotus invidus,Relative mandible length,Measurements taken under a microscope with a calibrated eyepiece micrometer.,0.23,mm,individual,,both,adult,,,,,,,,,,,
PreservedSpecimen,Camponotus invidus,Relative hindleg length,,1.52,mm,individual,,both,adult,,,,,,,,,,,
PreservedSpecimen,Camponotus lasiselene,Weber s length,Microscope with a calibrated eyepiece micrometer,1.42,mm,individual,,both,adult,,,,,,,,,,,
PreservedSpecimen,Camponotus lasiselene,Relative eye length,,0.16,mm,individual,,both,adult,,,,,,,,,,,
PreservedSpecimen,Camponotus lasiselene,Relative scape length,Ratio calculation of scape length (SL) to Weber's length (WL),0.68,mm,individual,,both,adult,,,,,,,,,,,
PreservedSpecimen,Camponotus lasiselene,Relative mandible length,Measurements taken under a microscope with a calibrated eyepiece micrometer.,0.28,mm,individual,,both,adult,,,,,,,,,,,
PreservedSpecimen,Camponotus lasiselene,Relative hindleg length,,1.42,mm,individual,,both,adult,,,,,,,,,,,
PreservedSpecimen,Camponotus leonardi,Weber s length,Microscope with a calibrated eyepiece micrometer,2.05,mm,individual,,both,adult,,,,,,,,,,,
PreservedSpecimen,Camponotus leonardi,Relative eye length,,0.21,mm,individual,,both,adult,,,,,,,,,,,
PreservedSpecimen,Camponotus leonardi,Relative scape length,Ratio calculation of scape length (SL) to Weber's length (WL),0.68,mm,individual,,both,adult,,,,,,,,,,,
PreservedSpecimen,Camponotus leonardi,Relative mandible length,Measurements taken under a microscope with a calibrated eyepiece micrometer.,0.28,mm,individual,,both,adult,,,,,,,,,,,
PreservedSpecimen,Camponotus leonardi,Relative hindleg length,,2.10,mm,individual,,both,adult,,,,,,,,,,,
PreservedSpecimen,Camponotus marginatus,Weber s length,Microscope with a calibrated eyepiece micrometer,2.50,mm,individual,,both,adult,,,,,,,,,,,
PreservedSpecimen,Camponotus marginatus,Relative eye length,,0.18,mm,individual,,both,adult,,,,,,,,,,,
PreservedSpecimen,Camponotus marginatus,Relative scape length,Ratio calculation of scape length (SL) to Weber's length (WL),0.75,mm,individual,,both,adult,,,,,,,,,,,
PreservedSpecimen,Camponotus marginatus,Relative mandible length,Measurements taken under a microscope with a calibrated eyepiece micrometer.,0.23,mm,individual,,both,adult,,,,,,,,,,,
PreservedSpecimen,Camponotus marginatus,Relative hindleg length,,1.58,mm,individual,,both,adult,,,,,,,,,,,
PreservedSpecimen,Camponotus mitis,Weber s length,Microscope with a calibrated eyepiece micrometer,3.68,mm,individual,,both,adult,,,,,,,,,,,
PreservedSpecimen,Camponotus mitis,Relative eye length,,0.14,mm,individual,,both,adult,,,,,,,,,,,
PreservedSpecimen,Camponotus mitis,Relative scape length,Ratio calculation of scape length (SL) to Weber's length (WL),0.94,mm,individual,,both,adult,,,,,,,,,,,
PreservedSpecimen,Camponotus mitis,Relative mandible length,Measurements taken under a microscope with a calibrated eyepiece micrometer.,0.22,mm,individual,,both,adult,,,,,,,,,,,
PreservedSpecimen,Camponotus mitis,Relative hindleg length,,2.07,mm,individual,,both,adult,,,,,,,,,,,
PreservedSpecimen,Camponotus nicobarensis,Weber s length,Microscope with a calibrated eyepiece micrometer,2.36,mm,individual,,both,adult,,,,,,,,,,,
PreservedSpecimen,Camponotus nicobarensis,Relative eye length,,0.17,mm,individual,,both,adult,,,,,,,,,,,
PreservedSpecimen,Camponotus nicobarensis,Relative scape length,Ratio calculation of scape length (SL) to Weber's length (WL),0.81,mm,individual,,both,adult,,,,,,,,,,,
PreservedSpecimen,Camponotus nicobarensis,Relative mandible length,Measurements taken under a microscope with a calibrated eyepiece micrometer.,0.27,mm,individual,,both,adult,,,,,,,,,,,
PreservedSpecimen,Camponotus nicobarensis,Relative hindleg length,,1.90,mm,individual,,both,adult,,,,,,,,,,,
PreservedSpecimen,Camponotus politae,Weber s length,Microscope with a calibrated eyepiece micrometer,1.60,mm,individual,,both,adult,,,,,,,,,,,
PreservedSpecimen,Camponotus politae,Relative eye length,,0.19,mm,individual,,both,adult,,,,,,,,,,,
PreservedSpecimen,Camponotus politae,Relative scape length,Ratio calculation of scape length (SL) to Weber's length (WL),0.97,mm,individual,,both,adult,,,,,,,,,,,
PreservedSpecimen,Camponotus politae,Relative mandible length,Measurements taken under a microscope with a calibrated eyepiece micrometer.,0.22,mm,individual,,both,adult,,,,,,,,,,,
PreservedSpecimen,Camponotus politae,Relative hindleg length,,2.03,mm,individual,,both,adult,,,,,,,,,,,
PreservedSpecimen,Camponotus radiatus,Weber s length,Microscope with a calibrated eyepiece micrometer,1.30,mm,individual,,both,adult,,,,,,,,,,,
PreservedSpecimen,Camponotus radiatus,Relative eye length,,0.23,mm,individual,,both,adult,,,,,,,,,,,
PreservedSpecimen,Camponotus radiatus,Relative scape length,Ratio calculation of scape length (SL) to Weber's length (WL),0.58,mm,individual,,both,adult,,,,,,,,,,,
PreservedSpecimen,Camponotus radiatus,Relative mandible length,Measurements taken under a microscope with a calibrated eyepiece micrometer.,0.23,mm,individual,,both,adult,,,,,,,,,,,
PreservedSpecimen,Camponotus radiatus,Relative hindleg length,,1.31,mm,individual,,both,adult,,,,,,,,,,,
PreservedSpecimen,Camponotus rothneyi,Weber s length,Microscope with a calibrated eyepiece micrometer,2.10,mm,individual,,both,adult,,,,,,,,,,,
PreservedSpecimen,Camponotus rothneyi,Relative eye length,,0.17,mm,individual,,both,adult,,,,,,,,,,,
PreservedSpecimen,Camponotus rothneyi,Relative scape length,Ratio calculation of scape length (SL) to Weber's length (WL),0.67,mm,individual,,both,adult,,,,,,,,,,,
PreservedSpecimen,Camponotus rothneyi,Relative mandible length,Measurements taken under a microscope with a calibrated eyepiece micrometer.,0.26,mm,individual,,both,adult,,,,,,,,,,,
PreservedSpecimen,Camponotus rothneyi,Relative hindleg length,,2.19,mm,individual,,both,adult,,,,,,,,,,,
PreservedSpecimen,Camponotus singularis,Weber s length,Microscope with a calibrated eyepiece micrometer,5.00,mm,individual,,both,adult,,,,,,,,,,,
PreservedSpecimen,Camponotus singularis,Relative eye length,,0.13,mm,individual,,both,adult,,,,,,,,,,,
PreservedSpecimen,Camponotus singularis,Relative scape length,Ratio calculation of scape length (SL) to Weber's length (WL),0.90,mm,individual,,both,adult,,,,,,,,,,,
PreservedSpecimen,Camponotus singularis,Relative mandible length,Measurements taken under a microscope with a calibrated eyepiece micrometer.,0.27,mm,individual,,both,adult,,,,,,,,,,,
PreservedSpecimen,Camponotus singularis,Relative hindleg length,,2.11,mm,individual,,both,adult,,,,,,,,,,,
PreservedSpecimen,Camponotus sp. H,Weber s length,Microscope with a calibrated eyepiece micrometer,2.48,mm,individual,,both,adult,,,,,,,,,,,
PreservedSpecimen,Camponotus sp. H,Relative eye length,,0.18,mm,individual,,both,adult,,,,,,,,,,,
PreservedSpecimen,Camponotus sp. H,Relative scape length,Ratio calculation of scape length (SL) to Weber's length (WL),0.77,mm,individual,,both,adult,,,,,,,,,,,
PreservedSpecimen,Camponotus sp. H,Relative mandible length,Measurements taken under a microscope with a calibrated eyepiece micrometer.,0.22,mm,individual,,both,adult,,,,,,,,,,,
PreservedSpecimen,Camponotus sp. H,Relative hindleg length,,1.54,mm,individual,,both,adult,,,,,,,,,,,
PreservedSpecimen,Camponotus sp. K,Weber s length,Microscope with a calibrated eyepiece micrometer,1.70,mm,individual,,both,adult,,,,,,,,,,,
PreservedSpecimen,Camponotus sp. K,Relative eye length,,0.19,mm,individual,,both,adult,,,,,,,,,,,
PreservedSpecimen,Camponotus sp. K,Relative scape length,Ratio calculation of scape length (SL) to Weber's length (WL),0.72,mm,individual,,both,adult,,,,,,,,,,,
PreservedSpecimen,Camponotus sp. K,Relative mandible length,Measurements taken under a microscope with a calibrated eyepiece micrometer.,0.26,mm,individual,,both,adult,,,,,,,,,,,
PreservedSpecimen,Camponotus sp. K,Relative hindleg length,,1.56,mm,individual,,both,adult,,,,,,,,,,,
PreservedSpecimen,Camponotus sp. L,Weber s length,Microscope with a calibrated eyepiece micrometer,1.35,mm,individual,,both,adult,,,,,,,,,,,
PreservedSpecimen,Camponotus sp. L,Relative eye length,,0.19,mm,individual,,both,adult,,,,,,,,,,,
PreservedSpecimen,Camponotus sp. L,Relative scape length,Ratio calculation of scape length (SL) to Weber's length (WL),0.70,mm,individual,,both,adult,,,,,,,,,,,
PreservedSpecimen,Camponotus sp. L,Relative mandible length,Measurements taken under a microscope with a calibrated eyepiece micrometer.,0.26,mm,individual,,both,adult,,,,,,,,,,,
PreservedSpecimen,Camponotus sp. L,Relative hindleg length,,1.41,mm,individual,,both,adult,,,,,,,,,,,
PreservedSpecimen,Camponotus vitreus,Weber s length,Microscope with a calibrated eyepiece micrometer,1.75,mm,individual,,both,adult,,,,,,,,,,,
PreservedSpecimen,Camponotus vitreus,Relative eye length,,0.21,mm,individual,,both,adult,,,,,,,,,,,
PreservedSpecimen,Camponotus vitreus,Relative scape length,Ratio calculation of scape length (SL) to Weber's length (WL),0.77,mm,individual,,both,adult,,,,,,,,,,,
PreservedSpecimen,Camponotus vitreus,Relative mandible length,Measurements taken under a microscope with a calibrated eyepiece micrometer.,0.26,mm,individual,,both,adult,,,,,,,,,,,
PreservedSpecimen,Camponotus vitreus,Relative hindleg length,,1.93,mm,individual,,both,adult,,,,,,,,,,,
PreservedSpecimen,Cardiocondyla wroughtonii,Weber s length,Microscope with a calibrated eyepiece micrometer,0.49,mm,individual,,both,adult,,,,,,,,,,,
PreservedSpecimen,Cardiocondyla wroughtonii,Relative eye length,,0.19,mm,individual,,both,adult,,,,,,,,,,,
PreservedSpecimen,Cardiocondyla wroughtonii,Relative scape length,Ratio calculation of scape length (SL) to Weber's length (WL),0.63,mm,individual,,both,adult,,,,,,,,,,,
PreservedSpecimen,Cardiocondyla wroughtonii,Relative mandible length,Measurements taken under a microscope with a calibrated eyepiece micrometer.,0.37,mm,individual,,both,adult,,,,,,,,,,,
PreservedSpecimen,Cardiocondyla wroughtonii,Relative hindleg length,,1.16,mm,individual,,both,adult,,,,,,,,,,,
PreservedSpecimen,Carebara acutispina,Weber s length,Microscope with a calibrated eyepiece micrometer,0.40,mm,individual,,both,adult,,,,,,,,,,,
PreservedSpecimen,Carebara acutispina,Relative eye length,,0.03,mm,individual,,both,adult,,,,,,,,,,,
PreservedSpecimen,Carebara acutispina,Relative scape length,Ratio calculation of scape length (SL) to Weber's length (WL),0.55,mm,individual,,both,adult,,,,,,,,,,,
PreservedSpecimen,Carebara acutispina,Relative mandible length,Measurements taken under a microscope with a calibrated eyepiece micrometer.,0.50,mm,individual,,both,adult,,,,,,,,,,,
PreservedSpecimen,Carebara acutispina,Relative hindleg length,,1.00,mm,individual,,both,adult,,,,,,,,,,,
PreservedSpecimen,Carebara affinis,Weber s length,Microscope with a calibrated eyepiece micrometer,0.75,mm,individual,,both,adult,,,,,,,,,,,
PreservedSpecimen,Carebara affinis,Relative eye length,,0.07,mm,individual,,both,adult,,,,,,,,,,,
PreservedSpecimen,Carebara affinis,Relative scape length,Ratio calculation of scape length (SL) to Weber's length (WL),0.65,mm,individual,,both,adult,,,,,,,,,,,
PreservedSpecimen,Carebara affinis,Relative mandible length,Measurements taken under a microscope with a calibrated eyepiece micrometer.,0.46,mm,individual,,both,adult,,,,,,,,,,,
PreservedSpecimen,Carebara affinis,Relative hindleg length,,1.54,mm,individual,,both,adult,,,,,,,,,,,
PreservedSpecimen,Carebara affinis,X,,X,,mode,,both,adult,,,,,,,,,,,
PreservedSpecimen,Carebara altinoda,Weber s length,Microscope with a calibrated eyepiece micrometer,0.45,mm,individual,,both,adult,,,,,,,,,,,
PreservedSpecimen,Carebara altinoda,Relative eye length,,0.04,mm,individual,,both,adult,,,,,,,,,,,
PreservedSpecimen,Carebara altinoda,Relative scape length,Ratio calculation of scape length (SL) to Weber's length (WL),0.65,mm,individual,,both,adult,,,,,,,,,,,
PreservedSpecimen,Carebara altinoda,Relative mandible length,Measurements taken under a microscope with a calibrated eyepiece micrometer.,0.46,mm,individual,,both,adult,,,,,,,,,,,
PreservedSpecimen,Carebara altinoda,Relative hindleg length,,1.19,mm,individual,,both,adult,,,,,,,,,,,
PreservedSpecimen,Carebara altinoda,X,,,,mode,,both,adult,,,,,,,,,,,
PreservedSpecimen,Carebara altinoda,X,,X,,mode,,both,adult,,,,,,,,,,,
PreservedSpecimen,Carebara rectidorsa,Weber s length,Microscope with a calibrated eyepiece micrometer,0.34,mm,individual,,both,adult,,,,,,,,,,,
PreservedSpecimen,Carebara rectidorsa,Relative eye length,,0.03,mm,individual,,both,adult,,,,,,,,,,,
PreservedSpecimen,Carebara rectidorsa,Relative scape length,Ratio calculation of scape length (SL) to Weber's length (WL),0.61,mm,individual,,both,adult,,,,,,,,,,,
PreservedSpecimen,Carebara rectidorsa,Relative mandible length,Measurements taken under a microscope with a calibrated eyepiece micrometer.,0.45,mm,individual,,both,adult,,,,,,,,,,,
PreservedSpecimen,Carebara rectidorsa,Relative hindleg length,,1.09,mm,individual,,both,adult,,,,,,,,,,,
PreservedSpecimen,Carebara rectidorsa,X,,X,,mode,,both,adult,,,,,,,,,,,
PreservedSpecimen,Carebara reticapita,Weber s length,Microscope with a calibrated eyepiece micrometer,0.31,mm,individual,,both,adult,,,,,,,,,,,
PreservedSpecimen,Carebara reticapita,Relative eye length,,0.03,mm,individual,,both,adult,,,,,,,,,,,
PreservedSpecimen,Carebara reticapita,Relative scape length,Ratio calculation of scape length (SL) to Weber's length (WL),0.59,mm,individual,,both,adult,,,,,,,,,,,
PreservedSpecimen,Carebara reticapita,Relative mandible length,Measurements taken under a microscope with a calibrated eyepiece micrometer.,0.47,mm,individual,,both,adult,,,,,,,,,,,
PreservedSpecimen,Carebara reticapita,Relative hindleg length,,0.94,mm,individual,,both,adult,,,,,,,,,,,
PreservedSpecimen,Carebara reticapita,X,,X,,mode,,both,adult,,,,,,,,,,,
PreservedSpecimen,Carebara trechiderus,Weber s length,Microscope with a calibrated eyepiece micrometer,0.79,mm,individual,,both,adult,,,,,,,,,,,
PreservedSpecimen,Carebara trechiderus,Relative eye length,,0.07,mm,individual,,both,adult,,,,,,,,,,,
PreservedSpecimen,Carebara trechiderus,Relative scape length,Ratio calculation of scape length (SL) to Weber's length (WL),0.71,mm,individual,,both,adult,,,,,,,,,,,
PreservedSpecimen,Carebara trechiderus,Relative mandible length,Measurements taken under a microscope with a calibrated eyepiece micrometer.,0.50,mm,individual,,both,adult,,,,,,,,,,,
PreservedSpecimen,Carebara trechiderus,Relative hindleg length,,1.61,mm,individual,,both,adult,,,,,,,,,,,
PreservedSpecimen,Carebara trechiderus,X,,X,,mode,,both,adult,,,,,,,,,,,
PreservedSpecimen,Cataulacus granulatus,Weber s length,Microscope with a calibrated eyepiece micrometer,1.37,mm,individual,,both,adult,,,,,,,,,,,
PreservedSpecimen,Cataulacus granulatus,Relative eye length,,0.32,mm,individual,,both,adult,,,,,,,,,,,
PreservedSpecimen,Cataulacus granulatus,Relative scape length,Ratio calculation of scape length (SL) to Weber's length (WL),0.43,mm,individual,,both,adult,,,,,,,,,,,
PreservedSpecimen,Cataulacus granulatus,Relative mandible length,Measurements taken under a microscope with a calibrated eyepiece micrometer.,0.28,mm,individual,,both,adult,,,,,,,,,,,
PreservedSpecimen,Cataulacus granulatus,Relative hindleg length,,1.16,mm,individual,,both,adult,,,,,,,,,,,
PreservedSpecimen,Cataulacus granulatus,X,,X,,mode,,both,adult,,,,,,,,,,,
PreservedSpecimen,Cataulacus granulatus,X,,,,mode,,both,adult,,,,,,,,,,,
PreservedSpecimen,Cerapachys longitarsus,Weber s length,Microscope with a calibrated eyepiece micrometer,1.25,mm,individual,,both,adult,,,,,,,,,,,
PreservedSpecimen,Cerapachys longitarsus,Relative eye length,,0.18,mm,individual,,both,adult,,,,,,,,,,,
PreservedSpecimen,Cerapachys longitarsus,Relative scape length,Ratio calculation of scape length (SL) to Weber's length (WL),0.28,mm,individual,,both,adult,,,,,,,,,,,
PreservedSpecimen,Cerapachys longitarsus,Relative mandible length,Measurements taken under a microscope with a calibrated eyepiece micrometer.,0.30,mm,individual,,both,adult,,,,,,,,,,,
PreservedSpecimen,Cerapachys longitarsus,Relative hindleg length,,1.00,mm,individual,,both,adult,,,,,,,,,,,
PreservedSpecimen,Cerapachys longitarsus,X,,X,,mode,,both,adult,,,,,,,,,,,
PreservedSpecimen,Cerapachys longitarsus,X,,,,mode,,both,adult,,,,,,,,,,,
PreservedSpecimen,Crematogaster dalyi,Weber s length,Microscope with a calibrated eyepiece micrometer,0.99,mm,individual,,both,adult,,,,,,,,,,,
PreservedSpecimen,Crematogaster dalyi,Relative eye length,,0.19,mm,individual,,both,adult,,,,,,,,,,,
PreservedSpecimen,Crematogaster dalyi,Relative scape length,Ratio calculation of scape length (SL) to Weber's length (WL),0.68,mm,individual,,both,adult,,,,,,,,,,,
PreservedSpecimen,Crematogaster dalyi,Relative mandible length,Measurements taken under a microscope with a calibrated eyepiece micrometer.,0.44,mm,individual,,both,adult,,,,,,,,,,,
PreservedSpecimen,Crematogaster dalyi,Relative hindleg length,,1.52,mm,individual,,both,adult,,,,,,,,,,,
PreservedSpecimen,Crematogaster ebenina,Weber s length,Microscope with a calibrated eyepiece micrometer,0.95,mm,individual,,both,adult,,,,,,,,,,,
PreservedSpecimen,Crematogaster ebenina,Relative eye length,,0.20,mm,individual,,both,adult,,,,,,,,,,,
PreservedSpecimen,Crematogaster ebenina,Relative scape length,Ratio calculation of scape length (SL) to Weber's length (WL),0.70,mm,individual,,both,adult,,,,,,,,,,,
PreservedSpecimen,Crematogaster ebenina,Relative mandible length,Measurements taken under a microscope with a calibrated eyepiece micrometer.,0.41,mm,individual,,both,adult,,,,,,,,,,,
PreservedSpecimen,Crematogaster ebenina,Relative hindleg length,,1.58,mm,individual,,both,adult,,,,,,,,,,,
PreservedSpecimen,Crematogaster ferrarii,Weber s length,Microscope with a calibrated eyepiece micrometer,0.82,mm,individual,,both,adult,,,,,,,,,,,
PreservedSpecimen,Crematogaster ferrarii,Relative eye length,,0.18,mm,individual,,both,adult,,,,,,,,,,,
PreservedSpecimen,Crematogaster ferrarii,Relative scape length,Ratio calculation of scape length (SL) to Weber's length (WL),0.64,mm,individual,,both,adult,,,,,,,,,,,
PreservedSpecimen,Crematogaster ferrarii,Relative mandible length,Measurements taken under a microscope with a calibrated eyepiece micrometer.,0.43,mm,individual,,both,adult,,,,,,,,,,,
PreservedSpecimen,Crematogaster ferrarii,Relative hindleg length,,1.45,mm,individual,,both,adult,,,,,,,,,,,
PreservedSpecimen,Crematogaster ferrarii,X,,,,mode,,both,adult,,,,,,,,,,,
PreservedSpecimen,Crematogaster ferrarii,X,,X,,mode,,both,adult,,,,,,,,,,,
PreservedSpecimen,Crematogaster hodgsoni,Weber s length,Microscope with a calibrated eyepiece micrometer,0.94,mm,individual,,both,adult,,,,,,,,,,,
PreservedSpecimen,Crematogaster hodgsoni,Relative eye length,,0.19,mm,individual,,both,adult,,,,,,,,,,,
PreservedSpecimen,Crematogaster hodgsoni,Relative scape length,Ratio calculation of scape length (SL) to Weber's length (WL),0.66,mm,individual,,both,adult,,,,,,,,,,,
PreservedSpecimen,Crematogaster hodgsoni,Relative mandible length,Measurements taken under a microscope with a calibrated eyepiece micrometer.,0.43,mm,individual,,both,adult,,,,,,,,,,,
PreservedSpecimen,Crematogaster hodgsoni,Relative hindleg length,,1.40,mm,individual,,both,adult,,,,,,,,,,,
PreservedSpecimen,Crematogaster macaoensis,Weber s length,Microscope with a calibrated eyepiece micrometer,1.08,mm,individual,,both,adult,,,,,,,,,,,
PreservedSpecimen,Crematogaster macaoensis,Relative eye length,,0.19,mm,individual,,both,adult,,,,,,,,,,,
PreservedSpecimen,Crematogaster macaoensis,Relative scape length,Ratio calculation of scape length (SL) to Weber's length (WL),0.70,mm,individual,,both,adult,,,,,,,,,,,
PreservedSpecimen,Crematogaster macaoensis,Relative mandible length,Measurements taken under a microscope with a calibrated eyepiece micrometer.,0.33,mm,individual,,both,adult,,,,,,,,,,,
PreservedSpecimen,Crematogaster macaoensis,Relative hindleg length,,1.69,mm,individual,,both,adult,,,,,,,,,,,
PreservedSpecimen,Crematogaster macaoensis,X,,,,mode,,both,adult,,,,,,,,,,,
PreservedSpecimen,Crematogaster matsumurai,Weber s length,Microscope with a calibrated eyepiece micrometer,0.78,mm,individual,,both,adult,,,,,,,,,,,
PreservedSpecimen,Crematogaster matsumurai,Relative eye length,,0.18,mm,individual,,both,adult,,,,,,,,,,,
PreservedSpecimen,Crematogaster matsumurai,Relative scape length,Ratio calculation of scape length (SL) to Weber's length (WL),0.62,mm,individual,,both,adult,,,,,,,,,,,
PreservedSpecimen,Crematogaster matsumurai,Relative mandible length,Measurements taken under a microscope with a calibrated eyepiece micrometer.,0.38,mm,individual,,both,adult,,,,,,,,,,,
PreservedSpecimen,Crematogaster matsumurai,Relative hindleg length,,1.28,mm,individual,,both,adult,,,,,,,,,,,
PreservedSpecimen,Crematogaster matsumurai,X,,,,mode,,both,adult,,,,,,,,,,,
PreservedSpecimen,Crematogaster matsumurai,X,,X,,mode,,both,adult,,,,,,,,,,,
PreservedSpecimen,Crematogaster millardi,Weber s length,Microscope with a calibrated eyepiece micrometer,0.66,mm,individual,,both,adult,,,,,,,,,,,
PreservedSpecimen,Crematogaster millardi,Relative eye length,,0.18,mm,individual,,both,adult,,,,,,,,,,,
PreservedSpecimen,Crematogaster millardi,Relative scape length,Ratio calculation of scape length (SL) to Weber's length (WL),0.58,mm,individual,,both,adult,,,,,,,,,,,
PreservedSpecimen,Crematogaster millardi,Relative mandible length,Measurements taken under a microscope with a calibrated eyepiece micrometer.,0.39,mm,individual,,both,adult,,,,,,,,,,,
PreservedSpecimen,Crematogaster millardi,Relative hindleg length,,1.20,mm,individual,,both,adult,,,,,,,,,,,
PreservedSpecimen,Crematogaster millardi,X,,X,,mode,,both,adult,,,,,,,,,,,
PreservedSpecimen,Crematogaster millardi,X,,,,mode,,both,adult,,,,,,,,,,,
PreservedSpecimen,Crematogaster osakensis,Weber s length,Microscope with a calibrated eyepiece micrometer,0.63,mm,individual,,both,adult,,,,,,,,,,,
PreservedSpecimen,Crematogaster osakensis,Relative eye length,,0.20,mm,individual,,both,adult,,,,,,,,,,,
PreservedSpecimen,Crematogaster osakensis,Relative scape length,Ratio calculation of scape length (SL) to Weber's length (WL),0.70,mm,individual,,both,adult,,,,,,,,,,,
PreservedSpecimen,Crematogaster osakensis,Relative mandible length,Measurements taken under a microscope with a calibrated eyepiece micrometer.,0.42,mm,individual,,both,adult,,,,,,,,,,,
PreservedSpecimen,Crematogaster osakensis,Relative hindleg length,,1.42,mm,individual,,both,adult,,,,,,,,,,,
PreservedSpecimen,Crematogaster osakensis,X,,X,,mode,,both,adult,,,,,,,,,,,
PreservedSpecimen,Crematogaster osakensis,X,,,,mode,,both,adult,,,,,,,,,,,
PreservedSpecimen,Crematogaster rogenhoferi,Weber s length,Microscope with a calibrated eyepiece micrometer,0.92,mm,individual,,both,adult,,,,,,,,,,,
PreservedSpecimen,Crematogaster rogenhoferi,Relative eye length,,0.20,mm,individual,,both,adult,,,,,,,,,,,
PreservedSpecimen,Crematogaster rogenhoferi,Relative scape length,Ratio calculation of scape length (SL) to Weber's length (WL),0.71,mm,individual,,both,adult,,,,,,,,,,,
PreservedSpecimen,Crematogaster rogenhoferi,Relative mandible length,Measurements taken under a microscope with a calibrated eyepiece micrometer.,0.39,mm,individual,,both,adult,,,,,,,,,,,
PreservedSpecimen,Crematogaster rogenhoferi,Relative hindleg length,,1.66,mm,individual,,both,adult,,,,,,,,,,,
PreservedSpecimen,Crematogaster rogenhoferi,X,,X,,mode,,both,adult,,,,,,,,,,,
PreservedSpecimen,Crematogaster subnuda,Weber s length,Microscope with a calibrated eyepiece micrometer,1.01,mm,individual,,both,adult,,,,,,,,,,,
PreservedSpecimen,Crematogaster subnuda,Relative eye length,,0.20,mm,individual,,both,adult,,,,,,,,,,,
PreservedSpecimen,Crematogaster subnuda,Relative scape length,Ratio calculation of scape length (SL) to Weber's length (WL),0.76,mm,individual,,both,adult,,,,,,,,,,,
PreservedSpecimen,Crematogaster subnuda,Relative mandible length,Measurements taken under a microscope with a calibrated eyepiece micrometer.,0.36,mm,individual,,both,adult,,,,,,,,,,,
PreservedSpecimen,Crematogaster subnuda,Relative hindleg length,,1.71,mm,individual,,both,adult,,,,,,,,,,,
PreservedSpecimen,Crematogaster wroughtoni,Weber s length,Microscope with a calibrated eyepiece micrometer,1.03,mm,individual,,both,adult,,,,,,,,,,,
PreservedSpecimen,Crematogaster wroughtoni,Relative eye length,,0.20,mm,individual,,both,adult,,,,,,,,,,,
PreservedSpecimen,Crematogaster wroughtoni,Relative scape length,Ratio calculation of scape length (SL) to Weber's length (WL),0.89,mm,individual,,both,adult,,,,,,,,,,,
PreservedSpecimen,Crematogaster wroughtoni,Relative mandible length,Measurements taken under a microscope with a calibrated eyepiece micrometer.,0.41,mm,individual,,both,adult,,,,,,,,,,,
PreservedSpecimen,Crematogaster wroughtoni,Relative hindleg length,,1.83,mm,individual,,both,adult,,,,,,,,,,,
PreservedSpecimen,Crematogaster zoceensi,Weber s length,Microscope with a calibrated eyepiece micrometer,0.80,mm,individual,,both,adult,,,,,,,,,,,
PreservedSpecimen,Crematogaster zoceensi,Relative eye length,,0.21,mm,individual,,both,adult,,,,,,,,,,,
PreservedSpecimen,Crematogaster zoceensi,Relative scape length,Ratio calculation of scape length (SL) to Weber's length (WL),0.78,mm,individual,,both,adult,,,,,,,,,,,
PreservedSpecimen,Crematogaster zoceensi,Relative mandible length,Measurements taken under a microscope with a calibrated eyepiece micrometer.,0.45,mm,individual,,both,adult,,,,,,,,,,,
PreservedSpecimen,Crematogaster zoceensi,Relative hindleg length,,1.62,mm,individual,,both,adult,,,,,,,,,,,
PreservedSpecimen,Crematogaster zoceensi,X,,X,,mode,,both,adult,,,,,,,,,,,
PreservedSpecimen,Crematogaster zoceensi,X,,,,mode,,both,adult,,,,,,,,,,,
PreservedSpecimen,Cryptopone sauteri,Weber s length,Microscope with a calibrated eyepiece micrometer,2.37,mm,individual,,both,adult,,,,,,,,,,,
PreservedSpecimen,Cryptopone sauteri,Relative eye length,,0.06,mm,individual,,both,adult,,,,,,,,,,,
PreservedSpecimen,Cryptopone sauteri,Relative scape length,Ratio calculation of scape length (SL) to Weber's length (WL),0.49,mm,individual,,both,adult,,,,,,,,,,,
PreservedSpecimen,Cryptopone sauteri,Relative mandible length,Measurements taken under a microscope with a calibrated eyepiece micrometer.,0.44,mm,individual,,both,adult,,,,,,,,,,,
PreservedSpecimen,Cryptopone sauteri,Relative hindleg length,,0.98,mm,individual,,both,adult,,,,,,,,,,,
PreservedSpecimen,Diacamma rugosum,Weber s length,Microscope with a calibrated eyepiece micrometer,3.72,mm,individual,,both,adult,,,,,,,,,,,
PreservedSpecimen,Diacamma rugosum,Relative eye length,,0.13,mm,individual,,both,adult,,,,,,,,,,,
PreservedSpecimen,Diacamma rugosum,Relative scape length,Ratio calculation of scape length (SL) to Weber's length (WL),0.74,mm,individual,,both,adult,,,,,,,,,,,
PreservedSpecimen,Diacamma rugosum,Relative mandible length,Measurements taken under a microscope with a calibrated eyepiece micrometer.,0.37,mm,individual,,both,adult,,,,,,,,,,,
PreservedSpecimen,Diacamma rugosum,Relative hindleg length,,1.52,mm,individual,,both,adult,,,,,,,,,,,
PreservedSpecimen,Dilobocondyla gasteroreticulatus,Weber s length,Microscope with a calibrated eyepiece micrometer,1.56,mm,individual,,both,adult,,,,,,,,,,,
PreservedSpecimen,Dilobocondyla gasteroreticulatus,Relative eye length,,0.17,mm,individual,,both,adult,,,,,,,,,,,
PreservedSpecimen,Dilobocondyla gasteroreticulatus,Relative scape length,Ratio calculation of scape length (SL) to Weber's length (WL),0.45,mm,individual,,both,adult,,,,,,,,,,,
PreservedSpecimen,Dilobocondyla gasteroreticulatus,Relative mandible length,Measurements taken under a microscope with a calibrated eyepiece micrometer.,0.35,mm,individual,,both,adult,,,,,,,,,,,
PreservedSpecimen,Dilobocondyla gasteroreticulatus,Relative hindleg length,,1.03,mm,individual,,both,adult,,,,,,,,,,,
PreservedSpecimen,Discothyrea banna,Weber s length,Microscope with a calibrated eyepiece micrometer,0.76,mm,individual,,both,adult,,,,,,,,,,,
PreservedSpecimen,Discothyrea banna,Relative eye length,,0.13,mm,individual,,both,adult,,,,,,,,,,,
PreservedSpecimen,Discothyrea banna,Relative scape length,Ratio calculation of scape length (SL) to Weber's length (WL),0.70,mm,individual,,both,adult,,,,,,,,,,,
PreservedSpecimen,Discothyrea banna,Relative mandible length,Measurements taken under a microscope with a calibrated eyepiece micrometer.,0.39,mm,individual,,both,adult,,,,,,,,,,,
PreservedSpecimen,Discothyrea banna,Relative hindleg length,,1.34,mm,individual,,both,adult,,,,,,,,,,,
PreservedSpecimen,Discothyrea diana,Weber s length,Microscope with a calibrated eyepiece micrometer,0.57,mm,individual,,both,adult,,,,,,,,,,,
PreservedSpecimen,Discothyrea diana,Relative eye length,,0.06,mm,individual,,both,adult,,,,,,,,,,,
PreservedSpecimen,Discothyrea diana,Relative scape length,Ratio calculation of scape length (SL) to Weber's length (WL),0.59,mm,individual,,both,adult,,,,,,,,,,,
PreservedSpecimen,Discothyrea diana,Relative mandible length,Measurements taken under a microscope with a calibrated eyepiece micrometer.,0.35,mm,individual,,both,adult,,,,,,,,,,,
PreservedSpecimen,Discothyrea diana,Relative hindleg length,,1.12,mm,individual,,both,adult,,,,,,,,,,,
PreservedSpecimen,Discothyrea diana,X,,X,,mode,,both,adult,,,,,,,,,,,
PreservedSpecimen,Discothyrea diana,X,,,,mode,,both,adult,,,,,,,,,,,
PreservedSpecimen,Dolichoderus affinis,Weber s length,Microscope with a calibrated eyepiece micrometer,1.27,mm,individual,,both,adult,,,,,,,,,,,
PreservedSpecimen,Dolichoderus affinis,Relative eye length,,0.19,mm,individual,,both,adult,,,,,,,,,,,
PreservedSpecimen,Dolichoderus affinis,Relative scape length,Ratio calculation of scape length (SL) to Weber's length (WL),0.73,mm,individual,,both,adult,,,,,,,,,,,
PreservedSpecimen,Dolichoderus affinis,Relative mandible length,Measurements taken under a microscope with a calibrated eyepiece micrometer.,0.36,mm,individual,,both,adult,,,,,,,,,,,
PreservedSpecimen,Dolichoderus affinis,Relative hindleg length,,1.84,mm,individual,,both,adult,,,,,,,,,,,
PreservedSpecimen,Dolichoderus affinis,X,,,,mode,,both,adult,,,,,,,,,,,
PreservedSpecimen,Dolichoderus affinis,X,,X,,mode,,both,adult,,,,,,,,,,,
PreservedSpecimen,Dolichoderus feae,Weber s length,Microscope with a calibrated eyepiece micrometer,1.97,mm,individual,,both,adult,,,,,,,,,,,
PreservedSpecimen,Dolichoderus feae,Relative eye length,,0.17,mm,individual,,both,adult,,,,,,,,,,,
PreservedSpecimen,Dolichoderus feae,Relative scape length,Ratio calculation of scape length (SL) to Weber's length (WL),0.72,mm,individual,,both,adult,,,,,,,,,,,
PreservedSpecimen,Dolichoderus feae,Relative mandible length,Measurements taken under a microscope with a calibrated eyepiece micrometer.,0.33,mm,individual,,both,adult,,,,,,,,,,,
PreservedSpecimen,Dolichoderus feae,Relative hindleg length,,2.07,mm,individual,,both,adult,,,,,,,,,,,
PreservedSpecimen,Dolichoderus incisus,Weber s length,Microscope with a calibrated eyepiece micrometer,1.26,mm,individual,,both,adult,,,,,,,,,,,
PreservedSpecimen,Dolichoderus incisus,Relative eye length,,0.18,mm,individual,,both,adult,,,,,,,,,,,
PreservedSpecimen,Dolichoderus incisus,Relative scape length,Ratio calculation of scape length (SL) to Weber's length (WL),0.72,mm,individual,,both,adult,,,,,,,,,,,
PreservedSpecimen,Dolichoderus incisus,Relative mandible length,Measurements taken under a microscope with a calibrated eyepiece micrometer.,0.35,mm,individual,,both,adult,,,,,,,,,,,
PreservedSpecimen,Dolichoderus incisus,Relative hindleg length,,1.87,mm,individual,,both,adult,,,,,,,,,,,
PreservedSpecimen,Dolichoderus incisus,X,,,,mode,,both,adult,,,,,,,,,,,
PreservedSpecimen,Dolichoderus moggridgei,Weber s length,Microscope with a calibrated eyepiece micrometer,0.90,mm,individual,,both,adult,,,,,,,,,,,
PreservedSpecimen,Dolichoderus moggridgei,Relative eye length,,0.23,mm,individual,,both,adult,,,,,,,,,,,
PreservedSpecimen,Dolichoderus moggridgei,Relative scape length,Ratio calculation of scape length (SL) to Weber's length (WL),0.73,mm,individual,,both,adult,,,,,,,,,,,
PreservedSpecimen,Dolichoderus moggridgei,Relative mandible length,Measurements taken under a microscope with a calibrated eyepiece micrometer.,0.38,mm,individual,,both,adult,,,,,,,,,,,
PreservedSpecimen,Dolichoderus moggridgei,Relative hindleg length,,1.73,mm,individual,,both,adult,,,,,,,,,,,
PreservedSpecimen,Dolichoderus moggridgei,X,,X,,mode,,both,adult,,,,,,,,,,,
PreservedSpecimen,Dolichoderus moggridgei,X,,,,mode,,both,adult,,,,,,,,,,,
PreservedSpecimen,Dolichoderus squamanodus,Weber s length,Microscope with a calibrated eyepiece micrometer,1.10,mm,individual,,both,adult,,,,,,,,,,,
PreservedSpecimen,Dolichoderus squamanodus,Relative eye length,,0.20,mm,individual,,both,adult,,,,,,,,,,,
PreservedSpecimen,Dolichoderus squamanodus,Relative scape length,Ratio calculation of scape length (SL) to Weber's length (WL),0.64,mm,individual,,both,adult,,,,,,,,,,,
PreservedSpecimen,Dolichoderus squamanodus,Relative mandible length,Measurements taken under a microscope with a calibrated eyepiece micrometer.,0.39,mm,individual,,both,adult,,,,,,,,,,,
PreservedSpecimen,Dolichoderus squamanodus,Relative hindleg length,,1.44,mm,individual,,both,adult,,,,,,,,,,,
PreservedSpecimen,Dolichoderus taprobanae,Weber s length,Microscope with a calibrated eyepiece micrometer,0.83,mm,individual,,both,adult,,,,,,,,,,,
PreservedSpecimen,Dolichoderus taprobanae,Relative eye length,,0.23,mm,individual,,both,adult,,,,,,,,,,,
PreservedSpecimen,Dolichoderus taprobanae,Relative scape length,Ratio calculation of scape length (SL) to Weber's length (WL),0.74,mm,individual,,both,adult,,,,,,,,,,,
PreservedSpecimen,Dolichoderus taprobanae,Relative mandible length,Measurements taken under a microscope with a calibrated eyepiece micrometer.,0.40,mm,individual,,both,adult,,,,,,,,,,,
PreservedSpecimen,Dolichoderus taprobanae,Relative hindleg length,,1.69,mm,individual,,both,adult,,,,,,,,,,,
PreservedSpecimen,Dolichoderus thoracius,Weber s length,Microscope with a calibrated eyepiece micrometer,1.19,mm,individual,,both,adult,,,,,,,,,,,
PreservedSpecimen,Dolichoderus thoracius,Relative eye length,,0.19,mm,individual,,both,adult,,,,,,,,,,,
PreservedSpecimen,Dolichoderus thoracius,Relative scape length,Ratio calculation of scape length (SL) to Weber's length (WL),0.67,mm,individual,,both,adult,,,,,,,,,,,
PreservedSpecimen,Dolichoderus thoracius,Relative mandible length,Measurements taken under a microscope with a calibrated eyepiece micrometer.,0.37,mm,individual,,both,adult,,,,,,,,,,,
PreservedSpecimen,Dolichoderus thoracius,Relative hindleg length,,1.69,mm,individual,,both,adult,,,,,,,,,,,
PreservedSpecimen,Echinopla cherapunjiensis,Weber s length,Microscope with a calibrated eyepiece micrometer,2.01,mm,individual,,both,adult,,,,,,,,,,,
PreservedSpecimen,Echinopla cherapunjiensis,Relative eye length,,0.17,mm,individual,,both,adult,,,,,,,,,,,
PreservedSpecimen,Echinopla cherapunjiensis,Relative scape length,Ratio calculation of scape length (SL) to Weber's length (WL),0.73,mm,individual,,both,adult,,,,,,,,,,,
PreservedSpecimen,Echinopla cherapunjiensis,Relative mandible length,Measurements taken under a microscope with a calibrated eyepiece micrometer.,0.30,mm,individual,,both,adult,,,,,,,,,,,
PreservedSpecimen,Echinopla cherapunjiensis,Relative hindleg length,,1.48,mm,individual,,both,adult,,,,,,,,,,,
PreservedSpecimen,Echinopla cherapunjiensis,X,,,,mode,,both,adult,,,,,,,,,,,
PreservedSpecimen,Echinopla cherapunjiensis,X,,X,,mode,,both,adult,,,,,,,,,,,
PreservedSpecimen,Ectomomyrmex annamita,Weber s length,Microscope with a calibrated eyepiece micrometer,2.10,mm,individual,,both,adult,,,,,,,,,,,
PreservedSpecimen,Ectomomyrmex annamita,Relative eye length,,0.07,mm,individual,,both,adult,,,,,,,,,,,
PreservedSpecimen,Ectomomyrmex annamita,Relative scape length,Ratio calculation of scape length (SL) to Weber's length (WL),0.52,mm,individual,,both,adult,,,,,,,,,,,
PreservedSpecimen,Ectomomyrmex annamita,Relative mandible length,Measurements taken under a microscope with a calibrated eyepiece micrometer.,0.38,mm,individual,,both,adult,,,,,,,,,,,
PreservedSpecimen,Ectomomyrmex annamita,Relative hindleg length,,0.98,mm,individual,,both,adult,,,,,,,,,,,
PreservedSpecimen,Ectomomyrmex leeuwenhoeki,Weber s length,Microscope with a calibrated eyepiece micrometer,2.58,mm,individual,,both,adult,,,,,,,,,,,
PreservedSpecimen,Ectomomyrmex leeuwenhoeki,Relative eye length,,0.09,mm,individual,,both,adult,,,,,,,,,,,
PreservedSpecimen,Ectomomyrmex leeuwenhoeki,Relative scape length,Ratio calculation of scape length (SL) to Weber's length (WL),0.55,mm,individual,,both,adult,,,,,,,,,,,
PreservedSpecimen,Ectomomyrmex leeuwenhoeki,Relative mandible length,Measurements taken under a microscope with a calibrated eyepiece micrometer.,0.40,mm,individual,,both,adult,,,,,,,,,,,
PreservedSpecimen,Ectomomyrmex leeuwenhoeki,Relative hindleg length,,1.10,mm,individual,,both,adult,,,,,,,,,,,
PreservedSpecimen,Ectomomyrmex zhengi,Weber s length,Microscope with a calibrated eyepiece micrometer,4.24,mm,individual,,both,adult,,,,,,,,,,,
PreservedSpecimen,Ectomomyrmex zhengi,Relative eye length,,0.09,mm,individual,,both,adult,,,,,,,,,,,
PreservedSpecimen,Ectomomyrmex zhengi,Relative scape length,Ratio calculation of scape length (SL) to Weber's length (WL),0.59,mm,individual,,both,adult,,,,,,,,,,,
PreservedSpecimen,Ectomomyrmex zhengi,Relative mandible length,Measurements taken under a microscope with a calibrated eyepiece micrometer.,0.41,mm,individual,,both,adult,,,,,,,,,,,
PreservedSpecimen,Ectomomyrmex zhengi,Relative hindleg length,,1.26,mm,individual,,both,adult,,,,,,,,,,,
PreservedSpecimen,Ectomomyrmex zhengi,X,,X,,mode,,both,adult,,,,,,,,,,,
PreservedSpecimen,Ectomomyrmex zhengi,X,,,,mode,,both,adult,,,,,,,,,,,
PreservedSpecimen,Emeryopone melaina,Weber s length,Microscope with a calibrated eyepiece micrometer,1.56,mm,individual,,both,adult,,,,,,,,,,,
PreservedSpecimen,Emeryopone melaina,Relative eye length,,0.05,mm,individual,,both,adult,,,,,,,,,,,
PreservedSpecimen,Emeryopone melaina,Relative scape length,Ratio calculation of scape length (SL) to Weber's length (WL),0.63,mm,individual,,both,adult,,,,,,,,,,,
PreservedSpecimen,Emeryopone melaina,Relative mandible length,Measurements taken under a microscope with a calibrated eyepiece micrometer.,0.51,mm,individual,,both,adult,,,,,,,,,,,
PreservedSpecimen,Emeryopone melaina,Relative hindleg length,,1.00,mm,individual,,both,adult,,,,,,,,,,,
PreservedSpecimen,Emeryopone melaina,X,,X,,mode,,both,adult,,,,,,,,,,,
PreservedSpecimen,Emeryopone melaina,X,,,,mode,,both,adult,,,,,,,,,,,
PreservedSpecimen,Euponera pilosior,Weber s length,Microscope with a calibrated eyepiece micrometer,1.56,mm,individual,,both,adult,,,,,,,,,,,
PreservedSpecimen,Euponera pilosior,Relative eye length,,0.03,mm,individual,,both,adult,,,,,,,,,,,
PreservedSpecimen,Euponera pilosior,Relative scape length,Ratio calculation of scape length (SL) to Weber's length (WL),0.45,mm,individual,,both,adult,,,,,,,,,,,
PreservedSpecimen,Euponera pilosior,Relative mandible length,Measurements taken under a microscope with a calibrated eyepiece micrometer.,0.39,mm,individual,,both,adult,,,,,,,,,,,
PreservedSpecimen,Euponera pilosior,Relative hindleg length,,1.03,mm,individual,,both,adult,,,,,,,,,,,
PreservedSpecimen,Euponera pilosior,X,,,,mode,,both,adult,,,,,,,,,,,
PreservedSpecimen,Euponera pilosior,X,,X,,mode,,both,adult,,,,,,,,,,,
PreservedSpecimen,Gauromyrmex cf. acanthinus,Weber s length,Microscope with a calibrated eyepiece micrometer,0.65,mm,individual,,both,adult,,,,,,,,,,,
PreservedSpecimen,Gauromyrmex cf. acanthinus,Relative eye length,,0.17,mm,individual,,both,adult,,,,,,,,,,,
PreservedSpecimen,Gauromyrmex cf. acanthinus,Relative scape length,Ratio calculation of scape length (SL) to Weber's length (WL),0.52,mm,individual,,both,adult,,,,,,,,,,,
PreservedSpecimen,Gauromyrmex cf. acanthinus,Relative mandible length,Measurements taken under a microscope with a calibrated eyepiece micrometer.,0.29,mm,individual,,both,adult,,,,,,,,,,,
PreservedSpecimen,Gauromyrmex cf. acanthinus,Relative hindleg length,,1.07,mm,individual,,both,adult,,,,,,,,,,,
PreservedSpecimen,Gauromyrmex cf. acanthinus,X,,,,mode,,both,adult,,,,,,,,,,,
PreservedSpecimen,Gauromyrmex cf. acanthinus,X,,X,,mode,,both,adult,,,,,,,,,,,
PreservedSpecimen,Gnamptogenys bicolor,Weber s length,Microscope with a calibrated eyepiece micrometer,1.66,mm,individual,,both,adult,,,,,,,,,,,
PreservedSpecimen,Gnamptogenys bicolor,Relative eye length,,0.12,mm,individual,,both,adult,,,,,,,,,,,
PreservedSpecimen,Gnamptogenys bicolor,Relative scape length,Ratio calculation of scape length (SL) to Weber's length (WL),0.58,mm,individual,,both,adult,,,,,,,,,,,
PreservedSpecimen,Gnamptogenys bicolor,Relative mandible length,Measurements taken under a microscope with a calibrated eyepiece micrometer.,0.36,mm,individual,,both,adult,,,,,,,,,,,
PreservedSpecimen,Gnamptogenys bicolor,Relative hindleg length,,1.20,mm,individual,,both,adult,,,,,,,,,,,
PreservedSpecimen,Gnamptogenys bicolor,X,,,,mode,,both,adult,,,,,,,,,,,
PreservedSpecimen,Gnamptogenys bicolor,X,,X,,mode,,both,adult,,,,,,,,,,,
PreservedSpecimen,Hypoponera cf. sauteri,Weber s length,Microscope with a calibrated eyepiece micrometer,0.56,mm,individual,,both,adult,,,,,,,,,,,
PreservedSpecimen,Hypoponera cf. sauteri,Relative eye length,,0.04,mm,individual,,both,adult,,,,,,,,,,,
PreservedSpecimen,Hypoponera cf. sauteri,Relative scape length,Ratio calculation of scape length (SL) to Weber's length (WL),0.48,mm,individual,,both,adult,,,,,,,,,,,
PreservedSpecimen,Hypoponera cf. sauteri,Relative mandible length,Measurements taken under a microscope with a calibrated eyepiece micrometer.,0.34,mm,individual,,both,adult,,,,,,,,,,,
PreservedSpecimen,Hypoponera cf. sauteri,Relative hindleg length,,0.91,mm,individual,,both,adult,,,,,,,,,,,
PreservedSpecimen,Hypoponera cf. sauteri,X,,X,,mode,,both,adult,,,,,,,,,,,
PreservedSpecimen,Hypoponera cf. sauteri,X,,,,mode,,both,adult,,,,,,,,,,,
PreservedSpecimen,Hypoponera confinis,Weber s length,Microscope with a calibrated eyepiece micrometer,1.05,mm,individual,,both,adult,,,,,,,,,,,
PreservedSpecimen,Hypoponera confinis,Relative eye length,,0.04,mm,individual,,both,adult,,,,,,,,,,,
PreservedSpecimen,Hypoponera confinis,Relative scape length,Ratio calculation of scape length (SL) to Weber's length (WL),0.59,mm,individual,,both,adult,,,,,,,,,,,
PreservedSpecimen,Hypoponera confinis,Relative mandible length,Measurements taken under a microscope with a calibrated eyepiece micrometer.,0.38,mm,individual,,both,adult,,,,,,,,,,,
PreservedSpecimen,Hypoponera confinis,Relative hindleg length,,1.17,mm,individual,,both,adult,,,,,,,,,,,
PreservedSpecimen,Hypoponera confinis,X,,,,mode,,both,adult,,,,,,,,,,,
PreservedSpecimen,Hypoponera confinis,X,,X,,mode,,both,adult,,,,,,,,,,,
PreservedSpecimen,Hypoponera sauteri,Weber s length,Microscope with a calibrated eyepiece micrometer,0.72,mm,individual,,both,adult,,,,,,,,,,,
PreservedSpecimen,Hypoponera sauteri,Relative eye length,,0.04,mm,individual,,both,adult,,,,,,,,,,,
PreservedSpecimen,Hypoponera sauteri,Relative scape length,Ratio calculation of scape length (SL) to Weber's length (WL),0.56,mm,individual,,both,adult,,,,,,,,,,,
PreservedSpecimen,Hypoponera sauteri,Relative mandible length,Measurements taken under a microscope with a calibrated eyepiece micrometer.,0.35,mm,individual,,both,adult,,,,,,,,,,,
PreservedSpecimen,Hypoponera sauteri,Relative hindleg length,,1.06,mm,individual,,both,adult,,,,,,,,,,,
PreservedSpecimen,Hypoponera sauteri,X,,X,,mode,,both,adult,,,,,,,,,,,
PreservedSpecimen,Kartidris sparsipila,Weber s length,Microscope with a calibrated eyepiece micrometer,1.20,mm,individual,,both,adult,,,,,,,,,,,
PreservedSpecimen,Kartidris sparsipila,Relative eye length,,0.17,mm,individual,,both,adult,,,,,,,,,,,
PreservedSpecimen,Kartidris sparsipila,Relative scape length,Ratio calculation of scape length (SL) to Weber's length (WL),0.69,mm,individual,,both,adult,,,,,,,,,,,
PreservedSpecimen,Kartidris sparsipila,Relative mandible length,Measurements taken under a microscope with a calibrated eyepiece micrometer.,0.42,mm,individual,,both,adult,,,,,,,,,,,
PreservedSpecimen,Kartidris sparsipila,Relative hindleg length,,1.64,mm,individual,,both,adult,,,,,,,,,,,
PreservedSpecimen,Kartidris sparsipila,X,,,,mode,,both,adult,,,,,,,,,,,
PreservedSpecimen,Kartidris sparsipila,X,,X,,mode,,both,adult,,,,,,,,,,,
PreservedSpecimen,Leptogenys birmana,Weber s length,Microscope with a calibrated eyepiece micrometer,2.68,mm,individual,,both,adult,,,,,,,,,,,
PreservedSpecimen,Leptogenys birmana,Relative eye length,,0.10,mm,individual,,both,adult,,,,,,,,,,,
PreservedSpecimen,Leptogenys birmana,Relative scape length,Ratio calculation of scape length (SL) to Weber's length (WL),0.53,mm,individual,,both,adult,,,,,,,,,,,
PreservedSpecimen,Leptogenys birmana,Relative mandible length,Measurements taken under a microscope with a calibrated eyepiece micrometer.,0.41,mm,individual,,both,adult,,,,,,,,,,,
PreservedSpecimen,Leptogenys birmana,Relative hindleg length,,1.25,mm,individual,,both,adult,,,,,,,,,,,
PreservedSpecimen,Leptogenys birmana,X,,X,,mode,,both,adult,,,,,,,,,,,
PreservedSpecimen,Leptogenys birmana,X,,,,mode,,both,adult,,,,,,,,,,,
PreservedSpecimen,Leptogenys kitteli,Weber s length,Microscope with a calibrated eyepiece micrometer,2.93,mm,individual,,both,adult,,,,,,,,,,,
PreservedSpecimen,Leptogenys kitteli,Relative eye length,,0.12,mm,individual,,both,adult,,,,,,,,,,,
PreservedSpecimen,Leptogenys kitteli,Relative scape length,Ratio calculation of scape length (SL) to Weber's length (WL),0.67,mm,individual,,both,adult,,,,,,,,,,,
PreservedSpecimen,Leptogenys kitteli,Relative mandible length,Measurements taken under a microscope with a calibrated eyepiece micrometer.,0.32,mm,individual,,both,adult,,,,,,,,,,,
PreservedSpecimen,Leptogenys kitteli,Relative hindleg length,,1.45,mm,individual,,both,adult,,,,,,,,,,,
PreservedSpecimen,Leptogenys kitteli,X,,,,mode,,both,adult,,,,,,,,,,,
PreservedSpecimen,Leptogenys kitteli,X,,X,,mode,,both,adult,,,,,,,,,,,
PreservedSpecimen,Leptogenys kraepelini,Weber s length,Microscope with a calibrated eyepiece micrometer,3.13,mm,individual,,both,adult,,,,,,,,,,,
PreservedSpecimen,Leptogenys kraepelini,Relative eye length,,0.13,mm,individual,,both,adult,,,,,,,,,,,
PreservedSpecimen,Leptogenys kraepelini,Relative scape length,Ratio calculation of scape length (SL) to Weber's length (WL),0.64,mm,individual,,both,adult,,,,,,,,,,,
PreservedSpecimen,Leptogenys kraepelini,Relative mandible length,Measurements taken under a microscope with a calibrated eyepiece micrometer.,0.28,mm,individual,,both,adult,,,,,,,,,,,
PreservedSpecimen,Leptogenys kraepelini,Relative hindleg length,,1.48,mm,individual,,both,adult,,,,,,,,,,,
PreservedSpecimen,Leptogenys kraepelini,X,,X,,mode,,both,adult,,,,,,,,,,,
PreservedSpecimen,Leptogenys kraepelini,X,,,,mode,,both,adult,,,,,,,,,,,
PreservedSpecimen,Leptogenys pangui,Weber s length,Microscope with a calibrated eyepiece micrometer,4.70,mm,individual,,both,adult,,,,,,,,,,,
PreservedSpecimen,Leptogenys pangui,Relative eye length,,0.15,mm,individual,,both,adult,,,,,,,,,,,
PreservedSpecimen,Leptogenys pangui,Relative scape length,Ratio calculation of scape length (SL) to Weber's length (WL),0.74,mm,individual,,both,adult,,,,,,,,,,,
PreservedSpecimen,Leptogenys pangui,Relative mandible length,Measurements taken under a microscope with a calibrated eyepiece micrometer.,0.24,mm,individual,,both,adult,,,,,,,,,,,
PreservedSpecimen,Leptogenys pangui,Relative hindleg length,,1.68,mm,individual,,both,adult,,,,,,,,,,,
PreservedSpecimen,Leptogenys processionalis,Weber s length,Microscope with a calibrated eyepiece micrometer,1.90,mm,individual,,both,adult,,,,,,,,,,,
PreservedSpecimen,Leptogenys processionalis,Relative eye length,,0.09,mm,individual,,both,adult,,,,,,,,,,,
PreservedSpecimen,Leptogenys processionalis,Relative scape length,Ratio calculation of scape length (SL) to Weber's length (WL),0.53,mm,individual,,both,adult,,,,,,,,,,,
PreservedSpecimen,Leptogenys processionalis,Relative mandible length,Measurements taken under a microscope with a calibrated eyepiece micrometer.,0.37,mm,individual,,both,adult,,,,,,,,,,,
PreservedSpecimen,Leptogenys processionalis,Relative hindleg length,,1.16,mm,individual,,both,adult,,,,,,,,,,,
PreservedSpecimen,Leptogenys processionalis,X,,,,mode,,both,adult,,,,,,,,,,,
PreservedSpecimen,Leptogenys processionalis,X,,X,,mode,,both,adult,,,,,,,,,,,
PreservedSpecimen,Liometopum sinense,Weber s length,Microscope with a calibrated eyepiece micrometer,1.37,mm,individual,,both,adult,,,,,,,,,,,
PreservedSpecimen,Liometopum sinense,Relative eye length,,0.17,mm,individual,,both,adult,,,,,,,,,,,
PreservedSpecimen,Liometopum sinense,Relative scape length,Ratio calculation of scape length (SL) to Weber's length (WL),0.69,mm,individual,,both,adult,,,,,,,,,,,
PreservedSpecimen,Liometopum sinense,Relative mandible length,Measurements taken under a microscope with a calibrated eyepiece micrometer.,0.35,mm,individual,,both,adult,,,,,,,,,,,
PreservedSpecimen,Liometopum sinense,Relative hindleg length,,1.66,mm,individual,,both,adult,,,,,,,,,,,
PreservedSpecimen,Liometopum sinense,X,,,,mode,,both,adult,,,,,,,,,,,
PreservedSpecimen,Lophomyrmex quadrispinosus,Weber s length,Microscope with a calibrated eyepiece micrometer,0.90,mm,individual,,both,adult,,,,,,,,,,,
PreservedSpecimen,Lophomyrmex quadrispinosus,Relative eye length,,0.16,mm,individual,,both,adult,,,,,,,,,,,
PreservedSpecimen,Lophomyrmex quadrispinosus,Relative scape length,Ratio calculation of scape length (SL) to Weber's length (WL),0.74,mm,individual,,both,adult,,,,,,,,,,,
PreservedSpecimen,Lophomyrmex quadrispinosus,Relative mandible length,Measurements taken under a microscope with a calibrated eyepiece micrometer.,0.44,mm,individual,,both,adult,,,,,,,,,,,
PreservedSpecimen,Lophomyrmex quadrispinosus,Relative hindleg length,,1.59,mm,individual,,both,adult,,,,,,,,,,,
PreservedSpecimen,Meranoplus laeviventris,Weber s length,Microscope with a calibrated eyepiece micrometer,1.10,mm,individual,,both,adult,,,,,,,,,,,
PreservedSpecimen,Meranoplus laeviventris,Relative eye length,,0.18,mm,individual,,both,adult,,,,,,,,,,,
PreservedSpecimen,Meranoplus laeviventris,Relative scape length,Ratio calculation of scape length (SL) to Weber's length (WL),0.69,mm,individual,,both,adult,,,,,,,,,,,
PreservedSpecimen,Meranoplus laeviventris,Relative mandible length,Measurements taken under a microscope with a calibrated eyepiece micrometer.,0.43,mm,individual,,both,adult,,,,,,,,,,,
PreservedSpecimen,Meranoplus laeviventris,Relative hindleg length,,1.53,mm,individual,,both,adult,,,,,,,,,,,
PreservedSpecimen,Meranoplus laeviventris,X,,X,,mode,,both,adult,,,,,,,,,,,
PreservedSpecimen,Meranoplus laeviventris,X,,,,mode,,both,adult,,,,,,,,,,,
PreservedSpecimen,Mesoponera melanaria,Weber s length,Microscope with a calibrated eyepiece micrometer,2.70,mm,individual,,both,adult,,,,,,,,,,,
PreservedSpecimen,Mesoponera melanaria,Relative eye length,,0.07,mm,individual,,both,adult,,,,,,,,,,,
PreservedSpecimen,Mesoponera melanaria,Relative scape length,Ratio calculation of scape length (SL) to Weber's length (WL),0.60,mm,individual,,both,adult,,,,,,,,,,,
PreservedSpecimen,Mesoponera melanaria,Relative mandible length,Measurements taken under a microscope with a calibrated eyepiece micrometer.,0.44,mm,individual,,both,adult,,,,,,,,,,,
PreservedSpecimen,Mesoponera melanaria,Relative hindleg length,,1.34,mm,individual,,both,adult,,,,,,,,,,,
PreservedSpecimen,Mesoponera melanaria,X,,X,,mode,,both,adult,,,,,,,,,,,
PreservedSpecimen,Mesoponera melanaria,X,,,,mode,,both,adult,,,,,,,,,,,
PreservedSpecimen,Monomorium destructor,Weber s length,Microscope with a calibrated eyepiece micrometer,0.56,mm,individual,,both,adult,,,,,,,,,,,
PreservedSpecimen,Monomorium destructor,Relative eye length,,0.05,mm,individual,,both,adult,,,,,,,,,,,
PreservedSpecimen,Monomorium destructor,Relative scape length,Ratio calculation of scape length (SL) to Weber's length (WL),0.65,mm,individual,,both,adult,,,,,,,,,,,
PreservedSpecimen,Monomorium destructor,Relative mandible length,Measurements taken under a microscope with a calibrated eyepiece micrometer.,0.40,mm,individual,,both,adult,,,,,,,,,,,
PreservedSpecimen,Monomorium destructor,Relative hindleg length,,1.30,mm,individual,,both,adult,,,,,,,,,,,
PreservedSpecimen,Monomorium destructor,X,,,,mode,,both,adult,,,,,,,,,,,
PreservedSpecimen,Monomorium destructor,X,,X,,mode,,both,adult,,,,,,,,,,,
PreservedSpecimen,Monomorium latinode,Weber s length,Microscope with a calibrated eyepiece micrometer,0.64,mm,individual,,both,adult,,,,,,,,,,,
PreservedSpecimen,Monomorium latinode,Relative eye length,,0.15,mm,individual,,both,adult,,,,,,,,,,,
PreservedSpecimen,Monomorium latinode,Relative scape length,Ratio calculation of scape length (SL) to Weber's length (WL),0.74,mm,individual,,both,adult,,,,,,,,,,,
PreservedSpecimen,Monomorium latinode,Relative mandible length,Measurements taken under a microscope with a calibrated eyepiece micrometer.,0.45,mm,individual,,both,adult,,,,,,,,,,,
PreservedSpecimen,Monomorium latinode,Relative hindleg length,,1.44,mm,individual,,both,adult,,,,,,,,,,,
PreservedSpecimen,Monomorium latinode,X,,X,,mode,,both,adult,,,,,,,,,,,
PreservedSpecimen,Monomorium orientale,Weber s length,Microscope with a calibrated eyepiece micrometer,0.45,mm,individual,,both,adult,,,,,,,,,,,
PreservedSpecimen,Monomorium orientale,Relative eye length,,0.13,mm,individual,,both,adult,,,,,,,,,,,
PreservedSpecimen,Monomorium orientale,Relative scape length,Ratio calculation of scape length (SL) to Weber's length (WL),0.65,mm,individual,,both,adult,,,,,,,,,,,
PreservedSpecimen,Monomorium orientale,Relative mandible length,Measurements taken under a microscope with a calibrated eyepiece micrometer.,0.38,mm,individual,,both,adult,,,,,,,,,,,
PreservedSpecimen,Monomorium orientale,Relative hindleg length,,1.09,mm,individual,,both,adult,,,,,,,,,,,
PreservedSpecimen,Monomorium orientale,X,,X,,mode,,both,adult,,,,,,,,,,,
PreservedSpecimen,Monomorium orientale,X,,,,mode,,both,adult,,,,,,,,,,,
PreservedSpecimen,Myopias conicara,Weber s length,Microscope with a calibrated eyepiece micrometer,2.93,mm,individual,,both,adult,,,,,,,,,,,
PreservedSpecimen,Myopias conicara,Relative eye length,,0.11,mm,individual,,both,adult,,,,,,,,,,,
PreservedSpecimen,Myopias conicara,Relative scape length,Ratio calculation of scape length (SL) to Weber's length (WL),0.49,mm,individual,,both,adult,,,,,,,,,,,
PreservedSpecimen,Myopias conicara,Relative mandible length,Measurements taken under a microscope with a calibrated eyepiece micrometer.,0.47,mm,individual,,both,adult,,,,,,,,,,,
PreservedSpecimen,Myopias conicara,Relative hindleg length,,1.02,mm,individual,,both,adult,,,,,,,,,,,
PreservedSpecimen,Myopias conicara,X,,X,,mode,,both,adult,,,,,,,,,,,
PreservedSpecimen,Myopias conicara,X,,,,mode,,both,adult,,,,,,,,,,,
PreservedSpecimen,Myrmecina curvispina,Weber s length,Microscope with a calibrated eyepiece micrometer,1.00,mm,individual,,both,adult,,,,,,,,,,,
PreservedSpecimen,Myrmecina curvispina,Relative eye length,,0.12,mm,individual,,both,adult,,,,,,,,,,,
PreservedSpecimen,Myrmecina curvispina,Relative scape length,Ratio calculation of scape length (SL) to Weber's length (WL),0.72,mm,individual,,both,adult,,,,,,,,,,,
PreservedSpecimen,Myrmecina curvispina,Relative mandible length,Measurements taken under a microscope with a calibrated eyepiece micrometer.,0.44,mm,individual,,both,adult,,,,,,,,,,,
PreservedSpecimen,Myrmecina curvispina,Relative hindleg length,,1.24,mm,individual,,both,adult,,,,,,,,,,,
PreservedSpecimen,Myrmecina sinensis,Weber s length,Microscope with a calibrated eyepiece micrometer,0.68,mm,individual,,both,adult,,,,,,,,,,,
PreservedSpecimen,Myrmecina sinensis,Relative eye length,,0.06,mm,individual,,both,adult,,,,,,,,,,,
PreservedSpecimen,Myrmecina sinensis,Relative scape length,Ratio calculation of scape length (SL) to Weber's length (WL),0.74,mm,individual,,both,adult,,,,,,,,,,,
PreservedSpecimen,Myrmecina sinensis,Relative mandible length,Measurements taken under a microscope with a calibrated eyepiece micrometer.,0.50,mm,individual,,both,adult,,,,,,,,,,,
PreservedSpecimen,Myrmecina sinensis,Relative hindleg length,,1.03,mm,individual,,both,adult,,,,,,,,,,,
PreservedSpecimen,Mystrium oculatum,Weber s length,Microscope with a calibrated eyepiece micrometer,1.36,mm,individual,,both,adult,,,,,,,,,,,
PreservedSpecimen,Mystrium oculatum,Relative eye length,,0.03,mm,individual,,both,adult,,,,,,,,,,,
PreservedSpecimen,Mystrium oculatum,Relative scape length,Ratio calculation of scape length (SL) to Weber's length (WL),0.59,mm,individual,,both,adult,,,,,,,,,,,
PreservedSpecimen,Mystrium oculatum,Relative mandible length,Measurements taken under a microscope with a calibrated eyepiece micrometer.,0.88,mm,individual,,both,adult,,,,,,,,,,,
PreservedSpecimen,Mystrium oculatum,Relative hindleg length,,1.17,mm,individual,,both,adult,,,,,,,,,,,
PreservedSpecimen,Mystrium oculatum,X,,X,,mode,,both,adult,,,,,,,,,,,
PreservedSpecimen,Mystrium oculatum,X,,,,mode,,both,adult,,,,,,,,,,,
PreservedSpecimen,Nylanderia birmana,Weber s length,Microscope with a calibrated eyepiece micrometer,1.20,mm,individual,,both,adult,,,,,,,,,,,
PreservedSpecimen,Nylanderia birmana,Relative eye length,,0.17,mm,individual,,both,adult,,,,,,,,,,,
PreservedSpecimen,Nylanderia birmana,Relative scape length,Ratio calculation of scape length (SL) to Weber's length (WL),0.90,mm,individual,,both,adult,,,,,,,,,,,
PreservedSpecimen,Nylanderia birmana,Relative mandible length,Measurements taken under a microscope with a calibrated eyepiece micrometer.,0.36,mm,individual,,both,adult,,,,,,,,,,,
PreservedSpecimen,Nylanderia birmana,Relative hindleg length,,1.82,mm,individual,,both,adult,,,,,,,,,,,
PreservedSpecimen,Nylanderia birmana,X,,X,,mode,,both,adult,,,,,,,,,,,
PreservedSpecimen,Nylanderia birmana,X,,,,mode,,both,adult,,,,,,,,,,,
PreservedSpecimen,Nylanderia flavipes,Weber s length,Microscope with a calibrated eyepiece micrometer,0.77,mm,individual,,both,adult,,,,,,,,,,,
PreservedSpecimen,Nylanderia flavipes,Relative eye length,,0.13,mm,individual,,both,adult,,,,,,,,,,,
PreservedSpecimen,Nylanderia flavipes,Relative scape length,Ratio calculation of scape length (SL) to Weber's length (WL),0.92,mm,individual,,both,adult,,,,,,,,,,,
PreservedSpecimen,Nylanderia flavipes,Relative mandible length,Measurements taken under a microscope with a calibrated eyepiece micrometer.,0.38,mm,individual,,both,adult,,,,,,,,,,,
PreservedSpecimen,Nylanderia flavipes,Relative hindleg length,,1.72,mm,individual,,both,adult,,,,,,,,,,,
PreservedSpecimen,Nylanderia flavipes,X,,X,,mode,,both,adult,,,,,,,,,,,
PreservedSpecimen,Odontomachus circulus,Weber s length,Microscope with a calibrated eyepiece micrometer,3.97,mm,individual,,both,adult,,,,,,,,,,,
PreservedSpecimen,Odontomachus circulus,Relative eye length,,0.09,mm,individual,,both,adult,,,,,,,,,,,
PreservedSpecimen,Odontomachus circulus,Relative scape length,Ratio calculation of scape length (SL) to Weber's length (WL),0.83,mm,individual,,both,adult,,,,,,,,,,,
PreservedSpecimen,Odontomachus circulus,Relative mandible length,Measurements taken under a microscope with a calibrated eyepiece micrometer.,0.54,mm,individual,,both,adult,,,,,,,,,,,
PreservedSpecimen,Odontomachus circulus,Relative hindleg length,,1.70,mm,individual,,both,adult,,,,,,,,,,,
PreservedSpecimen,Odontomachus circulus,X,,X,,mode,,both,adult,,,,,,,,,,,
PreservedSpecimen,Odontomachus monticola,Weber s length,Microscope with a calibrated eyepiece micrometer,3.55,mm,individual,,both,adult,,,,,,,,,,,
PreservedSpecimen,Odontomachus monticola,Relative eye length,,0.08,mm,individual,,both,adult,,,,,,,,,,,
PreservedSpecimen,Odontomachus monticola,Relative scape length,Ratio calculation of scape length (SL) to Weber's length (WL),0.78,mm,individual,,both,adult,,,,,,,,,,,
PreservedSpecimen,Odontomachus monticola,Relative mandible length,Measurements taken under a microscope with a calibrated eyepiece micrometer.,0.51,mm,individual,,both,adult,,,,,,,,,,,
PreservedSpecimen,Odontomachus monticola,Relative hindleg length,,1.56,mm,individual,,both,adult,,,,,,,,,,,
PreservedSpecimen,Odontoponera transversa,Weber s length,Microscope with a calibrated eyepiece micrometer,3.78,mm,individual,,both,adult,,,,,,,,,,,
PreservedSpecimen,Odontoponera transversa,Relative eye length,,0.11,mm,individual,,both,adult,,,,,,,,,,,
PreservedSpecimen,Odontoponera transversa,Relative scape length,Ratio calculation of scape length (SL) to Weber's length (WL),0.57,mm,individual,,both,adult,,,,,,,,,,,
PreservedSpecimen,Odontoponera transversa,Relative mandible length,Measurements taken under a microscope with a calibrated eyepiece micrometer.,0.36,mm,individual,,both,adult,,,,,,,,,,,
PreservedSpecimen,Odontoponera transversa,Relative hindleg length,,1.33,mm,individual,,both,adult,,,,,,,,,,,
PreservedSpecimen,Odontoponera transversa,X,,X,,mode,,both,adult,,,,,,,,,,,
PreservedSpecimen,Oecophylla smaragdina,Weber s length,Microscope with a calibrated eyepiece micrometer,3.20,mm,individual,,both,adult,,,,,,,,,,,
PreservedSpecimen,Oecophylla smaragdina,Relative eye length,,0.17,mm,individual,,both,adult,,,,,,,,,,,
PreservedSpecimen,Oecophylla smaragdina,Relative scape length,Ratio calculation of scape length (SL) to Weber's length (WL),0.91,mm,individual,,both,adult,,,,,,,,,,,
PreservedSpecimen,Oecophylla smaragdina,Relative mandible length,Measurements taken under a microscope with a calibrated eyepiece micrometer.,0.39,mm,individual,,both,adult,,,,,,,,,,,
PreservedSpecimen,Oecophylla smaragdina,Relative hindleg length,,2.30,mm,individual,,both,adult,,,,,,,,,,,
PreservedSpecimen,Oecophylla smaragdina,X,,,,mode,,both,adult,,,,,,,,,,,
PreservedSpecimen,Oecophylla smaragdina,X,,X,,mode,,both,adult,,,,,,,,,,,
PreservedSpecimen,Paraparatrechina sauteri,Weber s length,Microscope with a calibrated eyepiece micrometer,0.48,mm,individual,,both,adult,,,,,,,,,,,
PreservedSpecimen,Paraparatrechina sauteri,Relative eye length,,0.22,mm,individual,,both,adult,,,,,,,,,,,
PreservedSpecimen,Paraparatrechina sauteri,Relative scape length,Ratio calculation of scape length (SL) to Weber's length (WL),0.87,mm,individual,,both,adult,,,,,,,,,,,
PreservedSpecimen,Paraparatrechina sauteri,Relative mandible length,Measurements taken under a microscope with a calibrated eyepiece micrometer.,0.44,mm,individual,,both,adult,,,,,,,,,,,
PreservedSpecimen,Paraparatrechina sauteri,Relative hindleg length,,1.63,mm,individual,,both,adult,,,,,,,,,,,
PreservedSpecimen,Pheidole cf. acantha,Weber s length,Microscope with a calibrated eyepiece micrometer,1.12,mm,individual,,both,adult,,,,,,,,,,,
PreservedSpecimen,Pheidole cf. acantha,Relative eye length,,0.14,mm,individual,,both,adult,,,,,,,,,,,
PreservedSpecimen,Pheidole cf. acantha,Relative scape length,Ratio calculation of scape length (SL) to Weber's length (WL),0.93,mm,individual,,both,adult,,,,,,,,,,,
PreservedSpecimen,Pheidole cf. acantha,Relative mandible length,Measurements taken under a microscope with a calibrated eyepiece micrometer.,0.50,mm,individual,,both,adult,,,,,,,,,,,
PreservedSpecimen,Pheidole cf. acantha,Relative hindleg length,,1.91,mm,individual,,both,adult,,,,,,,,,,,
PreservedSpecimen,Pheidole cf. quadricuspis,Weber s length,Microscope with a calibrated eyepiece micrometer,0.88,mm,individual,,both,adult,,,,,,,,,,,
PreservedSpecimen,Pheidole cf. quadricuspis,Relative eye length,,0.16,mm,individual,,both,adult,,,,,,,,,,,
PreservedSpecimen,Pheidole cf. quadricuspis,Relative scape length,Ratio calculation of scape length (SL) to Weber's length (WL),0.91,mm,individual,,both,adult,,,,,,,,,,,
PreservedSpecimen,Pheidole cf. quadricuspis,Relative mandible length,Measurements taken under a microscope with a calibrated eyepiece micrometer.,0.48,mm,individual,,both,adult,,,,,,,,,,,
PreservedSpecimen,Pheidole cf. quadricuspis,Relative hindleg length,,1.68,mm,individual,,both,adult,,,,,,,,,,,
PreservedSpecimen,Pheidole fervens,Weber s length,Microscope with a calibrated eyepiece micrometer,0.98,mm,individual,,both,adult,,,,,,,,,,,
PreservedSpecimen,Pheidole fervens,Relative eye length,,0.13,mm,individual,,both,adult,,,,,,,,,,,
PreservedSpecimen,Pheidole fervens,Relative scape length,Ratio calculation of scape length (SL) to Weber's length (WL),0.94,mm,individual,,both,adult,,,,,,,,,,,
PreservedSpecimen,Pheidole fervens,Relative mandible length,Measurements taken under a microscope with a calibrated eyepiece micrometer.,0.46,mm,individual,,both,adult,,,,,,,,,,,
PreservedSpecimen,Pheidole fervens,Relative hindleg length,,1.76,mm,individual,,both,adult,,,,,,,,,,,
PreservedSpecimen,Pheidole fervens,X,,,,mode,,both,adult,,,,,,,,,,,
PreservedSpecimen,Pheidole fervens,X,,X,,mode,,both,adult,,,,,,,,,,,
PreservedSpecimen,Pheidole fortis,Weber s length,Microscope with a calibrated eyepiece micrometer,1.01,mm,individual,,both,adult,,,,,,,,,,,
PreservedSpecimen,Pheidole fortis,Relative eye length,,0.15,mm,individual,,both,adult,,,,,,,,,,,
PreservedSpecimen,Pheidole fortis,Relative scape length,Ratio calculation of scape length (SL) to Weber's length (WL),0.88,mm,individual,,both,adult,,,,,,,,,,,
PreservedSpecimen,Pheidole fortis,Relative mandible length,Measurements taken under a microscope with a calibrated eyepiece micrometer.,0.49,mm,individual,,both,adult,,,,,,,,,,,
PreservedSpecimen,Pheidole fortis,Relative hindleg length,,1.78,mm,individual,,both,adult,,,,,,,,,,,
PreservedSpecimen,Pheidole fortis,X,,X,,mode,,both,adult,,,,,,,,,,,
PreservedSpecimen,Pheidole fortis,X,,,,mode,,both,adult,,,,,,,,,,,
PreservedSpecimen,Pheidole gatesi,Weber s length,Microscope with a calibrated eyepiece micrometer,1.60,mm,individual,,both,adult,,,,,,,,,,,
PreservedSpecimen,Pheidole gatesi,Relative eye length,,0.14,mm,individual,,both,adult,,,,,,,,,,,
PreservedSpecimen,Pheidole gatesi,Relative scape length,Ratio calculation of scape length (SL) to Weber's length (WL),0.88,mm,individual,,both,adult,,,,,,,,,,,
PreservedSpecimen,Pheidole gatesi,Relative mandible length,Measurements taken under a microscope with a calibrated eyepiece micrometer.,0.49,mm,individual,,both,adult,,,,,,,,,,,
PreservedSpecimen,Pheidole gatesi,Relative hindleg length,,2.07,mm,individual,,both,adult,,,,,,,,,,,
PreservedSpecimen,Pheidole gatesi,X,,,,mode,,both,adult,,,,,,,,,,,
PreservedSpecimen,Pheidole gatesi,X,,X,,mode,,both,adult,,,,,,,,,,,
PreservedSpecimen,Pheidole laevicolor,Weber s length,Microscope with a calibrated eyepiece micrometer,0.80,mm,individual,,both,adult,,,,,,,,,,,
PreservedSpecimen,Pheidole laevicolor,Relative eye length,,0.13,mm,individual,,both,adult,,,,,,,,,,,
PreservedSpecimen,Pheidole laevicolor,Relative scape length,Ratio calculation of scape length (SL) to Weber's length (WL),0.79,mm,individual,,both,adult,,,,,,,,,,,
PreservedSpecimen,Pheidole laevicolor,Relative mandible length,Measurements taken under a microscope with a calibrated eyepiece micrometer.,0.47,mm,individual,,both,adult,,,,,,,,,,,
PreservedSpecimen,Pheidole laevicolor,Relative hindleg length,,1.44,mm,individual,,both,adult,,,,,,,,,,,
PreservedSpecimen,Pheidole laevicolor,X,,,,mode,,both,adult,,,,,,,,,,,
PreservedSpecimen,Pheidole laevicolor,X,,X,,mode,,both,adult,,,,,,,,,,,
PreservedSpecimen,Pheidole ochracea,Weber s length,Microscope with a calibrated eyepiece micrometer,0.85,mm,individual,,both,adult,,,,,,,,,,,
PreservedSpecimen,Pheidole ochracea,Relative eye length,,0.15,mm,individual,,both,adult,,,,,,,,,,,
PreservedSpecimen,Pheidole ochracea,Relative scape length,Ratio calculation of scape length (SL) to Weber's length (WL),0.96,mm,individual,,both,adult,,,,,,,,,,,
PreservedSpecimen,Pheidole ochracea,Relative mandible length,Measurements taken under a microscope with a calibrated eyepiece micrometer.,0.43,mm,individual,,both,adult,,,,,,,,,,,
PreservedSpecimen,Pheidole ochracea,Relative hindleg length,,1.80,mm,individual,,both,adult,,,,,,,,,,,
PreservedSpecimen,Pheidole ochracea,X,,X,,mode,,both,adult,,,,,,,,,,,
PreservedSpecimen,Pheidole ochracea,X,,,,mode,,both,adult,,,,,,,,,,,
PreservedSpecimen,Pheidole parva,Weber s length,Microscope with a calibrated eyepiece micrometer,0.71,mm,individual,,both,adult,,,,,,,,,,,
PreservedSpecimen,Pheidole parva,Relative eye length,,0.13,mm,individual,,both,adult,,,,,,,,,,,
PreservedSpecimen,Pheidole parva,Relative scape length,Ratio calculation of scape length (SL) to Weber's length (WL),0.74,mm,individual,,both,adult,,,,,,,,,,,
PreservedSpecimen,Pheidole parva,Relative mandible length,Measurements taken under a microscope with a calibrated eyepiece micrometer.,0.45,mm,individual,,both,adult,,,,,,,,,,,
PreservedSpecimen,Pheidole parva,Relative hindleg length,,1.42,mm,individual,,both,adult,,,,,,,,,,,
PreservedSpecimen,Pheidole parva,X,,,,mode,,both,adult,,,,,,,,,,,
PreservedSpecimen,Pheidole parva,X,,X,,mode,,both,adult,,,,,,,,,,,
PreservedSpecimen,Pheidole pieli,Weber s length,Microscope with a calibrated eyepiece micrometer,0.56,mm,individual,,both,adult,,,,,,,,,,,
PreservedSpecimen,Pheidole pieli,Relative eye length,,0.16,mm,individual,,both,adult,,,,,,,,,,,
PreservedSpecimen,Pheidole pieli,Relative scape length,Ratio calculation of scape length (SL) to Weber's length (WL),0.72,mm,individual,,both,adult,,,,,,,,,,,
PreservedSpecimen,Pheidole pieli,Relative mandible length,Measurements taken under a microscope with a calibrated eyepiece micrometer.,0.47,mm,individual,,both,adult,,,,,,,,,,,
PreservedSpecimen,Pheidole pieli,Relative hindleg length,,1.33,mm,individual,,both,adult,,,,,,,,,,,
PreservedSpecimen,Pheidole pieli,X,,X,,mode,,both,adult,,,,,,,,,,,
PreservedSpecimen,Pheidole plagiaria,Weber s length,Microscope with a calibrated eyepiece micrometer,1.20,mm,individual,,both,adult,,,,,,,,,,,
PreservedSpecimen,Pheidole plagiaria,Relative eye length,,0.14,mm,individual,,both,adult,,,,,,,,,,,
PreservedSpecimen,Pheidole plagiaria,Relative scape length,Ratio calculation of scape length (SL) to Weber's length (WL),0.95,mm,individual,,both,adult,,,,,,,,,,,
PreservedSpecimen,Pheidole plagiaria,Relative mandible length,Measurements taken under a microscope with a calibrated eyepiece micrometer.,0.43,mm,individual,,both,adult,,,,,,,,,,,
PreservedSpecimen,Pheidole plagiaria,Relative hindleg length,,1.91,mm,individual,,both,adult,,,,,,,,,,,
PreservedSpecimen,Pheidole plagiaria,X,,,,mode,,both,adult,,,,,,,,,,,
PreservedSpecimen,Pheidole plagiaria,X,,X,,mode,,both,adult,,,,,,,,,,,
PreservedSpecimen,Pheidole rugithorax,Weber s length,Microscope with a calibrated eyepiece micrometer,0.91,mm,individual,,both,adult,,,,,,,,,,,
PreservedSpecimen,Pheidole rugithorax,Relative eye length,,0.15,mm,individual,,both,adult,,,,,,,,,,,
PreservedSpecimen,Pheidole rugithorax,Relative scape length,Ratio calculation of scape length (SL) to Weber's length (WL),0.89,mm,individual,,both,adult,,,,,,,,,,,
PreservedSpecimen,Pheidole rugithorax,Relative mandible length,Measurements taken under a microscope with a calibrated eyepiece micrometer.,0.43,mm,individual,,both,adult,,,,,,,,,,,
PreservedSpecimen,Pheidole rugithorax,Relative hindleg length,,1.71,mm,individual,,both,adult,,,,,,,,,,,
PreservedSpecimen,Pheidole rugithorax,X,,,,mode,,both,adult,,,,,,,,,,,
PreservedSpecimen,Pheidole rugithorax,X,,X,,mode,,both,adult,,,,,,,,,,,
PreservedSpecimen,Pheidole smythiesii,Weber s length,Microscope with a calibrated eyepiece micrometer,1.38,mm,individual,,both,adult,,,,,,,,,,,
PreservedSpecimen,Pheidole smythiesii,Relative eye length,,0.13,mm,individual,,both,adult,,,,,,,,,,,
PreservedSpecimen,Pheidole smythiesii,Relative scape length,Ratio calculation of scape length (SL) to Weber's length (WL),0.93,mm,individual,,both,adult,,,,,,,,,,,
PreservedSpecimen,Pheidole smythiesii,Relative mandible length,Measurements taken under a microscope with a calibrated eyepiece micrometer.,0.50,mm,individual,,both,adult,,,,,,,,,,,
PreservedSpecimen,Pheidole smythiesii,Relative hindleg length,,2.05,mm,individual,,both,adult,,,,,,,,,,,
PreservedSpecimen,Pheidole smythiesii,X,,,,mode,,both,adult,,,,,,,,,,,
PreservedSpecimen,Pheidole smythiesii,X,,X,,mode,,both,adult,,,,,,,,,,,
PreservedSpecimen,Pheidole tjibodana,Weber s length,Microscope with a calibrated eyepiece micrometer,0.69,mm,individual,,both,adult,,,,,,,,,,,
PreservedSpecimen,Pheidole tjibodana,Relative eye length,,0.14,mm,individual,,both,adult,,,,,,,,,,,
PreservedSpecimen,Pheidole tjibodana,Relative scape length,Ratio calculation of scape length (SL) to Weber's length (WL),0.70,mm,individual,,both,adult,,,,,,,,,,,
PreservedSpecimen,Pheidole tjibodana,Relative mandible length,Measurements taken under a microscope with a calibrated eyepiece micrometer.,0.50,mm,individual,,both,adult,,,,,,,,,,,
PreservedSpecimen,Pheidole tjibodana,Relative hindleg length,,1.33,mm,individual,,both,adult,,,,,,,,,,,
PreservedSpecimen,Pheidole tjibodana,X,,,,mode,,both,adult,,,,,,,,,,,
PreservedSpecimen,Pheidole tjibodana,X,,X,,mode,,both,adult,,,,,,,,,,,
PreservedSpecimen,Pheidole tumida,Weber s length,Microscope with a calibrated eyepiece micrometer,1.05,mm,individual,,both,adult,,,,,,,,,,,
PreservedSpecimen,Pheidole tumida,Relative eye length,,0.16,mm,individual,,both,adult,,,,,,,,,,,
PreservedSpecimen,Pheidole tumida,Relative scape length,Ratio calculation of scape length (SL) to Weber's length (WL),0.95,mm,individual,,both,adult,,,,,,,,,,,
PreservedSpecimen,Pheidole tumida,Relative mandible length,Measurements taken under a microscope with a calibrated eyepiece micrometer.,0.42,mm,individual,,both,adult,,,,,,,,,,,
PreservedSpecimen,Pheidole tumida,Relative hindleg length,,1.93,mm,individual,,both,adult,,,,,,,,,,,
PreservedSpecimen,Pheidole tumida,X,,,,mode,,both,adult,,,,,,,,,,,
PreservedSpecimen,Pheidole tumida,X,,X,,mode,,both,adult,,,,,,,,,,,
PreservedSpecimen,Pheidole vieti,Weber s length,Microscope with a calibrated eyepiece micrometer,0.74,mm,individual,,both,adult,,,,,,,,,,,
PreservedSpecimen,Pheidole vieti,Relative eye length,,0.10,mm,individual,,both,adult,,,,,,,,,,,
PreservedSpecimen,Pheidole vieti,Relative scape length,Ratio calculation of scape length (SL) to Weber's length (WL),0.78,mm,individual,,both,adult,,,,,,,,,,,
PreservedSpecimen,Pheidole vieti,Relative mandible length,Measurements taken under a microscope with a calibrated eyepiece micrometer.,0.49,mm,individual,,both,adult,,,,,,,,,,,
PreservedSpecimen,Pheidole vieti,Relative hindleg length,,1.57,mm,individual,,both,adult,,,,,,,,,,,
PreservedSpecimen,Pheidole vieti,X,,,,mode,,both,adult,,,,,,,,,,,
PreservedSpecimen,Pheidole vieti,X,,X,,mode,,both,adult,,,,,,,,,,,
PreservedSpecimen,Pheidole vulgaris,Weber s length,Microscope with a calibrated eyepiece micrometer,0.75,mm,individual,,both,adult,,,,,,,,,,,
PreservedSpecimen,Pheidole vulgaris,Relative eye length,,0.13,mm,individual,,both,adult,,,,,,,,,,,
PreservedSpecimen,Pheidole vulgaris,Relative scape length,Ratio calculation of scape length (SL) to Weber's length (WL),0.76,mm,individual,,both,adult,,,,,,,,,,,
PreservedSpecimen,Pheidole vulgaris,Relative mandible length,Measurements taken under a microscope with a calibrated eyepiece micrometer.,0.45,mm,individual,,both,adult,,,,,,,,,,,
PreservedSpecimen,Pheidole vulgaris,Relative hindleg length,,1.52,mm,individual,,both,adult,,,,,,,,,,,
PreservedSpecimen,Pheidole vulgaris,X,,X,,mode,,both,adult,,,,,,,,,,,
PreservedSpecimen,Pheidole vulgaris,X,,,,mode,,both,adult,,,,,,,,,,,
PreservedSpecimen,Pheidole watsoni,Weber s length,Microscope with a calibrated eyepiece micrometer,0.62,mm,individual,,both,adult,,,,,,,,,,,
PreservedSpecimen,Pheidole watsoni,Relative eye length,,0.16,mm,individual,,both,adult,,,,,,,,,,,
PreservedSpecimen,Pheidole watsoni,Relative scape length,Ratio calculation of scape length (SL) to Weber's length (WL),0.74,mm,individual,,both,adult,,,,,,,,,,,
PreservedSpecimen,Pheidole watsoni,Relative mandible length,Measurements taken under a microscope with a calibrated eyepiece micrometer.,0.47,mm,individual,,both,adult,,,,,,,,,,,
PreservedSpecimen,Pheidole watsoni,Relative hindleg length,,1.46,mm,individual,,both,adult,,,,,,,,,,,
PreservedSpecimen,Pheidole watsoni,X,,,,mode,,both,adult,,,,,,,,,,,
PreservedSpecimen,Pheidole watsoni,X,,X,,mode,,both,adult,,,,,,,,,,,
PreservedSpecimen,Plagiolepis alluaudi,Weber s length,Microscope with a calibrated eyepiece micrometer,0.46,mm,individual,,both,adult,,,,,,,,,,,
PreservedSpecimen,Plagiolepis alluaudi,Relative eye length,,0.20,mm,individual,,both,adult,,,,,,,,,,,
PreservedSpecimen,Plagiolepis alluaudi,Relative scape length,Ratio calculation of scape length (SL) to Weber's length (WL),0.78,mm,individual,,both,adult,,,,,,,,,,,
PreservedSpecimen,Plagiolepis alluaudi,Relative mandible length,Measurements taken under a microscope with a calibrated eyepiece micrometer.,0.35,mm,individual,,both,adult,,,,,,,,,,,
PreservedSpecimen,Plagiolepis alluaudi,Relative hindleg length,,1.33,mm,individual,,both,adult,,,,,,,,,,,
PreservedSpecimen,Plagiolepis alluaudi,X,,,,mode,,both,adult,,,,,,,,,,,
PreservedSpecimen,Plagiolepis alluaudi,X,,X,,mode,,both,adult,,,,,,,,,,,
PreservedSpecimen,Platythyrea parallela,Weber s length,Microscope with a calibrated eyepiece micrometer,2.02,mm,individual,,both,adult,,,,,,,,,,,
PreservedSpecimen,Platythyrea parallela,Relative eye length,,0.10,mm,individual,,both,adult,,,,,,,,,,,
PreservedSpecimen,Platythyrea parallela,Relative scape length,Ratio calculation of scape length (SL) to Weber's length (WL),0.45,mm,individual,,both,adult,,,,,,,,,,,
PreservedSpecimen,Platythyrea parallela,Relative mandible length,Measurements taken under a microscope with a calibrated eyepiece micrometer.,0.26,mm,individual,,both,adult,,,,,,,,,,,
PreservedSpecimen,Platythyrea parallela,Relative hindleg length,,1.00,mm,individual,,both,adult,,,,,,,,,,,
PreservedSpecimen,Platythyrea parallela,X,,,,mode,,both,adult,,,,,,,,,,,
PreservedSpecimen,Platythyrea parallela,X,,X,,mode,,both,adult,,,,,,,,,,,
PreservedSpecimen,Polyrhachis armata,Weber s length,Microscope with a calibrated eyepiece micrometer,3.64,mm,individual,,both,adult,,,,,,,,,,,
PreservedSpecimen,Polyrhachis armata,Relative eye length,,0.15,mm,individual,,both,adult,,,,,,,,,,,
PreservedSpecimen,Polyrhachis armata,Relative scape length,Ratio calculation of scape length (SL) to Weber's length (WL),0.89,mm,individual,,both,adult,,,,,,,,,,,
PreservedSpecimen,Polyrhachis armata,Relative mandible length,Measurements taken under a microscope with a calibrated eyepiece micrometer.,0.25,mm,individual,,both,adult,,,,,,,,,,,
PreservedSpecimen,Polyrhachis armata,Relative hindleg length,,2.44,mm,individual,,both,adult,,,,,,,,,,,
PreservedSpecimen,Polyrhachis armata,X,,,,mode,,both,adult,,,,,,,,,,,
PreservedSpecimen,Polyrhachis armata,X,,X,,mode,,both,adult,,,,,,,,,,,
PreservedSpecimen,Polyrhachis bicolor,Weber s length,Microscope with a calibrated eyepiece micrometer,2.25,mm,individual,,both,adult,,,,,,,,,,,
PreservedSpecimen,Polyrhachis bicolor,Relative eye length,,0.19,mm,individual,,both,adult,,,,,,,,,,,
PreservedSpecimen,Polyrhachis bicolor,Relative scape length,Ratio calculation of scape length (SL) to Weber's length (WL),0.92,mm,individual,,both,adult,,,,,,,,,,,
PreservedSpecimen,Polyrhachis bicolor,Relative mandible length,Measurements taken under a microscope with a calibrated eyepiece micrometer.,0.29,mm,individual,,both,adult,,,,,,,,,,,
PreservedSpecimen,Polyrhachis bicolor,Relative hindleg length,,2.14,mm,individual,,both,adult,,,,,,,,,,,
PreservedSpecimen,Polyrhachis bicolor,X,,X,,mode,,both,adult,,,,,,,,,,,
PreservedSpecimen,Polyrhachis bicolor,X,,,,mode,,both,adult,,,,,,,,,,,
PreservedSpecimen,Polyrhachis brevicorpa,Weber s length,Microscope with a calibrated eyepiece micrometer,2.15,mm,individual,,both,adult,,,,,,,,,,,
PreservedSpecimen,Polyrhachis brevicorpa,Relative eye length,,0.23,mm,individual,,both,adult,,,,,,,,,,,
PreservedSpecimen,Polyrhachis brevicorpa,Relative scape length,Ratio calculation of scape length (SL) to Weber's length (WL),0.93,mm,individual,,both,adult,,,,,,,,,,,
PreservedSpecimen,Polyrhachis brevicorpa,Relative mandible length,Measurements taken under a microscope with a calibrated eyepiece micrometer.,0.33,mm,individual,,both,adult,,,,,,,,,,,
PreservedSpecimen,Polyrhachis brevicorpa,Relative hindleg length,,2.28,mm,individual,,both,adult,,,,,,,,,,,
PreservedSpecimen,Polyrhachis brevicorpa,X,,X,,mode,,both,adult,,,,,,,,,,,
PreservedSpecimen,Polyrhachis brevicorpa,X,,,,mode,,both,adult,,,,,,,,,,,
PreservedSpecimen,Polyrhachis ceylonensis,Weber s length,Microscope with a calibrated eyepiece micrometer,2.15,mm,individual,,both,adult,,,,,,,,,,,
PreservedSpecimen,Polyrhachis ceylonensis,Relative eye length,,0.20,mm,individual,,both,adult,,,,,,,,,,,
PreservedSpecimen,Polyrhachis ceylonensis,Relative scape length,Ratio calculation of scape length (SL) to Weber's length (WL),0.94,mm,individual,,both,adult,,,,,,,,,,,
PreservedSpecimen,Polyrhachis ceylonensis,Relative mandible length,Measurements taken under a microscope with a calibrated eyepiece micrometer.,0.29,mm,individual,,both,adult,,,,,,,,,,,
PreservedSpecimen,Polyrhachis ceylonensis,Relative hindleg length,,1.97,mm,individual,,both,adult,,,,,,,,,,,
PreservedSpecimen,Polyrhachis ceylonensis,X,,X,,mode,,both,adult,,,,,,,,,,,
PreservedSpecimen,Polyrhachis ceylonensis,X,,,,mode,,both,adult,,,,,,,,,,,
PreservedSpecimen,Polyrhachis cf. clypeata,Weber s length,Microscope with a calibrated eyepiece micrometer,2.35,mm,individual,,both,adult,,,,,,,,,,,
PreservedSpecimen,Polyrhachis cf. clypeata,Relative eye length,,0.21,mm,individual,,both,adult,,,,,,,,,,,
PreservedSpecimen,Polyrhachis cf. clypeata,Relative scape length,Ratio calculation of scape length (SL) to Weber's length (WL),0.94,mm,individual,,both,adult,,,,,,,,,,,
PreservedSpecimen,Polyrhachis cf. clypeata,Relative mandible length,Measurements taken under a microscope with a calibrated eyepiece micrometer.,0.30,mm,individual,,both,adult,,,,,,,,,,,
PreservedSpecimen,Polyrhachis cf. clypeata,Relative hindleg length,,2.00,mm,individual,,both,adult,,,,,,,,,,,
PreservedSpecimen,Polyrhachis cf. tibialis,Weber s length,Microscope with a calibrated eyepiece micrometer,2.19,mm,individual,,both,adult,,,,,,,,,,,
PreservedSpecimen,Polyrhachis cf. tibialis,Relative eye length,,0.18,mm,individual,,both,adult,,,,,,,,,,,
PreservedSpecimen,Polyrhachis cf. tibialis,Relative scape length,Ratio calculation of scape length (SL) to Weber's length (WL),0.93,mm,individual,,both,adult,,,,,,,,,,,
PreservedSpecimen,Polyrhachis cf. tibialis,Relative mandible length,Measurements taken under a microscope with a calibrated eyepiece micrometer.,0.28,mm,individual,,both,adult,,,,,,,,,,,
PreservedSpecimen,Polyrhachis cf. tibialis,Relative hindleg length,,1.80,mm,individual,,both,adult,,,,,,,,,,,
PreservedSpecimen,Polyrhachis cf. tibialis,X,,,,mode,,both,adult,,,,,,,,,,,
PreservedSpecimen,Polyrhachis cf. tibialis,X,,X,,mode,,both,adult,,,,,,,,,,,
PreservedSpecimen,Polyrhachis clypeata,Weber s length,Microscope with a calibrated eyepiece micrometer,2.30,mm,individual,,both,adult,,,,,,,,,,,
PreservedSpecimen,Polyrhachis clypeata,Relative eye length,,0.22,mm,individual,,both,adult,,,,,,,,,,,
PreservedSpecimen,Polyrhachis clypeata,Relative scape length,Ratio calculation of scape length (SL) to Weber's length (WL),0.72,mm,individual,,both,adult,,,,,,,,,,,
PreservedSpecimen,Polyrhachis clypeata,Relative mandible length,Measurements taken under a microscope with a calibrated eyepiece micrometer.,0.28,mm,individual,,both,adult,,,,,,,,,,,
PreservedSpecimen,Polyrhachis clypeata,Relative hindleg length,,1.52,mm,individual,,both,adult,,,,,,,,,,,
PreservedSpecimen,Polyrhachis dentihumera,Weber s length,Microscope with a calibrated eyepiece micrometer,2.10,mm,individual,,both,adult,,,,,,,,,,,
PreservedSpecimen,Polyrhachis dentihumera,Relative eye length,,0.21,mm,individual,,both,adult,,,,,,,,,,,
PreservedSpecimen,Polyrhachis dentihumera,Relative scape length,Ratio calculation of scape length (SL) to Weber's length (WL),1.01,mm,individual,,both,adult,,,,,,,,,,,
PreservedSpecimen,Polyrhachis dentihumera,Relative mandible length,Measurements taken under a microscope with a calibrated eyepiece micrometer.,0.35,mm,individual,,both,adult,,,,,,,,,,,
PreservedSpecimen,Polyrhachis dentihumera,Relative hindleg length,,2.55,mm,individual,,both,adult,,,,,,,,,,,
PreservedSpecimen,Polyrhachis dentihumera,X,,,,mode,,both,adult,,,,,,,,,,,
PreservedSpecimen,Polyrhachis dentihumera,X,,X,,mode,,both,adult,,,,,,,,,,,
PreservedSpecimen,Polyrhachis halidayi,Weber s length,Microscope with a calibrated eyepiece micrometer,2.34,mm,individual,,both,adult,,,,,,,,,,,
PreservedSpecimen,Polyrhachis halidayi,Relative eye length,,0.20,mm,individual,,both,adult,,,,,,,,,,,
PreservedSpecimen,Polyrhachis halidayi,Relative scape length,Ratio calculation of scape length (SL) to Weber's length (WL),0.85,mm,individual,,both,adult,,,,,,,,,,,
PreservedSpecimen,Polyrhachis halidayi,Relative mandible length,Measurements taken under a microscope with a calibrated eyepiece micrometer.,0.32,mm,individual,,both,adult,,,,,,,,,,,
PreservedSpecimen,Polyrhachis halidayi,Relative hindleg length,,1.76,mm,individual,,both,adult,,,,,,,,,,,
PreservedSpecimen,Polyrhachis halidayi,X,,X,,mode,,both,adult,,,,,,,,,,,
PreservedSpecimen,Polyrhachis halidayi,X,,,,mode,,both,adult,,,,,,,,,,,
PreservedSpecimen,Polyrhachis illaudata,Weber s length,Microscope with a calibrated eyepiece micrometer,3.51,mm,individual,,both,adult,,,,,,,,,,,
PreservedSpecimen,Polyrhachis illaudata,Relative eye length,,0.15,mm,individual,,both,adult,,,,,,,,,,,
PreservedSpecimen,Polyrhachis illaudata,Relative scape length,Ratio calculation of scape length (SL) to Weber's length (WL),0.94,mm,individual,,both,adult,,,,,,,,,,,
PreservedSpecimen,Polyrhachis illaudata,Relative mandible length,Measurements taken under a microscope with a calibrated eyepiece micrometer.,0.28,mm,individual,,both,adult,,,,,,,,,,,
PreservedSpecimen,Polyrhachis illaudata,Relative hindleg length,,1.97,mm,individual,,both,adult,,,,,,,,,,,
PreservedSpecimen,Polyrhachis illaudata,X,,X,,mode,,both,adult,,,,,,,,,,,
PreservedSpecimen,Polyrhachis illaudata,X,,,,mode,,both,adult,,,,,,,,,,,
PreservedSpecimen,Polyrhachis moesta,Weber s length,Microscope with a calibrated eyepiece micrometer,1.87,mm,individual,,both,adult,,,,,,,,,,,
PreservedSpecimen,Polyrhachis moesta,Relative eye length,,0.21,mm,individual,,both,adult,,,,,,,,,,,
PreservedSpecimen,Polyrhachis moesta,Relative scape length,Ratio calculation of scape length (SL) to Weber's length (WL),0.97,mm,individual,,both,adult,,,,,,,,,,,
PreservedSpecimen,Polyrhachis moesta,Relative mandible length,Measurements taken under a microscope with a calibrated eyepiece micrometer.,0.29,mm,individual,,both,adult,,,,,,,,,,,
PreservedSpecimen,Polyrhachis moesta,Relative hindleg length,,1.89,mm,individual,,both,adult,,,,,,,,,,,
PreservedSpecimen,Polyrhachis moesta,X,,,,mode,,both,adult,,,,,,,,,,,
PreservedSpecimen,Polyrhachis moesta,X,,X,,mode,,both,adult,,,,,,,,,,,
PreservedSpecimen,Polyrhachis orbihumera,Weber s length,Microscope with a calibrated eyepiece micrometer,1.85,mm,individual,,both,adult,,,,,,,,,,,
PreservedSpecimen,Polyrhachis orbihumera,Relative eye length,,0.24,mm,individual,,both,adult,,,,,,,,,,,
PreservedSpecimen,Polyrhachis orbihumera,Relative scape length,Ratio calculation of scape length (SL) to Weber's length (WL),0.95,mm,individual,,both,adult,,,,,,,,,,,
PreservedSpecimen,Polyrhachis orbihumera,Relative mandible length,Measurements taken under a microscope with a calibrated eyepiece micrometer.,0.35,mm,individual,,both,adult,,,,,,,,,,,
PreservedSpecimen,Polyrhachis orbihumera,Relative hindleg length,,2.27,mm,individual,,both,adult,,,,,,,,,,,
PreservedSpecimen,Polyrhachis phipsoni,Weber s length,Microscope with a calibrated eyepiece micrometer,2.15,mm,individual,,both,adult,,,,,,,,,,,
PreservedSpecimen,Polyrhachis phipsoni,Relative eye length,,0.19,mm,individual,,both,adult,,,,,,,,,,,
PreservedSpecimen,Polyrhachis phipsoni,Relative scape length,Ratio calculation of scape length (SL) to Weber's length (WL),0.94,mm,individual,,both,adult,,,,,,,,,,,
PreservedSpecimen,Polyrhachis phipsoni,Relative mandible length,Measurements taken under a microscope with a calibrated eyepiece micrometer.,0.28,mm,individual,,both,adult,,,,,,,,,,,
PreservedSpecimen,Polyrhachis phipsoni,Relative hindleg length,,2.21,mm,individual,,both,adult,,,,,,,,,,,
PreservedSpecimen,Polyrhachis phipsoni,X,,X,,mode,,both,adult,,,,,,,,,,,
PreservedSpecimen,Polyrhachis phipsoni,X,,,,mode,,both,adult,,,,,,,,,,,
PreservedSpecimen,Polyrhachis pubescens,Weber s length,Microscope with a calibrated eyepiece micrometer,2.15,mm,individual,,both,adult,,,,,,,,,,,
PreservedSpecimen,Polyrhachis pubescens,Relative eye length,,0.16,mm,individual,,both,adult,,,,,,,,,,,
PreservedSpecimen,Polyrhachis pubescens,Relative scape length,Ratio calculation of scape length (SL) to Weber's length (WL),0.95,mm,individual,,both,adult,,,,,,,,,,,
PreservedSpecimen,Polyrhachis pubescens,Relative mandible length,Measurements taken under a microscope with a calibrated eyepiece micrometer.,0.28,mm,individual,,both,adult,,,,,,,,,,,
PreservedSpecimen,Polyrhachis pubescens,Relative hindleg length,,1.86,mm,individual,,both,adult,,,,,,,,,,,
PreservedSpecimen,Polyrhachis sp. C,Weber s length,Microscope with a calibrated eyepiece micrometer,4.30,mm,individual,,both,adult,,,,,,,,,,,
PreservedSpecimen,Polyrhachis sp. C,Relative eye length,,0.16,mm,individual,,both,adult,,,,,,,,,,,
PreservedSpecimen,Polyrhachis sp. C,Relative scape length,Ratio calculation of scape length (SL) to Weber's length (WL),0.93,mm,individual,,both,adult,,,,,,,,,,,
PreservedSpecimen,Polyrhachis sp. C,Relative mandible length,Measurements taken under a microscope with a calibrated eyepiece micrometer.,0.27,mm,individual,,both,adult,,,,,,,,,,,
PreservedSpecimen,Polyrhachis sp. C,Relative hindleg length,,2.14,mm,individual,,both,adult,,,,,,,,,,,
PreservedSpecimen,Polyrhachis sp. C,X,,,,mode,,both,adult,,,,,,,,,,,
PreservedSpecimen,Polyrhachis thompsoni,Weber s length,Microscope with a calibrated eyepiece micrometer,2.50,mm,individual,,both,adult,,,,,,,,,,,
PreservedSpecimen,Polyrhachis thompsoni,Relative eye length,,0.18,mm,individual,,both,adult,,,,,,,,,,,
PreservedSpecimen,Polyrhachis thompsoni,Relative scape length,Ratio calculation of scape length (SL) to Weber's length (WL),0.89,mm,individual,,both,adult,,,,,,,,,,,
PreservedSpecimen,Polyrhachis thompsoni,Relative mandible length,Measurements taken under a microscope with a calibrated eyepiece micrometer.,0.27,mm,individual,,both,adult,,,,,,,,,,,
PreservedSpecimen,Polyrhachis thompsoni,Relative hindleg length,,2.04,mm,individual,,both,adult,,,,,,,,,,,
PreservedSpecimen,Polyrhachis thompsoni,X,,,,mode,,both,adult,,,,,,,,,,,
PreservedSpecimen,Polyrhachis thompsoni,X,,X,,mode,,both,adult,,,,,,,,,,,
PreservedSpecimen,Polyrhachis thrinax,Weber s length,Microscope with a calibrated eyepiece micrometer,2.20,mm,individual,,both,adult,,,,,,,,,,,
PreservedSpecimen,Polyrhachis thrinax,Relative eye length,,0.20,mm,individual,,both,adult,,,,,,,,,,,
PreservedSpecimen,Polyrhachis thrinax,Relative scape length,Ratio calculation of scape length (SL) to Weber's length (WL),0.89,mm,individual,,both,adult,,,,,,,,,,,
PreservedSpecimen,Polyrhachis thrinax,Relative mandible length,Measurements taken under a microscope with a calibrated eyepiece micrometer.,0.34,mm,individual,,both,adult,,,,,,,,,,,
PreservedSpecimen,Polyrhachis thrinax,Relative hindleg length,,1.89,mm,individual,,both,adult,,,,,,,,,,,
PreservedSpecimen,Polyrhachis thrinax,X,,,,mode,,both,adult,,,,,,,,,,,
PreservedSpecimen,Polyrhachis thrinax,X,,X,,mode,,both,adult,,,,,,,,,,,
PreservedSpecimen,Polyrhachis tibialis,Weber s length,Microscope with a calibrated eyepiece micrometer,2.17,mm,individual,,both,adult,,,,,,,,,,,
PreservedSpecimen,Polyrhachis tibialis,Relative eye length,,0.18,mm,individual,,both,adult,,,,,,,,,,,
PreservedSpecimen,Polyrhachis tibialis,Relative scape length,Ratio calculation of scape length (SL) to Weber's length (WL),0.93,mm,individual,,both,adult,,,,,,,,,,,
PreservedSpecimen,Polyrhachis tibialis,Relative mandible length,Measurements taken under a microscope with a calibrated eyepiece micrometer.,0.27,mm,individual,,both,adult,,,,,,,,,,,
PreservedSpecimen,Polyrhachis tibialis,Relative hindleg length,,1.95,mm,individual,,both,adult,,,,,,,,,,,
PreservedSpecimen,Polyrhachis tibialis,X,,,,mode,,both,adult,,,,,,,,,,,
PreservedSpecimen,Polyrhachis tibialis,X,,X,,mode,,both,adult,,,,,,,,,,,
PreservedSpecimen,Ponera baka,Weber s length,Microscope with a calibrated eyepiece micrometer,0.60,mm,individual,,both,adult,,,,,,,,,,,
PreservedSpecimen,Ponera baka,Relative eye length,,0.03,mm,individual,,both,adult,,,,,,,,,,,
PreservedSpecimen,Ponera baka,Relative scape length,Ratio calculation of scape length (SL) to Weber's length (WL),0.47,mm,individual,,both,adult,,,,,,,,,,,
PreservedSpecimen,Ponera baka,Relative mandible length,Measurements taken under a microscope with a calibrated eyepiece micrometer.,0.37,mm,individual,,both,adult,,,,,,,,,,,
PreservedSpecimen,Ponera baka,Relative hindleg length,,0.82,mm,individual,,both,adult,,,,,,,,,,,
PreservedSpecimen,Ponera cf. diodonta,Weber s length,Microscope with a calibrated eyepiece micrometer,0.76,mm,individual,,both,adult,,,,,,,,,,,
PreservedSpecimen,Ponera cf. diodonta,Relative eye length,,0.04,mm,individual,,both,adult,,,,,,,,,,,
PreservedSpecimen,Ponera cf. diodonta,Relative scape length,Ratio calculation of scape length (SL) to Weber's length (WL),0.50,mm,individual,,both,adult,,,,,,,,,,,
PreservedSpecimen,Ponera cf. diodonta,Relative mandible length,Measurements taken under a microscope with a calibrated eyepiece micrometer.,0.34,mm,individual,,both,adult,,,,,,,,,,,
PreservedSpecimen,Ponera cf. diodonta,Relative hindleg length,,0.89,mm,individual,,both,adult,,,,,,,,,,,
PreservedSpecimen,Ponera longlina,Weber s length,Microscope with a calibrated eyepiece micrometer,0.82,mm,individual,,both,adult,,,,,,,,,,,
PreservedSpecimen,Ponera longlina,Relative eye length,,0.04,mm,individual,,both,adult,,,,,,,,,,,
PreservedSpecimen,Ponera longlina,Relative scape length,Ratio calculation of scape length (SL) to Weber's length (WL),0.54,mm,individual,,both,adult,,,,,,,,,,,
PreservedSpecimen,Ponera longlina,Relative mandible length,Measurements taken under a microscope with a calibrated eyepiece micrometer.,0.38,mm,individual,,both,adult,,,,,,,,,,,
PreservedSpecimen,Ponera longlina,Relative hindleg length,,0.97,mm,individual,,both,adult,,,,,,,,,,,
PreservedSpecimen,Ponera nangongshana,Weber s length,Microscope with a calibrated eyepiece micrometer,0.76,mm,individual,,both,adult,,,,,,,,,,,
PreservedSpecimen,Ponera nangongshana,Relative eye length,,0.04,mm,individual,,both,adult,,,,,,,,,,,
PreservedSpecimen,Ponera nangongshana,Relative scape length,Ratio calculation of scape length (SL) to Weber's length (WL),0.54,mm,individual,,both,adult,,,,,,,,,,,
PreservedSpecimen,Ponera nangongshana,Relative mandible length,Measurements taken under a microscope with a calibrated eyepiece micrometer.,0.38,mm,individual,,both,adult,,,,,,,,,,,
PreservedSpecimen,Ponera nangongshana,Relative hindleg length,,1.02,mm,individual,,both,adult,,,,,,,,,,,
PreservedSpecimen,Ponera nangongshana,X,,,,mode,,both,adult,,,,,,,,,,,
PreservedSpecimen,Prenolepis emmae,Weber s length,Microscope with a calibrated eyepiece micrometer,1.05,mm,individual,,both,adult,,,,,,,,,,,
PreservedSpecimen,Prenolepis emmae,Relative eye length,,0.21,mm,individual,,both,adult,,,,,,,,,,,
PreservedSpecimen,Prenolepis emmae,Relative scape length,Ratio calculation of scape length (SL) to Weber's length (WL),0.88,mm,individual,,both,adult,,,,,,,,,,,
PreservedSpecimen,Prenolepis emmae,Relative mandible length,Measurements taken under a microscope with a calibrated eyepiece micrometer.,0.38,mm,individual,,both,adult,,,,,,,,,,,
PreservedSpecimen,Prenolepis emmae,Relative hindleg length,,1.74,mm,individual,,both,adult,,,,,,,,,,,
PreservedSpecimen,Prenolepis magnocula,Weber s length,Microscope with a calibrated eyepiece micrometer,1.01,mm,individual,,both,adult,,,,,,,,,,,
PreservedSpecimen,Prenolepis magnocula,Relative eye length,,0.23,mm,individual,,both,adult,,,,,,,,,,,
PreservedSpecimen,Prenolepis magnocula,Relative scape length,Ratio calculation of scape length (SL) to Weber's length (WL),1.13,mm,individual,,both,adult,,,,,,,,,,,
PreservedSpecimen,Prenolepis magnocula,Relative mandible length,Measurements taken under a microscope with a calibrated eyepiece micrometer.,0.34,mm,individual,,both,adult,,,,,,,,,,,
PreservedSpecimen,Prenolepis magnocula,Relative hindleg length,,2.32,mm,individual,,both,adult,,,,,,,,,,,
PreservedSpecimen,Prenolepis magnocula,X,,,,mode,,both,adult,,,,,,,,,,,
PreservedSpecimen,Prenolepis magnocula,X,,X,,mode,,both,adult,,,,,,,,,,,
PreservedSpecimen,Prenolepis naoroji,Weber s length,Microscope with a calibrated eyepiece micrometer,1.13,mm,individual,,both,adult,,,,,,,,,,,
PreservedSpecimen,Prenolepis naoroji,Relative eye length,,0.21,mm,individual,,both,adult,,,,,,,,,,,
PreservedSpecimen,Prenolepis naoroji,Relative scape length,Ratio calculation of scape length (SL) to Weber's length (WL),1.04,mm,individual,,both,adult,,,,,,,,,,,
PreservedSpecimen,Prenolepis naoroji,Relative mandible length,Measurements taken under a microscope with a calibrated eyepiece micrometer.,0.34,mm,individual,,both,adult,,,,,,,,,,,
PreservedSpecimen,Prenolepis naoroji,Relative hindleg length,,2.14,mm,individual,,both,adult,,,,,,,,,,,
PreservedSpecimen,Prenolepis sphingthorax,Weber s length,Microscope with a calibrated eyepiece micrometer,1.29,mm,individual,,both,adult,,,,,,,,,,,
PreservedSpecimen,Prenolepis sphingthorax,Relative eye length,,0.14,mm,individual,,both,adult,,,,,,,,,,,
PreservedSpecimen,Prenolepis sphingthorax,Relative scape length,Ratio calculation of scape length (SL) to Weber's length (WL),0.97,mm,individual,,both,adult,,,,,,,,,,,
PreservedSpecimen,Prenolepis sphingthorax,Relative mandible length,Measurements taken under a microscope with a calibrated eyepiece micrometer.,0.29,mm,individual,,both,adult,,,,,,,,,,,
PreservedSpecimen,Prenolepis sphingthorax,Relative hindleg length,,1.97,mm,individual,,both,adult,,,,,,,,,,,
PreservedSpecimen,Prenolepis sphingthorax,X,,,,mode,,both,adult,,,,,,,,,,,
PreservedSpecimen,Pristomyrmex brevispinosus,Weber s length,Microscope with a calibrated eyepiece micrometer,1.09,mm,individual,,both,adult,,,,,,,,,,,
PreservedSpecimen,Pristomyrmex brevispinosus,Relative eye length,,0.14,mm,individual,,both,adult,,,,,,,,,,,
PreservedSpecimen,Pristomyrmex brevispinosus,Relative scape length,Ratio calculation of scape length (SL) to Weber's length (WL),0.95,mm,individual,,both,adult,,,,,,,,,,,
PreservedSpecimen,Pristomyrmex brevispinosus,Relative mandible length,Measurements taken under a microscope with a calibrated eyepiece micrometer.,0.53,mm,individual,,both,adult,,,,,,,,,,,
PreservedSpecimen,Pristomyrmex brevispinosus,Relative hindleg length,,1.76,mm,individual,,both,adult,,,,,,,,,,,
PreservedSpecimen,Pristomyrmex brevispinosus,X,,,,mode,,both,adult,,,,,,,,,,,
PreservedSpecimen,Pristomyrmex hamatus,Weber s length,Microscope with a calibrated eyepiece micrometer,0.92,mm,individual,,both,adult,,,,,,,,,,,
PreservedSpecimen,Pristomyrmex hamatus,Relative eye length,,0.17,mm,individual,,both,adult,,,,,,,,,,,
PreservedSpecimen,Pristomyrmex hamatus,Relative scape length,Ratio calculation of scape length (SL) to Weber's length (WL),0.96,mm,individual,,both,adult,,,,,,,,,,,
PreservedSpecimen,Pristomyrmex hamatus,Relative mandible length,Measurements taken under a microscope with a calibrated eyepiece micrometer.,0.54,mm,individual,,both,adult,,,,,,,,,,,
PreservedSpecimen,Pristomyrmex hamatus,Relative hindleg length,,1.64,mm,individual,,both,adult,,,,,,,,,,,
PreservedSpecimen,Pristomyrmex hamatus,X,,,,mode,,both,adult,,,,,,,,,,,
PreservedSpecimen,Pristomyrmex hamatus,X,,X,,mode,,both,adult,,,,,,,,,,,
PreservedSpecimen,Proceratium cf. longigaster,Weber s length,Microscope with a calibrated eyepiece micrometer,1.50,mm,individual,,both,adult,,,,,,,,,,,
PreservedSpecimen,Proceratium cf. longigaster,Relative eye length,,0.05,mm,individual,,both,adult,,,,,,,,,,,
PreservedSpecimen,Proceratium cf. longigaster,Relative scape length,Ratio calculation of scape length (SL) to Weber's length (WL),0.56,mm,individual,,both,adult,,,,,,,,,,,
PreservedSpecimen,Proceratium cf. longigaster,Relative mandible length,Measurements taken under a microscope with a calibrated eyepiece micrometer.,0.40,mm,individual,,both,adult,,,,,,,,,,,
PreservedSpecimen,Proceratium cf. longigaster,Relative hindleg length,,1.23,mm,individual,,both,adult,,,,,,,,,,,
PreservedSpecimen,Proceratium zhaoi,Weber s length,Microscope with a calibrated eyepiece micrometer,0.64,mm,individual,,both,adult,,,,,,,,,,,
PreservedSpecimen,Proceratium zhaoi,Relative eye length,,0.03,mm,individual,,both,adult,,,,,,,,,,,
PreservedSpecimen,Proceratium zhaoi,Relative scape length,Ratio calculation of scape length (SL) to Weber's length (WL),0.56,mm,individual,,both,adult,,,,,,,,,,,
PreservedSpecimen,Proceratium zhaoi,Relative mandible length,Measurements taken under a microscope with a calibrated eyepiece micrometer.,0.50,mm,individual,,both,adult,,,,,,,,,,,
PreservedSpecimen,Proceratium zhaoi,Relative hindleg length,,1.13,mm,individual,,both,adult,,,,,,,,,,,
PreservedSpecimen,Pseudolasius silvestrii,Weber s length,Microscope with a calibrated eyepiece micrometer,0.84,mm,individual,,both,adult,,,,,,,,,,,
PreservedSpecimen,Pseudolasius silvestrii,Relative eye length,,0.12,mm,individual,,both,adult,,,,,,,,,,,
PreservedSpecimen,Pseudolasius silvestrii,Relative scape length,Ratio calculation of scape length (SL) to Weber's length (WL),0.77,mm,individual,,both,adult,,,,,,,,,,,
PreservedSpecimen,Pseudolasius silvestrii,Relative mandible length,Measurements taken under a microscope with a calibrated eyepiece micrometer.,0.44,mm,individual,,both,adult,,,,,,,,,,,
PreservedSpecimen,Pseudolasius silvestrii,Relative hindleg length,,1.67,mm,individual,,both,adult,,,,,,,,,,,
PreservedSpecimen,Pseudolasius silvestrii,X,,X,,mode,,both,adult,,,,,,,,,,,
PreservedSpecimen,Pseudoneoponera rufipes,Weber s length,Microscope with a calibrated eyepiece micrometer,5.10,mm,individual,,both,adult,,,,,,,,,,,
PreservedSpecimen,Pseudoneoponera rufipes,Relative eye length,,0.10,mm,individual,,both,adult,,,,,,,,,,,
PreservedSpecimen,Pseudoneoponera rufipes,Relative scape length,Ratio calculation of scape length (SL) to Weber's length (WL),0.51,mm,individual,,both,adult,,,,,,,,,,,
PreservedSpecimen,Pseudoneoponera rufipes,Relative mandible length,Measurements taken under a microscope with a calibrated eyepiece micrometer.,0.40,mm,individual,,both,adult,,,,,,,,,,,
PreservedSpecimen,Pseudoneoponera rufipes,Relative hindleg length,,1.20,mm,individual,,both,adult,,,,,,,,,,,
PreservedSpecimen,Pseudoneoponera rufipes,X,,X,,mode,,both,adult,,,,,,,,,,,
PreservedSpecimen,Pseudoneoponera rufipes,X,,,,mode,,both,adult,,,,,,,,,,,
PreservedSpecimen,Recurvidris recurvispinosa,Weber s length,Microscope with a calibrated eyepiece micrometer,0.67,mm,individual,,both,adult,,,,,,,,,,,
PreservedSpecimen,Recurvidris recurvispinosa,Relative eye length,,0.17,mm,individual,,both,adult,,,,,,,,,,,
PreservedSpecimen,Recurvidris recurvispinosa,Relative scape length,Ratio calculation of scape length (SL) to Weber's length (WL),0.65,mm,individual,,both,adult,,,,,,,,,,,
PreservedSpecimen,Recurvidris recurvispinosa,Relative mandible length,Measurements taken under a microscope with a calibrated eyepiece micrometer.,0.39,mm,individual,,both,adult,,,,,,,,,,,
PreservedSpecimen,Recurvidris recurvispinosa,Relative hindleg length,,1.27,mm,individual,,both,adult,,,,,,,,,,,
PreservedSpecimen,Recurvidris recurvispinosa,X,,X,,mode,,both,adult,,,,,,,,,,,
PreservedSpecimen,Recurvidris recurvispinosa,X,,,,mode,,both,adult,,,,,,,,,,,
PreservedSpecimen,Rhopalomastix rothneyi,Weber s length,Microscope with a calibrated eyepiece micrometer,0.66,mm,individual,,both,adult,,,,,,,,,,,
PreservedSpecimen,Rhopalomastix rothneyi,Relative eye length,,0.17,mm,individual,,both,adult,,,,,,,,,,,
PreservedSpecimen,Rhopalomastix rothneyi,Relative scape length,Ratio calculation of scape length (SL) to Weber's length (WL),0.32,mm,individual,,both,adult,,,,,,,,,,,
PreservedSpecimen,Rhopalomastix rothneyi,Relative mandible length,Measurements taken under a microscope with a calibrated eyepiece micrometer.,0.33,mm,individual,,both,adult,,,,,,,,,,,
PreservedSpecimen,Rhopalomastix rothneyi,Relative hindleg length,,0.97,mm,individual,,both,adult,,,,,,,,,,,
PreservedSpecimen,Solenopsis indagatrix,Weber s length,Microscope with a calibrated eyepiece micrometer,0.44,mm,individual,,both,adult,,,,,,,,,,,
PreservedSpecimen,Solenopsis indagatrix,Relative eye length,,0.09,mm,individual,,both,adult,,,,,,,,,,,
PreservedSpecimen,Solenopsis indagatrix,Relative scape length,Ratio calculation of scape length (SL) to Weber's length (WL),0.59,mm,individual,,both,adult,,,,,,,,,,,
PreservedSpecimen,Solenopsis indagatrix,Relative mandible length,Measurements taken under a microscope with a calibrated eyepiece micrometer.,0.41,mm,individual,,both,adult,,,,,,,,,,,
PreservedSpecimen,Solenopsis indagatrix,Relative hindleg length,,1.02,mm,individual,,both,adult,,,,,,,,,,,
PreservedSpecimen,Solenopsis indagatrix,X,,,,mode,,both,adult,,,,,,,,,,,
PreservedSpecimen,Solenopsis indagatrix,X,,X,,mode,,both,adult,,,,,,,,,,,
PreservedSpecimen,Strumigenys assamensis,Weber s length,Microscope with a calibrated eyepiece micrometer,0.76,mm,individual,,both,adult,,,,,,,,,,,
PreservedSpecimen,Strumigenys assamensis,Relative eye length,,0.11,mm,individual,,both,adult,,,,,,,,,,,
PreservedSpecimen,Strumigenys assamensis,Relative scape length,Ratio calculation of scape length (SL) to Weber's length (WL),0.41,mm,individual,,both,adult,,,,,,,,,,,
PreservedSpecimen,Strumigenys assamensis,Relative mandible length,Measurements taken under a microscope with a calibrated eyepiece micrometer.,0.30,mm,individual,,both,adult,,,,,,,,,,,
PreservedSpecimen,Strumigenys assamensis,Relative hindleg length,,1.24,mm,individual,,both,adult,,,,,,,,,,,
PreservedSpecimen,Strumigenys assamensis,X,,,,mode,,both,adult,,,,,,,,,,,
PreservedSpecimen,Strumigenys assamensis,X,,X,,mode,,both,adult,,,,,,,,,,,
PreservedSpecimen,Strumigenys cf. bryanti,Weber s length,Microscope with a calibrated eyepiece micrometer,0.73,mm,individual,,both,adult,,,,,,,,,,,
PreservedSpecimen,Strumigenys cf. bryanti,Relative eye length,,0.08,mm,individual,,both,adult,,,,,,,,,,,
PreservedSpecimen,Strumigenys cf. bryanti,Relative scape length,Ratio calculation of scape length (SL) to Weber's length (WL),0.52,mm,individual,,both,adult,,,,,,,,,,,
PreservedSpecimen,Strumigenys cf. bryanti,Relative mandible length,Measurements taken under a microscope with a calibrated eyepiece micrometer.,0.50,mm,individual,,both,adult,,,,,,,,,,,
PreservedSpecimen,Strumigenys cf. bryanti,Relative hindleg length,,1.17,mm,individual,,both,adult,,,,,,,,,,,
PreservedSpecimen,Strumigenys cf. bryanti,X,,,,mode,,both,adult,,,,,,,,,,,
PreservedSpecimen,Strumigenys cf. bryanti,X,,X,,mode,,both,adult,,,,,,,,,,,
PreservedSpecimen,Strumigenys cf. exhilirina,Weber s length,Microscope with a calibrated eyepiece micrometer,0.70,mm,individual,,both,adult,,,,,,,,,,,
PreservedSpecimen,Strumigenys cf. exhilirina,Relative eye length,,0.09,mm,individual,,both,adult,,,,,,,,,,,
PreservedSpecimen,Strumigenys cf. exhilirina,Relative scape length,Ratio calculation of scape length (SL) to Weber's length (WL),0.49,mm,individual,,both,adult,,,,,,,,,,,
PreservedSpecimen,Strumigenys cf. exhilirina,Relative mandible length,Measurements taken under a microscope with a calibrated eyepiece micrometer.,0.37,mm,individual,,both,adult,,,,,,,,,,,
PreservedSpecimen,Strumigenys cf. exhilirina,Relative hindleg length,,1.03,mm,individual,,both,adult,,,,,,,,,,,
PreservedSpecimen,Strumigenys cf. exhilirina,X,,X,,mode,,both,adult,,,,,,,,,,,
PreservedSpecimen,Strumigenys doriae,Weber s length,Microscope with a calibrated eyepiece micrometer,1.20,mm,individual,,both,adult,,,,,,,,,,,
PreservedSpecimen,Strumigenys doriae,Relative eye length,,0.05,mm,individual,,both,adult,,,,,,,,,,,
PreservedSpecimen,Strumigenys doriae,Relative scape length,Ratio calculation of scape length (SL) to Weber's length (WL),0.50,mm,individual,,both,adult,,,,,,,,,,,
PreservedSpecimen,Strumigenys doriae,Relative mandible length,Measurements taken under a microscope with a calibrated eyepiece micrometer.,0.50,mm,individual,,both,adult,,,,,,,,,,,
PreservedSpecimen,Strumigenys doriae,Relative hindleg length,,1.38,mm,individual,,both,adult,,,,,,,,,,,
PreservedSpecimen,Strumigenys doriae,X,,,,mode,,both,adult,,,,,,,,,,,
PreservedSpecimen,Strumigenys mitis,Weber s length,Microscope with a calibrated eyepiece micrometer,0.43,mm,individual,,both,adult,,,,,,,,,,,
PreservedSpecimen,Strumigenys mitis,Relative eye length,,0.12,mm,individual,,both,adult,,,,,,,,,,,
PreservedSpecimen,Strumigenys mitis,Relative scape length,Ratio calculation of scape length (SL) to Weber's length (WL),0.49,mm,individual,,both,adult,,,,,,,,,,,
PreservedSpecimen,Strumigenys mitis,Relative mandible length,Measurements taken under a microscope with a calibrated eyepiece micrometer.,0.32,mm,individual,,both,adult,,,,,,,,,,,
PreservedSpecimen,Strumigenys mitis,Relative hindleg length,,1.16,mm,individual,,both,adult,,,,,,,,,,,
PreservedSpecimen,Strumigenys mitis,X,,,,mode,,both,adult,,,,,,,,,,,
PreservedSpecimen,Strumigenys nanzanensis,Weber s length,Microscope with a calibrated eyepiece micrometer,0.68,mm,individual,,both,adult,,,,,,,,,,,
PreservedSpecimen,Strumigenys nanzanensis,Relative eye length,,0.12,mm,individual,,both,adult,,,,,,,,,,,
PreservedSpecimen,Strumigenys nanzanensis,Relative scape length,Ratio calculation of scape length (SL) to Weber's length (WL),0.56,mm,individual,,both,adult,,,,,,,,,,,
PreservedSpecimen,Strumigenys nanzanensis,Relative mandible length,Measurements taken under a microscope with a calibrated eyepiece micrometer.,0.39,mm,individual,,both,adult,,,,,,,,,,,
PreservedSpecimen,Strumigenys nanzanensis,Relative hindleg length,,1.25,mm,individual,,both,adult,,,,,,,,,,,
PreservedSpecimen,Strumigenys nanzanensis,X,,X,,mode,,both,adult,,,,,,,,,,,
PreservedSpecimen,Strumigenys nongba,Weber s length,Microscope with a calibrated eyepiece micrometer,0.60,mm,individual,,both,adult,,,,,,,,,,,
PreservedSpecimen,Strumigenys nongba,Relative eye length,,0.08,mm,individual,,both,adult,,,,,,,,,,,
PreservedSpecimen,Strumigenys nongba,Relative scape length,Ratio calculation of scape length (SL) to Weber's length (WL),0.54,mm,individual,,both,adult,,,,,,,,,,,
PreservedSpecimen,Strumigenys nongba,Relative mandible length,Measurements taken under a microscope with a calibrated eyepiece micrometer.,0.38,mm,individual,,both,adult,,,,,,,,,,,
PreservedSpecimen,Strumigenys nongba,Relative hindleg length,,1.39,mm,individual,,both,adult,,,,,,,,,,,
PreservedSpecimen,Strumigenys rallarhina,Weber s length,Microscope with a calibrated eyepiece micrometer,0.59,mm,individual,,both,adult,,,,,,,,,,,
PreservedSpecimen,Strumigenys rallarhina,Relative eye length,,0.07,mm,individual,,both,adult,,,,,,,,,,,
PreservedSpecimen,Strumigenys rallarhina,Relative scape length,Ratio calculation of scape length (SL) to Weber's length (WL),0.64,mm,individual,,both,adult,,,,,,,,,,,
PreservedSpecimen,Strumigenys rallarhina,Relative mandible length,Measurements taken under a microscope with a calibrated eyepiece micrometer.,0.50,mm,individual,,both,adult,,,,,,,,,,,
PreservedSpecimen,Strumigenys rallarhina,Relative hindleg length,,1.26,mm,individual,,both,adult,,,,,,,,,,,
PreservedSpecimen,Strumigenys rallarhina,X,,X,,mode,,both,adult,,,,,,,,,,,
PreservedSpecimen,Strumigenys sauteri,Weber s length,Microscope with a calibrated eyepiece micrometer,0.61,mm,individual,,both,adult,,,,,,,,,,,
PreservedSpecimen,Strumigenys sauteri,Relative eye length,,0.08,mm,individual,,both,adult,,,,,,,,,,,
PreservedSpecimen,Strumigenys sauteri,Relative scape length,Ratio calculation of scape length (SL) to Weber's length (WL),0.40,mm,individual,,both,adult,,,,,,,,,,,
PreservedSpecimen,Strumigenys sauteri,Relative mandible length,Measurements taken under a microscope with a calibrated eyepiece micrometer.,0.13,mm,individual,,both,adult,,,,,,,,,,,
PreservedSpecimen,Strumigenys sauteri,Relative hindleg length,,1.02,mm,individual,,both,adult,,,,,,,,,,,
PreservedSpecimen,Strumigenys sauteri,X,,X,,mode,,both,adult,,,,,,,,,,,
PreservedSpecimen,Strumigenys strugax,Weber s length,Microscope with a calibrated eyepiece micrometer,0.68,mm,individual,,both,adult,,,,,,,,,,,
PreservedSpecimen,Strumigenys strugax,Relative eye length,,0.08,mm,individual,,both,adult,,,,,,,,,,,
PreservedSpecimen,Strumigenys strugax,Relative scape length,Ratio calculation of scape length (SL) to Weber's length (WL),0.46,mm,individual,,both,adult,,,,,,,,,,,
PreservedSpecimen,Strumigenys strugax,Relative mandible length,Measurements taken under a microscope with a calibrated eyepiece micrometer.,0.43,mm,individual,,both,adult,,,,,,,,,,,
PreservedSpecimen,Strumigenys strugax,Relative hindleg length,,1.10,mm,individual,,both,adult,,,,,,,,,,,
PreservedSpecimen,Strumigenys strugax,X,,X,,mode,,both,adult,,,,,,,,,,,
PreservedSpecimen,Strumigenys sydorata,Weber s length,Microscope with a calibrated eyepiece micrometer,0.71,mm,individual,,both,adult,,,,,,,,,,,
PreservedSpecimen,Strumigenys sydorata,Relative eye length,,0.09,mm,individual,,both,adult,,,,,,,,,,,
PreservedSpecimen,Strumigenys sydorata,Relative scape length,Ratio calculation of scape length (SL) to Weber's length (WL),0.41,mm,individual,,both,adult,,,,,,,,,,,
PreservedSpecimen,Strumigenys sydorata,Relative mandible length,Measurements taken under a microscope with a calibrated eyepiece micrometer.,0.33,mm,individual,,both,adult,,,,,,,,,,,
PreservedSpecimen,Strumigenys sydorata,Relative hindleg length,,1.08,mm,individual,,both,adult,,,,,,,,,,,
PreservedSpecimen,Strumigenys sydorata,X,,,,mode,,both,adult,,,,,,,,,,,
PreservedSpecimen,Strumigenys sydorata,X,,X,,mode,,both,adult,,,,,,,,,,,
PreservedSpecimen,Strumigenys tritomea,Weber s length,Microscope with a calibrated eyepiece micrometer,0.83,mm,individual,,both,adult,,,,,,,,,,,
PreservedSpecimen,Strumigenys tritomea,Relative eye length,,0.10,mm,individual,,both,adult,,,,,,,,,,,
PreservedSpecimen,Strumigenys tritomea,Relative scape length,Ratio calculation of scape length (SL) to Weber's length (WL),0.44,mm,individual,,both,adult,,,,,,,,,,,
PreservedSpecimen,Strumigenys tritomea,Relative mandible length,Measurements taken under a microscope with a calibrated eyepiece micrometer.,0.36,mm,individual,,both,adult,,,,,,,,,,,
PreservedSpecimen,Strumigenys tritomea,Relative hindleg length,,1.25,mm,individual,,both,adult,,,,,,,,,,,
PreservedSpecimen,Strumigenys tritomea,X,,,,mode,,both,adult,,,,,,,,,,,
PreservedSpecimen,Strumigenys tritomea,X,,X,,mode,,both,adult,,,,,,,,,,,
PreservedSpecimen,Tapinoma indicum,Weber s length,Microscope with a calibrated eyepiece micrometer,0.46,mm,individual,,both,adult,,,,,,,,,,,
PreservedSpecimen,Tapinoma indicum,Relative eye length,,0.22,mm,individual,,both,adult,,,,,,,,,,,
PreservedSpecimen,Tapinoma indicum,Relative scape length,Ratio calculation of scape length (SL) to Weber's length (WL),0.70,mm,individual,,both,adult,,,,,,,,,,,
PreservedSpecimen,Tapinoma indicum,Relative mandible length,Measurements taken under a microscope with a calibrated eyepiece micrometer.,0.43,mm,individual,,both,adult,,,,,,,,,,,
PreservedSpecimen,Tapinoma indicum,Relative hindleg length,,1.43,mm,individual,,both,adult,,,,,,,,,,,
PreservedSpecimen,Technomyrmex albipes,Weber s length,Microscope with a calibrated eyepiece micrometer,0.84,mm,individual,,both,adult,,,,,,,,,,,
PreservedSpecimen,Technomyrmex albipes,Relative eye length,,0.18,mm,individual,,both,adult,,,,,,,,,,,
PreservedSpecimen,Technomyrmex albipes,Relative scape length,Ratio calculation of scape length (SL) to Weber's length (WL),0.69,mm,individual,,both,adult,,,,,,,,,,,
PreservedSpecimen,Technomyrmex albipes,Relative mandible length,Measurements taken under a microscope with a calibrated eyepiece micrometer.,0.34,mm,individual,,both,adult,,,,,,,,,,,
PreservedSpecimen,Technomyrmex albipes,Relative hindleg length,,1.37,mm,individual,,both,adult,,,,,,,,,,,
PreservedSpecimen,Technomyrmex albipes,X,,X,,mode,,both,adult,,,,,,,,,,,
PreservedSpecimen,Technomyrmex albipes,X,,,,mode,,both,adult,,,,,,,,,,,
PreservedSpecimen,Technomyrmex antennus,Weber s length,Microscope with a calibrated eyepiece micrometer,1.29,mm,individual,,both,adult,,,,,,,,,,,
PreservedSpecimen,Technomyrmex antennus,Relative eye length,,0.16,mm,individual,,both,adult,,,,,,,,,,,
PreservedSpecimen,Technomyrmex antennus,Relative scape length,Ratio calculation of scape length (SL) to Weber's length (WL),0.79,mm,individual,,both,adult,,,,,,,,,,,
PreservedSpecimen,Technomyrmex antennus,Relative mandible length,Measurements taken under a microscope with a calibrated eyepiece micrometer.,0.27,mm,individual,,both,adult,,,,,,,,,,,
PreservedSpecimen,Technomyrmex antennus,Relative hindleg length,,1.58,mm,individual,,both,adult,,,,,,,,,,,
PreservedSpecimen,Technomyrmex antennus,X,,,,mode,,both,adult,,,,,,,,,,,
PreservedSpecimen,Technomyrmex antennus,X,,X,,mode,,both,adult,,,,,,,,,,,
PreservedSpecimen,Technomyrmex elatior,Weber s length,Microscope with a calibrated eyepiece micrometer,0.93,mm,individual,,both,adult,,,,,,,,,,,
PreservedSpecimen,Technomyrmex elatior,Relative eye length,,0.19,mm,individual,,both,adult,,,,,,,,,,,
PreservedSpecimen,Technomyrmex elatior,Relative scape length,Ratio calculation of scape length (SL) to Weber's length (WL),0.74,mm,individual,,both,adult,,,,,,,,,,,
PreservedSpecimen,Technomyrmex elatior,Relative mandible length,Measurements taken under a microscope with a calibrated eyepiece micrometer.,0.38,mm,individual,,both,adult,,,,,,,,,,,
PreservedSpecimen,Technomyrmex elatior,Relative hindleg length,,1.49,mm,individual,,both,adult,,,,,,,,,,,
PreservedSpecimen,Technomyrmex elatior,X,,,,mode,,both,adult,,,,,,,,,,,
PreservedSpecimen,Technomyrmex elatior,X,,X,,mode,,both,adult,,,,,,,,,,,
PreservedSpecimen,Technomyrmex kraepelini,Weber s length,Microscope with a calibrated eyepiece micrometer,1.36,mm,individual,,both,adult,,,,,,,,,,,
PreservedSpecimen,Technomyrmex kraepelini,Relative eye length,,0.16,mm,individual,,both,adult,,,,,,,,,,,
PreservedSpecimen,Technomyrmex kraepelini,Relative scape length,Ratio calculation of scape length (SL) to Weber's length (WL),0.79,mm,individual,,both,adult,,,,,,,,,,,
PreservedSpecimen,Technomyrmex kraepelini,Relative mandible length,Measurements taken under a microscope with a calibrated eyepiece micrometer.,0.30,mm,individual,,both,adult,,,,,,,,,,,
PreservedSpecimen,Technomyrmex kraepelini,Relative hindleg length,,1.61,mm,individual,,both,adult,,,,,,,,,,,
PreservedSpecimen,Technomyrmex kraepelini,X,,X,,mode,,both,adult,,,,,,,,,,,
PreservedSpecimen,Technomyrmex obscurior,Weber s length,Microscope with a calibrated eyepiece micrometer,1.32,mm,individual,,both,adult,,,,,,,,,,,
PreservedSpecimen,Technomyrmex obscurior,Relative eye length,,0.16,mm,individual,,both,adult,,,,,,,,,,,
PreservedSpecimen,Technomyrmex obscurior,Relative scape length,Ratio calculation of scape length (SL) to Weber's length (WL),0.79,mm,individual,,both,adult,,,,,,,,,,,
PreservedSpecimen,Technomyrmex obscurior,Relative mandible length,Measurements taken under a microscope with a calibrated eyepiece micrometer.,0.26,mm,individual,,both,adult,,,,,,,,,,,
PreservedSpecimen,Technomyrmex obscurior,Relative hindleg length,,1.59,mm,individual,,both,adult,,,,,,,,,,,
PreservedSpecimen,Technomyrmex pratensis,Weber s length,Microscope with a calibrated eyepiece micrometer,1.02,mm,individual,,both,adult,,,,,,,,,,,
PreservedSpecimen,Technomyrmex pratensis,Relative eye length,,0.20,mm,individual,,both,adult,,,,,,,,,,,
PreservedSpecimen,Technomyrmex pratensis,Relative scape length,Ratio calculation of scape length (SL) to Weber's length (WL),0.66,mm,individual,,both,adult,,,,,,,,,,,
PreservedSpecimen,Technomyrmex pratensis,Relative mandible length,Measurements taken under a microscope with a calibrated eyepiece micrometer.,0.26,mm,individual,,both,adult,,,,,,,,,,,
PreservedSpecimen,Technomyrmex pratensis,Relative hindleg length,,1.36,mm,individual,,both,adult,,,,,,,,,,,
PreservedSpecimen,Technomyrmex vitiensis,Weber s length,Microscope with a calibrated eyepiece micrometer,1.06,mm,individual,,both,adult,,,,,,,,,,,
PreservedSpecimen,Technomyrmex vitiensis,Relative eye length,,0.19,mm,individual,,both,adult,,,,,,,,,,,
PreservedSpecimen,Technomyrmex vitiensis,Relative scape length,Ratio calculation of scape length (SL) to Weber's length (WL),0.72,mm,individual,,both,adult,,,,,,,,,,,
PreservedSpecimen,Technomyrmex vitiensis,Relative mandible length,Measurements taken under a microscope with a calibrated eyepiece micrometer.,0.26,mm,individual,,both,adult,,,,,,,,,,,
PreservedSpecimen,Technomyrmex vitiensis,Relative hindleg length,,1.42,mm,individual,,both,adult,,,,,,,,,,,
PreservedSpecimen,Technomyrmex yamanei,Weber s length,Microscope with a calibrated eyepiece micrometer,1.19,mm,individual,,both,adult,,,,,,,,,,,
PreservedSpecimen,Technomyrmex yamanei,Relative eye length,,0.16,mm,individual,,both,adult,,,,,,,,,,,
PreservedSpecimen,Technomyrmex yamanei,Relative scape length,Ratio calculation of scape length (SL) to Weber's length (WL),0.73,mm,individual,,both,adult,,,,,,,,,,,
PreservedSpecimen,Technomyrmex yamanei,Relative mandible length,Measurements taken under a microscope with a calibrated eyepiece micrometer.,0.36,mm,individual,,both,adult,,,,,,,,,,,
PreservedSpecimen,Technomyrmex yamanei,Relative hindleg length,,1.80,mm,individual,,both,adult,,,,,,,,,,,
PreservedSpecimen,Temnothorax angulohumerus,Weber s length,Microscope with a calibrated eyepiece micrometer,0.83,mm,individual,,both,adult,,,,,,,,,,,
PreservedSpecimen,Temnothorax angulohumerus,Relative eye length,,0.17,mm,individual,,both,adult,,,,,,,,,,,
PreservedSpecimen,Temnothorax angulohumerus,Relative scape length,Ratio calculation of scape length (SL) to Weber's length (WL),0.69,mm,individual,,both,adult,,,,,,,,,,,
PreservedSpecimen,Temnothorax angulohumerus,Relative mandible length,Measurements taken under a microscope with a calibrated eyepiece micrometer.,0.39,mm,individual,,both,adult,,,,,,,,,,,
PreservedSpecimen,Temnothorax angulohumerus,Relative hindleg length,,1.39,mm,individual,,both,adult,,,,,,,,,,,
PreservedSpecimen,Temnothorax cf. congruus,Weber s length,Microscope with a calibrated eyepiece micrometer,0.74,mm,individual,,both,adult,,,,,,,,,,,
PreservedSpecimen,Temnothorax cf. congruus,Relative eye length,,0.19,mm,individual,,both,adult,,,,,,,,,,,
PreservedSpecimen,Temnothorax cf. congruus,Relative scape length,Ratio calculation of scape length (SL) to Weber's length (WL),0.57,mm,individual,,both,adult,,,,,,,,,,,
PreservedSpecimen,Temnothorax cf. congruus,Relative mandible length,Measurements taken under a microscope with a calibrated eyepiece micrometer.,0.35,mm,individual,,both,adult,,,,,,,,,,,
PreservedSpecimen,Temnothorax cf. congruus,Relative hindleg length,,1.43,mm,individual,,both,adult,,,,,,,,,,,
PreservedSpecimen,Temnothorax cf. zhejiangensis,Weber s length,Microscope with a calibrated eyepiece micrometer,0.66,mm,individual,,both,adult,,,,,,,,,,,
PreservedSpecimen,Temnothorax cf. zhejiangensis,Relative eye length,,0.21,mm,individual,,both,adult,,,,,,,,,,,
PreservedSpecimen,Temnothorax cf. zhejiangensis,Relative scape length,Ratio calculation of scape length (SL) to Weber's length (WL),0.55,mm,individual,,both,adult,,,,,,,,,,,
PreservedSpecimen,Temnothorax cf. zhejiangensis,Relative mandible length,Measurements taken under a microscope with a calibrated eyepiece micrometer.,0.29,mm,individual,,both,adult,,,,,,,,,,,
PreservedSpecimen,Temnothorax cf. zhejiangensis,Relative hindleg length,,1.18,mm,individual,,both,adult,,,,,,,,,,,
PreservedSpecimen,Temnothorax sp. C,Weber s length,Microscope with a calibrated eyepiece micrometer,0.79,mm,individual,,both,adult,,,,,,,,,,,
PreservedSpecimen,Temnothorax sp. C,Relative eye length,,0.15,mm,individual,,both,adult,,,,,,,,,,,
PreservedSpecimen,Temnothorax sp. C,Relative scape length,Ratio calculation of scape length (SL) to Weber's length (WL),0.50,mm,individual,,both,adult,,,,,,,,,,,
PreservedSpecimen,Temnothorax sp. C,Relative mandible length,Measurements taken under a microscope with a calibrated eyepiece micrometer.,0.27,mm,individual,,both,adult,,,,,,,,,,,
PreservedSpecimen,Temnothorax sp. C,Relative hindleg length,,1.05,mm,individual,,both,adult,,,,,,,,,,,
PreservedSpecimen,Tetramorium indosinense,Weber s length,Microscope with a calibrated eyepiece micrometer,1.01,mm,individual,,both,adult,,,,,,,,,,,
PreservedSpecimen,Tetramorium indosinense,Relative eye length,,0.16,mm,individual,,both,adult,,,,,,,,,,,
PreservedSpecimen,Tetramorium indosinense,Relative scape length,Ratio calculation of scape length (SL) to Weber's length (WL),0.68,mm,individual,,both,adult,,,,,,,,,,,
PreservedSpecimen,Tetramorium indosinense,Relative mandible length,Measurements taken under a microscope with a calibrated eyepiece micrometer.,0.50,mm,individual,,both,adult,,,,,,,,,,,
PreservedSpecimen,Tetramorium indosinense,Relative hindleg length,,1.51,mm,individual,,both,adult,,,,,,,,,,,
PreservedSpecimen,Tetramorium kraepelini,Weber s length,Microscope with a calibrated eyepiece micrometer,0.62,mm,individual,,both,adult,,,,,,,,,,,
PreservedSpecimen,Tetramorium kraepelini,Relative eye length,,0.19,mm,individual,,both,adult,,,,,,,,,,,
PreservedSpecimen,Tetramorium kraepelini,Relative scape length,Ratio calculation of scape length (SL) to Weber's length (WL),0.55,mm,individual,,both,adult,,,,,,,,,,,
PreservedSpecimen,Tetramorium kraepelini,Relative mandible length,Measurements taken under a microscope with a calibrated eyepiece micrometer.,0.47,mm,individual,,both,adult,,,,,,,,,,,
PreservedSpecimen,Tetramorium kraepelini,Relative hindleg length,,1.13,mm,individual,,both,adult,,,,,,,,,,,
PreservedSpecimen,Tetramorium kraepelini,X,,X,,mode,,both,adult,,,,,,,,,,,
PreservedSpecimen,Tetramorium lanuginosum,Weber s length,Microscope with a calibrated eyepiece micrometer,0.70,mm,individual,,both,adult,,,,,,,,,,,
PreservedSpecimen,Tetramorium lanuginosum,Relative eye length,,0.19,mm,individual,,both,adult,,,,,,,,,,,
PreservedSpecimen,Tetramorium lanuginosum,Relative scape length,Ratio calculation of scape length (SL) to Weber's length (WL),0.55,mm,individual,,both,adult,,,,,,,,,,,
PreservedSpecimen,Tetramorium lanuginosum,Relative mandible length,Measurements taken under a microscope with a calibrated eyepiece micrometer.,0.43,mm,individual,,both,adult,,,,,,,,,,,
PreservedSpecimen,Tetramorium lanuginosum,Relative hindleg length,,1.15,mm,individual,,both,adult,,,,,,,,,,,
PreservedSpecimen,Tetramorium lanuginosum,X,,,,mode,,both,adult,,,,,,,,,,,
PreservedSpecimen,Tetramorium lanuginosum,X,,X,,mode,,both,adult,,,,,,,,,,,
PreservedSpecimen,Tetramorium laparum,Weber s length,Microscope with a calibrated eyepiece micrometer,0.78,mm,individual,,both,adult,,,,,,,,,,,
PreservedSpecimen,Tetramorium laparum,Relative eye length,,0.19,mm,individual,,both,adult,,,,,,,,,,,
PreservedSpecimen,Tetramorium laparum,Relative scape length,Ratio calculation of scape length (SL) to Weber's length (WL),0.63,mm,individual,,both,adult,,,,,,,,,,,
PreservedSpecimen,Tetramorium laparum,Relative mandible length,Measurements taken under a microscope with a calibrated eyepiece micrometer.,0.42,mm,individual,,both,adult,,,,,,,,,,,
PreservedSpecimen,Tetramorium laparum,Relative hindleg length,,1.27,mm,individual,,both,adult,,,,,,,,,,,
PreservedSpecimen,Tetramorium melleus,Weber s length,Microscope with a calibrated eyepiece micrometer,0.90,mm,individual,,both,adult,,,,,,,,,,,
PreservedSpecimen,Tetramorium melleus,Relative eye length,,0.16,mm,individual,,both,adult,,,,,,,,,,,
PreservedSpecimen,Tetramorium melleus,Relative scape length,Ratio calculation of scape length (SL) to Weber's length (WL),0.73,mm,individual,,both,adult,,,,,,,,,,,
PreservedSpecimen,Tetramorium melleus,Relative mandible length,Measurements taken under a microscope with a calibrated eyepiece micrometer.,0.47,mm,individual,,both,adult,,,,,,,,,,,
PreservedSpecimen,Tetramorium melleus,Relative hindleg length,,1.71,mm,individual,,both,adult,,,,,,,,,,,
PreservedSpecimen,Tetramorium nipponense,Weber s length,Microscope with a calibrated eyepiece micrometer,1.03,mm,individual,,both,adult,,,,,,,,,,,
PreservedSpecimen,Tetramorium nipponense,Relative eye length,,0.19,mm,individual,,both,adult,,,,,,,,,,,
PreservedSpecimen,Tetramorium nipponense,Relative scape length,Ratio calculation of scape length (SL) to Weber's length (WL),0.57,mm,individual,,both,adult,,,,,,,,,,,
PreservedSpecimen,Tetramorium nipponense,Relative mandible length,Measurements taken under a microscope with a calibrated eyepiece micrometer.,0.39,mm,individual,,both,adult,,,,,,,,,,,
PreservedSpecimen,Tetramorium nipponense,Relative hindleg length,,1.21,mm,individual,,both,adult,,,,,,,,,,,
PreservedSpecimen,Tetramorium nipponense,X,,X,,mode,,both,adult,,,,,,,,,,,
PreservedSpecimen,Tetramorium obtusidens,Weber s length,Microscope with a calibrated eyepiece micrometer,0.78,mm,individual,,both,adult,,,,,,,,,,,
PreservedSpecimen,Tetramorium obtusidens,Relative eye length,,0.19,mm,individual,,both,adult,,,,,,,,,,,
PreservedSpecimen,Tetramorium obtusidens,Relative scape length,Ratio calculation of scape length (SL) to Weber's length (WL),0.54,mm,individual,,both,adult,,,,,,,,,,,
PreservedSpecimen,Tetramorium obtusidens,Relative mandible length,Measurements taken under a microscope with a calibrated eyepiece micrometer.,0.36,mm,individual,,both,adult,,,,,,,,,,,
PreservedSpecimen,Tetramorium obtusidens,Relative hindleg length,,1.12,mm,individual,,both,adult,,,,,,,,,,,
PreservedSpecimen,Tetramorium pacificum,Weber s length,Microscope with a calibrated eyepiece micrometer,1.06,mm,individual,,both,adult,,,,,,,,,,,
PreservedSpecimen,Tetramorium pacificum,Relative eye length,,0.19,mm,individual,,both,adult,,,,,,,,,,,
PreservedSpecimen,Tetramorium pacificum,Relative scape length,Ratio calculation of scape length (SL) to Weber's length (WL),0.57,mm,individual,,both,adult,,,,,,,,,,,
PreservedSpecimen,Tetramorium pacificum,Relative mandible length,Measurements taken under a microscope with a calibrated eyepiece micrometer.,0.32,mm,individual,,both,adult,,,,,,,,,,,
PreservedSpecimen,Tetramorium pacificum,Relative hindleg length,,1.38,mm,individual,,both,adult,,,,,,,,,,,
PreservedSpecimen,Tetramorium smithi,Weber s length,Microscope with a calibrated eyepiece micrometer,1.02,mm,individual,,both,adult,,,,,,,,,,,
PreservedSpecimen,Tetramorium smithi,Relative eye length,,0.17,mm,individual,,both,adult,,,,,,,,,,,
PreservedSpecimen,Tetramorium smithi,Relative scape length,Ratio calculation of scape length (SL) to Weber's length (WL),0.61,mm,individual,,both,adult,,,,,,,,,,,
PreservedSpecimen,Tetramorium smithi,Relative mandible length,Measurements taken under a microscope with a calibrated eyepiece micrometer.,0.41,mm,individual,,both,adult,,,,,,,,,,,
PreservedSpecimen,Tetramorium smithi,Relative hindleg length,,1.31,mm,individual,,both,adult,,,,,,,,,,,
PreservedSpecimen,Tetramorium smithi,X,,,,mode,,both,adult,,,,,,,,,,,
PreservedSpecimen,Tetramorium wroughtonii,Weber s length,Microscope with a calibrated eyepiece micrometer,0.80,mm,individual,,both,adult,,,,,,,,,,,
PreservedSpecimen,Tetramorium wroughtonii,Relative eye length,,0.18,mm,individual,,both,adult,,,,,,,,,,,
PreservedSpecimen,Tetramorium wroughtonii,Relative scape length,Ratio calculation of scape length (SL) to Weber's length (WL),0.67,mm,individual,,both,adult,,,,,,,,,,,
PreservedSpecimen,Tetramorium wroughtonii,Relative mandible length,Measurements taken under a microscope with a calibrated eyepiece micrometer.,0.50,mm,individual,,both,adult,,,,,,,,,,,
PreservedSpecimen,Tetramorium wroughtonii,Relative hindleg length,,1.49,mm,individual,,both,adult,,,,,,,,,,,
PreservedSpecimen,Tetraponera allaborans,Weber s length,Microscope with a calibrated eyepiece micrometer,1.44,mm,individual,,both,adult,,,,,,,,,,,
PreservedSpecimen,Tetraponera allaborans,Relative eye length,,0.24,mm,individual,,both,adult,,,,,,,,,,,
PreservedSpecimen,Tetraponera allaborans,Relative scape length,Ratio calculation of scape length (SL) to Weber's length (WL),0.35,mm,individual,,both,adult,,,,,,,,,,,
PreservedSpecimen,Tetraponera allaborans,Relative mandible length,Measurements taken under a microscope with a calibrated eyepiece micrometer.,0.24,mm,individual,,both,adult,,,,,,,,,,,
PreservedSpecimen,Tetraponera allaborans,Relative hindleg length,,1.00,mm,individual,,both,adult,,,,,,,,,,,
PreservedSpecimen,Tetraponera allaborans,X,,X,,mode,,both,adult,,,,,,,,,,,
PreservedSpecimen,Tetraponera allaborans,X,,,,mode,,both,adult,,,,,,,,,,,
PreservedSpecimen,Tetraponera attenuata,Weber s length,Microscope with a calibrated eyepiece micrometer,2.13,mm,individual,,both,adult,,,,,,,,,,,
PreservedSpecimen,Tetraponera attenuata,Relative eye length,,0.18,mm,individual,,both,adult,,,,,,,,,,,
PreservedSpecimen,Tetraponera attenuata,Relative scape length,Ratio calculation of scape length (SL) to Weber's length (WL),0.36,mm,individual,,both,adult,,,,,,,,,,,
PreservedSpecimen,Tetraponera attenuata,Relative mandible length,Measurements taken under a microscope with a calibrated eyepiece micrometer.,0.24,mm,individual,,both,adult,,,,,,,,,,,
PreservedSpecimen,Tetraponera attenuata,Relative hindleg length,,1.03,mm,individual,,both,adult,,,,,,,,,,,
PreservedSpecimen,Tetraponera attenuata,X,,X,,mode,,both,adult,,,,,,,,,,,
PreservedSpecimen,Tetraponera furcata,Weber s length,Microscope with a calibrated eyepiece micrometer,1.27,mm,individual,,both,adult,,,,,,,,,,,
PreservedSpecimen,Tetraponera furcata,Relative eye length,,0.26,mm,individual,,both,adult,,,,,,,,,,,
PreservedSpecimen,Tetraponera furcata,Relative scape length,Ratio calculation of scape length (SL) to Weber's length (WL),0.35,mm,individual,,both,adult,,,,,,,,,,,
PreservedSpecimen,Tetraponera furcata,Relative mandible length,Measurements taken under a microscope with a calibrated eyepiece micrometer.,0.24,mm,individual,,both,adult,,,,,,,,,,,
PreservedSpecimen,Tetraponera furcata,Relative hindleg length,,1.01,mm,individual,,both,adult,,,,,,,,,,,
PreservedSpecimen,Vollenhovia emeryi,Weber s length,Microscope with a calibrated eyepiece micrometer,0.74,mm,individual,,both,adult,,,,,,,,,,,
PreservedSpecimen,Vollenhovia emeryi,Relative eye length,,0.16,mm,individual,,both,adult,,,,,,,,,,,
PreservedSpecimen,Vollenhovia emeryi,Relative scape length,Ratio calculation of scape length (SL) to Weber's length (WL),0.48,mm,individual,,both,adult,,,,,,,,,,,
PreservedSpecimen,Vollenhovia emeryi,Relative mandible length,Measurements taken under a microscope with a calibrated eyepiece micrometer.,0.36,mm,individual,,both,adult,,,,,,,,,,,
PreservedSpecimen,Vollenhovia emeryi,Relative hindleg length,,0.96,mm,individual,,both,adult,,,,,,,,,,,
PreservedSpecimen,Vollenhovia emeryi,X,,X,,mode,,both,adult,,,,,,,,,,,
PreservedSpecimen,Vollenhovia lucimandibula,Weber s length,Microscope with a calibrated eyepiece micrometer,1.08,mm,individual,,both,adult,,,,,,,,,,,
PreservedSpecimen,Vollenhovia lucimandibula,Relative eye length,,0.10,mm,individual,,both,adult,,,,,,,,,,,
PreservedSpecimen,Vollenhovia lucimandibula,Relative scape length,Ratio calculation of scape length (SL) to Weber's length (WL),0.49,mm,individual,,both,adult,,,,,,,,,,,
PreservedSpecimen,Vollenhovia lucimandibula,Relative mandible length,Measurements taken under a microscope with a calibrated eyepiece micrometer.,0.43,mm,individual,,both,adult,,,,,,,,,,,
PreservedSpecimen,Vollenhovia lucimandibula,Relative hindleg length,,1.00,mm,individual,,both,adult,,,,,,,,,,,
PreservedSpecimen,Vombisidris tibeta,Weber s length,Microscope with a calibrated eyepiece micrometer,1.01,mm,individual,,both,adult,,,,,,,,,,,
PreservedSpecimen,Vombisidris tibeta,Relative eye length,,0.18,mm,individual,,both,adult,,,,,,,,,,,
PreservedSpecimen,Vombisidris tibeta,Relative scape length,Ratio calculation of scape length (SL) to Weber's length (WL),0.53,mm,individual,,both,adult,,,,,,,,,,,
PreservedSpecimen,Vombisidris tibeta,Relative mandible length,Measurements taken under a microscope with a calibrated eyepiece micrometer.,0.35,mm,individual,,both,adult,,,,,,,,,,,
PreservedSpecimen,Vombisidris tibeta,Relative hindleg length,,1.13,mm,individual,,both,adult,,,,,,,,,,,
PreservedSpecimen,Species/morphospecies,Elevation level,,3256,,mode,,both,adult,,,,,,,,,,,
HumanObservation,Species/morphospecies,3200,,3254,,mode,,both,adult,,,,,,,,,,,
HumanObservation,Species/morphospecies,3200,,3258,,mode,,both,adult,,,,,,,,,,,
HumanObservation,Species/morphospecies,3200,,3259,,mode,,both,adult,,,,,,,,,,,
HumanObservation,Species/morphospecies,3200,,3256,,mode,,both,adult,,,,,,,,,,,
PreservedSpecimen,Species/morphospecies,Elevation level,,3390,,mode,,both,adult,,,,,,,,,,,
PreservedSpecimen,Species/morphospecies,3400,,3355,,mode,,both,adult,,,,,,,,,,,
PreservedSpecimen,Species/morphospecies,3400,,3361,,mode,,both,adult,,,,,,,,,,,
PreservedSpecimen,Species/morphospecies,3400,,3365,,mode,,both,adult,,,,,,,,,,,
PreservedSpecimen,Species/morphospecies,3400,,3390,,mode,,both,adult,,,,,,,,,,,
PreservedSpecimen,Species/morphospecies,Elevation level,,3504,,mode,,both,adult,,,,,,,,,,,
PreservedSpecimen,Species/morphospecies,3600,,3588,,mode,,both,adult,,,,,,,,,,,
PreservedSpecimen,Species/morphospecies,3600,,3559,,mode,,both,adult,,,,,,,,,,,
PreservedSpecimen,Species/morphospecies,3600,,3504,,mode,,both,adult,,,,,,,,,,,
