basisOfRecord,verbatimIdentification,measurementType,measurementMethod,measurementValue ,measurementUnit,measurementStatistic,measurementRemarks,sex,lifeStage,caste,sampleSizeValue,sampleSizeUnit,sampleTreatment,samplingProtocol,verbatimLocality ,verbatimCoordinates,verbatimEventDate,associatedOccurrences,associatedReferences ,externalLink
PreservedSpecimen,Aglais_urticae,WingsHR,average between minimum and maximum wingspan reported in four literature sources,23.5,,single observation,,both,adult,,,,,,,,,,,
PreservedSpecimen,Aglais_urticae,WingsPamp,,47.5,,average,,both,adult,,,,,,,,,,,
,Aglais_urticae,WingLaf,,24,,mode,,both,adult,,,,,,,,,,,
PreservedSpecimen,Aglais_urticae,wingsTSF,Wingspan was obtained as the average between minimum and maximum wingspan reported in literature sources.,48,,mean,,both,adult,,,,,,,,,,,
PreservedSpecimen,Aglais_urticae,wingsTSM,,45,,mean,,both,adult,,,,,,,,,,,
,Aglais_urticae,Volt,,1,,mode,,both,adult,,,,,,,,,,,
HumanObservation,Aglais_urticae,Flight Months,,5,,mode,,both,adult,,,,,,,,,,,
PreservedSpecimen,Aglais_urticae,First emergence,Molecular analysis of COI gene sequences combined with functional trait extraction and environmental modeling.,6,,mode,,both,adult,,,,,,,,,,,
HumanObservation,Aglais_urticae,First Month,,5,,mode,,both,adult,,,,,,,,,,,
HumanObservation,Aglais_urticae,Last Month,Phenology assessment based on personal observations and the Butterfly Diversity and Evolution Lab database (2009–2018).,9,,mode,,both,adult,,,,,,,,,,,
HumanObservation,Aglais_urticae,Tmean,,8.12,°C,mean,,both,adult,,,,,,,,,,,
,Aglais_urticae,T95L,,7.94,,mode,,both,adult,,,,,,,,,,,
,Aglais_urticae,T95H,,8.3,,mode,,both,adult,,,,,,,,,,,
PreservedSpecimen,Aglais_urticae,TSD,Calculation of genetic differentiation indices ($G_{st}$ and $D_{st}$) using mitochondrial COI sequences,3.76,ratio,Single observation,,both,adult,,,,,,,,,,,
,Aglais_urticae,Pmean,,781.52,,mode,,both,adult,,,,,,,,,,,
,Aglais_urticae,P95L,,766.71,,mode,,both,adult,,,,,,,,,,,
,Aglais_urticae,P95H,,796.34,,mode,,both,adult,,,,,,,,,,,
PreservedSpecimen,Aglais_urticae,PSD,Genetic distance calculation (DS) relative to Palaearctic sectors using COI sequences,306.73,p-distance,single observation,,both,adult,,,,,,,,,,,
PreservedSpecimen,Aglais_urticae,hp,,1,,mode,,both,adult,,,,,,,,,,,
Occurrence,Aglais_urticae,windmax,,391,mph,mean,,both,adult,,,,,,,,,,,
Occurrence,Aglais_urticae,windmean,,-300.6532471,mph,mean,,both,adult,,,,,,,,,,,
HumanObservation,Aglais_urticae,windsum,,-1191.31563,,mean,,both,adult,,,,,,,,,,,
PreservedSpecimen,Aglais_urticae,Dstdrunk,,3071.113724,km,single observation,,both,adult,,,,,,,,,,,
PreservedSpecimen,Aglais_urticae,Dstwolf,,173.8772624,%,single observation,,both,adult,,,,,,,,,,,
PreservedSpecimen,Anthocharis_cardamines,WingsHR,average between minimum and maximum wingspan reported in four literature sources,21.5,,single observation,,both,adult,,,,,,,,,,,
PreservedSpecimen,Anthocharis_cardamines,WingsPamp,,42.5,,average,,both,adult,,,,,,,,,,,
,Anthocharis_cardamines,WingLaf,,21.5,,mode,,both,adult,,,,,,,,,,,
PreservedSpecimen,Anthocharis_cardamines,wingsTSF,Wingspan was obtained as the average between minimum and maximum wingspan reported in literature sources.,39,,mean,,both,adult,,,,,,,,,,,
PreservedSpecimen,Anthocharis_cardamines,wingsTSM,,40.5,,mean,,both,adult,,,,,,,,,,,
,Anthocharis_cardamines,Volt,,1,,mode,,both,adult,,,,,,,,,,,
HumanObservation,Anthocharis_cardamines,Flight Months,,4,,mode,,both,adult,,,,,,,,,,,
PreservedSpecimen,Anthocharis_cardamines,First emergence,Molecular analysis of COI gene sequences combined with functional trait extraction and environmental modeling.,3,,mode,,both,adult,,,,,,,,,,,
HumanObservation,Anthocharis_cardamines,First Month,,3,,mode,,both,adult,,,,,,,,,,,
HumanObservation,Anthocharis_cardamines,Last Month,Phenology assessment based on personal observations and the Butterfly Diversity and Evolution Lab database (2009–2018).,6,,mode,,both,adult,,,,,,,,,,,
HumanObservation,Anthocharis_cardamines,Tmean,,8.3,°C,mean,,both,adult,,,,,,,,,,,
,Anthocharis_cardamines,T95L,,8.08,,mode,,both,adult,,,,,,,,,,,
,Anthocharis_cardamines,T95H,,8.51,,mode,,both,adult,,,,,,,,,,,
PreservedSpecimen,Anthocharis_cardamines,TSD,Calculation of genetic differentiation indices ($G_{st}$ and $D_{st}$) using mitochondrial COI sequences,3.88,ratio,Single observation,,both,adult,,,,,,,,,,,
,Anthocharis_cardamines,Pmean,,778.77,,mode,,both,adult,,,,,,,,,,,
,Anthocharis_cardamines,P95L,,762.14,,mode,,both,adult,,,,,,,,,,,
,Anthocharis_cardamines,P95H,,795.4,,mode,,both,adult,,,,,,,,,,,
PreservedSpecimen,Anthocharis_cardamines,PSD,Genetic distance calculation (DS) relative to Palaearctic sectors using COI sequences,299.1,p-distance,single observation,,both,adult,,,,,,,,,,,
PreservedSpecimen,Anthocharis_cardamines,hp,,6,,mode,,both,adult,,,,,,,,,,,
Occurrence,Anthocharis_cardamines,windmax,,391,mph,mean,,both,adult,,,,,,,,,,,
Occurrence,Anthocharis_cardamines,windmean,,-291.1649382,mph,mean,,both,adult,,,,,,,,,,,
HumanObservation,Anthocharis_cardamines,windsum,,-929.355483,,mean,,both,adult,,,,,,,,,,,
PreservedSpecimen,Anthocharis_cardamines,Dstdrunk,,2884.996488,km,single observation,,both,adult,,,,,,,,,,,
PreservedSpecimen,Anthocharis_cardamines,Dstwolf,,168.3726406,%,single observation,,both,adult,,,,,,,,,,,
PreservedSpecimen,Anthocharis_damone,WingsHR,average between minimum and maximum wingspan reported in four literature sources,19.5,,single observation,,both,adult,,,,,,,,,,,
PreservedSpecimen,Anthocharis_damone,WingsPamp,,37.5,,average,,both,adult,,,,,,,,,,,
,Anthocharis_damone,WingLaf,,NA,,mode,,both,adult,,,,,,,,,,,
PreservedSpecimen,Anthocharis_damone,wingsTSF,Wingspan was obtained as the average between minimum and maximum wingspan reported in literature sources.,39.5,,mean,,both,adult,,,,,,,,,,,
PreservedSpecimen,Anthocharis_damone,wingsTSM,,39.5,,mean,,both,adult,,,,,,,,,,,
,Anthocharis_damone,Volt,,1,,mode,,both,adult,,,,,,,,,,,
HumanObservation,Anthocharis_damone,Flight Months,,2,,mode,,both,adult,,,,,,,,,,,
PreservedSpecimen,Anthocharis_damone,First emergence,Molecular analysis of COI gene sequences combined with functional trait extraction and environmental modeling.,4,,mode,,both,adult,,,,,,,,,,,
HumanObservation,Anthocharis_damone,First Month,,4,,mode,,both,adult,,,,,,,,,,,
HumanObservation,Anthocharis_damone,Last Month,Phenology assessment based on personal observations and the Butterfly Diversity and Evolution Lab database (2009–2018).,5,,mode,,both,adult,,,,,,,,,,,
HumanObservation,Anthocharis_damone,Tmean,,13.72,°C,mean,,both,adult,,,,,,,,,,,
,Anthocharis_damone,T95L,,12.68,,mode,,both,adult,,,,,,,,,,,
,Anthocharis_damone,T95H,,14.76,,mode,,both,adult,,,,,,,,,,,
PreservedSpecimen,Anthocharis_damone,TSD,Calculation of genetic differentiation indices ($G_{st}$ and $D_{st}$) using mitochondrial COI sequences,2.16,ratio,Single observation,,both,adult,,,,,,,,,,,
,Anthocharis_damone,Pmean,,750.69,,mode,,both,adult,,,,,,,,,,,
,Anthocharis_damone,P95L,,667.33,,mode,,both,adult,,,,,,,,,,,
,Anthocharis_damone,P95H,,834.04,,mode,,both,adult,,,,,,,,,,,
PreservedSpecimen,Anthocharis_damone,PSD,Genetic distance calculation (DS) relative to Palaearctic sectors using COI sequences,172.94,p-distance,single observation,,both,adult,,,,,,,,,,,
PreservedSpecimen,Anthocharis_damone,hp,,1,,mode,,both,adult,,,,,,,,,,,
Occurrence,Anthocharis_damone,windmax,,391,mph,mean,,both,adult,,,,,,,,,,,
Occurrence,Anthocharis_damone,windmean,,-292.507406,mph,mean,,both,adult,,,,,,,,,,,
HumanObservation,Anthocharis_damone,windsum,,-466.3409918,,mean,,both,adult,,,,,,,,,,,
PreservedSpecimen,Anthocharis_damone,Dstdrunk,,1399.249529,km,single observation,,both,adult,,,,,,,,,,,
PreservedSpecimen,Anthocharis_damone,Dstwolf,,113.3567024,%,single observation,,both,adult,,,,,,,,,,,
PreservedSpecimen,Aporia_crataegi,WingsHR,average between minimum and maximum wingspan reported in four literature sources,31,,single observation,,both,adult,,,,,,,,,,,
PreservedSpecimen,Aporia_crataegi,WingsPamp,,65,,average,,both,adult,,,,,,,,,,,
,Aporia_crataegi,WingLaf,,31.5,,mode,,both,adult,,,,,,,,,,,
PreservedSpecimen,Aporia_crataegi,wingsTSF,Wingspan was obtained as the average between minimum and maximum wingspan reported in literature sources.,62.5,,mean,,both,adult,,,,,,,,,,,
PreservedSpecimen,Aporia_crataegi,wingsTSM,,58.5,,mean,,both,adult,,,,,,,,,,,
,Aporia_crataegi,Volt,,1,,mode,,both,adult,,,,,,,,,,,
HumanObservation,Aporia_crataegi,Flight Months,,3,,mode,,both,adult,,,,,,,,,,,
PreservedSpecimen,Aporia_crataegi,First emergence,Molecular analysis of COI gene sequences combined with functional trait extraction and environmental modeling.,5,,mode,,both,adult,,,,,,,,,,,
HumanObservation,Aporia_crataegi,First Month,,5,,mode,,both,adult,,,,,,,,,,,
HumanObservation,Aporia_crataegi,Last Month,Phenology assessment based on personal observations and the Butterfly Diversity and Evolution Lab database (2009–2018).,7,,mode,,both,adult,,,,,,,,,,,
HumanObservation,Aporia_crataegi,Tmean,,9.14,°C,mean,,both,adult,,,,,,,,,,,
,Aporia_crataegi,T95L,,8.91,,mode,,both,adult,,,,,,,,,,,
,Aporia_crataegi,T95H,,9.37,,mode,,both,adult,,,,,,,,,,,
PreservedSpecimen,Aporia_crataegi,TSD,Calculation of genetic differentiation indices ($G_{st}$ and $D_{st}$) using mitochondrial COI sequences,3.53,ratio,Single observation,,both,adult,,,,,,,,,,,
,Aporia_crataegi,Pmean,,765.33,,mode,,both,adult,,,,,,,,,,,
,Aporia_crataegi,P95L,,750.25,,mode,,both,adult,,,,,,,,,,,
,Aporia_crataegi,P95H,,780.42,,mode,,both,adult,,,,,,,,,,,
PreservedSpecimen,Aporia_crataegi,PSD,Genetic distance calculation (DS) relative to Palaearctic sectors using COI sequences,229.88,p-distance,single observation,,both,adult,,,,,,,,,,,
PreservedSpecimen,Aporia_crataegi,hp,,5,,mode,,both,adult,,,,,,,,,,,
Occurrence,Aporia_crataegi,windmax,,391,mph,mean,,both,adult,,,,,,,,,,,
Occurrence,Aporia_crataegi,windmean,,-325.2249035,mph,mean,,both,adult,,,,,,,,,,,
HumanObservation,Aporia_crataegi,windsum,,-763.8806201,,mean,,both,adult,,,,,,,,,,,
PreservedSpecimen,Aporia_crataegi,Dstdrunk,,3210.383626,km,single observation,,both,adult,,,,,,,,,,,
PreservedSpecimen,Aporia_crataegi,Dstwolf,,178.7623426,%,single observation,,both,adult,,,,,,,,,,,
PreservedSpecimen,Argynnis_adippe,WingsHR,average between minimum and maximum wingspan reported in four literature sources,28,,single observation,,both,adult,,,,,,,,,,,
PreservedSpecimen,Argynnis_adippe,WingsPamp,,55,,average,,both,adult,,,,,,,,,,,
,Argynnis_adippe,WingLaf,,29,,mode,,both,adult,,,,,,,,,,,
PreservedSpecimen,Argynnis_adippe,wingsTSF,Wingspan was obtained as the average between minimum and maximum wingspan reported in literature sources.,53.5,,mean,,both,adult,,,,,,,,,,,
PreservedSpecimen,Argynnis_adippe,wingsTSM,,52,,mean,,both,adult,,,,,,,,,,,
,Argynnis_adippe,Volt,,1,,mode,,both,adult,,,,,,,,,,,
HumanObservation,Argynnis_adippe,Flight Months,,3,,mode,,both,adult,,,,,,,,,,,
PreservedSpecimen,Argynnis_adippe,First emergence,Molecular analysis of COI gene sequences combined with functional trait extraction and environmental modeling.,6,,mode,,both,adult,,,,,,,,,,,
HumanObservation,Argynnis_adippe,First Month,,6,,mode,,both,adult,,,,,,,,,,,
HumanObservation,Argynnis_adippe,Last Month,Phenology assessment based on personal observations and the Butterfly Diversity and Evolution Lab database (2009–2018).,8,,mode,,both,adult,,,,,,,,,,,
HumanObservation,Argynnis_adippe,Tmean,,8.37,°C,mean,,both,adult,,,,,,,,,,,
,Argynnis_adippe,T95L,,8.16,,mode,,both,adult,,,,,,,,,,,
,Argynnis_adippe,T95H,,8.57,,mode,,both,adult,,,,,,,,,,,
PreservedSpecimen,Argynnis_adippe,TSD,Calculation of genetic differentiation indices ($G_{st}$ and $D_{st}$) using mitochondrial COI sequences,3.1,ratio,Single observation,,both,adult,,,,,,,,,,,
,Argynnis_adippe,Pmean,,772.92,,mode,,both,adult,,,,,,,,,,,
,Argynnis_adippe,P95L,,756.44,,mode,,both,adult,,,,,,,,,,,
,Argynnis_adippe,P95H,,789.4,,mode,,both,adult,,,,,,,,,,,
PreservedSpecimen,Argynnis_adippe,PSD,Genetic distance calculation (DS) relative to Palaearctic sectors using COI sequences,250.2,p-distance,single observation,,both,adult,,,,,,,,,,,
PreservedSpecimen,Argynnis_adippe,hp,,1,,mode,,both,adult,,,,,,,,,,,
Occurrence,Argynnis_adippe,windmax,,379,mph,mean,,both,adult,,,,,,,,,,,
Occurrence,Argynnis_adippe,windmean,,-318.7366755,mph,mean,,both,adult,,,,,,,,,,,
HumanObservation,Argynnis_adippe,windsum,,-755.5800689,,mean,,both,adult,,,,,,,,,,,
PreservedSpecimen,Argynnis_adippe,Dstdrunk,,2785.30244,km,single observation,,both,adult,,,,,,,,,,,
PreservedSpecimen,Argynnis_adippe,Dstwolf,,196.0910276,%,single observation,,both,adult,,,,,,,,,,,
PreservedSpecimen,Argynnis_pandora,WingsHR,average between minimum and maximum wingspan reported in four literature sources,36,,single observation,,both,adult,,,,,,,,,,,
PreservedSpecimen,Argynnis_pandora,WingsPamp,,75,,average,,both,adult,,,,,,,,,,,
,Argynnis_pandora,WingLaf,,36,,mode,,both,adult,,,,,,,,,,,
PreservedSpecimen,Argynnis_pandora,wingsTSF,Wingspan was obtained as the average between minimum and maximum wingspan reported in literature sources.,72,,mean,,both,adult,,,,,,,,,,,
PreservedSpecimen,Argynnis_pandora,wingsTSM,,72,,mean,,both,adult,,,,,,,,,,,
,Argynnis_pandora,Volt,,1,,mode,,both,adult,,,,,,,,,,,
HumanObservation,Argynnis_pandora,Flight Months,,6,,mode,,both,adult,,,,,,,,,,,
PreservedSpecimen,Argynnis_pandora,First emergence,Molecular analysis of COI gene sequences combined with functional trait extraction and environmental modeling.,5,,mode,,both,adult,,,,,,,,,,,
HumanObservation,Argynnis_pandora,First Month,,5,,mode,,both,adult,,,,,,,,,,,
HumanObservation,Argynnis_pandora,Last Month,Phenology assessment based on personal observations and the Butterfly Diversity and Evolution Lab database (2009–2018).,10,,mode,,both,adult,,,,,,,,,,,
HumanObservation,Argynnis_pandora,Tmean,,11.92,°C,mean,,both,adult,,,,,,,,,,,
,Argynnis_pandora,T95L,,11.59,,mode,,both,adult,,,,,,,,,,,
,Argynnis_pandora,T95H,,12.26,,mode,,both,adult,,,,,,,,,,,
PreservedSpecimen,Argynnis_pandora,TSD,Calculation of genetic differentiation indices ($G_{st}$ and $D_{st}$) using mitochondrial COI sequences,3.06,ratio,Single observation,,both,adult,,,,,,,,,,,
,Argynnis_pandora,Pmean,,729.94,,mode,,both,adult,,,,,,,,,,,
,Argynnis_pandora,P95L,,704.04,,mode,,both,adult,,,,,,,,,,,
,Argynnis_pandora,P95H,,755.83,,mode,,both,adult,,,,,,,,,,,
PreservedSpecimen,Argynnis_pandora,PSD,Genetic distance calculation (DS) relative to Palaearctic sectors using COI sequences,235.43,p-distance,single observation,,both,adult,,,,,,,,,,,
PreservedSpecimen,Argynnis_pandora,hp,,1,,mode,,both,adult,,,,,,,,,,,
Occurrence,Argynnis_pandora,windmax,,391,mph,mean,,both,adult,,,,,,,,,,,
Occurrence,Argynnis_pandora,windmean,,-286.0478667,mph,mean,,both,adult,,,,,,,,,,,
HumanObservation,Argynnis_pandora,windsum,,-1373.827895,,mean,,both,adult,,,,,,,,,,,
PreservedSpecimen,Argynnis_pandora,Dstdrunk,,2490.053554,km,single observation,,both,adult,,,,,,,,,,,
PreservedSpecimen,Argynnis_pandora,Dstwolf,,163.1713177,%,single observation,,both,adult,,,,,,,,,,,
PreservedSpecimen,Argynnis_paphia,WingsHR,average between minimum and maximum wingspan reported in four literature sources,31.5,,single observation,,both,adult,,,,,,,,,,,
PreservedSpecimen,Argynnis_paphia,WingsPamp,,65,,average,,both,adult,,,,,,,,,,,
,Argynnis_paphia,WingLaf,,32,,mode,,both,adult,,,,,,,,,,,
PreservedSpecimen,Argynnis_paphia,wingsTSF,Wingspan was obtained as the average between minimum and maximum wingspan reported in literature sources.,62,,mean,,both,adult,,,,,,,,,,,
PreservedSpecimen,Argynnis_paphia,wingsTSM,,59.5,,mean,,both,adult,,,,,,,,,,,
,Argynnis_paphia,Volt,,1,,mode,,both,adult,,,,,,,,,,,
HumanObservation,Argynnis_paphia,Flight Months,,6,,mode,,both,adult,,,,,,,,,,,
PreservedSpecimen,Argynnis_paphia,First emergence,Molecular analysis of COI gene sequences combined with functional trait extraction and environmental modeling.,5,,mode,,both,adult,,,,,,,,,,,
HumanObservation,Argynnis_paphia,First Month,,5,,mode,,both,adult,,,,,,,,,,,
HumanObservation,Argynnis_paphia,Last Month,Phenology assessment based on personal observations and the Butterfly Diversity and Evolution Lab database (2009–2018).,10,,mode,,both,adult,,,,,,,,,,,
HumanObservation,Argynnis_paphia,Tmean,,9.02,°C,mean,,both,adult,,,,,,,,,,,
,Argynnis_paphia,T95L,,8.84,,mode,,both,adult,,,,,,,,,,,
,Argynnis_paphia,T95H,,9.2,,mode,,both,adult,,,,,,,,,,,
PreservedSpecimen,Argynnis_paphia,TSD,Calculation of genetic differentiation indices ($G_{st}$ and $D_{st}$) using mitochondrial COI sequences,2.91,ratio,Single observation,,both,adult,,,,,,,,,,,
,Argynnis_paphia,Pmean,,777.2,,mode,,both,adult,,,,,,,,,,,
,Argynnis_paphia,P95L,,761.92,,mode,,both,adult,,,,,,,,,,,
,Argynnis_paphia,P95H,,792.48,,mode,,both,adult,,,,,,,,,,,
PreservedSpecimen,Argynnis_paphia,PSD,Genetic distance calculation (DS) relative to Palaearctic sectors using COI sequences,249.17,p-distance,single observation,,both,adult,,,,,,,,,,,
PreservedSpecimen,Argynnis_paphia,hp,,1,,mode,,both,adult,,,,,,,,,,,
Occurrence,Argynnis_paphia,windmax,,391,mph,mean,,both,adult,,,,,,,,,,,
Occurrence,Argynnis_paphia,windmean,,-286.0478667,mph,mean,,both,adult,,,,,,,,,,,
HumanObservation,Argynnis_paphia,windsum,,-1373.827895,,mean,,both,adult,,,,,,,,,,,
PreservedSpecimen,Argynnis_paphia,Dstdrunk,,3050.824223,km,single observation,,both,adult,,,,,,,,,,,
PreservedSpecimen,Argynnis_paphia,Dstwolf,,192.9249327,%,single observation,,both,adult,,,,,,,,,,,
PreservedSpecimen,Aricia_agestis,WingsHR,average between minimum and maximum wingspan reported in four literature sources,13,,single observation,,both,adult,,,,,,,,,,,
PreservedSpecimen,Aricia_agestis,WingsPamp,,27.5,,average,,both,adult,,,,,,,,,,,
,Aricia_agestis,WingLaf,,13.5,,mode,,both,adult,,,,,,,,,,,
PreservedSpecimen,Aricia_agestis,wingsTSF,Wingspan was obtained as the average between minimum and maximum wingspan reported in literature sources.,25,,mean,,both,adult,,,,,,,,,,,
PreservedSpecimen,Aricia_agestis,wingsTSM,,25,,mean,,both,adult,,,,,,,,,,,
,Aricia_agestis,Volt,,3,,mode,,both,adult,,,,,,,,,,,
HumanObservation,Aricia_agestis,Flight Months,,7,,mode,,both,adult,,,,,,,,,,,
PreservedSpecimen,Aricia_agestis,First emergence,Molecular analysis of COI gene sequences combined with functional trait extraction and environmental modeling.,4,,mode,,both,adult,,,,,,,,,,,
HumanObservation,Aricia_agestis,First Month,,4,,mode,,both,adult,,,,,,,,,,,
HumanObservation,Aricia_agestis,Last Month,Phenology assessment based on personal observations and the Butterfly Diversity and Evolution Lab database (2009–2018).,10,,mode,,both,adult,,,,,,,,,,,
HumanObservation,Aricia_agestis,Tmean,,10.16,°C,mean,,both,adult,,,,,,,,,,,
,Aricia_agestis,T95L,,9.94,,mode,,both,adult,,,,,,,,,,,
,Aricia_agestis,T95H,,10.37,,mode,,both,adult,,,,,,,,,,,
PreservedSpecimen,Aricia_agestis,TSD,Calculation of genetic differentiation indices ($G_{st}$ and $D_{st}$) using mitochondrial COI sequences,2.89,ratio,Single observation,,both,adult,,,,,,,,,,,
,Aricia_agestis,Pmean,,773.49,,mode,,both,adult,,,,,,,,,,,
,Aricia_agestis,P95L,,755.56,,mode,,both,adult,,,,,,,,,,,
,Aricia_agestis,P95H,,791.42,,mode,,both,adult,,,,,,,,,,,
PreservedSpecimen,Aricia_agestis,PSD,Genetic distance calculation (DS) relative to Palaearctic sectors using COI sequences,241.58,p-distance,single observation,,both,adult,,,,,,,,,,,
PreservedSpecimen,Aricia_agestis,hp,,1,,mode,,both,adult,,,,,,,,,,,
Occurrence,Aricia_agestis,windmax,,391,mph,mean,,both,adult,,,,,,,,,,,
Occurrence,Aricia_agestis,windmean,,-283.7444625,mph,mean,,both,adult,,,,,,,,,,,
HumanObservation,Aricia_agestis,windsum,,-1598.39614,,mean,,both,adult,,,,,,,,,,,
PreservedSpecimen,Aricia_agestis,Dstdrunk,,2910.260062,km,single observation,,both,adult,,,,,,,,,,,
PreservedSpecimen,Aricia_agestis,Dstwolf,,202.0862478,%,single observation,,both,adult,,,,,,,,,,,
PreservedSpecimen,Brenthis_daphne,WingsHR,average between minimum and maximum wingspan reported in four literature sources,23.5,,single observation,,both,adult,,,,,,,,,,,
PreservedSpecimen,Brenthis_daphne,WingsPamp,,45,,average,,both,adult,,,,,,,,,,,
,Brenthis_daphne,WingLaf,,23.5,,mode,,both,adult,,,,,,,,,,,
PreservedSpecimen,Brenthis_daphne,wingsTSF,Wingspan was obtained as the average between minimum and maximum wingspan reported in literature sources.,47,,mean,,both,adult,,,,,,,,,,,
PreservedSpecimen,Brenthis_daphne,wingsTSM,,47,,mean,,both,adult,,,,,,,,,,,
,Brenthis_daphne,Volt,,1,,mode,,both,adult,,,,,,,,,,,
HumanObservation,Brenthis_daphne,Flight Months,,3,,mode,,both,adult,,,,,,,,,,,
PreservedSpecimen,Brenthis_daphne,First emergence,Molecular analysis of COI gene sequences combined with functional trait extraction and environmental modeling.,6,,mode,,both,adult,,,,,,,,,,,
HumanObservation,Brenthis_daphne,First Month,,6,,mode,,both,adult,,,,,,,,,,,
HumanObservation,Brenthis_daphne,Last Month,Phenology assessment based on personal observations and the Butterfly Diversity and Evolution Lab database (2009–2018).,8,,mode,,both,adult,,,,,,,,,,,
HumanObservation,Brenthis_daphne,Tmean,,10.6,°C,mean,,both,adult,,,,,,,,,,,
,Brenthis_daphne,T95L,,10.28,,mode,,both,adult,,,,,,,,,,,
,Brenthis_daphne,T95H,,10.92,,mode,,both,adult,,,,,,,,,,,
PreservedSpecimen,Brenthis_daphne,TSD,Calculation of genetic differentiation indices ($G_{st}$ and $D_{st}$) using mitochondrial COI sequences,2.9,ratio,Single observation,,both,adult,,,,,,,,,,,
,Brenthis_daphne,Pmean,,822.57,,mode,,both,adult,,,,,,,,,,,
,Brenthis_daphne,P95L,,795.27,,mode,,both,adult,,,,,,,,,,,
,Brenthis_daphne,P95H,,849.87,,mode,,both,adult,,,,,,,,,,,
PreservedSpecimen,Brenthis_daphne,PSD,Genetic distance calculation (DS) relative to Palaearctic sectors using COI sequences,249.4,p-distance,single observation,,both,adult,,,,,,,,,,,
PreservedSpecimen,Brenthis_daphne,hp,,1,,mode,,both,adult,,,,,,,,,,,
Occurrence,Brenthis_daphne,windmax,,379,mph,mean,,both,adult,,,,,,,,,,,
Occurrence,Brenthis_daphne,windmean,,-318.7366755,mph,mean,,both,adult,,,,,,,,,,,
HumanObservation,Brenthis_daphne,windsum,,-755.5800689,,mean,,both,adult,,,,,,,,,,,
PreservedSpecimen,Brenthis_daphne,Dstdrunk,,3213.275944,km,single observation,,both,adult,,,,,,,,,,,
PreservedSpecimen,Brenthis_daphne,Dstwolf,,198.0136629,%,single observation,,both,adult,,,,,,,,,,,
PreservedSpecimen,Brintesia_circe,WingsHR,average between minimum and maximum wingspan reported in four literature sources,36.5,,single observation,,both,adult,,,,,,,,,,,
PreservedSpecimen,Brintesia_circe,WingsPamp,,72.5,,average,,both,adult,,,,,,,,,,,
,Brintesia_circe,WingLaf,,37,,mode,,both,adult,,,,,,,,,,,
PreservedSpecimen,Brintesia_circe,wingsTSF,Wingspan was obtained as the average between minimum and maximum wingspan reported in literature sources.,73,,mean,,both,adult,,,,,,,,,,,
PreservedSpecimen,Brintesia_circe,wingsTSM,,73,,mean,,both,adult,,,,,,,,,,,
,Brintesia_circe,Volt,,1,,mode,,both,adult,,,,,,,,,,,
HumanObservation,Brintesia_circe,Flight Months,,6,,mode,,both,adult,,,,,,,,,,,
PreservedSpecimen,Brintesia_circe,First emergence,Molecular analysis of COI gene sequences combined with functional trait extraction and environmental modeling.,5,,mode,,both,adult,,,,,,,,,,,
HumanObservation,Brintesia_circe,First Month,,5,,mode,,both,adult,,,,,,,,,,,
HumanObservation,Brintesia_circe,Last Month,Phenology assessment based on personal observations and the Butterfly Diversity and Evolution Lab database (2009–2018).,10,,mode,,both,adult,,,,,,,,,,,
HumanObservation,Brintesia_circe,Tmean,,11.07,°C,mean,,both,adult,,,,,,,,,,,
,Brintesia_circe,T95L,,10.81,,mode,,both,adult,,,,,,,,,,,
,Brintesia_circe,T95H,,11.34,,mode,,both,adult,,,,,,,,,,,
PreservedSpecimen,Brintesia_circe,TSD,Calculation of genetic differentiation indices ($G_{st}$ and $D_{st}$) using mitochondrial COI sequences,2.74,ratio,Single observation,,both,adult,,,,,,,,,,,
,Brintesia_circe,Pmean,,796.98,,mode,,both,adult,,,,,,,,,,,
,Brintesia_circe,P95L,,772.79,,mode,,both,adult,,,,,,,,,,,
,Brintesia_circe,P95H,,821.17,,mode,,both,adult,,,,,,,,,,,
PreservedSpecimen,Brintesia_circe,PSD,Genetic distance calculation (DS) relative to Palaearctic sectors using COI sequences,250.97,p-distance,single observation,,both,adult,,,,,,,,,,,
PreservedSpecimen,Brintesia_circe,hp,,2,,mode,,both,adult,,,,,,,,,,,
Occurrence,Brintesia_circe,windmax,,391,mph,mean,,both,adult,,,,,,,,,,,
Occurrence,Brintesia_circe,windmean,,-286.0478667,mph,mean,,both,adult,,,,,,,,,,,
HumanObservation,Brintesia_circe,windsum,,-1373.827895,,mean,,both,adult,,,,,,,,,,,
PreservedSpecimen,Brintesia_circe,Dstdrunk,,2032.408382,km,single observation,,both,adult,,,,,,,,,,,
PreservedSpecimen,Brintesia_circe,Dstwolf,,310.799744,%,single observation,,both,adult,,,,,,,,,,,
PreservedSpecimen,Callophrys_rubi,WingsHR,average between minimum and maximum wingspan reported in four literature sources,14,,single observation,,both,adult,,,,,,,,,,,
PreservedSpecimen,Callophrys_rubi,WingsPamp,,27.5,,average,,both,adult,,,,,,,,,,,
,Callophrys_rubi,WingLaf,,14,,mode,,both,adult,,,,,,,,,,,
PreservedSpecimen,Callophrys_rubi,wingsTSF,Wingspan was obtained as the average between minimum and maximum wingspan reported in literature sources.,33,,mean,,both,adult,,,,,,,,,,,
PreservedSpecimen,Callophrys_rubi,wingsTSM,,33,,mean,,both,adult,,,,,,,,,,,
,Callophrys_rubi,Volt,,1,,mode,,both,adult,,,,,,,,,,,
HumanObservation,Callophrys_rubi,Flight Months,,3,,mode,,both,adult,,,,,,,,,,,
PreservedSpecimen,Callophrys_rubi,First emergence,Molecular analysis of COI gene sequences combined with functional trait extraction and environmental modeling.,4,,mode,,both,adult,,,,,,,,,,,
HumanObservation,Callophrys_rubi,First Month,,4,,mode,,both,adult,,,,,,,,,,,
HumanObservation,Callophrys_rubi,Last Month,Phenology assessment based on personal observations and the Butterfly Diversity and Evolution Lab database (2009–2018).,6,,mode,,both,adult,,,,,,,,,,,
HumanObservation,Callophrys_rubi,Tmean,,8.57,°C,mean,,both,adult,,,,,,,,,,,
,Callophrys_rubi,T95L,,8.33,,mode,,both,adult,,,,,,,,,,,
,Callophrys_rubi,T95H,,8.8,,mode,,both,adult,,,,,,,,,,,
PreservedSpecimen,Callophrys_rubi,TSD,Calculation of genetic differentiation indices ($G_{st}$ and $D_{st}$) using mitochondrial COI sequences,4.08,ratio,Single observation,,both,adult,,,,,,,,,,,
,Callophrys_rubi,Pmean,,780.87,,mode,,both,adult,,,,,,,,,,,
,Callophrys_rubi,P95L,,762.52,,mode,,both,adult,,,,,,,,,,,
,Callophrys_rubi,P95H,,799.23,,mode,,both,adult,,,,,,,,,,,
PreservedSpecimen,Callophrys_rubi,PSD,Genetic distance calculation (DS) relative to Palaearctic sectors using COI sequences,323,p-distance,single observation,,both,adult,,,,,,,,,,,
PreservedSpecimen,Callophrys_rubi,hp,,15,,mode,,both,adult,,,,,,,,,,,
Occurrence,Callophrys_rubi,windmax,,391,mph,mean,,both,adult,,,,,,,,,,,
Occurrence,Callophrys_rubi,windmean,,-308.487012,mph,mean,,both,adult,,,,,,,,,,,
HumanObservation,Callophrys_rubi,windsum,,-737.3975609,,mean,,both,adult,,,,,,,,,,,
PreservedSpecimen,Callophrys_rubi,Dstdrunk,,3152.290507,km,single observation,,both,adult,,,,,,,,,,,
PreservedSpecimen,Callophrys_rubi,Dstwolf,,168.7965738,%,single observation,,both,adult,,,,,,,,,,,
PreservedSpecimen,Carcharodus_alceae,WingsHR,average between minimum and maximum wingspan reported in four literature sources,14.5,,single observation,,both,adult,,,,,,,,,,,
PreservedSpecimen,Carcharodus_alceae,WingsPamp,,27.5,,average,,both,adult,,,,,,,,,,,
,Carcharodus_alceae,WingLaf,,14.5,,mode,,both,adult,,,,,,,,,,,
PreservedSpecimen,Carcharodus_alceae,wingsTSF,Wingspan was obtained as the average between minimum and maximum wingspan reported in literature sources.,30,,mean,,both,adult,,,,,,,,,,,
PreservedSpecimen,Carcharodus_alceae,wingsTSM,,30,,mean,,both,adult,,,,,,,,,,,
,Carcharodus_alceae,Volt,,3,,mode,,both,adult,,,,,,,,,,,
HumanObservation,Carcharodus_alceae,Flight Months,,8,,mode,,both,adult,,,,,,,,,,,
PreservedSpecimen,Carcharodus_alceae,First emergence,Molecular analysis of COI gene sequences combined with functional trait extraction and environmental modeling.,3,,mode,,both,adult,,,,,,,,,,,
HumanObservation,Carcharodus_alceae,First Month,,3,,mode,,both,adult,,,,,,,,,,,
HumanObservation,Carcharodus_alceae,Last Month,Phenology assessment based on personal observations and the Butterfly Diversity and Evolution Lab database (2009–2018).,10,,mode,,both,adult,,,,,,,,,,,
HumanObservation,Carcharodus_alceae,Tmean,,11.14,°C,mean,,both,adult,,,,,,,,,,,
,Carcharodus_alceae,T95L,,10.89,,mode,,both,adult,,,,,,,,,,,
,Carcharodus_alceae,T95H,,11.4,,mode,,both,adult,,,,,,,,,,,
PreservedSpecimen,Carcharodus_alceae,TSD,Calculation of genetic differentiation indices ($G_{st}$ and $D_{st}$) using mitochondrial COI sequences,3.23,ratio,Single observation,,both,adult,,,,,,,,,,,
,Carcharodus_alceae,Pmean,,746.08,,mode,,both,adult,,,,,,,,,,,
,Carcharodus_alceae,P95L,,728.7,,mode,,both,adult,,,,,,,,,,,
,Carcharodus_alceae,P95H,,763.47,,mode,,both,adult,,,,,,,,,,,
PreservedSpecimen,Carcharodus_alceae,PSD,Genetic distance calculation (DS) relative to Palaearctic sectors using COI sequences,219.51,p-distance,single observation,,both,adult,,,,,,,,,,,
PreservedSpecimen,Carcharodus_alceae,hp,,1.5,,mode,,both,adult,,,,,,,,,,,
Occurrence,Carcharodus_alceae,windmax,,391,mph,mean,,both,adult,,,,,,,,,,,
Occurrence,Carcharodus_alceae,windmean,,-278.007014,mph,mean,,both,adult,,,,,,,,,,,
HumanObservation,Carcharodus_alceae,windsum,,-1789.522144,,mean,,both,adult,,,,,,,,,,,
PreservedSpecimen,Carcharodus_alceae,Dstdrunk,,2598.567993,km,single observation,,both,adult,,,,,,,,,,,
PreservedSpecimen,Carcharodus_alceae,Dstwolf,,175.0284005,%,single observation,,both,adult,,,,,,,,,,,
PreservedSpecimen,Carcharodus_floccifer,WingsHR,average between minimum and maximum wingspan reported in four literature sources,15,,single observation,,both,adult,,,,,,,,,,,
PreservedSpecimen,Carcharodus_floccifer,WingsPamp,,32.5,,average,,both,adult,,,,,,,,,,,
,Carcharodus_floccifer,WingLaf,,15,,mode,,both,adult,,,,,,,,,,,
PreservedSpecimen,Carcharodus_floccifer,wingsTSF,Wingspan was obtained as the average between minimum and maximum wingspan reported in literature sources.,30,,mean,,both,adult,,,,,,,,,,,
PreservedSpecimen,Carcharodus_floccifer,wingsTSM,,30,,mean,,both,adult,,,,,,,,,,,
,Carcharodus_floccifer,Volt,,2,,mode,,both,adult,,,,,,,,,,,
HumanObservation,Carcharodus_floccifer,Flight Months,,5,,mode,,both,adult,,,,,,,,,,,
PreservedSpecimen,Carcharodus_floccifer,First emergence,Molecular analysis of COI gene sequences combined with functional trait extraction and environmental modeling.,4,,mode,,both,adult,,,,,,,,,,,
HumanObservation,Carcharodus_floccifer,First Month,,4,,mode,,both,adult,,,,,,,,,,,
HumanObservation,Carcharodus_floccifer,Last Month,Phenology assessment based on personal observations and the Butterfly Diversity and Evolution Lab database (2009–2018).,8,,mode,,both,adult,,,,,,,,,,,
HumanObservation,Carcharodus_floccifer,Tmean,,9.92,°C,mean,,both,adult,,,,,,,,,,,
,Carcharodus_floccifer,T95L,,9.56,,mode,,both,adult,,,,,,,,,,,
,Carcharodus_floccifer,T95H,,10.28,,mode,,both,adult,,,,,,,,,,,
PreservedSpecimen,Carcharodus_floccifer,TSD,Calculation of genetic differentiation indices ($G_{st}$ and $D_{st}$) using mitochondrial COI sequences,3.06,ratio,Single observation,,both,adult,,,,,,,,,,,
,Carcharodus_floccifer,Pmean,,844.02,,mode,,both,adult,,,,,,,,,,,
,Carcharodus_floccifer,P95L,,813.11,,mode,,both,adult,,,,,,,,,,,
,Carcharodus_floccifer,P95H,,874.92,,mode,,both,adult,,,,,,,,,,,
PreservedSpecimen,Carcharodus_floccifer,PSD,Genetic distance calculation (DS) relative to Palaearctic sectors using COI sequences,261.27,p-distance,single observation,,both,adult,,,,,,,,,,,
PreservedSpecimen,Carcharodus_floccifer,hp,,1,,mode,,both,adult,,,,,,,,,,,
Occurrence,Carcharodus_floccifer,windmax,,391,mph,mean,,both,adult,,,,,,,,,,,
Occurrence,Carcharodus_floccifer,windmean,,-309.270473,mph,mean,,both,adult,,,,,,,,,,,
HumanObservation,Carcharodus_floccifer,windsum,,-1225.574652,,mean,,both,adult,,,,,,,,,,,
PreservedSpecimen,Carcharodus_floccifer,Dstdrunk,,4573.662045,km,single observation,,both,adult,,,,,,,,,,,
PreservedSpecimen,Carcharodus_floccifer,Dstwolf,,275.3881736,%,single observation,,both,adult,,,,,,,,,,,
PreservedSpecimen,Celastrina_argiolus,WingsHR,average between minimum and maximum wingspan reported in four literature sources,15,,single observation,,both,adult,,,,,,,,,,,
PreservedSpecimen,Celastrina_argiolus,WingsPamp,,32.5,,average,,both,adult,,,,,,,,,,,
,Celastrina_argiolus,WingLaf,,15,,mode,,both,adult,,,,,,,,,,,
PreservedSpecimen,Celastrina_argiolus,wingsTSF,Wingspan was obtained as the average between minimum and maximum wingspan reported in literature sources.,27,,mean,,both,adult,,,,,,,,,,,
PreservedSpecimen,Celastrina_argiolus,wingsTSM,,24.5,,mean,,both,adult,,,,,,,,,,,
,Celastrina_argiolus,Volt,,3,,mode,,both,adult,,,,,,,,,,,
HumanObservation,Celastrina_argiolus,Flight Months,,8,,mode,,both,adult,,,,,,,,,,,
PreservedSpecimen,Celastrina_argiolus,First emergence,Molecular analysis of COI gene sequences combined with functional trait extraction and environmental modeling.,3,,mode,,both,adult,,,,,,,,,,,
HumanObservation,Celastrina_argiolus,First Month,,3,,mode,,both,adult,,,,,,,,,,,
HumanObservation,Celastrina_argiolus,Last Month,Phenology assessment based on personal observations and the Butterfly Diversity and Evolution Lab database (2009–2018).,10,,mode,,both,adult,,,,,,,,,,,
HumanObservation,Celastrina_argiolus,Tmean,,9.14,°C,mean,,both,adult,,,,,,,,,,,
,Celastrina_argiolus,T95L,,8.92,,mode,,both,adult,,,,,,,,,,,
,Celastrina_argiolus,T95H,,9.35,,mode,,both,adult,,,,,,,,,,,
PreservedSpecimen,Celastrina_argiolus,TSD,Calculation of genetic differentiation indices ($G_{st}$ and $D_{st}$) using mitochondrial COI sequences,3.81,ratio,Single observation,,both,adult,,,,,,,,,,,
,Celastrina_argiolus,Pmean,,763.1,,mode,,both,adult,,,,,,,,,,,
,Celastrina_argiolus,P95L,,747.57,,mode,,both,adult,,,,,,,,,,,
,Celastrina_argiolus,P95H,,778.64,,mode,,both,adult,,,,,,,,,,,
PreservedSpecimen,Celastrina_argiolus,PSD,Genetic distance calculation (DS) relative to Palaearctic sectors using COI sequences,273.13,p-distance,single observation,,both,adult,,,,,,,,,,,
PreservedSpecimen,Celastrina_argiolus,hp,,30,,mode,,both,adult,,,,,,,,,,,
Occurrence,Celastrina_argiolus,windmax,,391,mph,mean,,both,adult,,,,,,,,,,,
Occurrence,Celastrina_argiolus,windmean,,-278.007014,mph,mean,,both,adult,,,,,,,,,,,
HumanObservation,Celastrina_argiolus,windsum,,-1789.522144,,mean,,both,adult,,,,,,,,,,,
PreservedSpecimen,Celastrina_argiolus,Dstdrunk,,2724.171816,km,single observation,,both,adult,,,,,,,,,,,
PreservedSpecimen,Celastrina_argiolus,Dstwolf,,174.140226,%,single observation,,both,adult,,,,,,,,,,,
PreservedSpecimen,Coenonympha_pamphilus,WingsHR,average between minimum and maximum wingspan reported in four literature sources,15,,single observation,,both,adult,,,,,,,,,,,
PreservedSpecimen,Coenonympha_pamphilus,WingsPamp,,27.5,,average,,both,adult,,,,,,,,,,,
,Coenonympha_pamphilus,WingLaf,,15.5,,mode,,both,adult,,,,,,,,,,,
PreservedSpecimen,Coenonympha_pamphilus,wingsTSF,Wingspan was obtained as the average between minimum and maximum wingspan reported in literature sources.,27.5,,mean,,both,adult,,,,,,,,,,,
PreservedSpecimen,Coenonympha_pamphilus,wingsTSM,,25.5,,mean,,both,adult,,,,,,,,,,,
,Coenonympha_pamphilus,Volt,,3,,mode,,both,adult,,,,,,,,,,,
HumanObservation,Coenonympha_pamphilus,Flight Months,,9,,mode,,both,adult,,,,,,,,,,,
PreservedSpecimen,Coenonympha_pamphilus,First emergence,Molecular analysis of COI gene sequences combined with functional trait extraction and environmental modeling.,3,,mode,,both,adult,,,,,,,,,,,
HumanObservation,Coenonympha_pamphilus,First Month,,3,,mode,,both,adult,,,,,,,,,,,
HumanObservation,Coenonympha_pamphilus,Last Month,Phenology assessment based on personal observations and the Butterfly Diversity and Evolution Lab database (2009–2018).,11,,mode,,both,adult,,,,,,,,,,,
HumanObservation,Coenonympha_pamphilus,Tmean,,8.96,°C,mean,,both,adult,,,,,,,,,,,
,Coenonympha_pamphilus,T95L,,8.76,,mode,,both,adult,,,,,,,,,,,
,Coenonympha_pamphilus,T95H,,9.17,,mode,,both,adult,,,,,,,,,,,
PreservedSpecimen,Coenonympha_pamphilus,TSD,Calculation of genetic differentiation indices ($G_{st}$ and $D_{st}$) using mitochondrial COI sequences,3.89,ratio,Single observation,,both,adult,,,,,,,,,,,
,Coenonympha_pamphilus,Pmean,,793.06,,mode,,both,adult,,,,,,,,,,,
,Coenonympha_pamphilus,P95L,,775.94,,mode,,both,adult,,,,,,,,,,,
,Coenonympha_pamphilus,P95H,,810.18,,mode,,both,adult,,,,,,,,,,,
PreservedSpecimen,Coenonympha_pamphilus,PSD,Genetic distance calculation (DS) relative to Palaearctic sectors using COI sequences,323.22,p-distance,single observation,,both,adult,,,,,,,,,,,
PreservedSpecimen,Coenonympha_pamphilus,hp,,6,,mode,,both,adult,,,,,,,,,,,
Occurrence,Coenonympha_pamphilus,windmax,,391,mph,mean,,both,adult,,,,,,,,,,,
Occurrence,Coenonympha_pamphilus,windmean,,-266.7470489,mph,mean,,both,adult,,,,,,,,,,,
HumanObservation,Coenonympha_pamphilus,windsum,,-1935.884023,,mean,,both,adult,,,,,,,,,,,
PreservedSpecimen,Coenonympha_pamphilus,Dstdrunk,,2838.292551,km,single observation,,both,adult,,,,,,,,,,,
PreservedSpecimen,Coenonympha_pamphilus,Dstwolf,,180.5360144,%,single observation,,both,adult,,,,,,,,,,,
PreservedSpecimen,Colias_crocea,WingsHR,average between minimum and maximum wingspan reported in four literature sources,25,,single observation,,both,adult,,,,,,,,,,,
PreservedSpecimen,Colias_crocea,WingsPamp,,47.5,,average,,both,adult,,,,,,,,,,,
,Colias_crocea,WingLaf,,25,,mode,,both,adult,,,,,,,,,,,
PreservedSpecimen,Colias_crocea,wingsTSF,Wingspan was obtained as the average between minimum and maximum wingspan reported in literature sources.,48,,mean,,both,adult,,,,,,,,,,,
PreservedSpecimen,Colias_crocea,wingsTSM,,45,,mean,,both,adult,,,,,,,,,,,
,Colias_crocea,Volt,,3,,mode,,both,adult,,,,,,,,,,,
HumanObservation,Colias_crocea,Flight Months,,11,,mode,,both,adult,,,,,,,,,,,
PreservedSpecimen,Colias_crocea,First emergence,Molecular analysis of COI gene sequences combined with functional trait extraction and environmental modeling.,4,,mode,,both,adult,,,,,,,,,,,
HumanObservation,Colias_crocea,First Month,,2,,mode,,both,adult,,,,,,,,,,,
HumanObservation,Colias_crocea,Last Month,Phenology assessment based on personal observations and the Butterfly Diversity and Evolution Lab database (2009–2018).,12,,mode,,both,adult,,,,,,,,,,,
HumanObservation,Colias_crocea,Tmean,,10.69,°C,mean,,both,adult,,,,,,,,,,,
,Colias_crocea,T95L,,10.49,,mode,,both,adult,,,,,,,,,,,
,Colias_crocea,T95H,,10.89,,mode,,both,adult,,,,,,,,,,,
PreservedSpecimen,Colias_crocea,TSD,Calculation of genetic differentiation indices ($G_{st}$ and $D_{st}$) using mitochondrial COI sequences,3.33,ratio,Single observation,,both,adult,,,,,,,,,,,
,Colias_crocea,Pmean,,798.28,,mode,,both,adult,,,,,,,,,,,
,Colias_crocea,P95L,,780.9,,mode,,both,adult,,,,,,,,,,,
,Colias_crocea,P95H,,815.66,,mode,,both,adult,,,,,,,,,,,
PreservedSpecimen,Colias_crocea,PSD,Genetic distance calculation (DS) relative to Palaearctic sectors using COI sequences,283.96,p-distance,single observation,,both,adult,,,,,,,,,,,
PreservedSpecimen,Colias_crocea,hp,,15,,mode,,both,adult,,,,,,,,,,,
Occurrence,Colias_crocea,windmax,,391,mph,mean,,both,adult,,,,,,,,,,,
Occurrence,Colias_crocea,windmean,,-253.3635896,mph,mean,,both,adult,,,,,,,,,,,
HumanObservation,Colias_crocea,windsum,,-2241.470144,,mean,,both,adult,,,,,,,,,,,
PreservedSpecimen,Colias_crocea,Dstdrunk,,2804.496984,km,single observation,,both,adult,,,,,,,,,,,
PreservedSpecimen,Colias_crocea,Dstwolf,,145.2345759,%,single observation,,both,adult,,,,,,,,,,,
PreservedSpecimen,Cupido_minimus,WingsHR,average between minimum and maximum wingspan reported in four literature sources,11,,single observation,,both,adult,,,,,,,,,,,
PreservedSpecimen,Cupido_minimus,WingsPamp,,22.5,,average,,both,adult,,,,,,,,,,,
,Cupido_minimus,WingLaf,,11,,mode,,both,adult,,,,,,,,,,,
PreservedSpecimen,Cupido_minimus,wingsTSF,Wingspan was obtained as the average between minimum and maximum wingspan reported in literature sources.,23,,mean,,both,adult,,,,,,,,,,,
PreservedSpecimen,Cupido_minimus,wingsTSM,,23,,mean,,both,adult,,,,,,,,,,,
,Cupido_minimus,Volt,,2,,mode,,both,adult,,,,,,,,,,,
HumanObservation,Cupido_minimus,Flight Months,,5,,mode,,both,adult,,,,,,,,,,,
PreservedSpecimen,Cupido_minimus,First emergence,Molecular analysis of COI gene sequences combined with functional trait extraction and environmental modeling.,5,,mode,,both,adult,,,,,,,,,,,
HumanObservation,Cupido_minimus,First Month,,5,,mode,,both,adult,,,,,,,,,,,
HumanObservation,Cupido_minimus,Last Month,Phenology assessment based on personal observations and the Butterfly Diversity and Evolution Lab database (2009–2018).,9,,mode,,both,adult,,,,,,,,,,,
HumanObservation,Cupido_minimus,Tmean,,8.76,°C,mean,,both,adult,,,,,,,,,,,
,Cupido_minimus,T95L,,8.52,,mode,,both,adult,,,,,,,,,,,
,Cupido_minimus,T95H,,8.99,,mode,,both,adult,,,,,,,,,,,
PreservedSpecimen,Cupido_minimus,TSD,Calculation of genetic differentiation indices ($G_{st}$ and $D_{st}$) using mitochondrial COI sequences,3.26,ratio,Single observation,,both,adult,,,,,,,,,,,
,Cupido_minimus,Pmean,,817.26,,mode,,both,adult,,,,,,,,,,,
,Cupido_minimus,P95L,,796.78,,mode,,both,adult,,,,,,,,,,,
,Cupido_minimus,P95H,,837.75,,mode,,both,adult,,,,,,,,,,,
PreservedSpecimen,Cupido_minimus,PSD,Genetic distance calculation (DS) relative to Palaearctic sectors using COI sequences,286.35,p-distance,single observation,,both,adult,,,,,,,,,,,
PreservedSpecimen,Cupido_minimus,hp,,1,,mode,,both,adult,,,,,,,,,,,
Occurrence,Cupido_minimus,windmax,,391,mph,mean,,both,adult,,,,,,,,,,,
Occurrence,Cupido_minimus,windmean,,-300.6532471,mph,mean,,both,adult,,,,,,,,,,,
HumanObservation,Cupido_minimus,windsum,,-1191.31563,,mean,,both,adult,,,,,,,,,,,
PreservedSpecimen,Cupido_minimus,Dstdrunk,,3321.823857,km,single observation,,both,adult,,,,,,,,,,,
PreservedSpecimen,Cupido_minimus,Dstwolf,,224.369406,%,single observation,,both,adult,,,,,,,,,,,
PreservedSpecimen,Cyaniris_semiargus,WingsHR,average between minimum and maximum wingspan reported in four literature sources,15.5,,single observation,,both,adult,,,,,,,,,,,
PreservedSpecimen,Cyaniris_semiargus,WingsPamp,,30,,average,,both,adult,,,,,,,,,,,
,Cyaniris_semiargus,WingLaf,,15.5,,mode,,both,adult,,,,,,,,,,,
PreservedSpecimen,Cyaniris_semiargus,wingsTSF,Wingspan was obtained as the average between minimum and maximum wingspan reported in literature sources.,29,,mean,,both,adult,,,,,,,,,,,
PreservedSpecimen,Cyaniris_semiargus,wingsTSM,,26.5,,mean,,both,adult,,,,,,,,,,,
,Cyaniris_semiargus,Volt,,1,,mode,,both,adult,,,,,,,,,,,
HumanObservation,Cyaniris_semiargus,Flight Months,,3,,mode,,both,adult,,,,,,,,,,,
PreservedSpecimen,Cyaniris_semiargus,First emergence,Molecular analysis of COI gene sequences combined with functional trait extraction and environmental modeling.,5,,mode,,both,adult,,,,,,,,,,,
HumanObservation,Cyaniris_semiargus,First Month,,5,,mode,,both,adult,,,,,,,,,,,
HumanObservation,Cyaniris_semiargus,Last Month,Phenology assessment based on personal observations and the Butterfly Diversity and Evolution Lab database (2009–2018).,7,,mode,,both,adult,,,,,,,,,,,
HumanObservation,Cyaniris_semiargus,Tmean,,7.91,°C,mean,,both,adult,,,,,,,,,,,
,Cyaniris_semiargus,T95L,,7.67,,mode,,both,adult,,,,,,,,,,,
,Cyaniris_semiargus,T95H,,8.14,,mode,,both,adult,,,,,,,,,,,
PreservedSpecimen,Cyaniris_semiargus,TSD,Calculation of genetic differentiation indices ($G_{st}$ and $D_{st}$) using mitochondrial COI sequences,3.63,ratio,Single observation,,both,adult,,,,,,,,,,,
,Cyaniris_semiargus,Pmean,,755.5,,mode,,both,adult,,,,,,,,,,,
,Cyaniris_semiargus,P95L,,740.62,,mode,,both,adult,,,,,,,,,,,
,Cyaniris_semiargus,P95H,,770.37,,mode,,both,adult,,,,,,,,,,,
PreservedSpecimen,Cyaniris_semiargus,PSD,Genetic distance calculation (DS) relative to Palaearctic sectors using COI sequences,231.16,p-distance,single observation,,both,adult,,,,,,,,,,,
PreservedSpecimen,Cyaniris_semiargus,hp,,1,,mode,,both,adult,,,,,,,,,,,
Occurrence,Cyaniris_semiargus,windmax,,391,mph,mean,,both,adult,,,,,,,,,,,
Occurrence,Cyaniris_semiargus,windmean,,-325.2249035,mph,mean,,both,adult,,,,,,,,,,,
HumanObservation,Cyaniris_semiargus,windsum,,-763.8806201,,mean,,both,adult,,,,,,,,,,,
PreservedSpecimen,Cyaniris_semiargus,Dstdrunk,,3238.297738,km,single observation,,both,adult,,,,,,,,,,,
PreservedSpecimen,Cyaniris_semiargus,Dstwolf,,206.2495061,%,single observation,,both,adult,,,,,,,,,,,
PreservedSpecimen,Euchloe_ausonia,WingsHR,average between minimum and maximum wingspan reported in four literature sources,22,,single observation,,both,adult,,,,,,,,,,,
PreservedSpecimen,Euchloe_ausonia,WingsPamp,,50,,average,,both,adult,,,,,,,,,,,
,Euchloe_ausonia,WingLaf,,NA,,mode,,both,adult,,,,,,,,,,,
PreservedSpecimen,Euchloe_ausonia,wingsTSF,Wingspan was obtained as the average between minimum and maximum wingspan reported in literature sources.,44,,mean,,both,adult,,,,,,,,,,,
PreservedSpecimen,Euchloe_ausonia,wingsTSM,,44,,mean,,both,adult,,,,,,,,,,,
,Euchloe_ausonia,Volt,,1,,mode,,both,adult,,,,,,,,,,,
HumanObservation,Euchloe_ausonia,Flight Months,,3,,mode,,both,adult,,,,,,,,,,,
PreservedSpecimen,Euchloe_ausonia,First emergence,Molecular analysis of COI gene sequences combined with functional trait extraction and environmental modeling.,4,,mode,,both,adult,,,,,,,,,,,
HumanObservation,Euchloe_ausonia,First Month,,4,,mode,,both,adult,,,,,,,,,,,
HumanObservation,Euchloe_ausonia,Last Month,Phenology assessment based on personal observations and the Butterfly Diversity and Evolution Lab database (2009–2018).,6,,mode,,both,adult,,,,,,,,,,,
HumanObservation,Euchloe_ausonia,Tmean,,13.83,°C,mean,,both,adult,,,,,,,,,,,
,Euchloe_ausonia,T95L,,13.42,,mode,,both,adult,,,,,,,,,,,
,Euchloe_ausonia,T95H,,14.25,,mode,,both,adult,,,,,,,,,,,
PreservedSpecimen,Euchloe_ausonia,TSD,Calculation of genetic differentiation indices ($G_{st}$ and $D_{st}$) using mitochondrial COI sequences,2.56,ratio,Single observation,,both,adult,,,,,,,,,,,
,Euchloe_ausonia,Pmean,,734.87,,mode,,both,adult,,,,,,,,,,,
,Euchloe_ausonia,P95L,,700.2,,mode,,both,adult,,,,,,,,,,,
,Euchloe_ausonia,P95H,,769.54,,mode,,both,adult,,,,,,,,,,,
PreservedSpecimen,Euchloe_ausonia,PSD,Genetic distance calculation (DS) relative to Palaearctic sectors using COI sequences,212.68,p-distance,single observation,,both,adult,,,,,,,,,,,
PreservedSpecimen,Euchloe_ausonia,hp,,7,,mode,,both,adult,,,,,,,,,,,
Occurrence,Euchloe_ausonia,windmax,,391,mph,mean,,both,adult,,,,,,,,,,,
Occurrence,Euchloe_ausonia,windmean,,-308.487012,mph,mean,,both,adult,,,,,,,,,,,
HumanObservation,Euchloe_ausonia,windsum,,-737.3975609,,mean,,both,adult,,,,,,,,,,,
PreservedSpecimen,Euchloe_ausonia,Dstdrunk,,2023.105308,km,single observation,,both,adult,,,,,,,,,,,
PreservedSpecimen,Euchloe_ausonia,Dstwolf,,123.9659246,%,single observation,,both,adult,,,,,,,,,,,
PreservedSpecimen,Eumedonia_eumedon,WingsHR,average between minimum and maximum wingspan reported in four literature sources,15,,single observation,,both,adult,,,,,,,,,,,
PreservedSpecimen,Eumedonia_eumedon,WingsPamp,,32.5,,average,,both,adult,,,,,,,,,,,
,Eumedonia_eumedon,WingLaf,,15.5,,mode,,both,adult,,,,,,,,,,,
PreservedSpecimen,Eumedonia_eumedon,wingsTSF,Wingspan was obtained as the average between minimum and maximum wingspan reported in literature sources.,28,,mean,,both,adult,,,,,,,,,,,
PreservedSpecimen,Eumedonia_eumedon,wingsTSM,,26.5,,mean,,both,adult,,,,,,,,,,,
,Eumedonia_eumedon,Volt,,1,,mode,,both,adult,,,,,,,,,,,
HumanObservation,Eumedonia_eumedon,Flight Months,,3,,mode,,both,adult,,,,,,,,,,,
PreservedSpecimen,Eumedonia_eumedon,First emergence,Molecular analysis of COI gene sequences combined with functional trait extraction and environmental modeling.,5,,mode,,both,adult,,,,,,,,,,,
HumanObservation,Eumedonia_eumedon,First Month,,5,,mode,,both,adult,,,,,,,,,,,
HumanObservation,Eumedonia_eumedon,Last Month,Phenology assessment based on personal observations and the Butterfly Diversity and Evolution Lab database (2009–2018).,7,,mode,,both,adult,,,,,,,,,,,
HumanObservation,Eumedonia_eumedon,Tmean,,5.98,°C,mean,,both,adult,,,,,,,,,,,
,Eumedonia_eumedon,T95L,,5.63,,mode,,both,adult,,,,,,,,,,,
,Eumedonia_eumedon,T95H,,6.34,,mode,,both,adult,,,,,,,,,,,
PreservedSpecimen,Eumedonia_eumedon,TSD,Calculation of genetic differentiation indices ($G_{st}$ and $D_{st}$) using mitochondrial COI sequences,3.83,ratio,Single observation,,both,adult,,,,,,,,,,,
,Eumedonia_eumedon,Pmean,,763.74,,mode,,both,adult,,,,,,,,,,,
,Eumedonia_eumedon,P95L,,740.67,,mode,,both,adult,,,,,,,,,,,
,Eumedonia_eumedon,P95H,,786.8,,mode,,both,adult,,,,,,,,,,,
PreservedSpecimen,Eumedonia_eumedon,PSD,Genetic distance calculation (DS) relative to Palaearctic sectors using COI sequences,246.45,p-distance,single observation,,both,adult,,,,,,,,,,,
PreservedSpecimen,Eumedonia_eumedon,hp,,1,,mode,,both,adult,,,,,,,,,,,
Occurrence,Eumedonia_eumedon,windmax,,391,mph,mean,,both,adult,,,,,,,,,,,
Occurrence,Eumedonia_eumedon,windmean,,-325.2249035,mph,mean,,both,adult,,,,,,,,,,,
HumanObservation,Eumedonia_eumedon,windsum,,-763.8806201,,mean,,both,adult,,,,,,,,,,,
PreservedSpecimen,Eumedonia_eumedon,Dstdrunk,,4582.190294,km,single observation,,both,adult,,,,,,,,,,,
PreservedSpecimen,Eumedonia_eumedon,Dstwolf,,314.1329056,%,single observation,,both,adult,,,,,,,,,,,
PreservedSpecimen,Favonius_quercus,WingsHR,average between minimum and maximum wingspan reported in four literature sources,18,,single observation,,both,adult,,,,,,,,,,,
PreservedSpecimen,Favonius_quercus,WingsPamp,,27.5,,average,,both,adult,,,,,,,,,,,
,Favonius_quercus,WingLaf,,17,,mode,,both,adult,,,,,,,,,,,
PreservedSpecimen,Favonius_quercus,wingsTSF,Wingspan was obtained as the average between minimum and maximum wingspan reported in literature sources.,32,,mean,,both,adult,,,,,,,,,,,
PreservedSpecimen,Favonius_quercus,wingsTSM,,32,,mean,,both,adult,,,,,,,,,,,
,Favonius_quercus,Volt,,1,,mode,,both,adult,,,,,,,,,,,
HumanObservation,Favonius_quercus,Flight Months,,5,,mode,,both,adult,,,,,,,,,,,
PreservedSpecimen,Favonius_quercus,First emergence,Molecular analysis of COI gene sequences combined with functional trait extraction and environmental modeling.,6,,mode,,both,adult,,,,,,,,,,,
HumanObservation,Favonius_quercus,First Month,,6,,mode,,both,adult,,,,,,,,,,,
HumanObservation,Favonius_quercus,Last Month,Phenology assessment based on personal observations and the Butterfly Diversity and Evolution Lab database (2009–2018).,10,,mode,,both,adult,,,,,,,,,,,
HumanObservation,Favonius_quercus,Tmean,,9.49,°C,mean,,both,adult,,,,,,,,,,,
,Favonius_quercus,T95L,,9.29,,mode,,both,adult,,,,,,,,,,,
,Favonius_quercus,T95H,,9.68,,mode,,both,adult,,,,,,,,,,,
PreservedSpecimen,Favonius_quercus,TSD,Calculation of genetic differentiation indices ($G_{st}$ and $D_{st}$) using mitochondrial COI sequences,2.79,ratio,Single observation,,both,adult,,,,,,,,,,,
,Favonius_quercus,Pmean,,783.99,,mode,,both,adult,,,,,,,,,,,
,Favonius_quercus,P95L,,764.71,,mode,,both,adult,,,,,,,,,,,
,Favonius_quercus,P95H,,803.28,,mode,,both,adult,,,,,,,,,,,
PreservedSpecimen,Favonius_quercus,PSD,Genetic distance calculation (DS) relative to Palaearctic sectors using COI sequences,273.86,p-distance,single observation,,both,adult,,,,,,,,,,,
PreservedSpecimen,Favonius_quercus,hp,,1.5,,mode,,both,adult,,,,,,,,,,,
Occurrence,Favonius_quercus,windmax,,379,mph,mean,,both,adult,,,,,,,,,,,
Occurrence,Favonius_quercus,windmean,,-280.533613,mph,mean,,both,adult,,,,,,,,,,,
HumanObservation,Favonius_quercus,windsum,,-1132.86599,,mean,,both,adult,,,,,,,,,,,
PreservedSpecimen,Favonius_quercus,Dstdrunk,,2794.221467,km,single observation,,both,adult,,,,,,,,,,,
PreservedSpecimen,Favonius_quercus,Dstwolf,,197.1139723,%,single observation,,both,adult,,,,,,,,,,,
PreservedSpecimen,Gegenes_pumilio,WingsHR,average between minimum and maximum wingspan reported in four literature sources,14,,single observation,,both,adult,,,,,,,,,,,
PreservedSpecimen,Gegenes_pumilio,WingsPamp,,25,,average,,both,adult,,,,,,,,,,,
,Gegenes_pumilio,WingLaf,,14,,mode,,both,adult,,,,,,,,,,,
PreservedSpecimen,Gegenes_pumilio,wingsTSF,Wingspan was obtained as the average between minimum and maximum wingspan reported in literature sources.,32,,mean,,both,adult,,,,,,,,,,,
PreservedSpecimen,Gegenes_pumilio,wingsTSM,,32,,mean,,both,adult,,,,,,,,,,,
,Gegenes_pumilio,Volt,,2,,mode,,both,adult,,,,,,,,,,,
HumanObservation,Gegenes_pumilio,Flight Months,,7,,mode,,both,adult,,,,,,,,,,,
PreservedSpecimen,Gegenes_pumilio,First emergence,Molecular analysis of COI gene sequences combined with functional trait extraction and environmental modeling.,4,,mode,,both,adult,,,,,,,,,,,
HumanObservation,Gegenes_pumilio,First Month,,4,,mode,,both,adult,,,,,,,,,,,
HumanObservation,Gegenes_pumilio,Last Month,Phenology assessment based on personal observations and the Butterfly Diversity and Evolution Lab database (2009–2018).,10,,mode,,both,adult,,,,,,,,,,,
HumanObservation,Gegenes_pumilio,Tmean,,14.79,°C,mean,,both,adult,,,,,,,,,,,
,Gegenes_pumilio,T95L,,14.27,,mode,,both,adult,,,,,,,,,,,
,Gegenes_pumilio,T95H,,15.32,,mode,,both,adult,,,,,,,,,,,
PreservedSpecimen,Gegenes_pumilio,TSD,Calculation of genetic differentiation indices ($G_{st}$ and $D_{st}$) using mitochondrial COI sequences,2.29,ratio,Single observation,,both,adult,,,,,,,,,,,
,Gegenes_pumilio,Pmean,,766.21,,mode,,both,adult,,,,,,,,,,,
,Gegenes_pumilio,P95L,,715.56,,mode,,both,adult,,,,,,,,,,,
,Gegenes_pumilio,P95H,,816.87,,mode,,both,adult,,,,,,,,,,,
PreservedSpecimen,Gegenes_pumilio,PSD,Genetic distance calculation (DS) relative to Palaearctic sectors using COI sequences,221.67,p-distance,single observation,,both,adult,,,,,,,,,,,
PreservedSpecimen,Gegenes_pumilio,hp,,2,,mode,,both,adult,,,,,,,,,,,
Occurrence,Gegenes_pumilio,windmax,,391,mph,mean,,both,adult,,,,,,,,,,,
Occurrence,Gegenes_pumilio,windmean,,-283.7444625,mph,mean,,both,adult,,,,,,,,,,,
HumanObservation,Gegenes_pumilio,windsum,,-1598.39614,,mean,,both,adult,,,,,,,,,,,
PreservedSpecimen,Gegenes_pumilio,Dstdrunk,,1682.413242,km,single observation,,both,adult,,,,,,,,,,,
PreservedSpecimen,Gegenes_pumilio,Dstwolf,,192.4925396,%,single observation,,both,adult,,,,,,,,,,,
PreservedSpecimen,Glaucopsyche_alexis,WingsHR,average between minimum and maximum wingspan reported in four literature sources,15.5,,single observation,,both,adult,,,,,,,,,,,
PreservedSpecimen,Glaucopsyche_alexis,WingsPamp,,32.5,,average,,both,adult,,,,,,,,,,,
,Glaucopsyche_alexis,WingLaf,,15,,mode,,both,adult,,,,,,,,,,,
PreservedSpecimen,Glaucopsyche_alexis,wingsTSF,Wingspan was obtained as the average between minimum and maximum wingspan reported in literature sources.,29,,mean,,both,adult,,,,,,,,,,,
PreservedSpecimen,Glaucopsyche_alexis,wingsTSM,,30.5,,mean,,both,adult,,,,,,,,,,,
,Glaucopsyche_alexis,Volt,,1,,mode,,both,adult,,,,,,,,,,,
HumanObservation,Glaucopsyche_alexis,Flight Months,,3,,mode,,both,adult,,,,,,,,,,,
PreservedSpecimen,Glaucopsyche_alexis,First emergence,Molecular analysis of COI gene sequences combined with functional trait extraction and environmental modeling.,4,,mode,,both,adult,,,,,,,,,,,
HumanObservation,Glaucopsyche_alexis,First Month,,4,,mode,,both,adult,,,,,,,,,,,
HumanObservation,Glaucopsyche_alexis,Last Month,Phenology assessment based on personal observations and the Butterfly Diversity and Evolution Lab database (2009–2018).,6,,mode,,both,adult,,,,,,,,,,,
HumanObservation,Glaucopsyche_alexis,Tmean,,9.59,°C,mean,,both,adult,,,,,,,,,,,
,Glaucopsyche_alexis,T95L,,9.31,,mode,,both,adult,,,,,,,,,,,
,Glaucopsyche_alexis,T95H,,9.88,,mode,,both,adult,,,,,,,,,,,
PreservedSpecimen,Glaucopsyche_alexis,TSD,Calculation of genetic differentiation indices ($G_{st}$ and $D_{st}$) using mitochondrial COI sequences,3.59,ratio,Single observation,,both,adult,,,,,,,,,,,
,Glaucopsyche_alexis,Pmean,,763.99,,mode,,both,adult,,,,,,,,,,,
,Glaucopsyche_alexis,P95L,,745.7,,mode,,both,adult,,,,,,,,,,,
,Glaucopsyche_alexis,P95H,,782.28,,mode,,both,adult,,,,,,,,,,,
PreservedSpecimen,Glaucopsyche_alexis,PSD,Genetic distance calculation (DS) relative to Palaearctic sectors using COI sequences,229.82,p-distance,single observation,,both,adult,,,,,,,,,,,
PreservedSpecimen,Glaucopsyche_alexis,hp,,11,,mode,,both,adult,,,,,,,,,,,
Occurrence,Glaucopsyche_alexis,windmax,,391,mph,mean,,both,adult,,,,,,,,,,,
Occurrence,Glaucopsyche_alexis,windmean,,-308.487012,mph,mean,,both,adult,,,,,,,,,,,
HumanObservation,Glaucopsyche_alexis,windsum,,-737.3975609,,mean,,both,adult,,,,,,,,,,,
PreservedSpecimen,Glaucopsyche_alexis,Dstdrunk,,2981.028158,km,single observation,,both,adult,,,,,,,,,,,
PreservedSpecimen,Glaucopsyche_alexis,Dstwolf,,183.7059059,%,single observation,,both,adult,,,,,,,,,,,
PreservedSpecimen,Gonepteryx_cleopatra,WingsHR,average between minimum and maximum wingspan reported in four literature sources,29,,single observation,,both,adult,,,,,,,,,,,
PreservedSpecimen,Gonepteryx_cleopatra,WingsPamp,,57.5,,average,,both,adult,,,,,,,,,,,
,Gonepteryx_cleopatra,WingLaf,,27.5,,mode,,both,adult,,,,,,,,,,,
PreservedSpecimen,Gonepteryx_cleopatra,wingsTSF,Wingspan was obtained as the average between minimum and maximum wingspan reported in literature sources.,59,,mean,,both,adult,,,,,,,,,,,
PreservedSpecimen,Gonepteryx_cleopatra,wingsTSM,,59,,mean,,both,adult,,,,,,,,,,,
,Gonepteryx_cleopatra,Volt,,2,,mode,,both,adult,,,,,,,,,,,
HumanObservation,Gonepteryx_cleopatra,Flight Months,,10,,mode,,both,adult,,,,,,,,,,,
PreservedSpecimen,Gonepteryx_cleopatra,First emergence,Molecular analysis of COI gene sequences combined with functional trait extraction and environmental modeling.,4,,mode,,both,adult,,,,,,,,,,,
HumanObservation,Gonepteryx_cleopatra,First Month,,2,,mode,,both,adult,,,,,,,,,,,
HumanObservation,Gonepteryx_cleopatra,Last Month,Phenology assessment based on personal observations and the Butterfly Diversity and Evolution Lab database (2009–2018).,11,,mode,,both,adult,,,,,,,,,,,
HumanObservation,Gonepteryx_cleopatra,Tmean,,13.95,°C,mean,,both,adult,,,,,,,,,,,
,Gonepteryx_cleopatra,T95L,,13.65,,mode,,both,adult,,,,,,,,,,,
,Gonepteryx_cleopatra,T95H,,14.26,,mode,,both,adult,,,,,,,,,,,
PreservedSpecimen,Gonepteryx_cleopatra,TSD,Calculation of genetic differentiation indices ($G_{st}$ and $D_{st}$) using mitochondrial COI sequences,2.66,ratio,Single observation,,both,adult,,,,,,,,,,,
,Gonepteryx_cleopatra,Pmean,,724.22,,mode,,both,adult,,,,,,,,,,,
,Gonepteryx_cleopatra,P95L,,700.1,,mode,,both,adult,,,,,,,,,,,
,Gonepteryx_cleopatra,P95H,,748.34,,mode,,both,adult,,,,,,,,,,,
PreservedSpecimen,Gonepteryx_cleopatra,PSD,Genetic distance calculation (DS) relative to Palaearctic sectors using COI sequences,213.35,p-distance,single observation,,both,adult,,,,,,,,,,,
PreservedSpecimen,Gonepteryx_cleopatra,hp,,1,,mode,,both,adult,,,,,,,,,,,
Occurrence,Gonepteryx_cleopatra,windmax,,391,mph,mean,,both,adult,,,,,,,,,,,
Occurrence,Gonepteryx_cleopatra,windmean,,-262.1778076,mph,mean,,both,adult,,,,,,,,,,,
HumanObservation,Gonepteryx_cleopatra,windsum,,-2113.893173,,mean,,both,adult,,,,,,,,,,,
PreservedSpecimen,Gonepteryx_cleopatra,Dstdrunk,,3028.139741,km,single observation,,both,adult,,,,,,,,,,,
PreservedSpecimen,Gonepteryx_cleopatra,Dstwolf,,205.6127925,%,single observation,,both,adult,,,,,,,,,,,
PreservedSpecimen,Hesperia_comma,WingsHR,average between minimum and maximum wingspan reported in four literature sources,14.5,,single observation,,both,adult,,,,,,,,,,,
PreservedSpecimen,Hesperia_comma,WingsPamp,,27.5,,average,,both,adult,,,,,,,,,,,
,Hesperia_comma,WingLaf,,14.5,,mode,,both,adult,,,,,,,,,,,
PreservedSpecimen,Hesperia_comma,wingsTSF,Wingspan was obtained as the average between minimum and maximum wingspan reported in literature sources.,31,,mean,,both,adult,,,,,,,,,,,
PreservedSpecimen,Hesperia_comma,wingsTSM,,28.5,,mean,,both,adult,,,,,,,,,,,
,Hesperia_comma,Volt,,1,,mode,,both,adult,,,,,,,,,,,
HumanObservation,Hesperia_comma,Flight Months,,3,,mode,,both,adult,,,,,,,,,,,
PreservedSpecimen,Hesperia_comma,First emergence,Molecular analysis of COI gene sequences combined with functional trait extraction and environmental modeling.,6,,mode,,both,adult,,,,,,,,,,,
HumanObservation,Hesperia_comma,First Month,,6,,mode,,both,adult,,,,,,,,,,,
HumanObservation,Hesperia_comma,Last Month,Phenology assessment based on personal observations and the Butterfly Diversity and Evolution Lab database (2009–2018).,8,,mode,,both,adult,,,,,,,,,,,
HumanObservation,Hesperia_comma,Tmean,,8.47,°C,mean,,both,adult,,,,,,,,,,,
,Hesperia_comma,T95L,,8.25,,mode,,both,adult,,,,,,,,,,,
,Hesperia_comma,T95H,,8.69,,mode,,both,adult,,,,,,,,,,,
PreservedSpecimen,Hesperia_comma,TSD,Calculation of genetic differentiation indices ($G_{st}$ and $D_{st}$) using mitochondrial COI sequences,3.19,ratio,Single observation,,both,adult,,,,,,,,,,,
,Hesperia_comma,Pmean,,769.27,,mode,,both,adult,,,,,,,,,,,
,Hesperia_comma,P95L,,753.26,,mode,,both,adult,,,,,,,,,,,
,Hesperia_comma,P95H,,785.27,,mode,,both,adult,,,,,,,,,,,
PreservedSpecimen,Hesperia_comma,PSD,Genetic distance calculation (DS) relative to Palaearctic sectors using COI sequences,231.66,p-distance,single observation,,both,adult,,,,,,,,,,,
PreservedSpecimen,Hesperia_comma,hp,,2.5,,mode,,both,adult,,,,,,,,,,,
Occurrence,Hesperia_comma,windmax,,379,mph,mean,,both,adult,,,,,,,,,,,
Occurrence,Hesperia_comma,windmean,,-318.7366755,mph,mean,,both,adult,,,,,,,,,,,
HumanObservation,Hesperia_comma,windsum,,-755.5800689,,mean,,both,adult,,,,,,,,,,,
PreservedSpecimen,Hesperia_comma,Dstdrunk,,4210.86006,km,single observation,,both,adult,,,,,,,,,,,
PreservedSpecimen,Hesperia_comma,Dstwolf,,290.3011364,%,single observation,,both,adult,,,,,,,,,,,
PreservedSpecimen,Hipparchia_fagi,WingsHR,average between minimum and maximum wingspan reported in four literature sources,35.5,,single observation,,both,adult,,,,,,,,,,,
PreservedSpecimen,Hipparchia_fagi,WingsPamp,,60,,average,,both,adult,,,,,,,,,,,
,Hipparchia_fagi,WingLaf,,35,,mode,,both,adult,,,,,,,,,,,
PreservedSpecimen,Hipparchia_fagi,wingsTSF,Wingspan was obtained as the average between minimum and maximum wingspan reported in literature sources.,66,,mean,,both,adult,,,,,,,,,,,
PreservedSpecimen,Hipparchia_fagi,wingsTSM,,64,,mean,,both,adult,,,,,,,,,,,
,Hipparchia_fagi,Volt,,1,,mode,,both,adult,,,,,,,,,,,
HumanObservation,Hipparchia_fagi,Flight Months,,5,,mode,,both,adult,,,,,,,,,,,
PreservedSpecimen,Hipparchia_fagi,First emergence,Molecular analysis of COI gene sequences combined with functional trait extraction and environmental modeling.,6,,mode,,both,adult,,,,,,,,,,,
HumanObservation,Hipparchia_fagi,First Month,,6,,mode,,both,adult,,,,,,,,,,,
HumanObservation,Hipparchia_fagi,Last Month,Phenology assessment based on personal observations and the Butterfly Diversity and Evolution Lab database (2009–2018).,10,,mode,,both,adult,,,,,,,,,,,
HumanObservation,Hipparchia_fagi,Tmean,,10.53,°C,mean,,both,adult,,,,,,,,,,,
,Hipparchia_fagi,T95L,,10.24,,mode,,both,adult,,,,,,,,,,,
,Hipparchia_fagi,T95H,,10.82,,mode,,both,adult,,,,,,,,,,,
PreservedSpecimen,Hipparchia_fagi,TSD,Calculation of genetic differentiation indices ($G_{st}$ and $D_{st}$) using mitochondrial COI sequences,2.62,ratio,Single observation,,both,adult,,,,,,,,,,,
,Hipparchia_fagi,Pmean,,833.96,,mode,,both,adult,,,,,,,,,,,
,Hipparchia_fagi,P95L,,807.12,,mode,,both,adult,,,,,,,,,,,
,Hipparchia_fagi,P95H,,860.8,,mode,,both,adult,,,,,,,,,,,
PreservedSpecimen,Hipparchia_fagi,PSD,Genetic distance calculation (DS) relative to Palaearctic sectors using COI sequences,239.78,p-distance,single observation,,both,adult,,,,,,,,,,,
PreservedSpecimen,Hipparchia_fagi,hp,,3,,mode,,both,adult,,,,,,,,,,,
Occurrence,Hipparchia_fagi,windmax,,379,mph,mean,,both,adult,,,,,,,,,,,
Occurrence,Hipparchia_fagi,windmean,,-280.533613,mph,mean,,both,adult,,,,,,,,,,,
HumanObservation,Hipparchia_fagi,windsum,,-1132.86599,,mean,,both,adult,,,,,,,,,,,
PreservedSpecimen,Hipparchia_fagi,Dstdrunk,,3155.704537,km,single observation,,both,adult,,,,,,,,,,,
PreservedSpecimen,Hipparchia_fagi,Dstwolf,,216.0213634,%,single observation,,both,adult,,,,,,,,,,,
PreservedSpecimen,Hipparchia_semele,WingsHR,average between minimum and maximum wingspan reported in four literature sources,25.5,,single observation,,both,adult,,,,,,,,,,,
PreservedSpecimen,Hipparchia_semele,WingsPamp,,NA,,average,,both,adult,,,,,,,,,,,
,Hipparchia_semele,WingLaf,,23,,mode,,both,adult,,,,,,,,,,,
PreservedSpecimen,Hipparchia_semele,wingsTSF,Wingspan was obtained as the average between minimum and maximum wingspan reported in literature sources.,51,,mean,,both,adult,,,,,,,,,,,
PreservedSpecimen,Hipparchia_semele,wingsTSM,,45.5,,mean,,both,adult,,,,,,,,,,,
,Hipparchia_semele,Volt,,1,,mode,,both,adult,,,,,,,,,,,
HumanObservation,Hipparchia_semele,Flight Months,,6,,mode,,both,adult,,,,,,,,,,,
PreservedSpecimen,Hipparchia_semele,First emergence,Molecular analysis of COI gene sequences combined with functional trait extraction and environmental modeling.,5,,mode,,both,adult,,,,,,,,,,,
HumanObservation,Hipparchia_semele,First Month,,5,,mode,,both,adult,,,,,,,,,,,
HumanObservation,Hipparchia_semele,Last Month,Phenology assessment based on personal observations and the Butterfly Diversity and Evolution Lab database (2009–2018).,10,,mode,,both,adult,,,,,,,,,,,
HumanObservation,Hipparchia_semele,Tmean,,9.18,°C,mean,,both,adult,,,,,,,,,,,
,Hipparchia_semele,T95L,,9,,mode,,both,adult,,,,,,,,,,,
,Hipparchia_semele,T95H,,9.36,,mode,,both,adult,,,,,,,,,,,
PreservedSpecimen,Hipparchia_semele,TSD,Calculation of genetic differentiation indices ($G_{st}$ and $D_{st}$) using mitochondrial COI sequences,2.61,ratio,Single observation,,both,adult,,,,,,,,,,,
,Hipparchia_semele,Pmean,,817.54,,mode,,both,adult,,,,,,,,,,,
,Hipparchia_semele,P95L,,796.31,,mode,,both,adult,,,,,,,,,,,
,Hipparchia_semele,P95H,,838.77,,mode,,both,adult,,,,,,,,,,,
PreservedSpecimen,Hipparchia_semele,PSD,Genetic distance calculation (DS) relative to Palaearctic sectors using COI sequences,308.62,p-distance,single observation,,both,adult,,,,,,,,,,,
PreservedSpecimen,Hipparchia_semele,hp,,13,,mode,,both,adult,,,,,,,,,,,
Occurrence,Hipparchia_semele,windmax,,391,mph,mean,,both,adult,,,,,,,,,,,
Occurrence,Hipparchia_semele,windmean,,-286.0478667,mph,mean,,both,adult,,,,,,,,,,,
HumanObservation,Hipparchia_semele,windsum,,-1373.827895,,mean,,both,adult,,,,,,,,,,,
PreservedSpecimen,Hipparchia_semele,Dstdrunk,,2001.074172,km,single observation,,both,adult,,,,,,,,,,,
PreservedSpecimen,Hipparchia_semele,Dstwolf,,220.6178835,%,single observation,,both,adult,,,,,,,,,,,
PreservedSpecimen,Hipparchia_statilinus,WingsHR,average between minimum and maximum wingspan reported in four literature sources,25,,single observation,,both,adult,,,,,,,,,,,
PreservedSpecimen,Hipparchia_statilinus,WingsPamp,,52.5,,average,,both,adult,,,,,,,,,,,
,Hipparchia_statilinus,WingLaf,,27.5,,mode,,both,adult,,,,,,,,,,,
PreservedSpecimen,Hipparchia_statilinus,wingsTSF,Wingspan was obtained as the average between minimum and maximum wingspan reported in literature sources.,45,,mean,,both,adult,,,,,,,,,,,
PreservedSpecimen,Hipparchia_statilinus,wingsTSM,,45,,mean,,both,adult,,,,,,,,,,,
,Hipparchia_statilinus,Volt,,1,,mode,,both,adult,,,,,,,,,,,
HumanObservation,Hipparchia_statilinus,Flight Months,,5,,mode,,both,adult,,,,,,,,,,,
PreservedSpecimen,Hipparchia_statilinus,First emergence,Molecular analysis of COI gene sequences combined with functional trait extraction and environmental modeling.,6,,mode,,both,adult,,,,,,,,,,,
HumanObservation,Hipparchia_statilinus,First Month,,6,,mode,,both,adult,,,,,,,,,,,
HumanObservation,Hipparchia_statilinus,Last Month,Phenology assessment based on personal observations and the Butterfly Diversity and Evolution Lab database (2009–2018).,10,,mode,,both,adult,,,,,,,,,,,
HumanObservation,Hipparchia_statilinus,Tmean,,11.83,°C,mean,,both,adult,,,,,,,,,,,
,Hipparchia_statilinus,T95L,,11.51,,mode,,both,adult,,,,,,,,,,,
,Hipparchia_statilinus,T95H,,12.14,,mode,,both,adult,,,,,,,,,,,
PreservedSpecimen,Hipparchia_statilinus,TSD,Calculation of genetic differentiation indices ($G_{st}$ and $D_{st}$) using mitochondrial COI sequences,2.99,ratio,Single observation,,both,adult,,,,,,,,,,,
,Hipparchia_statilinus,Pmean,,772.31,,mode,,both,adult,,,,,,,,,,,
,Hipparchia_statilinus,P95L,,746.8,,mode,,both,adult,,,,,,,,,,,
,Hipparchia_statilinus,P95H,,797.81,,mode,,both,adult,,,,,,,,,,,
PreservedSpecimen,Hipparchia_statilinus,PSD,Genetic distance calculation (DS) relative to Palaearctic sectors using COI sequences,246.07,p-distance,single observation,,both,adult,,,,,,,,,,,
PreservedSpecimen,Hipparchia_statilinus,hp,,4,,mode,,both,adult,,,,,,,,,,,
Occurrence,Hipparchia_statilinus,windmax,,379,mph,mean,,both,adult,,,,,,,,,,,
Occurrence,Hipparchia_statilinus,windmean,,-280.533613,mph,mean,,both,adult,,,,,,,,,,,
HumanObservation,Hipparchia_statilinus,windsum,,-1132.86599,,mean,,both,adult,,,,,,,,,,,
PreservedSpecimen,Hipparchia_statilinus,Dstdrunk,,2560.717421,km,single observation,,both,adult,,,,,,,,,,,
PreservedSpecimen,Hipparchia_statilinus,Dstwolf,,184.4800847,%,single observation,,both,adult,,,,,,,,,,,
PreservedSpecimen,Hyponephele_lycaon,WingsHR,average between minimum and maximum wingspan reported in four literature sources,22,,single observation,,both,adult,,,,,,,,,,,
PreservedSpecimen,Hyponephele_lycaon,WingsPamp,,37.5,,average,,both,adult,,,,,,,,,,,
,Hyponephele_lycaon,WingLaf,,21,,mode,,both,adult,,,,,,,,,,,
PreservedSpecimen,Hyponephele_lycaon,wingsTSF,Wingspan was obtained as the average between minimum and maximum wingspan reported in literature sources.,38,,mean,,both,adult,,,,,,,,,,,
PreservedSpecimen,Hyponephele_lycaon,wingsTSM,,38,,mean,,both,adult,,,,,,,,,,,
,Hyponephele_lycaon,Volt,,1,,mode,,both,adult,,,,,,,,,,,
HumanObservation,Hyponephele_lycaon,Flight Months,,3,,mode,,both,adult,,,,,,,,,,,
PreservedSpecimen,Hyponephele_lycaon,First emergence,Molecular analysis of COI gene sequences combined with functional trait extraction and environmental modeling.,6,,mode,,both,adult,,,,,,,,,,,
HumanObservation,Hyponephele_lycaon,First Month,,6,,mode,,both,adult,,,,,,,,,,,
HumanObservation,Hyponephele_lycaon,Last Month,Phenology assessment based on personal observations and the Butterfly Diversity and Evolution Lab database (2009–2018).,8,,mode,,both,adult,,,,,,,,,,,
HumanObservation,Hyponephele_lycaon,Tmean,,9.14,°C,mean,,both,adult,,,,,,,,,,,
,Hyponephele_lycaon,T95L,,8.84,,mode,,both,adult,,,,,,,,,,,
,Hyponephele_lycaon,T95H,,9.44,,mode,,both,adult,,,,,,,,,,,
PreservedSpecimen,Hyponephele_lycaon,TSD,Calculation of genetic differentiation indices ($G_{st}$ and $D_{st}$) using mitochondrial COI sequences,2.92,ratio,Single observation,,both,adult,,,,,,,,,,,
,Hyponephele_lycaon,Pmean,,741.94,,mode,,both,adult,,,,,,,,,,,
,Hyponephele_lycaon,P95L,,717.38,,mode,,both,adult,,,,,,,,,,,
,Hyponephele_lycaon,P95H,,766.49,,mode,,both,adult,,,,,,,,,,,
PreservedSpecimen,Hyponephele_lycaon,PSD,Genetic distance calculation (DS) relative to Palaearctic sectors using COI sequences,238.52,p-distance,single observation,,both,adult,,,,,,,,,,,
PreservedSpecimen,Hyponephele_lycaon,hp,,3,,mode,,both,adult,,,,,,,,,,,
Occurrence,Hyponephele_lycaon,windmax,,379,mph,mean,,both,adult,,,,,,,,,,,
Occurrence,Hyponephele_lycaon,windmean,,-318.7366755,mph,mean,,both,adult,,,,,,,,,,,
HumanObservation,Hyponephele_lycaon,windsum,,-755.5800689,,mean,,both,adult,,,,,,,,,,,
PreservedSpecimen,Hyponephele_lycaon,Dstdrunk,,5211.951797,km,single observation,,both,adult,,,,,,,,,,,
PreservedSpecimen,Hyponephele_lycaon,Dstwolf,,377.9479156,%,single observation,,both,adult,,,,,,,,,,,
PreservedSpecimen,Iphiclides_podalirius,WingsHR,average between minimum and maximum wingspan reported in four literature sources,36,,single observation,,both,adult,,,,,,,,,,,
PreservedSpecimen,Iphiclides_podalirius,WingsPamp,,75,,average,,both,adult,,,,,,,,,,,
,Iphiclides_podalirius,WingLaf,,36,,mode,,both,adult,,,,,,,,,,,
PreservedSpecimen,Iphiclides_podalirius,wingsTSF,Wingspan was obtained as the average between minimum and maximum wingspan reported in literature sources.,77,,mean,,both,adult,,,,,,,,,,,
PreservedSpecimen,Iphiclides_podalirius,wingsTSM,,70,,mean,,both,adult,,,,,,,,,,,
,Iphiclides_podalirius,Volt,,2,,mode,,both,adult,,,,,,,,,,,
HumanObservation,Iphiclides_podalirius,Flight Months,,6,,mode,,both,adult,,,,,,,,,,,
PreservedSpecimen,Iphiclides_podalirius,First emergence,Molecular analysis of COI gene sequences combined with functional trait extraction and environmental modeling.,4,,mode,,both,adult,,,,,,,,,,,
HumanObservation,Iphiclides_podalirius,First Month,,4,,mode,,both,adult,,,,,,,,,,,
HumanObservation,Iphiclides_podalirius,Last Month,Phenology assessment based on personal observations and the Butterfly Diversity and Evolution Lab database (2009–2018).,9,,mode,,both,adult,,,,,,,,,,,
HumanObservation,Iphiclides_podalirius,Tmean,,10.87,°C,mean,,both,adult,,,,,,,,,,,
,Iphiclides_podalirius,T95L,,10.63,,mode,,both,adult,,,,,,,,,,,
,Iphiclides_podalirius,T95H,,11.12,,mode,,both,adult,,,,,,,,,,,
PreservedSpecimen,Iphiclides_podalirius,TSD,Calculation of genetic differentiation indices ($G_{st}$ and $D_{st}$) using mitochondrial COI sequences,3.4,ratio,Single observation,,both,adult,,,,,,,,,,,
,Iphiclides_podalirius,Pmean,,780.33,,mode,,both,adult,,,,,,,,,,,
,Iphiclides_podalirius,P95L,,762.62,,mode,,both,adult,,,,,,,,,,,
,Iphiclides_podalirius,P95H,,798.03,,mode,,both,adult,,,,,,,,,,,
PreservedSpecimen,Iphiclides_podalirius,PSD,Genetic distance calculation (DS) relative to Palaearctic sectors using COI sequences,247.77,p-distance,single observation,,both,adult,,,,,,,,,,,
PreservedSpecimen,Iphiclides_podalirius,hp,,1,,mode,,both,adult,,,,,,,,,,,
Occurrence,Iphiclides_podalirius,windmax,,391,mph,mean,,both,adult,,,,,,,,,,,
Occurrence,Iphiclides_podalirius,windmean,,-296.073487,mph,mean,,both,adult,,,,,,,,,,,
HumanObservation,Iphiclides_podalirius,windsum,,-1417.818725,,mean,,both,adult,,,,,,,,,,,
PreservedSpecimen,Iphiclides_podalirius,Dstdrunk,,2455.171702,km,single observation,,both,adult,,,,,,,,,,,
PreservedSpecimen,Iphiclides_podalirius,Dstwolf,,146.673953,%,single observation,,both,adult,,,,,,,,,,,
PreservedSpecimen,Issoria_lathonia,WingsHR,average between minimum and maximum wingspan reported in four literature sources,21,,single observation,,both,adult,,,,,,,,,,,
PreservedSpecimen,Issoria_lathonia,WingsPamp,,32.5,,average,,both,adult,,,,,,,,,,,
,Issoria_lathonia,WingLaf,,21,,mode,,both,adult,,,,,,,,,,,
PreservedSpecimen,Issoria_lathonia,wingsTSF,Wingspan was obtained as the average between minimum and maximum wingspan reported in literature sources.,42.5,,mean,,both,adult,,,,,,,,,,,
PreservedSpecimen,Issoria_lathonia,wingsTSM,,38.5,,mean,,both,adult,,,,,,,,,,,
,Issoria_lathonia,Volt,,3,,mode,,both,adult,,,,,,,,,,,
HumanObservation,Issoria_lathonia,Flight Months,,7,,mode,,both,adult,,,,,,,,,,,
PreservedSpecimen,Issoria_lathonia,First emergence,Molecular analysis of COI gene sequences combined with functional trait extraction and environmental modeling.,4,,mode,,both,adult,,,,,,,,,,,
HumanObservation,Issoria_lathonia,First Month,,4,,mode,,both,adult,,,,,,,,,,,
HumanObservation,Issoria_lathonia,Last Month,Phenology assessment based on personal observations and the Butterfly Diversity and Evolution Lab database (2009–2018).,10,,mode,,both,adult,,,,,,,,,,,
HumanObservation,Issoria_lathonia,Tmean,,9.33,°C,mean,,both,adult,,,,,,,,,,,
,Issoria_lathonia,T95L,,9.13,,mode,,both,adult,,,,,,,,,,,
,Issoria_lathonia,T95H,,9.52,,mode,,both,adult,,,,,,,,,,,
PreservedSpecimen,Issoria_lathonia,TSD,Calculation of genetic differentiation indices ($G_{st}$ and $D_{st}$) using mitochondrial COI sequences,3.08,ratio,Single observation,,both,adult,,,,,,,,,,,
,Issoria_lathonia,Pmean,,748.91,,mode,,both,adult,,,,,,,,,,,
,Issoria_lathonia,P95L,,734.56,,mode,,both,adult,,,,,,,,,,,
,Issoria_lathonia,P95H,,763.25,,mode,,both,adult,,,,,,,,,,,
PreservedSpecimen,Issoria_lathonia,PSD,Genetic distance calculation (DS) relative to Palaearctic sectors using COI sequences,228.31,p-distance,single observation,,both,adult,,,,,,,,,,,
PreservedSpecimen,Issoria_lathonia,hp,,1,,mode,,both,adult,,,,,,,,,,,
Occurrence,Issoria_lathonia,windmax,,391,mph,mean,,both,adult,,,,,,,,,,,
Occurrence,Issoria_lathonia,windmean,,-283.7444625,mph,mean,,both,adult,,,,,,,,,,,
HumanObservation,Issoria_lathonia,windsum,,-1598.39614,,mean,,both,adult,,,,,,,,,,,
PreservedSpecimen,Issoria_lathonia,Dstdrunk,,2483.723416,km,single observation,,both,adult,,,,,,,,,,,
PreservedSpecimen,Issoria_lathonia,Dstwolf,,145.3094201,%,single observation,,both,adult,,,,,,,,,,,
PreservedSpecimen,Lampides_boeticus,WingsHR,average between minimum and maximum wingspan reported in four literature sources,16.5,,single observation,,both,adult,,,,,,,,,,,
PreservedSpecimen,Lampides_boeticus,WingsPamp,,32.5,,average,,both,adult,,,,,,,,,,,
,Lampides_boeticus,WingLaf,,15.5,,mode,,both,adult,,,,,,,,,,,
PreservedSpecimen,Lampides_boeticus,wingsTSF,Wingspan was obtained as the average between minimum and maximum wingspan reported in literature sources.,33,,mean,,both,adult,,,,,,,,,,,
PreservedSpecimen,Lampides_boeticus,wingsTSM,,33,,mean,,both,adult,,,,,,,,,,,
,Lampides_boeticus,Volt,,3,,mode,,both,adult,,,,,,,,,,,
HumanObservation,Lampides_boeticus,Flight Months,,8,,mode,,both,adult,,,,,,,,,,,
PreservedSpecimen,Lampides_boeticus,First emergence,Molecular analysis of COI gene sequences combined with functional trait extraction and environmental modeling.,5,,mode,,both,adult,,,,,,,,,,,
HumanObservation,Lampides_boeticus,First Month,,3,,mode,,both,adult,,,,,,,,,,,
HumanObservation,Lampides_boeticus,Last Month,Phenology assessment based on personal observations and the Butterfly Diversity and Evolution Lab database (2009–2018).,10,,mode,,both,adult,,,,,,,,,,,
HumanObservation,Lampides_boeticus,Tmean,,12.82,°C,mean,,both,adult,,,,,,,,,,,
,Lampides_boeticus,T95L,,12.51,,mode,,both,adult,,,,,,,,,,,
,Lampides_boeticus,T95H,,13.13,,mode,,both,adult,,,,,,,,,,,
PreservedSpecimen,Lampides_boeticus,TSD,Calculation of genetic differentiation indices ($G_{st}$ and $D_{st}$) using mitochondrial COI sequences,3.03,ratio,Single observation,,both,adult,,,,,,,,,,,
,Lampides_boeticus,Pmean,,790.89,,mode,,both,adult,,,,,,,,,,,
,Lampides_boeticus,P95L,,766.02,,mode,,both,adult,,,,,,,,,,,
,Lampides_boeticus,P95H,,815.76,,mode,,both,adult,,,,,,,,,,,
PreservedSpecimen,Lampides_boeticus,PSD,Genetic distance calculation (DS) relative to Palaearctic sectors using COI sequences,240.3,p-distance,single observation,,both,adult,,,,,,,,,,,
PreservedSpecimen,Lampides_boeticus,hp,,6,,mode,,both,adult,,,,,,,,,,,
Occurrence,Lampides_boeticus,windmax,,391,mph,mean,,both,adult,,,,,,,,,,,
Occurrence,Lampides_boeticus,windmean,,-278.007014,mph,mean,,both,adult,,,,,,,,,,,
HumanObservation,Lampides_boeticus,windsum,,-1789.522144,,mean,,both,adult,,,,,,,,,,,
PreservedSpecimen,Lampides_boeticus,Dstdrunk,,2606.130445,km,single observation,,both,adult,,,,,,,,,,,
PreservedSpecimen,Lampides_boeticus,Dstwolf,,212.2748939,%,single observation,,both,adult,,,,,,,,,,,
PreservedSpecimen,Lasiommata_maera,WingsHR,average between minimum and maximum wingspan reported in four literature sources,25,,single observation,,both,adult,,,,,,,,,,,
PreservedSpecimen,Lasiommata_maera,WingsPamp,,55,,average,,both,adult,,,,,,,,,,,
,Lasiommata_maera,WingLaf,,25,,mode,,both,adult,,,,,,,,,,,
PreservedSpecimen,Lasiommata_maera,wingsTSF,Wingspan was obtained as the average between minimum and maximum wingspan reported in literature sources.,47.5,,mean,,both,adult,,,,,,,,,,,
PreservedSpecimen,Lasiommata_maera,wingsTSM,,44,,mean,,both,adult,,,,,,,,,,,
,Lasiommata_maera,Volt,,2,,mode,,both,adult,,,,,,,,,,,
HumanObservation,Lasiommata_maera,Flight Months,,6,,mode,,both,adult,,,,,,,,,,,
PreservedSpecimen,Lasiommata_maera,First emergence,Molecular analysis of COI gene sequences combined with functional trait extraction and environmental modeling.,5,,mode,,both,adult,,,,,,,,,,,
HumanObservation,Lasiommata_maera,First Month,,5,,mode,,both,adult,,,,,,,,,,,
HumanObservation,Lasiommata_maera,Last Month,Phenology assessment based on personal observations and the Butterfly Diversity and Evolution Lab database (2009–2018).,10,,mode,,both,adult,,,,,,,,,,,
HumanObservation,Lasiommata_maera,Tmean,,8.56,°C,mean,,both,adult,,,,,,,,,,,
,Lasiommata_maera,T95L,,8.31,,mode,,both,adult,,,,,,,,,,,
,Lasiommata_maera,T95H,,8.8,,mode,,both,adult,,,,,,,,,,,
PreservedSpecimen,Lasiommata_maera,TSD,Calculation of genetic differentiation indices ($G_{st}$ and $D_{st}$) using mitochondrial COI sequences,3.76,ratio,Single observation,,both,adult,,,,,,,,,,,
,Lasiommata_maera,Pmean,,798.37,,mode,,both,adult,,,,,,,,,,,
,Lasiommata_maera,P95L,,778.98,,mode,,both,adult,,,,,,,,,,,
,Lasiommata_maera,P95H,,817.75,,mode,,both,adult,,,,,,,,,,,
PreservedSpecimen,Lasiommata_maera,PSD,Genetic distance calculation (DS) relative to Palaearctic sectors using COI sequences,294.35,p-distance,single observation,,both,adult,,,,,,,,,,,
PreservedSpecimen,Lasiommata_maera,hp,,9,,mode,,both,adult,,,,,,,,,,,
Occurrence,Lasiommata_maera,windmax,,391,mph,mean,,both,adult,,,,,,,,,,,
Occurrence,Lasiommata_maera,windmean,,-286.0478667,mph,mean,,both,adult,,,,,,,,,,,
HumanObservation,Lasiommata_maera,windsum,,-1373.827895,,mean,,both,adult,,,,,,,,,,,
PreservedSpecimen,Lasiommata_maera,Dstdrunk,,3156.86871,km,single observation,,both,adult,,,,,,,,,,,
PreservedSpecimen,Lasiommata_maera,Dstwolf,,226.2281974,%,single observation,,both,adult,,,,,,,,,,,
PreservedSpecimen,Lasiommata_megera,WingsHR,average between minimum and maximum wingspan reported in four literature sources,22,,single observation,,both,adult,,,,,,,,,,,
PreservedSpecimen,Lasiommata_megera,WingsPamp,,45,,average,,both,adult,,,,,,,,,,,
,Lasiommata_megera,WingLaf,,22.5,,mode,,both,adult,,,,,,,,,,,
PreservedSpecimen,Lasiommata_megera,wingsTSF,Wingspan was obtained as the average between minimum and maximum wingspan reported in literature sources.,42.5,,mean,,both,adult,,,,,,,,,,,
PreservedSpecimen,Lasiommata_megera,wingsTSM,,42.5,,mean,,both,adult,,,,,,,,,,,
,Lasiommata_megera,Volt,,3,,mode,,both,adult,,,,,,,,,,,
HumanObservation,Lasiommata_megera,Flight Months,,11,,mode,,both,adult,,,,,,,,,,,
PreservedSpecimen,Lasiommata_megera,First emergence,Molecular analysis of COI gene sequences combined with functional trait extraction and environmental modeling.,2,,mode,,both,adult,,,,,,,,,,,
HumanObservation,Lasiommata_megera,First Month,,2,,mode,,both,adult,,,,,,,,,,,
HumanObservation,Lasiommata_megera,Last Month,Phenology assessment based on personal observations and the Butterfly Diversity and Evolution Lab database (2009–2018).,12,,mode,,both,adult,,,,,,,,,,,
HumanObservation,Lasiommata_megera,Tmean,,10.39,°C,mean,,both,adult,,,,,,,,,,,
,Lasiommata_megera,T95L,,10.2,,mode,,both,adult,,,,,,,,,,,
,Lasiommata_megera,T95H,,10.58,,mode,,both,adult,,,,,,,,,,,
PreservedSpecimen,Lasiommata_megera,TSD,Calculation of genetic differentiation indices ($G_{st}$ and $D_{st}$) using mitochondrial COI sequences,3.13,ratio,Single observation,,both,adult,,,,,,,,,,,
,Lasiommata_megera,Pmean,,775.99,,mode,,both,adult,,,,,,,,,,,
,Lasiommata_megera,P95L,,760.29,,mode,,both,adult,,,,,,,,,,,
,Lasiommata_megera,P95H,,791.69,,mode,,both,adult,,,,,,,,,,,
PreservedSpecimen,Lasiommata_megera,PSD,Genetic distance calculation (DS) relative to Palaearctic sectors using COI sequences,259.65,p-distance,single observation,,both,adult,,,,,,,,,,,
PreservedSpecimen,Lasiommata_megera,hp,,6,,mode,,both,adult,,,,,,,,,,,
Occurrence,Lasiommata_megera,windmax,,391,mph,mean,,both,adult,,,,,,,,,,,
Occurrence,Lasiommata_megera,windmean,,-253.3635896,mph,mean,,both,adult,,,,,,,,,,,
HumanObservation,Lasiommata_megera,windsum,,-2241.470144,,mean,,both,adult,,,,,,,,,,,
PreservedSpecimen,Lasiommata_megera,Dstdrunk,,2548.178164,km,single observation,,both,adult,,,,,,,,,,,
PreservedSpecimen,Lasiommata_megera,Dstwolf,,146.0237514,%,single observation,,both,adult,,,,,,,,,,,
PreservedSpecimen,Leptidea_sinapis,WingsHR,average between minimum and maximum wingspan reported in four literature sources,21.5,,single observation,,both,adult,,,,,,,,,,,
PreservedSpecimen,Leptidea_sinapis,WingsPamp,,37.5,,average,,both,adult,,,,,,,,,,,
,Leptidea_sinapis,WingLaf,,21.5,,mode,,both,adult,,,,,,,,,,,
PreservedSpecimen,Leptidea_sinapis,wingsTSF,Wingspan was obtained as the average between minimum and maximum wingspan reported in literature sources.,38,,mean,,both,adult,,,,,,,,,,,
PreservedSpecimen,Leptidea_sinapis,wingsTSM,,38,,mean,,both,adult,,,,,,,,,,,
,Leptidea_sinapis,Volt,,3,,mode,,both,adult,,,,,,,,,,,
HumanObservation,Leptidea_sinapis,Flight Months,,8,,mode,,both,adult,,,,,,,,,,,
PreservedSpecimen,Leptidea_sinapis,First emergence,Molecular analysis of COI gene sequences combined with functional trait extraction and environmental modeling.,3,,mode,,both,adult,,,,,,,,,,,
HumanObservation,Leptidea_sinapis,First Month,,3,,mode,,both,adult,,,,,,,,,,,
HumanObservation,Leptidea_sinapis,Last Month,Phenology assessment based on personal observations and the Butterfly Diversity and Evolution Lab database (2009–2018).,10,,mode,,both,adult,,,,,,,,,,,
HumanObservation,Leptidea_sinapis,Tmean,,9.11,°C,mean,,both,adult,,,,,,,,,,,
,Leptidea_sinapis,T95L,,8.88,,mode,,both,adult,,,,,,,,,,,
,Leptidea_sinapis,T95H,,9.35,,mode,,both,adult,,,,,,,,,,,
PreservedSpecimen,Leptidea_sinapis,TSD,Calculation of genetic differentiation indices ($G_{st}$ and $D_{st}$) using mitochondrial COI sequences,3.92,ratio,Single observation,,both,adult,,,,,,,,,,,
,Leptidea_sinapis,Pmean,,770.01,,mode,,both,adult,,,,,,,,,,,
,Leptidea_sinapis,P95L,,754.15,,mode,,both,adult,,,,,,,,,,,
,Leptidea_sinapis,P95H,,785.88,,mode,,both,adult,,,,,,,,,,,
PreservedSpecimen,Leptidea_sinapis,PSD,Genetic distance calculation (DS) relative to Palaearctic sectors using COI sequences,266.77,p-distance,single observation,,both,adult,,,,,,,,,,,
PreservedSpecimen,Leptidea_sinapis,hp,,2,,mode,,both,adult,,,,,,,,,,,
Occurrence,Leptidea_sinapis,windmax,,391,mph,mean,,both,adult,,,,,,,,,,,
Occurrence,Leptidea_sinapis,windmean,,-278.007014,mph,mean,,both,adult,,,,,,,,,,,
HumanObservation,Leptidea_sinapis,windsum,,-1789.522144,,mean,,both,adult,,,,,,,,,,,
PreservedSpecimen,Leptidea_sinapis,Dstdrunk,,1904.477153,km,single observation,,both,adult,,,,,,,,,,,
PreservedSpecimen,Leptidea_sinapis,Dstwolf,,114.4959097,%,single observation,,both,adult,,,,,,,,,,,
PreservedSpecimen,Leptotes_pirithous,WingsHR,average between minimum and maximum wingspan reported in four literature sources,12.5,,single observation,,both,adult,,,,,,,,,,,
PreservedSpecimen,Leptotes_pirithous,WingsPamp,,22.5,,average,,both,adult,,,,,,,,,,,
,Leptotes_pirithous,WingLaf,,12.5,,mode,,both,adult,,,,,,,,,,,
PreservedSpecimen,Leptotes_pirithous,wingsTSF,Wingspan was obtained as the average between minimum and maximum wingspan reported in literature sources.,25,,mean,,both,adult,,,,,,,,,,,
PreservedSpecimen,Leptotes_pirithous,wingsTSM,,25,,mean,,both,adult,,,,,,,,,,,
,Leptotes_pirithous,Volt,,3,,mode,,both,adult,,,,,,,,,,,
HumanObservation,Leptotes_pirithous,Flight Months,,9,,mode,,both,adult,,,,,,,,,,,
PreservedSpecimen,Leptotes_pirithous,First emergence,Molecular analysis of COI gene sequences combined with functional trait extraction and environmental modeling.,6,,mode,,both,adult,,,,,,,,,,,
HumanObservation,Leptotes_pirithous,First Month,,3,,mode,,both,adult,,,,,,,,,,,
HumanObservation,Leptotes_pirithous,Last Month,Phenology assessment based on personal observations and the Butterfly Diversity and Evolution Lab database (2009–2018).,11,,mode,,both,adult,,,,,,,,,,,
HumanObservation,Leptotes_pirithous,Tmean,,12.82,°C,mean,,both,adult,,,,,,,,,,,
,Leptotes_pirithous,T95L,,12.43,,mode,,both,adult,,,,,,,,,,,
,Leptotes_pirithous,T95H,,13.21,,mode,,both,adult,,,,,,,,,,,
PreservedSpecimen,Leptotes_pirithous,TSD,Calculation of genetic differentiation indices ($G_{st}$ and $D_{st}$) using mitochondrial COI sequences,3.37,ratio,Single observation,,both,adult,,,,,,,,,,,
,Leptotes_pirithous,Pmean,,795.39,,mode,,both,adult,,,,,,,,,,,
,Leptotes_pirithous,P95L,,762.06,,mode,,both,adult,,,,,,,,,,,
,Leptotes_pirithous,P95H,,828.72,,mode,,both,adult,,,,,,,,,,,
PreservedSpecimen,Leptotes_pirithous,PSD,Genetic distance calculation (DS) relative to Palaearctic sectors using COI sequences,286.86,p-distance,single observation,,both,adult,,,,,,,,,,,
PreservedSpecimen,Leptotes_pirithous,hp,,3.5,,mode,,both,adult,,,,,,,,,,,
Occurrence,Leptotes_pirithous,windmax,,391,mph,mean,,both,adult,,,,,,,,,,,
Occurrence,Leptotes_pirithous,windmean,,-266.7470489,mph,mean,,both,adult,,,,,,,,,,,
HumanObservation,Leptotes_pirithous,windsum,,-1935.884023,,mean,,both,adult,,,,,,,,,,,
PreservedSpecimen,Leptotes_pirithous,Dstdrunk,,2163.203622,km,single observation,,both,adult,,,,,,,,,,,
PreservedSpecimen,Leptotes_pirithous,Dstwolf,,196.8664412,%,single observation,,both,adult,,,,,,,,,,,
PreservedSpecimen,Libythea_celtis,WingsHR,average between minimum and maximum wingspan reported in four literature sources,19.5,,single observation,,both,adult,,,,,,,,,,,
PreservedSpecimen,Libythea_celtis,WingsPamp,,37.5,,average,,both,adult,,,,,,,,,,,
,Libythea_celtis,WingLaf,,19.5,,mode,,both,adult,,,,,,,,,,,
PreservedSpecimen,Libythea_celtis,wingsTSF,Wingspan was obtained as the average between minimum and maximum wingspan reported in literature sources.,44.5,,mean,,both,adult,,,,,,,,,,,
PreservedSpecimen,Libythea_celtis,wingsTSM,,44.5,,mean,,both,adult,,,,,,,,,,,
,Libythea_celtis,Volt,,1,,mode,,both,adult,,,,,,,,,,,
HumanObservation,Libythea_celtis,Flight Months,,10,,mode,,both,adult,,,,,,,,,,,
PreservedSpecimen,Libythea_celtis,First emergence,Molecular analysis of COI gene sequences combined with functional trait extraction and environmental modeling.,5,,mode,,both,adult,,,,,,,,,,,
HumanObservation,Libythea_celtis,First Month,,2,,mode,,both,adult,,,,,,,,,,,
HumanObservation,Libythea_celtis,Last Month,Phenology assessment based on personal observations and the Butterfly Diversity and Evolution Lab database (2009–2018).,11,,mode,,both,adult,,,,,,,,,,,
HumanObservation,Libythea_celtis,Tmean,,12.19,°C,mean,,both,adult,,,,,,,,,,,
,Libythea_celtis,T95L,,11.76,,mode,,both,adult,,,,,,,,,,,
,Libythea_celtis,T95H,,12.61,,mode,,both,adult,,,,,,,,,,,
PreservedSpecimen,Libythea_celtis,TSD,Calculation of genetic differentiation indices ($G_{st}$ and $D_{st}$) using mitochondrial COI sequences,2.91,ratio,Single observation,,both,adult,,,,,,,,,,,
,Libythea_celtis,Pmean,,814.02,,mode,,both,adult,,,,,,,,,,,
,Libythea_celtis,P95L,,771.52,,mode,,both,adult,,,,,,,,,,,
,Libythea_celtis,P95H,,856.51,,mode,,both,adult,,,,,,,,,,,
PreservedSpecimen,Libythea_celtis,PSD,Genetic distance calculation (DS) relative to Palaearctic sectors using COI sequences,289.74,p-distance,single observation,,both,adult,,,,,,,,,,,
PreservedSpecimen,Libythea_celtis,hp,,1,,mode,,both,adult,,,,,,,,,,,
Occurrence,Libythea_celtis,windmax,,391,mph,mean,,both,adult,,,,,,,,,,,
Occurrence,Libythea_celtis,windmean,,-262.1778076,mph,mean,,both,adult,,,,,,,,,,,
HumanObservation,Libythea_celtis,windsum,,-2113.893173,,mean,,both,adult,,,,,,,,,,,
PreservedSpecimen,Libythea_celtis,Dstdrunk,,2816.107186,km,single observation,,both,adult,,,,,,,,,,,
PreservedSpecimen,Libythea_celtis,Dstwolf,,177.6474946,%,single observation,,both,adult,,,,,,,,,,,
PreservedSpecimen,Limenitis_reducta,WingsHR,average between minimum and maximum wingspan reported in four literature sources,25,,single observation,,both,adult,,,,,,,,,,,
PreservedSpecimen,Limenitis_reducta,WingsPamp,,50,,average,,both,adult,,,,,,,,,,,
,Limenitis_reducta,WingLaf,,27,,mode,,both,adult,,,,,,,,,,,
PreservedSpecimen,Limenitis_reducta,wingsTSF,Wingspan was obtained as the average between minimum and maximum wingspan reported in literature sources.,50,,mean,,both,adult,,,,,,,,,,,
PreservedSpecimen,Limenitis_reducta,wingsTSM,,50,,mean,,both,adult,,,,,,,,,,,
,Limenitis_reducta,Volt,,2,,mode,,both,adult,,,,,,,,,,,
HumanObservation,Limenitis_reducta,Flight Months,,5,,mode,,both,adult,,,,,,,,,,,
PreservedSpecimen,Limenitis_reducta,First emergence,Molecular analysis of COI gene sequences combined with functional trait extraction and environmental modeling.,5,,mode,,both,adult,,,,,,,,,,,
HumanObservation,Limenitis_reducta,First Month,,5,,mode,,both,adult,,,,,,,,,,,
HumanObservation,Limenitis_reducta,Last Month,Phenology assessment based on personal observations and the Butterfly Diversity and Evolution Lab database (2009–2018).,9,,mode,,both,adult,,,,,,,,,,,
HumanObservation,Limenitis_reducta,Tmean,,11.07,°C,mean,,both,adult,,,,,,,,,,,
,Limenitis_reducta,T95L,,10.75,,mode,,both,adult,,,,,,,,,,,
,Limenitis_reducta,T95H,,11.38,,mode,,both,adult,,,,,,,,,,,
PreservedSpecimen,Limenitis_reducta,TSD,Calculation of genetic differentiation indices ($G_{st}$ and $D_{st}$) using mitochondrial COI sequences,3.26,ratio,Single observation,,both,adult,,,,,,,,,,,
,Limenitis_reducta,Pmean,,863.96,,mode,,both,adult,,,,,,,,,,,
,Limenitis_reducta,P95L,,838.54,,mode,,both,adult,,,,,,,,,,,
,Limenitis_reducta,P95H,,889.38,,mode,,both,adult,,,,,,,,,,,
PreservedSpecimen,Limenitis_reducta,PSD,Genetic distance calculation (DS) relative to Palaearctic sectors using COI sequences,261.82,p-distance,single observation,,both,adult,,,,,,,,,,,
PreservedSpecimen,Limenitis_reducta,hp,,1,,mode,,both,adult,,,,,,,,,,,
Occurrence,Limenitis_reducta,windmax,,391,mph,mean,,both,adult,,,,,,,,,,,
Occurrence,Limenitis_reducta,windmean,,-300.6532471,mph,mean,,both,adult,,,,,,,,,,,
HumanObservation,Limenitis_reducta,windsum,,-1191.31563,,mean,,both,adult,,,,,,,,,,,
PreservedSpecimen,Limenitis_reducta,Dstdrunk,,3751.961633,km,single observation,,both,adult,,,,,,,,,,,
PreservedSpecimen,Limenitis_reducta,Dstwolf,,340.8505686,%,single observation,,both,adult,,,,,,,,,,,
PreservedSpecimen,Lycaena_alciphron,WingsHR,average between minimum and maximum wingspan reported in four literature sources,17.5,,single observation,,both,adult,,,,,,,,,,,
PreservedSpecimen,Lycaena_alciphron,WingsPamp,,32.5,,average,,both,adult,,,,,,,,,,,
,Lycaena_alciphron,WingLaf,,17.5,,mode,,both,adult,,,,,,,,,,,
PreservedSpecimen,Lycaena_alciphron,wingsTSF,Wingspan was obtained as the average between minimum and maximum wingspan reported in literature sources.,34,,mean,,both,adult,,,,,,,,,,,
PreservedSpecimen,Lycaena_alciphron,wingsTSM,,34,,mean,,both,adult,,,,,,,,,,,
,Lycaena_alciphron,Volt,,1,,mode,,both,adult,,,,,,,,,,,
HumanObservation,Lycaena_alciphron,Flight Months,,3,,mode,,both,adult,,,,,,,,,,,
PreservedSpecimen,Lycaena_alciphron,First emergence,Molecular analysis of COI gene sequences combined with functional trait extraction and environmental modeling.,5,,mode,,both,adult,,,,,,,,,,,
HumanObservation,Lycaena_alciphron,First Month,,5,,mode,,both,adult,,,,,,,,,,,
HumanObservation,Lycaena_alciphron,Last Month,Phenology assessment based on personal observations and the Butterfly Diversity and Evolution Lab database (2009–2018).,7,,mode,,both,adult,,,,,,,,,,,
HumanObservation,Lycaena_alciphron,Tmean,,9.53,°C,mean,,both,adult,,,,,,,,,,,
,Lycaena_alciphron,T95L,,9.27,,mode,,both,adult,,,,,,,,,,,
,Lycaena_alciphron,T95H,,9.78,,mode,,both,adult,,,,,,,,,,,
PreservedSpecimen,Lycaena_alciphron,TSD,Calculation of genetic differentiation indices ($G_{st}$ and $D_{st}$) using mitochondrial COI sequences,2.97,ratio,Single observation,,both,adult,,,,,,,,,,,
,Lycaena_alciphron,Pmean,,772.44,,mode,,both,adult,,,,,,,,,,,
,Lycaena_alciphron,P95L,,751.7,,mode,,both,adult,,,,,,,,,,,
,Lycaena_alciphron,P95H,,793.18,,mode,,both,adult,,,,,,,,,,,
PreservedSpecimen,Lycaena_alciphron,PSD,Genetic distance calculation (DS) relative to Palaearctic sectors using COI sequences,240.51,p-distance,single observation,,both,adult,,,,,,,,,,,
PreservedSpecimen,Lycaena_alciphron,hp,,1,,mode,,both,adult,,,,,,,,,,,
Occurrence,Lycaena_alciphron,windmax,,391,mph,mean,,both,adult,,,,,,,,,,,
Occurrence,Lycaena_alciphron,windmean,,-325.2249035,mph,mean,,both,adult,,,,,,,,,,,
HumanObservation,Lycaena_alciphron,windsum,,-763.8806201,,mean,,both,adult,,,,,,,,,,,
PreservedSpecimen,Lycaena_alciphron,Dstdrunk,,2040.009082,km,single observation,,both,adult,,,,,,,,,,,
PreservedSpecimen,Lycaena_alciphron,Dstwolf,,90.63691262,%,single observation,,both,adult,,,,,,,,,,,
PreservedSpecimen,Lycaena_phlaeas,WingsHR,average between minimum and maximum wingspan reported in four literature sources,13.5,,single observation,,both,adult,,,,,,,,,,,
PreservedSpecimen,Lycaena_phlaeas,WingsPamp,,27.5,,average,,both,adult,,,,,,,,,,,
,Lycaena_phlaeas,WingLaf,,13.5,,mode,,both,adult,,,,,,,,,,,
PreservedSpecimen,Lycaena_phlaeas,wingsTSF,Wingspan was obtained as the average between minimum and maximum wingspan reported in literature sources.,26.5,,mean,,both,adult,,,,,,,,,,,
PreservedSpecimen,Lycaena_phlaeas,wingsTSM,,24.5,,mean,,both,adult,,,,,,,,,,,
,Lycaena_phlaeas,Volt,,3,,mode,,both,adult,,,,,,,,,,,
HumanObservation,Lycaena_phlaeas,Flight Months,,9,,mode,,both,adult,,,,,,,,,,,
PreservedSpecimen,Lycaena_phlaeas,First emergence,Molecular analysis of COI gene sequences combined with functional trait extraction and environmental modeling.,3,,mode,,both,adult,,,,,,,,,,,
HumanObservation,Lycaena_phlaeas,First Month,,3,,mode,,both,adult,,,,,,,,,,,
HumanObservation,Lycaena_phlaeas,Last Month,Phenology assessment based on personal observations and the Butterfly Diversity and Evolution Lab database (2009–2018).,11,,mode,,both,adult,,,,,,,,,,,
HumanObservation,Lycaena_phlaeas,Tmean,,9.29,°C,mean,,both,adult,,,,,,,,,,,
,Lycaena_phlaeas,T95L,,9.08,,mode,,both,adult,,,,,,,,,,,
,Lycaena_phlaeas,T95H,,9.5,,mode,,both,adult,,,,,,,,,,,
PreservedSpecimen,Lycaena_phlaeas,TSD,Calculation of genetic differentiation indices ($G_{st}$ and $D_{st}$) using mitochondrial COI sequences,3.94,ratio,Single observation,,both,adult,,,,,,,,,,,
,Lycaena_phlaeas,Pmean,,787.04,,mode,,both,adult,,,,,,,,,,,
,Lycaena_phlaeas,P95L,,769.77,,mode,,both,adult,,,,,,,,,,,
,Lycaena_phlaeas,P95H,,804.31,,mode,,both,adult,,,,,,,,,,,
PreservedSpecimen,Lycaena_phlaeas,PSD,Genetic distance calculation (DS) relative to Palaearctic sectors using COI sequences,322.24,p-distance,single observation,,both,adult,,,,,,,,,,,
PreservedSpecimen,Lycaena_phlaeas,hp,,1.5,,mode,,both,adult,,,,,,,,,,,
Occurrence,Lycaena_phlaeas,windmax,,391,mph,mean,,both,adult,,,,,,,,,,,
Occurrence,Lycaena_phlaeas,windmean,,-266.7470489,mph,mean,,both,adult,,,,,,,,,,,
HumanObservation,Lycaena_phlaeas,windsum,,-1935.884023,,mean,,both,adult,,,,,,,,,,,
PreservedSpecimen,Lycaena_phlaeas,Dstdrunk,,2716.109069,km,single observation,,both,adult,,,,,,,,,,,
PreservedSpecimen,Lycaena_phlaeas,Dstwolf,,140.7166146,%,single observation,,both,adult,,,,,,,,,,,
PreservedSpecimen,Maniola_jurtina,WingsHR,average between minimum and maximum wingspan reported in four literature sources,24,,single observation,,both,adult,,,,,,,,,,,
PreservedSpecimen,Maniola_jurtina,WingsPamp,,42.5,,average,,both,adult,,,,,,,,,,,
,Maniola_jurtina,WingLaf,,24,,mode,,both,adult,,,,,,,,,,,
PreservedSpecimen,Maniola_jurtina,wingsTSF,Wingspan was obtained as the average between minimum and maximum wingspan reported in literature sources.,41.5,,mean,,both,adult,,,,,,,,,,,
PreservedSpecimen,Maniola_jurtina,wingsTSM,,40,,mean,,both,adult,,,,,,,,,,,
,Maniola_jurtina,Volt,,1,,mode,,both,adult,,,,,,,,,,,
HumanObservation,Maniola_jurtina,Flight Months,,7,,mode,,both,adult,,,,,,,,,,,
PreservedSpecimen,Maniola_jurtina,First emergence,Molecular analysis of COI gene sequences combined with functional trait extraction and environmental modeling.,4,,mode,,both,adult,,,,,,,,,,,
HumanObservation,Maniola_jurtina,First Month,,4,,mode,,both,adult,,,,,,,,,,,
HumanObservation,Maniola_jurtina,Last Month,Phenology assessment based on personal observations and the Butterfly Diversity and Evolution Lab database (2009–2018).,10,,mode,,both,adult,,,,,,,,,,,
HumanObservation,Maniola_jurtina,Tmean,,9.85,°C,mean,,both,adult,,,,,,,,,,,
,Maniola_jurtina,T95L,,9.67,,mode,,both,adult,,,,,,,,,,,
,Maniola_jurtina,T95H,,10.03,,mode,,both,adult,,,,,,,,,,,
PreservedSpecimen,Maniola_jurtina,TSD,Calculation of genetic differentiation indices ($G_{st}$ and $D_{st}$) using mitochondrial COI sequences,3.29,ratio,Single observation,,both,adult,,,,,,,,,,,
,Maniola_jurtina,Pmean,,797.53,,mode,,both,adult,,,,,,,,,,,
,Maniola_jurtina,P95L,,780.52,,mode,,both,adult,,,,,,,,,,,
,Maniola_jurtina,P95H,,814.54,,mode,,both,adult,,,,,,,,,,,
PreservedSpecimen,Maniola_jurtina,PSD,Genetic distance calculation (DS) relative to Palaearctic sectors using COI sequences,311.27,p-distance,single observation,,both,adult,,,,,,,,,,,
PreservedSpecimen,Maniola_jurtina,hp,,10,,mode,,both,adult,,,,,,,,,,,
Occurrence,Maniola_jurtina,windmax,,391,mph,mean,,both,adult,,,,,,,,,,,
Occurrence,Maniola_jurtina,windmean,,-283.7444625,mph,mean,,both,adult,,,,,,,,,,,
HumanObservation,Maniola_jurtina,windsum,,-1598.39614,,mean,,both,adult,,,,,,,,,,,
PreservedSpecimen,Maniola_jurtina,Dstdrunk,,2251.353335,km,single observation,,both,adult,,,,,,,,,,,
PreservedSpecimen,Maniola_jurtina,Dstwolf,,132.4466398,%,single observation,,both,adult,,,,,,,,,,,
PreservedSpecimen,Melanargia_galathea,WingsHR,average between minimum and maximum wingspan reported in four literature sources,24.5,,single observation,,both,adult,,,,,,,,,,,
PreservedSpecimen,Melanargia_galathea,WingsPamp,,47.5,,average,,both,adult,,,,,,,,,,,
,Melanargia_galathea,WingLaf,,26.5,,mode,,both,adult,,,,,,,,,,,
PreservedSpecimen,Melanargia_galathea,wingsTSF,Wingspan was obtained as the average between minimum and maximum wingspan reported in literature sources.,47.5,,mean,,both,adult,,,,,,,,,,,
PreservedSpecimen,Melanargia_galathea,wingsTSM,,47.5,,mean,,both,adult,,,,,,,,,,,
,Melanargia_galathea,Volt,,1,,mode,,both,adult,,,,,,,,,,,
HumanObservation,Melanargia_galathea,Flight Months,,4,,mode,,both,adult,,,,,,,,,,,
PreservedSpecimen,Melanargia_galathea,First emergence,Molecular analysis of COI gene sequences combined with functional trait extraction and environmental modeling.,5,,mode,,both,adult,,,,,,,,,,,
HumanObservation,Melanargia_galathea,First Month,,5,,mode,,both,adult,,,,,,,,,,,
HumanObservation,Melanargia_galathea,Last Month,Phenology assessment based on personal observations and the Butterfly Diversity and Evolution Lab database (2009–2018).,8,,mode,,both,adult,,,,,,,,,,,
HumanObservation,Melanargia_galathea,Tmean,,9.71,°C,mean,,both,adult,,,,,,,,,,,
,Melanargia_galathea,T95L,,9.54,,mode,,both,adult,,,,,,,,,,,
,Melanargia_galathea,T95H,,9.89,,mode,,both,adult,,,,,,,,,,,
PreservedSpecimen,Melanargia_galathea,TSD,Calculation of genetic differentiation indices ($G_{st}$ and $D_{st}$) using mitochondrial COI sequences,2.55,ratio,Single observation,,both,adult,,,,,,,,,,,
,Melanargia_galathea,Pmean,,782.6,,mode,,both,adult,,,,,,,,,,,
,Melanargia_galathea,P95L,,766.17,,mode,,both,adult,,,,,,,,,,,
,Melanargia_galathea,P95H,,799.03,,mode,,both,adult,,,,,,,,,,,
PreservedSpecimen,Melanargia_galathea,PSD,Genetic distance calculation (DS) relative to Palaearctic sectors using COI sequences,237.05,p-distance,single observation,,both,adult,,,,,,,,,,,
PreservedSpecimen,Melanargia_galathea,hp,,9,,mode,,both,adult,,,,,,,,,,,
Occurrence,Melanargia_galathea,windmax,,391,mph,mean,,both,adult,,,,,,,,,,,
Occurrence,Melanargia_galathea,windmean,,-317.3060452,mph,mean,,both,adult,,,,,,,,,,,
HumanObservation,Melanargia_galathea,windsum,,-996.5886044,,mean,,both,adult,,,,,,,,,,,
PreservedSpecimen,Melanargia_galathea,Dstdrunk,,2590.905937,km,single observation,,both,adult,,,,,,,,,,,
PreservedSpecimen,Melanargia_galathea,Dstwolf,,175.4444909,%,single observation,,both,adult,,,,,,,,,,,
PreservedSpecimen,Melanargia_russiae,WingsHR,average between minimum and maximum wingspan reported in four literature sources,27.5,,single observation,,both,adult,,,,,,,,,,,
PreservedSpecimen,Melanargia_russiae,WingsPamp,,47.5,,average,,both,adult,,,,,,,,,,,
,Melanargia_russiae,WingLaf,,28,,mode,,both,adult,,,,,,,,,,,
PreservedSpecimen,Melanargia_russiae,wingsTSF,Wingspan was obtained as the average between minimum and maximum wingspan reported in literature sources.,55,,mean,,both,adult,,,,,,,,,,,
PreservedSpecimen,Melanargia_russiae,wingsTSM,,55,,mean,,both,adult,,,,,,,,,,,
,Melanargia_russiae,Volt,,1,,mode,,both,adult,,,,,,,,,,,
HumanObservation,Melanargia_russiae,Flight Months,,4,,mode,,both,adult,,,,,,,,,,,
PreservedSpecimen,Melanargia_russiae,First emergence,Molecular analysis of COI gene sequences combined with functional trait extraction and environmental modeling.,5,,mode,,both,adult,,,,,,,,,,,
HumanObservation,Melanargia_russiae,First Month,,5,,mode,,both,adult,,,,,,,,,,,
HumanObservation,Melanargia_russiae,Last Month,Phenology assessment based on personal observations and the Butterfly Diversity and Evolution Lab database (2009–2018).,8,,mode,,both,adult,,,,,,,,,,,
HumanObservation,Melanargia_russiae,Tmean,,12.2,°C,mean,,both,adult,,,,,,,,,,,
,Melanargia_russiae,T95L,,11.73,,mode,,both,adult,,,,,,,,,,,
,Melanargia_russiae,T95H,,12.68,,mode,,both,adult,,,,,,,,,,,
PreservedSpecimen,Melanargia_russiae,TSD,Calculation of genetic differentiation indices ($G_{st}$ and $D_{st}$) using mitochondrial COI sequences,2.52,ratio,Single observation,,both,adult,,,,,,,,,,,
,Melanargia_russiae,Pmean,,792.54,,mode,,both,adult,,,,,,,,,,,
,Melanargia_russiae,P95L,,749.73,,mode,,both,adult,,,,,,,,,,,
,Melanargia_russiae,P95H,,835.34,,mode,,both,adult,,,,,,,,,,,
PreservedSpecimen,Melanargia_russiae,PSD,Genetic distance calculation (DS) relative to Palaearctic sectors using COI sequences,227.55,p-distance,single observation,,both,adult,,,,,,,,,,,
PreservedSpecimen,Melanargia_russiae,hp,,3,,mode,,both,adult,,,,,,,,,,,
Occurrence,Melanargia_russiae,windmax,,391,mph,mean,,both,adult,,,,,,,,,,,
Occurrence,Melanargia_russiae,windmean,,-317.3060452,mph,mean,,both,adult,,,,,,,,,,,
HumanObservation,Melanargia_russiae,windsum,,-996.5886044,,mean,,both,adult,,,,,,,,,,,
PreservedSpecimen,Melanargia_russiae,Dstdrunk,,4459.95992,km,single observation,,both,adult,,,,,,,,,,,
PreservedSpecimen,Melanargia_russiae,Dstwolf,,334.3551749,%,single observation,,both,adult,,,,,,,,,,,
PreservedSpecimen,Melitaea_cinxia,WingsHR,average between minimum and maximum wingspan reported in four literature sources,18,,single observation,,both,adult,,,,,,,,,,,
PreservedSpecimen,Melitaea_cinxia,WingsPamp,,35,,average,,both,adult,,,,,,,,,,,
,Melitaea_cinxia,WingLaf,,17.5,,mode,,both,adult,,,,,,,,,,,
PreservedSpecimen,Melitaea_cinxia,wingsTSF,Wingspan was obtained as the average between minimum and maximum wingspan reported in literature sources.,35.5,,mean,,both,adult,,,,,,,,,,,
PreservedSpecimen,Melitaea_cinxia,wingsTSM,,36,,mean,,both,adult,,,,,,,,,,,
,Melitaea_cinxia,Volt,,1,,mode,,both,adult,,,,,,,,,,,
HumanObservation,Melitaea_cinxia,Flight Months,,4,,mode,,both,adult,,,,,,,,,,,
PreservedSpecimen,Melitaea_cinxia,First emergence,Molecular analysis of COI gene sequences combined with functional trait extraction and environmental modeling.,4,,mode,,both,adult,,,,,,,,,,,
HumanObservation,Melitaea_cinxia,First Month,,4,,mode,,both,adult,,,,,,,,,,,
HumanObservation,Melitaea_cinxia,Last Month,Phenology assessment based on personal observations and the Butterfly Diversity and Evolution Lab database (2009–2018).,7,,mode,,both,adult,,,,,,,,,,,
HumanObservation,Melitaea_cinxia,Tmean,,9.6,°C,mean,,both,adult,,,,,,,,,,,
,Melitaea_cinxia,T95L,,9.38,,mode,,both,adult,,,,,,,,,,,
,Melitaea_cinxia,T95H,,9.82,,mode,,both,adult,,,,,,,,,,,
PreservedSpecimen,Melitaea_cinxia,TSD,Calculation of genetic differentiation indices ($G_{st}$ and $D_{st}$) using mitochondrial COI sequences,2.89,ratio,Single observation,,both,adult,,,,,,,,,,,
,Melitaea_cinxia,Pmean,,762.92,,mode,,both,adult,,,,,,,,,,,
,Melitaea_cinxia,P95L,,745.71,,mode,,both,adult,,,,,,,,,,,
,Melitaea_cinxia,P95H,,780.12,,mode,,both,adult,,,,,,,,,,,
PreservedSpecimen,Melitaea_cinxia,PSD,Genetic distance calculation (DS) relative to Palaearctic sectors using COI sequences,227.38,p-distance,single observation,,both,adult,,,,,,,,,,,
PreservedSpecimen,Melitaea_cinxia,hp,,4,,mode,,both,adult,,,,,,,,,,,
Occurrence,Melitaea_cinxia,windmax,,391,mph,mean,,both,adult,,,,,,,,,,,
Occurrence,Melitaea_cinxia,windmean,,-313.4627403,mph,mean,,both,adult,,,,,,,,,,,
HumanObservation,Melitaea_cinxia,windsum,,-993.6937978,,mean,,both,adult,,,,,,,,,,,
PreservedSpecimen,Melitaea_cinxia,Dstdrunk,,2611.625143,km,single observation,,both,adult,,,,,,,,,,,
PreservedSpecimen,Melitaea_cinxia,Dstwolf,,151.4176079,%,single observation,,both,adult,,,,,,,,,,,
PreservedSpecimen,Melitaea_didyma,WingsHR,average between minimum and maximum wingspan reported in four literature sources,20,,single observation,,both,adult,,,,,,,,,,,
PreservedSpecimen,Melitaea_didyma,WingsPamp,,37.5,,average,,both,adult,,,,,,,,,,,
,Melitaea_didyma,WingLaf,,20,,mode,,both,adult,,,,,,,,,,,
PreservedSpecimen,Melitaea_didyma,wingsTSF,Wingspan was obtained as the average between minimum and maximum wingspan reported in literature sources.,37,,mean,,both,adult,,,,,,,,,,,
PreservedSpecimen,Melitaea_didyma,wingsTSM,,37,,mean,,both,adult,,,,,,,,,,,
,Melitaea_didyma,Volt,,2,,mode,,both,adult,,,,,,,,,,,
HumanObservation,Melitaea_didyma,Flight Months,,6,,mode,,both,adult,,,,,,,,,,,
PreservedSpecimen,Melitaea_didyma,First emergence,Molecular analysis of COI gene sequences combined with functional trait extraction and environmental modeling.,4,,mode,,both,adult,,,,,,,,,,,
HumanObservation,Melitaea_didyma,First Month,,4,,mode,,both,adult,,,,,,,,,,,
HumanObservation,Melitaea_didyma,Last Month,Phenology assessment based on personal observations and the Butterfly Diversity and Evolution Lab database (2009–2018).,9,,mode,,both,adult,,,,,,,,,,,
HumanObservation,Melitaea_didyma,Tmean,,10.42,°C,mean,,both,adult,,,,,,,,,,,
,Melitaea_didyma,T95L,,10.17,,mode,,both,adult,,,,,,,,,,,
,Melitaea_didyma,T95H,,10.66,,mode,,both,adult,,,,,,,,,,,
PreservedSpecimen,Melitaea_didyma,TSD,Calculation of genetic differentiation indices ($G_{st}$ and $D_{st}$) using mitochondrial COI sequences,3.1,ratio,Single observation,,both,adult,,,,,,,,,,,
,Melitaea_didyma,Pmean,,783.05,,mode,,both,adult,,,,,,,,,,,
,Melitaea_didyma,P95L,,763.65,,mode,,both,adult,,,,,,,,,,,
,Melitaea_didyma,P95H,,802.46,,mode,,both,adult,,,,,,,,,,,
PreservedSpecimen,Melitaea_didyma,PSD,Genetic distance calculation (DS) relative to Palaearctic sectors using COI sequences,246.24,p-distance,single observation,,both,adult,,,,,,,,,,,
PreservedSpecimen,Melitaea_didyma,hp,,9,,mode,,both,adult,,,,,,,,,,,
Occurrence,Melitaea_didyma,windmax,,391,mph,mean,,both,adult,,,,,,,,,,,
Occurrence,Melitaea_didyma,windmean,,-296.073487,mph,mean,,both,adult,,,,,,,,,,,
HumanObservation,Melitaea_didyma,windsum,,-1417.818725,,mean,,both,adult,,,,,,,,,,,
PreservedSpecimen,Melitaea_didyma,Dstdrunk,,3040.969556,km,single observation,,both,adult,,,,,,,,,,,
PreservedSpecimen,Melitaea_didyma,Dstwolf,,189.6898042,%,single observation,,both,adult,,,,,,,,,,,
PreservedSpecimen,Melitaea_nevadensis,WingsHR,average between minimum and maximum wingspan reported in four literature sources,19,,single observation,,both,adult,,,,,,,,,,,
PreservedSpecimen,Melitaea_nevadensis,WingsPamp,,NA,,average,,both,adult,,,,,,,,,,,
,Melitaea_nevadensis,WingLaf,,NA,,mode,,both,adult,,,,,,,,,,,
PreservedSpecimen,Melitaea_nevadensis,wingsTSF,Wingspan was obtained as the average between minimum and maximum wingspan reported in literature sources.,35.5,,mean,,both,adult,,,,,,,,,,,
PreservedSpecimen,Melitaea_nevadensis,wingsTSM,,36,,mean,,both,adult,,,,,,,,,,,
,Melitaea_nevadensis,Volt,,1,,mode,,both,adult,,,,,,,,,,,
HumanObservation,Melitaea_nevadensis,Flight Months,,4,,mode,,both,adult,,,,,,,,,,,
PreservedSpecimen,Melitaea_nevadensis,First emergence,Molecular analysis of COI gene sequences combined with functional trait extraction and environmental modeling.,5,,mode,,both,adult,,,,,,,,,,,
HumanObservation,Melitaea_nevadensis,First Month,,5,,mode,,both,adult,,,,,,,,,,,
HumanObservation,Melitaea_nevadensis,Last Month,Phenology assessment based on personal observations and the Butterfly Diversity and Evolution Lab database (2009–2018).,8,,mode,,both,adult,,,,,,,,,,,
HumanObservation,Melitaea_nevadensis,Tmean,,8.27,°C,mean,,both,adult,,,,,,,,,,,
,Melitaea_nevadensis,T95L,,8.07,,mode,,both,adult,,,,,,,,,,,
,Melitaea_nevadensis,T95H,,8.47,,mode,,both,adult,,,,,,,,,,,
PreservedSpecimen,Melitaea_nevadensis,TSD,Calculation of genetic differentiation indices ($G_{st}$ and $D_{st}$) using mitochondrial COI sequences,3.55,ratio,Single observation,,both,adult,,,,,,,,,,,
,Melitaea_nevadensis,Pmean,,744.64,,mode,,both,adult,,,,,,,,,,,
,Melitaea_nevadensis,P95L,,731.96,,mode,,both,adult,,,,,,,,,,,
,Melitaea_nevadensis,P95H,,757.33,,mode,,both,adult,,,,,,,,,,,
PreservedSpecimen,Melitaea_nevadensis,PSD,Genetic distance calculation (DS) relative to Palaearctic sectors using COI sequences,227.09,p-distance,single observation,,both,adult,,,,,,,,,,,
PreservedSpecimen,Melitaea_nevadensis,hp,,5,,mode,,both,adult,,,,,,,,,,,
Occurrence,Melitaea_nevadensis,windmax,,391,mph,mean,,both,adult,,,,,,,,,,,
Occurrence,Melitaea_nevadensis,windmean,,-317.3060452,mph,mean,,both,adult,,,,,,,,,,,
HumanObservation,Melitaea_nevadensis,windsum,,-996.5886044,,mean,,both,adult,,,,,,,,,,,
PreservedSpecimen,Melitaea_nevadensis,Dstdrunk,,2844.086531,km,single observation,,both,adult,,,,,,,,,,,
PreservedSpecimen,Melitaea_nevadensis,Dstwolf,,159.9892826,%,single observation,,both,adult,,,,,,,,,,,
PreservedSpecimen,Melitaea_phoebe,WingsHR,average between minimum and maximum wingspan reported in four literature sources,22.5,,single observation,,both,adult,,,,,,,,,,,
PreservedSpecimen,Melitaea_phoebe,WingsPamp,,45,,average,,both,adult,,,,,,,,,,,
,Melitaea_phoebe,WingLaf,,22,,mode,,both,adult,,,,,,,,,,,
PreservedSpecimen,Melitaea_phoebe,wingsTSF,Wingspan was obtained as the average between minimum and maximum wingspan reported in literature sources.,44.5,,mean,,both,adult,,,,,,,,,,,
PreservedSpecimen,Melitaea_phoebe,wingsTSM,,44.5,,mean,,both,adult,,,,,,,,,,,
,Melitaea_phoebe,Volt,,2,,mode,,both,adult,,,,,,,,,,,
HumanObservation,Melitaea_phoebe,Flight Months,,6,,mode,,both,adult,,,,,,,,,,,
PreservedSpecimen,Melitaea_phoebe,First emergence,Molecular analysis of COI gene sequences combined with functional trait extraction and environmental modeling.,4,,mode,,both,adult,,,,,,,,,,,
HumanObservation,Melitaea_phoebe,First Month,,4,,mode,,both,adult,,,,,,,,,,,
HumanObservation,Melitaea_phoebe,Last Month,Phenology assessment based on personal observations and the Butterfly Diversity and Evolution Lab database (2009–2018).,9,,mode,,both,adult,,,,,,,,,,,
HumanObservation,Melitaea_phoebe,Tmean,,10.91,°C,mean,,both,adult,,,,,,,,,,,
,Melitaea_phoebe,T95L,,10.64,,mode,,both,adult,,,,,,,,,,,
,Melitaea_phoebe,T95H,,11.19,,mode,,both,adult,,,,,,,,,,,
PreservedSpecimen,Melitaea_phoebe,TSD,Calculation of genetic differentiation indices ($G_{st}$ and $D_{st}$) using mitochondrial COI sequences,3.19,ratio,Single observation,,both,adult,,,,,,,,,,,
,Melitaea_phoebe,Pmean,,810.61,,mode,,both,adult,,,,,,,,,,,
,Melitaea_phoebe,P95L,,787.6,,mode,,both,adult,,,,,,,,,,,
,Melitaea_phoebe,P95H,,833.63,,mode,,both,adult,,,,,,,,,,,
PreservedSpecimen,Melitaea_phoebe,PSD,Genetic distance calculation (DS) relative to Palaearctic sectors using COI sequences,267.4,p-distance,single observation,,both,adult,,,,,,,,,,,
PreservedSpecimen,Melitaea_phoebe,hp,,2,,mode,,both,adult,,,,,,,,,,,
Occurrence,Melitaea_phoebe,windmax,,391,mph,mean,,both,adult,,,,,,,,,,,
Occurrence,Melitaea_phoebe,windmean,,-296.073487,mph,mean,,both,adult,,,,,,,,,,,
HumanObservation,Melitaea_phoebe,windsum,,-1417.818725,,mean,,both,adult,,,,,,,,,,,
PreservedSpecimen,Melitaea_phoebe,Dstdrunk,,3655.680083,km,single observation,,both,adult,,,,,,,,,,,
PreservedSpecimen,Melitaea_phoebe,Dstwolf,,257.9241604,%,single observation,,both,adult,,,,,,,,,,,
PreservedSpecimen,Muschampia_proto,WingsHR,average between minimum and maximum wingspan reported in four literature sources,15.5,,single observation,,both,adult,,,,,,,,,,,
PreservedSpecimen,Muschampia_proto,WingsPamp,,27.5,,average,,both,adult,,,,,,,,,,,
,Muschampia_proto,WingLaf,,14.5,,mode,,both,adult,,,,,,,,,,,
PreservedSpecimen,Muschampia_proto,wingsTSF,Wingspan was obtained as the average between minimum and maximum wingspan reported in literature sources.,30,,mean,,both,adult,,,,,,,,,,,
PreservedSpecimen,Muschampia_proto,wingsTSM,,30,,mean,,both,adult,,,,,,,,,,,
,Muschampia_proto,Volt,,1,,mode,,both,adult,,,,,,,,,,,
HumanObservation,Muschampia_proto,Flight Months,,4,,mode,,both,adult,,,,,,,,,,,
PreservedSpecimen,Muschampia_proto,First emergence,Molecular analysis of COI gene sequences combined with functional trait extraction and environmental modeling.,7,,mode,,both,adult,,,,,,,,,,,
HumanObservation,Muschampia_proto,First Month,,7,,mode,,both,adult,,,,,,,,,,,
HumanObservation,Muschampia_proto,Last Month,Phenology assessment based on personal observations and the Butterfly Diversity and Evolution Lab database (2009–2018).,10,,mode,,both,adult,,,,,,,,,,,
HumanObservation,Muschampia_proto,Tmean,,14.16,°C,mean,,both,adult,,,,,,,,,,,
,Muschampia_proto,T95L,,13.66,,mode,,both,adult,,,,,,,,,,,
,Muschampia_proto,T95H,,14.66,,mode,,both,adult,,,,,,,,,,,
PreservedSpecimen,Muschampia_proto,TSD,Calculation of genetic differentiation indices ($G_{st}$ and $D_{st}$) using mitochondrial COI sequences,2.35,ratio,Single observation,,both,adult,,,,,,,,,,,
,Muschampia_proto,Pmean,,678.9,,mode,,both,adult,,,,,,,,,,,
,Muschampia_proto,P95L,,639.51,,mode,,both,adult,,,,,,,,,,,
,Muschampia_proto,P95H,,718.3,,mode,,both,adult,,,,,,,,,,,
PreservedSpecimen,Muschampia_proto,PSD,Genetic distance calculation (DS) relative to Palaearctic sectors using COI sequences,185.92,p-distance,single observation,,both,adult,,,,,,,,,,,
PreservedSpecimen,Muschampia_proto,hp,,1,,mode,,both,adult,,,,,,,,,,,
Occurrence,Muschampia_proto,windmax,,391,mph,mean,,both,adult,,,,,,,,,,,
Occurrence,Muschampia_proto,windmean,,-265.487824,mph,mean,,both,adult,,,,,,,,,,,
HumanObservation,Muschampia_proto,windsum,,-952.23,,mean,,both,adult,,,,,,,,,,,
PreservedSpecimen,Muschampia_proto,Dstdrunk,,3395.33,km,single observation,,both,adult,,,,,,,,,,,
PreservedSpecimen,Muschampia_proto,Dstwolf,,422.145,%,single observation,,both,adult,,,,,,,,,,,
PreservedSpecimen,Nymphalis_polychloros,WingsHR,average between minimum and maximum wingspan reported in four literature sources,28.5,,single observation,,both,adult,,,,,,,,,,,
PreservedSpecimen,Nymphalis_polychloros,WingsPamp,,55,,average,,both,adult,,,,,,,,,,,
,Nymphalis_polychloros,WingLaf,,29,,mode,,both,adult,,,,,,,,,,,
PreservedSpecimen,Nymphalis_polychloros,wingsTSF,Wingspan was obtained as the average between minimum and maximum wingspan reported in literature sources.,62,,mean,,both,adult,,,,,,,,,,,
PreservedSpecimen,Nymphalis_polychloros,wingsTSM,,62,,mean,,both,adult,,,,,,,,,,,
,Nymphalis_polychloros,Volt,,1,,mode,,both,adult,,,,,,,,,,,
HumanObservation,Nymphalis_polychloros,Flight Months,,9,,mode,,both,adult,,,,,,,,,,,
PreservedSpecimen,Nymphalis_polychloros,First emergence,Molecular analysis of COI gene sequences combined with functional trait extraction and environmental modeling.,6,,mode,,both,adult,,,,,,,,,,,
HumanObservation,Nymphalis_polychloros,First Month,,2,,mode,,both,adult,,,,,,,,,,,
HumanObservation,Nymphalis_polychloros,Last Month,Phenology assessment based on personal observations and the Butterfly Diversity and Evolution Lab database (2009–2018).,10,,mode,,both,adult,,,,,,,,,,,
HumanObservation,Nymphalis_polychloros,Tmean,,9.68,°C,mean,,both,adult,,,,,,,,,,,
,Nymphalis_polychloros,T95L,,9.48,,mode,,both,adult,,,,,,,,,,,
,Nymphalis_polychloros,T95H,,9.89,,mode,,both,adult,,,,,,,,,,,
PreservedSpecimen,Nymphalis_polychloros,TSD,Calculation of genetic differentiation indices ($G_{st}$ and $D_{st}$) using mitochondrial COI sequences,3,ratio,Single observation,,both,adult,,,,,,,,,,,
,Nymphalis_polychloros,Pmean,,760.71,,mode,,both,adult,,,,,,,,,,,
,Nymphalis_polychloros,P95L,,744.58,,mode,,both,adult,,,,,,,,,,,
,Nymphalis_polychloros,P95H,,776.84,,mode,,both,adult,,,,,,,,,,,
PreservedSpecimen,Nymphalis_polychloros,PSD,Genetic distance calculation (DS) relative to Palaearctic sectors using COI sequences,238.89,p-distance,single observation,,both,adult,,,,,,,,,,,
PreservedSpecimen,Nymphalis_polychloros,hp,,8,,mode,,both,adult,,,,,,,,,,,
Occurrence,Nymphalis_polychloros,windmax,,391,mph,mean,,both,adult,,,,,,,,,,,
Occurrence,Nymphalis_polychloros,windmean,,-272.1158779,mph,mean,,both,adult,,,,,,,,,,,
HumanObservation,Nymphalis_polychloros,windsum,,-1970.580491,,mean,,both,adult,,,,,,,,,,,
PreservedSpecimen,Nymphalis_polychloros,Dstdrunk,,1750.637847,km,single observation,,both,adult,,,,,,,,,,,
PreservedSpecimen,Nymphalis_polychloros,Dstwolf,,114.0796301,%,single observation,,both,adult,,,,,,,,,,,
PreservedSpecimen,Ochlodes_sylvanus,WingsHR,average between minimum and maximum wingspan reported in four literature sources,15.5,,single observation,,both,adult,,,,,,,,,,,
PreservedSpecimen,Ochlodes_sylvanus,WingsPamp,,32.5,,average,,both,adult,,,,,,,,,,,
,Ochlodes_sylvanus,WingLaf,,14.5,,mode,,both,adult,,,,,,,,,,,
PreservedSpecimen,Ochlodes_sylvanus,wingsTSF,Wingspan was obtained as the average between minimum and maximum wingspan reported in literature sources.,30,,mean,,both,adult,,,,,,,,,,,
PreservedSpecimen,Ochlodes_sylvanus,wingsTSM,,26.5,,mean,,both,adult,,,,,,,,,,,
,Ochlodes_sylvanus,Volt,,2,,mode,,both,adult,,,,,,,,,,,
HumanObservation,Ochlodes_sylvanus,Flight Months,,5,,mode,,both,adult,,,,,,,,,,,
PreservedSpecimen,Ochlodes_sylvanus,First emergence,Molecular analysis of COI gene sequences combined with functional trait extraction and environmental modeling.,5,,mode,,both,adult,,,,,,,,,,,
HumanObservation,Ochlodes_sylvanus,First Month,,5,,mode,,both,adult,,,,,,,,,,,
HumanObservation,Ochlodes_sylvanus,Last Month,Phenology assessment based on personal observations and the Butterfly Diversity and Evolution Lab database (2009–2018).,9,,mode,,both,adult,,,,,,,,,,,
HumanObservation,Ochlodes_sylvanus,Tmean,,8.58,°C,mean,,both,adult,,,,,,,,,,,
,Ochlodes_sylvanus,T95L,,8.38,,mode,,both,adult,,,,,,,,,,,
,Ochlodes_sylvanus,T95H,,8.78,,mode,,both,adult,,,,,,,,,,,
PreservedSpecimen,Ochlodes_sylvanus,TSD,Calculation of genetic differentiation indices ($G_{st}$ and $D_{st}$) using mitochondrial COI sequences,3.31,ratio,Single observation,,both,adult,,,,,,,,,,,
,Ochlodes_sylvanus,Pmean,,777.08,,mode,,both,adult,,,,,,,,,,,
,Ochlodes_sylvanus,P95L,,761.09,,mode,,both,adult,,,,,,,,,,,
,Ochlodes_sylvanus,P95H,,793.08,,mode,,both,adult,,,,,,,,,,,
PreservedSpecimen,Ochlodes_sylvanus,PSD,Genetic distance calculation (DS) relative to Palaearctic sectors using COI sequences,265.12,p-distance,single observation,,both,adult,,,,,,,,,,,
PreservedSpecimen,Ochlodes_sylvanus,hp,,14,,mode,,both,adult,,,,,,,,,,,
Occurrence,Ochlodes_sylvanus,windmax,,391,mph,mean,,both,adult,,,,,,,,,,,
Occurrence,Ochlodes_sylvanus,windmean,,-300.6532471,mph,mean,,both,adult,,,,,,,,,,,
HumanObservation,Ochlodes_sylvanus,windsum,,-1191.31563,,mean,,both,adult,,,,,,,,,,,
PreservedSpecimen,Ochlodes_sylvanus,Dstdrunk,,2809.572743,km,single observation,,both,adult,,,,,,,,,,,
PreservedSpecimen,Ochlodes_sylvanus,Dstwolf,,152.509663,%,single observation,,both,adult,,,,,,,,,,,
PreservedSpecimen,Papilio_machaon,WingsHR,average between minimum and maximum wingspan reported in four literature sources,35,,single observation,,both,adult,,,,,,,,,,,
PreservedSpecimen,Papilio_machaon,WingsPamp,,75,,average,,both,adult,,,,,,,,,,,
,Papilio_machaon,WingLaf,,36,,mode,,both,adult,,,,,,,,,,,
PreservedSpecimen,Papilio_machaon,wingsTSF,Wingspan was obtained as the average between minimum and maximum wingspan reported in literature sources.,75,,mean,,both,adult,,,,,,,,,,,
PreservedSpecimen,Papilio_machaon,wingsTSM,,70,,mean,,both,adult,,,,,,,,,,,
,Papilio_machaon,Volt,,3,,mode,,both,adult,,,,,,,,,,,
HumanObservation,Papilio_machaon,Flight Months,,8,,mode,,both,adult,,,,,,,,,,,
PreservedSpecimen,Papilio_machaon,First emergence,Molecular analysis of COI gene sequences combined with functional trait extraction and environmental modeling.,3,,mode,,both,adult,,,,,,,,,,,
HumanObservation,Papilio_machaon,First Month,,3,,mode,,both,adult,,,,,,,,,,,
HumanObservation,Papilio_machaon,Last Month,Phenology assessment based on personal observations and the Butterfly Diversity and Evolution Lab database (2009–2018).,10,,mode,,both,adult,,,,,,,,,,,
HumanObservation,Papilio_machaon,Tmean,,9.28,°C,mean,,both,adult,,,,,,,,,,,
,Papilio_machaon,T95L,,9.05,,mode,,both,adult,,,,,,,,,,,
,Papilio_machaon,T95H,,9.51,,mode,,both,adult,,,,,,,,,,,
PreservedSpecimen,Papilio_machaon,TSD,Calculation of genetic differentiation indices ($G_{st}$ and $D_{st}$) using mitochondrial COI sequences,4.08,ratio,Single observation,,both,adult,,,,,,,,,,,
,Papilio_machaon,Pmean,,737.43,,mode,,both,adult,,,,,,,,,,,
,Papilio_machaon,P95L,,724.61,,mode,,both,adult,,,,,,,,,,,
,Papilio_machaon,P95H,,750.25,,mode,,both,adult,,,,,,,,,,,
PreservedSpecimen,Papilio_machaon,PSD,Genetic distance calculation (DS) relative to Palaearctic sectors using COI sequences,228.58,p-distance,single observation,,both,adult,,,,,,,,,,,
PreservedSpecimen,Papilio_machaon,hp,,6,,mode,,both,adult,,,,,,,,,,,
Occurrence,Papilio_machaon,windmax,,391,mph,mean,,both,adult,,,,,,,,,,,
Occurrence,Papilio_machaon,windmean,,-278.007014,mph,mean,,both,adult,,,,,,,,,,,
HumanObservation,Papilio_machaon,windsum,,-1789.522144,,mean,,both,adult,,,,,,,,,,,
PreservedSpecimen,Papilio_machaon,Dstdrunk,,2477.63815,km,single observation,,both,adult,,,,,,,,,,,
PreservedSpecimen,Papilio_machaon,Dstwolf,,225.5384832,%,single observation,,both,adult,,,,,,,,,,,
PreservedSpecimen,Pararge_aegeria,WingsHR,average between minimum and maximum wingspan reported in four literature sources,19.5,,single observation,,both,adult,,,,,,,,,,,
PreservedSpecimen,Pararge_aegeria,WingsPamp,,42.5,,average,,both,adult,,,,,,,,,,,
,Pararge_aegeria,WingLaf,,20.5,,mode,,both,adult,,,,,,,,,,,
PreservedSpecimen,Pararge_aegeria,wingsTSF,Wingspan was obtained as the average between minimum and maximum wingspan reported in literature sources.,40,,mean,,both,adult,,,,,,,,,,,
PreservedSpecimen,Pararge_aegeria,wingsTSM,,38,,mean,,both,adult,,,,,,,,,,,
,Pararge_aegeria,Volt,,4,,mode,,both,adult,,,,,,,,,,,
HumanObservation,Pararge_aegeria,Flight Months,,11,,mode,,both,adult,,,,,,,,,,,
PreservedSpecimen,Pararge_aegeria,First emergence,Molecular analysis of COI gene sequences combined with functional trait extraction and environmental modeling.,2,,mode,,both,adult,,,,,,,,,,,
HumanObservation,Pararge_aegeria,First Month,,2,,mode,,both,adult,,,,,,,,,,,
HumanObservation,Pararge_aegeria,Last Month,Phenology assessment based on personal observations and the Butterfly Diversity and Evolution Lab database (2009–2018).,12,,mode,,both,adult,,,,,,,,,,,
HumanObservation,Pararge_aegeria,Tmean,,9.71,°C,mean,,both,adult,,,,,,,,,,,
,Pararge_aegeria,T95L,,9.51,,mode,,both,adult,,,,,,,,,,,
,Pararge_aegeria,T95H,,9.91,,mode,,both,adult,,,,,,,,,,,
PreservedSpecimen,Pararge_aegeria,TSD,Calculation of genetic differentiation indices ($G_{st}$ and $D_{st}$) using mitochondrial COI sequences,3.44,ratio,Single observation,,both,adult,,,,,,,,,,,
,Pararge_aegeria,Pmean,,775.84,,mode,,both,adult,,,,,,,,,,,
,Pararge_aegeria,P95L,,759.95,,mode,,both,adult,,,,,,,,,,,
,Pararge_aegeria,P95H,,791.73,,mode,,both,adult,,,,,,,,,,,
PreservedSpecimen,Pararge_aegeria,PSD,Genetic distance calculation (DS) relative to Palaearctic sectors using COI sequences,277.93,p-distance,single observation,,both,adult,,,,,,,,,,,
PreservedSpecimen,Pararge_aegeria,hp,,6,,mode,,both,adult,,,,,,,,,,,
Occurrence,Pararge_aegeria,windmax,,391,mph,mean,,both,adult,,,,,,,,,,,
Occurrence,Pararge_aegeria,windmean,,-253.3635896,mph,mean,,both,adult,,,,,,,,,,,
HumanObservation,Pararge_aegeria,windsum,,-2241.470144,,mean,,both,adult,,,,,,,,,,,
PreservedSpecimen,Pararge_aegeria,Dstdrunk,,2568.128816,km,single observation,,both,adult,,,,,,,,,,,
PreservedSpecimen,Pararge_aegeria,Dstwolf,,155.6377149,%,single observation,,both,adult,,,,,,,,,,,
PreservedSpecimen,Parnassius_apollo,WingsHR,average between minimum and maximum wingspan reported in four literature sources,36,,single observation,,both,adult,,,,,,,,,,,
PreservedSpecimen,Parnassius_apollo,WingsPamp,,75,,average,,both,adult,,,,,,,,,,,
,Parnassius_apollo,WingLaf,,38.5,,mode,,both,adult,,,,,,,,,,,
PreservedSpecimen,Parnassius_apollo,wingsTSF,Wingspan was obtained as the average between minimum and maximum wingspan reported in literature sources.,80,,mean,,both,adult,,,,,,,,,,,
PreservedSpecimen,Parnassius_apollo,wingsTSM,,74,,mean,,both,adult,,,,,,,,,,,
,Parnassius_apollo,Volt,,1,,mode,,both,adult,,,,,,,,,,,
HumanObservation,Parnassius_apollo,Flight Months,,3,,mode,,both,adult,,,,,,,,,,,
PreservedSpecimen,Parnassius_apollo,First emergence,Molecular analysis of COI gene sequences combined with functional trait extraction and environmental modeling.,6,,mode,,both,adult,,,,,,,,,,,
HumanObservation,Parnassius_apollo,First Month,,6,,mode,,both,adult,,,,,,,,,,,
HumanObservation,Parnassius_apollo,Last Month,Phenology assessment based on personal observations and the Butterfly Diversity and Evolution Lab database (2009–2018).,8,,mode,,both,adult,,,,,,,,,,,
HumanObservation,Parnassius_apollo,Tmean,,8.14,°C,mean,,both,adult,,,,,,,,,,,
,Parnassius_apollo,T95L,,7.79,,mode,,both,adult,,,,,,,,,,,
,Parnassius_apollo,T95H,,8.49,,mode,,both,adult,,,,,,,,,,,
PreservedSpecimen,Parnassius_apollo,TSD,Calculation of genetic differentiation indices ($G_{st}$ and $D_{st}$) using mitochondrial COI sequences,3.33,ratio,Single observation,,both,adult,,,,,,,,,,,
,Parnassius_apollo,Pmean,,850.09,,mode,,both,adult,,,,,,,,,,,
,Parnassius_apollo,P95L,,822.14,,mode,,both,adult,,,,,,,,,,,
,Parnassius_apollo,P95H,,878.05,,mode,,both,adult,,,,,,,,,,,
PreservedSpecimen,Parnassius_apollo,PSD,Genetic distance calculation (DS) relative to Palaearctic sectors using COI sequences,267.45,p-distance,single observation,,both,adult,,,,,,,,,,,
PreservedSpecimen,Parnassius_apollo,hp,,2,,mode,,both,adult,,,,,,,,,,,
Occurrence,Parnassius_apollo,windmax,,379,mph,mean,,both,adult,,,,,,,,,,,
Occurrence,Parnassius_apollo,windmean,,-318.7366755,mph,mean,,both,adult,,,,,,,,,,,
HumanObservation,Parnassius_apollo,windsum,,-755.5800689,,mean,,both,adult,,,,,,,,,,,
PreservedSpecimen,Parnassius_apollo,Dstdrunk,,3123.968986,km,single observation,,both,adult,,,,,,,,,,,
PreservedSpecimen,Parnassius_apollo,Dstwolf,,182.4676544,%,single observation,,both,adult,,,,,,,,,,,
PreservedSpecimen,Parnassius_mnemosyne,WingsHR,average between minimum and maximum wingspan reported in four literature sources,28.5,,single observation,,both,adult,,,,,,,,,,,
PreservedSpecimen,Parnassius_mnemosyne,WingsPamp,,55,,average,,both,adult,,,,,,,,,,,
,Parnassius_mnemosyne,WingLaf,,28,,mode,,both,adult,,,,,,,,,,,
PreservedSpecimen,Parnassius_mnemosyne,wingsTSF,Wingspan was obtained as the average between minimum and maximum wingspan reported in literature sources.,58,,mean,,both,adult,,,,,,,,,,,
PreservedSpecimen,Parnassius_mnemosyne,wingsTSM,,56,,mean,,both,adult,,,,,,,,,,,
,Parnassius_mnemosyne,Volt,,1,,mode,,both,adult,,,,,,,,,,,
HumanObservation,Parnassius_mnemosyne,Flight Months,,2,,mode,,both,adult,,,,,,,,,,,
PreservedSpecimen,Parnassius_mnemosyne,First emergence,Molecular analysis of COI gene sequences combined with functional trait extraction and environmental modeling.,6,,mode,,both,adult,,,,,,,,,,,
HumanObservation,Parnassius_mnemosyne,First Month,,6,,mode,,both,adult,,,,,,,,,,,
HumanObservation,Parnassius_mnemosyne,Last Month,Phenology assessment based on personal observations and the Butterfly Diversity and Evolution Lab database (2009–2018).,7,,mode,,both,adult,,,,,,,,,,,
HumanObservation,Parnassius_mnemosyne,Tmean,,8.79,°C,mean,,both,adult,,,,,,,,,,,
,Parnassius_mnemosyne,T95L,,8.48,,mode,,both,adult,,,,,,,,,,,
,Parnassius_mnemosyne,T95H,,9.09,,mode,,both,adult,,,,,,,,,,,
PreservedSpecimen,Parnassius_mnemosyne,TSD,Calculation of genetic differentiation indices ($G_{st}$ and $D_{st}$) using mitochondrial COI sequences,2.97,ratio,Single observation,,both,adult,,,,,,,,,,,
,Parnassius_mnemosyne,Pmean,,803.6,,mode,,both,adult,,,,,,,,,,,
,Parnassius_mnemosyne,P95L,,776.51,,mode,,both,adult,,,,,,,,,,,
,Parnassius_mnemosyne,P95H,,830.69,,mode,,both,adult,,,,,,,,,,,
PreservedSpecimen,Parnassius_mnemosyne,PSD,Genetic distance calculation (DS) relative to Palaearctic sectors using COI sequences,265.37,p-distance,single observation,,both,adult,,,,,,,,,,,
PreservedSpecimen,Parnassius_mnemosyne,hp,,1,,mode,,both,adult,,,,,,,,,,,
Occurrence,Parnassius_mnemosyne,windmax,,379,mph,mean,,both,adult,,,,,,,,,,,
Occurrence,Parnassius_mnemosyne,windmean,,-331.1093377,mph,mean,,both,adult,,,,,,,,,,,
HumanObservation,Parnassius_mnemosyne,windsum,,-522.5360839,,mean,,both,adult,,,,,,,,,,,
PreservedSpecimen,Parnassius_mnemosyne,Dstdrunk,,4135.511475,km,single observation,,both,adult,,,,,,,,,,,
PreservedSpecimen,Parnassius_mnemosyne,Dstwolf,,284.5118811,%,single observation,,both,adult,,,,,,,,,,,
PreservedSpecimen,Pieris_brassicae,WingsHR,average between minimum and maximum wingspan reported in four literature sources,30.5,,single observation,,both,adult,,,,,,,,,,,
PreservedSpecimen,Pieris_brassicae,WingsPamp,,62.5,,average,,both,adult,,,,,,,,,,,
,Pieris_brassicae,WingLaf,,30.5,,mode,,both,adult,,,,,,,,,,,
PreservedSpecimen,Pieris_brassicae,wingsTSF,Wingspan was obtained as the average between minimum and maximum wingspan reported in literature sources.,57,,mean,,both,adult,,,,,,,,,,,
PreservedSpecimen,Pieris_brassicae,wingsTSM,,55.5,,mean,,both,adult,,,,,,,,,,,
,Pieris_brassicae,Volt,,3,,mode,,both,adult,,,,,,,,,,,
HumanObservation,Pieris_brassicae,Flight Months,,11,,mode,,both,adult,,,,,,,,,,,
PreservedSpecimen,Pieris_brassicae,First emergence,Molecular analysis of COI gene sequences combined with functional trait extraction and environmental modeling.,2,,mode,,both,adult,,,,,,,,,,,
HumanObservation,Pieris_brassicae,First Month,,2,,mode,,both,adult,,,,,,,,,,,
HumanObservation,Pieris_brassicae,Last Month,Phenology assessment based on personal observations and the Butterfly Diversity and Evolution Lab database (2009–2018).,12,,mode,,both,adult,,,,,,,,,,,
HumanObservation,Pieris_brassicae,Tmean,,9.29,°C,mean,,both,adult,,,,,,,,,,,
,Pieris_brassicae,T95L,,9.08,,mode,,both,adult,,,,,,,,,,,
,Pieris_brassicae,T95H,,9.49,,mode,,both,adult,,,,,,,,,,,
PreservedSpecimen,Pieris_brassicae,TSD,Calculation of genetic differentiation indices ($G_{st}$ and $D_{st}$) using mitochondrial COI sequences,3.83,ratio,Single observation,,both,adult,,,,,,,,,,,
,Pieris_brassicae,Pmean,,789.63,,mode,,both,adult,,,,,,,,,,,
,Pieris_brassicae,P95L,,772.57,,mode,,both,adult,,,,,,,,,,,
,Pieris_brassicae,P95H,,806.7,,mode,,both,adult,,,,,,,,,,,
PreservedSpecimen,Pieris_brassicae,PSD,Genetic distance calculation (DS) relative to Palaearctic sectors using COI sequences,319.99,p-distance,single observation,,both,adult,,,,,,,,,,,
PreservedSpecimen,Pieris_brassicae,hp,,10,,mode,,both,adult,,,,,,,,,,,
Occurrence,Pieris_brassicae,windmax,,391,mph,mean,,both,adult,,,,,,,,,,,
Occurrence,Pieris_brassicae,windmean,,-253.3635896,mph,mean,,both,adult,,,,,,,,,,,
HumanObservation,Pieris_brassicae,windsum,,-2241.470144,,mean,,both,adult,,,,,,,,,,,
PreservedSpecimen,Pieris_brassicae,Dstdrunk,,2339.078671,km,single observation,,both,adult,,,,,,,,,,,
PreservedSpecimen,Pieris_brassicae,Dstwolf,,174.8322278,%,single observation,,both,adult,,,,,,,,,,,
PreservedSpecimen,Pieris_mannii,WingsHR,average between minimum and maximum wingspan reported in four literature sources,23,,single observation,,both,adult,,,,,,,,,,,
PreservedSpecimen,Pieris_mannii,WingsPamp,,47.5,,average,,both,adult,,,,,,,,,,,
,Pieris_mannii,WingLaf,,23,,mode,,both,adult,,,,,,,,,,,
PreservedSpecimen,Pieris_mannii,wingsTSF,Wingspan was obtained as the average between minimum and maximum wingspan reported in literature sources.,43,,mean,,both,adult,,,,,,,,,,,
PreservedSpecimen,Pieris_mannii,wingsTSM,,43,,mean,,both,adult,,,,,,,,,,,
,Pieris_mannii,Volt,,2,,mode,,both,adult,,,,,,,,,,,
HumanObservation,Pieris_mannii,Flight Months,,7,,mode,,both,adult,,,,,,,,,,,
PreservedSpecimen,Pieris_mannii,First emergence,Molecular analysis of COI gene sequences combined with functional trait extraction and environmental modeling.,4,,mode,,both,adult,,,,,,,,,,,
HumanObservation,Pieris_mannii,First Month,,4,,mode,,both,adult,,,,,,,,,,,
HumanObservation,Pieris_mannii,Last Month,Phenology assessment based on personal observations and the Butterfly Diversity and Evolution Lab database (2009–2018).,10,,mode,,both,adult,,,,,,,,,,,
HumanObservation,Pieris_mannii,Tmean,,11.46,°C,mean,,both,adult,,,,,,,,,,,
,Pieris_mannii,T95L,,11.03,,mode,,both,adult,,,,,,,,,,,
,Pieris_mannii,T95H,,11.89,,mode,,both,adult,,,,,,,,,,,
PreservedSpecimen,Pieris_mannii,TSD,Calculation of genetic differentiation indices ($G_{st}$ and $D_{st}$) using mitochondrial COI sequences,3.13,ratio,Single observation,,both,adult,,,,,,,,,,,
,Pieris_mannii,Pmean,,842.85,,mode,,both,adult,,,,,,,,,,,
,Pieris_mannii,P95L,,806.82,,mode,,both,adult,,,,,,,,,,,
,Pieris_mannii,P95H,,878.88,,mode,,both,adult,,,,,,,,,,,
PreservedSpecimen,Pieris_mannii,PSD,Genetic distance calculation (DS) relative to Palaearctic sectors using COI sequences,260.34,p-distance,single observation,,both,adult,,,,,,,,,,,
PreservedSpecimen,Pieris_mannii,hp,,5,,mode,,both,adult,,,,,,,,,,,
Occurrence,Pieris_mannii,windmax,,391,mph,mean,,both,adult,,,,,,,,,,,
Occurrence,Pieris_mannii,windmean,,-283.7444625,mph,mean,,both,adult,,,,,,,,,,,
HumanObservation,Pieris_mannii,windsum,,-1598.39614,,mean,,both,adult,,,,,,,,,,,
PreservedSpecimen,Pieris_mannii,Dstdrunk,,2961.061494,km,single observation,,both,adult,,,,,,,,,,,
PreservedSpecimen,Pieris_mannii,Dstwolf,,243.0576087,%,single observation,,both,adult,,,,,,,,,,,
PreservedSpecimen,Pieris_napi,WingsHR,average between minimum and maximum wingspan reported in four literature sources,25,,single observation,,both,adult,,,,,,,,,,,
PreservedSpecimen,Pieris_napi,WingsPamp,,42.5,,average,,both,adult,,,,,,,,,,,
,Pieris_napi,WingLaf,,22.5,,mode,,both,adult,,,,,,,,,,,
PreservedSpecimen,Pieris_napi,wingsTSF,Wingspan was obtained as the average between minimum and maximum wingspan reported in literature sources.,40,,mean,,both,adult,,,,,,,,,,,
PreservedSpecimen,Pieris_napi,wingsTSM,,42,,mean,,both,adult,,,,,,,,,,,
,Pieris_napi,Volt,,3,,mode,,both,adult,,,,,,,,,,,
HumanObservation,Pieris_napi,Flight Months,,9,,mode,,both,adult,,,,,,,,,,,
PreservedSpecimen,Pieris_napi,First emergence,Molecular analysis of COI gene sequences combined with functional trait extraction and environmental modeling.,2,,mode,,both,adult,,,,,,,,,,,
HumanObservation,Pieris_napi,First Month,,2,,mode,,both,adult,,,,,,,,,,,
HumanObservation,Pieris_napi,Last Month,Phenology assessment based on personal observations and the Butterfly Diversity and Evolution Lab database (2009–2018).,10,,mode,,both,adult,,,,,,,,,,,
HumanObservation,Pieris_napi,Tmean,,8.21,°C,mean,,both,adult,,,,,,,,,,,
,Pieris_napi,T95L,,8,,mode,,both,adult,,,,,,,,,,,
,Pieris_napi,T95H,,8.42,,mode,,both,adult,,,,,,,,,,,
PreservedSpecimen,Pieris_napi,TSD,Calculation of genetic differentiation indices ($G_{st}$ and $D_{st}$) using mitochondrial COI sequences,4,ratio,Single observation,,both,adult,,,,,,,,,,,
,Pieris_napi,Pmean,,793.11,,mode,,both,adult,,,,,,,,,,,
,Pieris_napi,P95L,,776.2,,mode,,both,adult,,,,,,,,,,,
,Pieris_napi,P95H,,810.03,,mode,,both,adult,,,,,,,,,,,
PreservedSpecimen,Pieris_napi,PSD,Genetic distance calculation (DS) relative to Palaearctic sectors using COI sequences,323.27,p-distance,single observation,,both,adult,,,,,,,,,,,
PreservedSpecimen,Pieris_napi,hp,,11,,mode,,both,adult,,,,,,,,,,,
Occurrence,Pieris_napi,windmax,,391,mph,mean,,both,adult,,,,,,,,,,,
Occurrence,Pieris_napi,windmean,,-272.1158779,mph,mean,,both,adult,,,,,,,,,,,
HumanObservation,Pieris_napi,windsum,,-1970.580491,,mean,,both,adult,,,,,,,,,,,
PreservedSpecimen,Pieris_napi,Dstdrunk,,2859.868325,km,single observation,,both,adult,,,,,,,,,,,
PreservedSpecimen,Pieris_napi,Dstwolf,,194.8622357,%,single observation,,both,adult,,,,,,,,,,,
PreservedSpecimen,Pieris_rapae,WingsHR,average between minimum and maximum wingspan reported in four literature sources,25,,single observation,,both,adult,,,,,,,,,,,
PreservedSpecimen,Pieris_rapae,WingsPamp,,47.5,,average,,both,adult,,,,,,,,,,,
,Pieris_rapae,WingLaf,,25,,mode,,both,adult,,,,,,,,,,,
PreservedSpecimen,Pieris_rapae,wingsTSF,Wingspan was obtained as the average between minimum and maximum wingspan reported in literature sources.,44.5,,mean,,both,adult,,,,,,,,,,,
PreservedSpecimen,Pieris_rapae,wingsTSM,,44.5,,mean,,both,adult,,,,,,,,,,,
,Pieris_rapae,Volt,,3,,mode,,both,adult,,,,,,,,,,,
HumanObservation,Pieris_rapae,Flight Months,,11,,mode,,both,adult,,,,,,,,,,,
PreservedSpecimen,Pieris_rapae,First emergence,Molecular analysis of COI gene sequences combined with functional trait extraction and environmental modeling.,2,,mode,,both,adult,,,,,,,,,,,
HumanObservation,Pieris_rapae,First Month,,2,,mode,,both,adult,,,,,,,,,,,
HumanObservation,Pieris_rapae,Last Month,Phenology assessment based on personal observations and the Butterfly Diversity and Evolution Lab database (2009–2018).,12,,mode,,both,adult,,,,,,,,,,,
HumanObservation,Pieris_rapae,Tmean,,9.63,°C,mean,,both,adult,,,,,,,,,,,
,Pieris_rapae,T95L,,9.43,,mode,,both,adult,,,,,,,,,,,
,Pieris_rapae,T95H,,9.82,,mode,,both,adult,,,,,,,,,,,
PreservedSpecimen,Pieris_rapae,TSD,Calculation of genetic differentiation indices ($G_{st}$ and $D_{st}$) using mitochondrial COI sequences,3.67,ratio,Single observation,,both,adult,,,,,,,,,,,
,Pieris_rapae,Pmean,,778.96,,mode,,both,adult,,,,,,,,,,,
,Pieris_rapae,P95L,,763.34,,mode,,both,adult,,,,,,,,,,,
,Pieris_rapae,P95H,,794.59,,mode,,both,adult,,,,,,,,,,,
PreservedSpecimen,Pieris_rapae,PSD,Genetic distance calculation (DS) relative to Palaearctic sectors using COI sequences,294.05,p-distance,single observation,,both,adult,,,,,,,,,,,
PreservedSpecimen,Pieris_rapae,hp,,10,,mode,,both,adult,,,,,,,,,,,
Occurrence,Pieris_rapae,windmax,,391,mph,mean,,both,adult,,,,,,,,,,,
Occurrence,Pieris_rapae,windmean,,-253.3635896,mph,mean,,both,adult,,,,,,,,,,,
HumanObservation,Pieris_rapae,windsum,,-2241.470144,,mean,,both,adult,,,,,,,,,,,
PreservedSpecimen,Pieris_rapae,Dstdrunk,,2774.27979,km,single observation,,both,adult,,,,,,,,,,,
PreservedSpecimen,Pieris_rapae,Dstwolf,,165.1154645,%,single observation,,both,adult,,,,,,,,,,,
PreservedSpecimen,Polygonia_c-album,WingsHR,average between minimum and maximum wingspan reported in four literature sources,23,,single observation,,both,adult,,,,,,,,,,,
PreservedSpecimen,Polygonia_c-album,WingsPamp,,47.5,,average,,both,adult,,,,,,,,,,,
,Polygonia_c-album,WingLaf,,24,,mode,,both,adult,,,,,,,,,,,
PreservedSpecimen,Polygonia_c-album,wingsTSF,Wingspan was obtained as the average between minimum and maximum wingspan reported in literature sources.,46,,mean,,both,adult,,,,,,,,,,,
PreservedSpecimen,Polygonia_c-album,wingsTSM,,45,,mean,,both,adult,,,,,,,,,,,
,Polygonia_c-album,Volt,,2,,mode,,both,adult,,,,,,,,,,,
HumanObservation,Polygonia_c-album,Flight Months,,8,,mode,,both,adult,,,,,,,,,,,
PreservedSpecimen,Polygonia_c-album,First emergence,Molecular analysis of COI gene sequences combined with functional trait extraction and environmental modeling.,6,,mode,,both,adult,,,,,,,,,,,
HumanObservation,Polygonia_c-album,First Month,,3,,mode,,both,adult,,,,,,,,,,,
HumanObservation,Polygonia_c-album,Last Month,Phenology assessment based on personal observations and the Butterfly Diversity and Evolution Lab database (2009–2018).,10,,mode,,both,adult,,,,,,,,,,,
HumanObservation,Polygonia_c-album,Tmean,,8.6,°C,mean,,both,adult,,,,,,,,,,,
,Polygonia_c-album,T95L,,8.4,,mode,,both,adult,,,,,,,,,,,
,Polygonia_c-album,T95H,,8.79,,mode,,both,adult,,,,,,,,,,,
PreservedSpecimen,Polygonia_c-album,TSD,Calculation of genetic differentiation indices ($G_{st}$ and $D_{st}$) using mitochondrial COI sequences,3.36,ratio,Single observation,,both,adult,,,,,,,,,,,
,Polygonia_c-album,Pmean,,759.35,,mode,,both,adult,,,,,,,,,,,
,Polygonia_c-album,P95L,,744.65,,mode,,both,adult,,,,,,,,,,,
,Polygonia_c-album,P95H,,774.06,,mode,,both,adult,,,,,,,,,,,
PreservedSpecimen,Polygonia_c-album,PSD,Genetic distance calculation (DS) relative to Palaearctic sectors using COI sequences,248.3,p-distance,single observation,,both,adult,,,,,,,,,,,
PreservedSpecimen,Polygonia_c-album,hp,,6,,mode,,both,adult,,,,,,,,,,,
Occurrence,Polygonia_c-album,windmax,,391,mph,mean,,both,adult,,,,,,,,,,,
Occurrence,Polygonia_c-album,windmean,,-278.007014,mph,mean,,both,adult,,,,,,,,,,,
HumanObservation,Polygonia_c-album,windsum,,-1789.522144,,mean,,both,adult,,,,,,,,,,,
PreservedSpecimen,Polygonia_c-album,Dstdrunk,,3022.051635,km,single observation,,both,adult,,,,,,,,,,,
PreservedSpecimen,Polygonia_c-album,Dstwolf,,247.8047579,%,single observation,,both,adult,,,,,,,,,,,
PreservedSpecimen,Polygonia_egea,WingsHR,average between minimum and maximum wingspan reported in four literature sources,22.5,,single observation,,both,adult,,,,,,,,,,,
PreservedSpecimen,Polygonia_egea,WingsPamp,,47.5,,average,,both,adult,,,,,,,,,,,
,Polygonia_egea,WingLaf,,26,,mode,,both,adult,,,,,,,,,,,
PreservedSpecimen,Polygonia_egea,wingsTSF,Wingspan was obtained as the average between minimum and maximum wingspan reported in literature sources.,45,,mean,,both,adult,,,,,,,,,,,
PreservedSpecimen,Polygonia_egea,wingsTSM,,45,,mean,,both,adult,,,,,,,,,,,
,Polygonia_egea,Volt,,2,,mode,,both,adult,,,,,,,,,,,
HumanObservation,Polygonia_egea,Flight Months,,8,,mode,,both,adult,,,,,,,,,,,
PreservedSpecimen,Polygonia_egea,First emergence,Molecular analysis of COI gene sequences combined with functional trait extraction and environmental modeling.,6,,mode,,both,adult,,,,,,,,,,,
HumanObservation,Polygonia_egea,First Month,,3,,mode,,both,adult,,,,,,,,,,,
HumanObservation,Polygonia_egea,Last Month,Phenology assessment based on personal observations and the Butterfly Diversity and Evolution Lab database (2009–2018).,10,,mode,,both,adult,,,,,,,,,,,
HumanObservation,Polygonia_egea,Tmean,,13.29,°C,mean,,both,adult,,,,,,,,,,,
,Polygonia_egea,T95L,,12.87,,mode,,both,adult,,,,,,,,,,,
,Polygonia_egea,T95H,,13.71,,mode,,both,adult,,,,,,,,,,,
PreservedSpecimen,Polygonia_egea,TSD,Calculation of genetic differentiation indices ($G_{st}$ and $D_{st}$) using mitochondrial COI sequences,2.68,ratio,Single observation,,both,adult,,,,,,,,,,,
,Polygonia_egea,Pmean,,807.37,,mode,,both,adult,,,,,,,,,,,
,Polygonia_egea,P95L,,767.96,,mode,,both,adult,,,,,,,,,,,
,Polygonia_egea,P95H,,846.79,,mode,,both,adult,,,,,,,,,,,
PreservedSpecimen,Polygonia_egea,PSD,Genetic distance calculation (DS) relative to Palaearctic sectors using COI sequences,250.81,p-distance,single observation,,both,adult,,,,,,,,,,,
PreservedSpecimen,Polygonia_egea,hp,,1,,mode,,both,adult,,,,,,,,,,,
Occurrence,Polygonia_egea,windmax,,391,mph,mean,,both,adult,,,,,,,,,,,
Occurrence,Polygonia_egea,windmean,,-278.007014,mph,mean,,both,adult,,,,,,,,,,,
HumanObservation,Polygonia_egea,windsum,,-1789.522144,,mean,,both,adult,,,,,,,,,,,
PreservedSpecimen,Polygonia_egea,Dstdrunk,,2151.279602,km,single observation,,both,adult,,,,,,,,,,,
PreservedSpecimen,Polygonia_egea,Dstwolf,,184.9154534,%,single observation,,both,adult,,,,,,,,,,,
PreservedSpecimen,Polyommatus_daphnis,WingsHR,average between minimum and maximum wingspan reported in four literature sources,18.5,,single observation,,both,adult,,,,,,,,,,,
PreservedSpecimen,Polyommatus_daphnis,WingsPamp,,37.5,,average,,both,adult,,,,,,,,,,,
,Polyommatus_daphnis,WingLaf,,18,,mode,,both,adult,,,,,,,,,,,
PreservedSpecimen,Polyommatus_daphnis,wingsTSF,Wingspan was obtained as the average between minimum and maximum wingspan reported in literature sources.,35,,mean,,both,adult,,,,,,,,,,,
PreservedSpecimen,Polyommatus_daphnis,wingsTSM,,35,,mean,,both,adult,,,,,,,,,,,
,Polyommatus_daphnis,Volt,,1,,mode,,both,adult,,,,,,,,,,,
HumanObservation,Polyommatus_daphnis,Flight Months,,2,,mode,,both,adult,,,,,,,,,,,
PreservedSpecimen,Polyommatus_daphnis,First emergence,Molecular analysis of COI gene sequences combined with functional trait extraction and environmental modeling.,7,,mode,,both,adult,,,,,,,,,,,
HumanObservation,Polyommatus_daphnis,First Month,,7,,mode,,both,adult,,,,,,,,,,,
HumanObservation,Polyommatus_daphnis,Last Month,Phenology assessment based on personal observations and the Butterfly Diversity and Evolution Lab database (2009–2018).,8,,mode,,both,adult,,,,,,,,,,,
HumanObservation,Polyommatus_daphnis,Tmean,,9.58,°C,mean,,both,adult,,,,,,,,,,,
,Polyommatus_daphnis,T95L,,9.26,,mode,,both,adult,,,,,,,,,,,
,Polyommatus_daphnis,T95H,,9.9,,mode,,both,adult,,,,,,,,,,,
PreservedSpecimen,Polyommatus_daphnis,TSD,Calculation of genetic differentiation indices ($G_{st}$ and $D_{st}$) using mitochondrial COI sequences,2.88,ratio,Single observation,,both,adult,,,,,,,,,,,
,Polyommatus_daphnis,Pmean,,773.06,,mode,,both,adult,,,,,,,,,,,
,Polyommatus_daphnis,P95L,,746,,mode,,both,adult,,,,,,,,,,,
,Polyommatus_daphnis,P95H,,800.12,,mode,,both,adult,,,,,,,,,,,
PreservedSpecimen,Polyommatus_daphnis,PSD,Genetic distance calculation (DS) relative to Palaearctic sectors using COI sequences,240.16,p-distance,single observation,,both,adult,,,,,,,,,,,
PreservedSpecimen,Polyommatus_daphnis,hp,,1,,mode,,both,adult,,,,,,,,,,,
Occurrence,Polyommatus_daphnis,windmax,,379,mph,mean,,both,adult,,,,,,,,,,,
Occurrence,Polyommatus_daphnis,windmean,,-310.3150876,mph,mean,,both,adult,,,,,,,,,,,
HumanObservation,Polyommatus_daphnis,windsum,,-488.405177,,mean,,both,adult,,,,,,,,,,,
PreservedSpecimen,Polyommatus_daphnis,Dstdrunk,,6569.265823,km,single observation,,both,adult,,,,,,,,,,,
PreservedSpecimen,Polyommatus_daphnis,Dstwolf,,378.0848147,%,single observation,,both,adult,,,,,,,,,,,
PreservedSpecimen,Pontia_edusa,WingsHR,average between minimum and maximum wingspan reported in four literature sources,22.5,,single observation,,both,adult,,,,,,,,,,,
PreservedSpecimen,Pontia_edusa,WingsPamp,,47.5,,average,,both,adult,,,,,,,,,,,
,Pontia_edusa,WingLaf,,NA,,mode,,both,adult,,,,,,,,,,,
PreservedSpecimen,Pontia_edusa,wingsTSF,Wingspan was obtained as the average between minimum and maximum wingspan reported in literature sources.,41.5,,mean,,both,adult,,,,,,,,,,,
PreservedSpecimen,Pontia_edusa,wingsTSM,,41.5,,mean,,both,adult,,,,,,,,,,,
,Pontia_edusa,Volt,,3,,mode,,both,adult,,,,,,,,,,,
HumanObservation,Pontia_edusa,Flight Months,,10,,mode,,both,adult,,,,,,,,,,,
PreservedSpecimen,Pontia_edusa,First emergence,Molecular analysis of COI gene sequences combined with functional trait extraction and environmental modeling.,2,,mode,,both,adult,,,,,,,,,,,
HumanObservation,Pontia_edusa,First Month,,2,,mode,,both,adult,,,,,,,,,,,
HumanObservation,Pontia_edusa,Last Month,Phenology assessment based on personal observations and the Butterfly Diversity and Evolution Lab database (2009–2018).,11,,mode,,both,adult,,,,,,,,,,,
HumanObservation,Pontia_edusa,Tmean,,10.43,°C,mean,,both,adult,,,,,,,,,,,
,Pontia_edusa,T95L,,10.2,,mode,,both,adult,,,,,,,,,,,
,Pontia_edusa,T95H,,10.66,,mode,,both,adult,,,,,,,,,,,
PreservedSpecimen,Pontia_edusa,TSD,Calculation of genetic differentiation indices ($G_{st}$ and $D_{st}$) using mitochondrial COI sequences,3.55,ratio,Single observation,,both,adult,,,,,,,,,,,
,Pontia_edusa,Pmean,,730.71,,mode,,both,adult,,,,,,,,,,,
,Pontia_edusa,P95L,,716.15,,mode,,both,adult,,,,,,,,,,,
,Pontia_edusa,P95H,,745.27,,mode,,both,adult,,,,,,,,,,,
PreservedSpecimen,Pontia_edusa,PSD,Genetic distance calculation (DS) relative to Palaearctic sectors using COI sequences,225.18,p-distance,single observation,,both,adult,,,,,,,,,,,
PreservedSpecimen,Pontia_edusa,hp,,4,,mode,,both,adult,,,,,,,,,,,
Occurrence,Pontia_edusa,windmax,,391,mph,mean,,both,adult,,,,,,,,,,,
Occurrence,Pontia_edusa,windmean,,-262.1778076,mph,mean,,both,adult,,,,,,,,,,,
HumanObservation,Pontia_edusa,windsum,,-2113.893173,,mean,,both,adult,,,,,,,,,,,
PreservedSpecimen,Pontia_edusa,Dstdrunk,,2663.468263,km,single observation,,both,adult,,,,,,,,,,,
PreservedSpecimen,Pontia_edusa,Dstwolf,,173.8743373,%,single observation,,both,adult,,,,,,,,,,,
PreservedSpecimen,Pseudophilotes_baton,WingsHR,average between minimum and maximum wingspan reported in four literature sources,11,,single observation,,both,adult,,,,,,,,,,,
PreservedSpecimen,Pseudophilotes_baton,WingsPamp,,NA,,average,,both,adult,,,,,,,,,,,
,Pseudophilotes_baton,WingLaf,,11,,mode,,both,adult,,,,,,,,,,,
PreservedSpecimen,Pseudophilotes_baton,wingsTSF,Wingspan was obtained as the average between minimum and maximum wingspan reported in literature sources.,24,,mean,,both,adult,,,,,,,,,,,
PreservedSpecimen,Pseudophilotes_baton,wingsTSM,,22,,mean,,both,adult,,,,,,,,,,,
,Pseudophilotes_baton,Volt,,2,,mode,,both,adult,,,,,,,,,,,
HumanObservation,Pseudophilotes_baton,Flight Months,,7,,mode,,both,adult,,,,,,,,,,,
PreservedSpecimen,Pseudophilotes_baton,First emergence,Molecular analysis of COI gene sequences combined with functional trait extraction and environmental modeling.,3,,mode,,both,adult,,,,,,,,,,,
HumanObservation,Pseudophilotes_baton,First Month,,3,,mode,,both,adult,,,,,,,,,,,
HumanObservation,Pseudophilotes_baton,Last Month,Phenology assessment based on personal observations and the Butterfly Diversity and Evolution Lab database (2009–2018).,9,,mode,,both,adult,,,,,,,,,,,
HumanObservation,Pseudophilotes_baton,Tmean,,10.68,°C,mean,,both,adult,,,,,,,,,,,
,Pseudophilotes_baton,T95L,,10.23,,mode,,both,adult,,,,,,,,,,,
,Pseudophilotes_baton,T95H,,11.13,,mode,,both,adult,,,,,,,,,,,
PreservedSpecimen,Pseudophilotes_baton,TSD,Calculation of genetic differentiation indices ($G_{st}$ and $D_{st}$) using mitochondrial COI sequences,3.41,ratio,Single observation,,both,adult,,,,,,,,,,,
,Pseudophilotes_baton,Pmean,,904.69,,mode,,both,adult,,,,,,,,,,,
,Pseudophilotes_baton,P95L,,877.76,,mode,,both,adult,,,,,,,,,,,
,Pseudophilotes_baton,P95H,,931.61,,mode,,both,adult,,,,,,,,,,,
PreservedSpecimen,Pseudophilotes_baton,PSD,Genetic distance calculation (DS) relative to Palaearctic sectors using COI sequences,203.59,p-distance,single observation,,both,adult,,,,,,,,,,,
PreservedSpecimen,Pseudophilotes_baton,hp,,4,,mode,,both,adult,,,,,,,,,,,
Occurrence,Pseudophilotes_baton,windmax,,391,mph,mean,,both,adult,,,,,,,,,,,
Occurrence,Pseudophilotes_baton,windmean,,-288.1155781,mph,mean,,both,adult,,,,,,,,,,,
HumanObservation,Pseudophilotes_baton,windsum,,-1610.7063,,mean,,both,adult,,,,,,,,,,,
PreservedSpecimen,Pseudophilotes_baton,Dstdrunk,,3281.350697,km,single observation,,both,adult,,,,,,,,,,,
PreservedSpecimen,Pseudophilotes_baton,Dstwolf,,257.634784,%,single observation,,both,adult,,,,,,,,,,,
PreservedSpecimen,Pyrgus_armoricanus,WingsHR,average between minimum and maximum wingspan reported in four literature sources,13,,single observation,,both,adult,,,,,,,,,,,
PreservedSpecimen,Pyrgus_armoricanus,WingsPamp,,27.5,,average,,both,adult,,,,,,,,,,,
,Pyrgus_armoricanus,WingLaf,,13,,mode,,both,adult,,,,,,,,,,,
PreservedSpecimen,Pyrgus_armoricanus,wingsTSF,Wingspan was obtained as the average between minimum and maximum wingspan reported in literature sources.,26,,mean,,both,adult,,,,,,,,,,,
PreservedSpecimen,Pyrgus_armoricanus,wingsTSM,,26,,mean,,both,adult,,,,,,,,,,,
,Pyrgus_armoricanus,Volt,,2,,mode,,both,adult,,,,,,,,,,,
HumanObservation,Pyrgus_armoricanus,Flight Months,,6,,mode,,both,adult,,,,,,,,,,,
PreservedSpecimen,Pyrgus_armoricanus,First emergence,Molecular analysis of COI gene sequences combined with functional trait extraction and environmental modeling.,5,,mode,,both,adult,,,,,,,,,,,
HumanObservation,Pyrgus_armoricanus,First Month,,5,,mode,,both,adult,,,,,,,,,,,
HumanObservation,Pyrgus_armoricanus,Last Month,Phenology assessment based on personal observations and the Butterfly Diversity and Evolution Lab database (2009–2018).,10,,mode,,both,adult,,,,,,,,,,,
HumanObservation,Pyrgus_armoricanus,Tmean,,10.7,°C,mean,,both,adult,,,,,,,,,,,
,Pyrgus_armoricanus,T95L,,10.37,,mode,,both,adult,,,,,,,,,,,
,Pyrgus_armoricanus,T95H,,11.03,,mode,,both,adult,,,,,,,,,,,
PreservedSpecimen,Pyrgus_armoricanus,TSD,Calculation of genetic differentiation indices ($G_{st}$ and $D_{st}$) using mitochondrial COI sequences,2.97,ratio,Single observation,,both,adult,,,,,,,,,,,
,Pyrgus_armoricanus,Pmean,,820.8,,mode,,both,adult,,,,,,,,,,,
,Pyrgus_armoricanus,P95L,,791.61,,mode,,both,adult,,,,,,,,,,,
,Pyrgus_armoricanus,P95H,,849.98,,mode,,both,adult,,,,,,,,,,,
PreservedSpecimen,Pyrgus_armoricanus,PSD,Genetic distance calculation (DS) relative to Palaearctic sectors using COI sequences,261.56,p-distance,single observation,,both,adult,,,,,,,,,,,
PreservedSpecimen,Pyrgus_armoricanus,hp,,1,,mode,,both,adult,,,,,,,,,,,
Occurrence,Pyrgus_armoricanus,windmax,,391,mph,mean,,both,adult,,,,,,,,,,,
Occurrence,Pyrgus_armoricanus,windmean,,-286.0478667,mph,mean,,both,adult,,,,,,,,,,,
HumanObservation,Pyrgus_armoricanus,windsum,,-1373.827895,,mean,,both,adult,,,,,,,,,,,
PreservedSpecimen,Pyrgus_armoricanus,Dstdrunk,,3215.568979,km,single observation,,both,adult,,,,,,,,,,,
PreservedSpecimen,Pyrgus_armoricanus,Dstwolf,,221.4858521,%,single observation,,both,adult,,,,,,,,,,,
PreservedSpecimen,Pyrgus_malvoides,WingsHR,average between minimum and maximum wingspan reported in four literature sources,12,,single observation,,both,adult,,,,,,,,,,,
PreservedSpecimen,Pyrgus_malvoides,WingsPamp,,NA,,average,,both,adult,,,,,,,,,,,
,Pyrgus_malvoides,WingLaf,,12,,mode,,both,adult,,,,,,,,,,,
PreservedSpecimen,Pyrgus_malvoides,wingsTSF,Wingspan was obtained as the average between minimum and maximum wingspan reported in literature sources.,23,,mean,,both,adult,,,,,,,,,,,
PreservedSpecimen,Pyrgus_malvoides,wingsTSM,,22,,mean,,both,adult,,,,,,,,,,,
,Pyrgus_malvoides,Volt,,2,,mode,,both,adult,,,,,,,,,,,
HumanObservation,Pyrgus_malvoides,Flight Months,,8,,mode,,both,adult,,,,,,,,,,,
PreservedSpecimen,Pyrgus_malvoides,First emergence,Molecular analysis of COI gene sequences combined with functional trait extraction and environmental modeling.,3,,mode,,both,adult,,,,,,,,,,,
HumanObservation,Pyrgus_malvoides,First Month,,3,,mode,,both,adult,,,,,,,,,,,
HumanObservation,Pyrgus_malvoides,Last Month,Phenology assessment based on personal observations and the Butterfly Diversity and Evolution Lab database (2009–2018).,10,,mode,,both,adult,,,,,,,,,,,
HumanObservation,Pyrgus_malvoides,Tmean,,8.74,°C,mean,,both,adult,,,,,,,,,,,
,Pyrgus_malvoides,T95L,,8.53,,mode,,both,adult,,,,,,,,,,,
,Pyrgus_malvoides,T95H,,8.96,,mode,,both,adult,,,,,,,,,,,
PreservedSpecimen,Pyrgus_malvoides,TSD,Calculation of genetic differentiation indices ($G_{st}$ and $D_{st}$) using mitochondrial COI sequences,3.37,ratio,Single observation,,both,adult,,,,,,,,,,,
,Pyrgus_malvoides,Pmean,,765.57,,mode,,both,adult,,,,,,,,,,,
,Pyrgus_malvoides,P95L,,749.19,,mode,,both,adult,,,,,,,,,,,
,Pyrgus_malvoides,P95H,,781.95,,mode,,both,adult,,,,,,,,,,,
PreservedSpecimen,Pyrgus_malvoides,PSD,Genetic distance calculation (DS) relative to Palaearctic sectors using COI sequences,258.51,p-distance,single observation,,both,adult,,,,,,,,,,,
PreservedSpecimen,Pyrgus_malvoides,hp,,1,,mode,,both,adult,,,,,,,,,,,
Occurrence,Pyrgus_malvoides,windmax,,391,mph,mean,,both,adult,,,,,,,,,,,
Occurrence,Pyrgus_malvoides,windmean,,-278.007014,mph,mean,,both,adult,,,,,,,,,,,
HumanObservation,Pyrgus_malvoides,windsum,,-1789.522144,,mean,,both,adult,,,,,,,,,,,
PreservedSpecimen,Pyrgus_malvoides,Dstdrunk,,3526.044596,km,single observation,,both,adult,,,,,,,,,,,
PreservedSpecimen,Pyrgus_malvoides,Dstwolf,,222.5422723,%,single observation,,both,adult,,,,,,,,,,,
PreservedSpecimen,Pyronia_cecilia,WingsHR,average between minimum and maximum wingspan reported in four literature sources,17.5,,single observation,,both,adult,,,,,,,,,,,
PreservedSpecimen,Pyronia_cecilia,WingsPamp,,32.5,,average,,both,adult,,,,,,,,,,,
,Pyronia_cecilia,WingLaf,,17.5,,mode,,both,adult,,,,,,,,,,,
PreservedSpecimen,Pyronia_cecilia,wingsTSF,Wingspan was obtained as the average between minimum and maximum wingspan reported in literature sources.,31,,mean,,both,adult,,,,,,,,,,,
PreservedSpecimen,Pyronia_cecilia,wingsTSM,,31,,mean,,both,adult,,,,,,,,,,,
,Pyronia_cecilia,Volt,,1,,mode,,both,adult,,,,,,,,,,,
HumanObservation,Pyronia_cecilia,Flight Months,,4,,mode,,both,adult,,,,,,,,,,,
PreservedSpecimen,Pyronia_cecilia,First emergence,Molecular analysis of COI gene sequences combined with functional trait extraction and environmental modeling.,6,,mode,,both,adult,,,,,,,,,,,
HumanObservation,Pyronia_cecilia,First Month,,6,,mode,,both,adult,,,,,,,,,,,
HumanObservation,Pyronia_cecilia,Last Month,Phenology assessment based on personal observations and the Butterfly Diversity and Evolution Lab database (2009–2018).,9,,mode,,both,adult,,,,,,,,,,,
HumanObservation,Pyronia_cecilia,Tmean,,14.06,°C,mean,,both,adult,,,,,,,,,,,
,Pyronia_cecilia,T95L,,13.74,,mode,,both,adult,,,,,,,,,,,
,Pyronia_cecilia,T95H,,14.39,,mode,,both,adult,,,,,,,,,,,
PreservedSpecimen,Pyronia_cecilia,TSD,Calculation of genetic differentiation indices ($G_{st}$ and $D_{st}$) using mitochondrial COI sequences,2.48,ratio,Single observation,,both,adult,,,,,,,,,,,
,Pyronia_cecilia,Pmean,,756.21,,mode,,both,adult,,,,,,,,,,,
,Pyronia_cecilia,P95L,,724.11,,mode,,both,adult,,,,,,,,,,,
,Pyronia_cecilia,P95H,,788.31,,mode,,both,adult,,,,,,,,,,,
PreservedSpecimen,Pyronia_cecilia,PSD,Genetic distance calculation (DS) relative to Palaearctic sectors using COI sequences,241.01,p-distance,single observation,,both,adult,,,,,,,,,,,
PreservedSpecimen,Pyronia_cecilia,hp,,2,,mode,,both,adult,,,,,,,,,,,
Occurrence,Pyronia_cecilia,windmax,,379,mph,mean,,both,adult,,,,,,,,,,,
Occurrence,Pyronia_cecilia,windmean,,-297.6438713,mph,mean,,both,adult,,,,,,,,,,,
HumanObservation,Pyronia_cecilia,windsum,,-950.7305017,,mean,,both,adult,,,,,,,,,,,
PreservedSpecimen,Pyronia_cecilia,Dstdrunk,,2482.382279,km,single observation,,both,adult,,,,,,,,,,,
PreservedSpecimen,Pyronia_cecilia,Dstwolf,,190.1721151,%,single observation,,both,adult,,,,,,,,,,,
PreservedSpecimen,Satyrium_ilicis,WingsHR,average between minimum and maximum wingspan reported in four literature sources,17,,single observation,,both,adult,,,,,,,,,,,
PreservedSpecimen,Satyrium_ilicis,WingsPamp,,32.5,,average,,both,adult,,,,,,,,,,,
,Satyrium_ilicis,WingLaf,,17,,mode,,both,adult,,,,,,,,,,,
PreservedSpecimen,Satyrium_ilicis,wingsTSF,Wingspan was obtained as the average between minimum and maximum wingspan reported in literature sources.,34,,mean,,both,adult,,,,,,,,,,,
PreservedSpecimen,Satyrium_ilicis,wingsTSM,,34,,mean,,both,adult,,,,,,,,,,,
,Satyrium_ilicis,Volt,,1,,mode,,both,adult,,,,,,,,,,,
HumanObservation,Satyrium_ilicis,Flight Months,,3,,mode,,both,adult,,,,,,,,,,,
PreservedSpecimen,Satyrium_ilicis,First emergence,Molecular analysis of COI gene sequences combined with functional trait extraction and environmental modeling.,6,,mode,,both,adult,,,,,,,,,,,
HumanObservation,Satyrium_ilicis,First Month,,6,,mode,,both,adult,,,,,,,,,,,
HumanObservation,Satyrium_ilicis,Last Month,Phenology assessment based on personal observations and the Butterfly Diversity and Evolution Lab database (2009–2018).,8,,mode,,both,adult,,,,,,,,,,,
HumanObservation,Satyrium_ilicis,Tmean,,10.21,°C,mean,,both,adult,,,,,,,,,,,
,Satyrium_ilicis,T95L,,9.97,,mode,,both,adult,,,,,,,,,,,
,Satyrium_ilicis,T95H,,10.44,,mode,,both,adult,,,,,,,,,,,
PreservedSpecimen,Satyrium_ilicis,TSD,Calculation of genetic differentiation indices ($G_{st}$ and $D_{st}$) using mitochondrial COI sequences,2.91,ratio,Single observation,,both,adult,,,,,,,,,,,
,Satyrium_ilicis,Pmean,,772.64,,mode,,both,adult,,,,,,,,,,,
,Satyrium_ilicis,P95L,,753.78,,mode,,both,adult,,,,,,,,,,,
,Satyrium_ilicis,P95H,,791.5,,mode,,both,adult,,,,,,,,,,,
PreservedSpecimen,Satyrium_ilicis,PSD,Genetic distance calculation (DS) relative to Palaearctic sectors using COI sequences,232.43,p-distance,single observation,,both,adult,,,,,,,,,,,
PreservedSpecimen,Satyrium_ilicis,hp,,1,,mode,,both,adult,,,,,,,,,,,
Occurrence,Satyrium_ilicis,windmax,,379,mph,mean,,both,adult,,,,,,,,,,,
Occurrence,Satyrium_ilicis,windmean,,-318.7366755,mph,mean,,both,adult,,,,,,,,,,,
HumanObservation,Satyrium_ilicis,windsum,,-755.5800689,,mean,,both,adult,,,,,,,,,,,
PreservedSpecimen,Satyrium_ilicis,Dstdrunk,,2297.312083,km,single observation,,both,adult,,,,,,,,,,,
PreservedSpecimen,Satyrium_ilicis,Dstwolf,,132.8200349,%,single observation,,both,adult,,,,,,,,,,,
PreservedSpecimen,Thymelicus_acteon,WingsHR,average between minimum and maximum wingspan reported in four literature sources,11.5,,single observation,,both,adult,,,,,,,,,,,
PreservedSpecimen,Thymelicus_acteon,WingsPamp,,27.5,,average,,both,adult,,,,,,,,,,,
,Thymelicus_acteon,WingLaf,,12,,mode,,both,adult,,,,,,,,,,,
PreservedSpecimen,Thymelicus_acteon,wingsTSF,Wingspan was obtained as the average between minimum and maximum wingspan reported in literature sources.,24,,mean,,both,adult,,,,,,,,,,,
PreservedSpecimen,Thymelicus_acteon,wingsTSM,,24,,mean,,both,adult,,,,,,,,,,,
,Thymelicus_acteon,Volt,,1,,mode,,both,adult,,,,,,,,,,,
HumanObservation,Thymelicus_acteon,Flight Months,,5,,mode,,both,adult,,,,,,,,,,,
PreservedSpecimen,Thymelicus_acteon,First emergence,Molecular analysis of COI gene sequences combined with functional trait extraction and environmental modeling.,4,,mode,,both,adult,,,,,,,,,,,
HumanObservation,Thymelicus_acteon,First Month,,4,,mode,,both,adult,,,,,,,,,,,
HumanObservation,Thymelicus_acteon,Last Month,Phenology assessment based on personal observations and the Butterfly Diversity and Evolution Lab database (2009–2018).,8,,mode,,both,adult,,,,,,,,,,,
HumanObservation,Thymelicus_acteon,Tmean,,11.31,°C,mean,,both,adult,,,,,,,,,,,
,Thymelicus_acteon,T95L,,11.03,,mode,,both,adult,,,,,,,,,,,
,Thymelicus_acteon,T95H,,11.6,,mode,,both,adult,,,,,,,,,,,
PreservedSpecimen,Thymelicus_acteon,TSD,Calculation of genetic differentiation indices ($G_{st}$ and $D_{st}$) using mitochondrial COI sequences,3.23,ratio,Single observation,,both,adult,,,,,,,,,,,
,Thymelicus_acteon,Pmean,,763.51,,mode,,both,adult,,,,,,,,,,,
,Thymelicus_acteon,P95L,,744.26,,mode,,both,adult,,,,,,,,,,,
,Thymelicus_acteon,P95H,,782.76,,mode,,both,adult,,,,,,,,,,,
PreservedSpecimen,Thymelicus_acteon,PSD,Genetic distance calculation (DS) relative to Palaearctic sectors using COI sequences,218.23,p-distance,single observation,,both,adult,,,,,,,,,,,
PreservedSpecimen,Thymelicus_acteon,hp,,3,,mode,,both,adult,,,,,,,,,,,
Occurrence,Thymelicus_acteon,windmax,,391,mph,mean,,both,adult,,,,,,,,,,,
Occurrence,Thymelicus_acteon,windmean,,-309.270473,mph,mean,,both,adult,,,,,,,,,,,
HumanObservation,Thymelicus_acteon,windsum,,-1225.574652,,mean,,both,adult,,,,,,,,,,,
PreservedSpecimen,Thymelicus_acteon,Dstdrunk,,2582.210768,km,single observation,,both,adult,,,,,,,,,,,
PreservedSpecimen,Thymelicus_acteon,Dstwolf,,219.3123715,%,single observation,,both,adult,,,,,,,,,,,
PreservedSpecimen,Thymelicus_lineolus,WingsHR,average between minimum and maximum wingspan reported in four literature sources,13,,single observation,,both,adult,,,,,,,,,,,
PreservedSpecimen,Thymelicus_lineolus,WingsPamp,,27.5,,average,,both,adult,,,,,,,,,,,
,Thymelicus_lineolus,WingLaf,,13,,mode,,both,adult,,,,,,,,,,,
PreservedSpecimen,Thymelicus_lineolus,wingsTSF,Wingspan was obtained as the average between minimum and maximum wingspan reported in literature sources.,25.5,,mean,,both,adult,,,,,,,,,,,
PreservedSpecimen,Thymelicus_lineolus,wingsTSM,,24,,mean,,both,adult,,,,,,,,,,,
,Thymelicus_lineolus,Volt,,1,,mode,,both,adult,,,,,,,,,,,
HumanObservation,Thymelicus_lineolus,Flight Months,,4,,mode,,both,adult,,,,,,,,,,,
PreservedSpecimen,Thymelicus_lineolus,First emergence,Molecular analysis of COI gene sequences combined with functional trait extraction and environmental modeling.,5,,mode,,both,adult,,,,,,,,,,,
HumanObservation,Thymelicus_lineolus,First Month,,5,,mode,,both,adult,,,,,,,,,,,
HumanObservation,Thymelicus_lineolus,Last Month,Phenology assessment based on personal observations and the Butterfly Diversity and Evolution Lab database (2009–2018).,8,,mode,,both,adult,,,,,,,,,,,
HumanObservation,Thymelicus_lineolus,Tmean,,8.69,°C,mean,,both,adult,,,,,,,,,,,
,Thymelicus_lineolus,T95L,,8.48,,mode,,both,adult,,,,,,,,,,,
,Thymelicus_lineolus,T95H,,8.89,,mode,,both,adult,,,,,,,,,,,
PreservedSpecimen,Thymelicus_lineolus,TSD,Calculation of genetic differentiation indices ($G_{st}$ and $D_{st}$) using mitochondrial COI sequences,3.19,ratio,Single observation,,both,adult,,,,,,,,,,,
,Thymelicus_lineolus,Pmean,,736.42,,mode,,both,adult,,,,,,,,,,,
,Thymelicus_lineolus,P95L,,722.78,,mode,,both,adult,,,,,,,,,,,
,Thymelicus_lineolus,P95H,,750.05,,mode,,both,adult,,,,,,,,,,,
PreservedSpecimen,Thymelicus_lineolus,PSD,Genetic distance calculation (DS) relative to Palaearctic sectors using COI sequences,211.42,p-distance,single observation,,both,adult,,,,,,,,,,,
PreservedSpecimen,Thymelicus_lineolus,hp,,13,,mode,,both,adult,,,,,,,,,,,
Occurrence,Thymelicus_lineolus,windmax,,391,mph,mean,,both,adult,,,,,,,,,,,
Occurrence,Thymelicus_lineolus,windmean,,-317.3060452,mph,mean,,both,adult,,,,,,,,,,,
HumanObservation,Thymelicus_lineolus,windsum,,-996.5886044,,mean,,both,adult,,,,,,,,,,,
PreservedSpecimen,Thymelicus_lineolus,Dstdrunk,,3292.468678,km,single observation,,both,adult,,,,,,,,,,,
PreservedSpecimen,Thymelicus_lineolus,Dstwolf,,256.8220125,%,single observation,,both,adult,,,,,,,,,,,
PreservedSpecimen,Thymelicus_sylvestris,WingsHR,average between minimum and maximum wingspan reported in four literature sources,14.5,,single observation,,both,adult,,,,,,,,,,,
PreservedSpecimen,Thymelicus_sylvestris,WingsPamp,,27.5,,average,,both,adult,,,,,,,,,,,
,Thymelicus_sylvestris,WingLaf,,14,,mode,,both,adult,,,,,,,,,,,
PreservedSpecimen,Thymelicus_sylvestris,wingsTSF,Wingspan was obtained as the average between minimum and maximum wingspan reported in literature sources.,26.5,,mean,,both,adult,,,,,,,,,,,
PreservedSpecimen,Thymelicus_sylvestris,wingsTSM,,26.5,,mean,,both,adult,,,,,,,,,,,
,Thymelicus_sylvestris,Volt,,1,,mode,,both,adult,,,,,,,,,,,
HumanObservation,Thymelicus_sylvestris,Flight Months,,4,,mode,,both,adult,,,,,,,,,,,
PreservedSpecimen,Thymelicus_sylvestris,First emergence,Molecular analysis of COI gene sequences combined with functional trait extraction and environmental modeling.,5,,mode,,both,adult,,,,,,,,,,,
HumanObservation,Thymelicus_sylvestris,First Month,,5,,mode,,both,adult,,,,,,,,,,,
HumanObservation,Thymelicus_sylvestris,Last Month,Phenology assessment based on personal observations and the Butterfly Diversity and Evolution Lab database (2009–2018).,8,,mode,,both,adult,,,,,,,,,,,
HumanObservation,Thymelicus_sylvestris,Tmean,,9.87,°C,mean,,both,adult,,,,,,,,,,,
,Thymelicus_sylvestris,T95L,,9.67,,mode,,both,adult,,,,,,,,,,,
,Thymelicus_sylvestris,T95H,,10.07,,mode,,both,adult,,,,,,,,,,,
PreservedSpecimen,Thymelicus_sylvestris,TSD,Calculation of genetic differentiation indices ($G_{st}$ and $D_{st}$) using mitochondrial COI sequences,2.96,ratio,Single observation,,both,adult,,,,,,,,,,,
,Thymelicus_sylvestris,Pmean,,783.58,,mode,,both,adult,,,,,,,,,,,
,Thymelicus_sylvestris,P95L,,766.71,,mode,,both,adult,,,,,,,,,,,
,Thymelicus_sylvestris,P95H,,800.44,,mode,,both,adult,,,,,,,,,,,
PreservedSpecimen,Thymelicus_sylvestris,PSD,Genetic distance calculation (DS) relative to Palaearctic sectors using COI sequences,247.81,p-distance,single observation,,both,adult,,,,,,,,,,,
PreservedSpecimen,Thymelicus_sylvestris,hp,,3,,mode,,both,adult,,,,,,,,,,,
Occurrence,Thymelicus_sylvestris,windmax,,391,mph,mean,,both,adult,,,,,,,,,,,
Occurrence,Thymelicus_sylvestris,windmean,,-317.3060452,mph,mean,,both,adult,,,,,,,,,,,
HumanObservation,Thymelicus_sylvestris,windsum,,-996.5886044,,mean,,both,adult,,,,,,,,,,,
PreservedSpecimen,Thymelicus_sylvestris,Dstdrunk,,2974.30968,km,single observation,,both,adult,,,,,,,,,,,
PreservedSpecimen,Thymelicus_sylvestris,Dstwolf,,233.7905024,%,single observation,,both,adult,,,,,,,,,,,
PreservedSpecimen,Vanessa_atalanta,WingsHR,average between minimum and maximum wingspan reported in four literature sources,29.5,,single observation,,both,adult,,,,,,,,,,,
PreservedSpecimen,Vanessa_atalanta,WingsPamp,,57.5,,average,,both,adult,,,,,,,,,,,
,Vanessa_atalanta,WingLaf,,29.5,,mode,,both,adult,,,,,,,,,,,
PreservedSpecimen,Vanessa_atalanta,wingsTSF,Wingspan was obtained as the average between minimum and maximum wingspan reported in literature sources.,59.5,,mean,,both,adult,,,,,,,,,,,
PreservedSpecimen,Vanessa_atalanta,wingsTSM,,53,,mean,,both,adult,,,,,,,,,,,
,Vanessa_atalanta,Volt,,3,,mode,,both,adult,,,,,,,,,,,
HumanObservation,Vanessa_atalanta,Flight Months,,12,,mode,,both,adult,,,,,,,,,,,
PreservedSpecimen,Vanessa_atalanta,First emergence,Molecular analysis of COI gene sequences combined with functional trait extraction and environmental modeling.,6,,mode,,both,adult,,,,,,,,,,,
HumanObservation,Vanessa_atalanta,First Month,,1,,mode,,both,adult,,,,,,,,,,,
HumanObservation,Vanessa_atalanta,Last Month,Phenology assessment based on personal observations and the Butterfly Diversity and Evolution Lab database (2009–2018).,12,,mode,,both,adult,,,,,,,,,,,
HumanObservation,Vanessa_atalanta,Tmean,,9.07,°C,mean,,both,adult,,,,,,,,,,,
,Vanessa_atalanta,T95L,,8.86,,mode,,both,adult,,,,,,,,,,,
,Vanessa_atalanta,T95H,,9.28,,mode,,both,adult,,,,,,,,,,,
PreservedSpecimen,Vanessa_atalanta,TSD,Calculation of genetic differentiation indices ($G_{st}$ and $D_{st}$) using mitochondrial COI sequences,3.85,ratio,Single observation,,both,adult,,,,,,,,,,,
,Vanessa_atalanta,Pmean,,785.78,,mode,,both,adult,,,,,,,,,,,
,Vanessa_atalanta,P95L,,768.73,,mode,,both,adult,,,,,,,,,,,
,Vanessa_atalanta,P95H,,802.82,,mode,,both,adult,,,,,,,,,,,
PreservedSpecimen,Vanessa_atalanta,PSD,Genetic distance calculation (DS) relative to Palaearctic sectors using COI sequences,318.38,p-distance,single observation,,both,adult,,,,,,,,,,,
PreservedSpecimen,Vanessa_atalanta,hp,,1.5,,mode,,both,adult,,,,,,,,,,,
Occurrence,Vanessa_atalanta,windmax,,391,mph,mean,,both,adult,,,,,,,,,,,
Occurrence,Vanessa_atalanta,windmean,,-246.5644495,mph,mean,,both,adult,,,,,,,,,,,
HumanObservation,Vanessa_atalanta,windsum,,-2372.372636,,mean,,both,adult,,,,,,,,,,,
PreservedSpecimen,Vanessa_atalanta,Dstdrunk,,2046.893699,km,single observation,,both,adult,,,,,,,,,,,
PreservedSpecimen,Vanessa_atalanta,Dstwolf,,92.35080038,%,single observation,,both,adult,,,,,,,,,,,
PreservedSpecimen,Vanessa_cardui,WingsHR,average between minimum and maximum wingspan reported in four literature sources,28,,single observation,,both,adult,,,,,,,,,,,
PreservedSpecimen,Vanessa_cardui,WingsPamp,,57.5,,average,,both,adult,,,,,,,,,,,
,Vanessa_cardui,WingLaf,,30.5,,mode,,both,adult,,,,,,,,,,,
PreservedSpecimen,Vanessa_cardui,wingsTSF,Wingspan was obtained as the average between minimum and maximum wingspan reported in literature sources.,54,,mean,,both,adult,,,,,,,,,,,
PreservedSpecimen,Vanessa_cardui,wingsTSM,,53,,mean,,both,adult,,,,,,,,,,,
,Vanessa_cardui,Volt,,3,,mode,,both,adult,,,,,,,,,,,
HumanObservation,Vanessa_cardui,Flight Months,,9,,mode,,both,adult,,,,,,,,,,,
PreservedSpecimen,Vanessa_cardui,First emergence,Molecular analysis of COI gene sequences combined with functional trait extraction and environmental modeling.,6,,mode,,both,adult,,,,,,,,,,,
HumanObservation,Vanessa_cardui,First Month,,3,,mode,,both,adult,,,,,,,,,,,
HumanObservation,Vanessa_cardui,Last Month,Phenology assessment based on personal observations and the Butterfly Diversity and Evolution Lab database (2009–2018).,11,,mode,,both,adult,,,,,,,,,,,
HumanObservation,Vanessa_cardui,Tmean,,9.04,°C,mean,,both,adult,,,,,,,,,,,
,Vanessa_cardui,T95L,,8.82,,mode,,both,adult,,,,,,,,,,,
,Vanessa_cardui,T95H,,9.26,,mode,,both,adult,,,,,,,,,,,
PreservedSpecimen,Vanessa_cardui,TSD,Calculation of genetic differentiation indices ($G_{st}$ and $D_{st}$) using mitochondrial COI sequences,4.12,ratio,Single observation,,both,adult,,,,,,,,,,,
,Vanessa_cardui,Pmean,,770.51,,mode,,both,adult,,,,,,,,,,,
,Vanessa_cardui,P95L,,754.82,,mode,,both,adult,,,,,,,,,,,
,Vanessa_cardui,P95H,,786.2,,mode,,both,adult,,,,,,,,,,,
PreservedSpecimen,Vanessa_cardui,PSD,Genetic distance calculation (DS) relative to Palaearctic sectors using COI sequences,296.33,p-distance,single observation,,both,adult,,,,,,,,,,,
PreservedSpecimen,Vanessa_cardui,hp,,5,,mode,,both,adult,,,,,,,,,,,
Occurrence,Vanessa_cardui,windmax,,391,mph,mean,,both,adult,,,,,,,,,,,
Occurrence,Vanessa_cardui,windmean,,-266.7470489,mph,mean,,both,adult,,,,,,,,,,,
HumanObservation,Vanessa_cardui,windsum,,-1935.884023,,mean,,both,adult,,,,,,,,,,,
PreservedSpecimen,Vanessa_cardui,Dstdrunk,,2911.857118,km,single observation,,both,adult,,,,,,,,,,,
PreservedSpecimen,Vanessa_cardui,Dstwolf,,193.4839262,%,single observation,,both,adult,,,,,,,,,,,
PreservedSpecimen,Zerynthia_cassandra,WingsHR,average between minimum and maximum wingspan reported in four literature sources,NA,,single observation,,both,adult,,,,,,,,,,,
PreservedSpecimen,Zerynthia_cassandra,WingsPamp,,NA,,average,,both,adult,,,,,,,,,,,
,Zerynthia_cassandra,WingLaf,,23,,mode,,both,adult,,,,,,,,,,,
PreservedSpecimen,Zerynthia_cassandra,wingsTSF,Wingspan was obtained as the average between minimum and maximum wingspan reported in literature sources.,49,,mean,,both,adult,,,,,,,,,,,
PreservedSpecimen,Zerynthia_cassandra,wingsTSM,,49,,mean,,both,adult,,,,,,,,,,,
,Zerynthia_cassandra,Volt,,1,,mode,,both,adult,,,,,,,,,,,
HumanObservation,Zerynthia_cassandra,Flight Months,,3,,mode,,both,adult,,,,,,,,,,,
PreservedSpecimen,Zerynthia_cassandra,First emergence,Molecular analysis of COI gene sequences combined with functional trait extraction and environmental modeling.,3,,mode,,both,adult,,,,,,,,,,,
HumanObservation,Zerynthia_cassandra,First Month,,3,,mode,,both,adult,,,,,,,,,,,
HumanObservation,Zerynthia_cassandra,Last Month,Phenology assessment based on personal observations and the Butterfly Diversity and Evolution Lab database (2009–2018).,5,,mode,,both,adult,,,,,,,,,,,
HumanObservation,Zerynthia_cassandra,Tmean,,13.58,°C,mean,,both,adult,,,,,,,,,,,
,Zerynthia_cassandra,T95L,,13.06,,mode,,both,adult,,,,,,,,,,,
,Zerynthia_cassandra,T95H,,14.1,,mode,,both,adult,,,,,,,,,,,
PreservedSpecimen,Zerynthia_cassandra,TSD,Calculation of genetic differentiation indices ($G_{st}$ and $D_{st}$) using mitochondrial COI sequences,1.72,ratio,Single observation,,both,adult,,,,,,,,,,,
,Zerynthia_cassandra,Pmean,,785.78,,mode,,both,adult,,,,,,,,,,,
,Zerynthia_cassandra,P95L,,738.42,,mode,,both,adult,,,,,,,,,,,
,Zerynthia_cassandra,P95H,,833.14,,mode,,both,adult,,,,,,,,,,,
PreservedSpecimen,Zerynthia_cassandra,PSD,Genetic distance calculation (DS) relative to Palaearctic sectors using COI sequences,155.77,p-distance,single observation,,both,adult,,,,,,,,,,,
PreservedSpecimen,Zerynthia_cassandra,hp,,1,,mode,,both,adult,,,,,,,,,,,
Occurrence,Zerynthia_cassandra,windmax,,391,mph,mean,,both,adult,,,,,,,,,,,
Occurrence,Zerynthia_cassandra,windmean,,-273.2786645,mph,mean,,both,adult,,,,,,,,,,,
HumanObservation,Zerynthia_cassandra,windsum,,-654.8852111,,mean,,both,adult,,,,,,,,,,,
PreservedSpecimen,Zerynthia_cassandra,Dstdrunk,,3604.831896,km,single observation,,both,adult,,,,,,,,,,,
PreservedSpecimen,Zerynthia_cassandra,Dstwolf,,233.0129432,%,single observation,,both,adult,,,,,,,,,,,
