basisOfRecord,verbatimIdentification,measurementType,measurementMethod,measurementValue ,measurementUnit,measurementStatistic,measurementRemarks,sex,lifeStage,caste,sampleSizeValue,sampleSizeUnit,sampleTreatment,samplingProtocol,verbatimLocality ,verbatimCoordinates,verbatimEventDate,associatedOccurrences,associatedReferences ,externalLink
HumanObservation,Acrodipsas aurata Crematogaster sp.,obligate myrmecophile,,1,count,single observation,,both,larva,,,,,,1,,,,,
HumanObservation,Acrodipsas aurata Crematogaster sp.,number associated ant genera,,1,count,single observation,,both,larva,,,,,,1,,,,,
HumanObservation,Acrodipsas brisbanensis Papyrius nr. nitidus,obligate myrmecophile,,1,count,single observation,,both,larva,,,,,,1,,,,,
HumanObservation,Acrodipsas brisbanensis Papyrius nr. nitidus,number associated ant genera,,1,count,single observation,,both,larva,,,,,,1,,,,,
HumanObservation,"Acrodipsas cuprea Crematogaster sp., nr. laeviceps",obligate myrmecophile,,1,count,single observation,,both,larva,,,,,,1,,,,,
HumanObservation,"Acrodipsas cuprea Crematogaster sp., nr. laeviceps",number associated ant genera,,1,count,single observation,,both,larva,,,,,,1,,,,,
HumanObservation,Acrodipsas illidgei Crematogaster nr. laeviceps,obligate myrmecophile,,1,count,single observation,,both,larva,,,,,,1,,,,,
HumanObservation,Acrodipsas illidgei Crematogaster nr. laeviceps,number associated ant genera,,1,count,single observation,,both,larva,,,,,,1,,,,,
HumanObservation,Acrodipsas myrmecophila Papyrius nr. nitidus,obligate myrmecophile,,1,count,single observation,,both,larva,,,,,,1,,,,,
HumanObservation,Acrodipsas myrmecophila Papyrius nr. nitidus,number associated ant genera,,1,count,single observation,,both,larva,,,,,,1,,,,,
HumanObservation,"Acytolepis puspa Tetramorium Rhoptromyrmex wroughtonii, Crematogaster sp., Dolichoderus Polyrhachis dives, Anoplolepis gracilipes, Camponotus sp.",obligate myrmecophile,,0,count,single observation,,both,larva,,,,,,0,,,,,
HumanObservation,"Acytolepis puspa Tetramorium Rhoptromyrmex wroughtonii, Crematogaster sp., Dolichoderus Polyrhachis dives, Anoplolepis gracilipes, Camponotus sp.",number associated ant genera,,6,count,single observation,,both,larva,,,,,,0,,,,,
HumanObservation,Agriades pheretiades Formica subpilosa,obligate myrmecophile,,0,count,single observation,,both,larva,,,,,,0,,,,,
HumanObservation,Agriades pheretiades Formica subpilosa,number associated ant genera,,1,count,single observation,,both,larva,,,,,,0,,,,,
HumanObservation,Ahmetia achaja Crematogaster sp.,obligate myrmecophile,,0,count,single observation,,both,larva,,,,,,0,,,,,
HumanObservation,Ahmetia achaja Crematogaster sp.,number associated ant genera,,1,count,single observation,,both,larva,,,,,,0,,,,,
HumanObservation,"Allosmaitia strophius Camponotus blandus, Ectatomma tuberculatum, Crematogaster sp.",obligate myrmecophile,,0,count,single observation,,both,larva,,,,,,0,,,,,
HumanObservation,"Allosmaitia strophius Camponotus blandus, Ectatomma tuberculatum, Crematogaster sp.",number associated ant genera,,3,count,single observation,,both,larva,,,,,,0,,,,,
HumanObservation,Aloeides apicalis Monomorium fridae,obligate myrmecophile,,1,count,single observation,,both,larva,,,,,,0,,,,,
HumanObservation,Aloeides apicalis Monomorium fridae,number associated ant genera,,1,count,single observation,,both,larva,,,,,,0,,,,,
HumanObservation,Aloeides aranda Pheidole capensis,obligate myrmecophile,,1,count,single observation,,both,larva,,,,,,0,,,,,
HumanObservation,Aloeides aranda Pheidole capensis,number associated ant genera,,1,count,single observation,,both,larva,,,,,,0,,,,,
HumanObservation,Aloeides bamptoni Lepisiota capensis,obligate myrmecophile,,1,count,single observation,,both,larva,,,,,,0,,,,,
HumanObservation,Aloeides bamptoni Lepisiota capensis,number associated ant genera,,1,count,single observation,,both,larva,,,,,,0,,,,,
HumanObservation,Aloeides barklyi Lepisiota capensis,obligate myrmecophile,,1,count,single observation,,both,larva,,,,,,0,,,,,
HumanObservation,Aloeides barklyi Lepisiota capensis,number associated ant genera,,1,count,single observation,,both,larva,,,,,,0,,,,,
HumanObservation,Aloeides clarki Monomorium sp.,obligate myrmecophile,,1,count,single observation,,both,larva,,,,,,0,,,,,
HumanObservation,Aloeides clarki Monomorium sp.,number associated ant genera,,1,count,single observation,,both,larva,,,,,,0,,,,,
HumanObservation,Aloeides dentatis Lepisiota capensis,obligate myrmecophile,,1,count,single observation,,both,larva,,,,,,0,,,,,
HumanObservation,Aloeides dentatis Lepisiota capensis,number associated ant genera,,1,count,single observation,,both,larva,,,,,,0,,,,,
HumanObservation,Aloeides depicta Lepisiota capensis,obligate myrmecophile,,1,count,single observation,,both,larva,,,,,,0,,,,,
HumanObservation,Aloeides depicta Lepisiota capensis,number associated ant genera,,1,count,single observation,,both,larva,,,,,,0,,,,,
HumanObservation,Aloeides margaretae Monomorium fridae,obligate myrmecophile,,1,count,single observation,,both,larva,,,,,,0,,,,,
HumanObservation,Aloeides margaretae Monomorium fridae,number associated ant genera,,1,count,single observation,,both,larva,,,,,,0,,,,,
HumanObservation,Aloeides nollothi Lepisiota capensis,obligate myrmecophile,,1,count,single observation,,both,larva,,,,,,0,,,,,
HumanObservation,Aloeides nollothi Lepisiota capensis,number associated ant genera,,1,count,single observation,,both,larva,,,,,,0,,,,,
HumanObservation,Aloeides pallida Lepisiota capensis,obligate myrmecophile,,1,count,single observation,,both,larva,,,,,,0,,,,,
HumanObservation,Aloeides pallida Lepisiota capensis,number associated ant genera,,1,count,single observation,,both,larva,,,,,,0,,,,,
HumanObservation,Aloeides pierus Lepisiota capensis,obligate myrmecophile,,1,count,single observation,,both,larva,,,,,,0,,,,,
HumanObservation,Aloeides pierus Lepisiota capensis,number associated ant genera,,1,count,single observation,,both,larva,,,,,,0,,,,,
HumanObservation,Aloeides pringlei Lepisiota capensis,obligate myrmecophile,,1,count,single observation,,both,larva,,,,,,0,,,,,
HumanObservation,Aloeides pringlei Lepisiota capensis,number associated ant genera,,1,count,single observation,,both,larva,,,,,,0,,,,,
HumanObservation,Aloeides rossouwi Lepisiota sp.,obligate myrmecophile,,1,count,single observation,,both,larva,,,,,,0,,,,,
HumanObservation,Aloeides rossouwi Lepisiota sp.,number associated ant genera,,1,count,single observation,,both,larva,,,,,,0,,,,,
HumanObservation,Aloeides thyra Lepisiota capensis,obligate myrmecophile,,1,count,single observation,,both,larva,,,,,,0,,,,,
HumanObservation,Aloeides thyra Lepisiota capensis,number associated ant genera,,1,count,single observation,,both,larva,,,,,,0,,,,,
HumanObservation,"Anthene amarah Crematogaster bequaerti, Pheidole sp., Myrmicaria Lepisiota affinis",obligate myrmecophile,,0,count,single observation,,both,larva,,,,,,0,,,,,
HumanObservation,"Anthene amarah Crematogaster bequaerti, Pheidole sp., Myrmicaria Lepisiota affinis",number associated ant genera,,4,count,single observation,,both,larva,,,,,,0,,,,,
HumanObservation,Anthene definita Linepithema humile,obligate myrmecophile,,0,count,single observation,,both,larva,,,,,,0,,,,,
HumanObservation,Anthene definita Linepithema humile,number associated ant genera,,1,count,single observation,,both,larva,,,,,,0,,,,,
HumanObservation,Anthene emolus Oecophylla smaragdina,obligate myrmecophile,,1,count,single observation,,both,larva,,,,,,0,,,,,
HumanObservation,Anthene emolus Oecophylla smaragdina,number associated ant genera,,1,count,single observation,,both,larva,,,,,,0,,,,,
HumanObservation,"Anthene flavomaculatus Odontomachus troglodytes , Crematogaster buchneri",obligate myrmecophile,,0,count,single observation,,both,larva,,,,,,0,,,,,
HumanObservation,"Anthene flavomaculatus Odontomachus troglodytes , Crematogaster buchneri",number associated ant genera,,2,count,single observation,,both,larva,,,,,,0,,,,,
HumanObservation,Anthene hodsoni Pheidole sp.,obligate myrmecophile,,0,count,single observation,,both,larva,,,,,,0,,,,,
HumanObservation,Anthene hodsoni Pheidole sp.,number associated ant genera,,1,count,single observation,,both,larva,,,,,,0,,,,,
HumanObservation,"Anthene lachares Pheidole aurivillii, Ph. megacephala",obligate myrmecophile,,0,count,single observation,,both,larva,,,,,,0,,,,,
HumanObservation,"Anthene lachares Pheidole aurivillii, Ph. megacephala",number associated ant genera,,1,count,single observation,,both,larva,,,,,,0,,,,,
HumanObservation,"Anthene larydas Crematogaster striatula, Pheidole aurivillii, Camponotus acvapimensis",obligate myrmecophile,,0,count,single observation,,both,larva,,,,,,0,,,,,
HumanObservation,"Anthene larydas Crematogaster striatula, Pheidole aurivillii, Camponotus acvapimensis",number associated ant genera,,3,count,single observation,,both,larva,,,,,,0,,,,,
HumanObservation,Anthene levis Crematogaster sp.,obligate myrmecophile,,1,count,single observation,,both,larva,,,,,,0,,,,,
HumanObservation,Anthene levis Crematogaster sp.,number associated ant genera,,1,count,single observation,,both,larva,,,,,,0,,,,,
HumanObservation,"Anthene lunulata Pheidole sp., Technomyrmex detorquens, Camponotus acvapimensis",obligate myrmecophile,,0,count,single observation,,both,larva,,,,,,0,,,,,
HumanObservation,"Anthene lunulata Pheidole sp., Technomyrmex detorquens, Camponotus acvapimensis",number associated ant genera,,3,count,single observation,,both,larva,,,,,,0,,,,,
HumanObservation,"Anthene lycaenina Oecophylla smaragdina, Camponotus sp., Technomyrmex Tapinoma melanocephalum",obligate myrmecophile,,0,count,single observation,,both,larva,,,,,,0,,,,,
HumanObservation,"Anthene lycaenina Oecophylla smaragdina, Camponotus sp., Technomyrmex Tapinoma melanocephalum",number associated ant genera,,4,count,single observation,,both,larva,,,,,,0,,,,,
HumanObservation,"Anthene lycaenoides Oecophylla smaragdina, Nylanderia bourbonica, Technomyrmex nr. albipes, Crematogaster spp., Opisthopsis rufithorax, Odontomachus ruficeps, Iridomyrmex sp., anceps, rufoniger pallidus, Camponotus novaehollandiae, Ochetellus glaber",obligate myrmecophile,,0,count,single observation,,both,larva,,,,,,1,,,,,
HumanObservation,"Anthene lycaenoides Oecophylla smaragdina, Nylanderia bourbonica, Technomyrmex nr. albipes, Crematogaster spp., Opisthopsis rufithorax, Odontomachus ruficeps, Iridomyrmex sp., anceps, rufoniger pallidus, Camponotus novaehollandiae, Ochetellus glaber",number associated ant genera,,9,count,single observation,,both,larva,,,,,,1,,,,,
HumanObservation,Anthene nr. alberta Crematogaster buchneri,obligate myrmecophile,,0,count,single observation,,both,larva,,,,,,0,,,,,
HumanObservation,Anthene nr. alberta Crematogaster buchneri,number associated ant genera,,1,count,single observation,,both,larva,,,,,,0,,,,,
HumanObservation,"Anthene nr. sylvanus Pheidole aurivillii, Camponotus acvapimensis",obligate myrmecophile,,0,count,single observation,,both,larva,,,,,,0,,,,,
HumanObservation,"Anthene nr. sylvanus Pheidole aurivillii, Camponotus acvapimensis",number associated ant genera,,2,count,single observation,,both,larva,,,,,,0,,,,,
HumanObservation,Anthene otacilia Crematogaster sp.,obligate myrmecophile,,0,count,single observation,,both,larva,,,,,,0,,,,,
HumanObservation,Anthene otacilia Crematogaster sp.,number associated ant genera,,1,count,single observation,,both,larva,,,,,,0,,,,,
HumanObservation,Anthene pitmani Crematogaster gerstaeckeri,obligate myrmecophile,,0,count,single observation,,both,larva,,,,,,0,,,,,
HumanObservation,Anthene pitmani Crematogaster gerstaeckeri,number associated ant genera,,1,count,single observation,,both,larva,,,,,,0,,,,,
HumanObservation,Anthene seltuttus Oecophylla smaragdina,obligate myrmecophile,,1,count,single observation,,both,larva,,,,,,1,,,,,
HumanObservation,Anthene seltuttus Oecophylla smaragdina,number associated ant genera,,1,count,single observation,,both,larva,,,,,,1,,,,,
HumanObservation,Anthene usamba Crematogaster mimosae,obligate myrmecophile,,1,count,single observation,,both,larva,,,,,,0,,,,,
HumanObservation,Anthene usamba Crematogaster mimosae,number associated ant genera,,1,count,single observation,,both,larva,,,,,,0,,,,,
HumanObservation,Aphnaeus adamsi Crematogaster sp.,obligate myrmecophile,,1,count,single observation,,both,larva,,,,,,0,,,,,
HumanObservation,Aphnaeus adamsi Crematogaster sp.,number associated ant genera,,1,count,single observation,,both,larva,,,,,,0,,,,,
HumanObservation,Aphnaeus orcas Crematogaster sp.,obligate myrmecophile,,1,count,single observation,,both,larva,,,,,,0,,,,,
HumanObservation,Aphnaeus orcas Crematogaster sp.,number associated ant genera,,1,count,single observation,,both,larva,,,,,,0,,,,,
HumanObservation,"Arawacus lincoides Ectatomma tuberculatum, E. ruidum, Pheidole sp., Crematogaster brevispinosa, C. nigropilosa",obligate myrmecophile,,0,count,single observation,,both,larva,,,,,,0,,,,,
HumanObservation,"Arawacus lincoides Ectatomma tuberculatum, E. ruidum, Pheidole sp., Crematogaster brevispinosa, C. nigropilosa",number associated ant genera,,3,count,single observation,,both,larva,,,,,,0,,,,,
HumanObservation,Arawacus separata Pheidole sp.,obligate myrmecophile,,0,count,single observation,,both,larva,,,,,,0,,,,,
HumanObservation,Arawacus separata Pheidole sp.,number associated ant genera,,1,count,single observation,,both,larva,,,,,,0,,,,,
HumanObservation,Argyraspodes argyraspis Crematogaster melanogaster,obligate myrmecophile,,1,count,single observation,,both,larva,,,,,,0,,,,,
HumanObservation,Argyraspodes argyraspis Crematogaster melanogaster,number associated ant genera,,1,count,single observation,,both,larva,,,,,,0,,,,,
HumanObservation,Arhopala abseus Dolichoderus sp.,obligate myrmecophile,,1,count,single observation,,both,larva,,,,,,0,,,,,
HumanObservation,Arhopala abseus Dolichoderus sp.,number associated ant genera,,1,count,single observation,,both,larva,,,,,,0,,,,,
HumanObservation,Arhopala aexone Oecophylla smaragdina,obligate myrmecophile,,1,count,single observation,,both,larva,,,,,,1,,,,,
HumanObservation,Arhopala aexone Oecophylla smaragdina,number associated ant genera,,1,count,single observation,,both,larva,,,,,,1,,,,,
HumanObservation,"Arhopala alica Polyrhachis sp., Dolichoderus nr. thoracicus",obligate myrmecophile,,0,count,single observation,,both,larva,,,,,,0,,,,,
HumanObservation,"Arhopala alica Polyrhachis sp., Dolichoderus nr. thoracicus",number associated ant genera,,2,count,single observation,,both,larva,,,,,,0,,,,,
HumanObservation,Arhopala amantes Oecophylla smaragdina,obligate myrmecophile,,1,count,single observation,,both,larva,,,,,,0,,,,,
HumanObservation,Arhopala amantes Oecophylla smaragdina,number associated ant genera,,1,count,single observation,,both,larva,,,,,,0,,,,,
HumanObservation,"Arhopala amphimuta Crematogaster borneensis, spp.",obligate myrmecophile,,1,count,single observation,,both,larva,,,,,,0,,,,,
HumanObservation,"Arhopala amphimuta Crematogaster borneensis, spp.",number associated ant genera,,1,count,single observation,,both,larva,,,,,,0,,,,,
HumanObservation,Arhopala asopia Monomorium destructor,obligate myrmecophile,,0,count,single observation,,both,larva,,,,,,0,,,,,
HumanObservation,Arhopala asopia Monomorium destructor,number associated ant genera,,1,count,single observation,,both,larva,,,,,,0,,,,,
HumanObservation,Arhopala athada Polyrhachis tibialis group,obligate myrmecophile,,0,count,single observation,,both,larva,,,,,,0,,,,,
HumanObservation,Arhopala athada Polyrhachis tibialis group,number associated ant genera,,1,count,single observation,,both,larva,,,,,,0,,,,,
HumanObservation,"Arhopala bazalus Pristomyrmex punctatus, Pheidole nodus, Crematogaster matsumurai, osakensis, Tetramorium tsushimae, bicarinatum, Lasius japonicus, Formica japonica, Ochetellus glaber, Camponotus vitiosus, Linepithema humile",obligate myrmecophile,,0,count,single observation,,both,larva,,,,,,0,,,,,
HumanObservation,"Arhopala bazalus Pristomyrmex punctatus, Pheidole nodus, Crematogaster matsumurai, osakensis, Tetramorium tsushimae, bicarinatum, Lasius japonicus, Formica japonica, Ochetellus glaber, Camponotus vitiosus, Linepithema humile",number associated ant genera,,9,count,single observation,,both,larva,,,,,,0,,,,,
HumanObservation,Arhopala buddha Camponotus auriventris,obligate myrmecophile,,0,count,single observation,,both,larva,,,,,,0,,,,,
HumanObservation,Arhopala buddha Camponotus auriventris,number associated ant genera,,1,count,single observation,,both,larva,,,,,,0,,,,,
HumanObservation,Arhopala centaurus Oecophylla smaragdina,obligate myrmecophile,,1,count,single observation,,both,larva,,,,,,1,,,,,
HumanObservation,Arhopala centaurus Oecophylla smaragdina,number associated ant genera,,1,count,single observation,,both,larva,,,,,,1,,,,,
HumanObservation,Arhopala dajagaka Crematogaster sp.,obligate myrmecophile,,1,count,single observation,,both,larva,,,,,,0,,,,,
HumanObservation,Arhopala dajagaka Crematogaster sp.,number associated ant genera,,1,count,single observation,,both,larva,,,,,,0,,,,,
HumanObservation,Arhopala epimuta Anoplolepis gracilipes,obligate myrmecophile,,0,count,single observation,,both,larva,,,,,,0,,,,,
HumanObservation,Arhopala epimuta Anoplolepis gracilipes,number associated ant genera,,1,count,single observation,,both,larva,,,,,,0,,,,,
HumanObservation,Arhopala eumolphus Polyrhachis sp.,obligate myrmecophile,,0,count,single observation,,both,larva,,,,,,0,,,,,
HumanObservation,Arhopala eumolphus Polyrhachis sp.,number associated ant genera,,1,count,single observation,,both,larva,,,,,,0,,,,,
HumanObservation,Arhopala eupolis Oecophylla smaragdina,obligate myrmecophile,,1,count,single observation,,both,larva,,,,,,1,,,,,
HumanObservation,Arhopala eupolis Oecophylla smaragdina,number associated ant genera,,1,count,single observation,,both,larva,,,,,,1,,,,,
HumanObservation,Arhopala hellenore Crematogaster rogenhoferi,obligate myrmecophile,,0,count,single observation,,both,larva,,,,,,0,,,,,
HumanObservation,Arhopala hellenore Crematogaster rogenhoferi,number associated ant genera,,1,count,single observation,,both,larva,,,,,,0,,,,,
HumanObservation,Arhopala horsfieldi Polyrhachis sp.,obligate myrmecophile,,0,count,single observation,,both,larva,,,,,,0,,,,,
HumanObservation,Arhopala horsfieldi Polyrhachis sp.,number associated ant genera,,1,count,single observation,,both,larva,,,,,,0,,,,,
HumanObservation,"Arhopala japonica Crematogaster osakensis, matsumurai, teranishii, Pristomyrmex punctatus, Pheidole noda, Temnothorax congruus, Tetramorium tsushimae, bicarinatum, Lasius japonicus, Formica japonica, Camponotus vitiosus, Polyrhachis moesta",obligate myrmecophile,,0,count,single observation,,both,larva,,,,,,0,,,,,
HumanObservation,"Arhopala japonica Crematogaster osakensis, matsumurai, teranishii, Pristomyrmex punctatus, Pheidole noda, Temnothorax congruus, Tetramorium tsushimae, bicarinatum, Lasius japonicus, Formica japonica, Camponotus vitiosus, Polyrhachis moesta",number associated ant genera,,9,count,single observation,,both,larva,,,,,,0,,,,,
HumanObservation,Arhopala kiriwinii Oecophylla smaragdina,obligate myrmecophile,,1,count,single observation,,both,larva,,,,,,1,,,,,
HumanObservation,Arhopala kiriwinii Oecophylla smaragdina,number associated ant genera,,1,count,single observation,,both,larva,,,,,,1,,,,,
HumanObservation,Arhopala leander Oecophylla smaragdina,obligate myrmecophile,,1,count,single observation,,both,larva,,,,,,1,,,,,
HumanObservation,Arhopala leander Oecophylla smaragdina,number associated ant genera,,1,count,single observation,,both,larva,,,,,,1,,,,,
HumanObservation,Arhopala madytus Oecophylla smaragdina,obligate myrmecophile,,1,count,single observation,,both,larva,,,,,,1,,,,,
HumanObservation,Arhopala madytus Oecophylla smaragdina,number associated ant genera,,1,count,single observation,,both,larva,,,,,,1,,,,,
HumanObservation,"Arhopala major Camponotus sp., Dolichoderus nr. thoracicus, Crematogaster Technomyrmex sp.",obligate myrmecophile,,0,count,single observation,,both,larva,,,,,,0,,,,,
HumanObservation,"Arhopala major Camponotus sp., Dolichoderus nr. thoracicus, Crematogaster Technomyrmex sp.",number associated ant genera,,4,count,single observation,,both,larva,,,,,,0,,,,,
HumanObservation,"Arhopala metamuta Crematogaster difformis, Pheidole sp., Tetramorium Rhoptromyrmex wroughtonii, Cataulacus Tetraponera Technomyrmex Camponotus Anoplolepis gracilipes",obligate myrmecophile,,0,count,single observation,,both,larva,,,,,,0,,,,,
HumanObservation,"Arhopala metamuta Crematogaster difformis, Pheidole sp., Tetramorium Rhoptromyrmex wroughtonii, Cataulacus Tetraponera Technomyrmex Camponotus Anoplolepis gracilipes",number associated ant genera,,8,count,single observation,,both,larva,,,,,,0,,,,,
HumanObservation,Arhopala micale Oecophylla smaragdina,obligate myrmecophile,,1,count,single observation,,both,larva,,,,,,1,,,,,
HumanObservation,Arhopala micale Oecophylla smaragdina,number associated ant genera,,1,count,single observation,,both,larva,,,,,,1,,,,,
HumanObservation,Arhopala moolaiana Crematogaster borneensis,obligate myrmecophile,,1,count,single observation,,both,larva,,,,,,0,,,,,
HumanObservation,Arhopala moolaiana Crematogaster borneensis,number associated ant genera,,1,count,single observation,,both,larva,,,,,,0,,,,,
HumanObservation,"Arhopala muta Myrmicaria sp., Crematogaster Tapinoma Technomyrmex sp.",obligate myrmecophile,,0,count,single observation,,both,larva,,,,,,0,,,,,
HumanObservation,"Arhopala muta Myrmicaria sp., Crematogaster Tapinoma Technomyrmex sp.",number associated ant genera,,4,count,single observation,,both,larva,,,,,,0,,,,,
HumanObservation,Arhopala paramuta Polyrhachis vigilans,obligate myrmecophile,,0,count,single observation,,both,larva,,,,,,0,,,,,
HumanObservation,Arhopala paramuta Polyrhachis vigilans,number associated ant genera,,1,count,single observation,,both,larva,,,,,,0,,,,,
HumanObservation,Arhopala pseudocentaurus Oecophylla smaragdina,obligate myrmecophile,,1,count,single observation,,both,larva,,,,,,0,,,,,
HumanObservation,Arhopala pseudocentaurus Oecophylla smaragdina,number associated ant genera,,1,count,single observation,,both,larva,,,,,,0,,,,,
HumanObservation,Arhopala rama Tetramorium sp.,obligate myrmecophile,,0,count,single observation,,both,larva,,,,,,0,,,,,
HumanObservation,Arhopala rama Tetramorium sp.,number associated ant genera,,1,count,single observation,,both,larva,,,,,,0,,,,,
HumanObservation,Arhopala silhetensis Polyrhachis armata,obligate myrmecophile,,0,count,single observation,,both,larva,,,,,,0,,,,,
HumanObservation,Arhopala silhetensis Polyrhachis armata,number associated ant genera,,1,count,single observation,,both,larva,,,,,,0,,,,,
HumanObservation,Arhopala similis Myrmicaria sp.,obligate myrmecophile,,0,count,single observation,,both,larva,,,,,,0,,,,,
HumanObservation,Arhopala similis Myrmicaria sp.,number associated ant genera,,1,count,single observation,,both,larva,,,,,,0,,,,,
HumanObservation,"Arhopala thamyras Crematogaster sp., Oecophylla smaragdina",obligate myrmecophile,,0,count,single observation,,both,larva,,,,,,1,,,,,
HumanObservation,"Arhopala thamyras Crematogaster sp., Oecophylla smaragdina",number associated ant genera,,2,count,single observation,,both,larva,,,,,,1,,,,,
HumanObservation,Arhopala wildei Polyrhachis queenslandica,obligate myrmecophile,,1,count,single observation,,both,larva,,,,,,1,,,,,
HumanObservation,Arhopala wildei Polyrhachis queenslandica,number associated ant genera,,1,count,single observation,,both,larva,,,,,,1,,,,,
HumanObservation,Arhopala zylda Crematogaster decamera,obligate myrmecophile,,1,count,single observation,,both,larva,,,,,,0,,,,,
HumanObservation,Arhopala zylda Crematogaster decamera,number associated ant genera,,1,count,single observation,,both,larva,,,,,,0,,,,,
HumanObservation,"Aricia agestis Myrmica sabuleti, Lasius alienus, flavus",obligate myrmecophile,,0,count,single observation,,both,larva,,,,,,0,,,,,
HumanObservation,"Aricia agestis Myrmica sabuleti, Lasius alienus, flavus",number associated ant genera,,2,count,single observation,,both,larva,,,,,,0,,,,,
HumanObservation,"Aricia artaxerxes Lasius sp., Formica selysi",obligate myrmecophile,,0,count,single observation,,both,larva,,,,,,0,,,,,
HumanObservation,"Aricia artaxerxes Lasius sp., Formica selysi",number associated ant genera,,2,count,single observation,,both,larva,,,,,,0,,,,,
HumanObservation,Aricia cramera Tapinoma sp.,obligate myrmecophile,,0,count,single observation,,both,larva,,,,,,0,,,,,
HumanObservation,Aricia cramera Tapinoma sp.,number associated ant genera,,1,count,single observation,,both,larva,,,,,,0,,,,,
HumanObservation,Aricia montensis Camponotus sp.,obligate myrmecophile,,0,count,single observation,,both,larva,,,,,,0,,,,,
HumanObservation,Aricia montensis Camponotus sp.,number associated ant genera,,1,count,single observation,,both,larva,,,,,,0,,,,,
HumanObservation,"Aricia morronensis Crematogaster auberti, Tapinoma erraticum, Lasius niger, grandis, paralienus, nigerrimum, Proformica longiseta",obligate myrmecophile,,0,count,single observation,,both,larva,,,,,,0,,,,,
HumanObservation,"Aricia morronensis Crematogaster auberti, Tapinoma erraticum, Lasius niger, grandis, paralienus, nigerrimum, Proformica longiseta",number associated ant genera,,4,count,single observation,,both,larva,,,,,,0,,,,,
HumanObservation,"Artopoetes pryeri Crematogaster brunnea teranishii, Temnothorax congruus, Dolichoderus sibiricus, Lasius sakagamii, Camponotus tokioensis, Nylanderia flavipes",obligate myrmecophile,,0,count,single observation,,both,larva,,,,,,0,,,,,
HumanObservation,"Artopoetes pryeri Crematogaster brunnea teranishii, Temnothorax congruus, Dolichoderus sibiricus, Lasius sakagamii, Camponotus tokioensis, Nylanderia flavipes",number associated ant genera,,6,count,single observation,,both,larva,,,,,,0,,,,,
HumanObservation,"Axiocerses amanga Camponotus niveosetosus, Pheidole sp.",obligate myrmecophile,,0,count,single observation,,both,larva,,,,,,0,,,,,
HumanObservation,"Axiocerses amanga Camponotus niveosetosus, Pheidole sp.",number associated ant genera,,2,count,single observation,,both,larva,,,,,,0,,,,,
HumanObservation,"Axiocerses harpax Crematogaster sp., Pheidole sp.",obligate myrmecophile,,1,count,single observation,,both,larva,,,,,,0,,,,,
HumanObservation,"Axiocerses harpax Crematogaster sp., Pheidole sp.",number associated ant genera,,2,count,single observation,,both,larva,,,,,,0,,,,,
HumanObservation,Axiocerses karinae Crematogaster sp.,obligate myrmecophile,,1,count,single observation,,both,larva,,,,,,0,,,,,
HumanObservation,Axiocerses karinae Crematogaster sp.,number associated ant genera,,1,count,single observation,,both,larva,,,,,,0,,,,,
HumanObservation,Axiocerses susanae Pheidole megacephala,obligate myrmecophile,,1,count,single observation,,both,larva,,,,,,0,,,,,
HumanObservation,Axiocerses susanae Pheidole megacephala,number associated ant genera,,1,count,single observation,,both,larva,,,,,,0,,,,,
HumanObservation,Azanus jesous Camponotus sp.,obligate myrmecophile,,0,count,single observation,,both,larva,,,,,,0,,,,,
HumanObservation,Azanus jesous Camponotus sp.,number associated ant genera,,1,count,single observation,,both,larva,,,,,,0,,,,,
HumanObservation,"Azanus natalensis Cataulacus striativentris , Technomyrmex ilgi",obligate myrmecophile,,0,count,single observation,,both,larva,,,,,,0,,,,,
HumanObservation,"Azanus natalensis Cataulacus striativentris , Technomyrmex ilgi",number associated ant genera,,2,count,single observation,,both,larva,,,,,,0,,,,,
HumanObservation,"Azanus ubaldus Camponotus sp., Prenolepis sp.",obligate myrmecophile,,0,count,single observation,,both,larva,,,,,,0,,,,,
HumanObservation,"Azanus ubaldus Camponotus sp., Prenolepis sp.",number associated ant genera,,2,count,single observation,,both,larva,,,,,,0,,,,,
HumanObservation,"Brephidium exilis Dorymyrmex insanus, Linepithema humile",obligate myrmecophile,,0,count,single observation,,both,larva,,,,,,0,,,,,
HumanObservation,"Brephidium exilis Dorymyrmex insanus, Linepithema humile",number associated ant genera,,2,count,single observation,,both,larva,,,,,,0,,,,,
HumanObservation,Brephidium isophthalma Tapinoma sessile,obligate myrmecophile,,0,count,single observation,,both,larva,,,,,,0,,,,,
HumanObservation,Brephidium isophthalma Tapinoma sessile,number associated ant genera,,1,count,single observation,,both,larva,,,,,,0,,,,,
HumanObservation,"Cacyreus marshalli Linepithema humile, Plagiolepis pygmaea",obligate myrmecophile,,0,count,single observation,,both,larva,,,,,,0,,,,,
HumanObservation,"Cacyreus marshalli Linepithema humile, Plagiolepis pygmaea",number associated ant genera,,2,count,single observation,,both,larva,,,,,,0,,,,,
HumanObservation,"Callophrys henrici Crematogaster lineolata, Formica dolosa, Lasius neoniger, Tetramorium caespitum, Tapinoma sessile",obligate myrmecophile,,0,count,single observation,,both,larva,,,,,,0,,,,,
HumanObservation,"Callophrys henrici Crematogaster lineolata, Formica dolosa, Lasius neoniger, Tetramorium caespitum, Tapinoma sessile",number associated ant genera,,5,count,single observation,,both,larva,,,,,,0,,,,,
HumanObservation,"Callophrys irus Crematogaster cerasi, lineolata, Pheidole dentata, Solenopsis invicta, Tetramorium caespitum, Dorymyrmex grandulus, Formica dolosa, Lasius neoniger, Tapinoma sessile",obligate myrmecophile,,0,count,single observation,,both,larva,,,,,,0,,,,,
HumanObservation,"Callophrys irus Crematogaster cerasi, lineolata, Pheidole dentata, Solenopsis invicta, Tetramorium caespitum, Dorymyrmex grandulus, Formica dolosa, Lasius neoniger, Tapinoma sessile",number associated ant genera,,8,count,single observation,,both,larva,,,,,,0,,,,,
HumanObservation,"Candalides absimilis Crematogaster sp., Pheidole megacephala, Polyrhachis australis, Technomyrmex nr. albipes, Iridomyrmex sp.",obligate myrmecophile,,0,count,single observation,,both,larva,,,,,,1,,,,,
HumanObservation,"Candalides absimilis Crematogaster sp., Pheidole megacephala, Polyrhachis australis, Technomyrmex nr. albipes, Iridomyrmex sp.",number associated ant genera,,5,count,single observation,,both,larva,,,,,,1,,,,,
HumanObservation,Candalides gilberti Crematogaster sp.,obligate myrmecophile,,0,count,single observation,,both,larva,,,,,,1,,,,,
HumanObservation,Candalides gilberti Crematogaster sp.,number associated ant genera,,1,count,single observation,,both,larva,,,,,,1,,,,,
HumanObservation,Candalides heathi Iridomyrmex nr. gracilis,obligate myrmecophile,,0,count,single observation,,both,larva,,,,,,1,,,,,
HumanObservation,Candalides heathi Iridomyrmex nr. gracilis,number associated ant genera,,1,count,single observation,,both,larva,,,,,,1,,,,,
HumanObservation,Candalides hyacinthinus Ochetellus sp.,obligate myrmecophile,,0,count,single observation,,both,larva,,,,,,1,,,,,
HumanObservation,Candalides hyacinthinus Ochetellus sp.,number associated ant genera,,1,count,single observation,,both,larva,,,,,,1,,,,,
HumanObservation,Candalides margarita Technomyrmex sophiae,obligate myrmecophile,,0,count,single observation,,both,larva,,,,,,1,,,,,
HumanObservation,Candalides margarita Technomyrmex sophiae,number associated ant genera,,1,count,single observation,,both,larva,,,,,,1,,,,,
HumanObservation,"Castalius rosimon Prenolepis sp., Anoplolepis gracilipes, Crematogaster subnuda, Technomyrmex Monomorium Pheidole sp.",obligate myrmecophile,,0,count,single observation,,both,larva,,,,,,0,,,,,
HumanObservation,"Castalius rosimon Prenolepis sp., Anoplolepis gracilipes, Crematogaster subnuda, Technomyrmex Monomorium Pheidole sp.",number associated ant genera,,6,count,single observation,,both,larva,,,,,,0,,,,,
HumanObservation,"Catapaecilma major Crematogaster sp., rogenhoferi",obligate myrmecophile,,1,count,single observation,,both,larva,,,,,,0,,,,,
HumanObservation,"Catapaecilma major Crematogaster sp., rogenhoferi",number associated ant genera,,1,count,single observation,,both,larva,,,,,,0,,,,,
HumanObservation,Catochrysops panormus Dolichoderus thoracicus,obligate myrmecophile,,0,count,single observation,,both,larva,,,,,,1,,,,,
HumanObservation,Catochrysops panormus Dolichoderus thoracicus,number associated ant genera,,1,count,single observation,,both,larva,,,,,,1,,,,,
HumanObservation,Catochrysops strabo Camponotus sp.,obligate myrmecophile,,0,count,single observation,,both,larva,,,,,,1,,,,,
HumanObservation,Catochrysops strabo Camponotus sp.,number associated ant genera,,1,count,single observation,,both,larva,,,,,,1,,,,,
HumanObservation,Catopyrops ancyra Crematogaster sp.,obligate myrmecophile,,0,count,single observation,,both,larva,,,,,,0,,,,,
HumanObservation,Catopyrops ancyra Crematogaster sp.,number associated ant genera,,1,count,single observation,,both,larva,,,,,,0,,,,,
HumanObservation,"Catopyrops florinda Polyrhachis ornata, Crematogaster sp., Tetramorium bicarinatum, Technomyrmex nr. albipes, Iridomyrmex australis, Paratrechina sp.",obligate myrmecophile,,0,count,single observation,,both,larva,,,,,,1,,,,,
HumanObservation,"Catopyrops florinda Polyrhachis ornata, Crematogaster sp., Tetramorium bicarinatum, Technomyrmex nr. albipes, Iridomyrmex australis, Paratrechina sp.",number associated ant genera,,6,count,single observation,,both,larva,,,,,,1,,,,,
HumanObservation,"Celastrina argiolus Myrmica sp., Camponotus japonicus, Formica truncorum, fusca, Lasius niger, fuliginosus, brunneus",obligate myrmecophile,,0,count,single observation,,both,larva,,,,,,0,,,,,
HumanObservation,"Celastrina argiolus Myrmica sp., Camponotus japonicus, Formica truncorum, fusca, Lasius niger, fuliginosus, brunneus",number associated ant genera,,4,count,single observation,,both,larva,,,,,,0,,,,,
HumanObservation,"Celastrina humulus Formica sp., Camponotus herculeanus, Myrmica rugosa, Pogonomyrmex occidentalis, Tapinoma sessile",obligate myrmecophile,,0,count,single observation,,both,larva,,,,,,0,,,,,
HumanObservation,"Celastrina humulus Formica sp., Camponotus herculeanus, Myrmica rugosa, Pogonomyrmex occidentalis, Tapinoma sessile",number associated ant genera,,5,count,single observation,,both,larva,,,,,,0,,,,,
HumanObservation,"Celastrina ladon Crematogaster lineolata, Camponotus nearcticus, Formica subsericea, F. podzolica, Lasius alienus, Tapinoma sessile",obligate myrmecophile,,0,count,single observation,,both,larva,,,,,,0,,,,,
HumanObservation,"Celastrina ladon Crematogaster lineolata, Camponotus nearcticus, Formica subsericea, F. podzolica, Lasius alienus, Tapinoma sessile",number associated ant genera,,5,count,single observation,,both,larva,,,,,,0,,,,,
HumanObservation,"Chilades lajus Camponotus compressus, nicobarensis, Polyrhachis sp.",obligate myrmecophile,,0,count,single observation,,both,larva,,,,,,0,,,,,
HumanObservation,"Chilades lajus Camponotus compressus, nicobarensis, Polyrhachis sp.",number associated ant genera,,3,count,single observation,,both,larva,,,,,,0,,,,,
HumanObservation,Chilades parrhasius Camponotus sericeus,obligate myrmecophile,,0,count,single observation,,both,larva,,,,,,0,,,,,
HumanObservation,Chilades parrhasius Camponotus sericeus,number associated ant genera,,1,count,single observation,,both,larva,,,,,,0,,,,,
HumanObservation,Chloroselas pseudozeritis Crematogaster gerstaeckeri,obligate myrmecophile,,1,count,single observation,,both,larva,,,,,,0,,,,,
HumanObservation,Chloroselas pseudozeritis Crematogaster gerstaeckeri,number associated ant genera,,1,count,single observation,,both,larva,,,,,,0,,,,,
HumanObservation,Chrysoritis adonis Crematogaster liengmei,obligate myrmecophile,,1,count,single observation,,both,larva,,,,,,0,,,,,
HumanObservation,Chrysoritis adonis Crematogaster liengmei,number associated ant genera,,1,count,single observation,,both,larva,,,,,,0,,,,,
HumanObservation,Chrysoritis aethon Crematogaster liengmei,obligate myrmecophile,,1,count,single observation,,both,larva,,,,,,0,,,,,
HumanObservation,Chrysoritis aethon Crematogaster liengmei,number associated ant genera,,1,count,single observation,,both,larva,,,,,,0,,,,,
HumanObservation,Chrysoritis aridus Crematogaster melanogaster,obligate myrmecophile,,1,count,single observation,,both,larva,,,,,,0,,,,,
HumanObservation,Chrysoritis aridus Crematogaster melanogaster,number associated ant genera,,1,count,single observation,,both,larva,,,,,,0,,,,,
HumanObservation,Chrysoritis atlantica Crematogaster nr. liengmei,obligate myrmecophile,,1,count,single observation,,both,larva,,,,,,0,,,,,
HumanObservation,Chrysoritis atlantica Crematogaster nr. liengmei,number associated ant genera,,1,count,single observation,,both,larva,,,,,,0,,,,,
HumanObservation,Chrysoritis aureus Crematogaster liengmei,obligate myrmecophile,,1,count,single observation,,both,larva,,,,,,0,,,,,
HumanObservation,Chrysoritis aureus Crematogaster liengmei,number associated ant genera,,1,count,single observation,,both,larva,,,,,,0,,,,,
HumanObservation,Chrysoritis azurius Crematogaster peringueyi,obligate myrmecophile,,1,count,single observation,,both,larva,,,,,,0,,,,,
HumanObservation,Chrysoritis azurius Crematogaster peringueyi,number associated ant genera,,1,count,single observation,,both,larva,,,,,,0,,,,,
HumanObservation,Chrysoritis beaufortius Crematogaster peringueyi,obligate myrmecophile,,1,count,single observation,,both,larva,,,,,,0,,,,,
HumanObservation,Chrysoritis beaufortius Crematogaster peringueyi,number associated ant genera,,1,count,single observation,,both,larva,,,,,,0,,,,,
HumanObservation,Chrysoritis blencathrae Crematogaster liengmei,obligate myrmecophile,,1,count,single observation,,both,larva,,,,,,0,,,,,
HumanObservation,Chrysoritis blencathrae Crematogaster liengmei,number associated ant genera,,1,count,single observation,,both,larva,,,,,,0,,,,,
HumanObservation,Chrysoritis braueri Crematogaster peringueyi,obligate myrmecophile,,1,count,single observation,,both,larva,,,,,,0,,,,,
HumanObservation,Chrysoritis braueri Crematogaster peringueyi,number associated ant genera,,1,count,single observation,,both,larva,,,,,,0,,,,,
HumanObservation,"Chrysoritis brooksi Crematogaster peringueyi, sp.",obligate myrmecophile,,1,count,single observation,,both,larva,,,,,,0,,,,,
HumanObservation,"Chrysoritis brooksi Crematogaster peringueyi, sp.",number associated ant genera,,1,count,single observation,,both,larva,,,,,,0,,,,,
HumanObservation,Chrysoritis chrysantas Crematogaster melanogaster,obligate myrmecophile,,1,count,single observation,,both,larva,,,,,,0,,,,,
HumanObservation,Chrysoritis chrysantas Crematogaster melanogaster,number associated ant genera,,1,count,single observation,,both,larva,,,,,,0,,,,,
HumanObservation,Chrysoritis chrysaor Crematogaster liengmei,obligate myrmecophile,,1,count,single observation,,both,larva,,,,,,0,,,,,
HumanObservation,Chrysoritis chrysaor Crematogaster liengmei,number associated ant genera,,1,count,single observation,,both,larva,,,,,,0,,,,,
HumanObservation,Chrysoritis daphne Crematogaster liengmei,obligate myrmecophile,,1,count,single observation,,both,larva,,,,,,0,,,,,
HumanObservation,Chrysoritis daphne Crematogaster liengmei,number associated ant genera,,1,count,single observation,,both,larva,,,,,,0,,,,,
HumanObservation,Chrysoritis dicksoni Crematogaster peringueyi,obligate myrmecophile,,1,count,single observation,,both,larva,,,,,,0,,,,,
HumanObservation,Chrysoritis dicksoni Crematogaster peringueyi,number associated ant genera,,1,count,single observation,,both,larva,,,,,,0,,,,,
HumanObservation,Chrysoritis endymion Crematogaster peringueyi,obligate myrmecophile,,1,count,single observation,,both,larva,,,,,,0,,,,,
HumanObservation,Chrysoritis endymion Crematogaster peringueyi,number associated ant genera,,1,count,single observation,,both,larva,,,,,,0,,,,,
HumanObservation,Chrysoritis felthami Crematogaster peringueyi,obligate myrmecophile,,1,count,single observation,,both,larva,,,,,,0,,,,,
HumanObservation,Chrysoritis felthami Crematogaster peringueyi,number associated ant genera,,1,count,single observation,,both,larva,,,,,,0,,,,,
HumanObservation,Chrysoritis lycegenes Crematogaster liengmei,obligate myrmecophile,,1,count,single observation,,both,larva,,,,,,0,,,,,
HumanObservation,Chrysoritis lycegenes Crematogaster liengmei,number associated ant genera,,1,count,single observation,,both,larva,,,,,,0,,,,,
HumanObservation,Chrysoritis lyncurium Crematogaster liengmei,obligate myrmecophile,,1,count,single observation,,both,larva,,,,,,0,,,,,
HumanObservation,Chrysoritis lyncurium Crematogaster liengmei,number associated ant genera,,1,count,single observation,,both,larva,,,,,,0,,,,,
HumanObservation,Chrysoritis lyndseyae Crematogaster peringueyi,obligate myrmecophile,,1,count,single observation,,both,larva,,,,,,0,,,,,
HumanObservation,Chrysoritis lyndseyae Crematogaster peringueyi,number associated ant genera,,1,count,single observation,,both,larva,,,,,,0,,,,,
HumanObservation,Chrysoritis midas Crematogaster peringueyi,obligate myrmecophile,,1,count,single observation,,both,larva,,,,,,0,,,,,
HumanObservation,Chrysoritis midas Crematogaster peringueyi,number associated ant genera,,1,count,single observation,,both,larva,,,,,,0,,,,,
HumanObservation,Chrysoritis natalensis Crematogaster liengmei,obligate myrmecophile,,1,count,single observation,,both,larva,,,,,,0,,,,,
HumanObservation,Chrysoritis natalensis Crematogaster liengmei,number associated ant genera,,1,count,single observation,,both,larva,,,,,,0,,,,,
HumanObservation,Chrysoritis nigricans Crematogaster liengmei,obligate myrmecophile,,1,count,single observation,,both,larva,,,,,,0,,,,,
HumanObservation,Chrysoritis nigricans Crematogaster liengmei,number associated ant genera,,1,count,single observation,,both,larva,,,,,,0,,,,,
HumanObservation,Chrysoritis oreas Myrmicaria nr. nigra,obligate myrmecophile,,1,count,single observation,,both,larva,,,,,,0,,,,,
HumanObservation,Chrysoritis oreas Myrmicaria nr. nigra,number associated ant genera,,1,count,single observation,,both,larva,,,,,,0,,,,,
HumanObservation,Chrysoritis orientalis Crematogaster liengmei,obligate myrmecophile,,1,count,single observation,,both,larva,,,,,,0,,,,,
HumanObservation,Chrysoritis orientalis Crematogaster liengmei,number associated ant genera,,1,count,single observation,,both,larva,,,,,,0,,,,,
HumanObservation,Chrysoritis palmus Crematogaster peringueyi,obligate myrmecophile,,1,count,single observation,,both,larva,,,,,,0,,,,,
HumanObservation,Chrysoritis palmus Crematogaster peringueyi,number associated ant genera,,1,count,single observation,,both,larva,,,,,,0,,,,,
HumanObservation,"Chrysoritis pan Crematogaster liengmei, peringueyi",obligate myrmecophile,,1,count,single observation,,both,larva,,,,,,0,,,,,
HumanObservation,"Chrysoritis pan Crematogaster liengmei, peringueyi",number associated ant genera,,1,count,single observation,,both,larva,,,,,,0,,,,,
HumanObservation,Chrysoritis penningtoni Crematogaster sp.,obligate myrmecophile,,1,count,single observation,,both,larva,,,,,,0,,,,,
HumanObservation,Chrysoritis penningtoni Crematogaster sp.,number associated ant genera,,1,count,single observation,,both,larva,,,,,,0,,,,,
HumanObservation,"Chrysoritis perseus Crematogaster melanogaster, peringueyi",obligate myrmecophile,,1,count,single observation,,both,larva,,,,,,0,,,,,
HumanObservation,"Chrysoritis perseus Crematogaster melanogaster, peringueyi",number associated ant genera,,1,count,single observation,,both,larva,,,,,,0,,,,,
HumanObservation,Chrysoritis plutus Crematogaster peringueyi,obligate myrmecophile,,1,count,single observation,,both,larva,,,,,,0,,,,,
HumanObservation,Chrysoritis plutus Crematogaster peringueyi,number associated ant genera,,1,count,single observation,,both,larva,,,,,,0,,,,,
HumanObservation,Chrysoritis pyramus Crematogaster peringueyi,obligate myrmecophile,,1,count,single observation,,both,larva,,,,,,0,,,,,
HumanObservation,Chrysoritis pyramus Crematogaster peringueyi,number associated ant genera,,1,count,single observation,,both,larva,,,,,,0,,,,,
HumanObservation,Chrysoritis pyroeis Myrmicaria nigra,obligate myrmecophile,,1,count,single observation,,both,larva,,,,,,0,,,,,
HumanObservation,Chrysoritis pyroeis Myrmicaria nigra,number associated ant genera,,1,count,single observation,,both,larva,,,,,,0,,,,,
HumanObservation,Chrysoritis rileyi Crematogaster peringueyi,obligate myrmecophile,,1,count,single observation,,both,larva,,,,,,0,,,,,
HumanObservation,Chrysoritis rileyi Crematogaster peringueyi,number associated ant genera,,1,count,single observation,,both,larva,,,,,,0,,,,,
HumanObservation,Chrysoritis swanepoeli Crematogaster liengmei,obligate myrmecophile,,1,count,single observation,,both,larva,,,,,,0,,,,,
HumanObservation,Chrysoritis swanepoeli Crematogaster liengmei,number associated ant genera,,1,count,single observation,,both,larva,,,,,,0,,,,,
HumanObservation,"Chrysoritis thysbe Crematogaster peringueyi, capensis",obligate myrmecophile,,1,count,single observation,,both,larva,,,,,,0,,,,,
HumanObservation,"Chrysoritis thysbe Crematogaster peringueyi, capensis",number associated ant genera,,1,count,single observation,,both,larva,,,,,,0,,,,,
HumanObservation,Chrysoritis trimeni Crematogaster peringueyi,obligate myrmecophile,,1,count,single observation,,both,larva,,,,,,0,,,,,
HumanObservation,Chrysoritis trimeni Crematogaster peringueyi,number associated ant genera,,1,count,single observation,,both,larva,,,,,,0,,,,,
HumanObservation,Chrysoritis turneri Crematogaster liengmei,obligate myrmecophile,,1,count,single observation,,both,larva,,,,,,0,,,,,
HumanObservation,Chrysoritis turneri Crematogaster liengmei,number associated ant genera,,1,count,single observation,,both,larva,,,,,,0,,,,,
HumanObservation,Chrysoritis uranus Crematogaster liengmei,obligate myrmecophile,,1,count,single observation,,both,larva,,,,,,0,,,,,
HumanObservation,Chrysoritis uranus Crematogaster liengmei,number associated ant genera,,1,count,single observation,,both,larva,,,,,,0,,,,,
HumanObservation,Chrysoritis violescens Crematogaster peringueyi,obligate myrmecophile,,1,count,single observation,,both,larva,,,,,,0,,,,,
HumanObservation,Chrysoritis violescens Crematogaster peringueyi,number associated ant genera,,1,count,single observation,,both,larva,,,,,,0,,,,,
HumanObservation,Chrysoritis williami Crematogaster sp.,obligate myrmecophile,,1,count,single observation,,both,larva,,,,,,0,,,,,
HumanObservation,Chrysoritis williami Crematogaster sp.,number associated ant genera,,1,count,single observation,,both,larva,,,,,,0,,,,,
HumanObservation,Chrysoritis zeuxo Crematogaster liengmei,obligate myrmecophile,,1,count,single observation,,both,larva,,,,,,0,,,,,
HumanObservation,Chrysoritis zeuxo Crematogaster liengmei,number associated ant genera,,1,count,single observation,,both,larva,,,,,,0,,,,,
HumanObservation,Chrysoritis zonarius Crematogaster peringueyi,obligate myrmecophile,,1,count,single observation,,both,larva,,,,,,0,,,,,
HumanObservation,Chrysoritis zonarius Crematogaster peringueyi,number associated ant genera,,1,count,single observation,,both,larva,,,,,,0,,,,,
HumanObservation,Cigaritis acamas Crematogaster jehovae,obligate myrmecophile,,1,count,single observation,,both,larva,,,,,,0,,,,,
HumanObservation,Cigaritis acamas Crematogaster jehovae,number associated ant genera,,1,count,single observation,,both,larva,,,,,,0,,,,,
HumanObservation,"Cigaritis allardi Crematogaster auberti, C. antaris, scutellaris",obligate myrmecophile,,0,count,single observation,,both,larva,,,,,,0,,,,,
HumanObservation,"Cigaritis allardi Crematogaster auberti, C. antaris, scutellaris",number associated ant genera,,1,count,single observation,,both,larva,,,,,,0,,,,,
HumanObservation,Cigaritis avriko Pheidole sp.,obligate myrmecophile,,1,count,single observation,,both,larva,,,,,,0,,,,,
HumanObservation,Cigaritis avriko Pheidole sp.,number associated ant genera,,1,count,single observation,,both,larva,,,,,,0,,,,,
HumanObservation,Cigaritis cilissa Crematogaster sp.,obligate myrmecophile,,1,count,single observation,,both,larva,,,,,,0,,,,,
HumanObservation,Cigaritis cilissa Crematogaster sp.,number associated ant genera,,1,count,single observation,,both,larva,,,,,,0,,,,,
HumanObservation,Cigaritis elima Crematogaster sp.,obligate myrmecophile,,1,count,single observation,,both,larva,,,,,,0,,,,,
HumanObservation,Cigaritis elima Crematogaster sp.,number associated ant genera,,1,count,single observation,,both,larva,,,,,,0,,,,,
HumanObservation,"Cigaritis ella Crematogaster castanea, Pheidole sp.",obligate myrmecophile,,1,count,single observation,,both,larva,,,,,,0,,,,,
HumanObservation,"Cigaritis ella Crematogaster castanea, Pheidole sp.",number associated ant genera,,2,count,single observation,,both,larva,,,,,,0,,,,,
HumanObservation,Cigaritis greeni Crematogaster rothneyi,obligate myrmecophile,,1,count,single observation,,both,larva,,,,,,0,,,,,
HumanObservation,Cigaritis greeni Crematogaster rothneyi,number associated ant genera,,1,count,single observation,,both,larva,,,,,,0,,,,,
HumanObservation,Cigaritis ictis Crematogaster sp.,obligate myrmecophile,,1,count,single observation,,both,larva,,,,,,0,,,,,
HumanObservation,Cigaritis ictis Crematogaster sp.,number associated ant genera,,1,count,single observation,,both,larva,,,,,,0,,,,,
HumanObservation,Cigaritis lilacinus Crematogaster hodgsoni,obligate myrmecophile,,1,count,single observation,,both,larva,,,,,,0,,,,,
HumanObservation,Cigaritis lilacinus Crematogaster hodgsoni,number associated ant genera,,1,count,single observation,,both,larva,,,,,,0,,,,,
HumanObservation,"Cigaritis lohita Crematogaster dohrni, rogenhoferi",obligate myrmecophile,,1,count,single observation,,both,larva,,,,,,0,,,,,
HumanObservation,"Cigaritis lohita Crematogaster dohrni, rogenhoferi",number associated ant genera,,1,count,single observation,,both,larva,,,,,,0,,,,,
HumanObservation,Cigaritis myrmecophila Crematogaster auberti,obligate myrmecophile,,1,count,single observation,,both,larva,,,,,,0,,,,,
HumanObservation,Cigaritis myrmecophila Crematogaster auberti,number associated ant genera,,1,count,single observation,,both,larva,,,,,,0,,,,,
HumanObservation,Cigaritis namaqua Crematogaster sp.,obligate myrmecophile,,1,count,single observation,,both,larva,,,,,,0,,,,,
HumanObservation,Cigaritis namaqua Crematogaster sp.,number associated ant genera,,1,count,single observation,,both,larva,,,,,,0,,,,,
HumanObservation,Cigaritis natalensis Crematogaster castanea,obligate myrmecophile,,1,count,single observation,,both,larva,,,,,,0,,,,,
HumanObservation,Cigaritis natalensis Crematogaster castanea,number associated ant genera,,1,count,single observation,,both,larva,,,,,,0,,,,,
HumanObservation,Cigaritis nyassae Crematogaster sp.,obligate myrmecophile,,1,count,single observation,,both,larva,,,,,,0,,,,,
HumanObservation,Cigaritis nyassae Crematogaster sp.,number associated ant genera,,1,count,single observation,,both,larva,,,,,,0,,,,,
HumanObservation,Cigaritis phanes Crematogaster castanea,obligate myrmecophile,,1,count,single observation,,both,larva,,,,,,0,,,,,
HumanObservation,Cigaritis phanes Crematogaster castanea,number associated ant genera,,1,count,single observation,,both,larva,,,,,,0,,,,,
HumanObservation,Cigaritis seliga Crematogaster nr. dohrni,obligate myrmecophile,,1,count,single observation,,both,larva,,,,,,0,,,,,
HumanObservation,Cigaritis seliga Crematogaster nr. dohrni,number associated ant genera,,1,count,single observation,,both,larva,,,,,,0,,,,,
HumanObservation,Cigaritis syama Crematogaster popohana,obligate myrmecophile,,1,count,single observation,,both,larva,,,,,,0,,,,,
HumanObservation,Cigaritis syama Crematogaster popohana,number associated ant genera,,1,count,single observation,,both,larva,,,,,,0,,,,,
HumanObservation,"Cigaritis takanonis Crematogaster laboriosa, C. matsumurai",obligate myrmecophile,,1,count,single observation,,both,larva,,,,,,0,,,,,
HumanObservation,"Cigaritis takanonis Crematogaster laboriosa, C. matsumurai",number associated ant genera,,1,count,single observation,,both,larva,,,,,,0,,,,,
HumanObservation,Cigaritis tavetensis Pheidole sp.,obligate myrmecophile,,1,count,single observation,,both,larva,,,,,,0,,,,,
HumanObservation,Cigaritis tavetensis Pheidole sp.,number associated ant genera,,1,count,single observation,,both,larva,,,,,,0,,,,,
HumanObservation,Cigaritis vulcanus Crematogaster brunnea,obligate myrmecophile,,1,count,single observation,,both,larva,,,,,,0,,,,,
HumanObservation,Cigaritis vulcanus Crematogaster brunnea,number associated ant genera,,1,count,single observation,,both,larva,,,,,,0,,,,,
HumanObservation,Cigaritis zohra Crematogaster laestrygon,obligate myrmecophile,,1,count,single observation,,both,larva,,,,,,0,,,,,
HumanObservation,Cigaritis zohra Crematogaster laestrygon,number associated ant genera,,1,count,single observation,,both,larva,,,,,,0,,,,,
HumanObservation,"Coreana raphaelis Lasius niger, spathepus, hayashii",obligate myrmecophile,,0,count,single observation,,both,larva,,,,,,0,,,,,
HumanObservation,"Coreana raphaelis Lasius niger, spathepus, hayashii",number associated ant genera,,1,count,single observation,,both,larva,,,,,,0,,,,,
HumanObservation,Crudaria capensis Anoplolepis steingroeveri,obligate myrmecophile,,1,count,single observation,,both,larva,,,,,,0,,,,,
HumanObservation,Crudaria capensis Anoplolepis steingroeveri,number associated ant genera,,1,count,single observation,,both,larva,,,,,,0,,,,,
HumanObservation,"Crudaria leroma Anoplolepis custodiens, steingroeveri",obligate myrmecophile,,1,count,single observation,,both,larva,,,,,,0,,,,,
HumanObservation,"Crudaria leroma Anoplolepis custodiens, steingroeveri",number associated ant genera,,1,count,single observation,,both,larva,,,,,,0,,,,,
HumanObservation,"Crudaria sp. ""TAS 6"" Anoplolepis steingroeveri",obligate myrmecophile,,1,count,single observation,,both,larva,,,,,,0,,,,,
HumanObservation,"Crudaria sp. ""TAS 6"" Anoplolepis steingroeveri",number associated ant genera,,1,count,single observation,,both,larva,,,,,,0,,,,,
HumanObservation,Crudaria wykehami Anoplolepis custodiens,obligate myrmecophile,,1,count,single observation,,both,larva,,,,,,0,,,,,
HumanObservation,Crudaria wykehami Anoplolepis custodiens,number associated ant genera,,1,count,single observation,,both,larva,,,,,,0,,,,,
HumanObservation,"Cupido alcetas Formica nr. cinerea, Tapinoma sp.",obligate myrmecophile,,0,count,single observation,,both,larva,,,,,,0,,,,,
HumanObservation,"Cupido alcetas Formica nr. cinerea, Tapinoma sp.",number associated ant genera,,2,count,single observation,,both,larva,,,,,,0,,,,,
HumanObservation,"Cupido amyntula Formica obscuripes, F. , Dorymyrmex bicolor, Lasius niger",obligate myrmecophile,,0,count,single observation,,both,larva,,,,,,0,,,,,
HumanObservation,"Cupido amyntula Formica obscuripes, F. , Dorymyrmex bicolor, Lasius niger",number associated ant genera,,3,count,single observation,,both,larva,,,,,,0,,,,,
HumanObservation,Cupido argiades Formica rufibarbis,obligate myrmecophile,,0,count,single observation,,both,larva,,,,,,0,,,,,
HumanObservation,Cupido argiades Formica rufibarbis,number associated ant genera,,1,count,single observation,,both,larva,,,,,,0,,,,,
HumanObservation,Cupido comyntas Lasius sp.,obligate myrmecophile,,0,count,single observation,,both,larva,,,,,,0,,,,,
HumanObservation,Cupido comyntas Lasius sp.,number associated ant genera,,1,count,single observation,,both,larva,,,,,,0,,,,,
HumanObservation,Cupido lacturnus Polyrhachis dives,obligate myrmecophile,,0,count,single observation,,both,larva,,,,,,1,,,,,
HumanObservation,Cupido lacturnus Polyrhachis dives,number associated ant genera,,1,count,single observation,,both,larva,,,,,,1,,,,,
HumanObservation,"Cupido lorquinii Tapinoma nigerrimum, Plagiolepis pygmaea, Crematogaster sp., auberti",obligate myrmecophile,,0,count,single observation,,both,larva,,,,,,0,,,,,
HumanObservation,"Cupido lorquinii Tapinoma nigerrimum, Plagiolepis pygmaea, Crematogaster sp., auberti",number associated ant genera,,3,count,single observation,,both,larva,,,,,,0,,,,,
HumanObservation,"Cupido minimus Lasius alienus, L. niger, Formica fusca, F. rufibarbis, Plagiolepis vindobonensis, pygmaea, Myrmica rubra, Camponotus piceus, sylvaticus",obligate myrmecophile,,0,count,single observation,,both,larva,,,,,,0,,,,,
HumanObservation,"Cupido minimus Lasius alienus, L. niger, Formica fusca, F. rufibarbis, Plagiolepis vindobonensis, pygmaea, Myrmica rubra, Camponotus piceus, sylvaticus",number associated ant genera,,5,count,single observation,,both,larva,,,,,,0,,,,,
HumanObservation,"Cupido osiris Lasius alienus, paralienus, Camponotus piceus, aethiops, dalmaticus, Formica selysi, rufibarbis, Plagiolepis pygmaea",obligate myrmecophile,,0,count,single observation,,both,larva,,,,,,0,,,,,
HumanObservation,"Cupido osiris Lasius alienus, paralienus, Camponotus piceus, aethiops, dalmaticus, Formica selysi, rufibarbis, Plagiolepis pygmaea",number associated ant genera,,4,count,single observation,,both,larva,,,,,,0,,,,,
HumanObservation,Curetis regula Anoplolepis gracilipes,obligate myrmecophile,,0,count,single observation,,both,larva,,,,,,0,,,,,
HumanObservation,Curetis regula Anoplolepis gracilipes,number associated ant genera,,1,count,single observation,,both,larva,,,,,,0,,,,,
HumanObservation,Curetis thetis Camponotus sp.,obligate myrmecophile,,0,count,single observation,,both,larva,,,,,,0,,,,,
HumanObservation,Curetis thetis Camponotus sp.,number associated ant genera,,1,count,single observation,,both,larva,,,,,,0,,,,,
HumanObservation,"Cyaniris helena Camponotus aethiops, C. vagus",obligate myrmecophile,,0,count,single observation,,both,larva,,,,,,0,,,,,
HumanObservation,"Cyaniris helena Camponotus aethiops, C. vagus",number associated ant genera,,1,count,single observation,,both,larva,,,,,,0,,,,,
HumanObservation,Cyaniris persephatta Lasius flavescens,obligate myrmecophile,,0,count,single observation,,both,larva,,,,,,0,,,,,
HumanObservation,Cyaniris persephatta Lasius flavescens,number associated ant genera,,1,count,single observation,,both,larva,,,,,,0,,,,,
HumanObservation,"Cyaniris semiargus Lasius niger, Camponotus aethiops, vagus",obligate myrmecophile,,0,count,single observation,,both,larva,,,,,,0,,,,,
HumanObservation,"Cyaniris semiargus Lasius niger, Camponotus aethiops, vagus",number associated ant genera,,2,count,single observation,,both,larva,,,,,,0,,,,,
HumanObservation,Cyclargus dominica Crematogaster sp.,obligate myrmecophile,,0,count,single observation,,both,larva,,,,,,0,,,,,
HumanObservation,Cyclargus dominica Crematogaster sp.,number associated ant genera,,1,count,single observation,,both,larva,,,,,,0,,,,,
HumanObservation,"Cyclargus thomasi Camponotus floridanus, planatus, Crematogaster ashmeadi, Forelius pruinosus, Tapinoma melanocephalum",obligate myrmecophile,,0,count,single observation,,both,larva,,,,,,0,,,,,
HumanObservation,"Cyclargus thomasi Camponotus floridanus, planatus, Crematogaster ashmeadi, Forelius pruinosus, Tapinoma melanocephalum",number associated ant genera,,4,count,single observation,,both,larva,,,,,,0,,,,,
HumanObservation,Dapidodigma demeter Oecophylla longinoda,obligate myrmecophile,,0,count,single observation,,both,larva,,,,,,0,,,,,
HumanObservation,Dapidodigma demeter Oecophylla longinoda,number associated ant genera,,1,count,single observation,,both,larva,,,,,,0,,,,,
HumanObservation,Deudorix antalus Crematogaster sp.,obligate myrmecophile,,0,count,single observation,,both,larva,,,,,,0,,,,,
HumanObservation,Deudorix antalus Crematogaster sp.,number associated ant genera,,1,count,single observation,,both,larva,,,,,,0,,,,,
HumanObservation,Deudorix democles Crematogaster sp.,obligate myrmecophile,,0,count,single observation,,both,larva,,,,,,1,,,,,
HumanObservation,Deudorix democles Crematogaster sp.,number associated ant genera,,1,count,single observation,,both,larva,,,,,,1,,,,,
HumanObservation,Deudorix dinochares Pheidole sp.,obligate myrmecophile,,0,count,single observation,,both,larva,,,,,,0,,,,,
HumanObservation,Deudorix dinochares Pheidole sp.,number associated ant genera,,1,count,single observation,,both,larva,,,,,,0,,,,,
HumanObservation,"Deudorix diovis Crematogaster sp., Pheidole megacephala, variabilis, Technomyrmex nr. albipes, Iridomyrmex Tetramorium Polyrhachis aurea, lydiae, Paratrechina Rhytidoponera metallica",obligate myrmecophile,,0,count,single observation,,both,larva,,,,,,1,,,,,
HumanObservation,"Deudorix diovis Crematogaster sp., Pheidole megacephala, variabilis, Technomyrmex nr. albipes, Iridomyrmex Tetramorium Polyrhachis aurea, lydiae, Paratrechina Rhytidoponera metallica",number associated ant genera,,8,count,single observation,,both,larva,,,,,,1,,,,,
HumanObservation,Deudorix ecaudata Pheidole sp.,obligate myrmecophile,,0,count,single observation,,both,larva,,,,,,0,,,,,
HumanObservation,Deudorix ecaudata Pheidole sp.,number associated ant genera,,1,count,single observation,,both,larva,,,,,,0,,,,,
HumanObservation,"Deudorix isocrates Camponotus compressus, parius, Paratrechina longicornis, Myrmicaria brunnea, Pheidole sp., Monomorium Lophomyrmex quadrispinosus",obligate myrmecophile,,0,count,single observation,,both,larva,,,,,,0,,,,,
HumanObservation,"Deudorix isocrates Camponotus compressus, parius, Paratrechina longicornis, Myrmicaria brunnea, Pheidole sp., Monomorium Lophomyrmex quadrispinosus",number associated ant genera,,6,count,single observation,,both,larva,,,,,,0,,,,,
HumanObservation,Deudorix kessuma Technomyrmex sp.,obligate myrmecophile,,0,count,single observation,,both,larva,,,,,,0,,,,,
HumanObservation,Deudorix kessuma Technomyrmex sp.,number associated ant genera,,1,count,single observation,,both,larva,,,,,,0,,,,,
HumanObservation,"Deudorix smilis Oecophylla smaragdina, Crematogaster sp.",obligate myrmecophile,,0,count,single observation,,both,larva,,,,,,1,,,,,
HumanObservation,"Deudorix smilis Oecophylla smaragdina, Crematogaster sp.",number associated ant genera,,2,count,single observation,,both,larva,,,,,,1,,,,,
HumanObservation,Deudorix suk Pheidole sp.,obligate myrmecophile,,0,count,single observation,,both,larva,,,,,,0,,,,,
HumanObservation,Deudorix suk Pheidole sp.,number associated ant genera,,1,count,single observation,,both,larva,,,,,,0,,,,,
HumanObservation,Deudorix vansomereni Pheidole sp.,obligate myrmecophile,,0,count,single observation,,both,larva,,,,,,0,,,,,
HumanObservation,Deudorix vansomereni Pheidole sp.,number associated ant genera,,1,count,single observation,,both,larva,,,,,,0,,,,,
HumanObservation,Drupadia niasica Crematogaster difformis,obligate myrmecophile,,1,count,single observation,,both,larva,,,,,,0,,,,,
HumanObservation,Drupadia niasica Crematogaster difformis,number associated ant genera,,1,count,single observation,,both,larva,,,,,,0,,,,,
HumanObservation,"Drupadia ravindra Tetramorium sp., Rhoptromyrmex wroughtonii , Crematogaster difformis, Pheidole Acanthomyrmex Myrmicaria Technomyrmex Tapinoma Paratrechina sp.",obligate myrmecophile,,0,count,single observation,,both,larva,,,,,,0,,,,,
HumanObservation,"Drupadia ravindra Tetramorium sp., Rhoptromyrmex wroughtonii , Crematogaster difformis, Pheidole Acanthomyrmex Myrmicaria Technomyrmex Tapinoma Paratrechina sp.",number associated ant genera,,8,count,single observation,,both,larva,,,,,,0,,,,,
HumanObservation,"Drupadia theda Crematogaster difformis, modiglianii, Camponotus sp.",obligate myrmecophile,,1,count,single observation,,both,larva,,,,,,0,,,,,
HumanObservation,"Drupadia theda Crematogaster difformis, modiglianii, Camponotus sp.",number associated ant genera,,1,count,single observation,,both,larva,,,,,,0,,,,,
HumanObservation,"Echinargus isola Dorymyrmex nr. insanus , Forelius mccooki Formica perpilosa, Camponotus festinatus, Myrmecocystus mimicus, mexicanus, Crematogaster opuntiae, Tetramorium hispidum, Pheidole hyatti, Solenopsis xyloni, Monomorium sp.",obligate myrmecophile,,0,count,single observation,,both,larva,,,,,,0,,,,,
HumanObservation,"Echinargus isola Dorymyrmex nr. insanus , Forelius mccooki Formica perpilosa, Camponotus festinatus, Myrmecocystus mimicus, mexicanus, Crematogaster opuntiae, Tetramorium hispidum, Pheidole hyatti, Solenopsis xyloni, Monomorium sp.",number associated ant genera,,10,count,single observation,,both,larva,,,,,,0,,,,,
HumanObservation,"Eooxylides tharis Anoplolepis gracilipes, Polyrhachis sp., Camponotus Crematogaster Meranoplus mucronatus, Dolichoderus Oecophylla smaragdina",obligate myrmecophile,,0,count,single observation,,both,larva,,,,,,0,,,,,
HumanObservation,"Eooxylides tharis Anoplolepis gracilipes, Polyrhachis sp., Camponotus Crematogaster Meranoplus mucronatus, Dolichoderus Oecophylla smaragdina",number associated ant genera,,7,count,single observation,,both,larva,,,,,,0,,,,,
HumanObservation,Erikssonia edgei Lepisiota sp.,obligate myrmecophile,,1,count,single observation,,both,larva,,,,,,0,,,,,
HumanObservation,Erikssonia edgei Lepisiota sp.,number associated ant genera,,1,count,single observation,,both,larva,,,,,,0,,,,,
HumanObservation,Erysichton lineata Polyrhachis pilosa,obligate myrmecophile,,0,count,single observation,,both,larva,,,,,,1,,,,,
HumanObservation,Erysichton lineata Polyrhachis pilosa,number associated ant genera,,1,count,single observation,,both,larva,,,,,,1,,,,,
HumanObservation,"Euchrysops cnejus Crematogaster sp., Pheidole impressiceps, megacephala, Iridomyrmex nr. bicknelli, Camponotus compressus, C. sylvaticus, Polyrhachis dives, ammon, Opisthopsis haddoni, Technomyrmex sp.",obligate myrmecophile,,0,count,single observation,,both,larva,,,,,,1,,,,,
HumanObservation,"Euchrysops cnejus Crematogaster sp., Pheidole impressiceps, megacephala, Iridomyrmex nr. bicknelli, Camponotus compressus, C. sylvaticus, Polyrhachis dives, ammon, Opisthopsis haddoni, Technomyrmex sp.",number associated ant genera,,7,count,single observation,,both,larva,,,,,,1,,,,,
HumanObservation,Euchrysops crawshayi Monomorium pharaonis,obligate myrmecophile,,0,count,single observation,,both,larva,,,,,,0,,,,,
HumanObservation,Euchrysops crawshayi Monomorium pharaonis,number associated ant genera,,1,count,single observation,,both,larva,,,,,,0,,,,,
HumanObservation,"Euchrysops malathana Monomorium sp., Camponotus acvapimensis",obligate myrmecophile,,0,count,single observation,,both,larva,,,,,,0,,,,,
HumanObservation,"Euchrysops malathana Monomorium sp., Camponotus acvapimensis",number associated ant genera,,3,count,single observation,,both,larva,,,,,,0,,,,,
HumanObservation,"Eumedonia eumedon Myrmica sp., Lasius alienus, niger, Tapinoma Formica pratensis, cunicularia, Plagiolepis sp.",obligate myrmecophile,,0,count,single observation,,both,larva,,,,,,0,,,,,
HumanObservation,"Eumedonia eumedon Myrmica sp., Lasius alienus, niger, Tapinoma Formica pratensis, cunicularia, Plagiolepis sp.",number associated ant genera,,5,count,single observation,,both,larva,,,,,,0,,,,,
HumanObservation,"Euphilotes ancilla Crematogaster mormonum, Monomorium minimum, Forelius pruinosus, Camponotus hyatti, Formica laeviceps",obligate myrmecophile,,0,count,single observation,,both,larva,,,,,,0,,,,,
HumanObservation,"Euphilotes ancilla Crematogaster mormonum, Monomorium minimum, Forelius pruinosus, Camponotus hyatti, Formica laeviceps",number associated ant genera,,5,count,single observation,,both,larva,,,,,,0,,,,,
HumanObservation,"Euphilotes battoides Tapinoma sessile, Linepithema humile, Formica nr. fusca, F. subsericea, moki",obligate myrmecophile,,0,count,single observation,,both,larva,,,,,,0,,,,,
HumanObservation,"Euphilotes battoides Tapinoma sessile, Linepithema humile, Formica nr. fusca, F. subsericea, moki",number associated ant genera,,3,count,single observation,,both,larva,,,,,,0,,,,,
HumanObservation,"Euphilotes bernardino Linepithema humile, Dorymyrmex sp., Forelius pruinosus, Camponotus spp.",obligate myrmecophile,,0,count,single observation,,both,larva,,,,,,0,,,,,
HumanObservation,"Euphilotes bernardino Linepithema humile, Dorymyrmex sp., Forelius pruinosus, Camponotus spp.",number associated ant genera,,4,count,single observation,,both,larva,,,,,,0,,,,,
HumanObservation,"Euphilotes enoptes Crematogaster mormonum, C. californica, Temnothorax rugatulus, nr. nevadensis, Myrmica lobifrons, Tapinoma sessile, Linepithema humile, Lasius sp., Formica neogagates, integroides, F. manni, oreas, subpolita, argentea, densiventris, ravida , Camponotus vicinus, Myrmecocystus mimicus",obligate myrmecophile,,0,count,single observation,,both,larva,,,,,,0,,,,,
HumanObservation,"Euphilotes enoptes Crematogaster mormonum, C. californica, Temnothorax rugatulus, nr. nevadensis, Myrmica lobifrons, Tapinoma sessile, Linepithema humile, Lasius sp., Formica neogagates, integroides, F. manni, oreas, subpolita, argentea, densiventris, ravida , Camponotus vicinus, Myrmecocystus mimicus",number associated ant genera,,9,count,single observation,,both,larva,,,,,,0,,,,,
HumanObservation,"Euphilotes rita Dorymyrmex pyramicus, Camponotus nearcticus, C. essigi, Myrmecocystus kennedyi, Forelius pruinosus",obligate myrmecophile,,0,count,single observation,,both,larva,,,,,,0,,,,,
HumanObservation,"Euphilotes rita Dorymyrmex pyramicus, Camponotus nearcticus, C. essigi, Myrmecocystus kennedyi, Forelius pruinosus",number associated ant genera,,4,count,single observation,,both,larva,,,,,,0,,,,,
HumanObservation,"Famegana nisa Iridomyrmex purpureus, nr. rufoniger, septentrionalis, gracilis, Rhytidoponera metallica, Camponotus extensus, Crematogaster sp., Tapinoma sp.",obligate myrmecophile,,0,count,single observation,,both,larva,,,,,,1,,,,,
HumanObservation,"Famegana nisa Iridomyrmex purpureus, nr. rufoniger, septentrionalis, gracilis, Rhytidoponera metallica, Camponotus extensus, Crematogaster sp., Tapinoma sp.",number associated ant genera,,5,count,single observation,,both,larva,,,,,,1,,,,,
HumanObservation,"Favonius quercus Lasius emarginatus, niger, Formica gerardi, Pheidole pallidula",obligate myrmecophile,,0,count,single observation,,both,larva,,,,,,0,,,,,
HumanObservation,"Favonius quercus Lasius emarginatus, niger, Formica gerardi, Pheidole pallidula",number associated ant genera,,3,count,single observation,,both,larva,,,,,,0,,,,,
HumanObservation,Flos anniella Dolichoderus nr. thoracicus,obligate myrmecophile,,1,count,single observation,,both,larva,,,,,,0,,,,,
HumanObservation,Flos anniella Dolichoderus nr. thoracicus,number associated ant genera,,1,count,single observation,,both,larva,,,,,,0,,,,,
HumanObservation,Flos apidanus Dolichoderus nr. thoracicus,obligate myrmecophile,,1,count,single observation,,both,larva,,,,,,0,,,,,
HumanObservation,Flos apidanus Dolichoderus nr. thoracicus,number associated ant genera,,1,count,single observation,,both,larva,,,,,,0,,,,,
HumanObservation,Flos asoka Dolichoderus nr. thoracicus,obligate myrmecophile,,1,count,single observation,,both,larva,,,,,,0,,,,,
HumanObservation,Flos asoka Dolichoderus nr. thoracicus,number associated ant genera,,1,count,single observation,,both,larva,,,,,,0,,,,,
HumanObservation,Flos diardi Dolichoderus nr. thoracicus,obligate myrmecophile,,1,count,single observation,,both,larva,,,,,,0,,,,,
HumanObservation,Flos diardi Dolichoderus nr. thoracicus,number associated ant genera,,1,count,single observation,,both,larva,,,,,,0,,,,,
HumanObservation,Flos fulgida Dolichoderus sp.,obligate myrmecophile,,1,count,single observation,,both,larva,,,,,,0,,,,,
HumanObservation,Flos fulgida Dolichoderus sp.,number associated ant genera,,1,count,single observation,,both,larva,,,,,,0,,,,,
HumanObservation,"Freyeria putli Iridomyrmex sp., nr. anceps, Polyrhachis schenckii, Ochetellus glaber, Opisthopsis haddoni, Tetramorium deceptum",obligate myrmecophile,,0,count,single observation,,both,larva,,,,,,1,,,,,
HumanObservation,"Freyeria putli Iridomyrmex sp., nr. anceps, Polyrhachis schenckii, Ochetellus glaber, Opisthopsis haddoni, Tetramorium deceptum",number associated ant genera,,5,count,single observation,,both,larva,,,,,,1,,,,,
HumanObservation,"Freyeria trochylus Pheidole quadrispinosa, Prenolepis sp., Lepisiota nr. frauenfeldi , Camponotus piceus, Crematogaster sp.",obligate myrmecophile,,0,count,single observation,,both,larva,,,,,,0,,,,,
HumanObservation,"Freyeria trochylus Pheidole quadrispinosa, Prenolepis sp., Lepisiota nr. frauenfeldi , Camponotus piceus, Crematogaster sp.",number associated ant genera,,5,count,single observation,,both,larva,,,,,,0,,,,,
HumanObservation,"Glaucopsyche alexis Myrmica scabrinodis, Crematogaster auberti, sordidula, Tapinoma erraticum, Formica cinerea, F. selysi, fusca, pratensis, sanguinea, forsslundi , Iberoformica subrufa, Camponotus aethiops, piceus, laconicus, C. massiliensis, cruentatus, vagus, Lasius alienus, niger, platythorax, brunneus, emarginatus, Plagiolepis schmitzii, pygmaea",obligate myrmecophile,,0,count,single observation,,both,larva,,,,,,0,,,,,
HumanObservation,"Glaucopsyche alexis Myrmica scabrinodis, Crematogaster auberti, sordidula, Tapinoma erraticum, Formica cinerea, F. selysi, fusca, pratensis, sanguinea, forsslundi , Iberoformica subrufa, Camponotus aethiops, piceus, laconicus, C. massiliensis, cruentatus, vagus, Lasius alienus, niger, platythorax, brunneus, emarginatus, Plagiolepis schmitzii, pygmaea",number associated ant genera,,8,count,single observation,,both,larva,,,,,,0,,,,,
HumanObservation,"Glaucopsyche lycormas Formica japonica, Lasius niger",obligate myrmecophile,,0,count,single observation,,both,larva,,,,,,0,,,,,
HumanObservation,"Glaucopsyche lycormas Formica japonica, Lasius niger",number associated ant genera,,2,count,single observation,,both,larva,,,,,,0,,,,,
HumanObservation,"Glaucopsyche lygdamus Myrmica incompleta , tahoensis, Monomorium minimum, Crematogaster punctulata, Temnothorax pergandei, Leptothorax nr. muscorum, Tapinoma sessile, Formica obscuripes, subsericea, F. podzolica altipetens, puberula, oreas, neoclara, lasioides, neogagates, Camponotus pennsylvanicus, C. americanus, herculeanus, Prenolepis imparis, Myrmecocystus semirufus",obligate myrmecophile,,0,count,single observation,,both,larva,,,,,,0,,,,,
HumanObservation,"Glaucopsyche lygdamus Myrmica incompleta , tahoensis, Monomorium minimum, Crematogaster punctulata, Temnothorax pergandei, Leptothorax nr. muscorum, Tapinoma sessile, Formica obscuripes, subsericea, F. podzolica altipetens, puberula, oreas, neoclara, lasioides, neogagates, Camponotus pennsylvanicus, C. americanus, herculeanus, Prenolepis imparis, Myrmecocystus semirufus",number associated ant genera,,10,count,single observation,,both,larva,,,,,,0,,,,,
HumanObservation,"Glaucopsyche melanops Camponotus foreli, C. cruentatus, micans, sylvaticus, aethiops, piceus, Iberoformica subrufa, Plagiolepis schmitzi, Lasius cinereus, niger, Crematogaster auberti",obligate myrmecophile,,0,count,single observation,,both,larva,,,,,,0,,,,,
HumanObservation,"Glaucopsyche melanops Camponotus foreli, C. cruentatus, micans, sylvaticus, aethiops, piceus, Iberoformica subrufa, Plagiolepis schmitzi, Lasius cinereus, niger, Crematogaster auberti",number associated ant genera,,7,count,single observation,,both,larva,,,,,,0,,,,,
HumanObservation,Glaucopsyche paphos Tapinoma simrothi,obligate myrmecophile,,0,count,single observation,,both,larva,,,,,,0,,,,,
HumanObservation,Glaucopsyche paphos Tapinoma simrothi,number associated ant genera,,1,count,single observation,,both,larva,,,,,,0,,,,,
HumanObservation,"Glaucopsyche piasus Tapinoma sessile, Dorymyrmex sp., Prenolepis imparis, Formica francoeuri",obligate myrmecophile,,0,count,single observation,,both,larva,,,,,,0,,,,,
HumanObservation,"Glaucopsyche piasus Tapinoma sessile, Dorymyrmex sp., Prenolepis imparis, Formica francoeuri",number associated ant genera,,4,count,single observation,,both,larva,,,,,,0,,,,,
HumanObservation,Hemiargus ceraunus Forelius pruinosus,obligate myrmecophile,,0,count,single observation,,both,larva,,,,,,0,,,,,
HumanObservation,Hemiargus ceraunus Forelius pruinosus,number associated ant genera,,1,count,single observation,,both,larva,,,,,,0,,,,,
HumanObservation,"Hemiargus hanno Brachymyrmex sp., Crematogaster sp.",obligate myrmecophile,,0,count,single observation,,both,larva,,,,,,0,,,,,
HumanObservation,"Hemiargus hanno Brachymyrmex sp., Crematogaster sp.",number associated ant genera,,3,count,single observation,,both,larva,,,,,,0,,,,,
HumanObservation,Hypochrysops apelles Crematogaster sp.,obligate myrmecophile,,1,count,single observation,,both,larva,,,,,,1,,,,,
HumanObservation,Hypochrysops apelles Crematogaster sp.,number associated ant genera,,1,count,single observation,,both,larva,,,,,,1,,,,,
HumanObservation,"Hypochrysops apollo Philidris cordatus, Pheidole megacephala",obligate myrmecophile,,0,count,single observation,,both,larva,,,,,,1,,,,,
HumanObservation,"Hypochrysops apollo Philidris cordatus, Pheidole megacephala",number associated ant genera,,2,count,single observation,,both,larva,,,,,,1,,,,,
HumanObservation,Hypochrysops architas Philidris cordatus,obligate myrmecophile,,0,count,single observation,,both,larva,,,,,,1,,,,,
HumanObservation,Hypochrysops architas Philidris cordatus,number associated ant genera,,1,count,single observation,,both,larva,,,,,,1,,,,,
HumanObservation,Hypochrysops arronica Anonychomyrma scrutator,obligate myrmecophile,,1,count,single observation,,both,larva,,,,,,1,,,,,
HumanObservation,Hypochrysops arronica Anonychomyrma scrutator,number associated ant genera,,1,count,single observation,,both,larva,,,,,,1,,,,,
HumanObservation,"Hypochrysops cyane Anonychomyrma itinerans, gilberti, Ochetellus glaber",obligate myrmecophile,,1,count,single observation,,both,larva,,,,,,1,,,,,
HumanObservation,"Hypochrysops cyane Anonychomyrma itinerans, gilberti, Ochetellus glaber",number associated ant genera,,2,count,single observation,,both,larva,,,,,,1,,,,,
HumanObservation,"Hypochrysops delicia Crematogaster sp., fusca",obligate myrmecophile,,1,count,single observation,,both,larva,,,,,,1,,,,,
HumanObservation,"Hypochrysops delicia Crematogaster sp., fusca",number associated ant genera,,1,count,single observation,,both,larva,,,,,,1,,,,,
HumanObservation,Hypochrysops dicomas Iridomyrmex sp.,obligate myrmecophile,,1,count,single observation,,both,larva,,,,,,1,,,,,
HumanObservation,Hypochrysops dicomas Iridomyrmex sp.,number associated ant genera,,1,count,single observation,,both,larva,,,,,,1,,,,,
HumanObservation,"Hypochrysops digglesii Crematogaster sp., nr. laeviceps, australis",obligate myrmecophile,,1,count,single observation,,both,larva,,,,,,1,,,,,
HumanObservation,"Hypochrysops digglesii Crematogaster sp., nr. laeviceps, australis",number associated ant genera,,1,count,single observation,,both,larva,,,,,,1,,,,,
HumanObservation,"Hypochrysops elgneri Philidris cordatus, Ochetellus glaber, Paratrechina sp.",obligate myrmecophile,,1,count,single observation,,both,larva,,,,,,1,,,,,
HumanObservation,"Hypochrysops elgneri Philidris cordatus, Ochetellus glaber, Paratrechina sp.",number associated ant genera,,3,count,single observation,,both,larva,,,,,,1,,,,,
HumanObservation,"Hypochrysops epicurus Anonychomyrma nr. nitidiceps, itinerans",obligate myrmecophile,,1,count,single observation,,both,larva,,,,,,1,,,,,
HumanObservation,"Hypochrysops epicurus Anonychomyrma nr. nitidiceps, itinerans",number associated ant genera,,1,count,single observation,,both,larva,,,,,,1,,,,,
HumanObservation,"Hypochrysops halyaetus Crematogaster sp., perthensis",obligate myrmecophile,,1,count,single observation,,both,larva,,,,,,1,,,,,
HumanObservation,"Hypochrysops halyaetus Crematogaster sp., perthensis",number associated ant genera,,1,count,single observation,,both,larva,,,,,,1,,,,,
HumanObservation,Hypochrysops hippuris Philidris cordatus,obligate myrmecophile,,1,count,single observation,,both,larva,,,,,,1,,,,,
HumanObservation,Hypochrysops hippuris Philidris cordatus,number associated ant genera,,1,count,single observation,,both,larva,,,,,,1,,,,,
HumanObservation,Hypochrysops ignita Papyrius nr. nitidus,obligate myrmecophile,,1,count,single observation,,both,larva,,,,,,1,,,,,
HumanObservation,Hypochrysops ignita Papyrius nr. nitidus,number associated ant genera,,1,count,single observation,,both,larva,,,,,,1,,,,,
HumanObservation,Hypochrysops miskini Anonychomyrma gilberti,obligate myrmecophile,,1,count,single observation,,both,larva,,,,,,1,,,,,
HumanObservation,Hypochrysops miskini Anonychomyrma gilberti,number associated ant genera,,1,count,single observation,,both,larva,,,,,,1,,,,,
HumanObservation,Hypochrysops narcissus Philidris cordatus,obligate myrmecophile,,1,count,single observation,,both,larva,,,,,,1,,,,,
HumanObservation,Hypochrysops narcissus Philidris cordatus,number associated ant genera,,1,count,single observation,,both,larva,,,,,,1,,,,,
HumanObservation,Hypochrysops piceatus Anonychomyrma nr. itinerans,obligate myrmecophile,,1,count,single observation,,both,larva,,,,,,1,,,,,
HumanObservation,Hypochrysops piceatus Anonychomyrma nr. itinerans,number associated ant genera,,1,count,single observation,,both,larva,,,,,,1,,,,,
HumanObservation,Hypochrysops plotinus Philidris cordatus,obligate myrmecophile,,1,count,single observation,,both,larva,,,,,,1,,,,,
HumanObservation,Hypochrysops plotinus Philidris cordatus,number associated ant genera,,1,count,single observation,,both,larva,,,,,,1,,,,,
HumanObservation,"Hypochrysops polycletus Iridomyrmex sanguineus, Technomyrmex sp., Crematogaster Pheidole Meranoplus Camponotus nr. extensus",obligate myrmecophile,,1,count,single observation,,both,larva,,,,,,1,,,,,
HumanObservation,"Hypochrysops polycletus Iridomyrmex sanguineus, Technomyrmex sp., Crematogaster Pheidole Meranoplus Camponotus nr. extensus",number associated ant genera,,6,count,single observation,,both,larva,,,,,,1,,,,,
HumanObservation,Hypochrysops pythias Anonychomyrma gilberti,obligate myrmecophile,,0,count,single observation,,both,larva,,,,,,1,,,,,
HumanObservation,Hypochrysops pythias Anonychomyrma gilberti,number associated ant genera,,1,count,single observation,,both,larva,,,,,,1,,,,,
HumanObservation,Hypochrysops theon Philidris cordatus,obligate myrmecophile,,1,count,single observation,,both,larva,,,,,,1,,,,,
HumanObservation,Hypochrysops theon Philidris cordatus,number associated ant genera,,1,count,single observation,,both,larva,,,,,,1,,,,,
HumanObservation,Hypolycaena erylus Oecophylla smaragdina,obligate myrmecophile,,1,count,single observation,,both,larva,,,,,,1,,,,,
HumanObservation,Hypolycaena erylus Oecophylla smaragdina,number associated ant genera,,1,count,single observation,,both,larva,,,,,,1,,,,,
HumanObservation,Hypolycaena lebona Pheidole aurivillii,obligate myrmecophile,,0,count,single observation,,both,larva,,,,,,0,,,,,
HumanObservation,Hypolycaena lebona Pheidole aurivillii,number associated ant genera,,1,count,single observation,,both,larva,,,,,,0,,,,,
HumanObservation,Hypolycaena nigra Pheidole aurivillii,obligate myrmecophile,,0,count,single observation,,both,larva,,,,,,0,,,,,
HumanObservation,Hypolycaena nigra Pheidole aurivillii,number associated ant genera,,1,count,single observation,,both,larva,,,,,,0,,,,,
HumanObservation,Hypolycaena nilgirica Camponotus sp.,obligate myrmecophile,,0,count,single observation,,both,larva,,,,,,0,,,,,
HumanObservation,Hypolycaena nilgirica Camponotus sp.,number associated ant genera,,1,count,single observation,,both,larva,,,,,,0,,,,,
HumanObservation,"Hypolycaena othona Crematogaster spp., Anoplolepis gracilipes, Camponotus sp., Polyrhachis sp.",obligate myrmecophile,,0,count,single observation,,both,larva,,,,,,0,,,,,
HumanObservation,"Hypolycaena othona Crematogaster spp., Anoplolepis gracilipes, Camponotus sp., Polyrhachis sp.",number associated ant genera,,4,count,single observation,,both,larva,,,,,,0,,,,,
HumanObservation,"Hypolycaena philippus Camponotus acvapimensis, C. maculatus, Pheidole megacephala , aurivilii",obligate myrmecophile,,0,count,single observation,,both,larva,,,,,,0,,,,,
HumanObservation,"Hypolycaena philippus Camponotus acvapimensis, C. maculatus, Pheidole megacephala , aurivilii",number associated ant genera,,2,count,single observation,,both,larva,,,,,,0,,,,,
HumanObservation,"Hypolycaena phorbas Oecophylla smaragdina, Tetramorium bicarinatum, Paratrechina sp.",obligate myrmecophile,,1,count,single observation,,both,larva,,,,,,1,,,,,
HumanObservation,"Hypolycaena phorbas Oecophylla smaragdina, Tetramorium bicarinatum, Paratrechina sp.",number associated ant genera,,1,count,single observation,,both,larva,,,,,,1,,,,,
HumanObservation,Hypolycaena sipylus Polyrhachis sp.,obligate myrmecophile,,0,count,single observation,,both,larva,,,,,,0,,,,,
HumanObservation,Hypolycaena sipylus Polyrhachis sp.,number associated ant genera,,1,count,single observation,,both,larva,,,,,,0,,,,,
HumanObservation,Hypolycaena thecloides Anoplolepis gracilipes,obligate myrmecophile,,0,count,single observation,,both,larva,,,,,,0,,,,,
HumanObservation,Hypolycaena thecloides Anoplolepis gracilipes,number associated ant genera,,1,count,single observation,,both,larva,,,,,,0,,,,,
HumanObservation,"Icaricia acmon Crematogaster coarctata, Aphaenogaster occidentalis, Linepithema humile, Tapinoma sessile, Formica francoeuri , F. neogagates, lasioides, nr. fusca",obligate myrmecophile,,0,count,single observation,,both,larva,,,,,,0,,,,,
HumanObservation,"Icaricia acmon Crematogaster coarctata, Aphaenogaster occidentalis, Linepithema humile, Tapinoma sessile, Formica francoeuri , F. neogagates, lasioides, nr. fusca",number associated ant genera,,6,count,single observation,,both,larva,,,,,,0,,,,,
HumanObservation,"Icaricia icarioides Camponotus vicinus, modoc, Formica integra, neogagates, fusca, integroides, oreas, perpilosa, lasioides, Lasius neoniger, alienus, Prenolepis imparis, Brachymyrmex depilis, Dorymyrmex pyramicus, Liometopum occidentale, Tapinoma sessile, Tetramorium immigrans, Aphaenogaster occidentalis",obligate myrmecophile,,0,count,single observation,,both,larva,,,,,,0,,,,,
HumanObservation,"Icaricia icarioides Camponotus vicinus, modoc, Formica integra, neogagates, fusca, integroides, oreas, perpilosa, lasioides, Lasius neoniger, alienus, Prenolepis imparis, Brachymyrmex depilis, Dorymyrmex pyramicus, Liometopum occidentale, Tapinoma sessile, Tetramorium immigrans, Aphaenogaster occidentalis",number associated ant genera,,11,count,single observation,,both,larva,,,,,,0,,,,,
HumanObservation,Icaricia lupini Formica francoeuri,obligate myrmecophile,,0,count,single observation,,both,larva,,,,,,0,,,,,
HumanObservation,Icaricia lupini Formica francoeuri,number associated ant genera,,1,count,single observation,,both,larva,,,,,,0,,,,,
HumanObservation,"Icaricia shasta Formica fusca, F. neogagtes, oreas, densiventris",obligate myrmecophile,,0,count,single observation,,both,larva,,,,,,0,,,,,
HumanObservation,"Icaricia shasta Formica fusca, F. neogagtes, oreas, densiventris",number associated ant genera,,1,count,single observation,,both,larva,,,,,,0,,,,,
HumanObservation,"Iolana iolas Tapinoma erraticum, Camponotus cruentatus, Plagiolepis pygmaea, Lasius emarginatus",obligate myrmecophile,,0,count,single observation,,both,larva,,,,,,0,,,,,
HumanObservation,"Iolana iolas Tapinoma erraticum, Camponotus cruentatus, Plagiolepis pygmaea, Lasius emarginatus",number associated ant genera,,4,count,single observation,,both,larva,,,,,,0,,,,,
HumanObservation,Iolaus alcibiades Crematogaster nr. buchneri,obligate myrmecophile,,0,count,single observation,,both,larva,,,,,,0,,,,,
HumanObservation,Iolaus alcibiades Crematogaster nr. buchneri,number associated ant genera,,1,count,single observation,,both,larva,,,,,,0,,,,,
HumanObservation,Iolaus julus Crematogaster buchneri,obligate myrmecophile,,0,count,single observation,,both,larva,,,,,,0,,,,,
HumanObservation,Iolaus julus Crematogaster buchneri,number associated ant genera,,1,count,single observation,,both,larva,,,,,,0,,,,,
HumanObservation,Iolaus maesa Crematogaster buchneri,obligate myrmecophile,,0,count,single observation,,both,larva,,,,,,0,,,,,
HumanObservation,Iolaus maesa Crematogaster buchneri,number associated ant genera,,1,count,single observation,,both,larva,,,,,,0,,,,,
HumanObservation,Iraota rochana Crematogaster sp.,obligate myrmecophile,,0,count,single observation,,both,larva,,,,,,0,,,,,
HumanObservation,Iraota rochana Crematogaster sp.,number associated ant genera,,1,count,single observation,,both,larva,,,,,,0,,,,,
HumanObservation,Jalmenus aridus Froggattella kirbii,obligate myrmecophile,,1,count,single observation,,both,larva,,,,,,1,,,,,
HumanObservation,Jalmenus aridus Froggattella kirbii,number associated ant genera,,1,count,single observation,,both,larva,,,,,,1,,,,,
HumanObservation,Jalmenus clementi Iridomyrmex sp.,obligate myrmecophile,,1,count,single observation,,both,larva,,,,,,1,,,,,
HumanObservation,Jalmenus clementi Iridomyrmex sp.,number associated ant genera,,1,count,single observation,,both,larva,,,,,,1,,,,,
HumanObservation,Jalmenus daemeli Iridomyrmex nr. rufoniger,obligate myrmecophile,,1,count,single observation,,both,larva,,,,,,1,,,,,
HumanObservation,Jalmenus daemeli Iridomyrmex nr. rufoniger,number associated ant genera,,1,count,single observation,,both,larva,,,,,,1,,,,,
HumanObservation,"Jalmenus eichhorni Iridomyrmex sanguineus, reburrus, gracilis mayri",obligate myrmecophile,,1,count,single observation,,both,larva,,,,,,1,,,,,
HumanObservation,"Jalmenus eichhorni Iridomyrmex sanguineus, reburrus, gracilis mayri",number associated ant genera,,1,count,single observation,,both,larva,,,,,,1,,,,,
HumanObservation,"Jalmenus evagoras Iridomyrmex anceps, I. , nr. sucheri/mattiroloi, purpureus, Papyrius nitidus, Anonychomyrma nitidiceps, Notoncus capitatus, Camponotus sp.",obligate myrmecophile,,1,count,single observation,,both,larva,,,,,,1,,,,,
HumanObservation,"Jalmenus evagoras Iridomyrmex anceps, I. , nr. sucheri/mattiroloi, purpureus, Papyrius nitidus, Anonychomyrma nitidiceps, Notoncus capitatus, Camponotus sp.",number associated ant genera,,1,count,single observation,,both,larva,,,,,,1,,,,,
HumanObservation,Jalmenus icilius Iridomyrmex nr. rufoniger,obligate myrmecophile,,1,count,single observation,,both,larva,,,,,,1,,,,,
HumanObservation,Jalmenus icilius Iridomyrmex nr. rufoniger,number associated ant genera,,1,count,single observation,,both,larva,,,,,,1,,,,,
HumanObservation,"Jalmenus ictinus Iridomyrmex purpureus, spadius",obligate myrmecophile,,1,count,single observation,,both,larva,,,,,,1,,,,,
HumanObservation,"Jalmenus ictinus Iridomyrmex purpureus, spadius",number associated ant genera,,1,count,single observation,,both,larva,,,,,,1,,,,,
HumanObservation,"Jalmenus inous Iridomyrmex conifer, nr. rufoniger",obligate myrmecophile,,1,count,single observation,,both,larva,,,,,,1,,,,,
HumanObservation,"Jalmenus inous Iridomyrmex conifer, nr. rufoniger",number associated ant genera,,1,count,single observation,,both,larva,,,,,,1,,,,,
HumanObservation,"Jalmenus lithochroa Iridomyrmex purpureus, viridiaenus",obligate myrmecophile,,1,count,single observation,,both,larva,,,,,,1,,,,,
HumanObservation,"Jalmenus lithochroa Iridomyrmex purpureus, viridiaenus",number associated ant genera,,1,count,single observation,,both,larva,,,,,,1,,,,,
HumanObservation,Jalmenus notocrucifer Iridomyrmex nr. rufoniger,obligate myrmecophile,,1,count,single observation,,both,larva,,,,,,1,,,,,
HumanObservation,Jalmenus notocrucifer Iridomyrmex nr. rufoniger,number associated ant genera,,1,count,single observation,,both,larva,,,,,,1,,,,,
HumanObservation,Jalmenus pseudictinus Froggattella kirbii,obligate myrmecophile,,1,count,single observation,,both,larva,,,,,,1,,,,,
HumanObservation,Jalmenus pseudictinus Froggattella kirbii,number associated ant genera,,1,count,single observation,,both,larva,,,,,,1,,,,,
HumanObservation,"Jamides alecto Pheidole sp., Crematogaster Tetramorium Rhoptromyrmex wroughtonii, Myrmicaria Technomyrmex spp., Tapinoma Anoplolepis gracilipes, Prenolepis Plagiolepis sp.",obligate myrmecophile,,0,count,single observation,,both,larva,,,,,,1,,,,,
HumanObservation,"Jamides alecto Pheidole sp., Crematogaster Tetramorium Rhoptromyrmex wroughtonii, Myrmicaria Technomyrmex spp., Tapinoma Anoplolepis gracilipes, Prenolepis Plagiolepis sp.",number associated ant genera,,9,count,single observation,,both,larva,,,,,,1,,,,,
HumanObservation,Jamides aleuas Crematogaster sp.,obligate myrmecophile,,0,count,single observation,,both,larva,,,,,,1,,,,,
HumanObservation,Jamides aleuas Crematogaster sp.,number associated ant genera,,1,count,single observation,,both,larva,,,,,,1,,,,,
HumanObservation,"Jamides bochus Technomyrmex albipes, Paratrechina nr. longicornis",obligate myrmecophile,,0,count,single observation,,both,larva,,,,,,1,,,,,
HumanObservation,"Jamides bochus Technomyrmex albipes, Paratrechina nr. longicornis",number associated ant genera,,2,count,single observation,,both,larva,,,,,,1,,,,,
HumanObservation,Jamides caeruleus Tapinoma sp.,obligate myrmecophile,,0,count,single observation,,both,larva,,,,,,0,,,,,
HumanObservation,Jamides caeruleus Tapinoma sp.,number associated ant genera,,1,count,single observation,,both,larva,,,,,,0,,,,,
HumanObservation,"Jamides celeno Meranoplus mucronatus, bicolor, Crematogaster sp., Pheidole capellinii, Tapinoma indicum, Technomyrmex Anoplolepis gracilipes, Camponotus mitis, singularis, Polyrhachis rufipes, Oecophylla smaragdina, Paratrechina sp.",obligate myrmecophile,,0,count,single observation,,both,larva,,,,,,1,,,,,
HumanObservation,"Jamides celeno Meranoplus mucronatus, bicolor, Crematogaster sp., Pheidole capellinii, Tapinoma indicum, Technomyrmex Anoplolepis gracilipes, Camponotus mitis, singularis, Polyrhachis rufipes, Oecophylla smaragdina, Paratrechina sp.",number associated ant genera,,10,count,single observation,,both,larva,,,,,,1,,,,,
HumanObservation,"Jamides cyta Philidris cordatus, Camponotus sp., Polyrhachis mucronata, Crematogaster sp.",obligate myrmecophile,,0,count,single observation,,both,larva,,,,,,1,,,,,
HumanObservation,"Jamides cyta Philidris cordatus, Camponotus sp., Polyrhachis mucronata, Crematogaster sp.",number associated ant genera,,4,count,single observation,,both,larva,,,,,,1,,,,,
HumanObservation,Jamides elpis Tetramorium sp.,obligate myrmecophile,,0,count,single observation,,both,larva,,,,,,0,,,,,
HumanObservation,Jamides elpis Tetramorium sp.,number associated ant genera,,1,count,single observation,,both,larva,,,,,,0,,,,,
HumanObservation,"Jamides malaccanus Meranoplus mucronatus, Crematogaster spp., Acanthomyrmex sp., Dolichoderus Technomyrmex Tapinoma Philidris Camponotus Polyrhachis calypso",obligate myrmecophile,,0,count,single observation,,both,larva,,,,,,0,,,,,
HumanObservation,"Jamides malaccanus Meranoplus mucronatus, Crematogaster spp., Acanthomyrmex sp., Dolichoderus Technomyrmex Tapinoma Philidris Camponotus Polyrhachis calypso",number associated ant genera,,9,count,single observation,,both,larva,,,,,,0,,,,,
HumanObservation,"Jamides pura Tetramorium Rhoptromyrmex wroughtonii, Crematogaster sp., Acanthomyrmex Meranoplus mucronatus, Technomyrmex Tapinoma sp.",obligate myrmecophile,,0,count,single observation,,both,larva,,,,,,0,,,,,
HumanObservation,"Jamides pura Tetramorium Rhoptromyrmex wroughtonii, Crematogaster sp., Acanthomyrmex Meranoplus mucronatus, Technomyrmex Tapinoma sp.",number associated ant genera,,6,count,single observation,,both,larva,,,,,,0,,,,,
HumanObservation,"Jamides virgulatus Tetramorium Rhoptromyrmex wroughtonii, Cataulacus sp., Tapinoma Camponotus Polyrhachis calypso, Echinopla Gnamptogenys sp.",obligate myrmecophile,,0,count,single observation,,both,larva,,,,,,0,,,,,
HumanObservation,"Jamides virgulatus Tetramorium Rhoptromyrmex wroughtonii, Cataulacus sp., Tapinoma Camponotus Polyrhachis calypso, Echinopla Gnamptogenys sp.",number associated ant genera,,7,count,single observation,,both,larva,,,,,,0,,,,,
HumanObservation,"Kretania eurypilus Camponotus kiesenwetteri, nr. universitatis",obligate myrmecophile,,0,count,single observation,,both,larva,,,,,,0,,,,,
HumanObservation,"Kretania eurypilus Camponotus kiesenwetteri, nr. universitatis",number associated ant genera,,1,count,single observation,,both,larva,,,,,,0,,,,,
HumanObservation,Kretania martini Crematogaster sp.,obligate myrmecophile,,0,count,single observation,,both,larva,,,,,,0,,,,,
HumanObservation,Kretania martini Crematogaster sp.,number associated ant genera,,1,count,single observation,,both,larva,,,,,,0,,,,,
HumanObservation,"Kretania pylaon Crematogaster auberti, Tetramorium nr. caespitum, Formica lugubris, lemani, F. cinerea, pratensis, Iberoformica subrufa, Lasius niger, alienus, bombycina, Plagiolepis pygmaea, P. schmitzii, Camponotus cruentatus, C. foreli, sylvaticus, aethiops, laconicus, Bothriomyrmex gallicus, Tapinoma simrothi",obligate myrmecophile,,0,count,single observation,,both,larva,,,,,,0,,,,,
HumanObservation,"Kretania pylaon Crematogaster auberti, Tetramorium nr. caespitum, Formica lugubris, lemani, F. cinerea, pratensis, Iberoformica subrufa, Lasius niger, alienus, bombycina, Plagiolepis pygmaea, P. schmitzii, Camponotus cruentatus, C. foreli, sylvaticus, aethiops, laconicus, Bothriomyrmex gallicus, Tapinoma simrothi",number associated ant genera,,9,count,single observation,,both,larva,,,,,,0,,,,,
HumanObservation,"Lachides galba Monomorium destructor , ""dentigerum""",obligate myrmecophile,,0,count,single observation,,both,larva,,,,,,0,,,,,
HumanObservation,"Lachides galba Monomorium destructor , ""dentigerum""",number associated ant genera,,1,count,single observation,,both,larva,,,,,,0,,,,,
HumanObservation,"Laeosopis roboris Lasius grandis, cinereus, ""niger"", Formica gerardi, Crematogaster scutellaris",obligate myrmecophile,,0,count,single observation,,both,larva,,,,,,0,,,,,
HumanObservation,"Laeosopis roboris Lasius grandis, cinereus, ""niger"", Formica gerardi, Crematogaster scutellaris",number associated ant genera,,3,count,single observation,,both,larva,,,,,,0,,,,,
HumanObservation,"Lampides boeticus Camponotus compressus, C. cruentatus, sylvaticus, foreli, nr. subnitidus, tricoloratus, lateralis, Nylanderia clandestina, Lasius grandis, Iberoformica subrufa, Lepisiota capensis, Anoplolepis gracilipes, Plagiolepis schmitzii, pygmaea, Tapinoma melanocephalum, T. nigerrimum, Linepithema humile, Iridomyrmex purpureus, suchieri, Froggattella sp., Dolichoderus scrobiculatus, Crematogaster scutellaris, auberti, sordidula, Tetramorium forte, Aphaenogaster gibbosa",obligate myrmecophile,,0,count,single observation,,both,larva,,,,,,0,,,,,
HumanObservation,"Lampides boeticus Camponotus compressus, C. cruentatus, sylvaticus, foreli, nr. subnitidus, tricoloratus, lateralis, Nylanderia clandestina, Lasius grandis, Iberoformica subrufa, Lepisiota capensis, Anoplolepis gracilipes, Plagiolepis schmitzii, pygmaea, Tapinoma melanocephalum, T. nigerrimum, Linepithema humile, Iridomyrmex purpureus, suchieri, Froggattella sp., Dolichoderus scrobiculatus, Crematogaster scutellaris, auberti, sordidula, Tetramorium forte, Aphaenogaster gibbosa",number associated ant genera,,15,count,single observation,,both,larva,,,,,,0,,,,,
HumanObservation,Lepidochrysops ignota Camponotus niveosetosus,obligate myrmecophile,,1,count,single observation,,both,larva,,,,,,0,,,,,
HumanObservation,Lepidochrysops ignota Camponotus niveosetosus,number associated ant genera,,1,count,single observation,,both,larva,,,,,,0,,,,,
HumanObservation,Lepidochrysops longifalces Camponotus maculatus,obligate myrmecophile,,1,count,single observation,,both,larva,,,,,,0,,,,,
HumanObservation,Lepidochrysops longifalces Camponotus maculatus,number associated ant genera,,1,count,single observation,,both,larva,,,,,,0,,,,,
HumanObservation,Lepidochrysops methymna Camponotus maculatus,obligate myrmecophile,,1,count,single observation,,both,larva,,,,,,0,,,,,
HumanObservation,Lepidochrysops methymna Camponotus maculatus,number associated ant genera,,1,count,single observation,,both,larva,,,,,,0,,,,,
HumanObservation,Lepidochrysops oreas Camponotus niveosetosus,obligate myrmecophile,,1,count,single observation,,both,larva,,,,,,0,,,,,
HumanObservation,Lepidochrysops oreas Camponotus niveosetosus,number associated ant genera,,1,count,single observation,,both,larva,,,,,,0,,,,,
HumanObservation,Lepidochrysops patricia Camponotus maculatus,obligate myrmecophile,,1,count,single observation,,both,larva,,,,,,0,,,,,
HumanObservation,Lepidochrysops patricia Camponotus maculatus,number associated ant genera,,1,count,single observation,,both,larva,,,,,,0,,,,,
HumanObservation,Lepidochrysops quassi Camponotus maculatus,obligate myrmecophile,,1,count,single observation,,both,larva,,,,,,0,,,,,
HumanObservation,Lepidochrysops quassi Camponotus maculatus,number associated ant genera,,1,count,single observation,,both,larva,,,,,,0,,,,,
HumanObservation,Lepidochrysops robertsoni Camponotus niveosetosus,obligate myrmecophile,,1,count,single observation,,both,larva,,,,,,0,,,,,
HumanObservation,Lepidochrysops robertsoni Camponotus niveosetosus,number associated ant genera,,1,count,single observation,,both,larva,,,,,,0,,,,,
HumanObservation,Lepidochrysops trimeni Camponotus maculatus,obligate myrmecophile,,1,count,single observation,,both,larva,,,,,,0,,,,,
HumanObservation,Lepidochrysops trimeni Camponotus maculatus,number associated ant genera,,1,count,single observation,,both,larva,,,,,,0,,,,,
HumanObservation,Lepidochrysops variabilis Camponotus niveosetosus,obligate myrmecophile,,1,count,single observation,,both,larva,,,,,,0,,,,,
HumanObservation,Lepidochrysops variabilis Camponotus niveosetosus,number associated ant genera,,1,count,single observation,,both,larva,,,,,,0,,,,,
HumanObservation,Lepidochrysops ariadne Camponotus natalensis,obligate myrmecophile,,1,count,single observation,,both,larva,,,,,,0,,,,,
HumanObservation,Lepidochrysops ariadne Camponotus natalensis,number associated ant genera,,1,count,single observation,,both,larva,,,,,,0,,,,,
HumanObservation,Lepidochrysops niobe Camponotus baynei,obligate myrmecophile,,1,count,single observation,,both,larva,,,,,,0,,,,,
HumanObservation,Lepidochrysops niobe Camponotus baynei,number associated ant genera,,1,count,single observation,,both,larva,,,,,,0,,,,,
HumanObservation,Lepidochrysops subravus Camponotus sp.,obligate myrmecophile,,1,count,single observation,,both,larva,,,,,,0,,,,,
HumanObservation,Lepidochrysops subravus Camponotus sp.,number associated ant genera,,1,count,single observation,,both,larva,,,,,,0,,,,,
HumanObservation,"Leptotes cassius Crematogaster ashmeadi, Pheidole anastasii, Brachymyrmex heeri, Nylanderia bourbonica, Camponotus crassus, blandus, rufipes",obligate myrmecophile,,0,count,single observation,,both,larva,,,,,,0,,,,,
HumanObservation,"Leptotes cassius Crematogaster ashmeadi, Pheidole anastasii, Brachymyrmex heeri, Nylanderia bourbonica, Camponotus crassus, blandus, rufipes",number associated ant genera,,5,count,single observation,,both,larva,,,,,,0,,,,,
HumanObservation,Leptotes marina Linepithema humile,obligate myrmecophile,,0,count,single observation,,both,larva,,,,,,0,,,,,
HumanObservation,Leptotes marina Linepithema humile,number associated ant genera,,1,count,single observation,,both,larva,,,,,,0,,,,,
HumanObservation,"Leptotes pirithous Lasius niger, Plagiolepis pygmaea, schmitzii, Camponotus sp., Formica rufibarbis, Iberoformica subrufa, Crematogaster auberti, scutellaris, sordidula, Tetramorium forte, Tapinoma nigerrimum, Linepithema humile",obligate myrmecophile,,0,count,single observation,,both,larva,,,,,,0,,,,,
HumanObservation,"Leptotes pirithous Lasius niger, Plagiolepis pygmaea, schmitzii, Camponotus sp., Formica rufibarbis, Iberoformica subrufa, Crematogaster auberti, scutellaris, sordidula, Tetramorium forte, Tapinoma nigerrimum, Linepithema humile",number associated ant genera,,9,count,single observation,,both,larva,,,,,,0,,,,,
HumanObservation,"Leptotes plinius Crematogaster sp., Iridomyrmex Paratrechina sp.",obligate myrmecophile,,0,count,single observation,,both,larva,,,,,,1,,,,,
HumanObservation,"Leptotes plinius Crematogaster sp., Iridomyrmex Paratrechina sp.",number associated ant genera,,3,count,single observation,,both,larva,,,,,,1,,,,,
HumanObservation,Lipaphnaeus loxura Crematogaster sp.,obligate myrmecophile,,1,count,single observation,,both,larva,,,,,,0,,,,,
HumanObservation,Lipaphnaeus loxura Crematogaster sp.,number associated ant genera,,1,count,single observation,,both,larva,,,,,,0,,,,,
HumanObservation,"Loxura atymnus Oecophylla smaragdina, Anoplolepis gracilipes",obligate myrmecophile,,0,count,single observation,,both,larva,,,,,,0,,,,,
HumanObservation,"Loxura atymnus Oecophylla smaragdina, Anoplolepis gracilipes",number associated ant genera,,2,count,single observation,,both,larva,,,,,,0,,,,,
HumanObservation,"Lucia limbaria Iridomyrmex nr. gracilis, rufoniger, Anonychomyrma itinerans",obligate myrmecophile,,1,count,single observation,,both,larva,,,,,,1,,,,,
HumanObservation,"Lucia limbaria Iridomyrmex nr. gracilis, rufoniger, Anonychomyrma itinerans",number associated ant genera,,2,count,single observation,,both,larva,,,,,,1,,,,,
HumanObservation,"Luthrodes pandava Monomorium floricola , clavicorne, Crematogaster sp., Pheidole teneriffana, Technomyrmex Paratrechina longicornis, Anoplolepis gracilipes, Oecophylla smaragdina, Tapinoma simrothi phoeniceum",obligate myrmecophile,,0,count,single observation,,both,larva,,,,,,0,,,,,
HumanObservation,"Luthrodes pandava Monomorium floricola , clavicorne, Crematogaster sp., Pheidole teneriffana, Technomyrmex Paratrechina longicornis, Anoplolepis gracilipes, Oecophylla smaragdina, Tapinoma simrothi phoeniceum",number associated ant genera,,9,count,single observation,,both,larva,,,,,,0,,,,,
HumanObservation,"Lycaena dispar Myrmica rubra, Lasius niger",obligate myrmecophile,,0,count,single observation,,both,larva,,,,,,0,,,,,
HumanObservation,"Lycaena dispar Myrmica rubra, Lasius niger",number associated ant genera,,2,count,single observation,,both,larva,,,,,,0,,,,,
HumanObservation,Lycaena editha Formica altipetens,obligate myrmecophile,,0,count,single observation,,both,larva,,,,,,0,,,,,
HumanObservation,Lycaena editha Formica altipetens,number associated ant genera,,1,count,single observation,,both,larva,,,,,,0,,,,,
HumanObservation,Lycaena heteronea Formica francoeuri,obligate myrmecophile,,0,count,single observation,,both,larva,,,,,,0,,,,,
HumanObservation,Lycaena heteronea Formica francoeuri,number associated ant genera,,1,count,single observation,,both,larva,,,,,,0,,,,,
HumanObservation,Lycaena rubidus Formica altipetens,obligate myrmecophile,,0,count,single observation,,both,larva,,,,,,0,,,,,
HumanObservation,Lycaena rubidus Formica altipetens,number associated ant genera,,1,count,single observation,,both,larva,,,,,,0,,,,,
HumanObservation,"Lycaena xanthoides Formica francoeuri , Liometopum occidentale",obligate myrmecophile,,0,count,single observation,,both,larva,,,,,,0,,,,,
HumanObservation,"Lycaena xanthoides Formica francoeuri , Liometopum occidentale",number associated ant genera,,2,count,single observation,,both,larva,,,,,,0,,,,,
HumanObservation,"Lysandra albicans Tapinoma nigerrimum, Plagiolepis pygmaea, Formica sp., Crematogaster auberti",obligate myrmecophile,,0,count,single observation,,both,larva,,,,,,0,,,,,
HumanObservation,"Lysandra albicans Tapinoma nigerrimum, Plagiolepis pygmaea, Formica sp., Crematogaster auberti",number associated ant genera,,4,count,single observation,,both,larva,,,,,,0,,,,,
HumanObservation,"Lysandra bellargus Myrmica sabuleti, scabrinodis, Tetramorium caespitum, Crematogaster nr. laestrygon, auberti, Aphaenogaster subterranea, Tapinoma erraticum, Lasius alienus, niger, paralienus, emarginatus, flavus, Plagiolepis pygmaea, Formica fuscocinerea",obligate myrmecophile,,0,count,single observation,,both,larva,,,,,,0,,,,,
HumanObservation,"Lysandra bellargus Myrmica sabuleti, scabrinodis, Tetramorium caespitum, Crematogaster nr. laestrygon, auberti, Aphaenogaster subterranea, Tapinoma erraticum, Lasius alienus, niger, paralienus, emarginatus, flavus, Plagiolepis pygmaea, Formica fuscocinerea",number associated ant genera,,8,count,single observation,,both,larva,,,,,,0,,,,,
HumanObservation,"Lysandra coridon Myrmica scabrinodis, M. sabuleti, schencki, sulcinodis, Aphaenogaster subterranea, Tetramorium caespitum, Temnothorax nr. nigriceps, Tapinoma ambiguum, erraticum, Lasius niger, paralienus, L. alienus, flavus, Plagiolepis vindobonensis, Formica rufa, F. lemani, cunicularia, foreli, Camponotus aethiops",obligate myrmecophile,,0,count,single observation,,both,larva,,,,,,0,,,,,
HumanObservation,"Lysandra coridon Myrmica scabrinodis, M. sabuleti, schencki, sulcinodis, Aphaenogaster subterranea, Tetramorium caespitum, Temnothorax nr. nigriceps, Tapinoma ambiguum, erraticum, Lasius niger, paralienus, L. alienus, flavus, Plagiolepis vindobonensis, Formica rufa, F. lemani, cunicularia, foreli, Camponotus aethiops",number associated ant genera,,9,count,single observation,,both,larva,,,,,,0,,,,,
HumanObservation,"Lysandra hispanus Plagiolepis pygmaea, Crematogaster sordidula, Myrmica sp., Pheidole pallidula",obligate myrmecophile,,0,count,single observation,,both,larva,,,,,,0,,,,,
HumanObservation,"Lysandra hispanus Plagiolepis pygmaea, Crematogaster sordidula, Myrmica sp., Pheidole pallidula",number associated ant genera,,4,count,single observation,,both,larva,,,,,,0,,,,,
HumanObservation,"Lysandra punctiferus Monomorium salomonis, Crematogaster scutellaris",obligate myrmecophile,,0,count,single observation,,both,larva,,,,,,0,,,,,
HumanObservation,"Lysandra punctiferus Monomorium salomonis, Crematogaster scutellaris",number associated ant genera,,2,count,single observation,,both,larva,,,,,,0,,,,,
HumanObservation,Ministrymon arola Pseudomyrmex ferrugineus,obligate myrmecophile,,0,count,single observation,,both,larva,,,,,,0,,,,,
HumanObservation,Ministrymon arola Pseudomyrmex ferrugineus,number associated ant genera,,1,count,single observation,,both,larva,,,,,,0,,,,,
HumanObservation,Ministrymon azia Camponotus sp.,obligate myrmecophile,,0,count,single observation,,both,larva,,,,,,0,,,,,
HumanObservation,Ministrymon azia Camponotus sp.,number associated ant genera,,1,count,single observation,,both,larva,,,,,,0,,,,,
HumanObservation,"Myrina silenus Camponotus maculatus, C. acvapimensis",obligate myrmecophile,,0,count,single observation,,both,larva,,,,,,0,,,,,
HumanObservation,"Myrina silenus Camponotus maculatus, C. acvapimensis",number associated ant genera,,2,count,single observation,,both,larva,,,,,,0,,,,,
HumanObservation,Myrina subornata Pheidole megacephala,obligate myrmecophile,,0,count,single observation,,both,larva,,,,,,0,,,,,
HumanObservation,Myrina subornata Pheidole megacephala,number associated ant genera,,1,count,single observation,,both,larva,,,,,,0,,,,,
HumanObservation,"Nacaduba berenice Crematogaster sp., Pheidole megacephala, Prolasius Anoplolepis gracilipes, Oecophylla smaragdina, Camponotus sp. , Polyrhachis rufifemur, vermiculosa, australis, aurea, Paratrechina Technomyrmex nr. albipes, Tapinoma",obligate myrmecophile,,0,count,single observation,,both,larva,,,,,,1,,,,,
HumanObservation,"Nacaduba berenice Crematogaster sp., Pheidole megacephala, Prolasius Anoplolepis gracilipes, Oecophylla smaragdina, Camponotus sp. , Polyrhachis rufifemur, vermiculosa, australis, aurea, Paratrechina Technomyrmex nr. albipes, Tapinoma",number associated ant genera,,10,count,single observation,,both,larva,,,,,,1,,,,,
HumanObservation,"Nacaduba biocellata Iridomyrmex viridiaenus, purpureus, Technomyrmex nr. albipes",obligate myrmecophile,,0,count,single observation,,both,larva,,,,,,1,,,,,
HumanObservation,"Nacaduba biocellata Iridomyrmex viridiaenus, purpureus, Technomyrmex nr. albipes",number associated ant genera,,2,count,single observation,,both,larva,,,,,,1,,,,,
HumanObservation,Nacaduba pactolus Camponotus compressus,obligate myrmecophile,,0,count,single observation,,both,larva,,,,,,1,,,,,
HumanObservation,Nacaduba pactolus Camponotus compressus,number associated ant genera,,1,count,single observation,,both,larva,,,,,,1,,,,,
HumanObservation,"Nacaduba sinhala Technomyrmex sp., Nylanderia sp.",obligate myrmecophile,,0,count,single observation,,both,larva,,,,,,0,,,,,
HumanObservation,"Nacaduba sinhala Technomyrmex sp., Nylanderia sp.",number associated ant genera,,2,count,single observation,,both,larva,,,,,,0,,,,,
HumanObservation,Neolucia agricola Iridomyrmex conifer,obligate myrmecophile,,0,count,single observation,,both,larva,,,,,,1,,,,,
HumanObservation,Neolucia agricola Iridomyrmex conifer,number associated ant genera,,1,count,single observation,,both,larva,,,,,,1,,,,,
HumanObservation,"Neomyrina nivea Lasius sp., Tapinoma Crematogaster sp.",obligate myrmecophile,,0,count,single observation,,both,larva,,,,,,0,,,,,
HumanObservation,"Neomyrina nivea Lasius sp., Tapinoma Crematogaster sp.",number associated ant genera,,3,count,single observation,,both,larva,,,,,,0,,,,,
HumanObservation,"Neopithecops zalmora Technomyrmex albipes, Camponotus binghamii, Crematogaster sp.",obligate myrmecophile,,0,count,single observation,,both,larva,,,,,,0,,,,,
HumanObservation,"Neopithecops zalmora Technomyrmex albipes, Camponotus binghamii, Crematogaster sp.",number associated ant genera,,3,count,single observation,,both,larva,,,,,,0,,,,,
HumanObservation,Nesolycaena caesia Iridomyrmex sp.,obligate myrmecophile,,0,count,single observation,,both,larva,,,,,,1,,,,,
HumanObservation,Nesolycaena caesia Iridomyrmex sp.,number associated ant genera,,1,count,single observation,,both,larva,,,,,,1,,,,,
HumanObservation,"Nesolycaena urumelia Monomorium sp., nr. carinatum, Polyrhachis gab",obligate myrmecophile,,0,count,single observation,,both,larva,,,,,,1,,,,,
HumanObservation,"Nesolycaena urumelia Monomorium sp., nr. carinatum, Polyrhachis gab",number associated ant genera,,2,count,single observation,,both,larva,,,,,,1,,,,,
HumanObservation,Neurypexina lyzianus Pheidole megacephala,obligate myrmecophile,,0,count,single observation,,both,larva,,,,,,0,,,,,
HumanObservation,Neurypexina lyzianus Pheidole megacephala,number associated ant genera,,1,count,single observation,,both,larva,,,,,,0,,,,,
HumanObservation,Niphanda fusca Camponotus japonicus,obligate myrmecophile,,1,count,single observation,,both,larva,,,,,,0,,,,,
HumanObservation,Niphanda fusca Camponotus japonicus,number associated ant genera,,1,count,single observation,,both,larva,,,,,,0,,,,,
HumanObservation,"Oboronia punctatus Pheidole megacephala , Ph. aurivillii",obligate myrmecophile,,1,count,single observation,,both,larva,,,,,,0,,,,,
HumanObservation,"Oboronia punctatus Pheidole megacephala , Ph. aurivillii",number associated ant genera,,1,count,single observation,,both,larva,,,,,,0,,,,,
HumanObservation,"Ogyris abrota Crematogaster sp., Froggattella kirbii, Technomyrmex nr. albipes, Iridomyrmex Anonychomyrma Linepithema humile, Rhytidoponera metallica",obligate myrmecophile,,0,count,single observation,,both,larva,,,,,,1,,,,,
HumanObservation,"Ogyris abrota Crematogaster sp., Froggattella kirbii, Technomyrmex nr. albipes, Iridomyrmex Anonychomyrma Linepithema humile, Rhytidoponera metallica",number associated ant genera,,7,count,single observation,,both,larva,,,,,,1,,,,,
HumanObservation,"Ogyris aenone Anonychomyrma nr. itinerans, Philidris cordatus",obligate myrmecophile,,1,count,single observation,,both,larva,,,,,,1,,,,,
HumanObservation,"Ogyris aenone Anonychomyrma nr. itinerans, Philidris cordatus",number associated ant genera,,2,count,single observation,,both,larva,,,,,,1,,,,,
HumanObservation,"Ogyris amaryllis Anonychomyrma nr. nitidiceps, Iridomyrmex rufoniger, Technomyrmex albipes, Tapinoma sp., Ochetellus glaber, Camponotus Polyrhachis femorata, Podomyrma Paratrechina Crematogaster laeviceps, cornigera",obligate myrmecophile,,1,count,single observation,,both,larva,,,,,,1,,,,,
HumanObservation,"Ogyris amaryllis Anonychomyrma nr. nitidiceps, Iridomyrmex rufoniger, Technomyrmex albipes, Tapinoma sp., Ochetellus glaber, Camponotus Polyrhachis femorata, Podomyrma Paratrechina Crematogaster laeviceps, cornigera",number associated ant genera,,10,count,single observation,,both,larva,,,,,,1,,,,,
HumanObservation,Ogyris barnardi Crematogaster sp.,obligate myrmecophile,,0,count,single observation,,both,larva,,,,,,1,,,,,
HumanObservation,Ogyris barnardi Crematogaster sp.,number associated ant genera,,1,count,single observation,,both,larva,,,,,,1,,,,,
HumanObservation,"Ogyris genoveva Camponotus nigriceps, C. consobrinus perthianus, eastwoodi, intrepidus, loweryi, terebrans, nr. subnitidus, Rhytidoponera metallica",obligate myrmecophile,,1,count,single observation,,both,larva,,,,,,1,,,,,
HumanObservation,"Ogyris genoveva Camponotus nigriceps, C. consobrinus perthianus, eastwoodi, intrepidus, loweryi, terebrans, nr. subnitidus, Rhytidoponera metallica",number associated ant genera,,1,count,single observation,,both,larva,,,,,,1,,,,,
HumanObservation,Ogyris ianthis Froggattella kirbii,obligate myrmecophile,,1,count,single observation,,both,larva,,,,,,1,,,,,
HumanObservation,Ogyris ianthis Froggattella kirbii,number associated ant genera,,1,count,single observation,,both,larva,,,,,,1,,,,,
HumanObservation,"Ogyris idmo Camponotus nr. myoporus, nigriceps, terebrans",obligate myrmecophile,,1,count,single observation,,both,larva,,,,,,1,,,,,
HumanObservation,"Ogyris idmo Camponotus nr. myoporus, nigriceps, terebrans",number associated ant genera,,1,count,single observation,,both,larva,,,,,,1,,,,,
HumanObservation,"Ogyris iphis Froggattella kirbii, Camponotus nr. novaehollandiae",obligate myrmecophile,,1,count,single observation,,both,larva,,,,,,1,,,,,
HumanObservation,"Ogyris iphis Froggattella kirbii, Camponotus nr. novaehollandiae",number associated ant genera,,1,count,single observation,,both,larva,,,,,,1,,,,,
HumanObservation,"Ogyris olane Crematogaster sp., Monomorium Iridomyrmex Anonychomyrma Ochetellus Podomyrma adelaidae, Camponotus terebrans, consobrinus, Froggattella kirbii, Plagiolepis allaudi",obligate myrmecophile,,0,count,single observation,,both,larva,,,,,,1,,,,,
HumanObservation,"Ogyris olane Crematogaster sp., Monomorium Iridomyrmex Anonychomyrma Ochetellus Podomyrma adelaidae, Camponotus terebrans, consobrinus, Froggattella kirbii, Plagiolepis allaudi",number associated ant genera,,9,count,single observation,,both,larva,,,,,,1,,,,,
HumanObservation,"Ogyris oroetes Crematogaster nr. longiceps, Meranoplus diversus, Tetramorium simillimum, Pheidole megacephala, Anonychomyrma nitidiceps, Ochetellus glaber, Podomyrma sp., Iridomyrmex rufoniger, Froggattella kirbii, Technomyrmex albipes, Camponotus eastwoodi, Rhytidoponera Tetraponera sp.",obligate myrmecophile,,0,count,single observation,,both,larva,,,,,,1,,,,,
HumanObservation,"Ogyris oroetes Crematogaster nr. longiceps, Meranoplus diversus, Tetramorium simillimum, Pheidole megacephala, Anonychomyrma nitidiceps, Ochetellus glaber, Podomyrma sp., Iridomyrmex rufoniger, Froggattella kirbii, Technomyrmex albipes, Camponotus eastwoodi, Rhytidoponera Tetraponera sp.",number associated ant genera,,13,count,single observation,,both,larva,,,,,,1,,,,,
HumanObservation,"Ogyris otanes Camponotus hartogi , C. nr. myoporus, claripes, wiederkehri, terebrans",obligate myrmecophile,,1,count,single observation,,both,larva,,,,,,1,,,,,
HumanObservation,"Ogyris otanes Camponotus hartogi , C. nr. myoporus, claripes, wiederkehri, terebrans",number associated ant genera,,1,count,single observation,,both,larva,,,,,,1,,,,,
HumanObservation,"Ogyris subterrestris Camponotus nr. myoporus, terebrans, wiederkehri",obligate myrmecophile,,1,count,single observation,,both,larva,,,,,,1,,,,,
HumanObservation,"Ogyris subterrestris Camponotus nr. myoporus, terebrans, wiederkehri",number associated ant genera,,1,count,single observation,,both,larva,,,,,,1,,,,,
HumanObservation,"Ogyris zosine Camponotus claripes, C. nr. subnitidus, novaehollandiae, maculatus, nigriceps, extensus, rufus",obligate myrmecophile,,1,count,single observation,,both,larva,,,,,,1,,,,,
HumanObservation,"Ogyris zosine Camponotus claripes, C. nr. subnitidus, novaehollandiae, maculatus, nigriceps, extensus, rufus",number associated ant genera,,1,count,single observation,,both,larva,,,,,,1,,,,,
HumanObservation,Ostrinotes empusa Crematogaster sp.,obligate myrmecophile,,0,count,single observation,,both,larva,,,,,,0,,,,,
HumanObservation,Ostrinotes empusa Crematogaster sp.,number associated ant genera,,1,count,single observation,,both,larva,,,,,,0,,,,,
HumanObservation,"Panthiades bitias Camponotus sp., Dolichoderus bispinosus, Azteca sp.",obligate myrmecophile,,0,count,single observation,,both,larva,,,,,,0,,,,,
HumanObservation,"Panthiades bitias Camponotus sp., Dolichoderus bispinosus, Azteca sp.",number associated ant genera,,4,count,single observation,,both,larva,,,,,,0,,,,,
HumanObservation,Paradeudorix eleala Crematogaster buchneri,obligate myrmecophile,,0,count,single observation,,both,larva,,,,,,0,,,,,
HumanObservation,Paradeudorix eleala Crematogaster buchneri,number associated ant genera,,1,count,single observation,,both,larva,,,,,,0,,,,,
HumanObservation,Paralucia aurifera Anonychomyrma nr. nitidiceps,obligate myrmecophile,,1,count,single observation,,both,larva,,,,,,1,,,,,
HumanObservation,Paralucia aurifera Anonychomyrma nr. nitidiceps,number associated ant genera,,1,count,single observation,,both,larva,,,,,,1,,,,,
HumanObservation,"Paralucia pyrodiscus Notoncus capitatus, N. ectatommoides, gilberti, enormis",obligate myrmecophile,,1,count,single observation,,both,larva,,,,,,1,,,,,
HumanObservation,"Paralucia pyrodiscus Notoncus capitatus, N. ectatommoides, gilberti, enormis",number associated ant genera,,1,count,single observation,,both,larva,,,,,,1,,,,,
HumanObservation,Paralucia spinifera Anonychomyrma nr. itinerans,obligate myrmecophile,,1,count,single observation,,both,larva,,,,,,1,,,,,
HumanObservation,Paralucia spinifera Anonychomyrma nr. itinerans,number associated ant genera,,1,count,single observation,,both,larva,,,,,,1,,,,,
HumanObservation,"Parrhasius polibetes Camponotus blandus, Ectatomma tuberculatum",obligate myrmecophile,,0,count,single observation,,both,larva,,,,,,0,,,,,
HumanObservation,"Parrhasius polibetes Camponotus blandus, Ectatomma tuberculatum",number associated ant genera,,2,count,single observation,,both,larva,,,,,,0,,,,,
HumanObservation,Phasis braueri Crematogaster peringueyi,obligate myrmecophile,,1,count,single observation,,both,larva,,,,,,0,,,,,
HumanObservation,Phasis braueri Crematogaster peringueyi,number associated ant genera,,1,count,single observation,,both,larva,,,,,,0,,,,,
HumanObservation,"Phasis clavum Crematogaster peringueyi, capensis",obligate myrmecophile,,1,count,single observation,,both,larva,,,,,,0,,,,,
HumanObservation,"Phasis clavum Crematogaster peringueyi, capensis",number associated ant genera,,1,count,single observation,,both,larva,,,,,,0,,,,,
HumanObservation,Phasis pringlei Crematogaster peringueyi,obligate myrmecophile,,1,count,single observation,,both,larva,,,,,,0,,,,,
HumanObservation,Phasis pringlei Crematogaster peringueyi,number associated ant genera,,1,count,single observation,,both,larva,,,,,,0,,,,,
HumanObservation,Phasis thero Crematogaster peringueyi,obligate myrmecophile,,1,count,single observation,,both,larva,,,,,,0,,,,,
HumanObservation,Phasis thero Crematogaster peringueyi,number associated ant genera,,1,count,single observation,,both,larva,,,,,,0,,,,,
HumanObservation,"Phengaris alcon Myrmica ruginodis, M. rubra, scabrinodis, salina, vandeli, schencki",obligate myrmecophile,,1,count,single observation,,both,larva,,,,,,0,,,,,
HumanObservation,"Phengaris alcon Myrmica ruginodis, M. rubra, scabrinodis, salina, vandeli, schencki",number associated ant genera,,1,count,single observation,,both,larva,,,,,,0,,,,,
HumanObservation,"Phengaris arion Myrmica sabuleti, scabrinodis, lonae",obligate myrmecophile,,1,count,single observation,,both,larva,,,,,,0,,,,,
HumanObservation,"Phengaris arion Myrmica sabuleti, scabrinodis, lonae",number associated ant genera,,1,count,single observation,,both,larva,,,,,,0,,,,,
HumanObservation,Phengaris arionides Myrmica kotokui,obligate myrmecophile,,1,count,single observation,,both,larva,,,,,,0,,,,,
HumanObservation,Phengaris arionides Myrmica kotokui,number associated ant genera,,1,count,single observation,,both,larva,,,,,,0,,,,,
HumanObservation,"Phengaris atroguttata Myrmica kurokii tipuna, formosae, rugosa",obligate myrmecophile,,1,count,single observation,,both,larva,,,,,,0,,,,,
HumanObservation,"Phengaris atroguttata Myrmica kurokii tipuna, formosae, rugosa",number associated ant genera,,1,count,single observation,,both,larva,,,,,,0,,,,,
HumanObservation,Phengaris daitozana Myrmica formosae,obligate myrmecophile,,1,count,single observation,,both,larva,,,,,,0,,,,,
HumanObservation,Phengaris daitozana Myrmica formosae,number associated ant genera,,1,count,single observation,,both,larva,,,,,,0,,,,,
HumanObservation,"Phengaris nausithous Myrmica rubra, scabrinodis",obligate myrmecophile,,1,count,single observation,,both,larva,,,,,,0,,,,,
HumanObservation,"Phengaris nausithous Myrmica rubra, scabrinodis",number associated ant genera,,1,count,single observation,,both,larva,,,,,,0,,,,,
HumanObservation,"Phengaris rebeli Myrmica schencki, M. sabuleti, scabrinodis, sulcinodis, ruginodis, lonae, salina, specioides",obligate myrmecophile,,1,count,single observation,,both,larva,,,,,,0,,,,,
HumanObservation,"Phengaris rebeli Myrmica schencki, M. sabuleti, scabrinodis, sulcinodis, ruginodis, lonae, salina, specioides",number associated ant genera,,1,count,single observation,,both,larva,,,,,,0,,,,,
HumanObservation,"Phengaris teleius Myrmica scabrinodis, M. rubra, vandeli, sabuleti, silvestrii, kotokui, salina, specioides, gallienii, ruginodis, rugulosa, kamtschatica, forcipata, angulinodis, eidmanni",obligate myrmecophile,,1,count,single observation,,both,larva,,,,,,0,,,,,
HumanObservation,"Phengaris teleius Myrmica scabrinodis, M. rubra, vandeli, sabuleti, silvestrii, kotokui, salina, specioides, gallienii, ruginodis, rugulosa, kamtschatica, forcipata, angulinodis, eidmanni",number associated ant genera,,1,count,single observation,,both,larva,,,,,,0,,,,,
HumanObservation,Philiris helena Philidris cordatus,obligate myrmecophile,,1,count,single observation,,both,larva,,,,,,1,,,,,
HumanObservation,Philiris helena Philidris cordatus,number associated ant genera,,1,count,single observation,,both,larva,,,,,,1,,,,,
HumanObservation,"Philiris innotata Crematogaster sp., Pheidole megacephala, Technomyrmex nr. albipes",obligate myrmecophile,,0,count,single observation,,both,larva,,,,,,1,,,,,
HumanObservation,"Philiris innotata Crematogaster sp., Pheidole megacephala, Technomyrmex nr. albipes",number associated ant genera,,3,count,single observation,,both,larva,,,,,,1,,,,,
HumanObservation,Philiris nitens Crematogaster sp.,obligate myrmecophile,,0,count,single observation,,both,larva,,,,,,1,,,,,
HumanObservation,Philiris nitens Crematogaster sp.,number associated ant genera,,1,count,single observation,,both,larva,,,,,,1,,,,,
HumanObservation,"Philotes sonorensis Crematogaster mormonum, Tapinoma sessile, Formica obtusipilosa",obligate myrmecophile,,0,count,single observation,,both,larva,,,,,,0,,,,,
HumanObservation,"Philotes sonorensis Crematogaster mormonum, Tapinoma sessile, Formica obtusipilosa",number associated ant genera,,3,count,single observation,,both,larva,,,,,,0,,,,,
HumanObservation,"Pithecops fulgens Camponotus sp., Nylanderia flavipes",obligate myrmecophile,,0,count,single observation,,both,larva,,,,,,0,,,,,
HumanObservation,"Pithecops fulgens Camponotus sp., Nylanderia flavipes",number associated ant genera,,2,count,single observation,,both,larva,,,,,,0,,,,,
HumanObservation,"Plautella cossaea Myrmicaria sp., Crematogaster Technomyrmex Camponotus Polyrhachis sp.",obligate myrmecophile,,0,count,single observation,,both,larva,,,,,,0,,,,,
HumanObservation,"Plautella cossaea Myrmicaria sp., Crematogaster Technomyrmex Camponotus Polyrhachis sp.",number associated ant genera,,5,count,single observation,,both,larva,,,,,,0,,,,,
HumanObservation,"Plebejus argus Lasius niger, alienus, cinereus, piliferus, platythorax",obligate myrmecophile,,1,count,single observation,,both,larva,,,,,,0,,,,,
HumanObservation,"Plebejus argus Lasius niger, alienus, cinereus, piliferus, platythorax",number associated ant genera,,1,count,single observation,,both,larva,,,,,,0,,,,,
HumanObservation,"Plebejus argyrognomon Myrmica scabrinodis, sabuleti, Pristomyrmex punctatus, Lasius alienus, niger, sakagamii, japonicus, Formica pratensis, fusca, selysi, japonica, yessensis, Camponotus vagus, japonicus",obligate myrmecophile,,0,count,single observation,,both,larva,,,,,,0,,,,,
HumanObservation,"Plebejus argyrognomon Myrmica scabrinodis, sabuleti, Pristomyrmex punctatus, Lasius alienus, niger, sakagamii, japonicus, Formica pratensis, fusca, selysi, japonica, yessensis, Camponotus vagus, japonicus",number associated ant genera,,5,count,single observation,,both,larva,,,,,,0,,,,,
HumanObservation,"Plebejus idas Formica cinerea, F. selysi, exsecta, lemani, pressilabris, lugubris, rufibarbis, cunicularia, pratensis, lefrancoisi , fusca, Lasius niger, alienus",obligate myrmecophile,,1,count,single observation,,both,larva,,,,,,0,,,,,
HumanObservation,"Plebejus idas Formica cinerea, F. selysi, exsecta, lemani, pressilabris, lugubris, rufibarbis, cunicularia, pratensis, lefrancoisi , fusca, Lasius niger, alienus",number associated ant genera,,2,count,single observation,,both,larva,,,,,,0,,,,,
HumanObservation,"Plebejus melissa Aphaenogaster picea, Myrmica americana, sculptilis, punctiventris, fracticornis, Tetramorium caespitum, Monomorium emarginatum, Crematogaster ashmeadi, cerasi, Tapinoma sessile, Dolichoderus plagiatus, Camponotus americanus, chromaiodes , C. noveboracensis, pennsylvanicus, Nylanderia parvula, Formica neogagates, exsectoides, F. fusca, incerta, lasioides, montana, schaufussi, subsericea, difficilis, querquetulana, nitidiventris, Lasius alienus, neoniger, Brachymyrmex depilis",obligate myrmecophile,,0,count,single observation,,both,larva,,,,,,0,,,,,
HumanObservation,"Plebejus melissa Aphaenogaster picea, Myrmica americana, sculptilis, punctiventris, fracticornis, Tetramorium caespitum, Monomorium emarginatum, Crematogaster ashmeadi, cerasi, Tapinoma sessile, Dolichoderus plagiatus, Camponotus americanus, chromaiodes , C. noveboracensis, pennsylvanicus, Nylanderia parvula, Formica neogagates, exsectoides, F. fusca, incerta, lasioides, montana, schaufussi, subsericea, difficilis, querquetulana, nitidiventris, Lasius alienus, neoniger, Brachymyrmex depilis",number associated ant genera,,12,count,single observation,,both,larva,,,,,,0,,,,,
HumanObservation,"Plebejus subsolanus Lasius japonicus, Formica japonica",obligate myrmecophile,,0,count,single observation,,both,larva,,,,,,0,,,,,
HumanObservation,"Plebejus subsolanus Lasius japonicus, Formica japonica",number associated ant genera,,2,count,single observation,,both,larva,,,,,,0,,,,,
HumanObservation,Plebulina emigdionis Formica francoeuri,obligate myrmecophile,,1,count,single observation,,both,larva,,,,,,0,,,,,
HumanObservation,Plebulina emigdionis Formica francoeuri,number associated ant genera,,1,count,single observation,,both,larva,,,,,,0,,,,,
HumanObservation,"Polyommatus amandus Myrmica specioides, Crematogaster sordidula, Temnothorax sp., Lasius niger, L. alienus, Camponotus aethiops, Formica cinerea, Tapinoma simrothi, nigerrimum",obligate myrmecophile,,0,count,single observation,,both,larva,,,,,,0,,,,,
HumanObservation,"Polyommatus amandus Myrmica specioides, Crematogaster sordidula, Temnothorax sp., Lasius niger, L. alienus, Camponotus aethiops, Formica cinerea, Tapinoma simrothi, nigerrimum",number associated ant genera,,7,count,single observation,,both,larva,,,,,,0,,,,,
HumanObservation,"Polyommatus celina Plagiolepis sp., Camponotus fallax",obligate myrmecophile,,0,count,single observation,,both,larva,,,,,,0,,,,,
HumanObservation,"Polyommatus celina Plagiolepis sp., Camponotus fallax",number associated ant genera,,2,count,single observation,,both,larva,,,,,,0,,,,,
HumanObservation,"Polyommatus dorylas Myrmica scabrinodis, Lasius alienus, Formica cinerea, Camponotus sp.",obligate myrmecophile,,0,count,single observation,,both,larva,,,,,,0,,,,,
HumanObservation,"Polyommatus dorylas Myrmica scabrinodis, Lasius alienus, Formica cinerea, Camponotus sp.",number associated ant genera,,4,count,single observation,,both,larva,,,,,,0,,,,,
HumanObservation,Polyommatus eroides Tapinoma sp.,obligate myrmecophile,,0,count,single observation,,both,larva,,,,,,0,,,,,
HumanObservation,Polyommatus eroides Tapinoma sp.,number associated ant genera,,1,count,single observation,,both,larva,,,,,,0,,,,,
HumanObservation,"Polyommatus eros Myrmica gallienii, Formica lemani, nr. fusca, Camponotus aethiops",obligate myrmecophile,,0,count,single observation,,both,larva,,,,,,0,,,,,
HumanObservation,"Polyommatus eros Myrmica gallienii, Formica lemani, nr. fusca, Camponotus aethiops",number associated ant genera,,3,count,single observation,,both,larva,,,,,,0,,,,,
HumanObservation,"Polyommatus escheri Myrmica scabrinodis, Formica cinerea, Lasius niger, L. alienus, Plagiolepis pygmaea, Tapinoma nigerrimum",obligate myrmecophile,,0,count,single observation,,both,larva,,,,,,0,,,,,
HumanObservation,"Polyommatus escheri Myrmica scabrinodis, Formica cinerea, Lasius niger, L. alienus, Plagiolepis pygmaea, Tapinoma nigerrimum",number associated ant genera,,5,count,single observation,,both,larva,,,,,,0,,,,,
HumanObservation,"Polyommatus golgus Tapinoma nigerrimum, Lasius ""niger""",obligate myrmecophile,,0,count,single observation,,both,larva,,,,,,0,,,,,
HumanObservation,"Polyommatus golgus Tapinoma nigerrimum, Lasius ""niger""",number associated ant genera,,2,count,single observation,,both,larva,,,,,,0,,,,,
HumanObservation,Polyommatus icadius Myrmica tarbinskii,obligate myrmecophile,,0,count,single observation,,both,larva,,,,,,0,,,,,
HumanObservation,Polyommatus icadius Myrmica tarbinskii,number associated ant genera,,1,count,single observation,,both,larva,,,,,,0,,,,,
HumanObservation,"Polyommatus icarus Myrmica sabuleti, lobicornis, tenuispina, Lasius alienus, niger, flavus, neoniger, Iberoformica subrufa, Formica subpilosa, rufibarbis, cinerea, Plagiolepis pygmaea, Tapinoma nigerrimum",obligate myrmecophile,,0,count,single observation,,both,larva,,,,,,0,,,,,
HumanObservation,"Polyommatus icarus Myrmica sabuleti, lobicornis, tenuispina, Lasius alienus, niger, flavus, neoniger, Iberoformica subrufa, Formica subpilosa, rufibarbis, cinerea, Plagiolepis pygmaea, Tapinoma nigerrimum",number associated ant genera,,6,count,single observation,,both,larva,,,,,,0,,,,,
HumanObservation,"Polyommatus nivescens Tapinoma nigerrimum, Lasius sp.",obligate myrmecophile,,0,count,single observation,,both,larva,,,,,,0,,,,,
HumanObservation,"Polyommatus nivescens Tapinoma nigerrimum, Lasius sp.",number associated ant genera,,2,count,single observation,,both,larva,,,,,,0,,,,,
HumanObservation,"Polyommatus thersites Myrmica scabrinodis, sulcinodis, Crematogaster sordidula, auberti, Pheidole pallidula, Tapinoma erraticum, Lasius alienus, cinereus, Camponotus aethiops, piceus, Formica rufibarbis, pratensis, Plagiolepis schmitzii",obligate myrmecophile,,0,count,single observation,,both,larva,,,,,,0,,,,,
HumanObservation,"Polyommatus thersites Myrmica scabrinodis, sulcinodis, Crematogaster sordidula, auberti, Pheidole pallidula, Tapinoma erraticum, Lasius alienus, cinereus, Camponotus aethiops, piceus, Formica rufibarbis, pratensis, Plagiolepis schmitzii",number associated ant genera,,8,count,single observation,,both,larva,,,,,,0,,,,,
HumanObservation,"Polyommatus admetus Crematogaster sordidula, Camponotus gestroi, nr. lateralis, aethiops, oertzeni, piceus, Tapinoma erraticum, Plagiolepis pygmaea",obligate myrmecophile,,0,count,single observation,,both,larva,,,,,,0,,,,,
HumanObservation,"Polyommatus admetus Crematogaster sordidula, Camponotus gestroi, nr. lateralis, aethiops, oertzeni, piceus, Tapinoma erraticum, Plagiolepis pygmaea",number associated ant genera,,4,count,single observation,,both,larva,,,,,,0,,,,,
HumanObservation,"Polyommatus aroaniensis Camponotus gestroi, aethiops, piceus, oertzeni, laconicus, Plagiolepis vindobonensis, pygmaea, schmitzii, Crematogaster sordidula",obligate myrmecophile,,0,count,single observation,,both,larva,,,,,,0,,,,,
HumanObservation,"Polyommatus aroaniensis Camponotus gestroi, aethiops, piceus, oertzeni, laconicus, Plagiolepis vindobonensis, pygmaea, schmitzii, Crematogaster sordidula",number associated ant genera,,3,count,single observation,,both,larva,,,,,,0,,,,,
HumanObservation,Polyommatus damocles Plagiolepis sp.,obligate myrmecophile,,0,count,single observation,,both,larva,,,,,,0,,,,,
HumanObservation,Polyommatus damocles Plagiolepis sp.,number associated ant genera,,1,count,single observation,,both,larva,,,,,,0,,,,,
HumanObservation,"Polyommatus damon Lasius niger, alienus, piliferus, Formica pratensis, decipiens, fusca, lemani, pressilabris, rufibarbis, selysi, Camponotus ligniperda, Myrmica rubra, schencki, sulcinodis",obligate myrmecophile,,0,count,single observation,,both,larva,,,,,,0,,,,,
HumanObservation,"Polyommatus damon Lasius niger, alienus, piliferus, Formica pratensis, decipiens, fusca, lemani, pressilabris, rufibarbis, selysi, Camponotus ligniperda, Myrmica rubra, schencki, sulcinodis",number associated ant genera,,4,count,single observation,,both,larva,,,,,,0,,,,,
HumanObservation,Polyommatus damone Formica sp.,obligate myrmecophile,,0,count,single observation,,both,larva,,,,,,0,,,,,
HumanObservation,Polyommatus damone Formica sp.,number associated ant genera,,1,count,single observation,,both,larva,,,,,,0,,,,,
HumanObservation,Polyommatus dolus Camponotus aethiops,obligate myrmecophile,,0,count,single observation,,both,larva,,,,,,0,,,,,
HumanObservation,Polyommatus dolus Camponotus aethiops,number associated ant genera,,1,count,single observation,,both,larva,,,,,,0,,,,,
HumanObservation,"Polyommatus fabressei Camponotus piceus, Plagiolepis sp., Tapinoma sp.",obligate myrmecophile,,0,count,single observation,,both,larva,,,,,,0,,,,,
HumanObservation,"Polyommatus fabressei Camponotus piceus, Plagiolepis sp., Tapinoma sp.",number associated ant genera,,3,count,single observation,,both,larva,,,,,,0,,,,,
HumanObservation,Polyommatus iphigenia Lasius alienus,obligate myrmecophile,,0,count,single observation,,both,larva,,,,,,0,,,,,
HumanObservation,Polyommatus iphigenia Lasius alienus,number associated ant genera,,1,count,single observation,,both,larva,,,,,,0,,,,,
HumanObservation,"Polyommatus juldusa Lasius flavescens, Myrmica tenuispina",obligate myrmecophile,,0,count,single observation,,both,larva,,,,,,0,,,,,
HumanObservation,"Polyommatus juldusa Lasius flavescens, Myrmica tenuispina",number associated ant genera,,2,count,single observation,,both,larva,,,,,,0,,,,,
HumanObservation,Polyommatus nephohiptamenos Plagiolepis vindobonensis,obligate myrmecophile,,0,count,single observation,,both,larva,,,,,,0,,,,,
HumanObservation,Polyommatus nephohiptamenos Plagiolepis vindobonensis,number associated ant genera,,1,count,single observation,,both,larva,,,,,,0,,,,,
HumanObservation,"Polyommatus ripartii Crematogaster sordidula, Camponotus gestroi, aethiops, piceus, oertzeni, laconicus, Lasius niger, alienus, paralienus, Plagiolepis pygmaea, vindobonensis, Lepisiota melas, Tapinoma simrothi, nigerrimum",obligate myrmecophile,,0,count,single observation,,both,larva,,,,,,0,,,,,
HumanObservation,"Polyommatus ripartii Crematogaster sordidula, Camponotus gestroi, aethiops, piceus, oertzeni, laconicus, Lasius niger, alienus, paralienus, Plagiolepis pygmaea, vindobonensis, Lepisiota melas, Tapinoma simrothi, nigerrimum",number associated ant genera,,6,count,single observation,,both,larva,,,,,,0,,,,,
HumanObservation,"Polyommatus violetae Crematogaster sordidula, Camponotus piceus, cruentatus, Iberoformica subrufa, Plagiolepis pygmaea",obligate myrmecophile,,0,count,single observation,,both,larva,,,,,,0,,,,,
HumanObservation,"Polyommatus violetae Crematogaster sordidula, Camponotus piceus, cruentatus, Iberoformica subrufa, Plagiolepis pygmaea",number associated ant genera,,4,count,single observation,,both,larva,,,,,,0,,,,,
HumanObservation,"Polyommatus daphnis Tapinoma erraticum, Formica pratensis, Lasius alienus, Plagiolepis sp., Crematogaster sordidula",obligate myrmecophile,,0,count,single observation,,both,larva,,,,,,0,,,,,
HumanObservation,"Polyommatus daphnis Tapinoma erraticum, Formica pratensis, Lasius alienus, Plagiolepis sp., Crematogaster sordidula",number associated ant genera,,5,count,single observation,,both,larva,,,,,,0,,,,,
HumanObservation,Prosotas aluta Anoplolepis gracilipes,obligate myrmecophile,,0,count,single observation,,both,larva,,,,,,0,,,,,
HumanObservation,Prosotas aluta Anoplolepis gracilipes,number associated ant genera,,1,count,single observation,,both,larva,,,,,,0,,,,,
HumanObservation,Prosotas dubiosa Anoplolepis gracilipes,obligate myrmecophile,,0,count,single observation,,both,larva,,,,,,1,,,,,
HumanObservation,Prosotas dubiosa Anoplolepis gracilipes,number associated ant genera,,1,count,single observation,,both,larva,,,,,,1,,,,,
HumanObservation,"Prosotas felderi Crematogaster sp., Dolichoderus sp.",obligate myrmecophile,,0,count,single observation,,both,larva,,,,,,1,,,,,
HumanObservation,"Prosotas felderi Crematogaster sp., Dolichoderus sp.",number associated ant genera,,2,count,single observation,,both,larva,,,,,,1,,,,,
HumanObservation,Prosotas lutea Anoplolepis gracilipes,obligate myrmecophile,,0,count,single observation,,both,larva,,,,,,0,,,,,
HumanObservation,Prosotas lutea Anoplolepis gracilipes,number associated ant genera,,1,count,single observation,,both,larva,,,,,,0,,,,,
HumanObservation,Prosotas nora Technomyrmex sp.,obligate myrmecophile,,0,count,single observation,,both,larva,,,,,,0,,,,,
HumanObservation,Prosotas nora Technomyrmex sp.,number associated ant genera,,1,count,single observation,,both,larva,,,,,,0,,,,,
HumanObservation,Pseudaletis sp. indet. Crematogaster,obligate myrmecophile,,1,count,single observation,,both,larva,,,,,,0,,,,,
HumanObservation,Pseudaletis sp. indet. Crematogaster,number associated ant genera,,1,count,single observation,,both,larva,,,,,,0,,,,,
HumanObservation,Pseudalmenus chlorinda Anonychomyrma biconvexa,obligate myrmecophile,,1,count,single observation,,both,larva,,,,,,1,,,,,
HumanObservation,Pseudalmenus chlorinda Anonychomyrma biconvexa,number associated ant genera,,1,count,single observation,,both,larva,,,,,,1,,,,,
HumanObservation,Pseudodipsas cephenes Anonychomyrma gilberti,obligate myrmecophile,,1,count,single observation,,both,larva,,,,,,1,,,,,
HumanObservation,Pseudodipsas cephenes Anonychomyrma gilberti,number associated ant genera,,1,count,single observation,,both,larva,,,,,,1,,,,,
HumanObservation,Pseudodipsas eone Anonychomyrma gilberti,obligate myrmecophile,,1,count,single observation,,both,larva,,,,,,1,,,,,
HumanObservation,Pseudodipsas eone Anonychomyrma gilberti,number associated ant genera,,1,count,single observation,,both,larva,,,,,,1,,,,,
HumanObservation,Pseudolucia andina Dorymyrmex tener,obligate myrmecophile,,0,count,single observation,,both,larva,,,,,,0,,,,,
HumanObservation,Pseudolucia andina Dorymyrmex tener,number associated ant genera,,1,count,single observation,,both,larva,,,,,,0,,,,,
HumanObservation,Pseudolucia argentina Dorymyrmex tener,obligate myrmecophile,,0,count,single observation,,both,larva,,,,,,0,,,,,
HumanObservation,Pseudolucia argentina Dorymyrmex tener,number associated ant genera,,1,count,single observation,,both,larva,,,,,,0,,,,,
HumanObservation,"Pseudolucia avishai Dorymyrmex tener, Camponotus ovaticeps",obligate myrmecophile,,0,count,single observation,,both,larva,,,,,,0,,,,,
HumanObservation,"Pseudolucia avishai Dorymyrmex tener, Camponotus ovaticeps",number associated ant genera,,2,count,single observation,,both,larva,,,,,,0,,,,,
HumanObservation,Pseudolucia benyamini Linepithema sp.,obligate myrmecophile,,0,count,single observation,,both,larva,,,,,,0,,,,,
HumanObservation,Pseudolucia benyamini Linepithema sp.,number associated ant genera,,1,count,single observation,,both,larva,,,,,,0,,,,,
HumanObservation,"Pseudolucia charlotte Brachymyrmex sp., Dorymyrmex tener, Camponotus chilensis",obligate myrmecophile,,0,count,single observation,,both,larva,,,,,,0,,,,,
HumanObservation,"Pseudolucia charlotte Brachymyrmex sp., Dorymyrmex tener, Camponotus chilensis",number associated ant genera,,3,count,single observation,,both,larva,,,,,,0,,,,,
HumanObservation,"Pseudolucia chilensis Dorymyrmex tener, Tapinoma antarcticum, Brachymyrmex laevis, Solenopsis gayi",obligate myrmecophile,,0,count,single observation,,both,larva,,,,,,0,,,,,
HumanObservation,"Pseudolucia chilensis Dorymyrmex tener, Tapinoma antarcticum, Brachymyrmex laevis, Solenopsis gayi",number associated ant genera,,3,count,single observation,,both,larva,,,,,,0,,,,,
HumanObservation,Pseudolucia hazeorum Dorymyrmex tener,obligate myrmecophile,,0,count,single observation,,both,larva,,,,,,0,,,,,
HumanObservation,Pseudolucia hazeorum Dorymyrmex tener,number associated ant genera,,1,count,single observation,,both,larva,,,,,,0,,,,,
HumanObservation,"Pseudolucia lanin Dorymyrmex tener, Camponotus sp.",obligate myrmecophile,,0,count,single observation,,both,larva,,,,,,0,,,,,
HumanObservation,"Pseudolucia lanin Dorymyrmex tener, Camponotus sp.",number associated ant genera,,2,count,single observation,,both,larva,,,,,,0,,,,,
HumanObservation,Pseudolucia lyrnessa Dorymyrmex gallardoi,obligate myrmecophile,,0,count,single observation,,both,larva,,,,,,0,,,,,
HumanObservation,Pseudolucia lyrnessa Dorymyrmex gallardoi,number associated ant genera,,1,count,single observation,,both,larva,,,,,,0,,,,,
HumanObservation,Pseudolucia parana Dorymyrmex sp.,obligate myrmecophile,,0,count,single observation,,both,larva,,,,,,0,,,,,
HumanObservation,Pseudolucia parana Dorymyrmex sp.,number associated ant genera,,1,count,single observation,,both,larva,,,,,,0,,,,,
HumanObservation,Pseudolucia plumbea Dorymyrmex tener,obligate myrmecophile,,0,count,single observation,,both,larva,,,,,,0,,,,,
HumanObservation,Pseudolucia plumbea Dorymyrmex tener,number associated ant genera,,1,count,single observation,,both,larva,,,,,,0,,,,,
HumanObservation,Pseudolucia vera Dorymyrmex tener,obligate myrmecophile,,0,count,single observation,,both,larva,,,,,,0,,,,,
HumanObservation,Pseudolucia vera Dorymyrmex tener,number associated ant genera,,1,count,single observation,,both,larva,,,,,,0,,,,,
HumanObservation,"Pseudophilotes abencerragus Camponotus foreli, Crematogaster auberti, Plagiolepis pygmaea, schmitzii",obligate myrmecophile,,0,count,single observation,,both,larva,,,,,,0,,,,,
HumanObservation,"Pseudophilotes abencerragus Camponotus foreli, Crematogaster auberti, Plagiolepis pygmaea, schmitzii",number associated ant genera,,3,count,single observation,,both,larva,,,,,,0,,,,,
HumanObservation,"Pseudophilotes baton Myrmica scabrinodis, Crematogaster auberti, Lasius alienus, grandis, Camponotus aethiops, piceus, Formica nr. rufibarbis, cunicularia",obligate myrmecophile,,0,count,single observation,,both,larva,,,,,,0,,,,,
HumanObservation,"Pseudophilotes baton Myrmica scabrinodis, Crematogaster auberti, Lasius alienus, grandis, Camponotus aethiops, piceus, Formica nr. rufibarbis, cunicularia",number associated ant genera,,5,count,single observation,,both,larva,,,,,,0,,,,,
HumanObservation,"Pseudophilotes bavius Formica sp., Camponotus atricolor, Crematogaster sordidula",obligate myrmecophile,,0,count,single observation,,both,larva,,,,,,0,,,,,
HumanObservation,"Pseudophilotes bavius Formica sp., Camponotus atricolor, Crematogaster sordidula",number associated ant genera,,3,count,single observation,,both,larva,,,,,,0,,,,,
HumanObservation,"Pseudophilotes panoptes Crematogaster auberti, Camponotus piceus, cruentatus, Lasius grandis",obligate myrmecophile,,0,count,single observation,,both,larva,,,,,,0,,,,,
HumanObservation,"Pseudophilotes panoptes Crematogaster auberti, Camponotus piceus, cruentatus, Lasius grandis",number associated ant genera,,3,count,single observation,,both,larva,,,,,,0,,,,,
HumanObservation,"Pseudophilotes sinaicus Lepisiota obtusa, hirsuta, Monomorium niloticum",obligate myrmecophile,,0,count,single observation,,both,larva,,,,,,0,,,,,
HumanObservation,"Pseudophilotes sinaicus Lepisiota obtusa, hirsuta, Monomorium niloticum",number associated ant genera,,2,count,single observation,,both,larva,,,,,,0,,,,,
HumanObservation,"Pseudophilotes vicrama Camponotus sp., Myrmica sabuleti",obligate myrmecophile,,0,count,single observation,,both,larva,,,,,,0,,,,,
HumanObservation,"Pseudophilotes vicrama Camponotus sp., Myrmica sabuleti",number associated ant genera,,2,count,single observation,,both,larva,,,,,,0,,,,,
HumanObservation,"Pseudozizeeria maha Pheidole sp., Monomorium sp.",obligate myrmecophile,,0,count,single observation,,both,larva,,,,,,0,,,,,
HumanObservation,"Pseudozizeeria maha Pheidole sp., Monomorium sp.",number associated ant genera,,2,count,single observation,,both,larva,,,,,,0,,,,,
HumanObservation,Psychonotis caelius Technomyrmex nr. albipes,obligate myrmecophile,,0,count,single observation,,both,larva,,,,,,1,,,,,
HumanObservation,Psychonotis caelius Technomyrmex nr. albipes,number associated ant genera,,2,count,single observation,,both,larva,,,,,,1,,,,,
HumanObservation,Rapala dieneces Philidris sp.,obligate myrmecophile,,1,count,single observation,,both,larva,,,,,,0,,,,,
HumanObservation,Rapala dieneces Philidris sp.,number associated ant genera,,1,count,single observation,,both,larva,,,,,,0,,,,,
HumanObservation,Rapala iarbus Anoplolepis gracilipes,obligate myrmecophile,,0,count,single observation,,both,larva,,,,,,0,,,,,
HumanObservation,Rapala iarbus Anoplolepis gracilipes,number associated ant genera,,1,count,single observation,,both,larva,,,,,,0,,,,,
HumanObservation,"Rapala manea Crematogaster sp., Dolichoderus Camponotus sp.",obligate myrmecophile,,0,count,single observation,,both,larva,,,,,,0,,,,,
HumanObservation,"Rapala manea Crematogaster sp., Dolichoderus Camponotus sp.",number associated ant genera,,3,count,single observation,,both,larva,,,,,,0,,,,,
HumanObservation,Rapala pheretima Oecophylla smaragdina,obligate myrmecophile,,1,count,single observation,,both,larva,,,,,,0,,,,,
HumanObservation,Rapala pheretima Oecophylla smaragdina,number associated ant genera,,1,count,single observation,,both,larva,,,,,,0,,,,,
HumanObservation,Rapala suffusa Philidris sp.,obligate myrmecophile,,1,count,single observation,,both,larva,,,,,,0,,,,,
HumanObservation,Rapala suffusa Philidris sp.,number associated ant genera,,1,count,single observation,,both,larva,,,,,,0,,,,,
HumanObservation,Rapala varuna Technomyrmex nr. albipes,obligate myrmecophile,,0,count,single observation,,both,larva,,,,,,1,,,,,
HumanObservation,Rapala varuna Technomyrmex nr. albipes,number associated ant genera,,1,count,single observation,,both,larva,,,,,,1,,,,,
HumanObservation,"Rekoa marius Crematogaster sp., Pheidole Camponotus crassus, blandus, Brachymyrmex Dorymyrmex Ectatomma tuberculatum",obligate myrmecophile,,0,count,single observation,,both,larva,,,,,,0,,,,,
HumanObservation,"Rekoa marius Crematogaster sp., Pheidole Camponotus crassus, blandus, Brachymyrmex Dorymyrmex Ectatomma tuberculatum",number associated ant genera,,7,count,single observation,,both,larva,,,,,,0,,,,,
HumanObservation,Rekoa meton Pheidole sp.,obligate myrmecophile,,0,count,single observation,,both,larva,,,,,,0,,,,,
HumanObservation,Rekoa meton Pheidole sp.,number associated ant genera,,1,count,single observation,,both,larva,,,,,,0,,,,,
HumanObservation,"Rekoa palegon Solenopsis sp., Camponotus crassus, C. rufipes, cingulatus, Dorymyrmex Azteca sp.",obligate myrmecophile,,0,count,single observation,,both,larva,,,,,,0,,,,,
HumanObservation,"Rekoa palegon Solenopsis sp., Camponotus crassus, C. rufipes, cingulatus, Dorymyrmex Azteca sp.",number associated ant genera,,4,count,single observation,,both,larva,,,,,,0,,,,,
HumanObservation,Rekoa stagira Camponotus blandus,obligate myrmecophile,,0,count,single observation,,both,larva,,,,,,0,,,,,
HumanObservation,Rekoa stagira Camponotus blandus,number associated ant genera,,1,count,single observation,,both,larva,,,,,,0,,,,,
HumanObservation,"Remelana jangala Polyrhachis dives, Anoplolepis gracilipes, Tapinoma sp.",obligate myrmecophile,,0,count,single observation,,both,larva,,,,,,0,,,,,
HumanObservation,"Remelana jangala Polyrhachis dives, Anoplolepis gracilipes, Tapinoma sp.",number associated ant genera,,3,count,single observation,,both,larva,,,,,,0,,,,,
HumanObservation,Satyrium calanus Lasius sp.,obligate myrmecophile,,0,count,single observation,,both,larva,,,,,,0,,,,,
HumanObservation,Satyrium calanus Lasius sp.,number associated ant genera,,1,count,single observation,,both,larva,,,,,,0,,,,,
HumanObservation,Satyrium edwardsii Formica integra,obligate myrmecophile,,0,count,single observation,,both,larva,,,,,,0,,,,,
HumanObservation,Satyrium edwardsii Formica integra,number associated ant genera,,1,count,single observation,,both,larva,,,,,,0,,,,,
HumanObservation,"Satyrium esculi Camponotus cruentatus, Iberoformica subrufa, Lasius grandis",obligate myrmecophile,,0,count,single observation,,both,larva,,,,,,0,,,,,
HumanObservation,"Satyrium esculi Camponotus cruentatus, Iberoformica subrufa, Lasius grandis",number associated ant genera,,3,count,single observation,,both,larva,,,,,,0,,,,,
HumanObservation,"Satyrium fuliginosum Formica nr. rufa, F. microgyna, Camponotus vicinus",obligate myrmecophile,,0,count,single observation,,both,larva,,,,,,0,,,,,
HumanObservation,"Satyrium fuliginosum Formica nr. rufa, F. microgyna, Camponotus vicinus",number associated ant genera,,3,count,single observation,,both,larva,,,,,,0,,,,,
HumanObservation,"Satyrium ilicis Crematogaster schmidti, nr. ionia, Camponotus aethiops, Lasius niger",obligate myrmecophile,,0,count,single observation,,both,larva,,,,,,0,,,,,
HumanObservation,"Satyrium ilicis Crematogaster schmidti, nr. ionia, Camponotus aethiops, Lasius niger",number associated ant genera,,3,count,single observation,,both,larva,,,,,,0,,,,,
HumanObservation,"Satyrium spini Formica pratensis, Lasius psammophilus, emarginatus, alienus, niger, Camponotus nr. sylvaticus / pilicornis, Crematogaster ionia, Tapinoma erraticum",obligate myrmecophile,,0,count,single observation,,both,larva,,,,,,0,,,,,
HumanObservation,"Satyrium spini Formica pratensis, Lasius psammophilus, emarginatus, alienus, niger, Camponotus nr. sylvaticus / pilicornis, Crematogaster ionia, Tapinoma erraticum",number associated ant genera,,5,count,single observation,,both,larva,,,,,,0,,,,,
HumanObservation,"Satyrium tetra Crematogaster sp., Prenolepis imparis",obligate myrmecophile,,0,count,single observation,,both,larva,,,,,,0,,,,,
HumanObservation,"Satyrium tetra Crematogaster sp., Prenolepis imparis",number associated ant genera,,2,count,single observation,,both,larva,,,,,,0,,,,,
HumanObservation,"Satyrium titus Formica subsericea, Camponotus nearcticus",obligate myrmecophile,,0,count,single observation,,both,larva,,,,,,0,,,,,
HumanObservation,"Satyrium titus Formica subsericea, Camponotus nearcticus",number associated ant genera,,2,count,single observation,,both,larva,,,,,,0,,,,,
HumanObservation,"Satyrium w-album Formica sp., Lasius nr. fuliginosus, emarginatus, Crematogaster scutellaris",obligate myrmecophile,,0,count,single observation,,both,larva,,,,,,0,,,,,
HumanObservation,"Satyrium w-album Formica sp., Lasius nr. fuliginosus, emarginatus, Crematogaster scutellaris",number associated ant genera,,3,count,single observation,,both,larva,,,,,,0,,,,,
HumanObservation,"Scolitantides orion Pheidole pallidula, Tetramorium impurum, Temnothorax sp., Tapinoma erraticum, T. nigerrimum, Camponotus aethiops, lateralis, C. ligniperda, vagus, piceus, Lasius alienus, niger, emarginatus, fuliginosus, Formica fusca, glauca, Cataglyphis cursor",obligate myrmecophile,,0,count,single observation,,both,larva,,,,,,0,,,,,
HumanObservation,"Scolitantides orion Pheidole pallidula, Tetramorium impurum, Temnothorax sp., Tapinoma erraticum, T. nigerrimum, Camponotus aethiops, lateralis, C. ligniperda, vagus, piceus, Lasius alienus, niger, emarginatus, fuliginosus, Formica fusca, glauca, Cataglyphis cursor",number associated ant genera,,8,count,single observation,,both,larva,,,,,,0,,,,,
HumanObservation,Semanga superba Dolichoderus nr. thoracicus,obligate myrmecophile,,1,count,single observation,,both,larva,,,,,,0,,,,,
HumanObservation,Semanga superba Dolichoderus nr. thoracicus,number associated ant genera,,1,count,single observation,,both,larva,,,,,,0,,,,,
HumanObservation,"Shirozua jonasi Lasius spathepus, fuliginosus, morisitai",obligate myrmecophile,,1,count,single observation,,both,larva,,,,,,0,,,,,
HumanObservation,"Shirozua jonasi Lasius spathepus, fuliginosus, morisitai",number associated ant genera,,1,count,single observation,,both,larva,,,,,,0,,,,,
HumanObservation,"Sinia divina Camponotus japonicus, Paraparatrechina sakurae, Lasius niger, productus, fuliginosus, hayashi, Formica japonica, Crematogaster sordidula, Myrmica kotokui",obligate myrmecophile,,0,count,single observation,,both,larva,,,,,,0,,,,,
HumanObservation,"Sinia divina Camponotus japonicus, Paraparatrechina sakurae, Lasius niger, productus, fuliginosus, hayashi, Formica japonica, Crematogaster sordidula, Myrmica kotokui",number associated ant genera,,6,count,single observation,,both,larva,,,,,,0,,,,,
HumanObservation,Strymon heodes Brachymyrmex laevis,obligate myrmecophile,,0,count,single observation,,both,larva,,,,,,0,,,,,
HumanObservation,Strymon heodes Brachymyrmex laevis,number associated ant genera,,1,count,single observation,,both,larva,,,,,,0,,,,,
HumanObservation,"Strymon martialis Camponotus floridanus, planatus",obligate myrmecophile,,0,count,single observation,,both,larva,,,,,,0,,,,,
HumanObservation,"Strymon martialis Camponotus floridanus, planatus",number associated ant genera,,1,count,single observation,,both,larva,,,,,,0,,,,,
HumanObservation,Strymon melinus Linepithema humile,obligate myrmecophile,,0,count,single observation,,both,larva,,,,,,0,,,,,
HumanObservation,Strymon melinus Linepithema humile,number associated ant genera,,2,count,single observation,,both,larva,,,,,,0,,,,,
HumanObservation,Strymon mulucha Camponotus sp.,obligate myrmecophile,,0,count,single observation,,both,larva,,,,,,0,,,,,
HumanObservation,Strymon mulucha Camponotus sp.,number associated ant genera,,1,count,single observation,,both,larva,,,,,,0,,,,,
HumanObservation,Strymon serapio Crematogaster sp.,obligate myrmecophile,,0,count,single observation,,both,larva,,,,,,0,,,,,
HumanObservation,Strymon serapio Crematogaster sp.,number associated ant genera,,1,count,single observation,,both,larva,,,,,,0,,,,,
HumanObservation,"Surendra florimel Crematogaster sp., Tetramorium Rhoptromyrmex wroughtonii, Pheidole Dolichoderus Technomyrmex Tapinoma Philidris Paratrechina sp.",obligate myrmecophile,,0,count,single observation,,both,larva,,,,,,0,,,,,
HumanObservation,"Surendra florimel Crematogaster sp., Tetramorium Rhoptromyrmex wroughtonii, Pheidole Dolichoderus Technomyrmex Tapinoma Philidris Paratrechina sp.",number associated ant genera,,8,count,single observation,,both,larva,,,,,,0,,,,,
HumanObservation,"Surendra quercetorum Anoplolepis gracilipes, Camponotus sp., Crematogaster Pheidole Technomyrmex sp.",obligate myrmecophile,,0,count,single observation,,both,larva,,,,,,0,,,,,
HumanObservation,"Surendra quercetorum Anoplolepis gracilipes, Camponotus sp., Crematogaster Pheidole Technomyrmex sp.",number associated ant genera,,5,count,single observation,,both,larva,,,,,,0,,,,,
HumanObservation,"Surendra vivarna Anoplolepis gracilipes, Dolichoderus nr. thoracicus, Technomyrmex sp.",obligate myrmecophile,,0,count,single observation,,both,larva,,,,,,0,,,,,
HumanObservation,"Surendra vivarna Anoplolepis gracilipes, Dolichoderus nr. thoracicus, Technomyrmex sp.",number associated ant genera,,3,count,single observation,,both,larva,,,,,,0,,,,,
HumanObservation,"Tajuria cippus Dolichoderus nr. thoracicus, Monomorium sp., Oecophylla smaragdina",obligate myrmecophile,,0,count,single observation,,both,larva,,,,,,0,,,,,
HumanObservation,"Tajuria cippus Dolichoderus nr. thoracicus, Monomorium sp., Oecophylla smaragdina",number associated ant genera,,3,count,single observation,,both,larva,,,,,,0,,,,,
HumanObservation,"Talicada nyseus Crematogaster sp., Monomorium sp.",obligate myrmecophile,,0,count,single observation,,both,larva,,,,,,0,,,,,
HumanObservation,"Talicada nyseus Crematogaster sp., Monomorium sp.",number associated ant genera,,2,count,single observation,,both,larva,,,,,,0,,,,,
HumanObservation,Tarucus ananda Crematogaster sp.,obligate myrmecophile,,0,count,single observation,,both,larva,,,,,,0,,,,,
HumanObservation,Tarucus ananda Crematogaster sp.,number associated ant genera,,1,count,single observation,,both,larva,,,,,,0,,,,,
HumanObservation,"Tarucus balkanicus Dolichoderus quadripunctatus, Tapinoma melanocephalum, Monomorium sp., Camponotus compressus, Crematogaster sp.",obligate myrmecophile,,0,count,single observation,,both,larva,,,,,,0,,,,,
HumanObservation,"Tarucus balkanicus Dolichoderus quadripunctatus, Tapinoma melanocephalum, Monomorium sp., Camponotus compressus, Crematogaster sp.",number associated ant genera,,5,count,single observation,,both,larva,,,,,,0,,,,,
HumanObservation,Tarucus callinara Crematogaster sp.,obligate myrmecophile,,0,count,single observation,,both,larva,,,,,,0,,,,,
HumanObservation,Tarucus callinara Crematogaster sp.,number associated ant genera,,1,count,single observation,,both,larva,,,,,,0,,,,,
HumanObservation,"Tarucus hazara Crematogaster sp., Meranoplus bicolor",obligate myrmecophile,,0,count,single observation,,both,larva,,,,,,0,,,,,
HumanObservation,"Tarucus hazara Crematogaster sp., Meranoplus bicolor",number associated ant genera,,2,count,single observation,,both,larva,,,,,,0,,,,,
HumanObservation,"Tarucus indica Crematogaster sp., Camponotus compressus",obligate myrmecophile,,0,count,single observation,,both,larva,,,,,,0,,,,,
HumanObservation,"Tarucus indica Crematogaster sp., Camponotus compressus",number associated ant genera,,2,count,single observation,,both,larva,,,,,,0,,,,,
HumanObservation,"Tarucus nara Camponotus compressus, Crematogaster sp., Pheidole latinoda, Monomorium sp.",obligate myrmecophile,,0,count,single observation,,both,larva,,,,,,0,,,,,
HumanObservation,"Tarucus nara Camponotus compressus, Crematogaster sp., Pheidole latinoda, Monomorium sp.",number associated ant genera,,4,count,single observation,,both,larva,,,,,,0,,,,,
HumanObservation,"Tarucus rosaceus Monomorium salomonis, Plagiolepis pygmaea, Camponotus sicheli",obligate myrmecophile,,0,count,single observation,,both,larva,,,,,,0,,,,,
HumanObservation,"Tarucus rosaceus Monomorium salomonis, Plagiolepis pygmaea, Camponotus sicheli",number associated ant genera,,3,count,single observation,,both,larva,,,,,,0,,,,,
HumanObservation,"Tarucus theophrastus Crematogaster fuentei, nr. scutellaris, auberti, Camponotus sp., Pheidole sp.",obligate myrmecophile,,0,count,single observation,,both,larva,,,,,,0,,,,,
HumanObservation,"Tarucus theophrastus Crematogaster fuentei, nr. scutellaris, auberti, Camponotus sp., Pheidole sp.",number associated ant genera,,3,count,single observation,,both,larva,,,,,,0,,,,,
HumanObservation,Tarucus thespis Linepithema humile,obligate myrmecophile,,0,count,single observation,,both,larva,,,,,,0,,,,,
HumanObservation,Tarucus thespis Linepithema humile,number associated ant genera,,1,count,single observation,,both,larva,,,,,,0,,,,,
HumanObservation,Tarucus venosus Pheidole minor,obligate myrmecophile,,0,count,single observation,,both,larva,,,,,,0,,,,,
HumanObservation,Tarucus venosus Pheidole minor,number associated ant genera,,1,count,single observation,,both,larva,,,,,,0,,,,,
HumanObservation,Tarucus waterstradti Crematogaster sp.,obligate myrmecophile,,0,count,single observation,,both,larva,,,,,,0,,,,,
HumanObservation,Tarucus waterstradti Crematogaster sp.,number associated ant genera,,1,count,single observation,,both,larva,,,,,,0,,,,,
HumanObservation,"Thaduka multicaudata Crematogaster sp., Camponotus Anoplolepis gracilipes",obligate myrmecophile,,0,count,single observation,,both,larva,,,,,,0,,,,,
HumanObservation,"Thaduka multicaudata Crematogaster sp., Camponotus Anoplolepis gracilipes",number associated ant genera,,3,count,single observation,,both,larva,,,,,,0,,,,,
HumanObservation,"Thecla betulae Lasius niger, grandis, emarginatus, Formica rufibarbis, Camponotus aethiops, Crematogaster scutellaris",obligate myrmecophile,,0,count,single observation,,both,larva,,,,,,0,,,,,
HumanObservation,"Thecla betulae Lasius niger, grandis, emarginatus, Formica rufibarbis, Camponotus aethiops, Crematogaster scutellaris",number associated ant genera,,4,count,single observation,,both,larva,,,,,,0,,,,,
HumanObservation,"Theclinesthes albocincta Rhytidoponera metallica, Myrmecia nigriscapa, Iridomyrmex nr. anceps, rufoniger, Dolichoderus sp., Notoncus gilberti, Ochetellus glaber, Camponotus consobrinus, rubiginosus, Polyrhachis Crematogaster Melophorus Monomorium sp.",obligate myrmecophile,,0,count,single observation,,both,larva,,,,,,1,,,,,
HumanObservation,"Theclinesthes albocincta Rhytidoponera metallica, Myrmecia nigriscapa, Iridomyrmex nr. anceps, rufoniger, Dolichoderus sp., Notoncus gilberti, Ochetellus glaber, Camponotus consobrinus, rubiginosus, Polyrhachis Crematogaster Melophorus Monomorium sp.",number associated ant genera,,11,count,single observation,,both,larva,,,,,,1,,,,,
HumanObservation,Theclinesthes hesperia Iridomyrmex conifer,obligate myrmecophile,,0,count,single observation,,both,larva,,,,,,1,,,,,
HumanObservation,Theclinesthes hesperia Iridomyrmex conifer,number associated ant genera,,1,count,single observation,,both,larva,,,,,,1,,,,,
HumanObservation,"Theclinesthes miskini Oecophylla smaragdina, Crematogaster sp., Dolichoderus scrobiculatus, Opisthopsis haddoni, Camponotus wiederkehri, maculatus, Iridomyrmex nr. anceps, gracilis, viridiaenus, rufoniger pallidus, mattiroloi, reburrus, sanguineus, Froggattella kirbii, Paratrechina sp.",obligate myrmecophile,,0,count,single observation,,both,larva,,,,,,1,,,,,
HumanObservation,"Theclinesthes miskini Oecophylla smaragdina, Crematogaster sp., Dolichoderus scrobiculatus, Opisthopsis haddoni, Camponotus wiederkehri, maculatus, Iridomyrmex nr. anceps, gracilis, viridiaenus, rufoniger pallidus, mattiroloi, reburrus, sanguineus, Froggattella kirbii, Paratrechina sp.",number associated ant genera,,8,count,single observation,,both,larva,,,,,,1,,,,,
HumanObservation,"Theclinesthes onycha Ochetellus glaber, Iridomyrmex purpureus, Notoncus ectatommoides, Nylanderia nr. bourbonica, Polyrhachis ammon, lydiae, Camponotus sp., Calomyrmex Monomorium sp.",obligate myrmecophile,,0,count,single observation,,both,larva,,,,,,1,,,,,
HumanObservation,"Theclinesthes onycha Ochetellus glaber, Iridomyrmex purpureus, Notoncus ectatommoides, Nylanderia nr. bourbonica, Polyrhachis ammon, lydiae, Camponotus sp., Calomyrmex Monomorium sp.",number associated ant genera,,8,count,single observation,,both,larva,,,,,,1,,,,,
HumanObservation,"Theclinesthes serpentata Iridomyrmex spp., Notoncus sp., Camponotus nr. ceriseipes, Myrmecia nigrocincta, Monomorium rubriceps",obligate myrmecophile,,0,count,single observation,,both,larva,,,,,,1,,,,,
HumanObservation,"Theclinesthes serpentata Iridomyrmex spp., Notoncus sp., Camponotus nr. ceriseipes, Myrmecia nigrocincta, Monomorium rubriceps",number associated ant genera,,5,count,single observation,,both,larva,,,,,,1,,,,,
HumanObservation,Theclinesthes sulpitius Iridomyrmex sp.,obligate myrmecophile,,0,count,single observation,,both,larva,,,,,,1,,,,,
HumanObservation,Theclinesthes sulpitius Iridomyrmex sp.,number associated ant genera,,1,count,single observation,,both,larva,,,,,,1,,,,,
HumanObservation,"Thereus lomalarga Camponotus sp., Crematogaster Pheidole Linepithema Pseudomyrmex sp.",obligate myrmecophile,,0,count,single observation,,both,larva,,,,,,0,,,,,
HumanObservation,"Thereus lomalarga Camponotus sp., Crematogaster Pheidole Linepithema Pseudomyrmex sp.",number associated ant genera,,5,count,single observation,,both,larva,,,,,,0,,,,,
HumanObservation,"Tmolus echion Ectatomma sp., Dolichoderus bispinosus, Paratrechina longicornis",obligate myrmecophile,,0,count,single observation,,both,larva,,,,,,0,,,,,
HumanObservation,"Tmolus echion Ectatomma sp., Dolichoderus bispinosus, Paratrechina longicornis",number associated ant genera,,3,count,single observation,,both,larva,,,,,,0,,,,,
HumanObservation,Tmolus venustus Camponotus blandus,obligate myrmecophile,,0,count,single observation,,both,larva,,,,,,0,,,,,
HumanObservation,Tmolus venustus Camponotus blandus,number associated ant genera,,1,count,single observation,,both,larva,,,,,,0,,,,,
HumanObservation,"Tomares ballus Plagiolepis pygmaea, Crematogaster auberti, sordidula, Tetramorium forte, Aphaenogaster gibbosa, Temnothorax sp., Iberoformica subrufa, Lasius grandis, Camponotus aethiops, cruentatus, pilicornis, Tapinoma nigerrimum",obligate myrmecophile,,0,count,single observation,,both,larva,,,,,,0,,,,,
HumanObservation,"Tomares ballus Plagiolepis pygmaea, Crematogaster auberti, sordidula, Tetramorium forte, Aphaenogaster gibbosa, Temnothorax sp., Iberoformica subrufa, Lasius grandis, Camponotus aethiops, cruentatus, pilicornis, Tapinoma nigerrimum",number associated ant genera,,9,count,single observation,,both,larva,,,,,,0,,,,,
HumanObservation,Tomares callimachus Tetramorium sp.,obligate myrmecophile,,0,count,single observation,,both,larva,,,,,,0,,,,,
HumanObservation,Tomares callimachus Tetramorium sp.,number associated ant genera,,1,count,single observation,,both,larva,,,,,,0,,,,,
HumanObservation,"Tomares nogelii Formica sp., Plagiolepis sp.",obligate myrmecophile,,0,count,single observation,,both,larva,,,,,,0,,,,,
HumanObservation,"Tomares nogelii Formica sp., Plagiolepis sp.",number associated ant genera,,2,count,single observation,,both,larva,,,,,,0,,,,,
HumanObservation,"Tongeia fischeri Ochetellus glaber, Lasius productus, Formica japonica, Cardiocondyla nuda, Crematogaster nawai, Pheidole fervens, Tetramorium bicarinatum, tsushimae",obligate myrmecophile,,0,count,single observation,,both,larva,,,,,,0,,,,,
HumanObservation,"Tongeia fischeri Ochetellus glaber, Lasius productus, Formica japonica, Cardiocondyla nuda, Crematogaster nawai, Pheidole fervens, Tetramorium bicarinatum, tsushimae",number associated ant genera,,7,count,single observation,,both,larva,,,,,,0,,,,,
HumanObservation,Triclema inconspicua Crematogaster sp.,obligate myrmecophile,,1,count,single observation,,both,larva,,,,,,0,,,,,
HumanObservation,Triclema inconspicua Crematogaster sp.,number associated ant genera,,1,count,single observation,,both,larva,,,,,,0,,,,,
HumanObservation,Triclema lamias Crematogaster sp.,obligate myrmecophile,,1,count,single observation,,both,larva,,,,,,0,,,,,
HumanObservation,Triclema lamias Crematogaster sp.,number associated ant genera,,1,count,single observation,,both,larva,,,,,,0,,,,,
HumanObservation,Triclema lucretilis Crematogaster buchneri,obligate myrmecophile,,0,count,single observation,,both,larva,,,,,,0,,,,,
HumanObservation,Triclema lucretilis Crematogaster buchneri,number associated ant genera,,1,count,single observation,,both,larva,,,,,,0,,,,,
HumanObservation,Triclema nigeriae Crematogaster bequaerti,obligate myrmecophile,,1,count,single observation,,both,larva,,,,,,0,,,,,
HumanObservation,Triclema nigeriae Crematogaster bequaerti,number associated ant genera,,1,count,single observation,,both,larva,,,,,,0,,,,,
HumanObservation,Trimenia malagrida Anoplolepis custodiens,obligate myrmecophile,,1,count,single observation,,both,larva,,,,,,0,,,,,
HumanObservation,Trimenia malagrida Anoplolepis custodiens,number associated ant genera,,1,count,single observation,,both,larva,,,,,,0,,,,,
HumanObservation,Tylopaedia sardonyx Crematogaster nr. melanogaster,obligate myrmecophile,,1,count,single observation,,both,larva,,,,,,0,,,,,
HumanObservation,Tylopaedia sardonyx Crematogaster nr. melanogaster,number associated ant genera,,1,count,single observation,,both,larva,,,,,,0,,,,,
HumanObservation,Una rantaizana Formica sp.,obligate myrmecophile,,1,count,single observation,,both,larva,,,,,,0,,,,,
HumanObservation,Una rantaizana Formica sp.,number associated ant genera,,1,count,single observation,,both,larva,,,,,,0,,,,,
HumanObservation,Vansomerenia rogersi Crematogaster sp.,obligate myrmecophile,,1,count,single observation,,both,larva,,,,,,0,,,,,
HumanObservation,Vansomerenia rogersi Crematogaster sp.,number associated ant genera,,1,count,single observation,,both,larva,,,,,,0,,,,,
HumanObservation,Yasoda androconifera Dolichoderus sp.,obligate myrmecophile,,0,count,single observation,,both,larva,,,,,,0,,,,,
HumanObservation,Yasoda androconifera Dolichoderus sp.,number associated ant genera,,1,count,single observation,,both,larva,,,,,,0,,,,,
HumanObservation,Yasoda pita Tetramorium sp.,obligate myrmecophile,,0,count,single observation,,both,larva,,,,,,0,,,,,
HumanObservation,Yasoda pita Tetramorium sp.,number associated ant genera,,1,count,single observation,,both,larva,,,,,,0,,,,,
HumanObservation,Zesius chrysomallus Oecophylla smaragdina,obligate myrmecophile,,1,count,single observation,,both,larva,,,,,,0,,,,,
HumanObservation,Zesius chrysomallus Oecophylla smaragdina,number associated ant genera,,1,count,single observation,,both,larva,,,,,,0,,,,,
HumanObservation,Zinaspa todara Technomyrmex sp.,obligate myrmecophile,,0,count,single observation,,both,larva,,,,,,0,,,,,
HumanObservation,Zinaspa todara Technomyrmex sp.,number associated ant genera,,1,count,single observation,,both,larva,,,,,,0,,,,,
HumanObservation,"Zintha hintza Crematogaster jeanneli, Technomyrmex detorquens",obligate myrmecophile,,0,count,single observation,,both,larva,,,,,,0,,,,,
HumanObservation,"Zintha hintza Crematogaster jeanneli, Technomyrmex detorquens",number associated ant genera,,2,count,single observation,,both,larva,,,,,,0,,,,,
HumanObservation,"Zizeeria karsandra Tapinoma melanocephalum, Leptothorax sp., Monomorium sp.",obligate myrmecophile,,0,count,single observation,,both,larva,,,,,,1,,,,,
HumanObservation,"Zizeeria karsandra Tapinoma melanocephalum, Leptothorax sp., Monomorium sp.",number associated ant genera,,3,count,single observation,,both,larva,,,,,,1,,,,,
HumanObservation,"Zizeeria knysna Pheidole pallidula, Formica cunicularia, Lasius niger",obligate myrmecophile,,0,count,single observation,,both,larva,,,,,,0,,,,,
HumanObservation,"Zizeeria knysna Pheidole pallidula, Formica cunicularia, Lasius niger",number associated ant genera,,3,count,single observation,,both,larva,,,,,,0,,,,,
HumanObservation,"Zizina labradus Rhytidoponera sp., Tapinoma Iridomyrmex Paratrechina Prolasius sp.",obligate myrmecophile,,0,count,single observation,,both,larva,,,,,,1,,,,,
HumanObservation,"Zizina labradus Rhytidoponera sp., Tapinoma Iridomyrmex Paratrechina Prolasius sp.",number associated ant genera,,5,count,single observation,,both,larva,,,,,,1,,,,,
