basisOfRecord,verbatimIdentification,measurementType,measurementMethod,measurementValue ,measurementUnit,measurementStatistic,measurementRemarks,sex,lifeStage,caste,sampleSizeValue,sampleSizeUnit,sampleTreatment,samplingProtocol,verbatimLocality ,verbatimCoordinates,verbatimEventDate,associatedOccurrences,associatedReferences ,externalLink
PreservedSpecimen,Camponotus cinctellus,Morphological trait Weber s length,Standard linear measurement using an ocular micrometer mounted on a dissecting microscope,2.2,mm,mean ± SE,,both,adult,,,,,,18,,,,,
PreservedSpecimen,Camponotus cinctellus,Morphological trait head length,,1.5,mm,mean,,both,adult,,,,,,18,,,,,
PreservedSpecimen,Camponotus cinctellus,Morphological trait femur length,Standard linear measurement using an ocular micrometer mounted on a dissecting microscope,2.2,mm,mean ± SE,,both,adult,,,,,,18,,,,,
PreservedSpecimen,Camponotus cinctellus,Morphological trait pronotum width,Standard linear measurement of pronotum width using an ocular micrometer mounted on a dissecting microscope,0.9,mm,mean ± SE,,both,adult,,,,,,18,,,,,
PreservedSpecimen,Camponotus cinctellus,Morphological trait head with between the eyes,Standard linear measurement using an ocular micrometer mounted on a dissecting microscope,0.86,mm,mean ± SE,,both,adult,,,,,,18,,,,,
PreservedSpecimen,Camponotus cinctellus,Morphological trait head width behind the eyes,Standard linear measurement using an ocular micrometer mounted on a dissecting microscope,1.20,mm,mean ± SE,,both,adult,,,,,,18,,,,,
PreservedSpecimen,Camponotus cinctellus,Morphological trait eye position,,0.3,mm,mean ± SE,,both,adult,,,,,,18,,,,,
PreservedSpecimen,Camponotus sp. A,Morphological trait Weber s length,Standard linear measurement using an ocular micrometer mounted on a dissecting microscope,2.3,mm,mean ± SE,,both,adult,,,,,,5,,,,,
PreservedSpecimen,Camponotus sp. A,Morphological trait head length,,1.5,mm,mean,,both,adult,,,,,,5,,,,,
PreservedSpecimen,Camponotus sp. A,Morphological trait femur length,Standard linear measurement using an ocular micrometer mounted on a dissecting microscope,1.8,mm,mean ± SE,,both,adult,,,,,,5,,,,,
PreservedSpecimen,Camponotus sp. A,Morphological trait pronotum width,Standard linear measurement of pronotum width using an ocular micrometer mounted on a dissecting microscope,1.4,mm,mean ± SE,,both,adult,,,,,,5,,,,,
PreservedSpecimen,Camponotus sp. A,Morphological trait head with between the eyes,Standard linear measurement using an ocular micrometer mounted on a dissecting microscope,0.98,mm,mean ± SE,,both,adult,,,,,,5,,,,,
PreservedSpecimen,Camponotus sp. A,Morphological trait head width behind the eyes,Standard linear measurement using an ocular micrometer mounted on a dissecting microscope,1.57,mm,mean ± SE,,both,adult,,,,,,5,,,,,
PreservedSpecimen,Camponotus sp. A,Morphological trait eye position,,0.5,mm,mean ± SE,,both,adult,,,,,,5,,,,,
PreservedSpecimen,Cardiocondyla sp. A,Morphological trait Weber s length,Standard linear measurement using an ocular micrometer mounted on a dissecting microscope,0.4,mm,mean ± SE,,both,adult,,,,,,2,,,,,
PreservedSpecimen,Cardiocondyla sp. A,Morphological trait head length,,0.3,mm,mean,,both,adult,,,,,,2,,,,,
PreservedSpecimen,Cardiocondyla sp. A,Morphological trait femur length,Standard linear measurement using an ocular micrometer mounted on a dissecting microscope,0.3,mm,mean ± SE,,both,adult,,,,,,2,,,,,
PreservedSpecimen,Cardiocondyla sp. A,Morphological trait pronotum width,Standard linear measurement of pronotum width using an ocular micrometer mounted on a dissecting microscope,0.2,mm,mean ± SE,,both,adult,,,,,,2,,,,,
PreservedSpecimen,Cardiocondyla sp. A,Morphological trait head with between the eyes,Standard linear measurement using an ocular micrometer mounted on a dissecting microscope,0.25,mm,mean ± SE,,both,adult,,,,,,2,,,,,
PreservedSpecimen,Cardiocondyla sp. A,Morphological trait head width behind the eyes,Standard linear measurement using an ocular micrometer mounted on a dissecting microscope,0.33,mm,mean ± SE,,both,adult,,,,,,2,,,,,
PreservedSpecimen,Cardiocondyla sp. A,Morphological trait eye position,,0.0,mm,mean ± SE,,both,adult,,,,,,2,,,,,
PreservedSpecimen,Lepisiota sp. A,Morphological trait Weber s length,Standard linear measurement using an ocular micrometer mounted on a dissecting microscope,0.7,mm,mean ± SE,,both,adult,,,,,,1,,,,,
PreservedSpecimen,Lepisiota sp. A,Morphological trait head length,,0.3,mm,mean,,both,adult,,,,,,1,,,,,
PreservedSpecimen,Lepisiota sp. A,Morphological trait femur length,Standard linear measurement using an ocular micrometer mounted on a dissecting microscope,0.6,mm,mean ± SE,,both,adult,,,,,,1,,,,,
PreservedSpecimen,Lepisiota sp. A,Morphological trait pronotum width,Standard linear measurement of pronotum width using an ocular micrometer mounted on a dissecting microscope,0.3,mm,mean ± SE,,both,adult,,,,,,1,,,,,
PreservedSpecimen,Lepisiota sp. A,Morphological trait head with between the eyes,Standard linear measurement using an ocular micrometer mounted on a dissecting microscope,0.33,mm,mean ± SE,,both,adult,,,,,,1,,,,,
PreservedSpecimen,Lepisiota sp. A,Morphological trait head width behind the eyes,Standard linear measurement using an ocular micrometer mounted on a dissecting microscope,0.42,mm,mean ± SE,,both,adult,,,,,,1,,,,,
PreservedSpecimen,Lepisiota sp. A,Morphological trait eye position,,0.0,mm,mean ± SE,,both,adult,,,,,,1,,,,,
PreservedSpecimen,Lepisiota sp. B,Morphological trait Weber s length,Standard linear measurement using an ocular micrometer mounted on a dissecting microscope,0.7,mm,mean ± SE,,both,adult,,,,,,15,,,,,
PreservedSpecimen,Lepisiota sp. B,Morphological trait head length,,0.5,mm,mean,,both,adult,,,,,,15,,,,,
PreservedSpecimen,Lepisiota sp. B,Morphological trait femur length,Standard linear measurement using an ocular micrometer mounted on a dissecting microscope,0.7,mm,mean ± SE,,both,adult,,,,,,15,,,,,
PreservedSpecimen,Lepisiota sp. B,Morphological trait pronotum width,Standard linear measurement of pronotum width using an ocular micrometer mounted on a dissecting microscope,0.3,mm,mean ± SE,,both,adult,,,,,,15,,,,,
PreservedSpecimen,Lepisiota sp. B,Morphological trait head with between the eyes,Standard linear measurement using an ocular micrometer mounted on a dissecting microscope,0.33,mm,mean ± SE,,both,adult,,,,,,15,,,,,
PreservedSpecimen,Lepisiota sp. B,Morphological trait head width behind the eyes,Standard linear measurement using an ocular micrometer mounted on a dissecting microscope,0.42,mm,mean ± SE,,both,adult,,,,,,15,,,,,
PreservedSpecimen,Lepisiota sp. B,Morphological trait eye position,,0.0,mm,mean ± SE,,both,adult,,,,,,15,,,,,
PreservedSpecimen,Meranoplus sp. A,Morphological trait Weber s length,Standard linear measurement using an ocular micrometer mounted on a dissecting microscope,0.4,mm,mean ± SE,,both,adult,,,,,,12,,,,,
PreservedSpecimen,Meranoplus sp. A,Morphological trait head length,,0.8,mm,mean,,both,adult,,,,,,12,,,,,
PreservedSpecimen,Meranoplus sp. A,Morphological trait femur length,Standard linear measurement using an ocular micrometer mounted on a dissecting microscope,0.6,mm,mean ± SE,,both,adult,,,,,,12,,,,,
PreservedSpecimen,Meranoplus sp. A,Morphological trait pronotum width,Standard linear measurement of pronotum width using an ocular micrometer mounted on a dissecting microscope,0.8,mm,mean ± SE,,both,adult,,,,,,12,,,,,
PreservedSpecimen,Meranoplus sp. A,Morphological trait head with between the eyes,Standard linear measurement using an ocular micrometer mounted on a dissecting microscope,0.75,mm,mean ± SE,,both,adult,,,,,,12,,,,,
PreservedSpecimen,Meranoplus sp. A,Morphological trait head width behind the eyes,Standard linear measurement using an ocular micrometer mounted on a dissecting microscope,0.76,mm,mean ± SE,,both,adult,,,,,,12,,,,,
PreservedSpecimen,Meranoplus sp. A,Morphological trait eye position,,0.0,mm,mean ± SE,,both,adult,,,,,,12,,,,,
PreservedSpecimen,Meranoplus sp. A,Morphological trait Weber s length,Standard linear measurement using an ocular micrometer mounted on a dissecting microscope,0.7,mm,mean ± SE,,both,adult,,,,,,5,,,,,
PreservedSpecimen,Meranoplus sp. A,Morphological trait head length,,0.7,mm,mean,,both,adult,,,,,,5,,,,,
PreservedSpecimen,Meranoplus sp. A,Morphological trait femur length,Standard linear measurement using an ocular micrometer mounted on a dissecting microscope,0.6,mm,mean ± SE,,both,adult,,,,,,5,,,,,
PreservedSpecimen,Meranoplus sp. A,Morphological trait pronotum width,Standard linear measurement of pronotum width using an ocular micrometer mounted on a dissecting microscope,0.8,mm,mean ± SE,,both,adult,,,,,,5,,,,,
PreservedSpecimen,Meranoplus sp. A,Morphological trait head with between the eyes,Standard linear measurement using an ocular micrometer mounted on a dissecting microscope,0.74,mm,mean ± SE,,both,adult,,,,,,5,,,,,
PreservedSpecimen,Meranoplus sp. A,Morphological trait head width behind the eyes,Standard linear measurement using an ocular micrometer mounted on a dissecting microscope,0.80,mm,mean ± SE,,both,adult,,,,,,5,,,,,
PreservedSpecimen,Meranoplus sp. A,Morphological trait eye position,,0.0,mm,mean ± SE,,both,adult,,,,,,5,,,,,
PreservedSpecimen,Meranoplus sp. A,Morphological trait Weber s length,Standard linear measurement using an ocular micrometer mounted on a dissecting microscope,6,mm,mean ± SE,,both,adult,,,,,,,,,,,
PreservedSpecimen,Meranoplus sp. A,Morphological trait head length,,9,mm,mean,,both,adult,,,,,,,,,,,
PreservedSpecimen,Meranoplus sp. A,Morphological trait femur length,Standard linear measurement using an ocular micrometer mounted on a dissecting microscope,9,mm,mean ± SE,,both,adult,,,,,,,,,,,
PreservedSpecimen,Meranoplus sp. A,Morphological trait pronotum width,Standard linear measurement of pronotum width using an ocular micrometer mounted on a dissecting microscope,0,mm,mean ± SE,,both,adult,,,,,,,,,,,
PreservedSpecimen,Meranoplus sp. A,Morphological trait head with between the eyes,Standard linear measurement using an ocular micrometer mounted on a dissecting microscope,,mm,mean ± SE,,both,adult,,,,,,,,,,,
PreservedSpecimen,Meranoplus sp. A,Morphological trait head width behind the eyes,Standard linear measurement using an ocular micrometer mounted on a dissecting microscope,,mm,mean ± SE,,both,adult,,,,,,,,,,,
PreservedSpecimen,Meranoplus sp. A,Morphological trait eye position,,5,mm,mean ± SE,,both,adult,,,,,,,,,,,
PreservedSpecimen,Monomorium sp. E,Morphological trait Weber s length,Standard linear measurement using an ocular micrometer mounted on a dissecting microscope,0.7,mm,mean ± SE,,both,adult,,,,,,1,,,,,
PreservedSpecimen,Monomorium sp. E,Morphological trait head length,,0.6,mm,mean,,both,adult,,,,,,1,,,,,
PreservedSpecimen,Monomorium sp. E,Morphological trait femur length,Standard linear measurement using an ocular micrometer mounted on a dissecting microscope,0.6,mm,mean ± SE,,both,adult,,,,,,1,,,,,
PreservedSpecimen,Monomorium sp. E,Morphological trait pronotum width,Standard linear measurement of pronotum width using an ocular micrometer mounted on a dissecting microscope,0.6,mm,mean ± SE,,both,adult,,,,,,1,,,,,
PreservedSpecimen,Monomorium sp. E,Morphological trait head with between the eyes,Standard linear measurement using an ocular micrometer mounted on a dissecting microscope,,mm,mean ± SE,,both,adult,,,,,,1,,,,,
PreservedSpecimen,Monomorium sp. E,Morphological trait head width behind the eyes,Standard linear measurement using an ocular micrometer mounted on a dissecting microscope,0.66,mm,mean ± SE,,both,adult,,,,,,1,,,,,
PreservedSpecimen,Monomorium sp. E,Morphological trait eye position,,,mm,mean ± SE,,both,adult,,,,,,1,,,,,
PreservedSpecimen,Monomorium sp. A,Morphological trait Weber s length,Standard linear measurement using an ocular micrometer mounted on a dissecting microscope,0.7,mm,mean ± SE,,both,adult,,,,,,86,,,,,
PreservedSpecimen,Monomorium sp. A,Morphological trait head length,,0.6,mm,mean,,both,adult,,,,,,86,,,,,
PreservedSpecimen,Monomorium sp. A,Morphological trait femur length,Standard linear measurement using an ocular micrometer mounted on a dissecting microscope,0.4,mm,mean ± SE,,both,adult,,,,,,86,,,,,
PreservedSpecimen,Monomorium sp. A,Morphological trait pronotum width,Standard linear measurement of pronotum width using an ocular micrometer mounted on a dissecting microscope,0.3,mm,mean ± SE,,both,adult,,,,,,86,,,,,
PreservedSpecimen,Monomorium sp. A,Morphological trait head with between the eyes,Standard linear measurement using an ocular micrometer mounted on a dissecting microscope,0.49,mm,mean ± SE,,both,adult,,,,,,86,,,,,
PreservedSpecimen,Monomorium sp. A,Morphological trait head width behind the eyes,Standard linear measurement using an ocular micrometer mounted on a dissecting microscope,0.59,mm,mean ± SE,,both,adult,,,,,,86,,,,,
PreservedSpecimen,Monomorium sp. A,Morphological trait eye position,,0.1,mm,mean ± SE,,both,adult,,,,,,86,,,,,
PreservedSpecimen,Monomorium sp. A,Morphological trait Weber s length,Standard linear measurement using an ocular micrometer mounted on a dissecting microscope,0.5,mm,mean ± SE,,both,adult,,,,,,56,,,,,
PreservedSpecimen,Monomorium sp. A,Morphological trait head length,,0.5,mm,mean,,both,adult,,,,,,56,,,,,
PreservedSpecimen,Monomorium sp. A,Morphological trait femur length,Standard linear measurement using an ocular micrometer mounted on a dissecting microscope,0.4,mm,mean ± SE,,both,adult,,,,,,56,,,,,
PreservedSpecimen,Monomorium sp. A,Morphological trait pronotum width,Standard linear measurement of pronotum width using an ocular micrometer mounted on a dissecting microscope,0.2,mm,mean ± SE,,both,adult,,,,,,56,,,,,
PreservedSpecimen,Monomorium sp. A,Morphological trait head with between the eyes,Standard linear measurement using an ocular micrometer mounted on a dissecting microscope,0.33,mm,mean ± SE,,both,adult,,,,,,56,,,,,
PreservedSpecimen,Monomorium sp. A,Morphological trait head width behind the eyes,Standard linear measurement using an ocular micrometer mounted on a dissecting microscope,0.42,mm,mean ± SE,,both,adult,,,,,,56,,,,,
PreservedSpecimen,Monomorium sp. A,Morphological trait eye position,,0.0,mm,mean ± SE,,both,adult,,,,,,56,,,,,
PreservedSpecimen,Monomorium sp. A,Morphological trait Weber s length,Standard linear measurement using an ocular micrometer mounted on a dissecting microscope,2,mm,mean ± SE,,both,adult,,,,,,,,,,,
PreservedSpecimen,Monomorium sp. A,Morphological trait head length,,0,mm,mean,,both,adult,,,,,,,,,,,
PreservedSpecimen,Monomorium sp. A,Morphological trait femur length,Standard linear measurement using an ocular micrometer mounted on a dissecting microscope,2,mm,mean ± SE,,both,adult,,,,,,,,,,,
PreservedSpecimen,Monomorium sp. A,Morphological trait pronotum width,Standard linear measurement of pronotum width using an ocular micrometer mounted on a dissecting microscope,5,mm,mean ± SE,,both,adult,,,,,,,,,,,
PreservedSpecimen,Monomorium sp. A,Morphological trait head with between the eyes,Standard linear measurement using an ocular micrometer mounted on a dissecting microscope,,mm,mean ± SE,,both,adult,,,,,,,,,,,
PreservedSpecimen,Monomorium sp. A,Morphological trait head width behind the eyes,Standard linear measurement using an ocular micrometer mounted on a dissecting microscope,,mm,mean ± SE,,both,adult,,,,,,,,,,,
PreservedSpecimen,Monomorium sp. A,Morphological trait eye position,,9,mm,mean ± SE,,both,adult,,,,,,,,,,,
PreservedSpecimen,Monomorium sp. B,Morphological trait Weber s length,Standard linear measurement using an ocular micrometer mounted on a dissecting microscope,0.3,mm,mean ± SE,,both,adult,,,,,,5,,,,,
PreservedSpecimen,Monomorium sp. B,Morphological trait head length,,0.3,mm,mean,,both,adult,,,,,,5,,,,,
PreservedSpecimen,Monomorium sp. B,Morphological trait femur length,Standard linear measurement using an ocular micrometer mounted on a dissecting microscope,0.1,mm,mean ± SE,,both,adult,,,,,,5,,,,,
PreservedSpecimen,Monomorium sp. B,Morphological trait pronotum width,Standard linear measurement of pronotum width using an ocular micrometer mounted on a dissecting microscope,0.1,mm,mean ± SE,,both,adult,,,,,,5,,,,,
PreservedSpecimen,Monomorium sp. B,Morphological trait head with between the eyes,Standard linear measurement using an ocular micrometer mounted on a dissecting microscope,0.21,mm,mean ± SE,,both,adult,,,,,,5,,,,,
PreservedSpecimen,Monomorium sp. B,Morphological trait head width behind the eyes,Standard linear measurement using an ocular micrometer mounted on a dissecting microscope,0.26,mm,mean ± SE,,both,adult,,,,,,5,,,,,
PreservedSpecimen,Monomorium sp. B,Morphological trait eye position,,0.0,mm,mean ± SE,,both,adult,,,,,,5,,,,,
PreservedSpecimen,Monomorium sp. B,Morphological trait Weber s length,Standard linear measurement using an ocular micrometer mounted on a dissecting microscope,0.4,mm,mean ± SE,,both,adult,,,,,,1,,,,,
PreservedSpecimen,Monomorium sp. B,Morphological trait head length,,0.4,mm,mean,,both,adult,,,,,,1,,,,,
PreservedSpecimen,Monomorium sp. B,Morphological trait femur length,Standard linear measurement using an ocular micrometer mounted on a dissecting microscope,0.2,mm,mean ± SE,,both,adult,,,,,,1,,,,,
PreservedSpecimen,Monomorium sp. B,Morphological trait pronotum width,Standard linear measurement of pronotum width using an ocular micrometer mounted on a dissecting microscope,0.2,mm,mean ± SE,,both,adult,,,,,,1,,,,,
PreservedSpecimen,Monomorium sp. B,Morphological trait head with between the eyes,Standard linear measurement using an ocular micrometer mounted on a dissecting microscope,0.27,mm,mean ± SE,,both,adult,,,,,,1,,,,,
PreservedSpecimen,Monomorium sp. B,Morphological trait head width behind the eyes,Standard linear measurement using an ocular micrometer mounted on a dissecting microscope,0.32,mm,mean ± SE,,both,adult,,,,,,1,,,,,
PreservedSpecimen,Monomorium sp. B,Morphological trait eye position,,0.0,mm,mean ± SE,,both,adult,,,,,,1,,,,,
PreservedSpecimen,Monomorium sp. B,Morphological trait Weber s length,Standard linear measurement using an ocular micrometer mounted on a dissecting microscope,1,mm,mean ± SE,,both,adult,,,,,,,,,,,
PreservedSpecimen,Monomorium sp. B,Morphological trait head length,,0,mm,mean,,both,adult,,,,,,,,,,,
PreservedSpecimen,Monomorium sp. B,Morphological trait femur length,Standard linear measurement using an ocular micrometer mounted on a dissecting microscope,8,mm,mean ± SE,,both,adult,,,,,,,,,,,
PreservedSpecimen,Monomorium sp. B,Morphological trait pronotum width,Standard linear measurement of pronotum width using an ocular micrometer mounted on a dissecting microscope,1,mm,mean ± SE,,both,adult,,,,,,,,,,,
PreservedSpecimen,Monomorium sp. B,Morphological trait head with between the eyes,Standard linear measurement using an ocular micrometer mounted on a dissecting microscope,,mm,mean ± SE,,both,adult,,,,,,,,,,,
PreservedSpecimen,Monomorium sp. B,Morphological trait head width behind the eyes,Standard linear measurement using an ocular micrometer mounted on a dissecting microscope,,mm,mean ± SE,,both,adult,,,,,,,,,,,
PreservedSpecimen,Monomorium sp. B,Morphological trait eye position,,6,mm,mean ± SE,,both,adult,,,,,,,,,,,
PreservedSpecimen,Monomorium sp. D,Morphological trait Weber s length,Standard linear measurement using an ocular micrometer mounted on a dissecting microscope,0.4,mm,mean ± SE,,both,adult,,,,,,2,,,,,
PreservedSpecimen,Monomorium sp. D,Morphological trait head length,,0.4,mm,mean,,both,adult,,,,,,2,,,,,
PreservedSpecimen,Monomorium sp. D,Morphological trait femur length,Standard linear measurement using an ocular micrometer mounted on a dissecting microscope,0.3,mm,mean ± SE,,both,adult,,,,,,2,,,,,
PreservedSpecimen,Monomorium sp. D,Morphological trait pronotum width,Standard linear measurement of pronotum width using an ocular micrometer mounted on a dissecting microscope,0.2,mm,mean ± SE,,both,adult,,,,,,2,,,,,
PreservedSpecimen,Monomorium sp. D,Morphological trait head with between the eyes,Standard linear measurement using an ocular micrometer mounted on a dissecting microscope,0.30,mm,mean ± SE,,both,adult,,,,,,2,,,,,
PreservedSpecimen,Monomorium sp. D,Morphological trait head width behind the eyes,Standard linear measurement using an ocular micrometer mounted on a dissecting microscope,0.35,mm,mean ± SE,,both,adult,,,,,,2,,,,,
PreservedSpecimen,Monomorium sp. D,Morphological trait eye position,,0.0,mm,mean ± SE,,both,adult,,,,,,2,,,,,
PreservedSpecimen,Myrmicaria natalensis,Morphological trait Weber s length,Standard linear measurement using an ocular micrometer mounted on a dissecting microscope,2.1,mm,mean ± SE,,both,adult,,,,,,48,,,,,
PreservedSpecimen,Myrmicaria natalensis,Morphological trait head length,,1.6,mm,mean,,both,adult,,,,,,48,,,,,
PreservedSpecimen,Myrmicaria natalensis,Morphological trait femur length,Standard linear measurement using an ocular micrometer mounted on a dissecting microscope,2.7,mm,mean ± SE,,both,adult,,,,,,48,,,,,
PreservedSpecimen,Myrmicaria natalensis,Morphological trait pronotum width,Standard linear measurement of pronotum width using an ocular micrometer mounted on a dissecting microscope,1.3,mm,mean ± SE,,both,adult,,,,,,48,,,,,
PreservedSpecimen,Myrmicaria natalensis,Morphological trait head with between the eyes,Standard linear measurement using an ocular micrometer mounted on a dissecting microscope,1.38,mm,mean ± SE,,both,adult,,,,,,48,,,,,
PreservedSpecimen,Myrmicaria natalensis,Morphological trait head width behind the eyes,Standard linear measurement using an ocular micrometer mounted on a dissecting microscope,1.85,mm,mean ± SE,,both,adult,,,,,,48,,,,,
PreservedSpecimen,Myrmicaria natalensis,Morphological trait eye position,,0.4,mm,mean ± SE,,both,adult,,,,,,48,,,,,
PreservedSpecimen,Odontomachus sp. A,Morphological trait Weber s length,Standard linear measurement using an ocular micrometer mounted on a dissecting microscope,2.8,mm,mean ± SE,,both,adult,,,,,,3,,,,,
PreservedSpecimen,Odontomachus sp. A,Morphological trait head length,,2.3,mm,mean,,both,adult,,,,,,3,,,,,
PreservedSpecimen,Odontomachus sp. A,Morphological trait femur length,Standard linear measurement using an ocular micrometer mounted on a dissecting microscope,2.5,mm,mean ± SE,,both,adult,,,,,,3,,,,,
PreservedSpecimen,Odontomachus sp. A,Morphological trait pronotum width,Standard linear measurement of pronotum width using an ocular micrometer mounted on a dissecting microscope,1.0,mm,mean ± SE,,both,adult,,,,,,3,,,,,
PreservedSpecimen,Odontomachus sp. A,Morphological trait head with between the eyes,Standard linear measurement using an ocular micrometer mounted on a dissecting microscope,1.52,mm,mean ± SE,,both,adult,,,,,,3,,,,,
PreservedSpecimen,Odontomachus sp. A,Morphological trait head width behind the eyes,Standard linear measurement using an ocular micrometer mounted on a dissecting microscope,1.97,mm,mean ± SE,,both,adult,,,,,,3,,,,,
PreservedSpecimen,Odontomachus sp. A,Morphological trait eye position,,0.4,mm,mean ± SE,,both,adult,,,,,,3,,,,,
PreservedSpecimen,Pachycondyla sp. A,Morphological trait Weber s length,Standard linear measurement using an ocular micrometer mounted on a dissecting microscope,1.5,mm,mean ± SE,,both,adult,,,,,,14,,,,,
PreservedSpecimen,Pachycondyla sp. A,Morphological trait head length,,1.2,mm,mean,,both,adult,,,,,,14,,,,,
PreservedSpecimen,Pachycondyla sp. A,Morphological trait femur length,Standard linear measurement using an ocular micrometer mounted on a dissecting microscope,1.2,mm,mean ± SE,,both,adult,,,,,,14,,,,,
PreservedSpecimen,Pachycondyla sp. A,Morphological trait pronotum width,Standard linear measurement of pronotum width using an ocular micrometer mounted on a dissecting microscope,0.8,mm,mean ± SE,,both,adult,,,,,,14,,,,,
PreservedSpecimen,Pachycondyla sp. A,Morphological trait head with between the eyes,Standard linear measurement using an ocular micrometer mounted on a dissecting microscope,1.04,mm,mean ± SE,,both,adult,,,,,,14,,,,,
PreservedSpecimen,Pachycondyla sp. A,Morphological trait head width behind the eyes,Standard linear measurement using an ocular micrometer mounted on a dissecting microscope,1.30,mm,mean ± SE,,both,adult,,,,,,14,,,,,
PreservedSpecimen,Pachycondyla sp. A,Morphological trait eye position,,0.2,mm,mean ± SE,,both,adult,,,,,,14,,,,,
PreservedSpecimen,Pachycondyla sp. B,Morphological trait Weber s length,Standard linear measurement using an ocular micrometer mounted on a dissecting microscope,1.9,mm,mean ± SE,,both,adult,,,,,,3,,,,,
PreservedSpecimen,Pachycondyla sp. B,Morphological trait head length,,1.3,mm,mean,,both,adult,,,,,,3,,,,,
PreservedSpecimen,Pachycondyla sp. B,Morphological trait femur length,Standard linear measurement using an ocular micrometer mounted on a dissecting microscope,1.2,mm,mean ± SE,,both,adult,,,,,,3,,,,,
PreservedSpecimen,Pachycondyla sp. B,Morphological trait pronotum width,Standard linear measurement of pronotum width using an ocular micrometer mounted on a dissecting microscope,0.6,mm,mean ± SE,,both,adult,,,,,,3,,,,,
PreservedSpecimen,Pachycondyla sp. B,Morphological trait head with between the eyes,Standard linear measurement using an ocular micrometer mounted on a dissecting microscope,0.67,mm,mean ± SE,,both,adult,,,,,,3,,,,,
PreservedSpecimen,Pachycondyla sp. B,Morphological trait head width behind the eyes,Standard linear measurement using an ocular micrometer mounted on a dissecting microscope,1.16,mm,mean ± SE,,both,adult,,,,,,3,,,,,
PreservedSpecimen,Pachycondyla sp. B,Morphological trait eye position,,0.4,mm,mean ± SE,,both,adult,,,,,,3,,,,,
PreservedSpecimen,Pheidole megacephala,Morphological trait Weber s length,Standard linear measurement using an ocular micrometer mounted on a dissecting microscope,0.7,mm,mean ± SE,,both,adult,,,,,,7,,,,,
PreservedSpecimen,Pheidole megacephala,Morphological trait head length,,0.6,mm,mean,,both,adult,,,,,,7,,,,,
PreservedSpecimen,Pheidole megacephala,Morphological trait femur length,Standard linear measurement using an ocular micrometer mounted on a dissecting microscope,0.5,mm,mean ± SE,,both,adult,,,,,,7,,,,,
PreservedSpecimen,Pheidole megacephala,Morphological trait pronotum width,Standard linear measurement of pronotum width using an ocular micrometer mounted on a dissecting microscope,0.3,mm,mean ± SE,,both,adult,,,,,,7,,,,,
PreservedSpecimen,Pheidole megacephala,Morphological trait head with between the eyes,Standard linear measurement using an ocular micrometer mounted on a dissecting microscope,0.51,mm,mean ± SE,,both,adult,,,,,,7,,,,,
PreservedSpecimen,Pheidole megacephala,Morphological trait head width behind the eyes,Standard linear measurement using an ocular micrometer mounted on a dissecting microscope,0.57,mm,mean ± SE,,both,adult,,,,,,7,,,,,
PreservedSpecimen,Pheidole megacephala,Morphological trait eye position,,0.0,mm,mean ± SE,,both,adult,,,,,,7,,,,,
PreservedSpecimen,Pheidole sp. A,Morphological trait Weber s length,Standard linear measurement using an ocular micrometer mounted on a dissecting microscope,1.2,mm,mean ± SE,,both,adult,,,,,,1,,,,,
PreservedSpecimen,Pheidole sp. A,Morphological trait head length,,0.8,mm,mean,,both,adult,,,,,,1,,,,,
PreservedSpecimen,Pheidole sp. A,Morphological trait femur length,Standard linear measurement using an ocular micrometer mounted on a dissecting microscope,1.3,mm,mean ± SE,,both,adult,,,,,,1,,,,,
PreservedSpecimen,Pheidole sp. A,Morphological trait pronotum width,Standard linear measurement of pronotum width using an ocular micrometer mounted on a dissecting microscope,0.4,mm,mean ± SE,,both,adult,,,,,,1,,,,,
PreservedSpecimen,Pheidole sp. A,Morphological trait head with between the eyes,Standard linear measurement using an ocular micrometer mounted on a dissecting microscope,0.65,mm,mean ± SE,,both,adult,,,,,,1,,,,,
PreservedSpecimen,Pheidole sp. A,Morphological trait head width behind the eyes,Standard linear measurement using an ocular micrometer mounted on a dissecting microscope,0.73,mm,mean ± SE,,both,adult,,,,,,1,,,,,
PreservedSpecimen,Pheidole sp. A,Morphological trait eye position,,0.0,mm,mean ± SE,,both,adult,,,,,,1,,,,,
PreservedSpecimen,Pheidole sp. A,Morphological trait Weber s length,Standard linear measurement using an ocular micrometer mounted on a dissecting microscope,0.4,mm,mean ± SE,,both,adult,,,,,,8,,,,,
PreservedSpecimen,Pheidole sp. A,Morphological trait head length,,0.4,mm,mean,,both,adult,,,,,,8,,,,,
PreservedSpecimen,Pheidole sp. A,Morphological trait femur length,Standard linear measurement using an ocular micrometer mounted on a dissecting microscope,0.4,mm,mean ± SE,,both,adult,,,,,,8,,,,,
PreservedSpecimen,Pheidole sp. A,Morphological trait pronotum width,Standard linear measurement of pronotum width using an ocular micrometer mounted on a dissecting microscope,0.2,mm,mean ± SE,,both,adult,,,,,,8,,,,,
PreservedSpecimen,Pheidole sp. A,Morphological trait head with between the eyes,Standard linear measurement using an ocular micrometer mounted on a dissecting microscope,0.38,mm,mean ± SE,,both,adult,,,,,,8,,,,,
PreservedSpecimen,Pheidole sp. A,Morphological trait head width behind the eyes,Standard linear measurement using an ocular micrometer mounted on a dissecting microscope,0.41,mm,mean ± SE,,both,adult,,,,,,8,,,,,
PreservedSpecimen,Pheidole sp. A,Morphological trait eye position,,0.0,mm,mean ± SE,,both,adult,,,,,,8,,,,,
PreservedSpecimen,Pheidole sp. A,Morphological trait Weber s length,Standard linear measurement using an ocular micrometer mounted on a dissecting microscope,9,mm,mean ± SE,,both,adult,,,,,,8,,,,,
PreservedSpecimen,Pheidole sp. A,Morphological trait head length,,5,mm,mean,,both,adult,,,,,,8,,,,,
PreservedSpecimen,Pheidole sp. A,Morphological trait femur length,Standard linear measurement using an ocular micrometer mounted on a dissecting microscope,3,mm,mean ± SE,,both,adult,,,,,,8,,,,,
PreservedSpecimen,Pheidole sp. A,Morphological trait pronotum width,Standard linear measurement of pronotum width using an ocular micrometer mounted on a dissecting microscope,6,mm,mean ± SE,,both,adult,,,,,,8,,,,,
PreservedSpecimen,Pheidole sp. A,Morphological trait head with between the eyes,Standard linear measurement using an ocular micrometer mounted on a dissecting microscope,,mm,mean ± SE,,both,adult,,,,,,8,,,,,
PreservedSpecimen,Pheidole sp. A,Morphological trait head width behind the eyes,Standard linear measurement using an ocular micrometer mounted on a dissecting microscope,,mm,mean ± SE,,both,adult,,,,,,8,,,,,
PreservedSpecimen,Pheidole sp. A,Morphological trait eye position,,3,mm,mean ± SE,,both,adult,,,,,,8,,,,,
PreservedSpecimen,Pheidole sp. B,Morphological trait Weber s length,Standard linear measurement using an ocular micrometer mounted on a dissecting microscope,0.3,mm,mean ± SE,,both,adult,,,,,,2,,,,,
PreservedSpecimen,Pheidole sp. B,Morphological trait head length,,0.4,mm,mean,,both,adult,,,,,,2,,,,,
PreservedSpecimen,Pheidole sp. B,Morphological trait femur length,Standard linear measurement using an ocular micrometer mounted on a dissecting microscope,0.4,mm,mean ± SE,,both,adult,,,,,,2,,,,,
PreservedSpecimen,Pheidole sp. B,Morphological trait pronotum width,Standard linear measurement of pronotum width using an ocular micrometer mounted on a dissecting microscope,0.2,mm,mean ± SE,,both,adult,,,,,,2,,,,,
PreservedSpecimen,Pheidole sp. B,Morphological trait head with between the eyes,Standard linear measurement using an ocular micrometer mounted on a dissecting microscope,0.37,mm,mean ± SE,,both,adult,,,,,,2,,,,,
PreservedSpecimen,Pheidole sp. B,Morphological trait head width behind the eyes,Standard linear measurement using an ocular micrometer mounted on a dissecting microscope,0.43,mm,mean ± SE,,both,adult,,,,,,2,,,,,
PreservedSpecimen,Pheidole sp. B,Morphological trait eye position,,0.0,mm,mean ± SE,,both,adult,,,,,,2,,,,,
PreservedSpecimen,Pheidole sp. B,Morphological trait Weber s length,Standard linear measurement using an ocular micrometer mounted on a dissecting microscope,0.7,mm,mean ± SE,,both,adult,,,,,,10,,,,,
PreservedSpecimen,Pheidole sp. B,Morphological trait head length,,0.6,mm,mean,,both,adult,,,,,,10,,,,,
PreservedSpecimen,Pheidole sp. B,Morphological trait femur length,Standard linear measurement using an ocular micrometer mounted on a dissecting microscope,0.6,mm,mean ± SE,,both,adult,,,,,,10,,,,,
PreservedSpecimen,Pheidole sp. B,Morphological trait pronotum width,Standard linear measurement of pronotum width using an ocular micrometer mounted on a dissecting microscope,0.3,mm,mean ± SE,,both,adult,,,,,,10,,,,,
PreservedSpecimen,Pheidole sp. B,Morphological trait head with between the eyes,Standard linear measurement using an ocular micrometer mounted on a dissecting microscope,0.53,mm,mean ± SE,,both,adult,,,,,,10,,,,,
PreservedSpecimen,Pheidole sp. B,Morphological trait head width behind the eyes,Standard linear measurement using an ocular micrometer mounted on a dissecting microscope,0.57,mm,mean ± SE,,both,adult,,,,,,10,,,,,
PreservedSpecimen,Pheidole sp. B,Morphological trait eye position,,0.0,mm,mean ± SE,,both,adult,,,,,,10,,,,,
PreservedSpecimen,Pheidole sp. B,Morphological trait Weber s length,Standard linear measurement using an ocular micrometer mounted on a dissecting microscope,4,mm,mean ± SE,,both,adult,,,,,,10,,,,,
PreservedSpecimen,Pheidole sp. B,Morphological trait head length,,2,mm,mean,,both,adult,,,,,,10,,,,,
PreservedSpecimen,Pheidole sp. B,Morphological trait femur length,Standard linear measurement using an ocular micrometer mounted on a dissecting microscope,5,mm,mean ± SE,,both,adult,,,,,,10,,,,,
PreservedSpecimen,Pheidole sp. B,Morphological trait pronotum width,Standard linear measurement of pronotum width using an ocular micrometer mounted on a dissecting microscope,8,mm,mean ± SE,,both,adult,,,,,,10,,,,,
PreservedSpecimen,Pheidole sp. B,Morphological trait head with between the eyes,Standard linear measurement using an ocular micrometer mounted on a dissecting microscope,,mm,mean ± SE,,both,adult,,,,,,10,,,,,
PreservedSpecimen,Pheidole sp. B,Morphological trait head width behind the eyes,Standard linear measurement using an ocular micrometer mounted on a dissecting microscope,,mm,mean ± SE,,both,adult,,,,,,10,,,,,
PreservedSpecimen,Pheidole sp. B,Morphological trait eye position,,4,mm,mean ± SE,,both,adult,,,,,,10,,,,,
PreservedSpecimen,Pheidole sp. C,Morphological trait Weber s length,Standard linear measurement using an ocular micrometer mounted on a dissecting microscope,0.7,mm,mean ± SE,,both,adult,,,,,,5,,,,,
PreservedSpecimen,Pheidole sp. C,Morphological trait head length,,0.6,mm,mean,,both,adult,,,,,,5,,,,,
PreservedSpecimen,Pheidole sp. C,Morphological trait femur length,Standard linear measurement using an ocular micrometer mounted on a dissecting microscope,0.7,mm,mean ± SE,,both,adult,,,,,,5,,,,,
PreservedSpecimen,Pheidole sp. C,Morphological trait pronotum width,Standard linear measurement of pronotum width using an ocular micrometer mounted on a dissecting microscope,0.3,mm,mean ± SE,,both,adult,,,,,,5,,,,,
PreservedSpecimen,Pheidole sp. C,Morphological trait head with between the eyes,Standard linear measurement using an ocular micrometer mounted on a dissecting microscope,0.49,mm,mean ± SE,,both,adult,,,,,,5,,,,,
PreservedSpecimen,Pheidole sp. C,Morphological trait head width behind the eyes,Standard linear measurement using an ocular micrometer mounted on a dissecting microscope,0.53,mm,mean ± SE,,both,adult,,,,,,5,,,,,
PreservedSpecimen,Pheidole sp. C,Morphological trait eye position,,0.0,mm,mean ± SE,,both,adult,,,,,,5,,,,,
PreservedSpecimen,Pheidole sp. C,Morphological trait Weber s length,Standard linear measurement using an ocular micrometer mounted on a dissecting microscope,0.7,mm,mean ± SE,,both,adult,,,,,,1,,,,,
PreservedSpecimen,Pheidole sp. C,Morphological trait head length,,0.6,mm,mean,,both,adult,,,,,,1,,,,,
PreservedSpecimen,Pheidole sp. C,Morphological trait femur length,Standard linear measurement using an ocular micrometer mounted on a dissecting microscope,0.7,mm,mean ± SE,,both,adult,,,,,,1,,,,,
PreservedSpecimen,Pheidole sp. C,Morphological trait pronotum width,Standard linear measurement of pronotum width using an ocular micrometer mounted on a dissecting microscope,0.3,mm,mean ± SE,,both,adult,,,,,,1,,,,,
PreservedSpecimen,Pheidole sp. C,Morphological trait head with between the eyes,Standard linear measurement using an ocular micrometer mounted on a dissecting microscope,0.54,mm,mean ± SE,,both,adult,,,,,,1,,,,,
PreservedSpecimen,Pheidole sp. C,Morphological trait head width behind the eyes,Standard linear measurement using an ocular micrometer mounted on a dissecting microscope,0.59,mm,mean ± SE,,both,adult,,,,,,1,,,,,
PreservedSpecimen,Pheidole sp. C,Morphological trait eye position,,0.0,mm,mean ± SE,,both,adult,,,,,,1,,,,,
PreservedSpecimen,Pheidole sp. C,Morphological trait Weber s length,Standard linear measurement using an ocular micrometer mounted on a dissecting microscope,9,mm,mean ± SE,,both,adult,,,,,,1,,,,,
PreservedSpecimen,Pheidole sp. C,Morphological trait head length,,3,mm,mean,,both,adult,,,,,,1,,,,,
PreservedSpecimen,Pheidole sp. C,Morphological trait femur length,Standard linear measurement using an ocular micrometer mounted on a dissecting microscope,2,mm,mean ± SE,,both,adult,,,,,,1,,,,,
PreservedSpecimen,Pheidole sp. C,Morphological trait pronotum width,Standard linear measurement of pronotum width using an ocular micrometer mounted on a dissecting microscope,7,mm,mean ± SE,,both,adult,,,,,,1,,,,,
PreservedSpecimen,Pheidole sp. C,Morphological trait head with between the eyes,Standard linear measurement using an ocular micrometer mounted on a dissecting microscope,,mm,mean ± SE,,both,adult,,,,,,1,,,,,
PreservedSpecimen,Pheidole sp. C,Morphological trait head width behind the eyes,Standard linear measurement using an ocular micrometer mounted on a dissecting microscope,,mm,mean ± SE,,both,adult,,,,,,1,,,,,
PreservedSpecimen,Pheidole sp. C,Morphological trait eye position,,5,mm,mean ± SE,,both,adult,,,,,,1,,,,,
PreservedSpecimen,Pheidole sp. E,Morphological trait Weber s length,Standard linear measurement using an ocular micrometer mounted on a dissecting microscope,1.21,mm,mean ± SE,,both,adult,,,,,,3,,,,,
PreservedSpecimen,Pheidole sp. E,Morphological trait head length,,0.96,mm,mean,,both,adult,,,,,,3,,,,,
PreservedSpecimen,Pheidole sp. E,Morphological trait femur length,Standard linear measurement using an ocular micrometer mounted on a dissecting microscope,1.45,mm,mean ± SE,,both,adult,,,,,,3,,,,,
PreservedSpecimen,Pheidole sp. E,Morphological trait pronotum width,Standard linear measurement of pronotum width using an ocular micrometer mounted on a dissecting microscope,0.59,mm,mean ± SE,,both,adult,,,,,,3,,,,,
PreservedSpecimen,Pheidole sp. E,Morphological trait head with between the eyes,Standard linear measurement using an ocular micrometer mounted on a dissecting microscope,0.82,mm,mean ± SE,,both,adult,,,,,,3,,,,,
PreservedSpecimen,Pheidole sp. E,Morphological trait head width behind the eyes,Standard linear measurement using an ocular micrometer mounted on a dissecting microscope,0.93,mm,mean ± SE,,both,adult,,,,,,3,,,,,
PreservedSpecimen,Pheidole sp. E,Morphological trait eye position,,0.11,mm,mean ± SE,,both,adult,,,,,,3,,,,,
PreservedSpecimen,Pheidole sp. F,Morphological trait Weber s length,Standard linear measurement using an ocular micrometer mounted on a dissecting microscope,0.7,mm,mean ± SE,,both,adult,,,,,,13,,,,,
PreservedSpecimen,Pheidole sp. F,Morphological trait head length,,0.6,mm,mean,,both,adult,,,,,,13,,,,,
PreservedSpecimen,Pheidole sp. F,Morphological trait femur length,Standard linear measurement using an ocular micrometer mounted on a dissecting microscope,0.6,mm,mean ± SE,,both,adult,,,,,,13,,,,,
PreservedSpecimen,Pheidole sp. F,Morphological trait pronotum width,Standard linear measurement of pronotum width using an ocular micrometer mounted on a dissecting microscope,0.3,mm,mean ± SE,,both,adult,,,,,,13,,,,,
PreservedSpecimen,Pheidole sp. F,Morphological trait head with between the eyes,Standard linear measurement using an ocular micrometer mounted on a dissecting microscope,0.48,mm,mean ± SE,,both,adult,,,,,,13,,,,,
PreservedSpecimen,Pheidole sp. F,Morphological trait head width behind the eyes,Standard linear measurement using an ocular micrometer mounted on a dissecting microscope,0.55,mm,mean ± SE,,both,adult,,,,,,13,,,,,
PreservedSpecimen,Pheidole sp. F,Morphological trait eye position,,0.0,mm,mean ± SE,,both,adult,,,,,,13,,,,,
PreservedSpecimen,Pheidole sp. F,Morphological trait Weber s length,Standard linear measurement using an ocular micrometer mounted on a dissecting microscope,7,mm,mean ± SE,,both,adult,,,,,,13,,,,,
PreservedSpecimen,Pheidole sp. F,Morphological trait head length,,1,mm,mean,,both,adult,,,,,,13,,,,,
PreservedSpecimen,Pheidole sp. F,Morphological trait femur length,Standard linear measurement using an ocular micrometer mounted on a dissecting microscope,8,mm,mean ± SE,,both,adult,,,,,,13,,,,,
PreservedSpecimen,Pheidole sp. F,Morphological trait pronotum width,Standard linear measurement of pronotum width using an ocular micrometer mounted on a dissecting microscope,4,mm,mean ± SE,,both,adult,,,,,,13,,,,,
PreservedSpecimen,Pheidole sp. F,Morphological trait head with between the eyes,Standard linear measurement using an ocular micrometer mounted on a dissecting microscope,,mm,mean ± SE,,both,adult,,,,,,13,,,,,
PreservedSpecimen,Pheidole sp. F,Morphological trait head width behind the eyes,Standard linear measurement using an ocular micrometer mounted on a dissecting microscope,,mm,mean ± SE,,both,adult,,,,,,13,,,,,
PreservedSpecimen,Pheidole sp. F,Morphological trait eye position,,7,mm,mean ± SE,,both,adult,,,,,,13,,,,,
PreservedSpecimen,Pheidole sp. G,Morphological trait Weber s length,Standard linear measurement using an ocular micrometer mounted on a dissecting microscope,0.8,mm,mean ± SE,,both,adult,,,,,,5,,,,,
PreservedSpecimen,Pheidole sp. G,Morphological trait head length,,0.6,mm,mean,,both,adult,,,,,,5,,,,,
PreservedSpecimen,Pheidole sp. G,Morphological trait femur length,Standard linear measurement using an ocular micrometer mounted on a dissecting microscope,0.9,mm,mean ± SE,,both,adult,,,,,,5,,,,,
PreservedSpecimen,Pheidole sp. G,Morphological trait pronotum width,Standard linear measurement of pronotum width using an ocular micrometer mounted on a dissecting microscope,0.4,mm,mean ± SE,,both,adult,,,,,,5,,,,,
PreservedSpecimen,Pheidole sp. G,Morphological trait head with between the eyes,Standard linear measurement using an ocular micrometer mounted on a dissecting microscope,0.60,mm,mean ± SE,,both,adult,,,,,,5,,,,,
PreservedSpecimen,Pheidole sp. G,Morphological trait head width behind the eyes,Standard linear measurement using an ocular micrometer mounted on a dissecting microscope,0.69,mm,mean ± SE,,both,adult,,,,,,5,,,,,
PreservedSpecimen,Pheidole sp. G,Morphological trait eye position,,0.0,mm,mean ± SE,,both,adult,,,,,,5,,,,,
PreservedSpecimen,Pheidole sp. G,Morphological trait Weber s length,Standard linear measurement using an ocular micrometer mounted on a dissecting microscope,9,mm,mean ± SE,,both,adult,,,,,,,,,,,
PreservedSpecimen,Pheidole sp. G,Morphological trait head length,,3,mm,mean,,both,adult,,,,,,,,,,,
PreservedSpecimen,Pheidole sp. G,Morphological trait femur length,Standard linear measurement using an ocular micrometer mounted on a dissecting microscope,0,mm,mean ± SE,,both,adult,,,,,,,,,,,
PreservedSpecimen,Pheidole sp. G,Morphological trait pronotum width,Standard linear measurement of pronotum width using an ocular micrometer mounted on a dissecting microscope,5,mm,mean ± SE,,both,adult,,,,,,,,,,,
PreservedSpecimen,Pheidole sp. G,Morphological trait head with between the eyes,Standard linear measurement using an ocular micrometer mounted on a dissecting microscope,,mm,mean ± SE,,both,adult,,,,,,,,,,,
PreservedSpecimen,Pheidole sp. G,Morphological trait head width behind the eyes,Standard linear measurement using an ocular micrometer mounted on a dissecting microscope,,mm,mean ± SE,,both,adult,,,,,,,,,,,
PreservedSpecimen,Pheidole sp. G,Morphological trait eye position,,8,mm,mean ± SE,,both,adult,,,,,,,,,,,
PreservedSpecimen,Plagiolepis sp. A,Morphological trait Weber s length,Standard linear measurement using an ocular micrometer mounted on a dissecting microscope,0.3,mm,mean ± SE,,both,adult,,,,,,4,,,,,
PreservedSpecimen,Plagiolepis sp. A,Morphological trait head length,,0.2,mm,mean,,both,adult,,,,,,4,,,,,
PreservedSpecimen,Plagiolepis sp. A,Morphological trait femur length,Standard linear measurement using an ocular micrometer mounted on a dissecting microscope,0.2,mm,mean ± SE,,both,adult,,,,,,4,,,,,
PreservedSpecimen,Plagiolepis sp. A,Morphological trait pronotum width,Standard linear measurement of pronotum width using an ocular micrometer mounted on a dissecting microscope,0.2,mm,mean ± SE,,both,adult,,,,,,4,,,,,
PreservedSpecimen,Plagiolepis sp. A,Morphological trait head with between the eyes,Standard linear measurement using an ocular micrometer mounted on a dissecting microscope,0.18,mm,mean ± SE,,both,adult,,,,,,4,,,,,
PreservedSpecimen,Plagiolepis sp. A,Morphological trait head width behind the eyes,Standard linear measurement using an ocular micrometer mounted on a dissecting microscope,0.26,mm,mean ± SE,,both,adult,,,,,,4,,,,,
PreservedSpecimen,Plagiolepis sp. A,Morphological trait eye position,,0.0,mm,mean ± SE,,both,adult,,,,,,4,,,,,
PreservedSpecimen,Plagiolepis sp. A,Morphological trait Weber s length,Standard linear measurement using an ocular micrometer mounted on a dissecting microscope,3,mm,mean ± SE,,both,adult,,,,,,,,,,,
PreservedSpecimen,Plagiolepis sp. A,Morphological trait head length,,9,mm,mean,,both,adult,,,,,,,,,,,
PreservedSpecimen,Plagiolepis sp. A,Morphological trait femur length,Standard linear measurement using an ocular micrometer mounted on a dissecting microscope,8,mm,mean ± SE,,both,adult,,,,,,,,,,,
PreservedSpecimen,Plagiolepis sp. A,Morphological trait pronotum width,Standard linear measurement of pronotum width using an ocular micrometer mounted on a dissecting microscope,1,mm,mean ± SE,,both,adult,,,,,,,,,,,
PreservedSpecimen,Plagiolepis sp. A,Morphological trait head with between the eyes,Standard linear measurement using an ocular micrometer mounted on a dissecting microscope,,mm,mean ± SE,,both,adult,,,,,,,,,,,
PreservedSpecimen,Plagiolepis sp. A,Morphological trait head width behind the eyes,Standard linear measurement using an ocular micrometer mounted on a dissecting microscope,,mm,mean ± SE,,both,adult,,,,,,,,,,,
PreservedSpecimen,Plagiolepis sp. A,Morphological trait eye position,,9,mm,mean ± SE,,both,adult,,,,,,,,,,,
PreservedSpecimen,Plagiolepis sp. B,Morphological trait Weber s length,Standard linear measurement using an ocular micrometer mounted on a dissecting microscope,0.3,mm,mean ± SE,,both,adult,,,,,,8,,,,,
PreservedSpecimen,Plagiolepis sp. B,Morphological trait head length,,0.3,mm,mean,,both,adult,,,,,,8,,,,,
PreservedSpecimen,Plagiolepis sp. B,Morphological trait femur length,Standard linear measurement using an ocular micrometer mounted on a dissecting microscope,0.3,mm,mean ± SE,,both,adult,,,,,,8,,,,,
PreservedSpecimen,Plagiolepis sp. B,Morphological trait pronotum width,Standard linear measurement of pronotum width using an ocular micrometer mounted on a dissecting microscope,0.2,mm,mean ± SE,,both,adult,,,,,,8,,,,,
PreservedSpecimen,Plagiolepis sp. B,Morphological trait head with between the eyes,Standard linear measurement using an ocular micrometer mounted on a dissecting microscope,0.24,mm,mean ± SE,,both,adult,,,,,,8,,,,,
PreservedSpecimen,Plagiolepis sp. B,Morphological trait head width behind the eyes,Standard linear measurement using an ocular micrometer mounted on a dissecting microscope,0.31,mm,mean ± SE,,both,adult,,,,,,8,,,,,
PreservedSpecimen,Plagiolepis sp. B,Morphological trait eye position,,0.0,mm,mean ± SE,,both,adult,,,,,,8,,,,,
PreservedSpecimen,Plagiolepis sp. B,Morphological trait Weber s length,Standard linear measurement using an ocular micrometer mounted on a dissecting microscope,7,mm,mean ± SE,,both,adult,,,,,,,,,,,
PreservedSpecimen,Plagiolepis sp. B,Morphological trait head length,,6,mm,mean,,both,adult,,,,,,,,,,,
PreservedSpecimen,Plagiolepis sp. B,Morphological trait femur length,Standard linear measurement using an ocular micrometer mounted on a dissecting microscope,2,mm,mean ± SE,,both,adult,,,,,,,,,,,
PreservedSpecimen,Plagiolepis sp. B,Morphological trait pronotum width,Standard linear measurement of pronotum width using an ocular micrometer mounted on a dissecting microscope,0,mm,mean ± SE,,both,adult,,,,,,,,,,,
PreservedSpecimen,Plagiolepis sp. B,Morphological trait head with between the eyes,Standard linear measurement using an ocular micrometer mounted on a dissecting microscope,,mm,mean ± SE,,both,adult,,,,,,,,,,,
PreservedSpecimen,Plagiolepis sp. B,Morphological trait head width behind the eyes,Standard linear measurement using an ocular micrometer mounted on a dissecting microscope,,mm,mean ± SE,,both,adult,,,,,,,,,,,
PreservedSpecimen,Plagiolepis sp. B,Morphological trait eye position,,7,mm,mean ± SE,,both,adult,,,,,,,,,,,
PreservedSpecimen,Polyrhachis sp. A,Morphological trait Weber s length,Standard linear measurement using an ocular micrometer mounted on a dissecting microscope,2.8,mm,mean ± SE,,both,adult,,,,,,8,,,,,
PreservedSpecimen,Polyrhachis sp. A,Morphological trait head length,,2.3,mm,mean,,both,adult,,,,,,8,,,,,
PreservedSpecimen,Polyrhachis sp. A,Morphological trait femur length,Standard linear measurement using an ocular micrometer mounted on a dissecting microscope,3.0,mm,mean ± SE,,both,adult,,,,,,8,,,,,
PreservedSpecimen,Polyrhachis sp. A,Morphological trait pronotum width,Standard linear measurement of pronotum width using an ocular micrometer mounted on a dissecting microscope,1.4,mm,mean ± SE,,both,adult,,,,,,8,,,,,
PreservedSpecimen,Polyrhachis sp. A,Morphological trait head with between the eyes,Standard linear measurement using an ocular micrometer mounted on a dissecting microscope,1.23,mm,mean ± SE,,both,adult,,,,,,8,,,,,
PreservedSpecimen,Polyrhachis sp. A,Morphological trait head width behind the eyes,Standard linear measurement using an ocular micrometer mounted on a dissecting microscope,1.82,mm,mean ± SE,,both,adult,,,,,,8,,,,,
PreservedSpecimen,Polyrhachis sp. A,Morphological trait eye position,,0.5,mm,mean ± SE,,both,adult,,,,,,8,,,,,
PreservedSpecimen,Polyrhachis sp. A,Morphological trait Weber s length,Standard linear measurement using an ocular micrometer mounted on a dissecting microscope,5,mm,mean ± SE,,both,adult,,,,,,,,,,,
PreservedSpecimen,Polyrhachis sp. A,Morphological trait head length,,3,mm,mean,,both,adult,,,,,,,,,,,
PreservedSpecimen,Polyrhachis sp. A,Morphological trait femur length,Standard linear measurement using an ocular micrometer mounted on a dissecting microscope,4,mm,mean ± SE,,both,adult,,,,,,,,,,,
PreservedSpecimen,Polyrhachis sp. A,Morphological trait pronotum width,Standard linear measurement of pronotum width using an ocular micrometer mounted on a dissecting microscope,3,mm,mean ± SE,,both,adult,,,,,,,,,,,
PreservedSpecimen,Polyrhachis sp. A,Morphological trait head with between the eyes,Standard linear measurement using an ocular micrometer mounted on a dissecting microscope,,mm,mean ± SE,,both,adult,,,,,,,,,,,
PreservedSpecimen,Polyrhachis sp. A,Morphological trait head width behind the eyes,Standard linear measurement using an ocular micrometer mounted on a dissecting microscope,,mm,mean ± SE,,both,adult,,,,,,,,,,,
PreservedSpecimen,Polyrhachis sp. A,Morphological trait eye position,,9,mm,mean ± SE,,both,adult,,,,,,,,,,,
PreservedSpecimen,Technomyrmex sp. A,Morphological trait Weber s length,Standard linear measurement using an ocular micrometer mounted on a dissecting microscope,0.5,mm,mean ± SE,,both,adult,,,,,,5,,,,,
PreservedSpecimen,Technomyrmex sp. A,Morphological trait head length,,0.5,mm,mean,,both,adult,,,,,,5,,,,,
PreservedSpecimen,Technomyrmex sp. A,Morphological trait femur length,Standard linear measurement using an ocular micrometer mounted on a dissecting microscope,0.5,mm,mean ± SE,,both,adult,,,,,,5,,,,,
PreservedSpecimen,Technomyrmex sp. A,Morphological trait pronotum width,Standard linear measurement of pronotum width using an ocular micrometer mounted on a dissecting microscope,0.3,mm,mean ± SE,,both,adult,,,,,,5,,,,,
PreservedSpecimen,Technomyrmex sp. A,Morphological trait head with between the eyes,Standard linear measurement using an ocular micrometer mounted on a dissecting microscope,0.34,mm,mean ± SE,,both,adult,,,,,,5,,,,,
PreservedSpecimen,Technomyrmex sp. A,Morphological trait head width behind the eyes,Standard linear measurement using an ocular micrometer mounted on a dissecting microscope,0.51,mm,mean ± SE,,both,adult,,,,,,5,,,,,
PreservedSpecimen,Technomyrmex sp. A,Morphological trait eye position,,0.1,mm,mean ± SE,,both,adult,,,,,,5,,,,,
PreservedSpecimen,Technomyrmex sp. A,Morphological trait Weber s length,Standard linear measurement using an ocular micrometer mounted on a dissecting microscope,2,mm,mean ± SE,,both,adult,,,,,,,,,,,
PreservedSpecimen,Technomyrmex sp. A,Morphological trait head length,,6,mm,mean,,both,adult,,,,,,,,,,,
PreservedSpecimen,Technomyrmex sp. A,Morphological trait femur length,Standard linear measurement using an ocular micrometer mounted on a dissecting microscope,7,mm,mean ± SE,,both,adult,,,,,,,,,,,
PreservedSpecimen,Technomyrmex sp. A,Morphological trait pronotum width,Standard linear measurement of pronotum width using an ocular micrometer mounted on a dissecting microscope,5,mm,mean ± SE,,both,adult,,,,,,,,,,,
PreservedSpecimen,Technomyrmex sp. A,Morphological trait head with between the eyes,Standard linear measurement using an ocular micrometer mounted on a dissecting microscope,,mm,mean ± SE,,both,adult,,,,,,,,,,,
PreservedSpecimen,Technomyrmex sp. A,Morphological trait head width behind the eyes,Standard linear measurement using an ocular micrometer mounted on a dissecting microscope,,mm,mean ± SE,,both,adult,,,,,,,,,,,
PreservedSpecimen,Technomyrmex sp. A,Morphological trait eye position,,7,mm,mean ± SE,,both,adult,,,,,,,,,,,
PreservedSpecimen,Tetramorium sp. B,Morphological trait Weber s length,Standard linear measurement using an ocular micrometer mounted on a dissecting microscope,0.6,mm,mean ± SE,,both,adult,,,,,,2,,,,,
PreservedSpecimen,Tetramorium sp. B,Morphological trait head length,,0.5,mm,mean,,both,adult,,,,,,2,,,,,
PreservedSpecimen,Tetramorium sp. B,Morphological trait femur length,Standard linear measurement using an ocular micrometer mounted on a dissecting microscope,0.4,mm,mean ± SE,,both,adult,,,,,,2,,,,,
PreservedSpecimen,Tetramorium sp. B,Morphological trait pronotum width,Standard linear measurement of pronotum width using an ocular micrometer mounted on a dissecting microscope,0.3,mm,mean ± SE,,both,adult,,,,,,2,,,,,
PreservedSpecimen,Tetramorium sp. B,Morphological trait head with between the eyes,Standard linear measurement using an ocular micrometer mounted on a dissecting microscope,0.43,mm,mean ± SE,,both,adult,,,,,,2,,,,,
PreservedSpecimen,Tetramorium sp. B,Morphological trait head width behind the eyes,Standard linear measurement using an ocular micrometer mounted on a dissecting microscope,0.50,mm,mean ± SE,,both,adult,,,,,,2,,,,,
PreservedSpecimen,Tetramorium sp. B,Morphological trait eye position,,0.0,mm,mean ± SE,,both,adult,,,,,,2,,,,,
PreservedSpecimen,Tetramorium sp. B,Morphological trait Weber s length,Standard linear measurement using an ocular micrometer mounted on a dissecting microscope,0,mm,mean ± SE,,both,adult,,,,,,,,,,,
PreservedSpecimen,Tetramorium sp. B,Morphological trait head length,,8,mm,mean,,both,adult,,,,,,,,,,,
PreservedSpecimen,Tetramorium sp. B,Morphological trait femur length,Standard linear measurement using an ocular micrometer mounted on a dissecting microscope,7,mm,mean ± SE,,both,adult,,,,,,,,,,,
PreservedSpecimen,Tetramorium sp. B,Morphological trait pronotum width,Standard linear measurement of pronotum width using an ocular micrometer mounted on a dissecting microscope,6,mm,mean ± SE,,both,adult,,,,,,,,,,,
PreservedSpecimen,Tetramorium sp. B,Morphological trait head with between the eyes,Standard linear measurement using an ocular micrometer mounted on a dissecting microscope,,mm,mean ± SE,,both,adult,,,,,,,,,,,
PreservedSpecimen,Tetramorium sp. B,Morphological trait head width behind the eyes,Standard linear measurement using an ocular micrometer mounted on a dissecting microscope,,mm,mean ± SE,,both,adult,,,,,,,,,,,
PreservedSpecimen,Tetramorium sp. B,Morphological trait eye position,,7,mm,mean ± SE,,both,adult,,,,,,,,,,,
PreservedSpecimen,Tetramorium sp. C,Morphological trait Weber s length,Standard linear measurement using an ocular micrometer mounted on a dissecting microscope,0.9,mm,mean ± SE,,both,adult,,,,,,3,,,,,
PreservedSpecimen,Tetramorium sp. C,Morphological trait head length,,0.7,mm,mean,,both,adult,,,,,,3,,,,,
PreservedSpecimen,Tetramorium sp. C,Morphological trait femur length,Standard linear measurement using an ocular micrometer mounted on a dissecting microscope,0.9,mm,mean ± SE,,both,adult,,,,,,3,,,,,
PreservedSpecimen,Tetramorium sp. C,Morphological trait pronotum width,Standard linear measurement of pronotum width using an ocular micrometer mounted on a dissecting microscope,0.4,mm,mean ± SE,,both,adult,,,,,,3,,,,,
PreservedSpecimen,Tetramorium sp. C,Morphological trait head with between the eyes,Standard linear measurement using an ocular micrometer mounted on a dissecting microscope,0.61,mm,mean ± SE,,both,adult,,,,,,3,,,,,
PreservedSpecimen,Tetramorium sp. C,Morphological trait head width behind the eyes,Standard linear measurement using an ocular micrometer mounted on a dissecting microscope,0.71,mm,mean ± SE,,both,adult,,,,,,3,,,,,
PreservedSpecimen,Tetramorium sp. C,Morphological trait eye position,,0.1,mm,mean ± SE,,both,adult,,,,,,3,,,,,
PreservedSpecimen,Tetramorium sp. C,Morphological trait Weber s length,Standard linear measurement using an ocular micrometer mounted on a dissecting microscope,6,mm,mean ± SE,,both,adult,,,,,,,,,,,
PreservedSpecimen,Tetramorium sp. C,Morphological trait head length,,9,mm,mean,,both,adult,,,,,,,,,,,
PreservedSpecimen,Tetramorium sp. C,Morphological trait femur length,Standard linear measurement using an ocular micrometer mounted on a dissecting microscope,6,mm,mean ± SE,,both,adult,,,,,,,,,,,
PreservedSpecimen,Tetramorium sp. C,Morphological trait pronotum width,Standard linear measurement of pronotum width using an ocular micrometer mounted on a dissecting microscope,8,mm,mean ± SE,,both,adult,,,,,,,,,,,
PreservedSpecimen,Tetramorium sp. C,Morphological trait head with between the eyes,Standard linear measurement using an ocular micrometer mounted on a dissecting microscope,,mm,mean ± SE,,both,adult,,,,,,,,,,,
PreservedSpecimen,Tetramorium sp. C,Morphological trait head width behind the eyes,Standard linear measurement using an ocular micrometer mounted on a dissecting microscope,,mm,mean ± SE,,both,adult,,,,,,,,,,,
PreservedSpecimen,Tetramorium sp. C,Morphological trait eye position,,0,mm,mean ± SE,,both,adult,,,,,,,,,,,
PreservedSpecimen,Tetramorium sp. D,Morphological trait Weber s length,Standard linear measurement using an ocular micrometer mounted on a dissecting microscope,0.6,mm,mean ± SE,,both,adult,,,,,,2,,,,,
PreservedSpecimen,Tetramorium sp. D,Morphological trait head length,,0.6,mm,mean,,both,adult,,,,,,2,,,,,
PreservedSpecimen,Tetramorium sp. D,Morphological trait femur length,Standard linear measurement using an ocular micrometer mounted on a dissecting microscope,0.5,mm,mean ± SE,,both,adult,,,,,,2,,,,,
PreservedSpecimen,Tetramorium sp. D,Morphological trait pronotum width,Standard linear measurement of pronotum width using an ocular micrometer mounted on a dissecting microscope,0.3,mm,mean ± SE,,both,adult,,,,,,2,,,,,
PreservedSpecimen,Tetramorium sp. D,Morphological trait head with between the eyes,Standard linear measurement using an ocular micrometer mounted on a dissecting microscope,0.53,mm,mean ± SE,,both,adult,,,,,,2,,,,,
PreservedSpecimen,Tetramorium sp. D,Morphological trait head width behind the eyes,Standard linear measurement using an ocular micrometer mounted on a dissecting microscope,0.65,mm,mean ± SE,,both,adult,,,,,,2,,,,,
PreservedSpecimen,Tetramorium sp. D,Morphological trait eye position,,0.1,mm,mean ± SE,,both,adult,,,,,,2,,,,,
PreservedSpecimen,Tetramorium sp. D,Morphological trait Weber s length,Standard linear measurement using an ocular micrometer mounted on a dissecting microscope,0,mm,mean ± SE,,both,adult,,,,,,,,,,,
PreservedSpecimen,Tetramorium sp. D,Morphological trait head length,,0,mm,mean,,both,adult,,,,,,,,,,,
PreservedSpecimen,Tetramorium sp. D,Morphological trait femur length,Standard linear measurement using an ocular micrometer mounted on a dissecting microscope,1,mm,mean ± SE,,both,adult,,,,,,,,,,,
PreservedSpecimen,Tetramorium sp. D,Morphological trait pronotum width,Standard linear measurement of pronotum width using an ocular micrometer mounted on a dissecting microscope,9,mm,mean ± SE,,both,adult,,,,,,,,,,,
PreservedSpecimen,Tetramorium sp. D,Morphological trait head with between the eyes,Standard linear measurement using an ocular micrometer mounted on a dissecting microscope,,mm,mean ± SE,,both,adult,,,,,,,,,,,
PreservedSpecimen,Tetramorium sp. D,Morphological trait head width behind the eyes,Standard linear measurement using an ocular micrometer mounted on a dissecting microscope,,mm,mean ± SE,,both,adult,,,,,,,,,,,
PreservedSpecimen,Tetramorium sp. D,Morphological trait eye position,,2,mm,mean ± SE,,both,adult,,,,,,,,,,,
PreservedSpecimen,Crematogaster sp. A,Morphological trait Weber s length,Standard linear measurement using an ocular micrometer mounted on a dissecting microscope,1.0,mm,mean ± SE,,both,adult,,,,,,1,,,,,
PreservedSpecimen,Crematogaster sp. A,Morphological trait head length,,0.8,mm,mean,,both,adult,,,,,,1,,,,,
PreservedSpecimen,Crematogaster sp. A,Morphological trait femur length,Standard linear measurement using an ocular micrometer mounted on a dissecting microscope,0.8,mm,mean ± SE,,both,adult,,,,,,1,,,,,
PreservedSpecimen,Crematogaster sp. A,Morphological trait pronotum width,Standard linear measurement of pronotum width using an ocular micrometer mounted on a dissecting microscope,0.5,mm,mean ± SE,,both,adult,,,,,,1,,,,,
PreservedSpecimen,Crematogaster sp. A,Morphological trait head with between the eyes,Standard linear measurement using an ocular micrometer mounted on a dissecting microscope,0.80,mm,mean ± SE,,both,adult,,,,,,1,,,,,
PreservedSpecimen,Crematogaster sp. A,Morphological trait head width behind the eyes,Standard linear measurement using an ocular micrometer mounted on a dissecting microscope,0.86,mm,mean ± SE,,both,adult,,,,,,1,,,,,
PreservedSpecimen,Crematogaster sp. A,Morphological trait eye position,,0.0,mm,mean ± SE,,both,adult,,,,,,1,,,,,
PreservedSpecimen,Crematogaster sp. A,Morphological trait Weber s length,Standard linear measurement using an ocular micrometer mounted on a dissecting microscope,1,mm,mean ± SE,,both,adult,,,,,,,,,,,
PreservedSpecimen,Crematogaster sp. A,Morphological trait head length,,6,mm,mean,,both,adult,,,,,,,,,,,
PreservedSpecimen,Crematogaster sp. A,Morphological trait femur length,Standard linear measurement using an ocular micrometer mounted on a dissecting microscope,7,mm,mean ± SE,,both,adult,,,,,,,,,,,
PreservedSpecimen,Crematogaster sp. A,Morphological trait pronotum width,Standard linear measurement of pronotum width using an ocular micrometer mounted on a dissecting microscope,1,mm,mean ± SE,,both,adult,,,,,,,,,,,
PreservedSpecimen,Crematogaster sp. A,Morphological trait head with between the eyes,Standard linear measurement using an ocular micrometer mounted on a dissecting microscope,,mm,mean ± SE,,both,adult,,,,,,,,,,,
PreservedSpecimen,Crematogaster sp. A,Morphological trait head width behind the eyes,Standard linear measurement using an ocular micrometer mounted on a dissecting microscope,,mm,mean ± SE,,both,adult,,,,,,,,,,,
PreservedSpecimen,Crematogaster sp. A,Morphological trait eye position,,6,mm,mean ± SE,,both,adult,,,,,,,,,,,
PreservedSpecimen,Dolichoderus sp. A,Morphological trait Weber s length,Standard linear measurement using an ocular micrometer mounted on a dissecting microscope,1.4,mm,mean ± SE,,both,adult,,,,,,1,,,,,
PreservedSpecimen,Dolichoderus sp. A,Morphological trait head length,,0.9,mm,mean,,both,adult,,,,,,1,,,,,
PreservedSpecimen,Dolichoderus sp. A,Morphological trait femur length,Standard linear measurement using an ocular micrometer mounted on a dissecting microscope,1.1,mm,mean ± SE,,both,adult,,,,,,1,,,,,
PreservedSpecimen,Dolichoderus sp. A,Morphological trait pronotum width,Standard linear measurement of pronotum width using an ocular micrometer mounted on a dissecting microscope,0.5,mm,mean ± SE,,both,adult,,,,,,1,,,,,
PreservedSpecimen,Dolichoderus sp. A,Morphological trait head with between the eyes,Standard linear measurement using an ocular micrometer mounted on a dissecting microscope,,mm,mean ± SE,,both,adult,,,,,,1,,,,,
PreservedSpecimen,Dolichoderus sp. A,Morphological trait head width behind the eyes,Standard linear measurement using an ocular micrometer mounted on a dissecting microscope,0.74,mm,mean ± SE,,both,adult,,,,,,1,,,,,
PreservedSpecimen,Dolichoderus sp. A,Morphological trait eye position,,,mm,mean ± SE,,both,adult,,,,,,1,,,,,
PreservedSpecimen,Dolichoderus sp. A,Morphological trait Weber s length,Standard linear measurement using an ocular micrometer mounted on a dissecting microscope,5,mm,mean ± SE,,both,adult,,,,,,,,,,,
PreservedSpecimen,Dolichoderus sp. A,Morphological trait head length,,4,mm,mean,,both,adult,,,,,,,,,,,
PreservedSpecimen,Dolichoderus sp. A,Morphological trait femur length,Standard linear measurement using an ocular micrometer mounted on a dissecting microscope,7,mm,mean ± SE,,both,adult,,,,,,,,,,,
PreservedSpecimen,Dolichoderus sp. A,Morphological trait pronotum width,Standard linear measurement of pronotum width using an ocular micrometer mounted on a dissecting microscope,4,mm,mean ± SE,,both,adult,,,,,,,,,,,
PreservedSpecimen,Dolichoderus sp. A,Morphological trait head with between the eyes,Standard linear measurement using an ocular micrometer mounted on a dissecting microscope,,mm,mean ± SE,,both,adult,,,,,,,,,,,
PreservedSpecimen,Dolichoderus sp. A,Morphological trait head width behind the eyes,Standard linear measurement using an ocular micrometer mounted on a dissecting microscope,,mm,mean ± SE,,both,adult,,,,,,,,,,,
PreservedSpecimen,Dolichoderus sp. A,Morphological trait eye position,,,mm,mean ± SE,,both,adult,,,,,,,,,,,
PreservedSpecimen,Dolichoderus sp. B,Morphological trait Weber s length,Standard linear measurement using an ocular micrometer mounted on a dissecting microscope,2.1,mm,mean ± SE,,both,adult,,,,,,1,,,,,
PreservedSpecimen,Dolichoderus sp. B,Morphological trait head length,,1.5,mm,mean,,both,adult,,,,,,1,,,,,
PreservedSpecimen,Dolichoderus sp. B,Morphological trait femur length,Standard linear measurement using an ocular micrometer mounted on a dissecting microscope,1.7,mm,mean ± SE,,both,adult,,,,,,1,,,,,
PreservedSpecimen,Dolichoderus sp. B,Morphological trait pronotum width,Standard linear measurement of pronotum width using an ocular micrometer mounted on a dissecting microscope,1.0,mm,mean ± SE,,both,adult,,,,,,1,,,,,
PreservedSpecimen,Dolichoderus sp. B,Morphological trait head with between the eyes,Standard linear measurement using an ocular micrometer mounted on a dissecting microscope,1.02,mm,mean ± SE,,both,adult,,,,,,1,,,,,
PreservedSpecimen,Dolichoderus sp. B,Morphological trait head width behind the eyes,Standard linear measurement using an ocular micrometer mounted on a dissecting microscope,1.33,mm,mean ± SE,,both,adult,,,,,,1,,,,,
PreservedSpecimen,Dolichoderus sp. B,Morphological trait eye position,,0.3,mm,mean ± SE,,both,adult,,,,,,1,,,,,
PreservedSpecimen,Dolichoderus sp. B,Morphological trait Weber s length,Standard linear measurement using an ocular micrometer mounted on a dissecting microscope,7,mm,mean ± SE,,both,adult,,,,,,,,,,,
PreservedSpecimen,Dolichoderus sp. B,Morphological trait head length,,1,mm,mean,,both,adult,,,,,,,,,,,
PreservedSpecimen,Dolichoderus sp. B,Morphological trait femur length,Standard linear measurement using an ocular micrometer mounted on a dissecting microscope,9,mm,mean ± SE,,both,adult,,,,,,,,,,,
PreservedSpecimen,Dolichoderus sp. B,Morphological trait pronotum width,Standard linear measurement of pronotum width using an ocular micrometer mounted on a dissecting microscope,9,mm,mean ± SE,,both,adult,,,,,,,,,,,
PreservedSpecimen,Dolichoderus sp. B,Morphological trait head with between the eyes,Standard linear measurement using an ocular micrometer mounted on a dissecting microscope,,mm,mean ± SE,,both,adult,,,,,,,,,,,
PreservedSpecimen,Dolichoderus sp. B,Morphological trait head width behind the eyes,Standard linear measurement using an ocular micrometer mounted on a dissecting microscope,,mm,mean ± SE,,both,adult,,,,,,,,,,,
PreservedSpecimen,Dolichoderus sp. B,Morphological trait eye position,,0,mm,mean ± SE,,both,adult,,,,,,,,,,,
PreservedSpecimen,Iridomyrmex sp. A,Morphological trait Weber s length,Standard linear measurement using an ocular micrometer mounted on a dissecting microscope,1.4,mm,mean ± SE,,both,adult,,,,,,15,,,,,
PreservedSpecimen,Iridomyrmex sp. A,Morphological trait head length,,1.0,mm,mean,,both,adult,,,,,,15,,,,,
PreservedSpecimen,Iridomyrmex sp. A,Morphological trait femur length,Standard linear measurement using an ocular micrometer mounted on a dissecting microscope,1.7,mm,mean ± SE,,both,adult,,,,,,15,,,,,
PreservedSpecimen,Iridomyrmex sp. A,Morphological trait pronotum width,Standard linear measurement of pronotum width using an ocular micrometer mounted on a dissecting microscope,0.5,mm,mean ± SE,,both,adult,,,,,,15,,,,,
PreservedSpecimen,Iridomyrmex sp. A,Morphological trait head with between the eyes,Standard linear measurement using an ocular micrometer mounted on a dissecting microscope,0.47,mm,mean ± SE,,both,adult,,,,,,15,,,,,
PreservedSpecimen,Iridomyrmex sp. A,Morphological trait head width behind the eyes,Standard linear measurement using an ocular micrometer mounted on a dissecting microscope,0.78,mm,mean ± SE,,both,adult,,,,,,15,,,,,
PreservedSpecimen,Iridomyrmex sp. A,Morphological trait eye position,,0.3,mm,mean ± SE,,both,adult,,,,,,15,,,,,
PreservedSpecimen,Iridomyrmex sp. A,Morphological trait Weber s length,Standard linear measurement using an ocular micrometer mounted on a dissecting microscope,4,mm,mean ± SE,,both,adult,,,,,,,,,,,
PreservedSpecimen,Iridomyrmex sp. A,Morphological trait head length,,4,mm,mean,,both,adult,,,,,,,,,,,
PreservedSpecimen,Iridomyrmex sp. A,Morphological trait femur length,Standard linear measurement using an ocular micrometer mounted on a dissecting microscope,2,mm,mean ± SE,,both,adult,,,,,,,,,,,
PreservedSpecimen,Iridomyrmex sp. A,Morphological trait pronotum width,Standard linear measurement of pronotum width using an ocular micrometer mounted on a dissecting microscope,8,mm,mean ± SE,,both,adult,,,,,,,,,,,
PreservedSpecimen,Iridomyrmex sp. A,Morphological trait head with between the eyes,Standard linear measurement using an ocular micrometer mounted on a dissecting microscope,,mm,mean ± SE,,both,adult,,,,,,,,,,,
PreservedSpecimen,Iridomyrmex sp. A,Morphological trait head width behind the eyes,Standard linear measurement using an ocular micrometer mounted on a dissecting microscope,,mm,mean ± SE,,both,adult,,,,,,,,,,,
PreservedSpecimen,Iridomyrmex sp. A,Morphological trait eye position,,1,mm,mean ± SE,,both,adult,,,,,,,,,,,
PreservedSpecimen,Iridomyrmex sp. AA,Morphological trait Weber s length,Standard linear measurement using an ocular micrometer mounted on a dissecting microscope,1.6,mm,mean ± SE,,both,adult,,,,,,7,,,,,
PreservedSpecimen,Iridomyrmex sp. AA,Morphological trait head length,,1.1,mm,mean,,both,adult,,,,,,7,,,,,
PreservedSpecimen,Iridomyrmex sp. AA,Morphological trait femur length,Standard linear measurement using an ocular micrometer mounted on a dissecting microscope,1.6,mm,mean ± SE,,both,adult,,,,,,7,,,,,
PreservedSpecimen,Iridomyrmex sp. AA,Morphological trait pronotum width,Standard linear measurement of pronotum width using an ocular micrometer mounted on a dissecting microscope,0.6,mm,mean ± SE,,both,adult,,,,,,7,,,,,
PreservedSpecimen,Iridomyrmex sp. AA,Morphological trait head with between the eyes,Standard linear measurement using an ocular micrometer mounted on a dissecting microscope,0.66,mm,mean ± SE,,both,adult,,,,,,7,,,,,
PreservedSpecimen,Iridomyrmex sp. AA,Morphological trait head width behind the eyes,Standard linear measurement using an ocular micrometer mounted on a dissecting microscope,0.86,mm,mean ± SE,,both,adult,,,,,,7,,,,,
PreservedSpecimen,Iridomyrmex sp. AA,Morphological trait eye position,,0.2,mm,mean ± SE,,both,adult,,,,,,7,,,,,
PreservedSpecimen,Iridomyrmex sp. AA,Morphological trait Weber s length,Standard linear measurement using an ocular micrometer mounted on a dissecting microscope,2,mm,mean ± SE,,both,adult,,,,,,,,,,,
PreservedSpecimen,Iridomyrmex sp. AA,Morphological trait head length,,1,mm,mean,,both,adult,,,,,,,,,,,
PreservedSpecimen,Iridomyrmex sp. AA,Morphological trait femur length,Standard linear measurement using an ocular micrometer mounted on a dissecting microscope,7,mm,mean ± SE,,both,adult,,,,,,,,,,,
PreservedSpecimen,Iridomyrmex sp. AA,Morphological trait pronotum width,Standard linear measurement of pronotum width using an ocular micrometer mounted on a dissecting microscope,3,mm,mean ± SE,,both,adult,,,,,,,,,,,
PreservedSpecimen,Iridomyrmex sp. AA,Morphological trait head with between the eyes,Standard linear measurement using an ocular micrometer mounted on a dissecting microscope,,mm,mean ± SE,,both,adult,,,,,,,,,,,
PreservedSpecimen,Iridomyrmex sp. AA,Morphological trait head width behind the eyes,Standard linear measurement using an ocular micrometer mounted on a dissecting microscope,,mm,mean ± SE,,both,adult,,,,,,,,,,,
PreservedSpecimen,Iridomyrmex sp. AA,Morphological trait eye position,,0,mm,mean ± SE,,both,adult,,,,,,,,,,,
PreservedSpecimen,Iridomyrmex sp. B,Morphological trait Weber s length,Standard linear measurement using an ocular micrometer mounted on a dissecting microscope,1.0,mm,mean ± SE,,both,adult,,,,,,205,,,,,
PreservedSpecimen,Iridomyrmex sp. B,Morphological trait head length,,0.8,mm,mean,,both,adult,,,,,,205,,,,,
PreservedSpecimen,Iridomyrmex sp. B,Morphological trait femur length,Standard linear measurement using an ocular micrometer mounted on a dissecting microscope,1.0,mm,mean ± SE,,both,adult,,,,,,205,,,,,
PreservedSpecimen,Iridomyrmex sp. B,Morphological trait pronotum width,Standard linear measurement of pronotum width using an ocular micrometer mounted on a dissecting microscope,0.5,mm,mean ± SE,,both,adult,,,,,,205,,,,,
PreservedSpecimen,Iridomyrmex sp. B,Morphological trait head with between the eyes,Standard linear measurement using an ocular micrometer mounted on a dissecting microscope,0.43,mm,mean ± SE,,both,adult,,,,,,205,,,,,
PreservedSpecimen,Iridomyrmex sp. B,Morphological trait head width behind the eyes,Standard linear measurement using an ocular micrometer mounted on a dissecting microscope,0.79,mm,mean ± SE,,both,adult,,,,,,205,,,,,
PreservedSpecimen,Iridomyrmex sp. B,Morphological trait eye position,,0.3,mm,mean ± SE,,both,adult,,,,,,205,,,,,
PreservedSpecimen,Iridomyrmex sp. B,Morphological trait Weber s length,Standard linear measurement using an ocular micrometer mounted on a dissecting microscope,8,mm,mean ± SE,,both,adult,,,,,,,,,,,
PreservedSpecimen,Iridomyrmex sp. B,Morphological trait head length,,6,mm,mean,,both,adult,,,,,,,,,,,
PreservedSpecimen,Iridomyrmex sp. B,Morphological trait femur length,Standard linear measurement using an ocular micrometer mounted on a dissecting microscope,8,mm,mean ± SE,,both,adult,,,,,,,,,,,
PreservedSpecimen,Iridomyrmex sp. B,Morphological trait pronotum width,Standard linear measurement of pronotum width using an ocular micrometer mounted on a dissecting microscope,1,mm,mean ± SE,,both,adult,,,,,,,,,,,
PreservedSpecimen,Iridomyrmex sp. B,Morphological trait head with between the eyes,Standard linear measurement using an ocular micrometer mounted on a dissecting microscope,,mm,mean ± SE,,both,adult,,,,,,,,,,,
PreservedSpecimen,Iridomyrmex sp. B,Morphological trait head width behind the eyes,Standard linear measurement using an ocular micrometer mounted on a dissecting microscope,,mm,mean ± SE,,both,adult,,,,,,,,,,,
PreservedSpecimen,Iridomyrmex sp. B,Morphological trait eye position,,6,mm,mean ± SE,,both,adult,,,,,,,,,,,
PreservedSpecimen,Iridomyrmex sp. C,Morphological trait Weber s length,Standard linear measurement using an ocular micrometer mounted on a dissecting microscope,1.0,mm,mean ± SE,,both,adult,,,,,,11,,,,,
PreservedSpecimen,Iridomyrmex sp. C,Morphological trait head length,,0.8,mm,mean,,both,adult,,,,,,11,,,,,
PreservedSpecimen,Iridomyrmex sp. C,Morphological trait femur length,Standard linear measurement using an ocular micrometer mounted on a dissecting microscope,0.9,mm,mean ± SE,,both,adult,,,,,,11,,,,,
PreservedSpecimen,Iridomyrmex sp. C,Morphological trait pronotum width,Standard linear measurement of pronotum width using an ocular micrometer mounted on a dissecting microscope,0.4,mm,mean ± SE,,both,adult,,,,,,11,,,,,
PreservedSpecimen,Iridomyrmex sp. C,Morphological trait head with between the eyes,Standard linear measurement using an ocular micrometer mounted on a dissecting microscope,0.42,mm,mean ± SE,,both,adult,,,,,,11,,,,,
PreservedSpecimen,Iridomyrmex sp. C,Morphological trait head width behind the eyes,Standard linear measurement using an ocular micrometer mounted on a dissecting microscope,0.71,mm,mean ± SE,,both,adult,,,,,,11,,,,,
PreservedSpecimen,Iridomyrmex sp. C,Morphological trait eye position,,0.2,mm,mean ± SE,,both,adult,,,,,,11,,,,,
PreservedSpecimen,Iridomyrmex sp. C,Morphological trait Weber s length,Standard linear measurement using an ocular micrometer mounted on a dissecting microscope,1,mm,mean ± SE,,both,adult,,,,,,,,,,,
PreservedSpecimen,Iridomyrmex sp. C,Morphological trait head length,,0,mm,mean,,both,adult,,,,,,,,,,,
PreservedSpecimen,Iridomyrmex sp. C,Morphological trait femur length,Standard linear measurement using an ocular micrometer mounted on a dissecting microscope,8,mm,mean ± SE,,both,adult,,,,,,,,,,,
PreservedSpecimen,Iridomyrmex sp. C,Morphological trait pronotum width,Standard linear measurement of pronotum width using an ocular micrometer mounted on a dissecting microscope,6,mm,mean ± SE,,both,adult,,,,,,,,,,,
PreservedSpecimen,Iridomyrmex sp. C,Morphological trait head with between the eyes,Standard linear measurement using an ocular micrometer mounted on a dissecting microscope,,mm,mean ± SE,,both,adult,,,,,,,,,,,
PreservedSpecimen,Iridomyrmex sp. C,Morphological trait head width behind the eyes,Standard linear measurement using an ocular micrometer mounted on a dissecting microscope,,mm,mean ± SE,,both,adult,,,,,,,,,,,
PreservedSpecimen,Iridomyrmex sp. C,Morphological trait eye position,,9,mm,mean ± SE,,both,adult,,,,,,,,,,,
PreservedSpecimen,Melophorus sp. B,Morphological trait Weber s length,Standard linear measurement using an ocular micrometer mounted on a dissecting microscope,1.5,mm,mean ± SE,,both,adult,,,,,,1,,,,,
PreservedSpecimen,Melophorus sp. B,Morphological trait head length,,0.9,mm,mean,,both,adult,,,,,,1,,,,,
PreservedSpecimen,Melophorus sp. B,Morphological trait femur length,Standard linear measurement using an ocular micrometer mounted on a dissecting microscope,1.4,mm,mean ± SE,,both,adult,,,,,,1,,,,,
PreservedSpecimen,Melophorus sp. B,Morphological trait pronotum width,Standard linear measurement of pronotum width using an ocular micrometer mounted on a dissecting microscope,0.7,mm,mean ± SE,,both,adult,,,,,,1,,,,,
PreservedSpecimen,Melophorus sp. B,Morphological trait head with between the eyes,Standard linear measurement using an ocular micrometer mounted on a dissecting microscope,0.60,mm,mean ± SE,,both,adult,,,,,,1,,,,,
PreservedSpecimen,Melophorus sp. B,Morphological trait head width behind the eyes,Standard linear measurement using an ocular micrometer mounted on a dissecting microscope,0.79,mm,mean ± SE,,both,adult,,,,,,1,,,,,
PreservedSpecimen,Melophorus sp. B,Morphological trait eye position,,0.1,mm,mean ± SE,,both,adult,,,,,,1,,,,,
PreservedSpecimen,Melophorus sp. B,Morphological trait Weber s length,Standard linear measurement using an ocular micrometer mounted on a dissecting microscope,0,mm,mean ± SE,,both,adult,,,,,,,,,,,
PreservedSpecimen,Melophorus sp. B,Morphological trait head length,,7,mm,mean,,both,adult,,,,,,,,,,,
PreservedSpecimen,Melophorus sp. B,Morphological trait femur length,Standard linear measurement using an ocular micrometer mounted on a dissecting microscope,6,mm,mean ± SE,,both,adult,,,,,,,,,,,
PreservedSpecimen,Melophorus sp. B,Morphological trait pronotum width,Standard linear measurement of pronotum width using an ocular micrometer mounted on a dissecting microscope,0,mm,mean ± SE,,both,adult,,,,,,,,,,,
PreservedSpecimen,Melophorus sp. B,Morphological trait head with between the eyes,Standard linear measurement using an ocular micrometer mounted on a dissecting microscope,,mm,mean ± SE,,both,adult,,,,,,,,,,,
PreservedSpecimen,Melophorus sp. B,Morphological trait head width behind the eyes,Standard linear measurement using an ocular micrometer mounted on a dissecting microscope,,mm,mean ± SE,,both,adult,,,,,,,,,,,
PreservedSpecimen,Melophorus sp. B,Morphological trait eye position,,9,mm,mean ± SE,,both,adult,,,,,,,,,,,
PreservedSpecimen,Meranoplus sp. B,Morphological trait Weber s length,Standard linear measurement using an ocular micrometer mounted on a dissecting microscope,0.8,mm,mean ± SE,,both,adult,,,,,,2,,,,,
PreservedSpecimen,Meranoplus sp. B,Morphological trait head length,,0.9,mm,mean,,both,adult,,,,,,2,,,,,
PreservedSpecimen,Meranoplus sp. B,Morphological trait femur length,Standard linear measurement using an ocular micrometer mounted on a dissecting microscope,0.8,mm,mean ± SE,,both,adult,,,,,,2,,,,,
PreservedSpecimen,Meranoplus sp. B,Morphological trait pronotum width,Standard linear measurement of pronotum width using an ocular micrometer mounted on a dissecting microscope,1.0,mm,mean ± SE,,both,adult,,,,,,2,,,,,
PreservedSpecimen,Meranoplus sp. B,Morphological trait head with between the eyes,Standard linear measurement using an ocular micrometer mounted on a dissecting microscope,0.97,mm,mean ± SE,,both,adult,,,,,,2,,,,,
PreservedSpecimen,Meranoplus sp. B,Morphological trait head width behind the eyes,Standard linear measurement using an ocular micrometer mounted on a dissecting microscope,1.01,mm,mean ± SE,,both,adult,,,,,,2,,,,,
PreservedSpecimen,Meranoplus sp. B,Morphological trait eye position,,0.0,mm,mean ± SE,,both,adult,,,,,,2,,,,,
PreservedSpecimen,Meranoplus sp. B,Morphological trait Weber s length,Standard linear measurement using an ocular micrometer mounted on a dissecting microscope,5,mm,mean ± SE,,both,adult,,,,,,,,,,,
PreservedSpecimen,Meranoplus sp. B,Morphological trait head length,,2,mm,mean,,both,adult,,,,,,,,,,,
PreservedSpecimen,Meranoplus sp. B,Morphological trait femur length,Standard linear measurement using an ocular micrometer mounted on a dissecting microscope,4,mm,mean ± SE,,both,adult,,,,,,,,,,,
PreservedSpecimen,Meranoplus sp. B,Morphological trait pronotum width,Standard linear measurement of pronotum width using an ocular micrometer mounted on a dissecting microscope,4,mm,mean ± SE,,both,adult,,,,,,,,,,,
PreservedSpecimen,Meranoplus sp. B,Morphological trait head with between the eyes,Standard linear measurement using an ocular micrometer mounted on a dissecting microscope,,mm,mean ± SE,,both,adult,,,,,,,,,,,
PreservedSpecimen,Meranoplus sp. B,Morphological trait head width behind the eyes,Standard linear measurement using an ocular micrometer mounted on a dissecting microscope,,mm,mean ± SE,,both,adult,,,,,,,,,,,
PreservedSpecimen,Meranoplus sp. B,Morphological trait eye position,,4,mm,mean ± SE,,both,adult,,,,,,,,,,,
PreservedSpecimen,Myrmecia sp. A,Morphological trait Weber s length,Standard linear measurement using an ocular micrometer mounted on a dissecting microscope,6.8,mm,mean ± SE,,both,adult,,,,,,1,,,,,
PreservedSpecimen,Myrmecia sp. A,Morphological trait head length,,3.6,mm,mean,,both,adult,,,,,,1,,,,,
PreservedSpecimen,Myrmecia sp. A,Morphological trait femur length,Standard linear measurement using an ocular micrometer mounted on a dissecting microscope,6.9,mm,mean ± SE,,both,adult,,,,,,1,,,,,
PreservedSpecimen,Myrmecia sp. A,Morphological trait pronotum width,Standard linear measurement of pronotum width using an ocular micrometer mounted on a dissecting microscope,2.5,mm,mean ± SE,,both,adult,,,,,,1,,,,,
PreservedSpecimen,Myrmecia sp. A,Morphological trait head with between the eyes,Standard linear measurement using an ocular micrometer mounted on a dissecting microscope,2.75,mm,mean ± SE,,both,adult,,,,,,1,,,,,
PreservedSpecimen,Myrmecia sp. A,Morphological trait head width behind the eyes,Standard linear measurement using an ocular micrometer mounted on a dissecting microscope,3.82,mm,mean ± SE,,both,adult,,,,,,1,,,,,
PreservedSpecimen,Myrmecia sp. A,Morphological trait eye position,,1.0,mm,mean ± SE,,both,adult,,,,,,1,,,,,
PreservedSpecimen,Myrmecia sp. A,Morphological trait Weber s length,Standard linear measurement using an ocular micrometer mounted on a dissecting microscope,2,mm,mean ± SE,,both,adult,,,,,,,,,,,
PreservedSpecimen,Myrmecia sp. A,Morphological trait head length,,9,mm,mean,,both,adult,,,,,,,,,,,
PreservedSpecimen,Myrmecia sp. A,Morphological trait femur length,Standard linear measurement using an ocular micrometer mounted on a dissecting microscope,0,mm,mean ± SE,,both,adult,,,,,,,,,,,
PreservedSpecimen,Myrmecia sp. A,Morphological trait pronotum width,Standard linear measurement of pronotum width using an ocular micrometer mounted on a dissecting microscope,1,mm,mean ± SE,,both,adult,,,,,,,,,,,
PreservedSpecimen,Myrmecia sp. A,Morphological trait head with between the eyes,Standard linear measurement using an ocular micrometer mounted on a dissecting microscope,,mm,mean ± SE,,both,adult,,,,,,,,,,,
PreservedSpecimen,Myrmecia sp. A,Morphological trait head width behind the eyes,Standard linear measurement using an ocular micrometer mounted on a dissecting microscope,,mm,mean ± SE,,both,adult,,,,,,,,,,,
PreservedSpecimen,Myrmecia sp. A,Morphological trait eye position,,7,mm,mean ± SE,,both,adult,,,,,,,,,,,
PreservedSpecimen,Notoncus sp. A,Morphological trait Weber s length,Standard linear measurement using an ocular micrometer mounted on a dissecting microscope,1.5,mm,mean ± SE,,both,adult,,,,,,4,,,,,
PreservedSpecimen,Notoncus sp. A,Morphological trait head length,,1.2,mm,mean,,both,adult,,,,,,4,,,,,
PreservedSpecimen,Notoncus sp. A,Morphological trait femur length,Standard linear measurement using an ocular micrometer mounted on a dissecting microscope,1.4,mm,mean ± SE,,both,adult,,,,,,4,,,,,
PreservedSpecimen,Notoncus sp. A,Morphological trait pronotum width,Standard linear measurement of pronotum width using an ocular micrometer mounted on a dissecting microscope,0.8,mm,mean ± SE,,both,adult,,,,,,4,,,,,
PreservedSpecimen,Notoncus sp. A,Morphological trait head with between the eyes,Standard linear measurement using an ocular micrometer mounted on a dissecting microscope,0.84,mm,mean ± SE,,both,adult,,,,,,4,,,,,
PreservedSpecimen,Notoncus sp. A,Morphological trait head width behind the eyes,Standard linear measurement using an ocular micrometer mounted on a dissecting microscope,1.14,mm,mean ± SE,,both,adult,,,,,,4,,,,,
PreservedSpecimen,Notoncus sp. A,Morphological trait eye position,,0.3,mm,mean ± SE,,both,adult,,,,,,4,,,,,
PreservedSpecimen,Notoncus sp. A,Morphological trait Weber s length,Standard linear measurement using an ocular micrometer mounted on a dissecting microscope,3,mm,mean ± SE,,both,adult,,,,,,,,,,,
PreservedSpecimen,Notoncus sp. A,Morphological trait head length,,0,mm,mean,,both,adult,,,,,,,,,,,
PreservedSpecimen,Notoncus sp. A,Morphological trait femur length,Standard linear measurement using an ocular micrometer mounted on a dissecting microscope,0,mm,mean ± SE,,both,adult,,,,,,,,,,,
PreservedSpecimen,Notoncus sp. A,Morphological trait pronotum width,Standard linear measurement of pronotum width using an ocular micrometer mounted on a dissecting microscope,2,mm,mean ± SE,,both,adult,,,,,,,,,,,
PreservedSpecimen,Notoncus sp. A,Morphological trait head with between the eyes,Standard linear measurement using an ocular micrometer mounted on a dissecting microscope,,mm,mean ± SE,,both,adult,,,,,,,,,,,
PreservedSpecimen,Notoncus sp. A,Morphological trait head width behind the eyes,Standard linear measurement using an ocular micrometer mounted on a dissecting microscope,,mm,mean ± SE,,both,adult,,,,,,,,,,,
PreservedSpecimen,Notoncus sp. A,Morphological trait eye position,,0,mm,mean ± SE,,both,adult,,,,,,,,,,,
PreservedSpecimen,Ochetellussp. A,Morphological trait Weber s length,Standard linear measurement using an ocular micrometer mounted on a dissecting microscope,0.7,mm,mean ± SE,,both,adult,,,,,,25,,,,,
PreservedSpecimen,Ochetellussp. A,Morphological trait head length,,0.5,mm,mean,,both,adult,,,,,,25,,,,,
PreservedSpecimen,Ochetellussp. A,Morphological trait femur length,Standard linear measurement using an ocular micrometer mounted on a dissecting microscope,0.5,mm,mean ± SE,,both,adult,,,,,,25,,,,,
PreservedSpecimen,Ochetellussp. A,Morphological trait pronotum width,Standard linear measurement of pronotum width using an ocular micrometer mounted on a dissecting microscope,0.3,mm,mean ± SE,,both,adult,,,,,,25,,,,,
PreservedSpecimen,Ochetellussp. A,Morphological trait head with between the eyes,Standard linear measurement using an ocular micrometer mounted on a dissecting microscope,0.32,mm,mean ± SE,,both,adult,,,,,,25,,,,,
PreservedSpecimen,Ochetellussp. A,Morphological trait head width behind the eyes,Standard linear measurement using an ocular micrometer mounted on a dissecting microscope,0.54,mm,mean ± SE,,both,adult,,,,,,25,,,,,
PreservedSpecimen,Ochetellussp. A,Morphological trait eye position,,0.2,mm,mean ± SE,,both,adult,,,,,,25,,,,,
PreservedSpecimen,Ochetellussp. A,Morphological trait Weber s length,Standard linear measurement using an ocular micrometer mounted on a dissecting microscope,0,mm,mean ± SE,,both,adult,,,,,,25,,,,,
PreservedSpecimen,Ochetellussp. A,Morphological trait head length,,9,mm,mean,,both,adult,,,,,,25,,,,,
PreservedSpecimen,Ochetellussp. A,Morphological trait femur length,Standard linear measurement using an ocular micrometer mounted on a dissecting microscope,1,mm,mean ± SE,,both,adult,,,,,,25,,,,,
PreservedSpecimen,Ochetellussp. A,Morphological trait pronotum width,Standard linear measurement of pronotum width using an ocular micrometer mounted on a dissecting microscope,5,mm,mean ± SE,,both,adult,,,,,,25,,,,,
PreservedSpecimen,Ochetellussp. A,Morphological trait head with between the eyes,Standard linear measurement using an ocular micrometer mounted on a dissecting microscope,,mm,mean ± SE,,both,adult,,,,,,25,,,,,
PreservedSpecimen,Ochetellussp. A,Morphological trait head width behind the eyes,Standard linear measurement using an ocular micrometer mounted on a dissecting microscope,,mm,mean ± SE,,both,adult,,,,,,25,,,,,
PreservedSpecimen,Ochetellussp. A,Morphological trait eye position,,2,mm,mean ± SE,,both,adult,,,,,,25,,,,,
PreservedSpecimen,Paratrechina sp. A,Morphological trait Weber s length,Standard linear measurement using an ocular micrometer mounted on a dissecting microscope,0.8,mm,mean ± SE,,both,adult,,,,,,9,,,,,
PreservedSpecimen,Paratrechina sp. A,Morphological trait head length,,0.6,mm,mean,,both,adult,,,,,,9,,,,,
PreservedSpecimen,Paratrechina sp. A,Morphological trait femur length,Standard linear measurement using an ocular micrometer mounted on a dissecting microscope,0.8,mm,mean ± SE,,both,adult,,,,,,9,,,,,
PreservedSpecimen,Paratrechina sp. A,Morphological trait pronotum width,Standard linear measurement of pronotum width using an ocular micrometer mounted on a dissecting microscope,0.4,mm,mean ± SE,,both,adult,,,,,,9,,,,,
PreservedSpecimen,Paratrechina sp. A,Morphological trait head with between the eyes,Standard linear measurement using an ocular micrometer mounted on a dissecting microscope,0.43,mm,mean ± SE,,both,adult,,,,,,9,,,,,
PreservedSpecimen,Paratrechina sp. A,Morphological trait head width behind the eyes,Standard linear measurement using an ocular micrometer mounted on a dissecting microscope,0.51,mm,mean ± SE,,both,adult,,,,,,9,,,,,
PreservedSpecimen,Paratrechina sp. A,Morphological trait eye position,,0.0,mm,mean ± SE,,both,adult,,,,,,9,,,,,
PreservedSpecimen,Paratrechina sp. A,Morphological trait Weber s length,Standard linear measurement using an ocular micrometer mounted on a dissecting microscope,2,mm,mean ± SE,,both,adult,,,,,,9,,,,,
PreservedSpecimen,Paratrechina sp. A,Morphological trait head length,,4,mm,mean,,both,adult,,,,,,9,,,,,
PreservedSpecimen,Paratrechina sp. A,Morphological trait femur length,Standard linear measurement using an ocular micrometer mounted on a dissecting microscope,2,mm,mean ± SE,,both,adult,,,,,,9,,,,,
PreservedSpecimen,Paratrechina sp. A,Morphological trait pronotum width,Standard linear measurement of pronotum width using an ocular micrometer mounted on a dissecting microscope,1,mm,mean ± SE,,both,adult,,,,,,9,,,,,
PreservedSpecimen,Paratrechina sp. A,Morphological trait head with between the eyes,Standard linear measurement using an ocular micrometer mounted on a dissecting microscope,,mm,mean ± SE,,both,adult,,,,,,9,,,,,
PreservedSpecimen,Paratrechina sp. A,Morphological trait head width behind the eyes,Standard linear measurement using an ocular micrometer mounted on a dissecting microscope,,mm,mean ± SE,,both,adult,,,,,,9,,,,,
PreservedSpecimen,Paratrechina sp. A,Morphological trait eye position,,8,mm,mean ± SE,,both,adult,,,,,,9,,,,,
PreservedSpecimen,Prolasius sp. A,Morphological trait Weber s length,Standard linear measurement using an ocular micrometer mounted on a dissecting microscope,1.1,mm,mean ± SE,,both,adult,,,,,,1,,,,,
PreservedSpecimen,Prolasius sp. A,Morphological trait head length,,0.8,mm,mean,,both,adult,,,,,,1,,,,,
PreservedSpecimen,Prolasius sp. A,Morphological trait femur length,Standard linear measurement using an ocular micrometer mounted on a dissecting microscope,1.1,mm,mean ± SE,,both,adult,,,,,,1,,,,,
PreservedSpecimen,Prolasius sp. A,Morphological trait pronotum width,Standard linear measurement of pronotum width using an ocular micrometer mounted on a dissecting microscope,0.5,mm,mean ± SE,,both,adult,,,,,,1,,,,,
PreservedSpecimen,Prolasius sp. A,Morphological trait head with between the eyes,Standard linear measurement using an ocular micrometer mounted on a dissecting microscope,,mm,mean ± SE,,both,adult,,,,,,1,,,,,
PreservedSpecimen,Prolasius sp. A,Morphological trait head width behind the eyes,Standard linear measurement using an ocular micrometer mounted on a dissecting microscope,0.64,mm,mean ± SE,,both,adult,,,,,,1,,,,,
PreservedSpecimen,Prolasius sp. A,Morphological trait eye position,,,mm,mean ± SE,,both,adult,,,,,,1,,,,,
PreservedSpecimen,Prolasius sp. A,Morphological trait Weber s length,Standard linear measurement using an ocular micrometer mounted on a dissecting microscope,9,mm,mean ± SE,,both,adult,,,,,,1,,,,,
PreservedSpecimen,Prolasius sp. A,Morphological trait head length,,1,mm,mean,,both,adult,,,,,,1,,,,,
PreservedSpecimen,Prolasius sp. A,Morphological trait femur length,Standard linear measurement using an ocular micrometer mounted on a dissecting microscope,6,mm,mean ± SE,,both,adult,,,,,,1,,,,,
PreservedSpecimen,Prolasius sp. A,Morphological trait pronotum width,Standard linear measurement of pronotum width using an ocular micrometer mounted on a dissecting microscope,0,mm,mean ± SE,,both,adult,,,,,,1,,,,,
PreservedSpecimen,Prolasius sp. A,Morphological trait head with between the eyes,Standard linear measurement using an ocular micrometer mounted on a dissecting microscope,,mm,mean ± SE,,both,adult,,,,,,1,,,,,
PreservedSpecimen,Prolasius sp. A,Morphological trait head width behind the eyes,Standard linear measurement using an ocular micrometer mounted on a dissecting microscope,,mm,mean ± SE,,both,adult,,,,,,1,,,,,
PreservedSpecimen,Prolasius sp. A,Morphological trait eye position,,,mm,mean ± SE,,both,adult,,,,,,1,,,,,
PreservedSpecimen,Prolasius sp. B,Morphological trait Weber s length,Standard linear measurement using an ocular micrometer mounted on a dissecting microscope,1.2,mm,mean ± SE,,both,adult,,,,,,2,,,,,
PreservedSpecimen,Prolasius sp. B,Morphological trait head length,,0.8,mm,mean,,both,adult,,,,,,2,,,,,
PreservedSpecimen,Prolasius sp. B,Morphological trait femur length,Standard linear measurement using an ocular micrometer mounted on a dissecting microscope,1.1,mm,mean ± SE,,both,adult,,,,,,2,,,,,
PreservedSpecimen,Prolasius sp. B,Morphological trait pronotum width,Standard linear measurement of pronotum width using an ocular micrometer mounted on a dissecting microscope,0.5,mm,mean ± SE,,both,adult,,,,,,2,,,,,
PreservedSpecimen,Prolasius sp. B,Morphological trait head with between the eyes,Standard linear measurement using an ocular micrometer mounted on a dissecting microscope,0.49,mm,mean ± SE,,both,adult,,,,,,2,,,,,
PreservedSpecimen,Prolasius sp. B,Morphological trait head width behind the eyes,Standard linear measurement using an ocular micrometer mounted on a dissecting microscope,0.72,mm,mean ± SE,,both,adult,,,,,,2,,,,,
PreservedSpecimen,Prolasius sp. B,Morphological trait eye position,,0.2,mm,mean ± SE,,both,adult,,,,,,2,,,,,
PreservedSpecimen,Prolasius sp. B,Morphological trait Weber s length,Standard linear measurement using an ocular micrometer mounted on a dissecting microscope,3,mm,mean ± SE,,both,adult,,,,,,2,,,,,
PreservedSpecimen,Prolasius sp. B,Morphological trait head length,,2,mm,mean,,both,adult,,,,,,2,,,,,
PreservedSpecimen,Prolasius sp. B,Morphological trait femur length,Standard linear measurement using an ocular micrometer mounted on a dissecting microscope,4,mm,mean ± SE,,both,adult,,,,,,2,,,,,
PreservedSpecimen,Prolasius sp. B,Morphological trait pronotum width,Standard linear measurement of pronotum width using an ocular micrometer mounted on a dissecting microscope,6,mm,mean ± SE,,both,adult,,,,,,2,,,,,
PreservedSpecimen,Prolasius sp. B,Morphological trait head with between the eyes,Standard linear measurement using an ocular micrometer mounted on a dissecting microscope,,mm,mean ± SE,,both,adult,,,,,,2,,,,,
PreservedSpecimen,Prolasius sp. B,Morphological trait head width behind the eyes,Standard linear measurement using an ocular micrometer mounted on a dissecting microscope,,mm,mean ± SE,,both,adult,,,,,,2,,,,,
PreservedSpecimen,Prolasius sp. B,Morphological trait eye position,,3,mm,mean ± SE,,both,adult,,,,,,2,,,,,
PreservedSpecimen,Rhytidoponera metallica gp sp. A,Morphological trait Weber s length,Standard linear measurement using an ocular micrometer mounted on a dissecting microscope,1.9,mm,mean ± SE,,both,adult,,,,,,13,,,,,
PreservedSpecimen,Rhytidoponera metallica gp sp. A,Morphological trait head length,,1.4,mm,mean,,both,adult,,,,,,13,,,,,
PreservedSpecimen,Rhytidoponera metallica gp sp. A,Morphological trait femur length,Standard linear measurement using an ocular micrometer mounted on a dissecting microscope,1.6,mm,mean ± SE,,both,adult,,,,,,13,,,,,
PreservedSpecimen,Rhytidoponera metallica gp sp. A,Morphological trait pronotum width,Standard linear measurement of pronotum width using an ocular micrometer mounted on a dissecting microscope,1.0,mm,mean ± SE,,both,adult,,,,,,13,,,,,
PreservedSpecimen,Rhytidoponera metallica gp sp. A,Morphological trait head with between the eyes,Standard linear measurement using an ocular micrometer mounted on a dissecting microscope,1.06,mm,mean ± SE,,both,adult,,,,,,13,,,,,
PreservedSpecimen,Rhytidoponera metallica gp sp. A,Morphological trait head width behind the eyes,Standard linear measurement using an ocular micrometer mounted on a dissecting microscope,1.33,mm,mean ± SE,,both,adult,,,,,,13,,,,,
PreservedSpecimen,Rhytidoponera metallica gp sp. A,Morphological trait eye position,,0.2,mm,mean ± SE,,both,adult,,,,,,13,,,,,
PreservedSpecimen,Rhytidoponera metallica gp sp. A,Morphological trait Weber s length,Standard linear measurement using an ocular micrometer mounted on a dissecting microscope,1,mm,mean ± SE,,both,adult,,,,,,13,,,,,
PreservedSpecimen,Rhytidoponera metallica gp sp. A,Morphological trait head length,,3,mm,mean,,both,adult,,,,,,13,,,,,
PreservedSpecimen,Rhytidoponera metallica gp sp. A,Morphological trait femur length,Standard linear measurement using an ocular micrometer mounted on a dissecting microscope,7,mm,mean ± SE,,both,adult,,,,,,13,,,,,
PreservedSpecimen,Rhytidoponera metallica gp sp. A,Morphological trait pronotum width,Standard linear measurement of pronotum width using an ocular micrometer mounted on a dissecting microscope,0,mm,mean ± SE,,both,adult,,,,,,13,,,,,
PreservedSpecimen,Rhytidoponera metallica gp sp. A,Morphological trait head with between the eyes,Standard linear measurement using an ocular micrometer mounted on a dissecting microscope,,mm,mean ± SE,,both,adult,,,,,,13,,,,,
PreservedSpecimen,Rhytidoponera metallica gp sp. A,Morphological trait head width behind the eyes,Standard linear measurement using an ocular micrometer mounted on a dissecting microscope,,mm,mean ± SE,,both,adult,,,,,,13,,,,,
PreservedSpecimen,Rhytidoponera metallica gp sp. A,Morphological trait eye position,,8,mm,mean ± SE,,both,adult,,,,,,13,,,,,
PreservedSpecimen,Rhytidoponera metallica gp sp. B,Morphological trait Weber s length,Standard linear measurement using an ocular micrometer mounted on a dissecting microscope,1.3,mm,mean ± SE,,both,adult,,,,,,4,,,,,
PreservedSpecimen,Rhytidoponera metallica gp sp. B,Morphological trait head length,,1.0,mm,mean,,both,adult,,,,,,4,,,,,
PreservedSpecimen,Rhytidoponera metallica gp sp. B,Morphological trait femur length,Standard linear measurement using an ocular micrometer mounted on a dissecting microscope,1.1,mm,mean ± SE,,both,adult,,,,,,4,,,,,
PreservedSpecimen,Rhytidoponera metallica gp sp. B,Morphological trait pronotum width,Standard linear measurement of pronotum width using an ocular micrometer mounted on a dissecting microscope,0.7,mm,mean ± SE,,both,adult,,,,,,4,,,,,
PreservedSpecimen,Rhytidoponera metallica gp sp. B,Morphological trait head with between the eyes,Standard linear measurement using an ocular micrometer mounted on a dissecting microscope,0.79,mm,mean ± SE,,both,adult,,,,,,4,,,,,
PreservedSpecimen,Rhytidoponera metallica gp sp. B,Morphological trait head width behind the eyes,Standard linear measurement using an ocular micrometer mounted on a dissecting microscope,0.95,mm,mean ± SE,,both,adult,,,,,,4,,,,,
PreservedSpecimen,Rhytidoponera metallica gp sp. B,Morphological trait eye position,,0.1,mm,mean ± SE,,both,adult,,,,,,4,,,,,
PreservedSpecimen,Rhytidoponera metallica gp sp. B,Morphological trait Weber s length,Standard linear measurement using an ocular micrometer mounted on a dissecting microscope,8,mm,mean ± SE,,both,adult,,,,,,4,,,,,
PreservedSpecimen,Rhytidoponera metallica gp sp. B,Morphological trait head length,,9,mm,mean,,both,adult,,,,,,4,,,,,
PreservedSpecimen,Rhytidoponera metallica gp sp. B,Morphological trait femur length,Standard linear measurement using an ocular micrometer mounted on a dissecting microscope,1,mm,mean ± SE,,both,adult,,,,,,4,,,,,
PreservedSpecimen,Rhytidoponera metallica gp sp. B,Morphological trait pronotum width,Standard linear measurement of pronotum width using an ocular micrometer mounted on a dissecting microscope,4,mm,mean ± SE,,both,adult,,,,,,4,,,,,
PreservedSpecimen,Rhytidoponera metallica gp sp. B,Morphological trait head with between the eyes,Standard linear measurement using an ocular micrometer mounted on a dissecting microscope,,mm,mean ± SE,,both,adult,,,,,,4,,,,,
PreservedSpecimen,Rhytidoponera metallica gp sp. B,Morphological trait head width behind the eyes,Standard linear measurement using an ocular micrometer mounted on a dissecting microscope,,mm,mean ± SE,,both,adult,,,,,,4,,,,,
PreservedSpecimen,Rhytidoponera metallica gp sp. B,Morphological trait eye position,,6,mm,mean ± SE,,both,adult,,,,,,4,,,,,
PreservedSpecimen,Tapinoma sp. A,Morphological trait Weber s length,Standard linear measurement using an ocular micrometer mounted on a dissecting microscope,0.6,mm,mean ± SE,,both,adult,,,,,,41,,,,,
PreservedSpecimen,Tapinoma sp. A,Morphological trait head length,,0.5,mm,mean,,both,adult,,,,,,41,,,,,
PreservedSpecimen,Tapinoma sp. A,Morphological trait femur length,Standard linear measurement using an ocular micrometer mounted on a dissecting microscope,0.5,mm,mean ± SE,,both,adult,,,,,,41,,,,,
PreservedSpecimen,Tapinoma sp. A,Morphological trait pronotum width,Standard linear measurement of pronotum width using an ocular micrometer mounted on a dissecting microscope,0.2,mm,mean ± SE,,both,adult,,,,,,41,,,,,
PreservedSpecimen,Tapinoma sp. A,Morphological trait head with between the eyes,Standard linear measurement using an ocular micrometer mounted on a dissecting microscope,0.27,mm,mean ± SE,,both,adult,,,,,,41,,,,,
PreservedSpecimen,Tapinoma sp. A,Morphological trait head width behind the eyes,Standard linear measurement using an ocular micrometer mounted on a dissecting microscope,0.44,mm,mean ± SE,,both,adult,,,,,,41,,,,,
PreservedSpecimen,Tapinoma sp. A,Morphological trait eye position,,0.1,mm,mean ± SE,,both,adult,,,,,,41,,,,,
PreservedSpecimen,Tapinoma sp. A,Morphological trait Weber s length,Standard linear measurement using an ocular micrometer mounted on a dissecting microscope,1,mm,mean ± SE,,both,adult,,,,,,41,,,,,
PreservedSpecimen,Tapinoma sp. A,Morphological trait head length,,4,mm,mean,,both,adult,,,,,,41,,,,,
PreservedSpecimen,Tapinoma sp. A,Morphological trait femur length,Standard linear measurement using an ocular micrometer mounted on a dissecting microscope,2,mm,mean ± SE,,both,adult,,,,,,41,,,,,
PreservedSpecimen,Tapinoma sp. A,Morphological trait pronotum width,Standard linear measurement of pronotum width using an ocular micrometer mounted on a dissecting microscope,9,mm,mean ± SE,,both,adult,,,,,,41,,,,,
PreservedSpecimen,Tapinoma sp. A,Morphological trait head with between the eyes,Standard linear measurement using an ocular micrometer mounted on a dissecting microscope,,mm,mean ± SE,,both,adult,,,,,,41,,,,,
PreservedSpecimen,Tapinoma sp. A,Morphological trait head width behind the eyes,Standard linear measurement using an ocular micrometer mounted on a dissecting microscope,,mm,mean ± SE,,both,adult,,,,,,41,,,,,
PreservedSpecimen,Tapinoma sp. A,Morphological trait eye position,,7,mm,mean ± SE,,both,adult,,,,,,41,,,,,
PreservedSpecimen,Camponotus herculeanus,Morphological trait Weber s length,Standard linear measurement using an ocular micrometer mounted on a dissecting microscope,3.0,mm,mean ± SE,,both,adult,,,,,,3,,,,,
PreservedSpecimen,Camponotus herculeanus,Morphological trait head length,,2.2,mm,mean,,both,adult,,,,,,3,,,,,
PreservedSpecimen,Camponotus herculeanus,Morphological trait femur length,Standard linear measurement using an ocular micrometer mounted on a dissecting microscope,2.5,mm,mean ± SE,,both,adult,,,,,,3,,,,,
PreservedSpecimen,Camponotus herculeanus,Morphological trait pronotum width,Standard linear measurement of pronotum width using an ocular micrometer mounted on a dissecting microscope,1.5,mm,mean ± SE,,both,adult,,,,,,3,,,,,
PreservedSpecimen,Camponotus herculeanus,Morphological trait head with between the eyes,Standard linear measurement using an ocular micrometer mounted on a dissecting microscope,1.51,mm,mean ± SE,,both,adult,,,,,,3,,,,,
PreservedSpecimen,Camponotus herculeanus,Morphological trait head width behind the eyes,Standard linear measurement using an ocular micrometer mounted on a dissecting microscope,2.20,mm,mean ± SE,,both,adult,,,,,,3,,,,,
PreservedSpecimen,Camponotus herculeanus,Morphological trait eye position,,0.6,mm,mean ± SE,,both,adult,,,,,,3,,,,,
PreservedSpecimen,Camponotus herculeanus,Morphological trait Weber s length,Standard linear measurement using an ocular micrometer mounted on a dissecting microscope,6,mm,mean ± SE,,both,adult,,,,,,3,,,,,
PreservedSpecimen,Camponotus herculeanus,Morphological trait head length,,4,mm,mean,,both,adult,,,,,,3,,,,,
PreservedSpecimen,Camponotus herculeanus,Morphological trait femur length,Standard linear measurement using an ocular micrometer mounted on a dissecting microscope,2,mm,mean ± SE,,both,adult,,,,,,3,,,,,
PreservedSpecimen,Camponotus herculeanus,Morphological trait pronotum width,Standard linear measurement of pronotum width using an ocular micrometer mounted on a dissecting microscope,2,mm,mean ± SE,,both,adult,,,,,,3,,,,,
PreservedSpecimen,Camponotus herculeanus,Morphological trait head with between the eyes,Standard linear measurement using an ocular micrometer mounted on a dissecting microscope,,mm,mean ± SE,,both,adult,,,,,,3,,,,,
PreservedSpecimen,Camponotus herculeanus,Morphological trait head width behind the eyes,Standard linear measurement using an ocular micrometer mounted on a dissecting microscope,,mm,mean ± SE,,both,adult,,,,,,3,,,,,
PreservedSpecimen,Camponotus herculeanus,Morphological trait eye position,,9,mm,mean ± SE,,both,adult,,,,,,3,,,,,
PreservedSpecimen,Formica aquilonia,Morphological trait Weber s length,Standard linear measurement using an ocular micrometer mounted on a dissecting microscope,2.2,mm,mean ± SE,,both,adult,,,,,,116,,,,,
PreservedSpecimen,Formica aquilonia,Morphological trait head length,,1.6,mm,mean,,both,adult,,,,,,116,,,,,
PreservedSpecimen,Formica aquilonia,Morphological trait femur length,Standard linear measurement using an ocular micrometer mounted on a dissecting microscope,2.0,mm,mean ± SE,,both,adult,,,,,,116,,,,,
PreservedSpecimen,Formica aquilonia,Morphological trait pronotum width,Standard linear measurement of pronotum width using an ocular micrometer mounted on a dissecting microscope,1.1,mm,mean ± SE,,both,adult,,,,,,116,,,,,
PreservedSpecimen,Formica aquilonia,Morphological trait head with between the eyes,Standard linear measurement using an ocular micrometer mounted on a dissecting microscope,1.08,mm,mean ± SE,,both,adult,,,,,,116,,,,,
PreservedSpecimen,Formica aquilonia,Morphological trait head width behind the eyes,Standard linear measurement using an ocular micrometer mounted on a dissecting microscope,1.51,mm,mean ± SE,,both,adult,,,,,,116,,,,,
PreservedSpecimen,Formica aquilonia,Morphological trait eye position,,0.4,mm,mean ± SE,,both,adult,,,,,,116,,,,,
PreservedSpecimen,Formica aquilonia,Morphological trait Weber s length,Standard linear measurement using an ocular micrometer mounted on a dissecting microscope,0,mm,mean ± SE,,both,adult,,,,,,116,,,,,
PreservedSpecimen,Formica aquilonia,Morphological trait head length,,9,mm,mean,,both,adult,,,,,,116,,,,,
PreservedSpecimen,Formica aquilonia,Morphological trait femur length,Standard linear measurement using an ocular micrometer mounted on a dissecting microscope,7,mm,mean ± SE,,both,adult,,,,,,116,,,,,
PreservedSpecimen,Formica aquilonia,Morphological trait pronotum width,Standard linear measurement of pronotum width using an ocular micrometer mounted on a dissecting microscope,3,mm,mean ± SE,,both,adult,,,,,,116,,,,,
PreservedSpecimen,Formica aquilonia,Morphological trait head with between the eyes,Standard linear measurement using an ocular micrometer mounted on a dissecting microscope,,mm,mean ± SE,,both,adult,,,,,,116,,,,,
PreservedSpecimen,Formica aquilonia,Morphological trait head width behind the eyes,Standard linear measurement using an ocular micrometer mounted on a dissecting microscope,,mm,mean ± SE,,both,adult,,,,,,116,,,,,
PreservedSpecimen,Formica aquilonia,Morphological trait eye position,,3,mm,mean ± SE,,both,adult,,,,,,116,,,,,
PreservedSpecimen,Formica lemani,Morphological trait Weber s length,Standard linear measurement using an ocular micrometer mounted on a dissecting microscope,2.0,mm,mean ± SE,,both,adult,,,,,,71,,,,,
PreservedSpecimen,Formica lemani,Morphological trait head length,,1.4,mm,mean,,both,adult,,,,,,71,,,,,
PreservedSpecimen,Formica lemani,Morphological trait femur length,Standard linear measurement using an ocular micrometer mounted on a dissecting microscope,1.8,mm,mean ± SE,,both,adult,,,,,,71,,,,,
PreservedSpecimen,Formica lemani,Morphological trait pronotum width,Standard linear measurement of pronotum width using an ocular micrometer mounted on a dissecting microscope,0.9,mm,mean ± SE,,both,adult,,,,,,71,,,,,
PreservedSpecimen,Formica lemani,Morphological trait head with between the eyes,Standard linear measurement using an ocular micrometer mounted on a dissecting microscope,0.83,mm,mean ± SE,,both,adult,,,,,,71,,,,,
PreservedSpecimen,Formica lemani,Morphological trait head width behind the eyes,Standard linear measurement using an ocular micrometer mounted on a dissecting microscope,1.20,mm,mean ± SE,,both,adult,,,,,,71,,,,,
PreservedSpecimen,Formica lemani,Morphological trait eye position,,0.3,mm,mean ± SE,,both,adult,,,,,,71,,,,,
PreservedSpecimen,Formica lemani,Morphological trait Weber s length,Standard linear measurement using an ocular micrometer mounted on a dissecting microscope,1,mm,mean ± SE,,both,adult,,,,,,71,,,,,
PreservedSpecimen,Formica lemani,Morphological trait head length,,2,mm,mean,,both,adult,,,,,,71,,,,,
PreservedSpecimen,Formica lemani,Morphological trait femur length,Standard linear measurement using an ocular micrometer mounted on a dissecting microscope,1,mm,mean ± SE,,both,adult,,,,,,71,,,,,
PreservedSpecimen,Formica lemani,Morphological trait pronotum width,Standard linear measurement of pronotum width using an ocular micrometer mounted on a dissecting microscope,1,mm,mean ± SE,,both,adult,,,,,,71,,,,,
PreservedSpecimen,Formica lemani,Morphological trait head with between the eyes,Standard linear measurement using an ocular micrometer mounted on a dissecting microscope,,mm,mean ± SE,,both,adult,,,,,,71,,,,,
PreservedSpecimen,Formica lemani,Morphological trait head width behind the eyes,Standard linear measurement using an ocular micrometer mounted on a dissecting microscope,,mm,mean ± SE,,both,adult,,,,,,71,,,,,
PreservedSpecimen,Formica lemani,Morphological trait eye position,,7,mm,mean ± SE,,both,adult,,,,,,71,,,,,
PreservedSpecimen,Formica lugubris,Morphological trait Weber s length,Standard linear measurement using an ocular micrometer mounted on a dissecting microscope,2.6,mm,mean ± SE,,both,adult,,,,,,61,,,,,
PreservedSpecimen,Formica lugubris,Morphological trait head length,,2.0,mm,mean,,both,adult,,,,,,61,,,,,
PreservedSpecimen,Formica lugubris,Morphological trait femur length,Standard linear measurement using an ocular micrometer mounted on a dissecting microscope,2.5,mm,mean ± SE,,both,adult,,,,,,61,,,,,
PreservedSpecimen,Formica lugubris,Morphological trait pronotum width,Standard linear measurement of pronotum width using an ocular micrometer mounted on a dissecting microscope,1.3,mm,mean ± SE,,both,adult,,,,,,61,,,,,
PreservedSpecimen,Formica lugubris,Morphological trait head with between the eyes,Standard linear measurement using an ocular micrometer mounted on a dissecting microscope,1.38,mm,mean ± SE,,both,adult,,,,,,61,,,,,
PreservedSpecimen,Formica lugubris,Morphological trait head width behind the eyes,Standard linear measurement using an ocular micrometer mounted on a dissecting microscope,1.87,mm,mean ± SE,,both,adult,,,,,,61,,,,,
PreservedSpecimen,Formica lugubris,Morphological trait eye position,,0.4,mm,mean ± SE,,both,adult,,,,,,61,,,,,
PreservedSpecimen,Formica lugubris,Morphological trait Weber s length,Standard linear measurement using an ocular micrometer mounted on a dissecting microscope,7,mm,mean ± SE,,both,adult,,,,,,61,,,,,
PreservedSpecimen,Formica lugubris,Morphological trait head length,,3,mm,mean,,both,adult,,,,,,61,,,,,
PreservedSpecimen,Formica lugubris,Morphological trait femur length,Standard linear measurement using an ocular micrometer mounted on a dissecting microscope,0,mm,mean ± SE,,both,adult,,,,,,61,,,,,
PreservedSpecimen,Formica lugubris,Morphological trait pronotum width,Standard linear measurement of pronotum width using an ocular micrometer mounted on a dissecting microscope,1,mm,mean ± SE,,both,adult,,,,,,61,,,,,
PreservedSpecimen,Formica lugubris,Morphological trait head with between the eyes,Standard linear measurement using an ocular micrometer mounted on a dissecting microscope,,mm,mean ± SE,,both,adult,,,,,,61,,,,,
PreservedSpecimen,Formica lugubris,Morphological trait head width behind the eyes,Standard linear measurement using an ocular micrometer mounted on a dissecting microscope,,mm,mean ± SE,,both,adult,,,,,,61,,,,,
PreservedSpecimen,Formica lugubris,Morphological trait eye position,,9,mm,mean ± SE,,both,adult,,,,,,61,,,,,
PreservedSpecimen,Leptothorax acervorum,Morphological trait Weber s length,Standard linear measurement using an ocular micrometer mounted on a dissecting microscope,1.1,mm,mean ± SE,,both,adult,,,,,,4,,,,,
PreservedSpecimen,Leptothorax acervorum,Morphological trait head length,,0.8,mm,mean,,both,adult,,,,,,4,,,,,
PreservedSpecimen,Leptothorax acervorum,Morphological trait femur length,Standard linear measurement using an ocular micrometer mounted on a dissecting microscope,0.7,mm,mean ± SE,,both,adult,,,,,,4,,,,,
PreservedSpecimen,Leptothorax acervorum,Morphological trait pronotum width,Standard linear measurement of pronotum width using an ocular micrometer mounted on a dissecting microscope,0.4,mm,mean ± SE,,both,adult,,,,,,4,,,,,
PreservedSpecimen,Leptothorax acervorum,Morphological trait head with between the eyes,Standard linear measurement using an ocular micrometer mounted on a dissecting microscope,0.68,mm,mean ± SE,,both,adult,,,,,,4,,,,,
PreservedSpecimen,Leptothorax acervorum,Morphological trait head width behind the eyes,Standard linear measurement using an ocular micrometer mounted on a dissecting microscope,0.75,mm,mean ± SE,,both,adult,,,,,,4,,,,,
PreservedSpecimen,Leptothorax acervorum,Morphological trait eye position,,0.0,mm,mean ± SE,,both,adult,,,,,,4,,,,,
PreservedSpecimen,Leptothorax acervorum,Morphological trait Weber s length,Standard linear measurement using an ocular micrometer mounted on a dissecting microscope,7,mm,mean ± SE,,both,adult,,,,,,4,,,,,
PreservedSpecimen,Leptothorax acervorum,Morphological trait head length,,8,mm,mean,,both,adult,,,,,,4,,,,,
PreservedSpecimen,Leptothorax acervorum,Morphological trait femur length,Standard linear measurement using an ocular micrometer mounted on a dissecting microscope,6,mm,mean ± SE,,both,adult,,,,,,4,,,,,
PreservedSpecimen,Leptothorax acervorum,Morphological trait pronotum width,Standard linear measurement of pronotum width using an ocular micrometer mounted on a dissecting microscope,4,mm,mean ± SE,,both,adult,,,,,,4,,,,,
PreservedSpecimen,Leptothorax acervorum,Morphological trait head with between the eyes,Standard linear measurement using an ocular micrometer mounted on a dissecting microscope,,mm,mean ± SE,,both,adult,,,,,,4,,,,,
PreservedSpecimen,Leptothorax acervorum,Morphological trait head width behind the eyes,Standard linear measurement using an ocular micrometer mounted on a dissecting microscope,,mm,mean ± SE,,both,adult,,,,,,4,,,,,
PreservedSpecimen,Leptothorax acervorum,Morphological trait eye position,,7,mm,mean ± SE,,both,adult,,,,,,4,,,,,
PreservedSpecimen,Myrmica lobicornis,Morphological trait Weber s length,Standard linear measurement using an ocular micrometer mounted on a dissecting microscope,1.4,mm,mean ± SE,,both,adult,,,,,,2,,,,,
PreservedSpecimen,Myrmica lobicornis,Morphological trait head length,,1.0,mm,mean,,both,adult,,,,,,2,,,,,
PreservedSpecimen,Myrmica lobicornis,Morphological trait femur length,Standard linear measurement using an ocular micrometer mounted on a dissecting microscope,1.1,mm,mean ± SE,,both,adult,,,,,,2,,,,,
PreservedSpecimen,Myrmica lobicornis,Morphological trait pronotum width,Standard linear measurement of pronotum width using an ocular micrometer mounted on a dissecting microscope,0.7,mm,mean ± SE,,both,adult,,,,,,2,,,,,
PreservedSpecimen,Myrmica lobicornis,Morphological trait head with between the eyes,Standard linear measurement using an ocular micrometer mounted on a dissecting microscope,0.89,mm,mean ± SE,,both,adult,,,,,,2,,,,,
PreservedSpecimen,Myrmica lobicornis,Morphological trait head width behind the eyes,Standard linear measurement using an ocular micrometer mounted on a dissecting microscope,0.98,mm,mean ± SE,,both,adult,,,,,,2,,,,,
PreservedSpecimen,Myrmica lobicornis,Morphological trait eye position,,0.0,mm,mean ± SE,,both,adult,,,,,,2,,,,,
PreservedSpecimen,Myrmica lobicornis,Morphological trait Weber s length,Standard linear measurement using an ocular micrometer mounted on a dissecting microscope,9,mm,mean ± SE,,both,adult,,,,,,2,,,,,
PreservedSpecimen,Myrmica lobicornis,Morphological trait head length,,9,mm,mean,,both,adult,,,,,,2,,,,,
PreservedSpecimen,Myrmica lobicornis,Morphological trait femur length,Standard linear measurement using an ocular micrometer mounted on a dissecting microscope,5,mm,mean ± SE,,both,adult,,,,,,2,,,,,
PreservedSpecimen,Myrmica lobicornis,Morphological trait pronotum width,Standard linear measurement of pronotum width using an ocular micrometer mounted on a dissecting microscope,0,mm,mean ± SE,,both,adult,,,,,,2,,,,,
PreservedSpecimen,Myrmica lobicornis,Morphological trait head with between the eyes,Standard linear measurement using an ocular micrometer mounted on a dissecting microscope,,mm,mean ± SE,,both,adult,,,,,,2,,,,,
PreservedSpecimen,Myrmica lobicornis,Morphological trait head width behind the eyes,Standard linear measurement using an ocular micrometer mounted on a dissecting microscope,,mm,mean ± SE,,both,adult,,,,,,2,,,,,
PreservedSpecimen,Myrmica lobicornis,Morphological trait eye position,,9,mm,mean ± SE,,both,adult,,,,,,2,,,,,
PreservedSpecimen,Myrmica ruginodis,Morphological trait Weber s length,Standard linear measurement using an ocular micrometer mounted on a dissecting microscope,1.7,mm,mean ± SE,,both,adult,,,,,,5,,,,,
PreservedSpecimen,Myrmica ruginodis,Morphological trait head length,,1.2,mm,mean,,both,adult,,,,,,5,,,,,
PreservedSpecimen,Myrmica ruginodis,Morphological trait femur length,Standard linear measurement using an ocular micrometer mounted on a dissecting microscope,1.4,mm,mean ± SE,,both,adult,,,,,,5,,,,,
PreservedSpecimen,Myrmica ruginodis,Morphological trait pronotum width,Standard linear measurement of pronotum width using an ocular micrometer mounted on a dissecting microscope,0.7,mm,mean ± SE,,both,adult,,,,,,5,,,,,
PreservedSpecimen,Myrmica ruginodis,Morphological trait head with between the eyes,Standard linear measurement using an ocular micrometer mounted on a dissecting microscope,0.93,mm,mean ± SE,,both,adult,,,,,,5,,,,,
PreservedSpecimen,Myrmica ruginodis,Morphological trait head width behind the eyes,Standard linear measurement using an ocular micrometer mounted on a dissecting microscope,1.05,mm,mean ± SE,,both,adult,,,,,,5,,,,,
PreservedSpecimen,Myrmica ruginodis,Morphological trait eye position,,0.1,mm,mean ± SE,,both,adult,,,,,,5,,,,,
PreservedSpecimen,Myrmica ruginodis,Morphological trait Weber s length,Standard linear measurement using an ocular micrometer mounted on a dissecting microscope,7,mm,mean ± SE,,both,adult,,,,,,5,,,,,
PreservedSpecimen,Myrmica ruginodis,Morphological trait head length,,7,mm,mean,,both,adult,,,,,,5,,,,,
PreservedSpecimen,Myrmica ruginodis,Morphological trait femur length,Standard linear measurement using an ocular micrometer mounted on a dissecting microscope,4,mm,mean ± SE,,both,adult,,,,,,5,,,,,
PreservedSpecimen,Myrmica ruginodis,Morphological trait pronotum width,Standard linear measurement of pronotum width using an ocular micrometer mounted on a dissecting microscope,6,mm,mean ± SE,,both,adult,,,,,,5,,,,,
PreservedSpecimen,Myrmica ruginodis,Morphological trait head with between the eyes,Standard linear measurement using an ocular micrometer mounted on a dissecting microscope,,mm,mean ± SE,,both,adult,,,,,,5,,,,,
PreservedSpecimen,Myrmica ruginodis,Morphological trait head width behind the eyes,Standard linear measurement using an ocular micrometer mounted on a dissecting microscope,,mm,mean ± SE,,both,adult,,,,,,5,,,,,
PreservedSpecimen,Myrmica ruginodis,Morphological trait eye position,,2,mm,mean ± SE,,both,adult,,,,,,5,,,,,
PreservedSpecimen,Myrmica sulcinodis,Morphological trait Weber s length,Standard linear measurement using an ocular micrometer mounted on a dissecting microscope,1.6,mm,mean ± SE,,both,adult,,,,,,21,,,,,
PreservedSpecimen,Myrmica sulcinodis,Morphological trait head length,,1.2,mm,mean,,both,adult,,,,,,21,,,,,
PreservedSpecimen,Myrmica sulcinodis,Morphological trait femur length,Standard linear measurement using an ocular micrometer mounted on a dissecting microscope,1.3,mm,mean ± SE,,both,adult,,,,,,21,,,,,
PreservedSpecimen,Myrmica sulcinodis,Morphological trait pronotum width,Standard linear measurement of pronotum width using an ocular micrometer mounted on a dissecting microscope,0.7,mm,mean ± SE,,both,adult,,,,,,21,,,,,
PreservedSpecimen,Myrmica sulcinodis,Morphological trait head with between the eyes,Standard linear measurement using an ocular micrometer mounted on a dissecting microscope,1.01,mm,mean ± SE,,both,adult,,,,,,21,,,,,
PreservedSpecimen,Myrmica sulcinodis,Morphological trait head width behind the eyes,Standard linear measurement using an ocular micrometer mounted on a dissecting microscope,1.14,mm,mean ± SE,,both,adult,,,,,,21,,,,,
PreservedSpecimen,Myrmica sulcinodis,Morphological trait eye position,,0.1,mm,mean ± SE,,both,adult,,,,,,21,,,,,
PreservedSpecimen,Myrmica sulcinodis,Morphological trait Weber s length,Standard linear measurement using an ocular micrometer mounted on a dissecting microscope,5,mm,mean ± SE,,both,adult,,,,,,21,,,,,
PreservedSpecimen,Myrmica sulcinodis,Morphological trait head length,,5,mm,mean,,both,adult,,,,,,21,,,,,
PreservedSpecimen,Myrmica sulcinodis,Morphological trait femur length,Standard linear measurement using an ocular micrometer mounted on a dissecting microscope,9,mm,mean ± SE,,both,adult,,,,,,21,,,,,
PreservedSpecimen,Myrmica sulcinodis,Morphological trait pronotum width,Standard linear measurement of pronotum width using an ocular micrometer mounted on a dissecting microscope,6,mm,mean ± SE,,both,adult,,,,,,21,,,,,
PreservedSpecimen,Myrmica sulcinodis,Morphological trait head with between the eyes,Standard linear measurement using an ocular micrometer mounted on a dissecting microscope,,mm,mean ± SE,,both,adult,,,,,,21,,,,,
PreservedSpecimen,Myrmica sulcinodis,Morphological trait head width behind the eyes,Standard linear measurement using an ocular micrometer mounted on a dissecting microscope,,mm,mean ± SE,,both,adult,,,,,,21,,,,,
PreservedSpecimen,Myrmica sulcinodis,Morphological trait eye position,,3,mm,mean ± SE,,both,adult,,,,,,21,,,,,
