basisOfRecord,verbatimIdentification,measurementType,measurementMethod,measurementValue ,measurementUnit,measurementStatistic,measurementRemarks,sex,lifeStage,caste,sampleSizeValue,sampleSizeUnit,sampleTreatment,samplingProtocol,verbatimLocality ,verbatimCoordinates,verbatimEventDate,associatedOccurrences,associatedReferences ,externalLink
HumanObservation,Aeshna.canadensis Aeshna canadensis Aeshnidae Anisoptera,Flight season start,,6/5,,single observation,,both,adult,,,,,,,,,,,
,Aeshna.canadensis Aeshna canadensis Aeshnidae Anisoptera,Flight season end,,20/10,,single observation,,both,adult,,,,,,,,,,,
PreservedSpecimen,Aeshna.canadensis Aeshna canadensis Aeshnidae Anisoptera,body colors,Odonate Phenotypic Database (http://www.odonatephenotypicdatabase.org),NA,,single observation,,both,adult,,,,,,,,,,,
PreservedSpecimen,Aeshna.canadensis Aeshna canadensis Aeshnidae Anisoptera,body colortypes,Odonate Phenotypic Database (http://www.odonatephenotypicdatabase.org),NA,,single observation,,both,adult,,,,,,,,,,,
PreservedSpecimen,Aeshna.canadensis Aeshna canadensis Aeshnidae Anisoptera,body patterns,Odonate Phenotypic Database (http://www.odonatephenotypicdatabase.org),NA,,single observation,,both,adult,,,,,,,,,,,
,Aeshna.canadensis Aeshna canadensis Aeshnidae Anisoptera,mate guarding,,NA,,single observation,,both,adult,,,,,,,,,,,
Occurrence,Aeshna.canadensis Aeshna canadensis Aeshnidae Anisoptera,flight mode,,flier,,single observation,,both,adult,,,,,,,,,,,
HumanObservation,Aeshna.canadensis Aeshna canadensis Aeshnidae Anisoptera,territoriality,,NA,,single observation,,both,adult,,,,,,,,,,,
HumanObservation,Aeshna.canadensis Aeshna canadensis Aeshnidae Anisoptera,aquatic habitats,,NA,,single observation,,both,adult,,,,,,,,,,,
HumanObservation,Aeshna.canadensis Aeshna canadensis Aeshnidae Anisoptera,habitat openness,,NA,,single observation,,both,adult,,,,,,,,,,,
PreservedSpecimen,Aeshna.canadensis Aeshna canadensis Aeshnidae Anisoptera,body lengths,Data extraction from the Odonate Phenotypic Database (http://www.odonatephenotypicdatabase.org),NA,,single observation,,both,adult,,,,,,,,,,,
PreservedSpecimen,Aeshna.canadensis Aeshna canadensis Aeshnidae Anisoptera,hindwing lengths,Odonate Phenotypic Database (http://www.odonatephenotypicdatabase.org),NA,,single observation,,both,adult,,,,,,,,,,,
PreservedSpecimen,Aeshna.canadensis Aeshna canadensis Aeshnidae Anisoptera,has wing pigment,Retrieval from the Odonate Phenotypic Database (http://www.odonatephenotypicdatabase.org),NA,,single observation,,both,adult,,,,,,,,,,,
,Aeshna.canadensis Aeshna canadensis Aeshnidae Anisoptera,wing pigment extent discrete,,NA,,single observation,,both,adult,,,,,,,,,,,
PreservedSpecimen,Aeshna.canadensis Aeshna canadensis Aeshnidae Anisoptera,wing pigment extent continuous,,NA,,single observation,,both,adult,,,,,,,,,,,
,Aeshna.canadensis Aeshna canadensis Aeshnidae Anisoptera,wing pigment symmetry,,NA,,single observation,,both,adult,,,,,,,,,,,
,Aeshna.canadensis Aeshna canadensis Aeshnidae Anisoptera,wing pigment color,,NA,,single observation,,both,adult,,,,,,,,,,,
,Aeshna.canadensis Aeshna canadensis Aeshnidae Anisoptera,wing pigment placement,,NA,,single observation,,both,adult,,,,,,,,,,,
HumanObservation,Aeshna.canadensis Aeshna canadensis Aeshnidae Anisoptera,Flight season start,,5.06,,single observation,,both,adult,,,,,,,,,,,
,Aeshna.canadensis Aeshna canadensis Aeshnidae Anisoptera,Flight season end,,10.2,,single observation,,both,adult,,,,,,,,,,,
PreservedSpecimen,Aeshna.canadensis Aeshna canadensis Aeshnidae Anisoptera,body colors,Odonate Phenotypic Database (http://www.odonatephenotypicdatabase.org),NA,,single observation,,both,adult,,,,,,,,,,,
PreservedSpecimen,Aeshna.canadensis Aeshna canadensis Aeshnidae Anisoptera,body colortypes,Odonate Phenotypic Database (http://www.odonatephenotypicdatabase.org),NA,,single observation,,both,adult,,,,,,,,,,,
PreservedSpecimen,Aeshna.canadensis Aeshna canadensis Aeshnidae Anisoptera,body patterns,Odonate Phenotypic Database (http://www.odonatephenotypicdatabase.org),NA,,single observation,,both,adult,,,,,,,,,,,
,Aeshna.canadensis Aeshna canadensis Aeshnidae Anisoptera,mate guarding,,NA,,single observation,,both,adult,,,,,,,,,,,
Occurrence,Aeshna.canadensis Aeshna canadensis Aeshnidae Anisoptera,flight mode,,flier,,single observation,,both,adult,,,,,,,,,,,
HumanObservation,Aeshna.canadensis Aeshna canadensis Aeshnidae Anisoptera,territoriality,,NA,,single observation,,both,adult,,,,,,,,,,,
HumanObservation,Aeshna.canadensis Aeshna canadensis Aeshnidae Anisoptera,aquatic habitats,,NA,,single observation,,both,adult,,,,,,,,,,,
HumanObservation,Aeshna.canadensis Aeshna canadensis Aeshnidae Anisoptera,habitat openness,,NA,,single observation,,both,adult,,,,,,,,,,,
PreservedSpecimen,Aeshna.canadensis Aeshna canadensis Aeshnidae Anisoptera,body lengths,Data extraction from the Odonate Phenotypic Database (http://www.odonatephenotypicdatabase.org),NA,,single observation,,both,adult,,,,,,,,,,,
PreservedSpecimen,Aeshna.canadensis Aeshna canadensis Aeshnidae Anisoptera,hindwing lengths,Odonate Phenotypic Database (http://www.odonatephenotypicdatabase.org),NA,,single observation,,both,adult,,,,,,,,,,,
PreservedSpecimen,Aeshna.canadensis Aeshna canadensis Aeshnidae Anisoptera,has wing pigment,Retrieval from the Odonate Phenotypic Database (http://www.odonatephenotypicdatabase.org),NA,,single observation,,both,adult,,,,,,,,,,,
,Aeshna.canadensis Aeshna canadensis Aeshnidae Anisoptera,wing pigment extent discrete,,NA,,single observation,,both,adult,,,,,,,,,,,
PreservedSpecimen,Aeshna.canadensis Aeshna canadensis Aeshnidae Anisoptera,wing pigment extent continuous,,NA,,single observation,,both,adult,,,,,,,,,,,
,Aeshna.canadensis Aeshna canadensis Aeshnidae Anisoptera,wing pigment symmetry,,NA,,single observation,,both,adult,,,,,,,,,,,
,Aeshna.canadensis Aeshna canadensis Aeshnidae Anisoptera,wing pigment color,,NA,,single observation,,both,adult,,,,,,,,,,,
,Aeshna.canadensis Aeshna canadensis Aeshnidae Anisoptera,wing pigment placement,,NA,,single observation,,both,adult,,,,,,,,,,,
HumanObservation,Aeshna.clepsydra Aeshna clepsydra Aeshnidae Anisoptera,Flight season start,,22/6,,single observation,,both,adult,,,,,,,,,,,
,Aeshna.clepsydra Aeshna clepsydra Aeshnidae Anisoptera,Flight season end,,26/9,,single observation,,both,adult,,,,,,,,,,,
PreservedSpecimen,Aeshna.clepsydra Aeshna clepsydra Aeshnidae Anisoptera,body colors,Odonate Phenotypic Database (http://www.odonatephenotypicdatabase.org),NA,,single observation,,both,adult,,,,,,,,,,,
PreservedSpecimen,Aeshna.clepsydra Aeshna clepsydra Aeshnidae Anisoptera,body colortypes,Odonate Phenotypic Database (http://www.odonatephenotypicdatabase.org),NA,,single observation,,both,adult,,,,,,,,,,,
PreservedSpecimen,Aeshna.clepsydra Aeshna clepsydra Aeshnidae Anisoptera,body patterns,Odonate Phenotypic Database (http://www.odonatephenotypicdatabase.org),NA,,single observation,,both,adult,,,,,,,,,,,
,Aeshna.clepsydra Aeshna clepsydra Aeshnidae Anisoptera,mate guarding,,NA,,single observation,,both,adult,,,,,,,,,,,
Occurrence,Aeshna.clepsydra Aeshna clepsydra Aeshnidae Anisoptera,flight mode,,flier,,single observation,,both,adult,,,,,,,,,,,
HumanObservation,Aeshna.clepsydra Aeshna clepsydra Aeshnidae Anisoptera,territoriality,,NA,,single observation,,both,adult,,,,,,,,,,,
HumanObservation,Aeshna.clepsydra Aeshna clepsydra Aeshnidae Anisoptera,aquatic habitats,,NA,,single observation,,both,adult,,,,,,,,,,,
HumanObservation,Aeshna.clepsydra Aeshna clepsydra Aeshnidae Anisoptera,habitat openness,,NA,,single observation,,both,adult,,,,,,,,,,,
PreservedSpecimen,Aeshna.clepsydra Aeshna clepsydra Aeshnidae Anisoptera,body lengths,Data extraction from the Odonate Phenotypic Database (http://www.odonatephenotypicdatabase.org),NA,,single observation,,both,adult,,,,,,,,,,,
PreservedSpecimen,Aeshna.clepsydra Aeshna clepsydra Aeshnidae Anisoptera,hindwing lengths,Odonate Phenotypic Database (http://www.odonatephenotypicdatabase.org),NA,,single observation,,both,adult,,,,,,,,,,,
PreservedSpecimen,Aeshna.clepsydra Aeshna clepsydra Aeshnidae Anisoptera,has wing pigment,Retrieval from the Odonate Phenotypic Database (http://www.odonatephenotypicdatabase.org),NA,,single observation,,both,adult,,,,,,,,,,,
,Aeshna.clepsydra Aeshna clepsydra Aeshnidae Anisoptera,wing pigment extent discrete,,NA,,single observation,,both,adult,,,,,,,,,,,
PreservedSpecimen,Aeshna.clepsydra Aeshna clepsydra Aeshnidae Anisoptera,wing pigment extent continuous,,NA,,single observation,,both,adult,,,,,,,,,,,
,Aeshna.clepsydra Aeshna clepsydra Aeshnidae Anisoptera,wing pigment symmetry,,NA,,single observation,,both,adult,,,,,,,,,,,
,Aeshna.clepsydra Aeshna clepsydra Aeshnidae Anisoptera,wing pigment color,,NA,,single observation,,both,adult,,,,,,,,,,,
,Aeshna.clepsydra Aeshna clepsydra Aeshnidae Anisoptera,wing pigment placement,,NA,,single observation,,both,adult,,,,,,,,,,,
HumanObservation,Aeshna.clepsydra Aeshna clepsydra Aeshnidae Anisoptera,Flight season start,,6.22,,single observation,,both,adult,,,,,,,,,,,
,Aeshna.clepsydra Aeshna clepsydra Aeshnidae Anisoptera,Flight season end,,9.26,,single observation,,both,adult,,,,,,,,,,,
PreservedSpecimen,Aeshna.clepsydra Aeshna clepsydra Aeshnidae Anisoptera,body colors,Odonate Phenotypic Database (http://www.odonatephenotypicdatabase.org),NA,,single observation,,both,adult,,,,,,,,,,,
PreservedSpecimen,Aeshna.clepsydra Aeshna clepsydra Aeshnidae Anisoptera,body colortypes,Odonate Phenotypic Database (http://www.odonatephenotypicdatabase.org),NA,,single observation,,both,adult,,,,,,,,,,,
PreservedSpecimen,Aeshna.clepsydra Aeshna clepsydra Aeshnidae Anisoptera,body patterns,Odonate Phenotypic Database (http://www.odonatephenotypicdatabase.org),NA,,single observation,,both,adult,,,,,,,,,,,
,Aeshna.clepsydra Aeshna clepsydra Aeshnidae Anisoptera,mate guarding,,NA,,single observation,,both,adult,,,,,,,,,,,
Occurrence,Aeshna.clepsydra Aeshna clepsydra Aeshnidae Anisoptera,flight mode,,flier,,single observation,,both,adult,,,,,,,,,,,
HumanObservation,Aeshna.clepsydra Aeshna clepsydra Aeshnidae Anisoptera,territoriality,,NA,,single observation,,both,adult,,,,,,,,,,,
HumanObservation,Aeshna.clepsydra Aeshna clepsydra Aeshnidae Anisoptera,aquatic habitats,,NA,,single observation,,both,adult,,,,,,,,,,,
HumanObservation,Aeshna.clepsydra Aeshna clepsydra Aeshnidae Anisoptera,habitat openness,,NA,,single observation,,both,adult,,,,,,,,,,,
PreservedSpecimen,Aeshna.clepsydra Aeshna clepsydra Aeshnidae Anisoptera,body lengths,Data extraction from the Odonate Phenotypic Database (http://www.odonatephenotypicdatabase.org),NA,,single observation,,both,adult,,,,,,,,,,,
PreservedSpecimen,Aeshna.clepsydra Aeshna clepsydra Aeshnidae Anisoptera,hindwing lengths,Odonate Phenotypic Database (http://www.odonatephenotypicdatabase.org),NA,,single observation,,both,adult,,,,,,,,,,,
PreservedSpecimen,Aeshna.clepsydra Aeshna clepsydra Aeshnidae Anisoptera,has wing pigment,Retrieval from the Odonate Phenotypic Database (http://www.odonatephenotypicdatabase.org),NA,,single observation,,both,adult,,,,,,,,,,,
,Aeshna.clepsydra Aeshna clepsydra Aeshnidae Anisoptera,wing pigment extent discrete,,NA,,single observation,,both,adult,,,,,,,,,,,
PreservedSpecimen,Aeshna.clepsydra Aeshna clepsydra Aeshnidae Anisoptera,wing pigment extent continuous,,NA,,single observation,,both,adult,,,,,,,,,,,
,Aeshna.clepsydra Aeshna clepsydra Aeshnidae Anisoptera,wing pigment symmetry,,NA,,single observation,,both,adult,,,,,,,,,,,
,Aeshna.clepsydra Aeshna clepsydra Aeshnidae Anisoptera,wing pigment color,,NA,,single observation,,both,adult,,,,,,,,,,,
,Aeshna.clepsydra Aeshna clepsydra Aeshnidae Anisoptera,wing pigment placement,,NA,,single observation,,both,adult,,,,,,,,,,,
HumanObservation,Aeshna.constricta Aeshna constricta Aeshnidae Anisoptera,Flight season start,,7/8,,single observation,,both,adult,,,,,,,,,,,
,Aeshna.constricta Aeshna constricta Aeshnidae Anisoptera,Flight season end,,10/3,,single observation,,both,adult,,,,,,,,,,,
PreservedSpecimen,Aeshna.constricta Aeshna constricta Aeshnidae Anisoptera,body colors,Odonate Phenotypic Database (http://www.odonatephenotypicdatabase.org),blue,,single observation,,both,adult,,,,,,,,,,,
PreservedSpecimen,Aeshna.constricta Aeshna constricta Aeshnidae Anisoptera,body colortypes,Odonate Phenotypic Database (http://www.odonatephenotypicdatabase.org),pigment,,single observation,,both,adult,,,,,,,,,,,
PreservedSpecimen,Aeshna.constricta Aeshna constricta Aeshnidae Anisoptera,body patterns,Odonate Phenotypic Database (http://www.odonatephenotypicdatabase.org),spotted,,single observation,,both,adult,,,,,,,,,,,
,Aeshna.constricta Aeshna constricta Aeshnidae Anisoptera,mate guarding,,NA,,single observation,,both,adult,,,,,,,,,,,
Occurrence,Aeshna.constricta Aeshna constricta Aeshnidae Anisoptera,flight mode,,flier,,single observation,,both,adult,,,,,,,,,,,
HumanObservation,Aeshna.constricta Aeshna constricta Aeshnidae Anisoptera,territoriality,,NA,,single observation,,both,adult,,,,,,,,,,,
HumanObservation,Aeshna.constricta Aeshna constricta Aeshnidae Anisoptera,aquatic habitats,,ephemeral,,single observation,,both,adult,,,,,,,,,,,
HumanObservation,Aeshna.constricta Aeshna constricta Aeshnidae Anisoptera,habitat openness,,open,,single observation,,both,adult,,,,,,,,,,,
PreservedSpecimen,Aeshna.constricta Aeshna constricta Aeshnidae Anisoptera,body lengths,Data extraction from the Odonate Phenotypic Database (http://www.odonatephenotypicdatabase.org),69,,single observation,,both,adult,,,,,,,,,,,
PreservedSpecimen,Aeshna.constricta Aeshna constricta Aeshnidae Anisoptera,hindwing lengths,Odonate Phenotypic Database (http://www.odonatephenotypicdatabase.org),43.5,,single observation,,both,adult,,,,,,,,,,,
PreservedSpecimen,Aeshna.constricta Aeshna constricta Aeshnidae Anisoptera,has wing pigment,Retrieval from the Odonate Phenotypic Database (http://www.odonatephenotypicdatabase.org),no,,single observation,,both,adult,,,,,,,,,,,
,Aeshna.constricta Aeshna constricta Aeshnidae Anisoptera,wing pigment extent discrete,,NA,,single observation,,both,adult,,,,,,,,,,,
PreservedSpecimen,Aeshna.constricta Aeshna constricta Aeshnidae Anisoptera,wing pigment extent continuous,,NA,,single observation,,both,adult,,,,,,,,,,,
,Aeshna.constricta Aeshna constricta Aeshnidae Anisoptera,wing pigment symmetry,,NA,,single observation,,both,adult,,,,,,,,,,,
,Aeshna.constricta Aeshna constricta Aeshnidae Anisoptera,wing pigment color,,NA,,single observation,,both,adult,,,,,,,,,,,
,Aeshna.constricta Aeshna constricta Aeshnidae Anisoptera,wing pigment placement,,NA,,single observation,,both,adult,,,,,,,,,,,
HumanObservation,Aeshna.constricta Aeshna constricta Aeshnidae Anisoptera,Flight season start,,8.07,,single observation,,both,adult,,,,,,,,,,,
,Aeshna.constricta Aeshna constricta Aeshnidae Anisoptera,Flight season end,,3.1,,single observation,,both,adult,,,,,,,,,,,
PreservedSpecimen,Aeshna.constricta Aeshna constricta Aeshnidae Anisoptera,body colors,Odonate Phenotypic Database (http://www.odonatephenotypicdatabase.org),blue,,single observation,,both,adult,,,,,,,,,,,
PreservedSpecimen,Aeshna.constricta Aeshna constricta Aeshnidae Anisoptera,body colortypes,Odonate Phenotypic Database (http://www.odonatephenotypicdatabase.org),pigment,,single observation,,both,adult,,,,,,,,,,,
PreservedSpecimen,Aeshna.constricta Aeshna constricta Aeshnidae Anisoptera,body patterns,Odonate Phenotypic Database (http://www.odonatephenotypicdatabase.org),spotted,,single observation,,both,adult,,,,,,,,,,,
,Aeshna.constricta Aeshna constricta Aeshnidae Anisoptera,mate guarding,,NA,,single observation,,both,adult,,,,,,,,,,,
Occurrence,Aeshna.constricta Aeshna constricta Aeshnidae Anisoptera,flight mode,,flier,,single observation,,both,adult,,,,,,,,,,,
HumanObservation,Aeshna.constricta Aeshna constricta Aeshnidae Anisoptera,territoriality,,NA,,single observation,,both,adult,,,,,,,,,,,
HumanObservation,Aeshna.constricta Aeshna constricta Aeshnidae Anisoptera,aquatic habitats,,ephemeral,,single observation,,both,adult,,,,,,,,,,,
HumanObservation,Aeshna.constricta Aeshna constricta Aeshnidae Anisoptera,habitat openness,,open,,single observation,,both,adult,,,,,,,,,,,
PreservedSpecimen,Aeshna.constricta Aeshna constricta Aeshnidae Anisoptera,body lengths,Data extraction from the Odonate Phenotypic Database (http://www.odonatephenotypicdatabase.org),69,,single observation,,both,adult,,,,,,,,,,,
PreservedSpecimen,Aeshna.constricta Aeshna constricta Aeshnidae Anisoptera,hindwing lengths,Odonate Phenotypic Database (http://www.odonatephenotypicdatabase.org),43.5,,single observation,,both,adult,,,,,,,,,,,
PreservedSpecimen,Aeshna.constricta Aeshna constricta Aeshnidae Anisoptera,has wing pigment,Retrieval from the Odonate Phenotypic Database (http://www.odonatephenotypicdatabase.org),no,,single observation,,both,adult,,,,,,,,,,,
,Aeshna.constricta Aeshna constricta Aeshnidae Anisoptera,wing pigment extent discrete,,NA,,single observation,,both,adult,,,,,,,,,,,
PreservedSpecimen,Aeshna.constricta Aeshna constricta Aeshnidae Anisoptera,wing pigment extent continuous,,NA,,single observation,,both,adult,,,,,,,,,,,
,Aeshna.constricta Aeshna constricta Aeshnidae Anisoptera,wing pigment symmetry,,NA,,single observation,,both,adult,,,,,,,,,,,
,Aeshna.constricta Aeshna constricta Aeshnidae Anisoptera,wing pigment color,,NA,,single observation,,both,adult,,,,,,,,,,,
,Aeshna.constricta Aeshna constricta Aeshnidae Anisoptera,wing pigment placement,,NA,,single observation,,both,adult,,,,,,,,,,,
HumanObservation,Aeshna.eremita Aeshna eremita Aeshnidae Anisoptera,Flight season start,,7/3,,single observation,,both,adult,,,,,,,,,,,
,Aeshna.eremita Aeshna eremita Aeshnidae Anisoptera,Flight season end,,20/9,,single observation,,both,adult,,,,,,,,,,,
PreservedSpecimen,Aeshna.eremita Aeshna eremita Aeshnidae Anisoptera,body colors,Odonate Phenotypic Database (http://www.odonatephenotypicdatabase.org),black,,single observation,,both,adult,,,,,,,,,,,
PreservedSpecimen,Aeshna.eremita Aeshna eremita Aeshnidae Anisoptera,body colortypes,Odonate Phenotypic Database (http://www.odonatephenotypicdatabase.org),pigment,,single observation,,both,adult,,,,,,,,,,,
PreservedSpecimen,Aeshna.eremita Aeshna eremita Aeshnidae Anisoptera,body patterns,Odonate Phenotypic Database (http://www.odonatephenotypicdatabase.org),spotted,,single observation,,both,adult,,,,,,,,,,,
,Aeshna.eremita Aeshna eremita Aeshnidae Anisoptera,mate guarding,,NA,,single observation,,both,adult,,,,,,,,,,,
Occurrence,Aeshna.eremita Aeshna eremita Aeshnidae Anisoptera,flight mode,,flier,,single observation,,both,adult,,,,,,,,,,,
HumanObservation,Aeshna.eremita Aeshna eremita Aeshnidae Anisoptera,territoriality,,non-territorial,,single observation,,both,adult,,,,,,,,,,,
HumanObservation,Aeshna.eremita Aeshna eremita Aeshnidae Anisoptera,aquatic habitats,,lake,,single observation,,both,adult,,,,,,,,,,,
HumanObservation,Aeshna.eremita Aeshna eremita Aeshnidae Anisoptera,habitat openness,,closed,,single observation,,both,adult,,,,,,,,,,,
PreservedSpecimen,Aeshna.eremita Aeshna eremita Aeshnidae Anisoptera,body lengths,Data extraction from the Odonate Phenotypic Database (http://www.odonatephenotypicdatabase.org),72.5,,single observation,,both,adult,,,,,,,,,,,
PreservedSpecimen,Aeshna.eremita Aeshna eremita Aeshnidae Anisoptera,hindwing lengths,Odonate Phenotypic Database (http://www.odonatephenotypicdatabase.org),46.5,,single observation,,both,adult,,,,,,,,,,,
PreservedSpecimen,Aeshna.eremita Aeshna eremita Aeshnidae Anisoptera,has wing pigment,Retrieval from the Odonate Phenotypic Database (http://www.odonatephenotypicdatabase.org),no,,single observation,,both,adult,,,,,,,,,,,
,Aeshna.eremita Aeshna eremita Aeshnidae Anisoptera,wing pigment extent discrete,,NA,,single observation,,both,adult,,,,,,,,,,,
PreservedSpecimen,Aeshna.eremita Aeshna eremita Aeshnidae Anisoptera,wing pigment extent continuous,,NA,,single observation,,both,adult,,,,,,,,,,,
,Aeshna.eremita Aeshna eremita Aeshnidae Anisoptera,wing pigment symmetry,,NA,,single observation,,both,adult,,,,,,,,,,,
,Aeshna.eremita Aeshna eremita Aeshnidae Anisoptera,wing pigment color,,NA,,single observation,,both,adult,,,,,,,,,,,
,Aeshna.eremita Aeshna eremita Aeshnidae Anisoptera,wing pigment placement,,NA,,single observation,,both,adult,,,,,,,,,,,
HumanObservation,Aeshna.eremita Aeshna eremita Aeshnidae Anisoptera,Flight season start,,3.07,,single observation,,both,adult,,,,,,,,,,,
,Aeshna.eremita Aeshna eremita Aeshnidae Anisoptera,Flight season end,,9.2,,single observation,,both,adult,,,,,,,,,,,
PreservedSpecimen,Aeshna.eremita Aeshna eremita Aeshnidae Anisoptera,body colors,Odonate Phenotypic Database (http://www.odonatephenotypicdatabase.org),black,,single observation,,both,adult,,,,,,,,,,,
PreservedSpecimen,Aeshna.eremita Aeshna eremita Aeshnidae Anisoptera,body colortypes,Odonate Phenotypic Database (http://www.odonatephenotypicdatabase.org),pigment,,single observation,,both,adult,,,,,,,,,,,
PreservedSpecimen,Aeshna.eremita Aeshna eremita Aeshnidae Anisoptera,body patterns,Odonate Phenotypic Database (http://www.odonatephenotypicdatabase.org),spotted,,single observation,,both,adult,,,,,,,,,,,
,Aeshna.eremita Aeshna eremita Aeshnidae Anisoptera,mate guarding,,NA,,single observation,,both,adult,,,,,,,,,,,
Occurrence,Aeshna.eremita Aeshna eremita Aeshnidae Anisoptera,flight mode,,flier,,single observation,,both,adult,,,,,,,,,,,
HumanObservation,Aeshna.eremita Aeshna eremita Aeshnidae Anisoptera,territoriality,,non-territorial,,single observation,,both,adult,,,,,,,,,,,
HumanObservation,Aeshna.eremita Aeshna eremita Aeshnidae Anisoptera,aquatic habitats,,lake,,single observation,,both,adult,,,,,,,,,,,
HumanObservation,Aeshna.eremita Aeshna eremita Aeshnidae Anisoptera,habitat openness,,closed,,single observation,,both,adult,,,,,,,,,,,
PreservedSpecimen,Aeshna.eremita Aeshna eremita Aeshnidae Anisoptera,body lengths,Data extraction from the Odonate Phenotypic Database (http://www.odonatephenotypicdatabase.org),72.5,,single observation,,both,adult,,,,,,,,,,,
PreservedSpecimen,Aeshna.eremita Aeshna eremita Aeshnidae Anisoptera,hindwing lengths,Odonate Phenotypic Database (http://www.odonatephenotypicdatabase.org),46.5,,single observation,,both,adult,,,,,,,,,,,
PreservedSpecimen,Aeshna.eremita Aeshna eremita Aeshnidae Anisoptera,has wing pigment,Retrieval from the Odonate Phenotypic Database (http://www.odonatephenotypicdatabase.org),no,,single observation,,both,adult,,,,,,,,,,,
,Aeshna.eremita Aeshna eremita Aeshnidae Anisoptera,wing pigment extent discrete,,NA,,single observation,,both,adult,,,,,,,,,,,
PreservedSpecimen,Aeshna.eremita Aeshna eremita Aeshnidae Anisoptera,wing pigment extent continuous,,NA,,single observation,,both,adult,,,,,,,,,,,
,Aeshna.eremita Aeshna eremita Aeshnidae Anisoptera,wing pigment symmetry,,NA,,single observation,,both,adult,,,,,,,,,,,
,Aeshna.eremita Aeshna eremita Aeshnidae Anisoptera,wing pigment color,,NA,,single observation,,both,adult,,,,,,,,,,,
,Aeshna.eremita Aeshna eremita Aeshnidae Anisoptera,wing pigment placement,,NA,,single observation,,both,adult,,,,,,,,,,,
HumanObservation,Aeshna.interrupta Aeshna interrupta Aeshnidae Anisoptera,Flight season start,,7/9,,single observation,,both,adult,,,,,,,,,,,
,Aeshna.interrupta Aeshna interrupta Aeshnidae Anisoptera,Flight season end,,10/1,,single observation,,both,adult,,,,,,,,,,,
PreservedSpecimen,Aeshna.interrupta Aeshna interrupta Aeshnidae Anisoptera,body colors,Odonate Phenotypic Database (http://www.odonatephenotypicdatabase.org),black,,single observation,,both,adult,,,,,,,,,,,
PreservedSpecimen,Aeshna.interrupta Aeshna interrupta Aeshnidae Anisoptera,body colortypes,Odonate Phenotypic Database (http://www.odonatephenotypicdatabase.org),pigment,,single observation,,both,adult,,,,,,,,,,,
PreservedSpecimen,Aeshna.interrupta Aeshna interrupta Aeshnidae Anisoptera,body patterns,Odonate Phenotypic Database (http://www.odonatephenotypicdatabase.org),spotted,,single observation,,both,adult,,,,,,,,,,,
,Aeshna.interrupta Aeshna interrupta Aeshnidae Anisoptera,mate guarding,,NA,,single observation,,both,adult,,,,,,,,,,,
Occurrence,Aeshna.interrupta Aeshna interrupta Aeshnidae Anisoptera,flight mode,,flier,,single observation,,both,adult,,,,,,,,,,,
HumanObservation,Aeshna.interrupta Aeshna interrupta Aeshnidae Anisoptera,territoriality,,territorial,,single observation,,both,adult,,,,,,,,,,,
HumanObservation,Aeshna.interrupta Aeshna interrupta Aeshnidae Anisoptera,aquatic habitats,,lake,,single observation,,both,adult,,,,,,,,,,,
HumanObservation,Aeshna.interrupta Aeshna interrupta Aeshnidae Anisoptera,habitat openness,,closed,,single observation,,both,adult,,,,,,,,,,,
PreservedSpecimen,Aeshna.interrupta Aeshna interrupta Aeshnidae Anisoptera,body lengths,Data extraction from the Odonate Phenotypic Database (http://www.odonatephenotypicdatabase.org),66.5,,single observation,,both,adult,,,,,,,,,,,
PreservedSpecimen,Aeshna.interrupta Aeshna interrupta Aeshnidae Anisoptera,hindwing lengths,Odonate Phenotypic Database (http://www.odonatephenotypicdatabase.org),43.5,,single observation,,both,adult,,,,,,,,,,,
PreservedSpecimen,Aeshna.interrupta Aeshna interrupta Aeshnidae Anisoptera,has wing pigment,Retrieval from the Odonate Phenotypic Database (http://www.odonatephenotypicdatabase.org),no,,single observation,,both,adult,,,,,,,,,,,
,Aeshna.interrupta Aeshna interrupta Aeshnidae Anisoptera,wing pigment extent discrete,,NA,,single observation,,both,adult,,,,,,,,,,,
PreservedSpecimen,Aeshna.interrupta Aeshna interrupta Aeshnidae Anisoptera,wing pigment extent continuous,,NA,,single observation,,both,adult,,,,,,,,,,,
,Aeshna.interrupta Aeshna interrupta Aeshnidae Anisoptera,wing pigment symmetry,,NA,,single observation,,both,adult,,,,,,,,,,,
,Aeshna.interrupta Aeshna interrupta Aeshnidae Anisoptera,wing pigment color,,NA,,single observation,,both,adult,,,,,,,,,,,
,Aeshna.interrupta Aeshna interrupta Aeshnidae Anisoptera,wing pigment placement,,NA,,single observation,,both,adult,,,,,,,,,,,
HumanObservation,Aeshna.interrupta Aeshna interrupta Aeshnidae Anisoptera,Flight season start,,9.07,,single observation,,both,adult,,,,,,,,,,,
,Aeshna.interrupta Aeshna interrupta Aeshnidae Anisoptera,Flight season end,,1.1,,single observation,,both,adult,,,,,,,,,,,
PreservedSpecimen,Aeshna.interrupta Aeshna interrupta Aeshnidae Anisoptera,body colors,Odonate Phenotypic Database (http://www.odonatephenotypicdatabase.org),black,,single observation,,both,adult,,,,,,,,,,,
PreservedSpecimen,Aeshna.interrupta Aeshna interrupta Aeshnidae Anisoptera,body colortypes,Odonate Phenotypic Database (http://www.odonatephenotypicdatabase.org),pigment,,single observation,,both,adult,,,,,,,,,,,
PreservedSpecimen,Aeshna.interrupta Aeshna interrupta Aeshnidae Anisoptera,body patterns,Odonate Phenotypic Database (http://www.odonatephenotypicdatabase.org),spotted,,single observation,,both,adult,,,,,,,,,,,
,Aeshna.interrupta Aeshna interrupta Aeshnidae Anisoptera,mate guarding,,NA,,single observation,,both,adult,,,,,,,,,,,
Occurrence,Aeshna.interrupta Aeshna interrupta Aeshnidae Anisoptera,flight mode,,flier,,single observation,,both,adult,,,,,,,,,,,
HumanObservation,Aeshna.interrupta Aeshna interrupta Aeshnidae Anisoptera,territoriality,,territorial,,single observation,,both,adult,,,,,,,,,,,
HumanObservation,Aeshna.interrupta Aeshna interrupta Aeshnidae Anisoptera,aquatic habitats,,lake,,single observation,,both,adult,,,,,,,,,,,
HumanObservation,Aeshna.interrupta Aeshna interrupta Aeshnidae Anisoptera,habitat openness,,closed,,single observation,,both,adult,,,,,,,,,,,
PreservedSpecimen,Aeshna.interrupta Aeshna interrupta Aeshnidae Anisoptera,body lengths,Data extraction from the Odonate Phenotypic Database (http://www.odonatephenotypicdatabase.org),66.5,,single observation,,both,adult,,,,,,,,,,,
PreservedSpecimen,Aeshna.interrupta Aeshna interrupta Aeshnidae Anisoptera,hindwing lengths,Odonate Phenotypic Database (http://www.odonatephenotypicdatabase.org),43.5,,single observation,,both,adult,,,,,,,,,,,
PreservedSpecimen,Aeshna.interrupta Aeshna interrupta Aeshnidae Anisoptera,has wing pigment,Retrieval from the Odonate Phenotypic Database (http://www.odonatephenotypicdatabase.org),no,,single observation,,both,adult,,,,,,,,,,,
,Aeshna.interrupta Aeshna interrupta Aeshnidae Anisoptera,wing pigment extent discrete,,NA,,single observation,,both,adult,,,,,,,,,,,
PreservedSpecimen,Aeshna.interrupta Aeshna interrupta Aeshnidae Anisoptera,wing pigment extent continuous,,NA,,single observation,,both,adult,,,,,,,,,,,
,Aeshna.interrupta Aeshna interrupta Aeshnidae Anisoptera,wing pigment symmetry,,NA,,single observation,,both,adult,,,,,,,,,,,
,Aeshna.interrupta Aeshna interrupta Aeshnidae Anisoptera,wing pigment color,,NA,,single observation,,both,adult,,,,,,,,,,,
,Aeshna.interrupta Aeshna interrupta Aeshnidae Anisoptera,wing pigment placement,,NA,,single observation,,both,adult,,,,,,,,,,,
HumanObservation,Aeshna.tuberculifera Aeshna tuberculifera Aeshnidae Anisoptera,Flight season start,,7/3,,single observation,,both,adult,,,,,,,,,,,
,Aeshna.tuberculifera Aeshna tuberculifera Aeshnidae Anisoptera,Flight season end,,10/9,,single observation,,both,adult,,,,,,,,,,,
PreservedSpecimen,Aeshna.tuberculifera Aeshna tuberculifera Aeshnidae Anisoptera,body colors,Odonate Phenotypic Database (http://www.odonatephenotypicdatabase.org),blue,,single observation,,both,adult,,,,,,,,,,,
PreservedSpecimen,Aeshna.tuberculifera Aeshna tuberculifera Aeshnidae Anisoptera,body colortypes,Odonate Phenotypic Database (http://www.odonatephenotypicdatabase.org),pigment,,single observation,,both,adult,,,,,,,,,,,
PreservedSpecimen,Aeshna.tuberculifera Aeshna tuberculifera Aeshnidae Anisoptera,body patterns,Odonate Phenotypic Database (http://www.odonatephenotypicdatabase.org),spotted,,single observation,,both,adult,,,,,,,,,,,
,Aeshna.tuberculifera Aeshna tuberculifera Aeshnidae Anisoptera,mate guarding,,none,,single observation,,both,adult,,,,,,,,,,,
Occurrence,Aeshna.tuberculifera Aeshna tuberculifera Aeshnidae Anisoptera,flight mode,,flier,,single observation,,both,adult,,,,,,,,,,,
HumanObservation,Aeshna.tuberculifera Aeshna tuberculifera Aeshnidae Anisoptera,territoriality,,NA,,single observation,,both,adult,,,,,,,,,,,
HumanObservation,Aeshna.tuberculifera Aeshna tuberculifera Aeshnidae Anisoptera,aquatic habitats,,lake,,single observation,,both,adult,,,,,,,,,,,
HumanObservation,Aeshna.tuberculifera Aeshna tuberculifera Aeshnidae Anisoptera,habitat openness,,closed,,single observation,,both,adult,,,,,,,,,,,
PreservedSpecimen,Aeshna.tuberculifera Aeshna tuberculifera Aeshnidae Anisoptera,body lengths,Data extraction from the Odonate Phenotypic Database (http://www.odonatephenotypicdatabase.org),75.5,,single observation,,both,adult,,,,,,,,,,,
PreservedSpecimen,Aeshna.tuberculifera Aeshna tuberculifera Aeshnidae Anisoptera,hindwing lengths,Odonate Phenotypic Database (http://www.odonatephenotypicdatabase.org),47,,single observation,,both,adult,,,,,,,,,,,
PreservedSpecimen,Aeshna.tuberculifera Aeshna tuberculifera Aeshnidae Anisoptera,has wing pigment,Retrieval from the Odonate Phenotypic Database (http://www.odonatephenotypicdatabase.org),no,,single observation,,both,adult,,,,,,,,,,,
,Aeshna.tuberculifera Aeshna tuberculifera Aeshnidae Anisoptera,wing pigment extent discrete,,NA,,single observation,,both,adult,,,,,,,,,,,
PreservedSpecimen,Aeshna.tuberculifera Aeshna tuberculifera Aeshnidae Anisoptera,wing pigment extent continuous,,NA,,single observation,,both,adult,,,,,,,,,,,
,Aeshna.tuberculifera Aeshna tuberculifera Aeshnidae Anisoptera,wing pigment symmetry,,NA,,single observation,,both,adult,,,,,,,,,,,
,Aeshna.tuberculifera Aeshna tuberculifera Aeshnidae Anisoptera,wing pigment color,,NA,,single observation,,both,adult,,,,,,,,,,,
,Aeshna.tuberculifera Aeshna tuberculifera Aeshnidae Anisoptera,wing pigment placement,,NA,,single observation,,both,adult,,,,,,,,,,,
HumanObservation,Aeshna.tuberculifera Aeshna tuberculifera Aeshnidae Anisoptera,Flight season start,,3.07,,single observation,,both,adult,,,,,,,,,,,
,Aeshna.tuberculifera Aeshna tuberculifera Aeshnidae Anisoptera,Flight season end,,9.1,,single observation,,both,adult,,,,,,,,,,,
PreservedSpecimen,Aeshna.tuberculifera Aeshna tuberculifera Aeshnidae Anisoptera,body colors,Odonate Phenotypic Database (http://www.odonatephenotypicdatabase.org),blue,,single observation,,both,adult,,,,,,,,,,,
PreservedSpecimen,Aeshna.tuberculifera Aeshna tuberculifera Aeshnidae Anisoptera,body colortypes,Odonate Phenotypic Database (http://www.odonatephenotypicdatabase.org),pigment,,single observation,,both,adult,,,,,,,,,,,
PreservedSpecimen,Aeshna.tuberculifera Aeshna tuberculifera Aeshnidae Anisoptera,body patterns,Odonate Phenotypic Database (http://www.odonatephenotypicdatabase.org),spotted,,single observation,,both,adult,,,,,,,,,,,
,Aeshna.tuberculifera Aeshna tuberculifera Aeshnidae Anisoptera,mate guarding,,none,,single observation,,both,adult,,,,,,,,,,,
Occurrence,Aeshna.tuberculifera Aeshna tuberculifera Aeshnidae Anisoptera,flight mode,,flier,,single observation,,both,adult,,,,,,,,,,,
HumanObservation,Aeshna.tuberculifera Aeshna tuberculifera Aeshnidae Anisoptera,territoriality,,NA,,single observation,,both,adult,,,,,,,,,,,
HumanObservation,Aeshna.tuberculifera Aeshna tuberculifera Aeshnidae Anisoptera,aquatic habitats,,lake,,single observation,,both,adult,,,,,,,,,,,
HumanObservation,Aeshna.tuberculifera Aeshna tuberculifera Aeshnidae Anisoptera,habitat openness,,closed,,single observation,,both,adult,,,,,,,,,,,
PreservedSpecimen,Aeshna.tuberculifera Aeshna tuberculifera Aeshnidae Anisoptera,body lengths,Data extraction from the Odonate Phenotypic Database (http://www.odonatephenotypicdatabase.org),75.5,,single observation,,both,adult,,,,,,,,,,,
PreservedSpecimen,Aeshna.tuberculifera Aeshna tuberculifera Aeshnidae Anisoptera,hindwing lengths,Odonate Phenotypic Database (http://www.odonatephenotypicdatabase.org),47,,single observation,,both,adult,,,,,,,,,,,
PreservedSpecimen,Aeshna.tuberculifera Aeshna tuberculifera Aeshnidae Anisoptera,has wing pigment,Retrieval from the Odonate Phenotypic Database (http://www.odonatephenotypicdatabase.org),no,,single observation,,both,adult,,,,,,,,,,,
,Aeshna.tuberculifera Aeshna tuberculifera Aeshnidae Anisoptera,wing pigment extent discrete,,NA,,single observation,,both,adult,,,,,,,,,,,
PreservedSpecimen,Aeshna.tuberculifera Aeshna tuberculifera Aeshnidae Anisoptera,wing pigment extent continuous,,NA,,single observation,,both,adult,,,,,,,,,,,
,Aeshna.tuberculifera Aeshna tuberculifera Aeshnidae Anisoptera,wing pigment symmetry,,NA,,single observation,,both,adult,,,,,,,,,,,
,Aeshna.tuberculifera Aeshna tuberculifera Aeshnidae Anisoptera,wing pigment color,,NA,,single observation,,both,adult,,,,,,,,,,,
,Aeshna.tuberculifera Aeshna tuberculifera Aeshnidae Anisoptera,wing pigment placement,,NA,,single observation,,both,adult,,,,,,,,,,,
HumanObservation,Aeshna.umbrosa Aeshna umbrosa Aeshnidae Anisoptera,Flight season start,,7/11,,single observation,,both,adult,,,,,,,,,,,
,Aeshna.umbrosa Aeshna umbrosa Aeshnidae Anisoptera,Flight season end,,27/10,,single observation,,both,adult,,,,,,,,,,,
PreservedSpecimen,Aeshna.umbrosa Aeshna umbrosa Aeshnidae Anisoptera,body colors,Odonate Phenotypic Database (http://www.odonatephenotypicdatabase.org),blue,,single observation,,both,adult,,,,,,,,,,,
PreservedSpecimen,Aeshna.umbrosa Aeshna umbrosa Aeshnidae Anisoptera,body colortypes,Odonate Phenotypic Database (http://www.odonatephenotypicdatabase.org),pigment,,single observation,,both,adult,,,,,,,,,,,
PreservedSpecimen,Aeshna.umbrosa Aeshna umbrosa Aeshnidae Anisoptera,body patterns,Odonate Phenotypic Database (http://www.odonatephenotypicdatabase.org),spotted,,single observation,,both,adult,,,,,,,,,,,
,Aeshna.umbrosa Aeshna umbrosa Aeshnidae Anisoptera,mate guarding,,NA,,single observation,,both,adult,,,,,,,,,,,
Occurrence,Aeshna.umbrosa Aeshna umbrosa Aeshnidae Anisoptera,flight mode,,flier,,single observation,,both,adult,,,,,,,,,,,
HumanObservation,Aeshna.umbrosa Aeshna umbrosa Aeshnidae Anisoptera,territoriality,,NA,,single observation,,both,adult,,,,,,,,,,,
HumanObservation,Aeshna.umbrosa Aeshna umbrosa Aeshnidae Anisoptera,aquatic habitats,,lake,,single observation,,both,adult,,,,,,,,,,,
HumanObservation,Aeshna.umbrosa Aeshna umbrosa Aeshnidae Anisoptera,habitat openness,,closed,,single observation,,both,adult,,,,,,,,,,,
PreservedSpecimen,Aeshna.umbrosa Aeshna umbrosa Aeshnidae Anisoptera,body lengths,Data extraction from the Odonate Phenotypic Database (http://www.odonatephenotypicdatabase.org),68.5,,single observation,,both,adult,,,,,,,,,,,
PreservedSpecimen,Aeshna.umbrosa Aeshna umbrosa Aeshnidae Anisoptera,hindwing lengths,Odonate Phenotypic Database (http://www.odonatephenotypicdatabase.org),44,,single observation,,both,adult,,,,,,,,,,,
PreservedSpecimen,Aeshna.umbrosa Aeshna umbrosa Aeshnidae Anisoptera,has wing pigment,Retrieval from the Odonate Phenotypic Database (http://www.odonatephenotypicdatabase.org),no,,single observation,,both,adult,,,,,,,,,,,
,Aeshna.umbrosa Aeshna umbrosa Aeshnidae Anisoptera,wing pigment extent discrete,,NA,,single observation,,both,adult,,,,,,,,,,,
PreservedSpecimen,Aeshna.umbrosa Aeshna umbrosa Aeshnidae Anisoptera,wing pigment extent continuous,,NA,,single observation,,both,adult,,,,,,,,,,,
,Aeshna.umbrosa Aeshna umbrosa Aeshnidae Anisoptera,wing pigment symmetry,,NA,,single observation,,both,adult,,,,,,,,,,,
,Aeshna.umbrosa Aeshna umbrosa Aeshnidae Anisoptera,wing pigment color,,NA,,single observation,,both,adult,,,,,,,,,,,
,Aeshna.umbrosa Aeshna umbrosa Aeshnidae Anisoptera,wing pigment placement,,NA,,single observation,,both,adult,,,,,,,,,,,
HumanObservation,Aeshna.umbrosa Aeshna umbrosa Aeshnidae Anisoptera,Flight season start,,11.07,,single observation,,both,adult,,,,,,,,,,,
,Aeshna.umbrosa Aeshna umbrosa Aeshnidae Anisoptera,Flight season end,,10.27,,single observation,,both,adult,,,,,,,,,,,
PreservedSpecimen,Aeshna.umbrosa Aeshna umbrosa Aeshnidae Anisoptera,body colors,Odonate Phenotypic Database (http://www.odonatephenotypicdatabase.org),blue,,single observation,,both,adult,,,,,,,,,,,
PreservedSpecimen,Aeshna.umbrosa Aeshna umbrosa Aeshnidae Anisoptera,body colortypes,Odonate Phenotypic Database (http://www.odonatephenotypicdatabase.org),pigment,,single observation,,both,adult,,,,,,,,,,,
PreservedSpecimen,Aeshna.umbrosa Aeshna umbrosa Aeshnidae Anisoptera,body patterns,Odonate Phenotypic Database (http://www.odonatephenotypicdatabase.org),spotted,,single observation,,both,adult,,,,,,,,,,,
,Aeshna.umbrosa Aeshna umbrosa Aeshnidae Anisoptera,mate guarding,,NA,,single observation,,both,adult,,,,,,,,,,,
Occurrence,Aeshna.umbrosa Aeshna umbrosa Aeshnidae Anisoptera,flight mode,,flier,,single observation,,both,adult,,,,,,,,,,,
HumanObservation,Aeshna.umbrosa Aeshna umbrosa Aeshnidae Anisoptera,territoriality,,NA,,single observation,,both,adult,,,,,,,,,,,
HumanObservation,Aeshna.umbrosa Aeshna umbrosa Aeshnidae Anisoptera,aquatic habitats,,lake,,single observation,,both,adult,,,,,,,,,,,
HumanObservation,Aeshna.umbrosa Aeshna umbrosa Aeshnidae Anisoptera,habitat openness,,closed,,single observation,,both,adult,,,,,,,,,,,
PreservedSpecimen,Aeshna.umbrosa Aeshna umbrosa Aeshnidae Anisoptera,body lengths,Data extraction from the Odonate Phenotypic Database (http://www.odonatephenotypicdatabase.org),68.5,,single observation,,both,adult,,,,,,,,,,,
PreservedSpecimen,Aeshna.umbrosa Aeshna umbrosa Aeshnidae Anisoptera,hindwing lengths,Odonate Phenotypic Database (http://www.odonatephenotypicdatabase.org),44,,single observation,,both,adult,,,,,,,,,,,
PreservedSpecimen,Aeshna.umbrosa Aeshna umbrosa Aeshnidae Anisoptera,has wing pigment,Retrieval from the Odonate Phenotypic Database (http://www.odonatephenotypicdatabase.org),no,,single observation,,both,adult,,,,,,,,,,,
,Aeshna.umbrosa Aeshna umbrosa Aeshnidae Anisoptera,wing pigment extent discrete,,NA,,single observation,,both,adult,,,,,,,,,,,
PreservedSpecimen,Aeshna.umbrosa Aeshna umbrosa Aeshnidae Anisoptera,wing pigment extent continuous,,NA,,single observation,,both,adult,,,,,,,,,,,
,Aeshna.umbrosa Aeshna umbrosa Aeshnidae Anisoptera,wing pigment symmetry,,NA,,single observation,,both,adult,,,,,,,,,,,
,Aeshna.umbrosa Aeshna umbrosa Aeshnidae Anisoptera,wing pigment color,,NA,,single observation,,both,adult,,,,,,,,,,,
,Aeshna.umbrosa Aeshna umbrosa Aeshnidae Anisoptera,wing pigment placement,,NA,,single observation,,both,adult,,,,,,,,,,,
HumanObservation,Aeshna.verticalis Aeshna verticalis Aeshnidae Anisoptera,Flight season start,,15/7,,single observation,,both,adult,,,,,,,,,,,
,Aeshna.verticalis Aeshna verticalis Aeshnidae Anisoptera,Flight season end,,18/9,,single observation,,both,adult,,,,,,,,,,,
PreservedSpecimen,Aeshna.verticalis Aeshna verticalis Aeshnidae Anisoptera,body colors,Odonate Phenotypic Database (http://www.odonatephenotypicdatabase.org),black,,single observation,,both,adult,,,,,,,,,,,
PreservedSpecimen,Aeshna.verticalis Aeshna verticalis Aeshnidae Anisoptera,body colortypes,Odonate Phenotypic Database (http://www.odonatephenotypicdatabase.org),pigment,,single observation,,both,adult,,,,,,,,,,,
PreservedSpecimen,Aeshna.verticalis Aeshna verticalis Aeshnidae Anisoptera,body patterns,Odonate Phenotypic Database (http://www.odonatephenotypicdatabase.org),spotted,,single observation,,both,adult,,,,,,,,,,,
,Aeshna.verticalis Aeshna verticalis Aeshnidae Anisoptera,mate guarding,,NA,,single observation,,both,adult,,,,,,,,,,,
Occurrence,Aeshna.verticalis Aeshna verticalis Aeshnidae Anisoptera,flight mode,,flier,,single observation,,both,adult,,,,,,,,,,,
HumanObservation,Aeshna.verticalis Aeshna verticalis Aeshnidae Anisoptera,territoriality,,NA,,single observation,,both,adult,,,,,,,,,,,
HumanObservation,Aeshna.verticalis Aeshna verticalis Aeshnidae Anisoptera,aquatic habitats,,lake,,single observation,,both,adult,,,,,,,,,,,
HumanObservation,Aeshna.verticalis Aeshna verticalis Aeshnidae Anisoptera,habitat openness,,closed,,single observation,,both,adult,,,,,,,,,,,
PreservedSpecimen,Aeshna.verticalis Aeshna verticalis Aeshnidae Anisoptera,body lengths,Data extraction from the Odonate Phenotypic Database (http://www.odonatephenotypicdatabase.org),67,,single observation,,both,adult,,,,,,,,,,,
PreservedSpecimen,Aeshna.verticalis Aeshna verticalis Aeshnidae Anisoptera,hindwing lengths,Odonate Phenotypic Database (http://www.odonatephenotypicdatabase.org),44,,single observation,,both,adult,,,,,,,,,,,
PreservedSpecimen,Aeshna.verticalis Aeshna verticalis Aeshnidae Anisoptera,has wing pigment,Retrieval from the Odonate Phenotypic Database (http://www.odonatephenotypicdatabase.org),no,,single observation,,both,adult,,,,,,,,,,,
,Aeshna.verticalis Aeshna verticalis Aeshnidae Anisoptera,wing pigment extent discrete,,NA,,single observation,,both,adult,,,,,,,,,,,
PreservedSpecimen,Aeshna.verticalis Aeshna verticalis Aeshnidae Anisoptera,wing pigment extent continuous,,NA,,single observation,,both,adult,,,,,,,,,,,
,Aeshna.verticalis Aeshna verticalis Aeshnidae Anisoptera,wing pigment symmetry,,NA,,single observation,,both,adult,,,,,,,,,,,
,Aeshna.verticalis Aeshna verticalis Aeshnidae Anisoptera,wing pigment color,,NA,,single observation,,both,adult,,,,,,,,,,,
,Aeshna.verticalis Aeshna verticalis Aeshnidae Anisoptera,wing pigment placement,,NA,,single observation,,both,adult,,,,,,,,,,,
HumanObservation,Aeshna.verticalis Aeshna verticalis Aeshnidae Anisoptera,Flight season start,,7.15,,single observation,,both,adult,,,,,,,,,,,
,Aeshna.verticalis Aeshna verticalis Aeshnidae Anisoptera,Flight season end,,9.18,,single observation,,both,adult,,,,,,,,,,,
PreservedSpecimen,Aeshna.verticalis Aeshna verticalis Aeshnidae Anisoptera,body colors,Odonate Phenotypic Database (http://www.odonatephenotypicdatabase.org),black,,single observation,,both,adult,,,,,,,,,,,
PreservedSpecimen,Aeshna.verticalis Aeshna verticalis Aeshnidae Anisoptera,body colortypes,Odonate Phenotypic Database (http://www.odonatephenotypicdatabase.org),pigment,,single observation,,both,adult,,,,,,,,,,,
PreservedSpecimen,Aeshna.verticalis Aeshna verticalis Aeshnidae Anisoptera,body patterns,Odonate Phenotypic Database (http://www.odonatephenotypicdatabase.org),spotted,,single observation,,both,adult,,,,,,,,,,,
,Aeshna.verticalis Aeshna verticalis Aeshnidae Anisoptera,mate guarding,,NA,,single observation,,both,adult,,,,,,,,,,,
Occurrence,Aeshna.verticalis Aeshna verticalis Aeshnidae Anisoptera,flight mode,,flier,,single observation,,both,adult,,,,,,,,,,,
HumanObservation,Aeshna.verticalis Aeshna verticalis Aeshnidae Anisoptera,territoriality,,NA,,single observation,,both,adult,,,,,,,,,,,
HumanObservation,Aeshna.verticalis Aeshna verticalis Aeshnidae Anisoptera,aquatic habitats,,lake,,single observation,,both,adult,,,,,,,,,,,
HumanObservation,Aeshna.verticalis Aeshna verticalis Aeshnidae Anisoptera,habitat openness,,closed,,single observation,,both,adult,,,,,,,,,,,
PreservedSpecimen,Aeshna.verticalis Aeshna verticalis Aeshnidae Anisoptera,body lengths,Data extraction from the Odonate Phenotypic Database (http://www.odonatephenotypicdatabase.org),67,,single observation,,both,adult,,,,,,,,,,,
PreservedSpecimen,Aeshna.verticalis Aeshna verticalis Aeshnidae Anisoptera,hindwing lengths,Odonate Phenotypic Database (http://www.odonatephenotypicdatabase.org),44,,single observation,,both,adult,,,,,,,,,,,
PreservedSpecimen,Aeshna.verticalis Aeshna verticalis Aeshnidae Anisoptera,has wing pigment,Retrieval from the Odonate Phenotypic Database (http://www.odonatephenotypicdatabase.org),no,,single observation,,both,adult,,,,,,,,,,,
,Aeshna.verticalis Aeshna verticalis Aeshnidae Anisoptera,wing pigment extent discrete,,NA,,single observation,,both,adult,,,,,,,,,,,
PreservedSpecimen,Aeshna.verticalis Aeshna verticalis Aeshnidae Anisoptera,wing pigment extent continuous,,NA,,single observation,,both,adult,,,,,,,,,,,
,Aeshna.verticalis Aeshna verticalis Aeshnidae Anisoptera,wing pigment symmetry,,NA,,single observation,,both,adult,,,,,,,,,,,
,Aeshna.verticalis Aeshna verticalis Aeshnidae Anisoptera,wing pigment color,,NA,,single observation,,both,adult,,,,,,,,,,,
,Aeshna.verticalis Aeshna verticalis Aeshnidae Anisoptera,wing pigment placement,,NA,,single observation,,both,adult,,,,,,,,,,,
HumanObservation,Amphiagrion.saucium. Amphiagrion saucium Coenagrionidae Anisoptera,Flight season start,,22/5,,single observation,,both,adult,,,,,,,,,,,
,Amphiagrion.saucium. Amphiagrion saucium Coenagrionidae Anisoptera,Flight season end,,27/7,,single observation,,both,adult,,,,,,,,,,,
PreservedSpecimen,Amphiagrion.saucium. Amphiagrion saucium Coenagrionidae Anisoptera,body colors,Odonate Phenotypic Database (http://www.odonatephenotypicdatabase.org),NA,,single observation,,both,adult,,,,,,,,,,,
PreservedSpecimen,Amphiagrion.saucium. Amphiagrion saucium Coenagrionidae Anisoptera,body colortypes,Odonate Phenotypic Database (http://www.odonatephenotypicdatabase.org),NA,,single observation,,both,adult,,,,,,,,,,,
PreservedSpecimen,Amphiagrion.saucium. Amphiagrion saucium Coenagrionidae Anisoptera,body patterns,Odonate Phenotypic Database (http://www.odonatephenotypicdatabase.org),NA,,single observation,,both,adult,,,,,,,,,,,
,Amphiagrion.saucium. Amphiagrion saucium Coenagrionidae Anisoptera,mate guarding,,NA,,single observation,,both,adult,,,,,,,,,,,
Occurrence,Amphiagrion.saucium. Amphiagrion saucium Coenagrionidae Anisoptera,flight mode,,NA,,single observation,,both,adult,,,,,,,,,,,
HumanObservation,Amphiagrion.saucium. Amphiagrion saucium Coenagrionidae Anisoptera,territoriality,,NA,,single observation,,both,adult,,,,,,,,,,,
HumanObservation,Amphiagrion.saucium. Amphiagrion saucium Coenagrionidae Anisoptera,aquatic habitats,,NA,,single observation,,both,adult,,,,,,,,,,,
HumanObservation,Amphiagrion.saucium. Amphiagrion saucium Coenagrionidae Anisoptera,habitat openness,,NA,,single observation,,both,adult,,,,,,,,,,,
PreservedSpecimen,Amphiagrion.saucium. Amphiagrion saucium Coenagrionidae Anisoptera,body lengths,Data extraction from the Odonate Phenotypic Database (http://www.odonatephenotypicdatabase.org),NA,,single observation,,both,adult,,,,,,,,,,,
PreservedSpecimen,Amphiagrion.saucium. Amphiagrion saucium Coenagrionidae Anisoptera,hindwing lengths,Odonate Phenotypic Database (http://www.odonatephenotypicdatabase.org),NA,,single observation,,both,adult,,,,,,,,,,,
PreservedSpecimen,Amphiagrion.saucium. Amphiagrion saucium Coenagrionidae Anisoptera,has wing pigment,Retrieval from the Odonate Phenotypic Database (http://www.odonatephenotypicdatabase.org),NA,,single observation,,both,adult,,,,,,,,,,,
,Amphiagrion.saucium. Amphiagrion saucium Coenagrionidae Anisoptera,wing pigment extent discrete,,NA,,single observation,,both,adult,,,,,,,,,,,
PreservedSpecimen,Amphiagrion.saucium. Amphiagrion saucium Coenagrionidae Anisoptera,wing pigment extent continuous,,NA,,single observation,,both,adult,,,,,,,,,,,
,Amphiagrion.saucium. Amphiagrion saucium Coenagrionidae Anisoptera,wing pigment symmetry,,NA,,single observation,,both,adult,,,,,,,,,,,
,Amphiagrion.saucium. Amphiagrion saucium Coenagrionidae Anisoptera,wing pigment color,,NA,,single observation,,both,adult,,,,,,,,,,,
,Amphiagrion.saucium. Amphiagrion saucium Coenagrionidae Anisoptera,wing pigment placement,,NA,,single observation,,both,adult,,,,,,,,,,,
HumanObservation,Amphiagrion.saucium. Amphiagrion saucium Coenagrionidae Anisoptera,Flight season start,,5.22,,single observation,,both,adult,,,,,,,,,,,
,Amphiagrion.saucium. Amphiagrion saucium Coenagrionidae Anisoptera,Flight season end,,7.27,,single observation,,both,adult,,,,,,,,,,,
PreservedSpecimen,Amphiagrion.saucium. Amphiagrion saucium Coenagrionidae Anisoptera,body colors,Odonate Phenotypic Database (http://www.odonatephenotypicdatabase.org),NA,,single observation,,both,adult,,,,,,,,,,,
PreservedSpecimen,Amphiagrion.saucium. Amphiagrion saucium Coenagrionidae Anisoptera,body colortypes,Odonate Phenotypic Database (http://www.odonatephenotypicdatabase.org),NA,,single observation,,both,adult,,,,,,,,,,,
PreservedSpecimen,Amphiagrion.saucium. Amphiagrion saucium Coenagrionidae Anisoptera,body patterns,Odonate Phenotypic Database (http://www.odonatephenotypicdatabase.org),NA,,single observation,,both,adult,,,,,,,,,,,
,Amphiagrion.saucium. Amphiagrion saucium Coenagrionidae Anisoptera,mate guarding,,NA,,single observation,,both,adult,,,,,,,,,,,
Occurrence,Amphiagrion.saucium. Amphiagrion saucium Coenagrionidae Anisoptera,flight mode,,NA,,single observation,,both,adult,,,,,,,,,,,
HumanObservation,Amphiagrion.saucium. Amphiagrion saucium Coenagrionidae Anisoptera,territoriality,,NA,,single observation,,both,adult,,,,,,,,,,,
HumanObservation,Amphiagrion.saucium. Amphiagrion saucium Coenagrionidae Anisoptera,aquatic habitats,,NA,,single observation,,both,adult,,,,,,,,,,,
HumanObservation,Amphiagrion.saucium. Amphiagrion saucium Coenagrionidae Anisoptera,habitat openness,,NA,,single observation,,both,adult,,,,,,,,,,,
PreservedSpecimen,Amphiagrion.saucium. Amphiagrion saucium Coenagrionidae Anisoptera,body lengths,Data extraction from the Odonate Phenotypic Database (http://www.odonatephenotypicdatabase.org),NA,,single observation,,both,adult,,,,,,,,,,,
PreservedSpecimen,Amphiagrion.saucium. Amphiagrion saucium Coenagrionidae Anisoptera,hindwing lengths,Odonate Phenotypic Database (http://www.odonatephenotypicdatabase.org),NA,,single observation,,both,adult,,,,,,,,,,,
PreservedSpecimen,Amphiagrion.saucium. Amphiagrion saucium Coenagrionidae Anisoptera,has wing pigment,Retrieval from the Odonate Phenotypic Database (http://www.odonatephenotypicdatabase.org),NA,,single observation,,both,adult,,,,,,,,,,,
,Amphiagrion.saucium. Amphiagrion saucium Coenagrionidae Anisoptera,wing pigment extent discrete,,NA,,single observation,,both,adult,,,,,,,,,,,
PreservedSpecimen,Amphiagrion.saucium. Amphiagrion saucium Coenagrionidae Anisoptera,wing pigment extent continuous,,NA,,single observation,,both,adult,,,,,,,,,,,
,Amphiagrion.saucium. Amphiagrion saucium Coenagrionidae Anisoptera,wing pigment symmetry,,NA,,single observation,,both,adult,,,,,,,,,,,
,Amphiagrion.saucium. Amphiagrion saucium Coenagrionidae Anisoptera,wing pigment color,,NA,,single observation,,both,adult,,,,,,,,,,,
,Amphiagrion.saucium. Amphiagrion saucium Coenagrionidae Anisoptera,wing pigment placement,,NA,,single observation,,both,adult,,,,,,,,,,,
HumanObservation,Anax.junius Anax junius Aeshnidae Anisoptera,Flight season start,,19/4,,single observation,,both,adult,,,,,,,,,,,
,Anax.junius Anax junius Aeshnidae Anisoptera,Flight season end,,11/3,,single observation,,both,adult,,,,,,,,,,,
PreservedSpecimen,Anax.junius Anax junius Aeshnidae Anisoptera,body colors,Odonate Phenotypic Database (http://www.odonatephenotypicdatabase.org),black,,single observation,,both,adult,,,,,,,,,,,
PreservedSpecimen,Anax.junius Anax junius Aeshnidae Anisoptera,body colortypes,Odonate Phenotypic Database (http://www.odonatephenotypicdatabase.org),pigment,,single observation,,both,adult,,,,,,,,,,,
PreservedSpecimen,Anax.junius Anax junius Aeshnidae Anisoptera,body patterns,Odonate Phenotypic Database (http://www.odonatephenotypicdatabase.org),plain,,single observation,,both,adult,,,,,,,,,,,
,Anax.junius Anax junius Aeshnidae Anisoptera,mate guarding,,contact,,single observation,,both,adult,,,,,,,,,,,
Occurrence,Anax.junius Anax junius Aeshnidae Anisoptera,flight mode,,flier,,single observation,,both,adult,,,,,,,,,,,
HumanObservation,Anax.junius Anax junius Aeshnidae Anisoptera,territoriality,,NA,,single observation,,both,adult,,,,,,,,,,,
HumanObservation,Anax.junius Anax junius Aeshnidae Anisoptera,aquatic habitats,,ephemeral,,single observation,,both,adult,,,,,,,,,,,
HumanObservation,Anax.junius Anax junius Aeshnidae Anisoptera,habitat openness,,semi,,single observation,,both,adult,,,,,,,,,,,
PreservedSpecimen,Anax.junius Anax junius Aeshnidae Anisoptera,body lengths,Data extraction from the Odonate Phenotypic Database (http://www.odonatephenotypicdatabase.org),74,,single observation,,both,adult,,,,,,,,,,,
PreservedSpecimen,Anax.junius Anax junius Aeshnidae Anisoptera,hindwing lengths,Odonate Phenotypic Database (http://www.odonatephenotypicdatabase.org),50.5,,single observation,,both,adult,,,,,,,,,,,
PreservedSpecimen,Anax.junius Anax junius Aeshnidae Anisoptera,has wing pigment,Retrieval from the Odonate Phenotypic Database (http://www.odonatephenotypicdatabase.org),no,,single observation,,both,adult,,,,,,,,,,,
,Anax.junius Anax junius Aeshnidae Anisoptera,wing pigment extent discrete,,NA,,single observation,,both,adult,,,,,,,,,,,
PreservedSpecimen,Anax.junius Anax junius Aeshnidae Anisoptera,wing pigment extent continuous,,NA,,single observation,,both,adult,,,,,,,,,,,
,Anax.junius Anax junius Aeshnidae Anisoptera,wing pigment symmetry,,NA,,single observation,,both,adult,,,,,,,,,,,
,Anax.junius Anax junius Aeshnidae Anisoptera,wing pigment color,,NA,,single observation,,both,adult,,,,,,,,,,,
,Anax.junius Anax junius Aeshnidae Anisoptera,wing pigment placement,,NA,,single observation,,both,adult,,,,,,,,,,,
HumanObservation,Anax.junius Anax junius Aeshnidae Anisoptera,Flight season start,,4.19,,single observation,,both,adult,,,,,,,,,,,
,Anax.junius Anax junius Aeshnidae Anisoptera,Flight season end,,3.11,,single observation,,both,adult,,,,,,,,,,,
PreservedSpecimen,Anax.junius Anax junius Aeshnidae Anisoptera,body colors,Odonate Phenotypic Database (http://www.odonatephenotypicdatabase.org),black,,single observation,,both,adult,,,,,,,,,,,
PreservedSpecimen,Anax.junius Anax junius Aeshnidae Anisoptera,body colortypes,Odonate Phenotypic Database (http://www.odonatephenotypicdatabase.org),pigment,,single observation,,both,adult,,,,,,,,,,,
PreservedSpecimen,Anax.junius Anax junius Aeshnidae Anisoptera,body patterns,Odonate Phenotypic Database (http://www.odonatephenotypicdatabase.org),plain,,single observation,,both,adult,,,,,,,,,,,
,Anax.junius Anax junius Aeshnidae Anisoptera,mate guarding,,contact,,single observation,,both,adult,,,,,,,,,,,
Occurrence,Anax.junius Anax junius Aeshnidae Anisoptera,flight mode,,flier,,single observation,,both,adult,,,,,,,,,,,
HumanObservation,Anax.junius Anax junius Aeshnidae Anisoptera,territoriality,,NA,,single observation,,both,adult,,,,,,,,,,,
HumanObservation,Anax.junius Anax junius Aeshnidae Anisoptera,aquatic habitats,,ephemeral,,single observation,,both,adult,,,,,,,,,,,
HumanObservation,Anax.junius Anax junius Aeshnidae Anisoptera,habitat openness,,semi,,single observation,,both,adult,,,,,,,,,,,
PreservedSpecimen,Anax.junius Anax junius Aeshnidae Anisoptera,body lengths,Data extraction from the Odonate Phenotypic Database (http://www.odonatephenotypicdatabase.org),74,,single observation,,both,adult,,,,,,,,,,,
PreservedSpecimen,Anax.junius Anax junius Aeshnidae Anisoptera,hindwing lengths,Odonate Phenotypic Database (http://www.odonatephenotypicdatabase.org),50.5,,single observation,,both,adult,,,,,,,,,,,
PreservedSpecimen,Anax.junius Anax junius Aeshnidae Anisoptera,has wing pigment,Retrieval from the Odonate Phenotypic Database (http://www.odonatephenotypicdatabase.org),no,,single observation,,both,adult,,,,,,,,,,,
,Anax.junius Anax junius Aeshnidae Anisoptera,wing pigment extent discrete,,NA,,single observation,,both,adult,,,,,,,,,,,
PreservedSpecimen,Anax.junius Anax junius Aeshnidae Anisoptera,wing pigment extent continuous,,NA,,single observation,,both,adult,,,,,,,,,,,
,Anax.junius Anax junius Aeshnidae Anisoptera,wing pigment symmetry,,NA,,single observation,,both,adult,,,,,,,,,,,
,Anax.junius Anax junius Aeshnidae Anisoptera,wing pigment color,,NA,,single observation,,both,adult,,,,,,,,,,,
,Anax.junius Anax junius Aeshnidae Anisoptera,wing pigment placement,,NA,,single observation,,both,adult,,,,,,,,,,,
HumanObservation,Argia.apicalis Argia apicalis Coenagrionidae Zygoptera,Flight season start,,7/8,,single observation,,both,adult,,,,,,,,,,,
,Argia.apicalis Argia apicalis Coenagrionidae Zygoptera,Flight season end,,19/8,,single observation,,both,adult,,,,,,,,,,,
PreservedSpecimen,Argia.apicalis Argia apicalis Coenagrionidae Zygoptera,body colors,Odonate Phenotypic Database (http://www.odonatephenotypicdatabase.org),black,,single observation,,both,adult,,,,,,,,,,,
PreservedSpecimen,Argia.apicalis Argia apicalis Coenagrionidae Zygoptera,body colortypes,Odonate Phenotypic Database (http://www.odonatephenotypicdatabase.org),pigment,,single observation,,both,adult,,,,,,,,,,,
PreservedSpecimen,Argia.apicalis Argia apicalis Coenagrionidae Zygoptera,body patterns,Odonate Phenotypic Database (http://www.odonatephenotypicdatabase.org),plain,,single observation,,both,adult,,,,,,,,,,,
,Argia.apicalis Argia apicalis Coenagrionidae Zygoptera,mate guarding,,contact,,single observation,,both,adult,,,,,,,,,,,
Occurrence,Argia.apicalis Argia apicalis Coenagrionidae Zygoptera,flight mode,,percher,,single observation,,both,adult,,,,,,,,,,,
HumanObservation,Argia.apicalis Argia apicalis Coenagrionidae Zygoptera,territoriality,,territorial,,single observation,,both,adult,,,,,,,,,,,
HumanObservation,Argia.apicalis Argia apicalis Coenagrionidae Zygoptera,aquatic habitats,,lake,,single observation,,both,adult,,,,,,,,,,,
HumanObservation,Argia.apicalis Argia apicalis Coenagrionidae Zygoptera,habitat openness,,closed,,single observation,,both,adult,,,,,,,,,,,
PreservedSpecimen,Argia.apicalis Argia apicalis Coenagrionidae Zygoptera,body lengths,Data extraction from the Odonate Phenotypic Database (http://www.odonatephenotypicdatabase.org),36.5,,single observation,,both,adult,,,,,,,,,,,
PreservedSpecimen,Argia.apicalis Argia apicalis Coenagrionidae Zygoptera,hindwing lengths,Odonate Phenotypic Database (http://www.odonatephenotypicdatabase.org),22.5,,single observation,,both,adult,,,,,,,,,,,
PreservedSpecimen,Argia.apicalis Argia apicalis Coenagrionidae Zygoptera,has wing pigment,Retrieval from the Odonate Phenotypic Database (http://www.odonatephenotypicdatabase.org),no,,single observation,,both,adult,,,,,,,,,,,
,Argia.apicalis Argia apicalis Coenagrionidae Zygoptera,wing pigment extent discrete,,NA,,single observation,,both,adult,,,,,,,,,,,
PreservedSpecimen,Argia.apicalis Argia apicalis Coenagrionidae Zygoptera,wing pigment extent continuous,,NA,,single observation,,both,adult,,,,,,,,,,,
,Argia.apicalis Argia apicalis Coenagrionidae Zygoptera,wing pigment symmetry,,NA,,single observation,,both,adult,,,,,,,,,,,
,Argia.apicalis Argia apicalis Coenagrionidae Zygoptera,wing pigment color,,NA,,single observation,,both,adult,,,,,,,,,,,
,Argia.apicalis Argia apicalis Coenagrionidae Zygoptera,wing pigment placement,,NA,,single observation,,both,adult,,,,,,,,,,,
HumanObservation,Argia.apicalis Argia apicalis Coenagrionidae Zygoptera,Flight season start,,8.07,,single observation,,both,adult,,,,,,,,,,,
,Argia.apicalis Argia apicalis Coenagrionidae Zygoptera,Flight season end,,8.19,,single observation,,both,adult,,,,,,,,,,,
PreservedSpecimen,Argia.apicalis Argia apicalis Coenagrionidae Zygoptera,body colors,Odonate Phenotypic Database (http://www.odonatephenotypicdatabase.org),black,,single observation,,both,adult,,,,,,,,,,,
PreservedSpecimen,Argia.apicalis Argia apicalis Coenagrionidae Zygoptera,body colortypes,Odonate Phenotypic Database (http://www.odonatephenotypicdatabase.org),pigment,,single observation,,both,adult,,,,,,,,,,,
PreservedSpecimen,Argia.apicalis Argia apicalis Coenagrionidae Zygoptera,body patterns,Odonate Phenotypic Database (http://www.odonatephenotypicdatabase.org),plain,,single observation,,both,adult,,,,,,,,,,,
,Argia.apicalis Argia apicalis Coenagrionidae Zygoptera,mate guarding,,contact,,single observation,,both,adult,,,,,,,,,,,
Occurrence,Argia.apicalis Argia apicalis Coenagrionidae Zygoptera,flight mode,,percher,,single observation,,both,adult,,,,,,,,,,,
HumanObservation,Argia.apicalis Argia apicalis Coenagrionidae Zygoptera,territoriality,,territorial,,single observation,,both,adult,,,,,,,,,,,
HumanObservation,Argia.apicalis Argia apicalis Coenagrionidae Zygoptera,aquatic habitats,,lake,,single observation,,both,adult,,,,,,,,,,,
HumanObservation,Argia.apicalis Argia apicalis Coenagrionidae Zygoptera,habitat openness,,closed,,single observation,,both,adult,,,,,,,,,,,
PreservedSpecimen,Argia.apicalis Argia apicalis Coenagrionidae Zygoptera,body lengths,Data extraction from the Odonate Phenotypic Database (http://www.odonatephenotypicdatabase.org),36.5,,single observation,,both,adult,,,,,,,,,,,
PreservedSpecimen,Argia.apicalis Argia apicalis Coenagrionidae Zygoptera,hindwing lengths,Odonate Phenotypic Database (http://www.odonatephenotypicdatabase.org),22.5,,single observation,,both,adult,,,,,,,,,,,
PreservedSpecimen,Argia.apicalis Argia apicalis Coenagrionidae Zygoptera,has wing pigment,Retrieval from the Odonate Phenotypic Database (http://www.odonatephenotypicdatabase.org),no,,single observation,,both,adult,,,,,,,,,,,
,Argia.apicalis Argia apicalis Coenagrionidae Zygoptera,wing pigment extent discrete,,NA,,single observation,,both,adult,,,,,,,,,,,
PreservedSpecimen,Argia.apicalis Argia apicalis Coenagrionidae Zygoptera,wing pigment extent continuous,,NA,,single observation,,both,adult,,,,,,,,,,,
,Argia.apicalis Argia apicalis Coenagrionidae Zygoptera,wing pigment symmetry,,NA,,single observation,,both,adult,,,,,,,,,,,
,Argia.apicalis Argia apicalis Coenagrionidae Zygoptera,wing pigment color,,NA,,single observation,,both,adult,,,,,,,,,,,
,Argia.apicalis Argia apicalis Coenagrionidae Zygoptera,wing pigment placement,,NA,,single observation,,both,adult,,,,,,,,,,,
HumanObservation,Argia.fumipennis Argia fumipennis Coenagrionidae Zygoptera,Flight season start,,7/9,,single observation,,both,adult,,,,,,,,,,,
,Argia.fumipennis Argia fumipennis Coenagrionidae Zygoptera,Flight season end,,10/2,,single observation,,both,adult,,,,,,,,,,,
PreservedSpecimen,Argia.fumipennis Argia fumipennis Coenagrionidae Zygoptera,body colors,Odonate Phenotypic Database (http://www.odonatephenotypicdatabase.org),black,,single observation,,both,adult,,,,,,,,,,,
PreservedSpecimen,Argia.fumipennis Argia fumipennis Coenagrionidae Zygoptera,body colortypes,Odonate Phenotypic Database (http://www.odonatephenotypicdatabase.org),pigment,,single observation,,both,adult,,,,,,,,,,,
PreservedSpecimen,Argia.fumipennis Argia fumipennis Coenagrionidae Zygoptera,body patterns,Odonate Phenotypic Database (http://www.odonatephenotypicdatabase.org),spotted,,single observation,,both,adult,,,,,,,,,,,
,Argia.fumipennis Argia fumipennis Coenagrionidae Zygoptera,mate guarding,,contact,,single observation,,both,adult,,,,,,,,,,,
Occurrence,Argia.fumipennis Argia fumipennis Coenagrionidae Zygoptera,flight mode,,percher,,single observation,,both,adult,,,,,,,,,,,
HumanObservation,Argia.fumipennis Argia fumipennis Coenagrionidae Zygoptera,territoriality,,NA,,single observation,,both,adult,,,,,,,,,,,
HumanObservation,Argia.fumipennis Argia fumipennis Coenagrionidae Zygoptera,aquatic habitats,,lake,,single observation,,both,adult,,,,,,,,,,,
HumanObservation,Argia.fumipennis Argia fumipennis Coenagrionidae Zygoptera,habitat openness,,open,,single observation,,both,adult,,,,,,,,,,,
PreservedSpecimen,Argia.fumipennis Argia fumipennis Coenagrionidae Zygoptera,body lengths,Data extraction from the Odonate Phenotypic Database (http://www.odonatephenotypicdatabase.org),31.5,,single observation,,both,adult,,,,,,,,,,,
PreservedSpecimen,Argia.fumipennis Argia fumipennis Coenagrionidae Zygoptera,hindwing lengths,Odonate Phenotypic Database (http://www.odonatephenotypicdatabase.org),20.5,,single observation,,both,adult,,,,,,,,,,,
PreservedSpecimen,Argia.fumipennis Argia fumipennis Coenagrionidae Zygoptera,has wing pigment,Retrieval from the Odonate Phenotypic Database (http://www.odonatephenotypicdatabase.org),yes,,single observation,,both,adult,,,,,,,,,,,
,Argia.fumipennis Argia fumipennis Coenagrionidae Zygoptera,wing pigment extent discrete,,100,,single observation,,both,adult,,,,,,,,,,,
PreservedSpecimen,Argia.fumipennis Argia fumipennis Coenagrionidae Zygoptera,wing pigment extent continuous,,1,,single observation,,both,adult,,,,,,,,,,,
,Argia.fumipennis Argia fumipennis Coenagrionidae Zygoptera,wing pigment symmetry,,symmetric pigment,,single observation,,both,adult,,,,,,,,,,,
,Argia.fumipennis Argia fumipennis Coenagrionidae Zygoptera,wing pigment color,,black,,single observation,,both,adult,,,,,,,,,,,
,Argia.fumipennis Argia fumipennis Coenagrionidae Zygoptera,wing pigment placement,,full,,single observation,,both,adult,,,,,,,,,,,
HumanObservation,Argia.fumipennis Argia fumipennis Coenagrionidae Zygoptera,Flight season start,,9.07,,single observation,,both,adult,,,,,,,,,,,
,Argia.fumipennis Argia fumipennis Coenagrionidae Zygoptera,Flight season end,,2.1,,single observation,,both,adult,,,,,,,,,,,
PreservedSpecimen,Argia.fumipennis Argia fumipennis Coenagrionidae Zygoptera,body colors,Odonate Phenotypic Database (http://www.odonatephenotypicdatabase.org),black,,single observation,,both,adult,,,,,,,,,,,
PreservedSpecimen,Argia.fumipennis Argia fumipennis Coenagrionidae Zygoptera,body colortypes,Odonate Phenotypic Database (http://www.odonatephenotypicdatabase.org),pigment,,single observation,,both,adult,,,,,,,,,,,
PreservedSpecimen,Argia.fumipennis Argia fumipennis Coenagrionidae Zygoptera,body patterns,Odonate Phenotypic Database (http://www.odonatephenotypicdatabase.org),spotted,,single observation,,both,adult,,,,,,,,,,,
,Argia.fumipennis Argia fumipennis Coenagrionidae Zygoptera,mate guarding,,contact,,single observation,,both,adult,,,,,,,,,,,
Occurrence,Argia.fumipennis Argia fumipennis Coenagrionidae Zygoptera,flight mode,,percher,,single observation,,both,adult,,,,,,,,,,,
HumanObservation,Argia.fumipennis Argia fumipennis Coenagrionidae Zygoptera,territoriality,,NA,,single observation,,both,adult,,,,,,,,,,,
HumanObservation,Argia.fumipennis Argia fumipennis Coenagrionidae Zygoptera,aquatic habitats,,lake,,single observation,,both,adult,,,,,,,,,,,
HumanObservation,Argia.fumipennis Argia fumipennis Coenagrionidae Zygoptera,habitat openness,,open,,single observation,,both,adult,,,,,,,,,,,
PreservedSpecimen,Argia.fumipennis Argia fumipennis Coenagrionidae Zygoptera,body lengths,Data extraction from the Odonate Phenotypic Database (http://www.odonatephenotypicdatabase.org),31.5,,single observation,,both,adult,,,,,,,,,,,
PreservedSpecimen,Argia.fumipennis Argia fumipennis Coenagrionidae Zygoptera,hindwing lengths,Odonate Phenotypic Database (http://www.odonatephenotypicdatabase.org),20.5,,single observation,,both,adult,,,,,,,,,,,
PreservedSpecimen,Argia.fumipennis Argia fumipennis Coenagrionidae Zygoptera,has wing pigment,Retrieval from the Odonate Phenotypic Database (http://www.odonatephenotypicdatabase.org),yes,,single observation,,both,adult,,,,,,,,,,,
,Argia.fumipennis Argia fumipennis Coenagrionidae Zygoptera,wing pigment extent discrete,,100,,single observation,,both,adult,,,,,,,,,,,
PreservedSpecimen,Argia.fumipennis Argia fumipennis Coenagrionidae Zygoptera,wing pigment extent continuous,,1,,single observation,,both,adult,,,,,,,,,,,
,Argia.fumipennis Argia fumipennis Coenagrionidae Zygoptera,wing pigment symmetry,,symmetric pigment,,single observation,,both,adult,,,,,,,,,,,
,Argia.fumipennis Argia fumipennis Coenagrionidae Zygoptera,wing pigment color,,black,,single observation,,both,adult,,,,,,,,,,,
,Argia.fumipennis Argia fumipennis Coenagrionidae Zygoptera,wing pigment placement,,full,,single observation,,both,adult,,,,,,,,,,,
HumanObservation,Argia.moesta Argia moesta Coenagrionidae Zygoptera,Flight season start,,30/5,,single observation,,both,adult,,,,,,,,,,,
,Argia.moesta Argia moesta Coenagrionidae Zygoptera,Flight season end,,20/9,,single observation,,both,adult,,,,,,,,,,,
PreservedSpecimen,Argia.moesta Argia moesta Coenagrionidae Zygoptera,body colors,Odonate Phenotypic Database (http://www.odonatephenotypicdatabase.org),black,,single observation,,both,adult,,,,,,,,,,,
PreservedSpecimen,Argia.moesta Argia moesta Coenagrionidae Zygoptera,body colortypes,Odonate Phenotypic Database (http://www.odonatephenotypicdatabase.org),pigment,,single observation,,both,adult,,,,,,,,,,,
PreservedSpecimen,Argia.moesta Argia moesta Coenagrionidae Zygoptera,body patterns,Odonate Phenotypic Database (http://www.odonatephenotypicdatabase.org),plain,,single observation,,both,adult,,,,,,,,,,,
,Argia.moesta Argia moesta Coenagrionidae Zygoptera,mate guarding,,contact,,single observation,,both,adult,,,,,,,,,,,
Occurrence,Argia.moesta Argia moesta Coenagrionidae Zygoptera,flight mode,,percher,,single observation,,both,adult,,,,,,,,,,,
HumanObservation,Argia.moesta Argia moesta Coenagrionidae Zygoptera,territoriality,,NA,,single observation,,both,adult,,,,,,,,,,,
HumanObservation,Argia.moesta Argia moesta Coenagrionidae Zygoptera,aquatic habitats,,river,,single observation,,both,adult,,,,,,,,,,,
HumanObservation,Argia.moesta Argia moesta Coenagrionidae Zygoptera,habitat openness,,closed,,single observation,,both,adult,,,,,,,,,,,
PreservedSpecimen,Argia.moesta Argia moesta Coenagrionidae Zygoptera,body lengths,Data extraction from the Odonate Phenotypic Database (http://www.odonatephenotypicdatabase.org),39.5,,single observation,,both,adult,,,,,,,,,,,
PreservedSpecimen,Argia.moesta Argia moesta Coenagrionidae Zygoptera,hindwing lengths,Odonate Phenotypic Database (http://www.odonatephenotypicdatabase.org),25.5,,single observation,,both,adult,,,,,,,,,,,
PreservedSpecimen,Argia.moesta Argia moesta Coenagrionidae Zygoptera,has wing pigment,Retrieval from the Odonate Phenotypic Database (http://www.odonatephenotypicdatabase.org),no,,single observation,,both,adult,,,,,,,,,,,
,Argia.moesta Argia moesta Coenagrionidae Zygoptera,wing pigment extent discrete,,NA,,single observation,,both,adult,,,,,,,,,,,
PreservedSpecimen,Argia.moesta Argia moesta Coenagrionidae Zygoptera,wing pigment extent continuous,,NA,,single observation,,both,adult,,,,,,,,,,,
,Argia.moesta Argia moesta Coenagrionidae Zygoptera,wing pigment symmetry,,NA,,single observation,,both,adult,,,,,,,,,,,
,Argia.moesta Argia moesta Coenagrionidae Zygoptera,wing pigment color,,NA,,single observation,,both,adult,,,,,,,,,,,
,Argia.moesta Argia moesta Coenagrionidae Zygoptera,wing pigment placement,,NA,,single observation,,both,adult,,,,,,,,,,,
HumanObservation,Argia.moesta Argia moesta Coenagrionidae Zygoptera,Flight season start,,5.3,,single observation,,both,adult,,,,,,,,,,,
,Argia.moesta Argia moesta Coenagrionidae Zygoptera,Flight season end,,9.2,,single observation,,both,adult,,,,,,,,,,,
PreservedSpecimen,Argia.moesta Argia moesta Coenagrionidae Zygoptera,body colors,Odonate Phenotypic Database (http://www.odonatephenotypicdatabase.org),black,,single observation,,both,adult,,,,,,,,,,,
PreservedSpecimen,Argia.moesta Argia moesta Coenagrionidae Zygoptera,body colortypes,Odonate Phenotypic Database (http://www.odonatephenotypicdatabase.org),pigment,,single observation,,both,adult,,,,,,,,,,,
PreservedSpecimen,Argia.moesta Argia moesta Coenagrionidae Zygoptera,body patterns,Odonate Phenotypic Database (http://www.odonatephenotypicdatabase.org),plain,,single observation,,both,adult,,,,,,,,,,,
,Argia.moesta Argia moesta Coenagrionidae Zygoptera,mate guarding,,contact,,single observation,,both,adult,,,,,,,,,,,
Occurrence,Argia.moesta Argia moesta Coenagrionidae Zygoptera,flight mode,,percher,,single observation,,both,adult,,,,,,,,,,,
HumanObservation,Argia.moesta Argia moesta Coenagrionidae Zygoptera,territoriality,,NA,,single observation,,both,adult,,,,,,,,,,,
HumanObservation,Argia.moesta Argia moesta Coenagrionidae Zygoptera,aquatic habitats,,river,,single observation,,both,adult,,,,,,,,,,,
HumanObservation,Argia.moesta Argia moesta Coenagrionidae Zygoptera,habitat openness,,closed,,single observation,,both,adult,,,,,,,,,,,
PreservedSpecimen,Argia.moesta Argia moesta Coenagrionidae Zygoptera,body lengths,Data extraction from the Odonate Phenotypic Database (http://www.odonatephenotypicdatabase.org),39.5,,single observation,,both,adult,,,,,,,,,,,
PreservedSpecimen,Argia.moesta Argia moesta Coenagrionidae Zygoptera,hindwing lengths,Odonate Phenotypic Database (http://www.odonatephenotypicdatabase.org),25.5,,single observation,,both,adult,,,,,,,,,,,
PreservedSpecimen,Argia.moesta Argia moesta Coenagrionidae Zygoptera,has wing pigment,Retrieval from the Odonate Phenotypic Database (http://www.odonatephenotypicdatabase.org),no,,single observation,,both,adult,,,,,,,,,,,
,Argia.moesta Argia moesta Coenagrionidae Zygoptera,wing pigment extent discrete,,NA,,single observation,,both,adult,,,,,,,,,,,
PreservedSpecimen,Argia.moesta Argia moesta Coenagrionidae Zygoptera,wing pigment extent continuous,,NA,,single observation,,both,adult,,,,,,,,,,,
,Argia.moesta Argia moesta Coenagrionidae Zygoptera,wing pigment symmetry,,NA,,single observation,,both,adult,,,,,,,,,,,
,Argia.moesta Argia moesta Coenagrionidae Zygoptera,wing pigment color,,NA,,single observation,,both,adult,,,,,,,,,,,
,Argia.moesta Argia moesta Coenagrionidae Zygoptera,wing pigment placement,,NA,,single observation,,both,adult,,,,,,,,,,,
HumanObservation,Arigomphus.furcifer Arigomphus furcifer Gomphidae Anisoptera,Flight season start,,29/5,,single observation,,both,adult,,,,,,,,,,,
,Arigomphus.furcifer Arigomphus furcifer Gomphidae Anisoptera,Flight season end,,17/7,,single observation,,both,adult,,,,,,,,,,,
PreservedSpecimen,Arigomphus.furcifer Arigomphus furcifer Gomphidae Anisoptera,body colors,Odonate Phenotypic Database (http://www.odonatephenotypicdatabase.org),black,,single observation,,both,adult,,,,,,,,,,,
PreservedSpecimen,Arigomphus.furcifer Arigomphus furcifer Gomphidae Anisoptera,body colortypes,Odonate Phenotypic Database (http://www.odonatephenotypicdatabase.org),pigment,,single observation,,both,adult,,,,,,,,,,,
PreservedSpecimen,Arigomphus.furcifer Arigomphus furcifer Gomphidae Anisoptera,body patterns,Odonate Phenotypic Database (http://www.odonatephenotypicdatabase.org),striped,,single observation,,both,adult,,,,,,,,,,,
,Arigomphus.furcifer Arigomphus furcifer Gomphidae Anisoptera,mate guarding,,NA,,single observation,,both,adult,,,,,,,,,,,
Occurrence,Arigomphus.furcifer Arigomphus furcifer Gomphidae Anisoptera,flight mode,,percher,,single observation,,both,adult,,,,,,,,,,,
HumanObservation,Arigomphus.furcifer Arigomphus furcifer Gomphidae Anisoptera,territoriality,,NA,,single observation,,both,adult,,,,,,,,,,,
HumanObservation,Arigomphus.furcifer Arigomphus furcifer Gomphidae Anisoptera,aquatic habitats,,lake,,single observation,,both,adult,,,,,,,,,,,
HumanObservation,Arigomphus.furcifer Arigomphus furcifer Gomphidae Anisoptera,habitat openness,,NA,,single observation,,both,adult,,,,,,,,,,,
PreservedSpecimen,Arigomphus.furcifer Arigomphus furcifer Gomphidae Anisoptera,body lengths,Data extraction from the Odonate Phenotypic Database (http://www.odonatephenotypicdatabase.org),50,,single observation,,both,adult,,,,,,,,,,,
PreservedSpecimen,Arigomphus.furcifer Arigomphus furcifer Gomphidae Anisoptera,hindwing lengths,Odonate Phenotypic Database (http://www.odonatephenotypicdatabase.org),29,,single observation,,both,adult,,,,,,,,,,,
PreservedSpecimen,Arigomphus.furcifer Arigomphus furcifer Gomphidae Anisoptera,has wing pigment,Retrieval from the Odonate Phenotypic Database (http://www.odonatephenotypicdatabase.org),no,,single observation,,both,adult,,,,,,,,,,,
,Arigomphus.furcifer Arigomphus furcifer Gomphidae Anisoptera,wing pigment extent discrete,,NA,,single observation,,both,adult,,,,,,,,,,,
PreservedSpecimen,Arigomphus.furcifer Arigomphus furcifer Gomphidae Anisoptera,wing pigment extent continuous,,NA,,single observation,,both,adult,,,,,,,,,,,
,Arigomphus.furcifer Arigomphus furcifer Gomphidae Anisoptera,wing pigment symmetry,,NA,,single observation,,both,adult,,,,,,,,,,,
,Arigomphus.furcifer Arigomphus furcifer Gomphidae Anisoptera,wing pigment color,,NA,,single observation,,both,adult,,,,,,,,,,,
,Arigomphus.furcifer Arigomphus furcifer Gomphidae Anisoptera,wing pigment placement,,NA,,single observation,,both,adult,,,,,,,,,,,
HumanObservation,Arigomphus.furcifer Arigomphus furcifer Gomphidae Anisoptera,Flight season start,,5.29,,single observation,,both,adult,,,,,,,,,,,
,Arigomphus.furcifer Arigomphus furcifer Gomphidae Anisoptera,Flight season end,,7.17,,single observation,,both,adult,,,,,,,,,,,
PreservedSpecimen,Arigomphus.furcifer Arigomphus furcifer Gomphidae Anisoptera,body colors,Odonate Phenotypic Database (http://www.odonatephenotypicdatabase.org),black,,single observation,,both,adult,,,,,,,,,,,
PreservedSpecimen,Arigomphus.furcifer Arigomphus furcifer Gomphidae Anisoptera,body colortypes,Odonate Phenotypic Database (http://www.odonatephenotypicdatabase.org),pigment,,single observation,,both,adult,,,,,,,,,,,
PreservedSpecimen,Arigomphus.furcifer Arigomphus furcifer Gomphidae Anisoptera,body patterns,Odonate Phenotypic Database (http://www.odonatephenotypicdatabase.org),striped,,single observation,,both,adult,,,,,,,,,,,
,Arigomphus.furcifer Arigomphus furcifer Gomphidae Anisoptera,mate guarding,,NA,,single observation,,both,adult,,,,,,,,,,,
Occurrence,Arigomphus.furcifer Arigomphus furcifer Gomphidae Anisoptera,flight mode,,percher,,single observation,,both,adult,,,,,,,,,,,
HumanObservation,Arigomphus.furcifer Arigomphus furcifer Gomphidae Anisoptera,territoriality,,NA,,single observation,,both,adult,,,,,,,,,,,
HumanObservation,Arigomphus.furcifer Arigomphus furcifer Gomphidae Anisoptera,aquatic habitats,,lake,,single observation,,both,adult,,,,,,,,,,,
HumanObservation,Arigomphus.furcifer Arigomphus furcifer Gomphidae Anisoptera,habitat openness,,NA,,single observation,,both,adult,,,,,,,,,,,
PreservedSpecimen,Arigomphus.furcifer Arigomphus furcifer Gomphidae Anisoptera,body lengths,Data extraction from the Odonate Phenotypic Database (http://www.odonatephenotypicdatabase.org),50,,single observation,,both,adult,,,,,,,,,,,
PreservedSpecimen,Arigomphus.furcifer Arigomphus furcifer Gomphidae Anisoptera,hindwing lengths,Odonate Phenotypic Database (http://www.odonatephenotypicdatabase.org),29,,single observation,,both,adult,,,,,,,,,,,
PreservedSpecimen,Arigomphus.furcifer Arigomphus furcifer Gomphidae Anisoptera,has wing pigment,Retrieval from the Odonate Phenotypic Database (http://www.odonatephenotypicdatabase.org),no,,single observation,,both,adult,,,,,,,,,,,
,Arigomphus.furcifer Arigomphus furcifer Gomphidae Anisoptera,wing pigment extent discrete,,NA,,single observation,,both,adult,,,,,,,,,,,
PreservedSpecimen,Arigomphus.furcifer Arigomphus furcifer Gomphidae Anisoptera,wing pigment extent continuous,,NA,,single observation,,both,adult,,,,,,,,,,,
,Arigomphus.furcifer Arigomphus furcifer Gomphidae Anisoptera,wing pigment symmetry,,NA,,single observation,,both,adult,,,,,,,,,,,
,Arigomphus.furcifer Arigomphus furcifer Gomphidae Anisoptera,wing pigment color,,NA,,single observation,,both,adult,,,,,,,,,,,
,Arigomphus.furcifer Arigomphus furcifer Gomphidae Anisoptera,wing pigment placement,,NA,,single observation,,both,adult,,,,,,,,,,,
HumanObservation,Arigomphus.villosipes Arigomphus villosipes Gomphidae Anisoptera,Flight season start,,7/8,,single observation,,both,adult,,,,,,,,,,,
,Arigomphus.villosipes Arigomphus villosipes Gomphidae Anisoptera,Flight season end,,15/7,,single observation,,both,adult,,,,,,,,,,,
PreservedSpecimen,Arigomphus.villosipes Arigomphus villosipes Gomphidae Anisoptera,body colors,Odonate Phenotypic Database (http://www.odonatephenotypicdatabase.org),black,,single observation,,both,adult,,,,,,,,,,,
PreservedSpecimen,Arigomphus.villosipes Arigomphus villosipes Gomphidae Anisoptera,body colortypes,Odonate Phenotypic Database (http://www.odonatephenotypicdatabase.org),pigment,,single observation,,both,adult,,,,,,,,,,,
PreservedSpecimen,Arigomphus.villosipes Arigomphus villosipes Gomphidae Anisoptera,body patterns,Odonate Phenotypic Database (http://www.odonatephenotypicdatabase.org),striped,,single observation,,both,adult,,,,,,,,,,,
,Arigomphus.villosipes Arigomphus villosipes Gomphidae Anisoptera,mate guarding,,NA,,single observation,,both,adult,,,,,,,,,,,
Occurrence,Arigomphus.villosipes Arigomphus villosipes Gomphidae Anisoptera,flight mode,,flier,,single observation,,both,adult,,,,,,,,,,,
HumanObservation,Arigomphus.villosipes Arigomphus villosipes Gomphidae Anisoptera,territoriality,,NA,,single observation,,both,adult,,,,,,,,,,,
HumanObservation,Arigomphus.villosipes Arigomphus villosipes Gomphidae Anisoptera,aquatic habitats,,lake,,single observation,,both,adult,,,,,,,,,,,
HumanObservation,Arigomphus.villosipes Arigomphus villosipes Gomphidae Anisoptera,habitat openness,,NA,,single observation,,both,adult,,,,,,,,,,,
PreservedSpecimen,Arigomphus.villosipes Arigomphus villosipes Gomphidae Anisoptera,body lengths,Data extraction from the Odonate Phenotypic Database (http://www.odonatephenotypicdatabase.org),54,,single observation,,both,adult,,,,,,,,,,,
PreservedSpecimen,Arigomphus.villosipes Arigomphus villosipes Gomphidae Anisoptera,hindwing lengths,Odonate Phenotypic Database (http://www.odonatephenotypicdatabase.org),32.5,,single observation,,both,adult,,,,,,,,,,,
PreservedSpecimen,Arigomphus.villosipes Arigomphus villosipes Gomphidae Anisoptera,has wing pigment,Retrieval from the Odonate Phenotypic Database (http://www.odonatephenotypicdatabase.org),no,,single observation,,both,adult,,,,,,,,,,,
,Arigomphus.villosipes Arigomphus villosipes Gomphidae Anisoptera,wing pigment extent discrete,,NA,,single observation,,both,adult,,,,,,,,,,,
PreservedSpecimen,Arigomphus.villosipes Arigomphus villosipes Gomphidae Anisoptera,wing pigment extent continuous,,NA,,single observation,,both,adult,,,,,,,,,,,
,Arigomphus.villosipes Arigomphus villosipes Gomphidae Anisoptera,wing pigment symmetry,,NA,,single observation,,both,adult,,,,,,,,,,,
,Arigomphus.villosipes Arigomphus villosipes Gomphidae Anisoptera,wing pigment color,,NA,,single observation,,both,adult,,,,,,,,,,,
,Arigomphus.villosipes Arigomphus villosipes Gomphidae Anisoptera,wing pigment placement,,NA,,single observation,,both,adult,,,,,,,,,,,
HumanObservation,Arigomphus.villosipes Arigomphus villosipes Gomphidae Anisoptera,Flight season start,,8.07,,single observation,,both,adult,,,,,,,,,,,
,Arigomphus.villosipes Arigomphus villosipes Gomphidae Anisoptera,Flight season end,,7.15,,single observation,,both,adult,,,,,,,,,,,
PreservedSpecimen,Arigomphus.villosipes Arigomphus villosipes Gomphidae Anisoptera,body colors,Odonate Phenotypic Database (http://www.odonatephenotypicdatabase.org),black,,single observation,,both,adult,,,,,,,,,,,
PreservedSpecimen,Arigomphus.villosipes Arigomphus villosipes Gomphidae Anisoptera,body colortypes,Odonate Phenotypic Database (http://www.odonatephenotypicdatabase.org),pigment,,single observation,,both,adult,,,,,,,,,,,
PreservedSpecimen,Arigomphus.villosipes Arigomphus villosipes Gomphidae Anisoptera,body patterns,Odonate Phenotypic Database (http://www.odonatephenotypicdatabase.org),striped,,single observation,,both,adult,,,,,,,,,,,
,Arigomphus.villosipes Arigomphus villosipes Gomphidae Anisoptera,mate guarding,,NA,,single observation,,both,adult,,,,,,,,,,,
Occurrence,Arigomphus.villosipes Arigomphus villosipes Gomphidae Anisoptera,flight mode,,flier,,single observation,,both,adult,,,,,,,,,,,
HumanObservation,Arigomphus.villosipes Arigomphus villosipes Gomphidae Anisoptera,territoriality,,NA,,single observation,,both,adult,,,,,,,,,,,
HumanObservation,Arigomphus.villosipes Arigomphus villosipes Gomphidae Anisoptera,aquatic habitats,,lake,,single observation,,both,adult,,,,,,,,,,,
HumanObservation,Arigomphus.villosipes Arigomphus villosipes Gomphidae Anisoptera,habitat openness,,NA,,single observation,,both,adult,,,,,,,,,,,
PreservedSpecimen,Arigomphus.villosipes Arigomphus villosipes Gomphidae Anisoptera,body lengths,Data extraction from the Odonate Phenotypic Database (http://www.odonatephenotypicdatabase.org),54,,single observation,,both,adult,,,,,,,,,,,
PreservedSpecimen,Arigomphus.villosipes Arigomphus villosipes Gomphidae Anisoptera,hindwing lengths,Odonate Phenotypic Database (http://www.odonatephenotypicdatabase.org),32.5,,single observation,,both,adult,,,,,,,,,,,
PreservedSpecimen,Arigomphus.villosipes Arigomphus villosipes Gomphidae Anisoptera,has wing pigment,Retrieval from the Odonate Phenotypic Database (http://www.odonatephenotypicdatabase.org),no,,single observation,,both,adult,,,,,,,,,,,
,Arigomphus.villosipes Arigomphus villosipes Gomphidae Anisoptera,wing pigment extent discrete,,NA,,single observation,,both,adult,,,,,,,,,,,
PreservedSpecimen,Arigomphus.villosipes Arigomphus villosipes Gomphidae Anisoptera,wing pigment extent continuous,,NA,,single observation,,both,adult,,,,,,,,,,,
,Arigomphus.villosipes Arigomphus villosipes Gomphidae Anisoptera,wing pigment symmetry,,NA,,single observation,,both,adult,,,,,,,,,,,
,Arigomphus.villosipes Arigomphus villosipes Gomphidae Anisoptera,wing pigment color,,NA,,single observation,,both,adult,,,,,,,,,,,
,Arigomphus.villosipes Arigomphus villosipes Gomphidae Anisoptera,wing pigment placement,,NA,,single observation,,both,adult,,,,,,,,,,,
HumanObservation,Basiaeschna.janata Basiaeschna janata Aeshnidae Anisoptera,Flight season start,,5/11,,single observation,,both,adult,,,,,,,,,,,
,Basiaeschna.janata Basiaeschna janata Aeshnidae Anisoptera,Flight season end,,17/7,,single observation,,both,adult,,,,,,,,,,,
PreservedSpecimen,Basiaeschna.janata Basiaeschna janata Aeshnidae Anisoptera,body colors,Odonate Phenotypic Database (http://www.odonatephenotypicdatabase.org),blue,,single observation,,both,adult,,,,,,,,,,,
PreservedSpecimen,Basiaeschna.janata Basiaeschna janata Aeshnidae Anisoptera,body colortypes,Odonate Phenotypic Database (http://www.odonatephenotypicdatabase.org),pigment,,single observation,,both,adult,,,,,,,,,,,
PreservedSpecimen,Basiaeschna.janata Basiaeschna janata Aeshnidae Anisoptera,body patterns,Odonate Phenotypic Database (http://www.odonatephenotypicdatabase.org),spotted,,single observation,,both,adult,,,,,,,,,,,
,Basiaeschna.janata Basiaeschna janata Aeshnidae Anisoptera,mate guarding,,none,,single observation,,both,adult,,,,,,,,,,,
Occurrence,Basiaeschna.janata Basiaeschna janata Aeshnidae Anisoptera,flight mode,,flier,,single observation,,both,adult,,,,,,,,,,,
HumanObservation,Basiaeschna.janata Basiaeschna janata Aeshnidae Anisoptera,territoriality,,NA,,single observation,,both,adult,,,,,,,,,,,
HumanObservation,Basiaeschna.janata Basiaeschna janata Aeshnidae Anisoptera,aquatic habitats,,lake,,single observation,,both,adult,,,,,,,,,,,
HumanObservation,Basiaeschna.janata Basiaeschna janata Aeshnidae Anisoptera,habitat openness,,closed,,single observation,,both,adult,,,,,,,,,,,
PreservedSpecimen,Basiaeschna.janata Basiaeschna janata Aeshnidae Anisoptera,body lengths,Data extraction from the Odonate Phenotypic Database (http://www.odonatephenotypicdatabase.org),59,,single observation,,both,adult,,,,,,,,,,,
PreservedSpecimen,Basiaeschna.janata Basiaeschna janata Aeshnidae Anisoptera,hindwing lengths,Odonate Phenotypic Database (http://www.odonatephenotypicdatabase.org),36,,single observation,,both,adult,,,,,,,,,,,
PreservedSpecimen,Basiaeschna.janata Basiaeschna janata Aeshnidae Anisoptera,has wing pigment,Retrieval from the Odonate Phenotypic Database (http://www.odonatephenotypicdatabase.org),yes,,single observation,,both,adult,,,,,,,,,,,
,Basiaeschna.janata Basiaeschna janata Aeshnidae Anisoptera,wing pigment extent discrete,,10,,single observation,,both,adult,,,,,,,,,,,
PreservedSpecimen,Basiaeschna.janata Basiaeschna janata Aeshnidae Anisoptera,wing pigment extent continuous,,0.02,,single observation,,both,adult,,,,,,,,,,,
,Basiaeschna.janata Basiaeschna janata Aeshnidae Anisoptera,wing pigment symmetry,,symmetric pigment,,single observation,,both,adult,,,,,,,,,,,
,Basiaeschna.janata Basiaeschna janata Aeshnidae Anisoptera,wing pigment color,,black,,single observation,,both,adult,,,,,,,,,,,
,Basiaeschna.janata Basiaeschna janata Aeshnidae Anisoptera,wing pigment placement,,basal,,single observation,,both,adult,,,,,,,,,,,
HumanObservation,Basiaeschna.janata Basiaeschna janata Aeshnidae Anisoptera,Flight season start,,11.05,,single observation,,both,adult,,,,,,,,,,,
,Basiaeschna.janata Basiaeschna janata Aeshnidae Anisoptera,Flight season end,,7.17,,single observation,,both,adult,,,,,,,,,,,
PreservedSpecimen,Basiaeschna.janata Basiaeschna janata Aeshnidae Anisoptera,body colors,Odonate Phenotypic Database (http://www.odonatephenotypicdatabase.org),blue,,single observation,,both,adult,,,,,,,,,,,
PreservedSpecimen,Basiaeschna.janata Basiaeschna janata Aeshnidae Anisoptera,body colortypes,Odonate Phenotypic Database (http://www.odonatephenotypicdatabase.org),pigment,,single observation,,both,adult,,,,,,,,,,,
PreservedSpecimen,Basiaeschna.janata Basiaeschna janata Aeshnidae Anisoptera,body patterns,Odonate Phenotypic Database (http://www.odonatephenotypicdatabase.org),spotted,,single observation,,both,adult,,,,,,,,,,,
,Basiaeschna.janata Basiaeschna janata Aeshnidae Anisoptera,mate guarding,,none,,single observation,,both,adult,,,,,,,,,,,
Occurrence,Basiaeschna.janata Basiaeschna janata Aeshnidae Anisoptera,flight mode,,flier,,single observation,,both,adult,,,,,,,,,,,
HumanObservation,Basiaeschna.janata Basiaeschna janata Aeshnidae Anisoptera,territoriality,,NA,,single observation,,both,adult,,,,,,,,,,,
HumanObservation,Basiaeschna.janata Basiaeschna janata Aeshnidae Anisoptera,aquatic habitats,,lake,,single observation,,both,adult,,,,,,,,,,,
HumanObservation,Basiaeschna.janata Basiaeschna janata Aeshnidae Anisoptera,habitat openness,,closed,,single observation,,both,adult,,,,,,,,,,,
PreservedSpecimen,Basiaeschna.janata Basiaeschna janata Aeshnidae Anisoptera,body lengths,Data extraction from the Odonate Phenotypic Database (http://www.odonatephenotypicdatabase.org),59,,single observation,,both,adult,,,,,,,,,,,
PreservedSpecimen,Basiaeschna.janata Basiaeschna janata Aeshnidae Anisoptera,hindwing lengths,Odonate Phenotypic Database (http://www.odonatephenotypicdatabase.org),36,,single observation,,both,adult,,,,,,,,,,,
PreservedSpecimen,Basiaeschna.janata Basiaeschna janata Aeshnidae Anisoptera,has wing pigment,Retrieval from the Odonate Phenotypic Database (http://www.odonatephenotypicdatabase.org),yes,,single observation,,both,adult,,,,,,,,,,,
,Basiaeschna.janata Basiaeschna janata Aeshnidae Anisoptera,wing pigment extent discrete,,10,,single observation,,both,adult,,,,,,,,,,,
PreservedSpecimen,Basiaeschna.janata Basiaeschna janata Aeshnidae Anisoptera,wing pigment extent continuous,,0.02,,single observation,,both,adult,,,,,,,,,,,
,Basiaeschna.janata Basiaeschna janata Aeshnidae Anisoptera,wing pigment symmetry,,symmetric pigment,,single observation,,both,adult,,,,,,,,,,,
,Basiaeschna.janata Basiaeschna janata Aeshnidae Anisoptera,wing pigment color,,black,,single observation,,both,adult,,,,,,,,,,,
,Basiaeschna.janata Basiaeschna janata Aeshnidae Anisoptera,wing pigment placement,,basal,,single observation,,both,adult,,,,,,,,,,,
HumanObservation,Boyeria.grafiana Boyeria grafiana Aeshnidae Anisoptera,Flight season start,,7/12,,single observation,,both,adult,,,,,,,,,,,
,Boyeria.grafiana Boyeria grafiana Aeshnidae Anisoptera,Flight season end,,24/9,,single observation,,both,adult,,,,,,,,,,,
PreservedSpecimen,Boyeria.grafiana Boyeria grafiana Aeshnidae Anisoptera,body colors,Odonate Phenotypic Database (http://www.odonatephenotypicdatabase.org),brown,,single observation,,both,adult,,,,,,,,,,,
PreservedSpecimen,Boyeria.grafiana Boyeria grafiana Aeshnidae Anisoptera,body colortypes,Odonate Phenotypic Database (http://www.odonatephenotypicdatabase.org),pigment,,single observation,,both,adult,,,,,,,,,,,
PreservedSpecimen,Boyeria.grafiana Boyeria grafiana Aeshnidae Anisoptera,body patterns,Odonate Phenotypic Database (http://www.odonatephenotypicdatabase.org),spotted,,single observation,,both,adult,,,,,,,,,,,
,Boyeria.grafiana Boyeria grafiana Aeshnidae Anisoptera,mate guarding,,NA,,single observation,,both,adult,,,,,,,,,,,
Occurrence,Boyeria.grafiana Boyeria grafiana Aeshnidae Anisoptera,flight mode,,flier,,single observation,,both,adult,,,,,,,,,,,
HumanObservation,Boyeria.grafiana Boyeria grafiana Aeshnidae Anisoptera,territoriality,,NA,,single observation,,both,adult,,,,,,,,,,,
HumanObservation,Boyeria.grafiana Boyeria grafiana Aeshnidae Anisoptera,aquatic habitats,,stream,,single observation,,both,adult,,,,,,,,,,,
HumanObservation,Boyeria.grafiana Boyeria grafiana Aeshnidae Anisoptera,habitat openness,,closed,,single observation,,both,adult,,,,,,,,,,,
PreservedSpecimen,Boyeria.grafiana Boyeria grafiana Aeshnidae Anisoptera,body lengths,Data extraction from the Odonate Phenotypic Database (http://www.odonatephenotypicdatabase.org),64,,single observation,,both,adult,,,,,,,,,,,
PreservedSpecimen,Boyeria.grafiana Boyeria grafiana Aeshnidae Anisoptera,hindwing lengths,Odonate Phenotypic Database (http://www.odonatephenotypicdatabase.org),42.5,,single observation,,both,adult,,,,,,,,,,,
PreservedSpecimen,Boyeria.grafiana Boyeria grafiana Aeshnidae Anisoptera,has wing pigment,Retrieval from the Odonate Phenotypic Database (http://www.odonatephenotypicdatabase.org),yes,,single observation,,both,adult,,,,,,,,,,,
,Boyeria.grafiana Boyeria grafiana Aeshnidae Anisoptera,wing pigment extent discrete,,10,,single observation,,both,adult,,,,,,,,,,,
PreservedSpecimen,Boyeria.grafiana Boyeria grafiana Aeshnidae Anisoptera,wing pigment extent continuous,,NA,,single observation,,both,adult,,,,,,,,,,,
,Boyeria.grafiana Boyeria grafiana Aeshnidae Anisoptera,wing pigment symmetry,,symmetric pigment,,single observation,,both,adult,,,,,,,,,,,
,Boyeria.grafiana Boyeria grafiana Aeshnidae Anisoptera,wing pigment color,,brown,,single observation,,both,adult,,,,,,,,,,,
,Boyeria.grafiana Boyeria grafiana Aeshnidae Anisoptera,wing pigment placement,,basal,,single observation,,both,adult,,,,,,,,,,,
HumanObservation,Boyeria.grafiana Boyeria grafiana Aeshnidae Anisoptera,Flight season start,,12.07,,single observation,,both,adult,,,,,,,,,,,
,Boyeria.grafiana Boyeria grafiana Aeshnidae Anisoptera,Flight season end,,9.24,,single observation,,both,adult,,,,,,,,,,,
PreservedSpecimen,Boyeria.grafiana Boyeria grafiana Aeshnidae Anisoptera,body colors,Odonate Phenotypic Database (http://www.odonatephenotypicdatabase.org),brown,,single observation,,both,adult,,,,,,,,,,,
PreservedSpecimen,Boyeria.grafiana Boyeria grafiana Aeshnidae Anisoptera,body colortypes,Odonate Phenotypic Database (http://www.odonatephenotypicdatabase.org),pigment,,single observation,,both,adult,,,,,,,,,,,
PreservedSpecimen,Boyeria.grafiana Boyeria grafiana Aeshnidae Anisoptera,body patterns,Odonate Phenotypic Database (http://www.odonatephenotypicdatabase.org),spotted,,single observation,,both,adult,,,,,,,,,,,
,Boyeria.grafiana Boyeria grafiana Aeshnidae Anisoptera,mate guarding,,NA,,single observation,,both,adult,,,,,,,,,,,
Occurrence,Boyeria.grafiana Boyeria grafiana Aeshnidae Anisoptera,flight mode,,flier,,single observation,,both,adult,,,,,,,,,,,
HumanObservation,Boyeria.grafiana Boyeria grafiana Aeshnidae Anisoptera,territoriality,,NA,,single observation,,both,adult,,,,,,,,,,,
HumanObservation,Boyeria.grafiana Boyeria grafiana Aeshnidae Anisoptera,aquatic habitats,,stream,,single observation,,both,adult,,,,,,,,,,,
HumanObservation,Boyeria.grafiana Boyeria grafiana Aeshnidae Anisoptera,habitat openness,,closed,,single observation,,both,adult,,,,,,,,,,,
PreservedSpecimen,Boyeria.grafiana Boyeria grafiana Aeshnidae Anisoptera,body lengths,Data extraction from the Odonate Phenotypic Database (http://www.odonatephenotypicdatabase.org),64,,single observation,,both,adult,,,,,,,,,,,
PreservedSpecimen,Boyeria.grafiana Boyeria grafiana Aeshnidae Anisoptera,hindwing lengths,Odonate Phenotypic Database (http://www.odonatephenotypicdatabase.org),42.5,,single observation,,both,adult,,,,,,,,,,,
PreservedSpecimen,Boyeria.grafiana Boyeria grafiana Aeshnidae Anisoptera,has wing pigment,Retrieval from the Odonate Phenotypic Database (http://www.odonatephenotypicdatabase.org),yes,,single observation,,both,adult,,,,,,,,,,,
,Boyeria.grafiana Boyeria grafiana Aeshnidae Anisoptera,wing pigment extent discrete,,10,,single observation,,both,adult,,,,,,,,,,,
PreservedSpecimen,Boyeria.grafiana Boyeria grafiana Aeshnidae Anisoptera,wing pigment extent continuous,,NA,,single observation,,both,adult,,,,,,,,,,,
,Boyeria.grafiana Boyeria grafiana Aeshnidae Anisoptera,wing pigment symmetry,,symmetric pigment,,single observation,,both,adult,,,,,,,,,,,
,Boyeria.grafiana Boyeria grafiana Aeshnidae Anisoptera,wing pigment color,,brown,,single observation,,both,adult,,,,,,,,,,,
,Boyeria.grafiana Boyeria grafiana Aeshnidae Anisoptera,wing pigment placement,,basal,,single observation,,both,adult,,,,,,,,,,,
HumanObservation,Boyeria.sp. Boyeria NA Aeshnidae Anisoptera,Flight season start,,NA,,single observation,,both,adult,,,,,,,,,,,
,Boyeria.sp. Boyeria NA Aeshnidae Anisoptera,Flight season end,,NA,,single observation,,both,adult,,,,,,,,,,,
PreservedSpecimen,Boyeria.sp. Boyeria NA Aeshnidae Anisoptera,body colors,Odonate Phenotypic Database (http://www.odonatephenotypicdatabase.org),NA,,single observation,,both,adult,,,,,,,,,,,
PreservedSpecimen,Boyeria.sp. Boyeria NA Aeshnidae Anisoptera,body colortypes,Odonate Phenotypic Database (http://www.odonatephenotypicdatabase.org),NA,,single observation,,both,adult,,,,,,,,,,,
PreservedSpecimen,Boyeria.sp. Boyeria NA Aeshnidae Anisoptera,body patterns,Odonate Phenotypic Database (http://www.odonatephenotypicdatabase.org),NA,,single observation,,both,adult,,,,,,,,,,,
,Boyeria.sp. Boyeria NA Aeshnidae Anisoptera,mate guarding,,NA,,single observation,,both,adult,,,,,,,,,,,
Occurrence,Boyeria.sp. Boyeria NA Aeshnidae Anisoptera,flight mode,,NA,,single observation,,both,adult,,,,,,,,,,,
HumanObservation,Boyeria.sp. Boyeria NA Aeshnidae Anisoptera,territoriality,,NA,,single observation,,both,adult,,,,,,,,,,,
HumanObservation,Boyeria.sp. Boyeria NA Aeshnidae Anisoptera,aquatic habitats,,NA,,single observation,,both,adult,,,,,,,,,,,
HumanObservation,Boyeria.sp. Boyeria NA Aeshnidae Anisoptera,habitat openness,,NA,,single observation,,both,adult,,,,,,,,,,,
PreservedSpecimen,Boyeria.sp. Boyeria NA Aeshnidae Anisoptera,body lengths,Data extraction from the Odonate Phenotypic Database (http://www.odonatephenotypicdatabase.org),NA,,single observation,,both,adult,,,,,,,,,,,
PreservedSpecimen,Boyeria.sp. Boyeria NA Aeshnidae Anisoptera,hindwing lengths,Odonate Phenotypic Database (http://www.odonatephenotypicdatabase.org),NA,,single observation,,both,adult,,,,,,,,,,,
PreservedSpecimen,Boyeria.sp. Boyeria NA Aeshnidae Anisoptera,has wing pigment,Retrieval from the Odonate Phenotypic Database (http://www.odonatephenotypicdatabase.org),NA,,single observation,,both,adult,,,,,,,,,,,
,Boyeria.sp. Boyeria NA Aeshnidae Anisoptera,wing pigment extent discrete,,NA,,single observation,,both,adult,,,,,,,,,,,
PreservedSpecimen,Boyeria.sp. Boyeria NA Aeshnidae Anisoptera,wing pigment extent continuous,,NA,,single observation,,both,adult,,,,,,,,,,,
,Boyeria.sp. Boyeria NA Aeshnidae Anisoptera,wing pigment symmetry,,NA,,single observation,,both,adult,,,,,,,,,,,
,Boyeria.sp. Boyeria NA Aeshnidae Anisoptera,wing pigment color,,NA,,single observation,,both,adult,,,,,,,,,,,
,Boyeria.sp. Boyeria NA Aeshnidae Anisoptera,wing pigment placement,,NA,,single observation,,both,adult,,,,,,,,,,,
HumanObservation,Boyeria.sp. Boyeria NA Aeshnidae Anisoptera,Flight season start,,NA,,single observation,,both,adult,,,,,,,,,,,
,Boyeria.sp. Boyeria NA Aeshnidae Anisoptera,Flight season end,,NA,,single observation,,both,adult,,,,,,,,,,,
PreservedSpecimen,Boyeria.sp. Boyeria NA Aeshnidae Anisoptera,body colors,Odonate Phenotypic Database (http://www.odonatephenotypicdatabase.org),NA,,single observation,,both,adult,,,,,,,,,,,
PreservedSpecimen,Boyeria.sp. Boyeria NA Aeshnidae Anisoptera,body colortypes,Odonate Phenotypic Database (http://www.odonatephenotypicdatabase.org),NA,,single observation,,both,adult,,,,,,,,,,,
PreservedSpecimen,Boyeria.sp. Boyeria NA Aeshnidae Anisoptera,body patterns,Odonate Phenotypic Database (http://www.odonatephenotypicdatabase.org),NA,,single observation,,both,adult,,,,,,,,,,,
,Boyeria.sp. Boyeria NA Aeshnidae Anisoptera,mate guarding,,NA,,single observation,,both,adult,,,,,,,,,,,
Occurrence,Boyeria.sp. Boyeria NA Aeshnidae Anisoptera,flight mode,,NA,,single observation,,both,adult,,,,,,,,,,,
HumanObservation,Boyeria.sp. Boyeria NA Aeshnidae Anisoptera,territoriality,,NA,,single observation,,both,adult,,,,,,,,,,,
HumanObservation,Boyeria.sp. Boyeria NA Aeshnidae Anisoptera,aquatic habitats,,NA,,single observation,,both,adult,,,,,,,,,,,
HumanObservation,Boyeria.sp. Boyeria NA Aeshnidae Anisoptera,habitat openness,,NA,,single observation,,both,adult,,,,,,,,,,,
PreservedSpecimen,Boyeria.sp. Boyeria NA Aeshnidae Anisoptera,body lengths,Data extraction from the Odonate Phenotypic Database (http://www.odonatephenotypicdatabase.org),NA,,single observation,,both,adult,,,,,,,,,,,
PreservedSpecimen,Boyeria.sp. Boyeria NA Aeshnidae Anisoptera,hindwing lengths,Odonate Phenotypic Database (http://www.odonatephenotypicdatabase.org),NA,,single observation,,both,adult,,,,,,,,,,,
PreservedSpecimen,Boyeria.sp. Boyeria NA Aeshnidae Anisoptera,has wing pigment,Retrieval from the Odonate Phenotypic Database (http://www.odonatephenotypicdatabase.org),NA,,single observation,,both,adult,,,,,,,,,,,
,Boyeria.sp. Boyeria NA Aeshnidae Anisoptera,wing pigment extent discrete,,NA,,single observation,,both,adult,,,,,,,,,,,
PreservedSpecimen,Boyeria.sp. Boyeria NA Aeshnidae Anisoptera,wing pigment extent continuous,,NA,,single observation,,both,adult,,,,,,,,,,,
,Boyeria.sp. Boyeria NA Aeshnidae Anisoptera,wing pigment symmetry,,NA,,single observation,,both,adult,,,,,,,,,,,
,Boyeria.sp. Boyeria NA Aeshnidae Anisoptera,wing pigment color,,NA,,single observation,,both,adult,,,,,,,,,,,
,Boyeria.sp. Boyeria NA Aeshnidae Anisoptera,wing pigment placement,,NA,,single observation,,both,adult,,,,,,,,,,,
HumanObservation,Boyeria.vinosa Boyeria vinosa Aeshnidae Anisoptera,Flight season start,,7/4,,single observation,,both,adult,,,,,,,,,,,
,Boyeria.vinosa Boyeria vinosa Aeshnidae Anisoptera,Flight season end,,10/11,,single observation,,both,adult,,,,,,,,,,,
PreservedSpecimen,Boyeria.vinosa Boyeria vinosa Aeshnidae Anisoptera,body colors,Odonate Phenotypic Database (http://www.odonatephenotypicdatabase.org),brown,,single observation,,both,adult,,,,,,,,,,,
PreservedSpecimen,Boyeria.vinosa Boyeria vinosa Aeshnidae Anisoptera,body colortypes,Odonate Phenotypic Database (http://www.odonatephenotypicdatabase.org),pigment,,single observation,,both,adult,,,,,,,,,,,
PreservedSpecimen,Boyeria.vinosa Boyeria vinosa Aeshnidae Anisoptera,body patterns,Odonate Phenotypic Database (http://www.odonatephenotypicdatabase.org),plain,,single observation,,both,adult,,,,,,,,,,,
,Boyeria.vinosa Boyeria vinosa Aeshnidae Anisoptera,mate guarding,,none,,single observation,,both,adult,,,,,,,,,,,
Occurrence,Boyeria.vinosa Boyeria vinosa Aeshnidae Anisoptera,flight mode,,flier,,single observation,,both,adult,,,,,,,,,,,
HumanObservation,Boyeria.vinosa Boyeria vinosa Aeshnidae Anisoptera,territoriality,,NA,,single observation,,both,adult,,,,,,,,,,,
HumanObservation,Boyeria.vinosa Boyeria vinosa Aeshnidae Anisoptera,aquatic habitats,,lake,,single observation,,both,adult,,,,,,,,,,,
HumanObservation,Boyeria.vinosa Boyeria vinosa Aeshnidae Anisoptera,habitat openness,,closed,,single observation,,both,adult,,,,,,,,,,,
PreservedSpecimen,Boyeria.vinosa Boyeria vinosa Aeshnidae Anisoptera,body lengths,Data extraction from the Odonate Phenotypic Database (http://www.odonatephenotypicdatabase.org),65.5,,single observation,,both,adult,,,,,,,,,,,
PreservedSpecimen,Boyeria.vinosa Boyeria vinosa Aeshnidae Anisoptera,hindwing lengths,Odonate Phenotypic Database (http://www.odonatephenotypicdatabase.org),42.5,,single observation,,both,adult,,,,,,,,,,,
PreservedSpecimen,Boyeria.vinosa Boyeria vinosa Aeshnidae Anisoptera,has wing pigment,Retrieval from the Odonate Phenotypic Database (http://www.odonatephenotypicdatabase.org),no,,single observation,,both,adult,,,,,,,,,,,
,Boyeria.vinosa Boyeria vinosa Aeshnidae Anisoptera,wing pigment extent discrete,,NA,,single observation,,both,adult,,,,,,,,,,,
PreservedSpecimen,Boyeria.vinosa Boyeria vinosa Aeshnidae Anisoptera,wing pigment extent continuous,,NA,,single observation,,both,adult,,,,,,,,,,,
,Boyeria.vinosa Boyeria vinosa Aeshnidae Anisoptera,wing pigment symmetry,,NA,,single observation,,both,adult,,,,,,,,,,,
,Boyeria.vinosa Boyeria vinosa Aeshnidae Anisoptera,wing pigment color,,NA,,single observation,,both,adult,,,,,,,,,,,
,Boyeria.vinosa Boyeria vinosa Aeshnidae Anisoptera,wing pigment placement,,NA,,single observation,,both,adult,,,,,,,,,,,
HumanObservation,Boyeria.vinosa Boyeria vinosa Aeshnidae Anisoptera,Flight season start,,4.07,,single observation,,both,adult,,,,,,,,,,,
,Boyeria.vinosa Boyeria vinosa Aeshnidae Anisoptera,Flight season end,,11.1,,single observation,,both,adult,,,,,,,,,,,
PreservedSpecimen,Boyeria.vinosa Boyeria vinosa Aeshnidae Anisoptera,body colors,Odonate Phenotypic Database (http://www.odonatephenotypicdatabase.org),brown,,single observation,,both,adult,,,,,,,,,,,
PreservedSpecimen,Boyeria.vinosa Boyeria vinosa Aeshnidae Anisoptera,body colortypes,Odonate Phenotypic Database (http://www.odonatephenotypicdatabase.org),pigment,,single observation,,both,adult,,,,,,,,,,,
PreservedSpecimen,Boyeria.vinosa Boyeria vinosa Aeshnidae Anisoptera,body patterns,Odonate Phenotypic Database (http://www.odonatephenotypicdatabase.org),plain,,single observation,,both,adult,,,,,,,,,,,
,Boyeria.vinosa Boyeria vinosa Aeshnidae Anisoptera,mate guarding,,none,,single observation,,both,adult,,,,,,,,,,,
Occurrence,Boyeria.vinosa Boyeria vinosa Aeshnidae Anisoptera,flight mode,,flier,,single observation,,both,adult,,,,,,,,,,,
HumanObservation,Boyeria.vinosa Boyeria vinosa Aeshnidae Anisoptera,territoriality,,NA,,single observation,,both,adult,,,,,,,,,,,
HumanObservation,Boyeria.vinosa Boyeria vinosa Aeshnidae Anisoptera,aquatic habitats,,lake,,single observation,,both,adult,,,,,,,,,,,
HumanObservation,Boyeria.vinosa Boyeria vinosa Aeshnidae Anisoptera,habitat openness,,closed,,single observation,,both,adult,,,,,,,,,,,
PreservedSpecimen,Boyeria.vinosa Boyeria vinosa Aeshnidae Anisoptera,body lengths,Data extraction from the Odonate Phenotypic Database (http://www.odonatephenotypicdatabase.org),65.5,,single observation,,both,adult,,,,,,,,,,,
PreservedSpecimen,Boyeria.vinosa Boyeria vinosa Aeshnidae Anisoptera,hindwing lengths,Odonate Phenotypic Database (http://www.odonatephenotypicdatabase.org),42.5,,single observation,,both,adult,,,,,,,,,,,
PreservedSpecimen,Boyeria.vinosa Boyeria vinosa Aeshnidae Anisoptera,has wing pigment,Retrieval from the Odonate Phenotypic Database (http://www.odonatephenotypicdatabase.org),no,,single observation,,both,adult,,,,,,,,,,,
,Boyeria.vinosa Boyeria vinosa Aeshnidae Anisoptera,wing pigment extent discrete,,NA,,single observation,,both,adult,,,,,,,,,,,
PreservedSpecimen,Boyeria.vinosa Boyeria vinosa Aeshnidae Anisoptera,wing pigment extent continuous,,NA,,single observation,,both,adult,,,,,,,,,,,
,Boyeria.vinosa Boyeria vinosa Aeshnidae Anisoptera,wing pigment symmetry,,NA,,single observation,,both,adult,,,,,,,,,,,
,Boyeria.vinosa Boyeria vinosa Aeshnidae Anisoptera,wing pigment color,,NA,,single observation,,both,adult,,,,,,,,,,,
,Boyeria.vinosa Boyeria vinosa Aeshnidae Anisoptera,wing pigment placement,,NA,,single observation,,both,adult,,,,,,,,,,,
HumanObservation,Calopteryx.aequabilis Calopteryx aequabilis Calopterygidae Zygoptera,Flight season start,,28/5,,single observation,,both,adult,,,,,,,,,,,
,Calopteryx.aequabilis Calopteryx aequabilis Calopterygidae Zygoptera,Flight season end,,18/8,,single observation,,both,adult,,,,,,,,,,,
PreservedSpecimen,Calopteryx.aequabilis Calopteryx aequabilis Calopterygidae Zygoptera,body colors,Odonate Phenotypic Database (http://www.odonatephenotypicdatabase.org),green,,single observation,,both,adult,,,,,,,,,,,
PreservedSpecimen,Calopteryx.aequabilis Calopteryx aequabilis Calopterygidae Zygoptera,body colortypes,Odonate Phenotypic Database (http://www.odonatephenotypicdatabase.org),structural,,single observation,,both,adult,,,,,,,,,,,
PreservedSpecimen,Calopteryx.aequabilis Calopteryx aequabilis Calopterygidae Zygoptera,body patterns,Odonate Phenotypic Database (http://www.odonatephenotypicdatabase.org),plain,,single observation,,both,adult,,,,,,,,,,,
,Calopteryx.aequabilis Calopteryx aequabilis Calopterygidae Zygoptera,mate guarding,,noncontact,,single observation,,both,adult,,,,,,,,,,,
Occurrence,Calopteryx.aequabilis Calopteryx aequabilis Calopterygidae Zygoptera,flight mode,,percher,,single observation,,both,adult,,,,,,,,,,,
HumanObservation,Calopteryx.aequabilis Calopteryx aequabilis Calopterygidae Zygoptera,territoriality,,territorial,,single observation,,both,adult,,,,,,,,,,,
HumanObservation,Calopteryx.aequabilis Calopteryx aequabilis Calopterygidae Zygoptera,aquatic habitats,,river,,single observation,,both,adult,,,,,,,,,,,
HumanObservation,Calopteryx.aequabilis Calopteryx aequabilis Calopterygidae Zygoptera,habitat openness,,closed,,single observation,,both,adult,,,,,,,,,,,
PreservedSpecimen,Calopteryx.aequabilis Calopteryx aequabilis Calopterygidae Zygoptera,body lengths,Data extraction from the Odonate Phenotypic Database (http://www.odonatephenotypicdatabase.org),48.5,,single observation,,both,adult,,,,,,,,,,,
PreservedSpecimen,Calopteryx.aequabilis Calopteryx aequabilis Calopterygidae Zygoptera,hindwing lengths,Odonate Phenotypic Database (http://www.odonatephenotypicdatabase.org),32,,single observation,,both,adult,,,,,,,,,,,
PreservedSpecimen,Calopteryx.aequabilis Calopteryx aequabilis Calopterygidae Zygoptera,has wing pigment,Retrieval from the Odonate Phenotypic Database (http://www.odonatephenotypicdatabase.org),yes,,single observation,,both,adult,,,,,,,,,,,
,Calopteryx.aequabilis Calopteryx aequabilis Calopterygidae Zygoptera,wing pigment extent discrete,,50,,single observation,,both,adult,,,,,,,,,,,
PreservedSpecimen,Calopteryx.aequabilis Calopteryx aequabilis Calopterygidae Zygoptera,wing pigment extent continuous,,0.45,,single observation,,both,adult,,,,,,,,,,,
,Calopteryx.aequabilis Calopteryx aequabilis Calopterygidae Zygoptera,wing pigment symmetry,,symmetric pigment,,single observation,,both,adult,,,,,,,,,,,
,Calopteryx.aequabilis Calopteryx aequabilis Calopterygidae Zygoptera,wing pigment color,,black,,single observation,,both,adult,,,,,,,,,,,
,Calopteryx.aequabilis Calopteryx aequabilis Calopterygidae Zygoptera,wing pigment placement,,tip,,single observation,,both,adult,,,,,,,,,,,
HumanObservation,Calopteryx.aequabilis Calopteryx aequabilis Calopterygidae Zygoptera,Flight season start,,5.28,,single observation,,both,adult,,,,,,,,,,,
,Calopteryx.aequabilis Calopteryx aequabilis Calopterygidae Zygoptera,Flight season end,,8.18,,single observation,,both,adult,,,,,,,,,,,
PreservedSpecimen,Calopteryx.aequabilis Calopteryx aequabilis Calopterygidae Zygoptera,body colors,Odonate Phenotypic Database (http://www.odonatephenotypicdatabase.org),green,,single observation,,both,adult,,,,,,,,,,,
PreservedSpecimen,Calopteryx.aequabilis Calopteryx aequabilis Calopterygidae Zygoptera,body colortypes,Odonate Phenotypic Database (http://www.odonatephenotypicdatabase.org),structural,,single observation,,both,adult,,,,,,,,,,,
PreservedSpecimen,Calopteryx.aequabilis Calopteryx aequabilis Calopterygidae Zygoptera,body patterns,Odonate Phenotypic Database (http://www.odonatephenotypicdatabase.org),plain,,single observation,,both,adult,,,,,,,,,,,
,Calopteryx.aequabilis Calopteryx aequabilis Calopterygidae Zygoptera,mate guarding,,noncontact,,single observation,,both,adult,,,,,,,,,,,
Occurrence,Calopteryx.aequabilis Calopteryx aequabilis Calopterygidae Zygoptera,flight mode,,percher,,single observation,,both,adult,,,,,,,,,,,
HumanObservation,Calopteryx.aequabilis Calopteryx aequabilis Calopterygidae Zygoptera,territoriality,,territorial,,single observation,,both,adult,,,,,,,,,,,
HumanObservation,Calopteryx.aequabilis Calopteryx aequabilis Calopterygidae Zygoptera,aquatic habitats,,river,,single observation,,both,adult,,,,,,,,,,,
HumanObservation,Calopteryx.aequabilis Calopteryx aequabilis Calopterygidae Zygoptera,habitat openness,,closed,,single observation,,both,adult,,,,,,,,,,,
PreservedSpecimen,Calopteryx.aequabilis Calopteryx aequabilis Calopterygidae Zygoptera,body lengths,Data extraction from the Odonate Phenotypic Database (http://www.odonatephenotypicdatabase.org),48.5,,single observation,,both,adult,,,,,,,,,,,
PreservedSpecimen,Calopteryx.aequabilis Calopteryx aequabilis Calopterygidae Zygoptera,hindwing lengths,Odonate Phenotypic Database (http://www.odonatephenotypicdatabase.org),32,,single observation,,both,adult,,,,,,,,,,,
PreservedSpecimen,Calopteryx.aequabilis Calopteryx aequabilis Calopterygidae Zygoptera,has wing pigment,Retrieval from the Odonate Phenotypic Database (http://www.odonatephenotypicdatabase.org),yes,,single observation,,both,adult,,,,,,,,,,,
,Calopteryx.aequabilis Calopteryx aequabilis Calopterygidae Zygoptera,wing pigment extent discrete,,50,,single observation,,both,adult,,,,,,,,,,,
PreservedSpecimen,Calopteryx.aequabilis Calopteryx aequabilis Calopterygidae Zygoptera,wing pigment extent continuous,,0.45,,single observation,,both,adult,,,,,,,,,,,
,Calopteryx.aequabilis Calopteryx aequabilis Calopterygidae Zygoptera,wing pigment symmetry,,symmetric pigment,,single observation,,both,adult,,,,,,,,,,,
,Calopteryx.aequabilis Calopteryx aequabilis Calopterygidae Zygoptera,wing pigment color,,black,,single observation,,both,adult,,,,,,,,,,,
,Calopteryx.aequabilis Calopteryx aequabilis Calopterygidae Zygoptera,wing pigment placement,,tip,,single observation,,both,adult,,,,,,,,,,,
HumanObservation,Calopteryx.amata NA,Flight season start,,7/5,,single observation,,both,adult,,,,,,,,,,,
,Calopteryx.amata NA,Flight season end,,8/10,,single observation,,both,adult,,,,,,,,,,,
PreservedSpecimen,Calopteryx.amata NA,body colors,Odonate Phenotypic Database (http://www.odonatephenotypicdatabase.org),NA,,single observation,,both,adult,,,,,,,,,,,
PreservedSpecimen,Calopteryx.amata NA,body colortypes,Odonate Phenotypic Database (http://www.odonatephenotypicdatabase.org),NA,,single observation,,both,adult,,,,,,,,,,,
PreservedSpecimen,Calopteryx.amata NA,body patterns,Odonate Phenotypic Database (http://www.odonatephenotypicdatabase.org),NA,,single observation,,both,adult,,,,,,,,,,,
,Calopteryx.amata NA,mate guarding,,NA,,single observation,,both,adult,,,,,,,,,,,
Occurrence,Calopteryx.amata NA,flight mode,,NA,,single observation,,both,adult,,,,,,,,,,,
HumanObservation,Calopteryx.amata NA,territoriality,,NA,,single observation,,both,adult,,,,,,,,,,,
HumanObservation,Calopteryx.amata NA,aquatic habitats,,NA,,single observation,,both,adult,,,,,,,,,,,
HumanObservation,Calopteryx.amata NA,habitat openness,,closed,,single observation,,both,adult,,,,,,,,,,,
PreservedSpecimen,Calopteryx.amata NA,body lengths,Data extraction from the Odonate Phenotypic Database (http://www.odonatephenotypicdatabase.org),54.5,,single observation,,both,adult,,,,,,,,,,,
PreservedSpecimen,Calopteryx.amata NA,hindwing lengths,Odonate Phenotypic Database (http://www.odonatephenotypicdatabase.org),37.5,,single observation,,both,adult,,,,,,,,,,,
PreservedSpecimen,Calopteryx.amata NA,has wing pigment,Retrieval from the Odonate Phenotypic Database (http://www.odonatephenotypicdatabase.org),yes,,single observation,,both,adult,,,,,,,,,,,
,Calopteryx.amata NA,wing pigment extent discrete,,25,,single observation,,both,adult,,,,,,,,,,,
PreservedSpecimen,Calopteryx.amata NA,wing pigment extent continuous,,0.28,,single observation,,both,adult,,,,,,,,,,,
,Calopteryx.amata NA,wing pigment symmetry,,hindwing more pigment,,single observation,,both,adult,,,,,,,,,,,
,Calopteryx.amata NA,wing pigment color,,brown,,single observation,,both,adult,,,,,,,,,,,
,Calopteryx.amata NA,wing pigment placement,,tip,,single observation,,both,adult,,,,,,,,,,,
HumanObservation,Calopteryx.amata NA,Flight season start,,5.07,,single observation,,both,adult,,,,,,,,,,,
,Calopteryx.amata NA,Flight season end,,10.08,,single observation,,both,adult,,,,,,,,,,,
PreservedSpecimen,Calopteryx.amata NA,body colors,Odonate Phenotypic Database (http://www.odonatephenotypicdatabase.org),NA,,single observation,,both,adult,,,,,,,,,,,
PreservedSpecimen,Calopteryx.amata NA,body colortypes,Odonate Phenotypic Database (http://www.odonatephenotypicdatabase.org),NA,,single observation,,both,adult,,,,,,,,,,,
PreservedSpecimen,Calopteryx.amata NA,body patterns,Odonate Phenotypic Database (http://www.odonatephenotypicdatabase.org),NA,,single observation,,both,adult,,,,,,,,,,,
,Calopteryx.amata NA,mate guarding,,NA,,single observation,,both,adult,,,,,,,,,,,
Occurrence,Calopteryx.amata NA,flight mode,,NA,,single observation,,both,adult,,,,,,,,,,,
HumanObservation,Calopteryx.amata NA,territoriality,,NA,,single observation,,both,adult,,,,,,,,,,,
HumanObservation,Calopteryx.amata NA,aquatic habitats,,NA,,single observation,,both,adult,,,,,,,,,,,
HumanObservation,Calopteryx.amata NA,habitat openness,,closed,,single observation,,both,adult,,,,,,,,,,,
PreservedSpecimen,Calopteryx.amata NA,body lengths,Data extraction from the Odonate Phenotypic Database (http://www.odonatephenotypicdatabase.org),54.5,,single observation,,both,adult,,,,,,,,,,,
PreservedSpecimen,Calopteryx.amata NA,hindwing lengths,Odonate Phenotypic Database (http://www.odonatephenotypicdatabase.org),37.5,,single observation,,both,adult,,,,,,,,,,,
PreservedSpecimen,Calopteryx.amata NA,has wing pigment,Retrieval from the Odonate Phenotypic Database (http://www.odonatephenotypicdatabase.org),yes,,single observation,,both,adult,,,,,,,,,,,
,Calopteryx.amata NA,wing pigment extent discrete,,25,,single observation,,both,adult,,,,,,,,,,,
PreservedSpecimen,Calopteryx.amata NA,wing pigment extent continuous,,0.28,,single observation,,both,adult,,,,,,,,,,,
,Calopteryx.amata NA,wing pigment symmetry,,hindwing more pigment,,single observation,,both,adult,,,,,,,,,,,
,Calopteryx.amata NA,wing pigment color,,brown,,single observation,,both,adult,,,,,,,,,,,
,Calopteryx.amata NA,wing pigment placement,,tip,,single observation,,both,adult,,,,,,,,,,,
HumanObservation,Calopteryx.maculata Calopteryx maculata Calopterygidae Zygoptera,Flight season start,,25/5,,single observation,,both,adult,,,,,,,,,,,
,Calopteryx.maculata Calopteryx maculata Calopterygidae Zygoptera,Flight season end,,19/9,,single observation,,both,adult,,,,,,,,,,,
PreservedSpecimen,Calopteryx.maculata Calopteryx maculata Calopterygidae Zygoptera,body colors,Odonate Phenotypic Database (http://www.odonatephenotypicdatabase.org),black,,single observation,,both,adult,,,,,,,,,,,
PreservedSpecimen,Calopteryx.maculata Calopteryx maculata Calopterygidae Zygoptera,body colortypes,Odonate Phenotypic Database (http://www.odonatephenotypicdatabase.org),structural,,single observation,,both,adult,,,,,,,,,,,
PreservedSpecimen,Calopteryx.maculata Calopteryx maculata Calopterygidae Zygoptera,body patterns,Odonate Phenotypic Database (http://www.odonatephenotypicdatabase.org),plain,,single observation,,both,adult,,,,,,,,,,,
,Calopteryx.maculata Calopteryx maculata Calopterygidae Zygoptera,mate guarding,,noncontact,,single observation,,both,adult,,,,,,,,,,,
Occurrence,Calopteryx.maculata Calopteryx maculata Calopterygidae Zygoptera,flight mode,,percher,,single observation,,both,adult,,,,,,,,,,,
HumanObservation,Calopteryx.maculata Calopteryx maculata Calopterygidae Zygoptera,territoriality,,territorial,,single observation,,both,adult,,,,,,,,,,,
HumanObservation,Calopteryx.maculata Calopteryx maculata Calopterygidae Zygoptera,aquatic habitats,,stream,,single observation,,both,adult,,,,,,,,,,,
HumanObservation,Calopteryx.maculata Calopteryx maculata Calopterygidae Zygoptera,habitat openness,,closed,,single observation,,both,adult,,,,,,,,,,,
PreservedSpecimen,Calopteryx.maculata Calopteryx maculata Calopterygidae Zygoptera,body lengths,Data extraction from the Odonate Phenotypic Database (http://www.odonatephenotypicdatabase.org),48,,single observation,,both,adult,,,,,,,,,,,
PreservedSpecimen,Calopteryx.maculata Calopteryx maculata Calopterygidae Zygoptera,hindwing lengths,Odonate Phenotypic Database (http://www.odonatephenotypicdatabase.org),30.5,,single observation,,both,adult,,,,,,,,,,,
PreservedSpecimen,Calopteryx.maculata Calopteryx maculata Calopterygidae Zygoptera,has wing pigment,Retrieval from the Odonate Phenotypic Database (http://www.odonatephenotypicdatabase.org),yes,,single observation,,both,adult,,,,,,,,,,,
,Calopteryx.maculata Calopteryx maculata Calopterygidae Zygoptera,wing pigment extent discrete,,100,,single observation,,both,adult,,,,,,,,,,,
PreservedSpecimen,Calopteryx.maculata Calopteryx maculata Calopterygidae Zygoptera,wing pigment extent continuous,,1,,single observation,,both,adult,,,,,,,,,,,
,Calopteryx.maculata Calopteryx maculata Calopterygidae Zygoptera,wing pigment symmetry,,symmetric pigment,,single observation,,both,adult,,,,,,,,,,,
,Calopteryx.maculata Calopteryx maculata Calopterygidae Zygoptera,wing pigment color,,black,,single observation,,both,adult,,,,,,,,,,,
,Calopteryx.maculata Calopteryx maculata Calopterygidae Zygoptera,wing pigment placement,,full,,single observation,,both,adult,,,,,,,,,,,
HumanObservation,Calopteryx.maculata Calopteryx maculata Calopterygidae Zygoptera,Flight season start,,5.25,,single observation,,both,adult,,,,,,,,,,,
,Calopteryx.maculata Calopteryx maculata Calopterygidae Zygoptera,Flight season end,,9.19,,single observation,,both,adult,,,,,,,,,,,
PreservedSpecimen,Calopteryx.maculata Calopteryx maculata Calopterygidae Zygoptera,body colors,Odonate Phenotypic Database (http://www.odonatephenotypicdatabase.org),black,,single observation,,both,adult,,,,,,,,,,,
PreservedSpecimen,Calopteryx.maculata Calopteryx maculata Calopterygidae Zygoptera,body colortypes,Odonate Phenotypic Database (http://www.odonatephenotypicdatabase.org),structural,,single observation,,both,adult,,,,,,,,,,,
PreservedSpecimen,Calopteryx.maculata Calopteryx maculata Calopterygidae Zygoptera,body patterns,Odonate Phenotypic Database (http://www.odonatephenotypicdatabase.org),plain,,single observation,,both,adult,,,,,,,,,,,
,Calopteryx.maculata Calopteryx maculata Calopterygidae Zygoptera,mate guarding,,noncontact,,single observation,,both,adult,,,,,,,,,,,
Occurrence,Calopteryx.maculata Calopteryx maculata Calopterygidae Zygoptera,flight mode,,percher,,single observation,,both,adult,,,,,,,,,,,
HumanObservation,Calopteryx.maculata Calopteryx maculata Calopterygidae Zygoptera,territoriality,,territorial,,single observation,,both,adult,,,,,,,,,,,
HumanObservation,Calopteryx.maculata Calopteryx maculata Calopterygidae Zygoptera,aquatic habitats,,stream,,single observation,,both,adult,,,,,,,,,,,
HumanObservation,Calopteryx.maculata Calopteryx maculata Calopterygidae Zygoptera,habitat openness,,closed,,single observation,,both,adult,,,,,,,,,,,
PreservedSpecimen,Calopteryx.maculata Calopteryx maculata Calopterygidae Zygoptera,body lengths,Data extraction from the Odonate Phenotypic Database (http://www.odonatephenotypicdatabase.org),48,,single observation,,both,adult,,,,,,,,,,,
PreservedSpecimen,Calopteryx.maculata Calopteryx maculata Calopterygidae Zygoptera,hindwing lengths,Odonate Phenotypic Database (http://www.odonatephenotypicdatabase.org),30.5,,single observation,,both,adult,,,,,,,,,,,
PreservedSpecimen,Calopteryx.maculata Calopteryx maculata Calopterygidae Zygoptera,has wing pigment,Retrieval from the Odonate Phenotypic Database (http://www.odonatephenotypicdatabase.org),yes,,single observation,,both,adult,,,,,,,,,,,
,Calopteryx.maculata Calopteryx maculata Calopterygidae Zygoptera,wing pigment extent discrete,,100,,single observation,,both,adult,,,,,,,,,,,
PreservedSpecimen,Calopteryx.maculata Calopteryx maculata Calopterygidae Zygoptera,wing pigment extent continuous,,1,,single observation,,both,adult,,,,,,,,,,,
,Calopteryx.maculata Calopteryx maculata Calopterygidae Zygoptera,wing pigment symmetry,,symmetric pigment,,single observation,,both,adult,,,,,,,,,,,
,Calopteryx.maculata Calopteryx maculata Calopterygidae Zygoptera,wing pigment color,,black,,single observation,,both,adult,,,,,,,,,,,
,Calopteryx.maculata Calopteryx maculata Calopterygidae Zygoptera,wing pigment placement,,full,,single observation,,both,adult,,,,,,,,,,,
HumanObservation,Celithemis.elisa Celithemis elisa Libellulidae Anisoptera,Flight season start,,31/5,,single observation,,both,adult,,,,,,,,,,,
,Celithemis.elisa Celithemis elisa Libellulidae Anisoptera,Flight season end,,9/6,,single observation,,both,adult,,,,,,,,,,,
PreservedSpecimen,Celithemis.elisa Celithemis elisa Libellulidae Anisoptera,body colors,Odonate Phenotypic Database (http://www.odonatephenotypicdatabase.org),black,,single observation,,both,adult,,,,,,,,,,,
PreservedSpecimen,Celithemis.elisa Celithemis elisa Libellulidae Anisoptera,body colortypes,Odonate Phenotypic Database (http://www.odonatephenotypicdatabase.org),pigment,,single observation,,both,adult,,,,,,,,,,,
PreservedSpecimen,Celithemis.elisa Celithemis elisa Libellulidae Anisoptera,body patterns,Odonate Phenotypic Database (http://www.odonatephenotypicdatabase.org),spotted,,single observation,,both,adult,,,,,,,,,,,
,Celithemis.elisa Celithemis elisa Libellulidae Anisoptera,mate guarding,,contact,,single observation,,both,adult,,,,,,,,,,,
Occurrence,Celithemis.elisa Celithemis elisa Libellulidae Anisoptera,flight mode,,percher,,single observation,,both,adult,,,,,,,,,,,
HumanObservation,Celithemis.elisa Celithemis elisa Libellulidae Anisoptera,territoriality,,non-territorial,,single observation,,both,adult,,,,,,,,,,,
HumanObservation,Celithemis.elisa Celithemis elisa Libellulidae Anisoptera,aquatic habitats,,lake,,single observation,,both,adult,,,,,,,,,,,
HumanObservation,Celithemis.elisa Celithemis elisa Libellulidae Anisoptera,habitat openness,,open,,single observation,,both,adult,,,,,,,,,,,
PreservedSpecimen,Celithemis.elisa Celithemis elisa Libellulidae Anisoptera,body lengths,Data extraction from the Odonate Phenotypic Database (http://www.odonatephenotypicdatabase.org),31.5,,single observation,,both,adult,,,,,,,,,,,
PreservedSpecimen,Celithemis.elisa Celithemis elisa Libellulidae Anisoptera,hindwing lengths,Odonate Phenotypic Database (http://www.odonatephenotypicdatabase.org),27.5,,single observation,,both,adult,,,,,,,,,,,
PreservedSpecimen,Celithemis.elisa Celithemis elisa Libellulidae Anisoptera,has wing pigment,Retrieval from the Odonate Phenotypic Database (http://www.odonatephenotypicdatabase.org),yes,,single observation,,both,adult,,,,,,,,,,,
,Celithemis.elisa Celithemis elisa Libellulidae Anisoptera,wing pigment extent discrete,,50,,single observation,,both,adult,,,,,,,,,,,
PreservedSpecimen,Celithemis.elisa Celithemis elisa Libellulidae Anisoptera,wing pigment extent continuous,,0.32,,single observation,,both,adult,,,,,,,,,,,
,Celithemis.elisa Celithemis elisa Libellulidae Anisoptera,wing pigment symmetry,,hindwing more pigment,,single observation,,both,adult,,,,,,,,,,,
,Celithemis.elisa Celithemis elisa Libellulidae Anisoptera,wing pigment color,,black,,single observation,,both,adult,,,,,,,,,,,
,Celithemis.elisa Celithemis elisa Libellulidae Anisoptera,wing pigment placement,,basal,,single observation,,both,adult,,,,,,,,,,,
HumanObservation,Celithemis.elisa Celithemis elisa Libellulidae Anisoptera,Flight season start,,5.31,,single observation,,both,adult,,,,,,,,,,,
,Celithemis.elisa Celithemis elisa Libellulidae Anisoptera,Flight season end,,6.09,,single observation,,both,adult,,,,,,,,,,,
PreservedSpecimen,Celithemis.elisa Celithemis elisa Libellulidae Anisoptera,body colors,Odonate Phenotypic Database (http://www.odonatephenotypicdatabase.org),black,,single observation,,both,adult,,,,,,,,,,,
PreservedSpecimen,Celithemis.elisa Celithemis elisa Libellulidae Anisoptera,body colortypes,Odonate Phenotypic Database (http://www.odonatephenotypicdatabase.org),pigment,,single observation,,both,adult,,,,,,,,,,,
PreservedSpecimen,Celithemis.elisa Celithemis elisa Libellulidae Anisoptera,body patterns,Odonate Phenotypic Database (http://www.odonatephenotypicdatabase.org),spotted,,single observation,,both,adult,,,,,,,,,,,
,Celithemis.elisa Celithemis elisa Libellulidae Anisoptera,mate guarding,,contact,,single observation,,both,adult,,,,,,,,,,,
Occurrence,Celithemis.elisa Celithemis elisa Libellulidae Anisoptera,flight mode,,percher,,single observation,,both,adult,,,,,,,,,,,
HumanObservation,Celithemis.elisa Celithemis elisa Libellulidae Anisoptera,territoriality,,non-territorial,,single observation,,both,adult,,,,,,,,,,,
HumanObservation,Celithemis.elisa Celithemis elisa Libellulidae Anisoptera,aquatic habitats,,lake,,single observation,,both,adult,,,,,,,,,,,
HumanObservation,Celithemis.elisa Celithemis elisa Libellulidae Anisoptera,habitat openness,,open,,single observation,,both,adult,,,,,,,,,,,
PreservedSpecimen,Celithemis.elisa Celithemis elisa Libellulidae Anisoptera,body lengths,Data extraction from the Odonate Phenotypic Database (http://www.odonatephenotypicdatabase.org),31.5,,single observation,,both,adult,,,,,,,,,,,
PreservedSpecimen,Celithemis.elisa Celithemis elisa Libellulidae Anisoptera,hindwing lengths,Odonate Phenotypic Database (http://www.odonatephenotypicdatabase.org),27.5,,single observation,,both,adult,,,,,,,,,,,
PreservedSpecimen,Celithemis.elisa Celithemis elisa Libellulidae Anisoptera,has wing pigment,Retrieval from the Odonate Phenotypic Database (http://www.odonatephenotypicdatabase.org),yes,,single observation,,both,adult,,,,,,,,,,,
,Celithemis.elisa Celithemis elisa Libellulidae Anisoptera,wing pigment extent discrete,,50,,single observation,,both,adult,,,,,,,,,,,
PreservedSpecimen,Celithemis.elisa Celithemis elisa Libellulidae Anisoptera,wing pigment extent continuous,,0.32,,single observation,,both,adult,,,,,,,,,,,
,Celithemis.elisa Celithemis elisa Libellulidae Anisoptera,wing pigment symmetry,,hindwing more pigment,,single observation,,both,adult,,,,,,,,,,,
,Celithemis.elisa Celithemis elisa Libellulidae Anisoptera,wing pigment color,,black,,single observation,,both,adult,,,,,,,,,,,
,Celithemis.elisa Celithemis elisa Libellulidae Anisoptera,wing pigment placement,,basal,,single observation,,both,adult,,,,,,,,,,,
HumanObservation,Celithemis.eponina Celithemis eponina Libellulidae Anisoptera,Flight season start,,14/7,,single observation,,both,adult,,,,,,,,,,,
,Celithemis.eponina Celithemis eponina Libellulidae Anisoptera,Flight season end,,31/8,,single observation,,both,adult,,,,,,,,,,,
PreservedSpecimen,Celithemis.eponina Celithemis eponina Libellulidae Anisoptera,body colors,Odonate Phenotypic Database (http://www.odonatephenotypicdatabase.org),black,,single observation,,both,adult,,,,,,,,,,,
PreservedSpecimen,Celithemis.eponina Celithemis eponina Libellulidae Anisoptera,body colortypes,Odonate Phenotypic Database (http://www.odonatephenotypicdatabase.org),pigment,,single observation,,both,adult,,,,,,,,,,,
PreservedSpecimen,Celithemis.eponina Celithemis eponina Libellulidae Anisoptera,body patterns,Odonate Phenotypic Database (http://www.odonatephenotypicdatabase.org),striped,,single observation,,both,adult,,,,,,,,,,,
,Celithemis.eponina Celithemis eponina Libellulidae Anisoptera,mate guarding,,contact,,single observation,,both,adult,,,,,,,,,,,
Occurrence,Celithemis.eponina Celithemis eponina Libellulidae Anisoptera,flight mode,,percher,,single observation,,both,adult,,,,,,,,,,,
HumanObservation,Celithemis.eponina Celithemis eponina Libellulidae Anisoptera,territoriality,,territorial,,single observation,,both,adult,,,,,,,,,,,
HumanObservation,Celithemis.eponina Celithemis eponina Libellulidae Anisoptera,aquatic habitats,,lake,,single observation,,both,adult,,,,,,,,,,,
HumanObservation,Celithemis.eponina Celithemis eponina Libellulidae Anisoptera,habitat openness,,open,,single observation,,both,adult,,,,,,,,,,,
PreservedSpecimen,Celithemis.eponina Celithemis eponina Libellulidae Anisoptera,body lengths,Data extraction from the Odonate Phenotypic Database (http://www.odonatephenotypicdatabase.org),39,,single observation,,both,adult,,,,,,,,,,,
PreservedSpecimen,Celithemis.eponina Celithemis eponina Libellulidae Anisoptera,hindwing lengths,Odonate Phenotypic Database (http://www.odonatephenotypicdatabase.org),33,,single observation,,both,adult,,,,,,,,,,,
PreservedSpecimen,Celithemis.eponina Celithemis eponina Libellulidae Anisoptera,has wing pigment,Retrieval from the Odonate Phenotypic Database (http://www.odonatephenotypicdatabase.org),yes,,single observation,,both,adult,,,,,,,,,,,
,Celithemis.eponina Celithemis eponina Libellulidae Anisoptera,wing pigment extent discrete,,100,,single observation,,both,adult,,,,,,,,,,,
PreservedSpecimen,Celithemis.eponina Celithemis eponina Libellulidae Anisoptera,wing pigment extent continuous,,1,,single observation,,both,adult,,,,,,,,,,,
,Celithemis.eponina Celithemis eponina Libellulidae Anisoptera,wing pigment symmetry,,symmetric pigment,,single observation,,both,adult,,,,,,,,,,,
,Celithemis.eponina Celithemis eponina Libellulidae Anisoptera,wing pigment color,,amber,,single observation,,both,adult,,,,,,,,,,,
,Celithemis.eponina Celithemis eponina Libellulidae Anisoptera,wing pigment placement,,full,,single observation,,both,adult,,,,,,,,,,,
HumanObservation,Celithemis.eponina Celithemis eponina Libellulidae Anisoptera,Flight season start,,7.14,,single observation,,both,adult,,,,,,,,,,,
,Celithemis.eponina Celithemis eponina Libellulidae Anisoptera,Flight season end,,8.31,,single observation,,both,adult,,,,,,,,,,,
PreservedSpecimen,Celithemis.eponina Celithemis eponina Libellulidae Anisoptera,body colors,Odonate Phenotypic Database (http://www.odonatephenotypicdatabase.org),black,,single observation,,both,adult,,,,,,,,,,,
PreservedSpecimen,Celithemis.eponina Celithemis eponina Libellulidae Anisoptera,body colortypes,Odonate Phenotypic Database (http://www.odonatephenotypicdatabase.org),pigment,,single observation,,both,adult,,,,,,,,,,,
PreservedSpecimen,Celithemis.eponina Celithemis eponina Libellulidae Anisoptera,body patterns,Odonate Phenotypic Database (http://www.odonatephenotypicdatabase.org),striped,,single observation,,both,adult,,,,,,,,,,,
,Celithemis.eponina Celithemis eponina Libellulidae Anisoptera,mate guarding,,contact,,single observation,,both,adult,,,,,,,,,,,
Occurrence,Celithemis.eponina Celithemis eponina Libellulidae Anisoptera,flight mode,,percher,,single observation,,both,adult,,,,,,,,,,,
HumanObservation,Celithemis.eponina Celithemis eponina Libellulidae Anisoptera,territoriality,,territorial,,single observation,,both,adult,,,,,,,,,,,
HumanObservation,Celithemis.eponina Celithemis eponina Libellulidae Anisoptera,aquatic habitats,,lake,,single observation,,both,adult,,,,,,,,,,,
HumanObservation,Celithemis.eponina Celithemis eponina Libellulidae Anisoptera,habitat openness,,open,,single observation,,both,adult,,,,,,,,,,,
PreservedSpecimen,Celithemis.eponina Celithemis eponina Libellulidae Anisoptera,body lengths,Data extraction from the Odonate Phenotypic Database (http://www.odonatephenotypicdatabase.org),39,,single observation,,both,adult,,,,,,,,,,,
PreservedSpecimen,Celithemis.eponina Celithemis eponina Libellulidae Anisoptera,hindwing lengths,Odonate Phenotypic Database (http://www.odonatephenotypicdatabase.org),33,,single observation,,both,adult,,,,,,,,,,,
PreservedSpecimen,Celithemis.eponina Celithemis eponina Libellulidae Anisoptera,has wing pigment,Retrieval from the Odonate Phenotypic Database (http://www.odonatephenotypicdatabase.org),yes,,single observation,,both,adult,,,,,,,,,,,
,Celithemis.eponina Celithemis eponina Libellulidae Anisoptera,wing pigment extent discrete,,100,,single observation,,both,adult,,,,,,,,,,,
PreservedSpecimen,Celithemis.eponina Celithemis eponina Libellulidae Anisoptera,wing pigment extent continuous,,1,,single observation,,both,adult,,,,,,,,,,,
,Celithemis.eponina Celithemis eponina Libellulidae Anisoptera,wing pigment symmetry,,symmetric pigment,,single observation,,both,adult,,,,,,,,,,,
,Celithemis.eponina Celithemis eponina Libellulidae Anisoptera,wing pigment color,,amber,,single observation,,both,adult,,,,,,,,,,,
,Celithemis.eponina Celithemis eponina Libellulidae Anisoptera,wing pigment placement,,full,,single observation,,both,adult,,,,,,,,,,,
HumanObservation,Chromagrion.conditum Chromagrion conditum Coenagrionidae Zygoptera,Flight season start,,5/6,,single observation,,both,adult,,,,,,,,,,,
,Chromagrion.conditum Chromagrion conditum Coenagrionidae Zygoptera,Flight season end,,8/8,,single observation,,both,adult,,,,,,,,,,,
PreservedSpecimen,Chromagrion.conditum Chromagrion conditum Coenagrionidae Zygoptera,body colors,Odonate Phenotypic Database (http://www.odonatephenotypicdatabase.org),black,,single observation,,both,adult,,,,,,,,,,,
PreservedSpecimen,Chromagrion.conditum Chromagrion conditum Coenagrionidae Zygoptera,body colortypes,Odonate Phenotypic Database (http://www.odonatephenotypicdatabase.org),pigment,,single observation,,both,adult,,,,,,,,,,,
PreservedSpecimen,Chromagrion.conditum Chromagrion conditum Coenagrionidae Zygoptera,body patterns,Odonate Phenotypic Database (http://www.odonatephenotypicdatabase.org),spotted,,single observation,,both,adult,,,,,,,,,,,
,Chromagrion.conditum Chromagrion conditum Coenagrionidae Zygoptera,mate guarding,,contact,,single observation,,both,adult,,,,,,,,,,,
Occurrence,Chromagrion.conditum Chromagrion conditum Coenagrionidae Zygoptera,flight mode,,flier,,single observation,,both,adult,,,,,,,,,,,
HumanObservation,Chromagrion.conditum Chromagrion conditum Coenagrionidae Zygoptera,territoriality,,non-territorial,,single observation,,both,adult,,,,,,,,,,,
HumanObservation,Chromagrion.conditum Chromagrion conditum Coenagrionidae Zygoptera,aquatic habitats,,pond,,single observation,,both,adult,,,,,,,,,,,
HumanObservation,Chromagrion.conditum Chromagrion conditum Coenagrionidae Zygoptera,habitat openness,,closed,,single observation,,both,adult,,,,,,,,,,,
PreservedSpecimen,Chromagrion.conditum Chromagrion conditum Coenagrionidae Zygoptera,body lengths,Data extraction from the Odonate Phenotypic Database (http://www.odonatephenotypicdatabase.org),35,,single observation,,both,adult,,,,,,,,,,,
PreservedSpecimen,Chromagrion.conditum Chromagrion conditum Coenagrionidae Zygoptera,hindwing lengths,Odonate Phenotypic Database (http://www.odonatephenotypicdatabase.org),23,,single observation,,both,adult,,,,,,,,,,,
PreservedSpecimen,Chromagrion.conditum Chromagrion conditum Coenagrionidae Zygoptera,has wing pigment,Retrieval from the Odonate Phenotypic Database (http://www.odonatephenotypicdatabase.org),no,,single observation,,both,adult,,,,,,,,,,,
,Chromagrion.conditum Chromagrion conditum Coenagrionidae Zygoptera,wing pigment extent discrete,,NA,,single observation,,both,adult,,,,,,,,,,,
PreservedSpecimen,Chromagrion.conditum Chromagrion conditum Coenagrionidae Zygoptera,wing pigment extent continuous,,NA,,single observation,,both,adult,,,,,,,,,,,
,Chromagrion.conditum Chromagrion conditum Coenagrionidae Zygoptera,wing pigment symmetry,,NA,,single observation,,both,adult,,,,,,,,,,,
,Chromagrion.conditum Chromagrion conditum Coenagrionidae Zygoptera,wing pigment color,,NA,,single observation,,both,adult,,,,,,,,,,,
,Chromagrion.conditum Chromagrion conditum Coenagrionidae Zygoptera,wing pigment placement,,NA,,single observation,,both,adult,,,,,,,,,,,
HumanObservation,Chromagrion.conditum Chromagrion conditum Coenagrionidae Zygoptera,Flight season start,,6.05,,single observation,,both,adult,,,,,,,,,,,
,Chromagrion.conditum Chromagrion conditum Coenagrionidae Zygoptera,Flight season end,,8.08,,single observation,,both,adult,,,,,,,,,,,
PreservedSpecimen,Chromagrion.conditum Chromagrion conditum Coenagrionidae Zygoptera,body colors,Odonate Phenotypic Database (http://www.odonatephenotypicdatabase.org),black,,single observation,,both,adult,,,,,,,,,,,
PreservedSpecimen,Chromagrion.conditum Chromagrion conditum Coenagrionidae Zygoptera,body colortypes,Odonate Phenotypic Database (http://www.odonatephenotypicdatabase.org),pigment,,single observation,,both,adult,,,,,,,,,,,
PreservedSpecimen,Chromagrion.conditum Chromagrion conditum Coenagrionidae Zygoptera,body patterns,Odonate Phenotypic Database (http://www.odonatephenotypicdatabase.org),spotted,,single observation,,both,adult,,,,,,,,,,,
,Chromagrion.conditum Chromagrion conditum Coenagrionidae Zygoptera,mate guarding,,contact,,single observation,,both,adult,,,,,,,,,,,
Occurrence,Chromagrion.conditum Chromagrion conditum Coenagrionidae Zygoptera,flight mode,,flier,,single observation,,both,adult,,,,,,,,,,,
HumanObservation,Chromagrion.conditum Chromagrion conditum Coenagrionidae Zygoptera,territoriality,,non-territorial,,single observation,,both,adult,,,,,,,,,,,
HumanObservation,Chromagrion.conditum Chromagrion conditum Coenagrionidae Zygoptera,aquatic habitats,,pond,,single observation,,both,adult,,,,,,,,,,,
HumanObservation,Chromagrion.conditum Chromagrion conditum Coenagrionidae Zygoptera,habitat openness,,closed,,single observation,,both,adult,,,,,,,,,,,
PreservedSpecimen,Chromagrion.conditum Chromagrion conditum Coenagrionidae Zygoptera,body lengths,Data extraction from the Odonate Phenotypic Database (http://www.odonatephenotypicdatabase.org),35,,single observation,,both,adult,,,,,,,,,,,
PreservedSpecimen,Chromagrion.conditum Chromagrion conditum Coenagrionidae Zygoptera,hindwing lengths,Odonate Phenotypic Database (http://www.odonatephenotypicdatabase.org),23,,single observation,,both,adult,,,,,,,,,,,
PreservedSpecimen,Chromagrion.conditum Chromagrion conditum Coenagrionidae Zygoptera,has wing pigment,Retrieval from the Odonate Phenotypic Database (http://www.odonatephenotypicdatabase.org),no,,single observation,,both,adult,,,,,,,,,,,
,Chromagrion.conditum Chromagrion conditum Coenagrionidae Zygoptera,wing pigment extent discrete,,NA,,single observation,,both,adult,,,,,,,,,,,
PreservedSpecimen,Chromagrion.conditum Chromagrion conditum Coenagrionidae Zygoptera,wing pigment extent continuous,,NA,,single observation,,both,adult,,,,,,,,,,,
,Chromagrion.conditum Chromagrion conditum Coenagrionidae Zygoptera,wing pigment symmetry,,NA,,single observation,,both,adult,,,,,,,,,,,
,Chromagrion.conditum Chromagrion conditum Coenagrionidae Zygoptera,wing pigment color,,NA,,single observation,,both,adult,,,,,,,,,,,
,Chromagrion.conditum Chromagrion conditum Coenagrionidae Zygoptera,wing pigment placement,,NA,,single observation,,both,adult,,,,,,,,,,,
HumanObservation,Coenagrion.resolutum Coenagrion resolutum Coenagrionidae Zygoptera,Flight season start,,19/5,,single observation,,both,adult,,,,,,,,,,,
,Coenagrion.resolutum Coenagrion resolutum Coenagrionidae Zygoptera,Flight season end,,8/8,,single observation,,both,adult,,,,,,,,,,,
PreservedSpecimen,Coenagrion.resolutum Coenagrion resolutum Coenagrionidae Zygoptera,body colors,Odonate Phenotypic Database (http://www.odonatephenotypicdatabase.org),black,,single observation,,both,adult,,,,,,,,,,,
PreservedSpecimen,Coenagrion.resolutum Coenagrion resolutum Coenagrionidae Zygoptera,body colortypes,Odonate Phenotypic Database (http://www.odonatephenotypicdatabase.org),pigment,,single observation,,both,adult,,,,,,,,,,,
PreservedSpecimen,Coenagrion.resolutum Coenagrion resolutum Coenagrionidae Zygoptera,body patterns,Odonate Phenotypic Database (http://www.odonatephenotypicdatabase.org),spotted,,single observation,,both,adult,,,,,,,,,,,
,Coenagrion.resolutum Coenagrion resolutum Coenagrionidae Zygoptera,mate guarding,,contact,,single observation,,both,adult,,,,,,,,,,,
Occurrence,Coenagrion.resolutum Coenagrion resolutum Coenagrionidae Zygoptera,flight mode,,percher,,single observation,,both,adult,,,,,,,,,,,
HumanObservation,Coenagrion.resolutum Coenagrion resolutum Coenagrionidae Zygoptera,territoriality,,NA,,single observation,,both,adult,,,,,,,,,,,
HumanObservation,Coenagrion.resolutum Coenagrion resolutum Coenagrionidae Zygoptera,aquatic habitats,,lake,,single observation,,both,adult,,,,,,,,,,,
HumanObservation,Coenagrion.resolutum Coenagrion resolutum Coenagrionidae Zygoptera,habitat openness,,semi,,single observation,,both,adult,,,,,,,,,,,
PreservedSpecimen,Coenagrion.resolutum Coenagrion resolutum Coenagrionidae Zygoptera,body lengths,Data extraction from the Odonate Phenotypic Database (http://www.odonatephenotypicdatabase.org),30,,single observation,,both,adult,,,,,,,,,,,
PreservedSpecimen,Coenagrion.resolutum Coenagrion resolutum Coenagrionidae Zygoptera,hindwing lengths,Odonate Phenotypic Database (http://www.odonatephenotypicdatabase.org),17.5,,single observation,,both,adult,,,,,,,,,,,
PreservedSpecimen,Coenagrion.resolutum Coenagrion resolutum Coenagrionidae Zygoptera,has wing pigment,Retrieval from the Odonate Phenotypic Database (http://www.odonatephenotypicdatabase.org),no,,single observation,,both,adult,,,,,,,,,,,
,Coenagrion.resolutum Coenagrion resolutum Coenagrionidae Zygoptera,wing pigment extent discrete,,NA,,single observation,,both,adult,,,,,,,,,,,
PreservedSpecimen,Coenagrion.resolutum Coenagrion resolutum Coenagrionidae Zygoptera,wing pigment extent continuous,,NA,,single observation,,both,adult,,,,,,,,,,,
,Coenagrion.resolutum Coenagrion resolutum Coenagrionidae Zygoptera,wing pigment symmetry,,NA,,single observation,,both,adult,,,,,,,,,,,
,Coenagrion.resolutum Coenagrion resolutum Coenagrionidae Zygoptera,wing pigment color,,NA,,single observation,,both,adult,,,,,,,,,,,
,Coenagrion.resolutum Coenagrion resolutum Coenagrionidae Zygoptera,wing pigment placement,,NA,,single observation,,both,adult,,,,,,,,,,,
HumanObservation,Coenagrion.resolutum Coenagrion resolutum Coenagrionidae Zygoptera,Flight season start,,5.19,,single observation,,both,adult,,,,,,,,,,,
,Coenagrion.resolutum Coenagrion resolutum Coenagrionidae Zygoptera,Flight season end,,8.08,,single observation,,both,adult,,,,,,,,,,,
PreservedSpecimen,Coenagrion.resolutum Coenagrion resolutum Coenagrionidae Zygoptera,body colors,Odonate Phenotypic Database (http://www.odonatephenotypicdatabase.org),black,,single observation,,both,adult,,,,,,,,,,,
PreservedSpecimen,Coenagrion.resolutum Coenagrion resolutum Coenagrionidae Zygoptera,body colortypes,Odonate Phenotypic Database (http://www.odonatephenotypicdatabase.org),pigment,,single observation,,both,adult,,,,,,,,,,,
PreservedSpecimen,Coenagrion.resolutum Coenagrion resolutum Coenagrionidae Zygoptera,body patterns,Odonate Phenotypic Database (http://www.odonatephenotypicdatabase.org),spotted,,single observation,,both,adult,,,,,,,,,,,
,Coenagrion.resolutum Coenagrion resolutum Coenagrionidae Zygoptera,mate guarding,,contact,,single observation,,both,adult,,,,,,,,,,,
Occurrence,Coenagrion.resolutum Coenagrion resolutum Coenagrionidae Zygoptera,flight mode,,percher,,single observation,,both,adult,,,,,,,,,,,
HumanObservation,Coenagrion.resolutum Coenagrion resolutum Coenagrionidae Zygoptera,territoriality,,NA,,single observation,,both,adult,,,,,,,,,,,
HumanObservation,Coenagrion.resolutum Coenagrion resolutum Coenagrionidae Zygoptera,aquatic habitats,,lake,,single observation,,both,adult,,,,,,,,,,,
HumanObservation,Coenagrion.resolutum Coenagrion resolutum Coenagrionidae Zygoptera,habitat openness,,semi,,single observation,,both,adult,,,,,,,,,,,
PreservedSpecimen,Coenagrion.resolutum Coenagrion resolutum Coenagrionidae Zygoptera,body lengths,Data extraction from the Odonate Phenotypic Database (http://www.odonatephenotypicdatabase.org),30,,single observation,,both,adult,,,,,,,,,,,
PreservedSpecimen,Coenagrion.resolutum Coenagrion resolutum Coenagrionidae Zygoptera,hindwing lengths,Odonate Phenotypic Database (http://www.odonatephenotypicdatabase.org),17.5,,single observation,,both,adult,,,,,,,,,,,
PreservedSpecimen,Coenagrion.resolutum Coenagrion resolutum Coenagrionidae Zygoptera,has wing pigment,Retrieval from the Odonate Phenotypic Database (http://www.odonatephenotypicdatabase.org),no,,single observation,,both,adult,,,,,,,,,,,
,Coenagrion.resolutum Coenagrion resolutum Coenagrionidae Zygoptera,wing pigment extent discrete,,NA,,single observation,,both,adult,,,,,,,,,,,
PreservedSpecimen,Coenagrion.resolutum Coenagrion resolutum Coenagrionidae Zygoptera,wing pigment extent continuous,,NA,,single observation,,both,adult,,,,,,,,,,,
,Coenagrion.resolutum Coenagrion resolutum Coenagrionidae Zygoptera,wing pigment symmetry,,NA,,single observation,,both,adult,,,,,,,,,,,
,Coenagrion.resolutum Coenagrion resolutum Coenagrionidae Zygoptera,wing pigment color,,NA,,single observation,,both,adult,,,,,,,,,,,
,Coenagrion.resolutum Coenagrion resolutum Coenagrionidae Zygoptera,wing pigment placement,,NA,,single observation,,both,adult,,,,,,,,,,,
HumanObservation,Cordulegaster.diastatops Cordulegaster diastatops Cordulegastridae Anisoptera,Flight season start,,25/5,,single observation,,both,adult,,,,,,,,,,,
,Cordulegaster.diastatops Cordulegaster diastatops Cordulegastridae Anisoptera,Flight season end,,26/7,,single observation,,both,adult,,,,,,,,,,,
PreservedSpecimen,Cordulegaster.diastatops Cordulegaster diastatops Cordulegastridae Anisoptera,body colors,Odonate Phenotypic Database (http://www.odonatephenotypicdatabase.org),black,,single observation,,both,adult,,,,,,,,,,,
PreservedSpecimen,Cordulegaster.diastatops Cordulegaster diastatops Cordulegastridae Anisoptera,body colortypes,Odonate Phenotypic Database (http://www.odonatephenotypicdatabase.org),pigment,,single observation,,both,adult,,,,,,,,,,,
PreservedSpecimen,Cordulegaster.diastatops Cordulegaster diastatops Cordulegastridae Anisoptera,body patterns,Odonate Phenotypic Database (http://www.odonatephenotypicdatabase.org),spotted,,single observation,,both,adult,,,,,,,,,,,
,Cordulegaster.diastatops Cordulegaster diastatops Cordulegastridae Anisoptera,mate guarding,,NA,,single observation,,both,adult,,,,,,,,,,,
Occurrence,Cordulegaster.diastatops Cordulegaster diastatops Cordulegastridae Anisoptera,flight mode,,flier,,single observation,,both,adult,,,,,,,,,,,
HumanObservation,Cordulegaster.diastatops Cordulegaster diastatops Cordulegastridae Anisoptera,territoriality,,NA,,single observation,,both,adult,,,,,,,,,,,
HumanObservation,Cordulegaster.diastatops Cordulegaster diastatops Cordulegastridae Anisoptera,aquatic habitats,,stream,,single observation,,both,adult,,,,,,,,,,,
HumanObservation,Cordulegaster.diastatops Cordulegaster diastatops Cordulegastridae Anisoptera,habitat openness,,open,,single observation,,both,adult,,,,,,,,,,,
PreservedSpecimen,Cordulegaster.diastatops Cordulegaster diastatops Cordulegastridae Anisoptera,body lengths,Data extraction from the Odonate Phenotypic Database (http://www.odonatephenotypicdatabase.org),62,,single observation,,both,adult,,,,,,,,,,,
PreservedSpecimen,Cordulegaster.diastatops Cordulegaster diastatops Cordulegastridae Anisoptera,hindwing lengths,Odonate Phenotypic Database (http://www.odonatephenotypicdatabase.org),39,,single observation,,both,adult,,,,,,,,,,,
PreservedSpecimen,Cordulegaster.diastatops Cordulegaster diastatops Cordulegastridae Anisoptera,has wing pigment,Retrieval from the Odonate Phenotypic Database (http://www.odonatephenotypicdatabase.org),no,,single observation,,both,adult,,,,,,,,,,,
,Cordulegaster.diastatops Cordulegaster diastatops Cordulegastridae Anisoptera,wing pigment extent discrete,,NA,,single observation,,both,adult,,,,,,,,,,,
PreservedSpecimen,Cordulegaster.diastatops Cordulegaster diastatops Cordulegastridae Anisoptera,wing pigment extent continuous,,NA,,single observation,,both,adult,,,,,,,,,,,
,Cordulegaster.diastatops Cordulegaster diastatops Cordulegastridae Anisoptera,wing pigment symmetry,,NA,,single observation,,both,adult,,,,,,,,,,,
,Cordulegaster.diastatops Cordulegaster diastatops Cordulegastridae Anisoptera,wing pigment color,,NA,,single observation,,both,adult,,,,,,,,,,,
,Cordulegaster.diastatops Cordulegaster diastatops Cordulegastridae Anisoptera,wing pigment placement,,NA,,single observation,,both,adult,,,,,,,,,,,
HumanObservation,Cordulegaster.diastatops Cordulegaster diastatops Cordulegastridae Anisoptera,Flight season start,,5.25,,single observation,,both,adult,,,,,,,,,,,
,Cordulegaster.diastatops Cordulegaster diastatops Cordulegastridae Anisoptera,Flight season end,,7.26,,single observation,,both,adult,,,,,,,,,,,
PreservedSpecimen,Cordulegaster.diastatops Cordulegaster diastatops Cordulegastridae Anisoptera,body colors,Odonate Phenotypic Database (http://www.odonatephenotypicdatabase.org),black,,single observation,,both,adult,,,,,,,,,,,
PreservedSpecimen,Cordulegaster.diastatops Cordulegaster diastatops Cordulegastridae Anisoptera,body colortypes,Odonate Phenotypic Database (http://www.odonatephenotypicdatabase.org),pigment,,single observation,,both,adult,,,,,,,,,,,
PreservedSpecimen,Cordulegaster.diastatops Cordulegaster diastatops Cordulegastridae Anisoptera,body patterns,Odonate Phenotypic Database (http://www.odonatephenotypicdatabase.org),spotted,,single observation,,both,adult,,,,,,,,,,,
,Cordulegaster.diastatops Cordulegaster diastatops Cordulegastridae Anisoptera,mate guarding,,NA,,single observation,,both,adult,,,,,,,,,,,
Occurrence,Cordulegaster.diastatops Cordulegaster diastatops Cordulegastridae Anisoptera,flight mode,,flier,,single observation,,both,adult,,,,,,,,,,,
HumanObservation,Cordulegaster.diastatops Cordulegaster diastatops Cordulegastridae Anisoptera,territoriality,,NA,,single observation,,both,adult,,,,,,,,,,,
HumanObservation,Cordulegaster.diastatops Cordulegaster diastatops Cordulegastridae Anisoptera,aquatic habitats,,stream,,single observation,,both,adult,,,,,,,,,,,
HumanObservation,Cordulegaster.diastatops Cordulegaster diastatops Cordulegastridae Anisoptera,habitat openness,,open,,single observation,,both,adult,,,,,,,,,,,
PreservedSpecimen,Cordulegaster.diastatops Cordulegaster diastatops Cordulegastridae Anisoptera,body lengths,Data extraction from the Odonate Phenotypic Database (http://www.odonatephenotypicdatabase.org),62,,single observation,,both,adult,,,,,,,,,,,
PreservedSpecimen,Cordulegaster.diastatops Cordulegaster diastatops Cordulegastridae Anisoptera,hindwing lengths,Odonate Phenotypic Database (http://www.odonatephenotypicdatabase.org),39,,single observation,,both,adult,,,,,,,,,,,
PreservedSpecimen,Cordulegaster.diastatops Cordulegaster diastatops Cordulegastridae Anisoptera,has wing pigment,Retrieval from the Odonate Phenotypic Database (http://www.odonatephenotypicdatabase.org),no,,single observation,,both,adult,,,,,,,,,,,
,Cordulegaster.diastatops Cordulegaster diastatops Cordulegastridae Anisoptera,wing pigment extent discrete,,NA,,single observation,,both,adult,,,,,,,,,,,
PreservedSpecimen,Cordulegaster.diastatops Cordulegaster diastatops Cordulegastridae Anisoptera,wing pigment extent continuous,,NA,,single observation,,both,adult,,,,,,,,,,,
,Cordulegaster.diastatops Cordulegaster diastatops Cordulegastridae Anisoptera,wing pigment symmetry,,NA,,single observation,,both,adult,,,,,,,,,,,
,Cordulegaster.diastatops Cordulegaster diastatops Cordulegastridae Anisoptera,wing pigment color,,NA,,single observation,,both,adult,,,,,,,,,,,
,Cordulegaster.diastatops Cordulegaster diastatops Cordulegastridae Anisoptera,wing pigment placement,,NA,,single observation,,both,adult,,,,,,,,,,,
HumanObservation,Cordulegaster.maculata Cordulegaster maculata Cordulegastridae Anisoptera,Flight season start,,5/9,,single observation,,both,adult,,,,,,,,,,,
,Cordulegaster.maculata Cordulegaster maculata Cordulegastridae Anisoptera,Flight season end,,31/7,,single observation,,both,adult,,,,,,,,,,,
PreservedSpecimen,Cordulegaster.maculata Cordulegaster maculata Cordulegastridae Anisoptera,body colors,Odonate Phenotypic Database (http://www.odonatephenotypicdatabase.org),black,,single observation,,both,adult,,,,,,,,,,,
PreservedSpecimen,Cordulegaster.maculata Cordulegaster maculata Cordulegastridae Anisoptera,body colortypes,Odonate Phenotypic Database (http://www.odonatephenotypicdatabase.org),pigment,,single observation,,both,adult,,,,,,,,,,,
PreservedSpecimen,Cordulegaster.maculata Cordulegaster maculata Cordulegastridae Anisoptera,body patterns,Odonate Phenotypic Database (http://www.odonatephenotypicdatabase.org),spotted,,single observation,,both,adult,,,,,,,,,,,
,Cordulegaster.maculata Cordulegaster maculata Cordulegastridae Anisoptera,mate guarding,,NA,,single observation,,both,adult,,,,,,,,,,,
Occurrence,Cordulegaster.maculata Cordulegaster maculata Cordulegastridae Anisoptera,flight mode,,flier,,single observation,,both,adult,,,,,,,,,,,
HumanObservation,Cordulegaster.maculata Cordulegaster maculata Cordulegastridae Anisoptera,territoriality,,territorial,,single observation,,both,adult,,,,,,,,,,,
HumanObservation,Cordulegaster.maculata Cordulegaster maculata Cordulegastridae Anisoptera,aquatic habitats,,pond,,single observation,,both,adult,,,,,,,,,,,
HumanObservation,Cordulegaster.maculata Cordulegaster maculata Cordulegastridae Anisoptera,habitat openness,,closed,,single observation,,both,adult,,,,,,,,,,,
PreservedSpecimen,Cordulegaster.maculata Cordulegaster maculata Cordulegastridae Anisoptera,body lengths,Data extraction from the Odonate Phenotypic Database (http://www.odonatephenotypicdatabase.org),70,,single observation,,both,adult,,,,,,,,,,,
PreservedSpecimen,Cordulegaster.maculata Cordulegaster maculata Cordulegastridae Anisoptera,hindwing lengths,Odonate Phenotypic Database (http://www.odonatephenotypicdatabase.org),43.5,,single observation,,both,adult,,,,,,,,,,,
PreservedSpecimen,Cordulegaster.maculata Cordulegaster maculata Cordulegastridae Anisoptera,has wing pigment,Retrieval from the Odonate Phenotypic Database (http://www.odonatephenotypicdatabase.org),no,,single observation,,both,adult,,,,,,,,,,,
,Cordulegaster.maculata Cordulegaster maculata Cordulegastridae Anisoptera,wing pigment extent discrete,,NA,,single observation,,both,adult,,,,,,,,,,,
PreservedSpecimen,Cordulegaster.maculata Cordulegaster maculata Cordulegastridae Anisoptera,wing pigment extent continuous,,NA,,single observation,,both,adult,,,,,,,,,,,
,Cordulegaster.maculata Cordulegaster maculata Cordulegastridae Anisoptera,wing pigment symmetry,,NA,,single observation,,both,adult,,,,,,,,,,,
,Cordulegaster.maculata Cordulegaster maculata Cordulegastridae Anisoptera,wing pigment color,,NA,,single observation,,both,adult,,,,,,,,,,,
,Cordulegaster.maculata Cordulegaster maculata Cordulegastridae Anisoptera,wing pigment placement,,NA,,single observation,,both,adult,,,,,,,,,,,
HumanObservation,Cordulegaster.maculata Cordulegaster maculata Cordulegastridae Anisoptera,Flight season start,,9.05,,single observation,,both,adult,,,,,,,,,,,
,Cordulegaster.maculata Cordulegaster maculata Cordulegastridae Anisoptera,Flight season end,,7.31,,single observation,,both,adult,,,,,,,,,,,
PreservedSpecimen,Cordulegaster.maculata Cordulegaster maculata Cordulegastridae Anisoptera,body colors,Odonate Phenotypic Database (http://www.odonatephenotypicdatabase.org),black,,single observation,,both,adult,,,,,,,,,,,
PreservedSpecimen,Cordulegaster.maculata Cordulegaster maculata Cordulegastridae Anisoptera,body colortypes,Odonate Phenotypic Database (http://www.odonatephenotypicdatabase.org),pigment,,single observation,,both,adult,,,,,,,,,,,
PreservedSpecimen,Cordulegaster.maculata Cordulegaster maculata Cordulegastridae Anisoptera,body patterns,Odonate Phenotypic Database (http://www.odonatephenotypicdatabase.org),spotted,,single observation,,both,adult,,,,,,,,,,,
,Cordulegaster.maculata Cordulegaster maculata Cordulegastridae Anisoptera,mate guarding,,NA,,single observation,,both,adult,,,,,,,,,,,
Occurrence,Cordulegaster.maculata Cordulegaster maculata Cordulegastridae Anisoptera,flight mode,,flier,,single observation,,both,adult,,,,,,,,,,,
HumanObservation,Cordulegaster.maculata Cordulegaster maculata Cordulegastridae Anisoptera,territoriality,,territorial,,single observation,,both,adult,,,,,,,,,,,
HumanObservation,Cordulegaster.maculata Cordulegaster maculata Cordulegastridae Anisoptera,aquatic habitats,,pond,,single observation,,both,adult,,,,,,,,,,,
HumanObservation,Cordulegaster.maculata Cordulegaster maculata Cordulegastridae Anisoptera,habitat openness,,closed,,single observation,,both,adult,,,,,,,,,,,
PreservedSpecimen,Cordulegaster.maculata Cordulegaster maculata Cordulegastridae Anisoptera,body lengths,Data extraction from the Odonate Phenotypic Database (http://www.odonatephenotypicdatabase.org),70,,single observation,,both,adult,,,,,,,,,,,
PreservedSpecimen,Cordulegaster.maculata Cordulegaster maculata Cordulegastridae Anisoptera,hindwing lengths,Odonate Phenotypic Database (http://www.odonatephenotypicdatabase.org),43.5,,single observation,,both,adult,,,,,,,,,,,
PreservedSpecimen,Cordulegaster.maculata Cordulegaster maculata Cordulegastridae Anisoptera,has wing pigment,Retrieval from the Odonate Phenotypic Database (http://www.odonatephenotypicdatabase.org),no,,single observation,,both,adult,,,,,,,,,,,
,Cordulegaster.maculata Cordulegaster maculata Cordulegastridae Anisoptera,wing pigment extent discrete,,NA,,single observation,,both,adult,,,,,,,,,,,
PreservedSpecimen,Cordulegaster.maculata Cordulegaster maculata Cordulegastridae Anisoptera,wing pigment extent continuous,,NA,,single observation,,both,adult,,,,,,,,,,,
,Cordulegaster.maculata Cordulegaster maculata Cordulegastridae Anisoptera,wing pigment symmetry,,NA,,single observation,,both,adult,,,,,,,,,,,
,Cordulegaster.maculata Cordulegaster maculata Cordulegastridae Anisoptera,wing pigment color,,NA,,single observation,,both,adult,,,,,,,,,,,
,Cordulegaster.maculata Cordulegaster maculata Cordulegastridae Anisoptera,wing pigment placement,,NA,,single observation,,both,adult,,,,,,,,,,,
HumanObservation,Cordulia.shurtleffii Cordulia shurtleffii Corduliidae Anisoptera,Flight season start,,5/12,,single observation,,both,adult,,,,,,,,,,,
,Cordulia.shurtleffii Cordulia shurtleffii Corduliidae Anisoptera,Flight season end,,22/7,,single observation,,both,adult,,,,,,,,,,,
PreservedSpecimen,Cordulia.shurtleffii Cordulia shurtleffii Corduliidae Anisoptera,body colors,Odonate Phenotypic Database (http://www.odonatephenotypicdatabase.org),black,,single observation,,both,adult,,,,,,,,,,,
PreservedSpecimen,Cordulia.shurtleffii Cordulia shurtleffii Corduliidae Anisoptera,body colortypes,Odonate Phenotypic Database (http://www.odonatephenotypicdatabase.org),pigment,,single observation,,both,adult,,,,,,,,,,,
PreservedSpecimen,Cordulia.shurtleffii Cordulia shurtleffii Corduliidae Anisoptera,body patterns,Odonate Phenotypic Database (http://www.odonatephenotypicdatabase.org),plain,,single observation,,both,adult,,,,,,,,,,,
,Cordulia.shurtleffii Cordulia shurtleffii Corduliidae Anisoptera,mate guarding,,NA,,single observation,,both,adult,,,,,,,,,,,
Occurrence,Cordulia.shurtleffii Cordulia shurtleffii Corduliidae Anisoptera,flight mode,,flier,,single observation,,both,adult,,,,,,,,,,,
HumanObservation,Cordulia.shurtleffii Cordulia shurtleffii Corduliidae Anisoptera,territoriality,,NA,,single observation,,both,adult,,,,,,,,,,,
HumanObservation,Cordulia.shurtleffii Cordulia shurtleffii Corduliidae Anisoptera,aquatic habitats,,lake,,single observation,,both,adult,,,,,,,,,,,
HumanObservation,Cordulia.shurtleffii Cordulia shurtleffii Corduliidae Anisoptera,habitat openness,,closed,,single observation,,both,adult,,,,,,,,,,,
PreservedSpecimen,Cordulia.shurtleffii Cordulia shurtleffii Corduliidae Anisoptera,body lengths,Data extraction from the Odonate Phenotypic Database (http://www.odonatephenotypicdatabase.org),46,,single observation,,both,adult,,,,,,,,,,,
PreservedSpecimen,Cordulia.shurtleffii Cordulia shurtleffii Corduliidae Anisoptera,hindwing lengths,Odonate Phenotypic Database (http://www.odonatephenotypicdatabase.org),30.5,,single observation,,both,adult,,,,,,,,,,,
PreservedSpecimen,Cordulia.shurtleffii Cordulia shurtleffii Corduliidae Anisoptera,has wing pigment,Retrieval from the Odonate Phenotypic Database (http://www.odonatephenotypicdatabase.org),no,,single observation,,both,adult,,,,,,,,,,,
,Cordulia.shurtleffii Cordulia shurtleffii Corduliidae Anisoptera,wing pigment extent discrete,,NA,,single observation,,both,adult,,,,,,,,,,,
PreservedSpecimen,Cordulia.shurtleffii Cordulia shurtleffii Corduliidae Anisoptera,wing pigment extent continuous,,NA,,single observation,,both,adult,,,,,,,,,,,
,Cordulia.shurtleffii Cordulia shurtleffii Corduliidae Anisoptera,wing pigment symmetry,,NA,,single observation,,both,adult,,,,,,,,,,,
,Cordulia.shurtleffii Cordulia shurtleffii Corduliidae Anisoptera,wing pigment color,,NA,,single observation,,both,adult,,,,,,,,,,,
,Cordulia.shurtleffii Cordulia shurtleffii Corduliidae Anisoptera,wing pigment placement,,NA,,single observation,,both,adult,,,,,,,,,,,
HumanObservation,Cordulia.shurtleffii Cordulia shurtleffii Corduliidae Anisoptera,Flight season start,,12.05,,single observation,,both,adult,,,,,,,,,,,
,Cordulia.shurtleffii Cordulia shurtleffii Corduliidae Anisoptera,Flight season end,,7.22,,single observation,,both,adult,,,,,,,,,,,
PreservedSpecimen,Cordulia.shurtleffii Cordulia shurtleffii Corduliidae Anisoptera,body colors,Odonate Phenotypic Database (http://www.odonatephenotypicdatabase.org),black,,single observation,,both,adult,,,,,,,,,,,
PreservedSpecimen,Cordulia.shurtleffii Cordulia shurtleffii Corduliidae Anisoptera,body colortypes,Odonate Phenotypic Database (http://www.odonatephenotypicdatabase.org),pigment,,single observation,,both,adult,,,,,,,,,,,
PreservedSpecimen,Cordulia.shurtleffii Cordulia shurtleffii Corduliidae Anisoptera,body patterns,Odonate Phenotypic Database (http://www.odonatephenotypicdatabase.org),plain,,single observation,,both,adult,,,,,,,,,,,
,Cordulia.shurtleffii Cordulia shurtleffii Corduliidae Anisoptera,mate guarding,,NA,,single observation,,both,adult,,,,,,,,,,,
Occurrence,Cordulia.shurtleffii Cordulia shurtleffii Corduliidae Anisoptera,flight mode,,flier,,single observation,,both,adult,,,,,,,,,,,
HumanObservation,Cordulia.shurtleffii Cordulia shurtleffii Corduliidae Anisoptera,territoriality,,NA,,single observation,,both,adult,,,,,,,,,,,
HumanObservation,Cordulia.shurtleffii Cordulia shurtleffii Corduliidae Anisoptera,aquatic habitats,,lake,,single observation,,both,adult,,,,,,,,,,,
HumanObservation,Cordulia.shurtleffii Cordulia shurtleffii Corduliidae Anisoptera,habitat openness,,closed,,single observation,,both,adult,,,,,,,,,,,
PreservedSpecimen,Cordulia.shurtleffii Cordulia shurtleffii Corduliidae Anisoptera,body lengths,Data extraction from the Odonate Phenotypic Database (http://www.odonatephenotypicdatabase.org),46,,single observation,,both,adult,,,,,,,,,,,
PreservedSpecimen,Cordulia.shurtleffii Cordulia shurtleffii Corduliidae Anisoptera,hindwing lengths,Odonate Phenotypic Database (http://www.odonatephenotypicdatabase.org),30.5,,single observation,,both,adult,,,,,,,,,,,
PreservedSpecimen,Cordulia.shurtleffii Cordulia shurtleffii Corduliidae Anisoptera,has wing pigment,Retrieval from the Odonate Phenotypic Database (http://www.odonatephenotypicdatabase.org),no,,single observation,,both,adult,,,,,,,,,,,
,Cordulia.shurtleffii Cordulia shurtleffii Corduliidae Anisoptera,wing pigment extent discrete,,NA,,single observation,,both,adult,,,,,,,,,,,
PreservedSpecimen,Cordulia.shurtleffii Cordulia shurtleffii Corduliidae Anisoptera,wing pigment extent continuous,,NA,,single observation,,both,adult,,,,,,,,,,,
,Cordulia.shurtleffii Cordulia shurtleffii Corduliidae Anisoptera,wing pigment symmetry,,NA,,single observation,,both,adult,,,,,,,,,,,
,Cordulia.shurtleffii Cordulia shurtleffii Corduliidae Anisoptera,wing pigment color,,NA,,single observation,,both,adult,,,,,,,,,,,
,Cordulia.shurtleffii Cordulia shurtleffii Corduliidae Anisoptera,wing pigment placement,,NA,,single observation,,both,adult,,,,,,,,,,,
HumanObservation,Didymops.transversa Didymops transversa Macromiidae Anisoptera,Flight season start,,15/5,,single observation,,both,adult,,,,,,,,,,,
,Didymops.transversa Didymops transversa Macromiidae Anisoptera,Flight season end,,8/9,,single observation,,both,adult,,,,,,,,,,,
PreservedSpecimen,Didymops.transversa Didymops transversa Macromiidae Anisoptera,body colors,Odonate Phenotypic Database (http://www.odonatephenotypicdatabase.org),brown,,single observation,,both,adult,,,,,,,,,,,
PreservedSpecimen,Didymops.transversa Didymops transversa Macromiidae Anisoptera,body colortypes,Odonate Phenotypic Database (http://www.odonatephenotypicdatabase.org),pigment,,single observation,,both,adult,,,,,,,,,,,
PreservedSpecimen,Didymops.transversa Didymops transversa Macromiidae Anisoptera,body patterns,Odonate Phenotypic Database (http://www.odonatephenotypicdatabase.org),spotted,,single observation,,both,adult,,,,,,,,,,,
,Didymops.transversa Didymops transversa Macromiidae Anisoptera,mate guarding,,NA,,single observation,,both,adult,,,,,,,,,,,
Occurrence,Didymops.transversa Didymops transversa Macromiidae Anisoptera,flight mode,,flier,,single observation,,both,adult,,,,,,,,,,,
HumanObservation,Didymops.transversa Didymops transversa Macromiidae Anisoptera,territoriality,,NA,,single observation,,both,adult,,,,,,,,,,,
HumanObservation,Didymops.transversa Didymops transversa Macromiidae Anisoptera,aquatic habitats,,lake,,single observation,,both,adult,,,,,,,,,,,
HumanObservation,Didymops.transversa Didymops transversa Macromiidae Anisoptera,habitat openness,,closed,,single observation,,both,adult,,,,,,,,,,,
PreservedSpecimen,Didymops.transversa Didymops transversa Macromiidae Anisoptera,body lengths,Data extraction from the Odonate Phenotypic Database (http://www.odonatephenotypicdatabase.org),58,,single observation,,both,adult,,,,,,,,,,,
PreservedSpecimen,Didymops.transversa Didymops transversa Macromiidae Anisoptera,hindwing lengths,Odonate Phenotypic Database (http://www.odonatephenotypicdatabase.org),36,,single observation,,both,adult,,,,,,,,,,,
PreservedSpecimen,Didymops.transversa Didymops transversa Macromiidae Anisoptera,has wing pigment,Retrieval from the Odonate Phenotypic Database (http://www.odonatephenotypicdatabase.org),no,,single observation,,both,adult,,,,,,,,,,,
,Didymops.transversa Didymops transversa Macromiidae Anisoptera,wing pigment extent discrete,,NA,,single observation,,both,adult,,,,,,,,,,,
PreservedSpecimen,Didymops.transversa Didymops transversa Macromiidae Anisoptera,wing pigment extent continuous,,NA,,single observation,,both,adult,,,,,,,,,,,
,Didymops.transversa Didymops transversa Macromiidae Anisoptera,wing pigment symmetry,,NA,,single observation,,both,adult,,,,,,,,,,,
,Didymops.transversa Didymops transversa Macromiidae Anisoptera,wing pigment color,,NA,,single observation,,both,adult,,,,,,,,,,,
,Didymops.transversa Didymops transversa Macromiidae Anisoptera,wing pigment placement,,NA,,single observation,,both,adult,,,,,,,,,,,
HumanObservation,Didymops.transversa Didymops transversa Macromiidae Anisoptera,Flight season start,,5.15,,single observation,,both,adult,,,,,,,,,,,
,Didymops.transversa Didymops transversa Macromiidae Anisoptera,Flight season end,,9.08,,single observation,,both,adult,,,,,,,,,,,
PreservedSpecimen,Didymops.transversa Didymops transversa Macromiidae Anisoptera,body colors,Odonate Phenotypic Database (http://www.odonatephenotypicdatabase.org),brown,,single observation,,both,adult,,,,,,,,,,,
PreservedSpecimen,Didymops.transversa Didymops transversa Macromiidae Anisoptera,body colortypes,Odonate Phenotypic Database (http://www.odonatephenotypicdatabase.org),pigment,,single observation,,both,adult,,,,,,,,,,,
PreservedSpecimen,Didymops.transversa Didymops transversa Macromiidae Anisoptera,body patterns,Odonate Phenotypic Database (http://www.odonatephenotypicdatabase.org),spotted,,single observation,,both,adult,,,,,,,,,,,
,Didymops.transversa Didymops transversa Macromiidae Anisoptera,mate guarding,,NA,,single observation,,both,adult,,,,,,,,,,,
Occurrence,Didymops.transversa Didymops transversa Macromiidae Anisoptera,flight mode,,flier,,single observation,,both,adult,,,,,,,,,,,
HumanObservation,Didymops.transversa Didymops transversa Macromiidae Anisoptera,territoriality,,NA,,single observation,,both,adult,,,,,,,,,,,
HumanObservation,Didymops.transversa Didymops transversa Macromiidae Anisoptera,aquatic habitats,,lake,,single observation,,both,adult,,,,,,,,,,,
HumanObservation,Didymops.transversa Didymops transversa Macromiidae Anisoptera,habitat openness,,closed,,single observation,,both,adult,,,,,,,,,,,
PreservedSpecimen,Didymops.transversa Didymops transversa Macromiidae Anisoptera,body lengths,Data extraction from the Odonate Phenotypic Database (http://www.odonatephenotypicdatabase.org),58,,single observation,,both,adult,,,,,,,,,,,
PreservedSpecimen,Didymops.transversa Didymops transversa Macromiidae Anisoptera,hindwing lengths,Odonate Phenotypic Database (http://www.odonatephenotypicdatabase.org),36,,single observation,,both,adult,,,,,,,,,,,
PreservedSpecimen,Didymops.transversa Didymops transversa Macromiidae Anisoptera,has wing pigment,Retrieval from the Odonate Phenotypic Database (http://www.odonatephenotypicdatabase.org),no,,single observation,,both,adult,,,,,,,,,,,
,Didymops.transversa Didymops transversa Macromiidae Anisoptera,wing pigment extent discrete,,NA,,single observation,,both,adult,,,,,,,,,,,
PreservedSpecimen,Didymops.transversa Didymops transversa Macromiidae Anisoptera,wing pigment extent continuous,,NA,,single observation,,both,adult,,,,,,,,,,,
,Didymops.transversa Didymops transversa Macromiidae Anisoptera,wing pigment symmetry,,NA,,single observation,,both,adult,,,,,,,,,,,
,Didymops.transversa Didymops transversa Macromiidae Anisoptera,wing pigment color,,NA,,single observation,,both,adult,,,,,,,,,,,
,Didymops.transversa Didymops transversa Macromiidae Anisoptera,wing pigment placement,,NA,,single observation,,both,adult,,,,,,,,,,,
HumanObservation,Dorocordulia.lepida Dorocordulia lepida Corduliidae Anisoptera,Flight season start,,21/7,,single observation,,both,adult,,,,,,,,,,,
,Dorocordulia.lepida Dorocordulia lepida Corduliidae Anisoptera,Flight season end,,8/5,,single observation,,both,adult,,,,,,,,,,,
PreservedSpecimen,Dorocordulia.lepida Dorocordulia lepida Corduliidae Anisoptera,body colors,Odonate Phenotypic Database (http://www.odonatephenotypicdatabase.org),black,,single observation,,both,adult,,,,,,,,,,,
PreservedSpecimen,Dorocordulia.lepida Dorocordulia lepida Corduliidae Anisoptera,body colortypes,Odonate Phenotypic Database (http://www.odonatephenotypicdatabase.org),pigment,,single observation,,both,adult,,,,,,,,,,,
PreservedSpecimen,Dorocordulia.lepida Dorocordulia lepida Corduliidae Anisoptera,body patterns,Odonate Phenotypic Database (http://www.odonatephenotypicdatabase.org),spotted,,single observation,,both,adult,,,,,,,,,,,
,Dorocordulia.lepida Dorocordulia lepida Corduliidae Anisoptera,mate guarding,,NA,,single observation,,both,adult,,,,,,,,,,,
Occurrence,Dorocordulia.lepida Dorocordulia lepida Corduliidae Anisoptera,flight mode,,flier,,single observation,,both,adult,,,,,,,,,,,
HumanObservation,Dorocordulia.lepida Dorocordulia lepida Corduliidae Anisoptera,territoriality,,NA,,single observation,,both,adult,,,,,,,,,,,
HumanObservation,Dorocordulia.lepida Dorocordulia lepida Corduliidae Anisoptera,aquatic habitats,,lake,,single observation,,both,adult,,,,,,,,,,,
HumanObservation,Dorocordulia.lepida Dorocordulia lepida Corduliidae Anisoptera,habitat openness,,NA,,single observation,,both,adult,,,,,,,,,,,
PreservedSpecimen,Dorocordulia.lepida Dorocordulia lepida Corduliidae Anisoptera,body lengths,Data extraction from the Odonate Phenotypic Database (http://www.odonatephenotypicdatabase.org),40,,single observation,,both,adult,,,,,,,,,,,
PreservedSpecimen,Dorocordulia.lepida Dorocordulia lepida Corduliidae Anisoptera,hindwing lengths,Odonate Phenotypic Database (http://www.odonatephenotypicdatabase.org),27.5,,single observation,,both,adult,,,,,,,,,,,
PreservedSpecimen,Dorocordulia.lepida Dorocordulia lepida Corduliidae Anisoptera,has wing pigment,Retrieval from the Odonate Phenotypic Database (http://www.odonatephenotypicdatabase.org),no,,single observation,,both,adult,,,,,,,,,,,
,Dorocordulia.lepida Dorocordulia lepida Corduliidae Anisoptera,wing pigment extent discrete,,NA,,single observation,,both,adult,,,,,,,,,,,
PreservedSpecimen,Dorocordulia.lepida Dorocordulia lepida Corduliidae Anisoptera,wing pigment extent continuous,,NA,,single observation,,both,adult,,,,,,,,,,,
,Dorocordulia.lepida Dorocordulia lepida Corduliidae Anisoptera,wing pigment symmetry,,NA,,single observation,,both,adult,,,,,,,,,,,
,Dorocordulia.lepida Dorocordulia lepida Corduliidae Anisoptera,wing pigment color,,NA,,single observation,,both,adult,,,,,,,,,,,
,Dorocordulia.lepida Dorocordulia lepida Corduliidae Anisoptera,wing pigment placement,,NA,,single observation,,both,adult,,,,,,,,,,,
HumanObservation,Dorocordulia.lepida Dorocordulia lepida Corduliidae Anisoptera,Flight season start,,7.21,,single observation,,both,adult,,,,,,,,,,,
,Dorocordulia.lepida Dorocordulia lepida Corduliidae Anisoptera,Flight season end,,5.08,,single observation,,both,adult,,,,,,,,,,,
PreservedSpecimen,Dorocordulia.lepida Dorocordulia lepida Corduliidae Anisoptera,body colors,Odonate Phenotypic Database (http://www.odonatephenotypicdatabase.org),black,,single observation,,both,adult,,,,,,,,,,,
PreservedSpecimen,Dorocordulia.lepida Dorocordulia lepida Corduliidae Anisoptera,body colortypes,Odonate Phenotypic Database (http://www.odonatephenotypicdatabase.org),pigment,,single observation,,both,adult,,,,,,,,,,,
PreservedSpecimen,Dorocordulia.lepida Dorocordulia lepida Corduliidae Anisoptera,body patterns,Odonate Phenotypic Database (http://www.odonatephenotypicdatabase.org),spotted,,single observation,,both,adult,,,,,,,,,,,
,Dorocordulia.lepida Dorocordulia lepida Corduliidae Anisoptera,mate guarding,,NA,,single observation,,both,adult,,,,,,,,,,,
Occurrence,Dorocordulia.lepida Dorocordulia lepida Corduliidae Anisoptera,flight mode,,flier,,single observation,,both,adult,,,,,,,,,,,
HumanObservation,Dorocordulia.lepida Dorocordulia lepida Corduliidae Anisoptera,territoriality,,NA,,single observation,,both,adult,,,,,,,,,,,
HumanObservation,Dorocordulia.lepida Dorocordulia lepida Corduliidae Anisoptera,aquatic habitats,,lake,,single observation,,both,adult,,,,,,,,,,,
HumanObservation,Dorocordulia.lepida Dorocordulia lepida Corduliidae Anisoptera,habitat openness,,NA,,single observation,,both,adult,,,,,,,,,,,
PreservedSpecimen,Dorocordulia.lepida Dorocordulia lepida Corduliidae Anisoptera,body lengths,Data extraction from the Odonate Phenotypic Database (http://www.odonatephenotypicdatabase.org),40,,single observation,,both,adult,,,,,,,,,,,
PreservedSpecimen,Dorocordulia.lepida Dorocordulia lepida Corduliidae Anisoptera,hindwing lengths,Odonate Phenotypic Database (http://www.odonatephenotypicdatabase.org),27.5,,single observation,,both,adult,,,,,,,,,,,
PreservedSpecimen,Dorocordulia.lepida Dorocordulia lepida Corduliidae Anisoptera,has wing pigment,Retrieval from the Odonate Phenotypic Database (http://www.odonatephenotypicdatabase.org),no,,single observation,,both,adult,,,,,,,,,,,
,Dorocordulia.lepida Dorocordulia lepida Corduliidae Anisoptera,wing pigment extent discrete,,NA,,single observation,,both,adult,,,,,,,,,,,
PreservedSpecimen,Dorocordulia.lepida Dorocordulia lepida Corduliidae Anisoptera,wing pigment extent continuous,,NA,,single observation,,both,adult,,,,,,,,,,,
,Dorocordulia.lepida Dorocordulia lepida Corduliidae Anisoptera,wing pigment symmetry,,NA,,single observation,,both,adult,,,,,,,,,,,
,Dorocordulia.lepida Dorocordulia lepida Corduliidae Anisoptera,wing pigment color,,NA,,single observation,,both,adult,,,,,,,,,,,
,Dorocordulia.lepida Dorocordulia lepida Corduliidae Anisoptera,wing pigment placement,,NA,,single observation,,both,adult,,,,,,,,,,,
HumanObservation,Dorocordulia.libera Dorocordulia libera Corduliidae Anisoptera,Flight season start,,29/5,,single observation,,both,adult,,,,,,,,,,,
,Dorocordulia.libera Dorocordulia libera Corduliidae Anisoptera,Flight season end,,22/8,,single observation,,both,adult,,,,,,,,,,,
PreservedSpecimen,Dorocordulia.libera Dorocordulia libera Corduliidae Anisoptera,body colors,Odonate Phenotypic Database (http://www.odonatephenotypicdatabase.org),black,,single observation,,both,adult,,,,,,,,,,,
PreservedSpecimen,Dorocordulia.libera Dorocordulia libera Corduliidae Anisoptera,body colortypes,Odonate Phenotypic Database (http://www.odonatephenotypicdatabase.org),pigment,,single observation,,both,adult,,,,,,,,,,,
PreservedSpecimen,Dorocordulia.libera Dorocordulia libera Corduliidae Anisoptera,body patterns,Odonate Phenotypic Database (http://www.odonatephenotypicdatabase.org),plain,,single observation,,both,adult,,,,,,,,,,,
,Dorocordulia.libera Dorocordulia libera Corduliidae Anisoptera,mate guarding,,NA,,single observation,,both,adult,,,,,,,,,,,
Occurrence,Dorocordulia.libera Dorocordulia libera Corduliidae Anisoptera,flight mode,,flier,,single observation,,both,adult,,,,,,,,,,,
HumanObservation,Dorocordulia.libera Dorocordulia libera Corduliidae Anisoptera,territoriality,,NA,,single observation,,both,adult,,,,,,,,,,,
HumanObservation,Dorocordulia.libera Dorocordulia libera Corduliidae Anisoptera,aquatic habitats,,lake,,single observation,,both,adult,,,,,,,,,,,
HumanObservation,Dorocordulia.libera Dorocordulia libera Corduliidae Anisoptera,habitat openness,,open,,single observation,,both,adult,,,,,,,,,,,
PreservedSpecimen,Dorocordulia.libera Dorocordulia libera Corduliidae Anisoptera,body lengths,Data extraction from the Odonate Phenotypic Database (http://www.odonatephenotypicdatabase.org),40,,single observation,,both,adult,,,,,,,,,,,
PreservedSpecimen,Dorocordulia.libera Dorocordulia libera Corduliidae Anisoptera,hindwing lengths,Odonate Phenotypic Database (http://www.odonatephenotypicdatabase.org),28.5,,single observation,,both,adult,,,,,,,,,,,
PreservedSpecimen,Dorocordulia.libera Dorocordulia libera Corduliidae Anisoptera,has wing pigment,Retrieval from the Odonate Phenotypic Database (http://www.odonatephenotypicdatabase.org),no,,single observation,,both,adult,,,,,,,,,,,
,Dorocordulia.libera Dorocordulia libera Corduliidae Anisoptera,wing pigment extent discrete,,NA,,single observation,,both,adult,,,,,,,,,,,
PreservedSpecimen,Dorocordulia.libera Dorocordulia libera Corduliidae Anisoptera,wing pigment extent continuous,,NA,,single observation,,both,adult,,,,,,,,,,,
,Dorocordulia.libera Dorocordulia libera Corduliidae Anisoptera,wing pigment symmetry,,NA,,single observation,,both,adult,,,,,,,,,,,
,Dorocordulia.libera Dorocordulia libera Corduliidae Anisoptera,wing pigment color,,NA,,single observation,,both,adult,,,,,,,,,,,
,Dorocordulia.libera Dorocordulia libera Corduliidae Anisoptera,wing pigment placement,,NA,,single observation,,both,adult,,,,,,,,,,,
HumanObservation,Dorocordulia.libera Dorocordulia libera Corduliidae Anisoptera,Flight season start,,5.29,,single observation,,both,adult,,,,,,,,,,,
,Dorocordulia.libera Dorocordulia libera Corduliidae Anisoptera,Flight season end,,8.22,,single observation,,both,adult,,,,,,,,,,,
PreservedSpecimen,Dorocordulia.libera Dorocordulia libera Corduliidae Anisoptera,body colors,Odonate Phenotypic Database (http://www.odonatephenotypicdatabase.org),black,,single observation,,both,adult,,,,,,,,,,,
PreservedSpecimen,Dorocordulia.libera Dorocordulia libera Corduliidae Anisoptera,body colortypes,Odonate Phenotypic Database (http://www.odonatephenotypicdatabase.org),pigment,,single observation,,both,adult,,,,,,,,,,,
PreservedSpecimen,Dorocordulia.libera Dorocordulia libera Corduliidae Anisoptera,body patterns,Odonate Phenotypic Database (http://www.odonatephenotypicdatabase.org),plain,,single observation,,both,adult,,,,,,,,,,,
,Dorocordulia.libera Dorocordulia libera Corduliidae Anisoptera,mate guarding,,NA,,single observation,,both,adult,,,,,,,,,,,
Occurrence,Dorocordulia.libera Dorocordulia libera Corduliidae Anisoptera,flight mode,,flier,,single observation,,both,adult,,,,,,,,,,,
HumanObservation,Dorocordulia.libera Dorocordulia libera Corduliidae Anisoptera,territoriality,,NA,,single observation,,both,adult,,,,,,,,,,,
HumanObservation,Dorocordulia.libera Dorocordulia libera Corduliidae Anisoptera,aquatic habitats,,lake,,single observation,,both,adult,,,,,,,,,,,
HumanObservation,Dorocordulia.libera Dorocordulia libera Corduliidae Anisoptera,habitat openness,,open,,single observation,,both,adult,,,,,,,,,,,
PreservedSpecimen,Dorocordulia.libera Dorocordulia libera Corduliidae Anisoptera,body lengths,Data extraction from the Odonate Phenotypic Database (http://www.odonatephenotypicdatabase.org),40,,single observation,,both,adult,,,,,,,,,,,
PreservedSpecimen,Dorocordulia.libera Dorocordulia libera Corduliidae Anisoptera,hindwing lengths,Odonate Phenotypic Database (http://www.odonatephenotypicdatabase.org),28.5,,single observation,,both,adult,,,,,,,,,,,
PreservedSpecimen,Dorocordulia.libera Dorocordulia libera Corduliidae Anisoptera,has wing pigment,Retrieval from the Odonate Phenotypic Database (http://www.odonatephenotypicdatabase.org),no,,single observation,,both,adult,,,,,,,,,,,
,Dorocordulia.libera Dorocordulia libera Corduliidae Anisoptera,wing pigment extent discrete,,NA,,single observation,,both,adult,,,,,,,,,,,
PreservedSpecimen,Dorocordulia.libera Dorocordulia libera Corduliidae Anisoptera,wing pigment extent continuous,,NA,,single observation,,both,adult,,,,,,,,,,,
,Dorocordulia.libera Dorocordulia libera Corduliidae Anisoptera,wing pigment symmetry,,NA,,single observation,,both,adult,,,,,,,,,,,
,Dorocordulia.libera Dorocordulia libera Corduliidae Anisoptera,wing pigment color,,NA,,single observation,,both,adult,,,,,,,,,,,
,Dorocordulia.libera Dorocordulia libera Corduliidae Anisoptera,wing pigment placement,,NA,,single observation,,both,adult,,,,,,,,,,,
HumanObservation,Dromogomphus.spinosus Dromogomphus spinosus Gomphidae Anisoptera,Flight season start,,13/7,,single observation,,both,adult,,,,,,,,,,,
,Dromogomphus.spinosus Dromogomphus spinosus Gomphidae Anisoptera,Flight season end,,16/9,,single observation,,both,adult,,,,,,,,,,,
PreservedSpecimen,Dromogomphus.spinosus Dromogomphus spinosus Gomphidae Anisoptera,body colors,Odonate Phenotypic Database (http://www.odonatephenotypicdatabase.org),black,,single observation,,both,adult,,,,,,,,,,,
PreservedSpecimen,Dromogomphus.spinosus Dromogomphus spinosus Gomphidae Anisoptera,body colortypes,Odonate Phenotypic Database (http://www.odonatephenotypicdatabase.org),pigment,,single observation,,both,adult,,,,,,,,,,,
PreservedSpecimen,Dromogomphus.spinosus Dromogomphus spinosus Gomphidae Anisoptera,body patterns,Odonate Phenotypic Database (http://www.odonatephenotypicdatabase.org),spotted,,single observation,,both,adult,,,,,,,,,,,
,Dromogomphus.spinosus Dromogomphus spinosus Gomphidae Anisoptera,mate guarding,,NA,,single observation,,both,adult,,,,,,,,,,,
Occurrence,Dromogomphus.spinosus Dromogomphus spinosus Gomphidae Anisoptera,flight mode,,flier,,single observation,,both,adult,,,,,,,,,,,
HumanObservation,Dromogomphus.spinosus Dromogomphus spinosus Gomphidae Anisoptera,territoriality,,NA,,single observation,,both,adult,,,,,,,,,,,
HumanObservation,Dromogomphus.spinosus Dromogomphus spinosus Gomphidae Anisoptera,aquatic habitats,,lake,,single observation,,both,adult,,,,,,,,,,,
HumanObservation,Dromogomphus.spinosus Dromogomphus spinosus Gomphidae Anisoptera,habitat openness,,closed,,single observation,,both,adult,,,,,,,,,,,
PreservedSpecimen,Dromogomphus.spinosus Dromogomphus spinosus Gomphidae Anisoptera,body lengths,Data extraction from the Odonate Phenotypic Database (http://www.odonatephenotypicdatabase.org),60.5,,single observation,,both,adult,,,,,,,,,,,
PreservedSpecimen,Dromogomphus.spinosus Dromogomphus spinosus Gomphidae Anisoptera,hindwing lengths,Odonate Phenotypic Database (http://www.odonatephenotypicdatabase.org),36,,single observation,,both,adult,,,,,,,,,,,
PreservedSpecimen,Dromogomphus.spinosus Dromogomphus spinosus Gomphidae Anisoptera,has wing pigment,Retrieval from the Odonate Phenotypic Database (http://www.odonatephenotypicdatabase.org),no,,single observation,,both,adult,,,,,,,,,,,
,Dromogomphus.spinosus Dromogomphus spinosus Gomphidae Anisoptera,wing pigment extent discrete,,NA,,single observation,,both,adult,,,,,,,,,,,
PreservedSpecimen,Dromogomphus.spinosus Dromogomphus spinosus Gomphidae Anisoptera,wing pigment extent continuous,,NA,,single observation,,both,adult,,,,,,,,,,,
,Dromogomphus.spinosus Dromogomphus spinosus Gomphidae Anisoptera,wing pigment symmetry,,NA,,single observation,,both,adult,,,,,,,,,,,
,Dromogomphus.spinosus Dromogomphus spinosus Gomphidae Anisoptera,wing pigment color,,NA,,single observation,,both,adult,,,,,,,,,,,
,Dromogomphus.spinosus Dromogomphus spinosus Gomphidae Anisoptera,wing pigment placement,,NA,,single observation,,both,adult,,,,,,,,,,,
HumanObservation,Dromogomphus.spinosus Dromogomphus spinosus Gomphidae Anisoptera,Flight season start,,7.13,,single observation,,both,adult,,,,,,,,,,,
,Dromogomphus.spinosus Dromogomphus spinosus Gomphidae Anisoptera,Flight season end,,9.16,,single observation,,both,adult,,,,,,,,,,,
PreservedSpecimen,Dromogomphus.spinosus Dromogomphus spinosus Gomphidae Anisoptera,body colors,Odonate Phenotypic Database (http://www.odonatephenotypicdatabase.org),black,,single observation,,both,adult,,,,,,,,,,,
PreservedSpecimen,Dromogomphus.spinosus Dromogomphus spinosus Gomphidae Anisoptera,body colortypes,Odonate Phenotypic Database (http://www.odonatephenotypicdatabase.org),pigment,,single observation,,both,adult,,,,,,,,,,,
PreservedSpecimen,Dromogomphus.spinosus Dromogomphus spinosus Gomphidae Anisoptera,body patterns,Odonate Phenotypic Database (http://www.odonatephenotypicdatabase.org),spotted,,single observation,,both,adult,,,,,,,,,,,
,Dromogomphus.spinosus Dromogomphus spinosus Gomphidae Anisoptera,mate guarding,,NA,,single observation,,both,adult,,,,,,,,,,,
Occurrence,Dromogomphus.spinosus Dromogomphus spinosus Gomphidae Anisoptera,flight mode,,flier,,single observation,,both,adult,,,,,,,,,,,
HumanObservation,Dromogomphus.spinosus Dromogomphus spinosus Gomphidae Anisoptera,territoriality,,NA,,single observation,,both,adult,,,,,,,,,,,
HumanObservation,Dromogomphus.spinosus Dromogomphus spinosus Gomphidae Anisoptera,aquatic habitats,,lake,,single observation,,both,adult,,,,,,,,,,,
HumanObservation,Dromogomphus.spinosus Dromogomphus spinosus Gomphidae Anisoptera,habitat openness,,closed,,single observation,,both,adult,,,,,,,,,,,
PreservedSpecimen,Dromogomphus.spinosus Dromogomphus spinosus Gomphidae Anisoptera,body lengths,Data extraction from the Odonate Phenotypic Database (http://www.odonatephenotypicdatabase.org),60.5,,single observation,,both,adult,,,,,,,,,,,
PreservedSpecimen,Dromogomphus.spinosus Dromogomphus spinosus Gomphidae Anisoptera,hindwing lengths,Odonate Phenotypic Database (http://www.odonatephenotypicdatabase.org),36,,single observation,,both,adult,,,,,,,,,,,
PreservedSpecimen,Dromogomphus.spinosus Dromogomphus spinosus Gomphidae Anisoptera,has wing pigment,Retrieval from the Odonate Phenotypic Database (http://www.odonatephenotypicdatabase.org),no,,single observation,,both,adult,,,,,,,,,,,
,Dromogomphus.spinosus Dromogomphus spinosus Gomphidae Anisoptera,wing pigment extent discrete,,NA,,single observation,,both,adult,,,,,,,,,,,
PreservedSpecimen,Dromogomphus.spinosus Dromogomphus spinosus Gomphidae Anisoptera,wing pigment extent continuous,,NA,,single observation,,both,adult,,,,,,,,,,,
,Dromogomphus.spinosus Dromogomphus spinosus Gomphidae Anisoptera,wing pigment symmetry,,NA,,single observation,,both,adult,,,,,,,,,,,
,Dromogomphus.spinosus Dromogomphus spinosus Gomphidae Anisoptera,wing pigment color,,NA,,single observation,,both,adult,,,,,,,,,,,
,Dromogomphus.spinosus Dromogomphus spinosus Gomphidae Anisoptera,wing pigment placement,,NA,,single observation,,both,adult,,,,,,,,,,,
HumanObservation,Enallagma.annexum Enallagma annexum Coenagrionidae Zygoptera,Flight season start,,24/5,,single observation,,both,adult,,,,,,,,,,,
,Enallagma.annexum Enallagma annexum Coenagrionidae Zygoptera,Flight season end,,17/7,,single observation,,both,adult,,,,,,,,,,,
PreservedSpecimen,Enallagma.annexum Enallagma annexum Coenagrionidae Zygoptera,body colors,Odonate Phenotypic Database (http://www.odonatephenotypicdatabase.org),black,,single observation,,both,adult,,,,,,,,,,,
PreservedSpecimen,Enallagma.annexum Enallagma annexum Coenagrionidae Zygoptera,body colortypes,Odonate Phenotypic Database (http://www.odonatephenotypicdatabase.org),pigment,,single observation,,both,adult,,,,,,,,,,,
PreservedSpecimen,Enallagma.annexum Enallagma annexum Coenagrionidae Zygoptera,body patterns,Odonate Phenotypic Database (http://www.odonatephenotypicdatabase.org),spotted,,single observation,,both,adult,,,,,,,,,,,
,Enallagma.annexum Enallagma annexum Coenagrionidae Zygoptera,mate guarding,,noncontact,,single observation,,both,adult,,,,,,,,,,,
Occurrence,Enallagma.annexum Enallagma annexum Coenagrionidae Zygoptera,flight mode,,percher,,single observation,,both,adult,,,,,,,,,,,
HumanObservation,Enallagma.annexum Enallagma annexum Coenagrionidae Zygoptera,territoriality,,NA,,single observation,,both,adult,,,,,,,,,,,
HumanObservation,Enallagma.annexum Enallagma annexum Coenagrionidae Zygoptera,aquatic habitats,,lake,,single observation,,both,adult,,,,,,,,,,,
HumanObservation,Enallagma.annexum Enallagma annexum Coenagrionidae Zygoptera,habitat openness,,open,,single observation,,both,adult,,,,,,,,,,,
PreservedSpecimen,Enallagma.annexum Enallagma annexum Coenagrionidae Zygoptera,body lengths,Data extraction from the Odonate Phenotypic Database (http://www.odonatephenotypicdatabase.org),34.5,,single observation,,both,adult,,,,,,,,,,,
PreservedSpecimen,Enallagma.annexum Enallagma annexum Coenagrionidae Zygoptera,hindwing lengths,Odonate Phenotypic Database (http://www.odonatephenotypicdatabase.org),20.5,,single observation,,both,adult,,,,,,,,,,,
PreservedSpecimen,Enallagma.annexum Enallagma annexum Coenagrionidae Zygoptera,has wing pigment,Retrieval from the Odonate Phenotypic Database (http://www.odonatephenotypicdatabase.org),no,,single observation,,both,adult,,,,,,,,,,,
,Enallagma.annexum Enallagma annexum Coenagrionidae Zygoptera,wing pigment extent discrete,,NA,,single observation,,both,adult,,,,,,,,,,,
PreservedSpecimen,Enallagma.annexum Enallagma annexum Coenagrionidae Zygoptera,wing pigment extent continuous,,NA,,single observation,,both,adult,,,,,,,,,,,
,Enallagma.annexum Enallagma annexum Coenagrionidae Zygoptera,wing pigment symmetry,,NA,,single observation,,both,adult,,,,,,,,,,,
,Enallagma.annexum Enallagma annexum Coenagrionidae Zygoptera,wing pigment color,,NA,,single observation,,both,adult,,,,,,,,,,,
,Enallagma.annexum Enallagma annexum Coenagrionidae Zygoptera,wing pigment placement,,NA,,single observation,,both,adult,,,,,,,,,,,
HumanObservation,Enallagma.annexum Enallagma annexum Coenagrionidae Zygoptera,Flight season start,,5.24,,single observation,,both,adult,,,,,,,,,,,
,Enallagma.annexum Enallagma annexum Coenagrionidae Zygoptera,Flight season end,,7.17,,single observation,,both,adult,,,,,,,,,,,
PreservedSpecimen,Enallagma.annexum Enallagma annexum Coenagrionidae Zygoptera,body colors,Odonate Phenotypic Database (http://www.odonatephenotypicdatabase.org),black,,single observation,,both,adult,,,,,,,,,,,
PreservedSpecimen,Enallagma.annexum Enallagma annexum Coenagrionidae Zygoptera,body colortypes,Odonate Phenotypic Database (http://www.odonatephenotypicdatabase.org),pigment,,single observation,,both,adult,,,,,,,,,,,
PreservedSpecimen,Enallagma.annexum Enallagma annexum Coenagrionidae Zygoptera,body patterns,Odonate Phenotypic Database (http://www.odonatephenotypicdatabase.org),spotted,,single observation,,both,adult,,,,,,,,,,,
,Enallagma.annexum Enallagma annexum Coenagrionidae Zygoptera,mate guarding,,noncontact,,single observation,,both,adult,,,,,,,,,,,
Occurrence,Enallagma.annexum Enallagma annexum Coenagrionidae Zygoptera,flight mode,,percher,,single observation,,both,adult,,,,,,,,,,,
HumanObservation,Enallagma.annexum Enallagma annexum Coenagrionidae Zygoptera,territoriality,,NA,,single observation,,both,adult,,,,,,,,,,,
HumanObservation,Enallagma.annexum Enallagma annexum Coenagrionidae Zygoptera,aquatic habitats,,lake,,single observation,,both,adult,,,,,,,,,,,
HumanObservation,Enallagma.annexum Enallagma annexum Coenagrionidae Zygoptera,habitat openness,,open,,single observation,,both,adult,,,,,,,,,,,
PreservedSpecimen,Enallagma.annexum Enallagma annexum Coenagrionidae Zygoptera,body lengths,Data extraction from the Odonate Phenotypic Database (http://www.odonatephenotypicdatabase.org),34.5,,single observation,,both,adult,,,,,,,,,,,
PreservedSpecimen,Enallagma.annexum Enallagma annexum Coenagrionidae Zygoptera,hindwing lengths,Odonate Phenotypic Database (http://www.odonatephenotypicdatabase.org),20.5,,single observation,,both,adult,,,,,,,,,,,
PreservedSpecimen,Enallagma.annexum Enallagma annexum Coenagrionidae Zygoptera,has wing pigment,Retrieval from the Odonate Phenotypic Database (http://www.odonatephenotypicdatabase.org),no,,single observation,,both,adult,,,,,,,,,,,
,Enallagma.annexum Enallagma annexum Coenagrionidae Zygoptera,wing pigment extent discrete,,NA,,single observation,,both,adult,,,,,,,,,,,
PreservedSpecimen,Enallagma.annexum Enallagma annexum Coenagrionidae Zygoptera,wing pigment extent continuous,,NA,,single observation,,both,adult,,,,,,,,,,,
,Enallagma.annexum Enallagma annexum Coenagrionidae Zygoptera,wing pigment symmetry,,NA,,single observation,,both,adult,,,,,,,,,,,
,Enallagma.annexum Enallagma annexum Coenagrionidae Zygoptera,wing pigment color,,NA,,single observation,,both,adult,,,,,,,,,,,
,Enallagma.annexum Enallagma annexum Coenagrionidae Zygoptera,wing pigment placement,,NA,,single observation,,both,adult,,,,,,,,,,,
HumanObservation,Enallagma.antennatum Enallagma antennatum Coenagrionidae Zygoptera,Flight season start,,31/5,,single observation,,both,adult,,,,,,,,,,,
,Enallagma.antennatum Enallagma antennatum Coenagrionidae Zygoptera,Flight season end,,14/8,,single observation,,both,adult,,,,,,,,,,,
PreservedSpecimen,Enallagma.antennatum Enallagma antennatum Coenagrionidae Zygoptera,body colors,Odonate Phenotypic Database (http://www.odonatephenotypicdatabase.org),black,,single observation,,both,adult,,,,,,,,,,,
PreservedSpecimen,Enallagma.antennatum Enallagma antennatum Coenagrionidae Zygoptera,body colortypes,Odonate Phenotypic Database (http://www.odonatephenotypicdatabase.org),pigment,,single observation,,both,adult,,,,,,,,,,,
PreservedSpecimen,Enallagma.antennatum Enallagma antennatum Coenagrionidae Zygoptera,body patterns,Odonate Phenotypic Database (http://www.odonatephenotypicdatabase.org),plain,,single observation,,both,adult,,,,,,,,,,,
,Enallagma.antennatum Enallagma antennatum Coenagrionidae Zygoptera,mate guarding,,contact,,single observation,,both,adult,,,,,,,,,,,
Occurrence,Enallagma.antennatum Enallagma antennatum Coenagrionidae Zygoptera,flight mode,,percher,,single observation,,both,adult,,,,,,,,,,,
HumanObservation,Enallagma.antennatum Enallagma antennatum Coenagrionidae Zygoptera,territoriality,,NA,,single observation,,both,adult,,,,,,,,,,,
HumanObservation,Enallagma.antennatum Enallagma antennatum Coenagrionidae Zygoptera,aquatic habitats,,pond,,single observation,,both,adult,,,,,,,,,,,
HumanObservation,Enallagma.antennatum Enallagma antennatum Coenagrionidae Zygoptera,habitat openness,,open,,single observation,,both,adult,,,,,,,,,,,
PreservedSpecimen,Enallagma.antennatum Enallagma antennatum Coenagrionidae Zygoptera,body lengths,Data extraction from the Odonate Phenotypic Database (http://www.odonatephenotypicdatabase.org),30,,single observation,,both,adult,,,,,,,,,,,
PreservedSpecimen,Enallagma.antennatum Enallagma antennatum Coenagrionidae Zygoptera,hindwing lengths,Odonate Phenotypic Database (http://www.odonatephenotypicdatabase.org),18,,single observation,,both,adult,,,,,,,,,,,
PreservedSpecimen,Enallagma.antennatum Enallagma antennatum Coenagrionidae Zygoptera,has wing pigment,Retrieval from the Odonate Phenotypic Database (http://www.odonatephenotypicdatabase.org),no,,single observation,,both,adult,,,,,,,,,,,
,Enallagma.antennatum Enallagma antennatum Coenagrionidae Zygoptera,wing pigment extent discrete,,NA,,single observation,,both,adult,,,,,,,,,,,
PreservedSpecimen,Enallagma.antennatum Enallagma antennatum Coenagrionidae Zygoptera,wing pigment extent continuous,,NA,,single observation,,both,adult,,,,,,,,,,,
,Enallagma.antennatum Enallagma antennatum Coenagrionidae Zygoptera,wing pigment symmetry,,NA,,single observation,,both,adult,,,,,,,,,,,
,Enallagma.antennatum Enallagma antennatum Coenagrionidae Zygoptera,wing pigment color,,NA,,single observation,,both,adult,,,,,,,,,,,
,Enallagma.antennatum Enallagma antennatum Coenagrionidae Zygoptera,wing pigment placement,,NA,,single observation,,both,adult,,,,,,,,,,,
HumanObservation,Enallagma.antennatum Enallagma antennatum Coenagrionidae Zygoptera,Flight season start,,5.31,,single observation,,both,adult,,,,,,,,,,,
,Enallagma.antennatum Enallagma antennatum Coenagrionidae Zygoptera,Flight season end,,8.14,,single observation,,both,adult,,,,,,,,,,,
PreservedSpecimen,Enallagma.antennatum Enallagma antennatum Coenagrionidae Zygoptera,body colors,Odonate Phenotypic Database (http://www.odonatephenotypicdatabase.org),black,,single observation,,both,adult,,,,,,,,,,,
PreservedSpecimen,Enallagma.antennatum Enallagma antennatum Coenagrionidae Zygoptera,body colortypes,Odonate Phenotypic Database (http://www.odonatephenotypicdatabase.org),pigment,,single observation,,both,adult,,,,,,,,,,,
PreservedSpecimen,Enallagma.antennatum Enallagma antennatum Coenagrionidae Zygoptera,body patterns,Odonate Phenotypic Database (http://www.odonatephenotypicdatabase.org),plain,,single observation,,both,adult,,,,,,,,,,,
,Enallagma.antennatum Enallagma antennatum Coenagrionidae Zygoptera,mate guarding,,contact,,single observation,,both,adult,,,,,,,,,,,
Occurrence,Enallagma.antennatum Enallagma antennatum Coenagrionidae Zygoptera,flight mode,,percher,,single observation,,both,adult,,,,,,,,,,,
HumanObservation,Enallagma.antennatum Enallagma antennatum Coenagrionidae Zygoptera,territoriality,,NA,,single observation,,both,adult,,,,,,,,,,,
HumanObservation,Enallagma.antennatum Enallagma antennatum Coenagrionidae Zygoptera,aquatic habitats,,pond,,single observation,,both,adult,,,,,,,,,,,
HumanObservation,Enallagma.antennatum Enallagma antennatum Coenagrionidae Zygoptera,habitat openness,,open,,single observation,,both,adult,,,,,,,,,,,
PreservedSpecimen,Enallagma.antennatum Enallagma antennatum Coenagrionidae Zygoptera,body lengths,Data extraction from the Odonate Phenotypic Database (http://www.odonatephenotypicdatabase.org),30,,single observation,,both,adult,,,,,,,,,,,
PreservedSpecimen,Enallagma.antennatum Enallagma antennatum Coenagrionidae Zygoptera,hindwing lengths,Odonate Phenotypic Database (http://www.odonatephenotypicdatabase.org),18,,single observation,,both,adult,,,,,,,,,,,
PreservedSpecimen,Enallagma.antennatum Enallagma antennatum Coenagrionidae Zygoptera,has wing pigment,Retrieval from the Odonate Phenotypic Database (http://www.odonatephenotypicdatabase.org),no,,single observation,,both,adult,,,,,,,,,,,
,Enallagma.antennatum Enallagma antennatum Coenagrionidae Zygoptera,wing pigment extent discrete,,NA,,single observation,,both,adult,,,,,,,,,,,
PreservedSpecimen,Enallagma.antennatum Enallagma antennatum Coenagrionidae Zygoptera,wing pigment extent continuous,,NA,,single observation,,both,adult,,,,,,,,,,,
,Enallagma.antennatum Enallagma antennatum Coenagrionidae Zygoptera,wing pigment symmetry,,NA,,single observation,,both,adult,,,,,,,,,,,
,Enallagma.antennatum Enallagma antennatum Coenagrionidae Zygoptera,wing pigment color,,NA,,single observation,,both,adult,,,,,,,,,,,
,Enallagma.antennatum Enallagma antennatum Coenagrionidae Zygoptera,wing pigment placement,,NA,,single observation,,both,adult,,,,,,,,,,,
HumanObservation,Enallagma.aspersum Enallagma aspersum Coenagrionidae Zygoptera,Flight season start,,29/5,,single observation,,both,adult,,,,,,,,,,,
,Enallagma.aspersum Enallagma aspersum Coenagrionidae Zygoptera,Flight season end,,9/8,,single observation,,both,adult,,,,,,,,,,,
PreservedSpecimen,Enallagma.aspersum Enallagma aspersum Coenagrionidae Zygoptera,body colors,Odonate Phenotypic Database (http://www.odonatephenotypicdatabase.org),black,,single observation,,both,adult,,,,,,,,,,,
PreservedSpecimen,Enallagma.aspersum Enallagma aspersum Coenagrionidae Zygoptera,body colortypes,Odonate Phenotypic Database (http://www.odonatephenotypicdatabase.org),pigment,,single observation,,both,adult,,,,,,,,,,,
PreservedSpecimen,Enallagma.aspersum Enallagma aspersum Coenagrionidae Zygoptera,body patterns,Odonate Phenotypic Database (http://www.odonatephenotypicdatabase.org),plain,,single observation,,both,adult,,,,,,,,,,,
,Enallagma.aspersum Enallagma aspersum Coenagrionidae Zygoptera,mate guarding,,noncontact,,single observation,,both,adult,,,,,,,,,,,
Occurrence,Enallagma.aspersum Enallagma aspersum Coenagrionidae Zygoptera,flight mode,,percher,,single observation,,both,adult,,,,,,,,,,,
HumanObservation,Enallagma.aspersum Enallagma aspersum Coenagrionidae Zygoptera,territoriality,,NA,,single observation,,both,adult,,,,,,,,,,,
HumanObservation,Enallagma.aspersum Enallagma aspersum Coenagrionidae Zygoptera,aquatic habitats,,lake,,single observation,,both,adult,,,,,,,,,,,
HumanObservation,Enallagma.aspersum Enallagma aspersum Coenagrionidae Zygoptera,habitat openness,,semi,,single observation,,both,adult,,,,,,,,,,,
PreservedSpecimen,Enallagma.aspersum Enallagma aspersum Coenagrionidae Zygoptera,body lengths,Data extraction from the Odonate Phenotypic Database (http://www.odonatephenotypicdatabase.org),30.5,,single observation,,both,adult,,,,,,,,,,,
PreservedSpecimen,Enallagma.aspersum Enallagma aspersum Coenagrionidae Zygoptera,hindwing lengths,Odonate Phenotypic Database (http://www.odonatephenotypicdatabase.org),17.5,,single observation,,both,adult,,,,,,,,,,,
PreservedSpecimen,Enallagma.aspersum Enallagma aspersum Coenagrionidae Zygoptera,has wing pigment,Retrieval from the Odonate Phenotypic Database (http://www.odonatephenotypicdatabase.org),no,,single observation,,both,adult,,,,,,,,,,,
,Enallagma.aspersum Enallagma aspersum Coenagrionidae Zygoptera,wing pigment extent discrete,,NA,,single observation,,both,adult,,,,,,,,,,,
PreservedSpecimen,Enallagma.aspersum Enallagma aspersum Coenagrionidae Zygoptera,wing pigment extent continuous,,NA,,single observation,,both,adult,,,,,,,,,,,
,Enallagma.aspersum Enallagma aspersum Coenagrionidae Zygoptera,wing pigment symmetry,,NA,,single observation,,both,adult,,,,,,,,,,,
,Enallagma.aspersum Enallagma aspersum Coenagrionidae Zygoptera,wing pigment color,,NA,,single observation,,both,adult,,,,,,,,,,,
,Enallagma.aspersum Enallagma aspersum Coenagrionidae Zygoptera,wing pigment placement,,NA,,single observation,,both,adult,,,,,,,,,,,
HumanObservation,Enallagma.aspersum Enallagma aspersum Coenagrionidae Zygoptera,Flight season start,,5.29,,single observation,,both,adult,,,,,,,,,,,
,Enallagma.aspersum Enallagma aspersum Coenagrionidae Zygoptera,Flight season end,,8.09,,single observation,,both,adult,,,,,,,,,,,
PreservedSpecimen,Enallagma.aspersum Enallagma aspersum Coenagrionidae Zygoptera,body colors,Odonate Phenotypic Database (http://www.odonatephenotypicdatabase.org),black,,single observation,,both,adult,,,,,,,,,,,
PreservedSpecimen,Enallagma.aspersum Enallagma aspersum Coenagrionidae Zygoptera,body colortypes,Odonate Phenotypic Database (http://www.odonatephenotypicdatabase.org),pigment,,single observation,,both,adult,,,,,,,,,,,
PreservedSpecimen,Enallagma.aspersum Enallagma aspersum Coenagrionidae Zygoptera,body patterns,Odonate Phenotypic Database (http://www.odonatephenotypicdatabase.org),plain,,single observation,,both,adult,,,,,,,,,,,
,Enallagma.aspersum Enallagma aspersum Coenagrionidae Zygoptera,mate guarding,,noncontact,,single observation,,both,adult,,,,,,,,,,,
Occurrence,Enallagma.aspersum Enallagma aspersum Coenagrionidae Zygoptera,flight mode,,percher,,single observation,,both,adult,,,,,,,,,,,
HumanObservation,Enallagma.aspersum Enallagma aspersum Coenagrionidae Zygoptera,territoriality,,NA,,single observation,,both,adult,,,,,,,,,,,
HumanObservation,Enallagma.aspersum Enallagma aspersum Coenagrionidae Zygoptera,aquatic habitats,,lake,,single observation,,both,adult,,,,,,,,,,,
HumanObservation,Enallagma.aspersum Enallagma aspersum Coenagrionidae Zygoptera,habitat openness,,semi,,single observation,,both,adult,,,,,,,,,,,
PreservedSpecimen,Enallagma.aspersum Enallagma aspersum Coenagrionidae Zygoptera,body lengths,Data extraction from the Odonate Phenotypic Database (http://www.odonatephenotypicdatabase.org),30.5,,single observation,,both,adult,,,,,,,,,,,
PreservedSpecimen,Enallagma.aspersum Enallagma aspersum Coenagrionidae Zygoptera,hindwing lengths,Odonate Phenotypic Database (http://www.odonatephenotypicdatabase.org),17.5,,single observation,,both,adult,,,,,,,,,,,
PreservedSpecimen,Enallagma.aspersum Enallagma aspersum Coenagrionidae Zygoptera,has wing pigment,Retrieval from the Odonate Phenotypic Database (http://www.odonatephenotypicdatabase.org),no,,single observation,,both,adult,,,,,,,,,,,
,Enallagma.aspersum Enallagma aspersum Coenagrionidae Zygoptera,wing pigment extent discrete,,NA,,single observation,,both,adult,,,,,,,,,,,
PreservedSpecimen,Enallagma.aspersum Enallagma aspersum Coenagrionidae Zygoptera,wing pigment extent continuous,,NA,,single observation,,both,adult,,,,,,,,,,,
,Enallagma.aspersum Enallagma aspersum Coenagrionidae Zygoptera,wing pigment symmetry,,NA,,single observation,,both,adult,,,,,,,,,,,
,Enallagma.aspersum Enallagma aspersum Coenagrionidae Zygoptera,wing pigment color,,NA,,single observation,,both,adult,,,,,,,,,,,
,Enallagma.aspersum Enallagma aspersum Coenagrionidae Zygoptera,wing pigment placement,,NA,,single observation,,both,adult,,,,,,,,,,,
HumanObservation,Enallagma.boreale Enallagma boreale Coenagrionidae Zygoptera,Flight season start,,5/11,,single observation,,both,adult,,,,,,,,,,,
,Enallagma.boreale Enallagma boreale Coenagrionidae Zygoptera,Flight season end,,17/7,,single observation,,both,adult,,,,,,,,,,,
PreservedSpecimen,Enallagma.boreale Enallagma boreale Coenagrionidae Zygoptera,body colors,Odonate Phenotypic Database (http://www.odonatephenotypicdatabase.org),black,,single observation,,both,adult,,,,,,,,,,,
PreservedSpecimen,Enallagma.boreale Enallagma boreale Coenagrionidae Zygoptera,body colortypes,Odonate Phenotypic Database (http://www.odonatephenotypicdatabase.org),pigment,,single observation,,both,adult,,,,,,,,,,,
PreservedSpecimen,Enallagma.boreale Enallagma boreale Coenagrionidae Zygoptera,body patterns,Odonate Phenotypic Database (http://www.odonatephenotypicdatabase.org),spotted,,single observation,,both,adult,,,,,,,,,,,
,Enallagma.boreale Enallagma boreale Coenagrionidae Zygoptera,mate guarding,,contact,,single observation,,both,adult,,,,,,,,,,,
Occurrence,Enallagma.boreale Enallagma boreale Coenagrionidae Zygoptera,flight mode,,percher,,single observation,,both,adult,,,,,,,,,,,
HumanObservation,Enallagma.boreale Enallagma boreale Coenagrionidae Zygoptera,territoriality,,non-territorial,,single observation,,both,adult,,,,,,,,,,,
HumanObservation,Enallagma.boreale Enallagma boreale Coenagrionidae Zygoptera,aquatic habitats,,lake,,single observation,,both,adult,,,,,,,,,,,
HumanObservation,Enallagma.boreale Enallagma boreale Coenagrionidae Zygoptera,habitat openness,,semi,,single observation,,both,adult,,,,,,,,,,,
PreservedSpecimen,Enallagma.boreale Enallagma boreale Coenagrionidae Zygoptera,body lengths,Data extraction from the Odonate Phenotypic Database (http://www.odonatephenotypicdatabase.org),32,,single observation,,both,adult,,,,,,,,,,,
PreservedSpecimen,Enallagma.boreale Enallagma boreale Coenagrionidae Zygoptera,hindwing lengths,Odonate Phenotypic Database (http://www.odonatephenotypicdatabase.org),19.5,,single observation,,both,adult,,,,,,,,,,,
PreservedSpecimen,Enallagma.boreale Enallagma boreale Coenagrionidae Zygoptera,has wing pigment,Retrieval from the Odonate Phenotypic Database (http://www.odonatephenotypicdatabase.org),no,,single observation,,both,adult,,,,,,,,,,,
,Enallagma.boreale Enallagma boreale Coenagrionidae Zygoptera,wing pigment extent discrete,,NA,,single observation,,both,adult,,,,,,,,,,,
PreservedSpecimen,Enallagma.boreale Enallagma boreale Coenagrionidae Zygoptera,wing pigment extent continuous,,NA,,single observation,,both,adult,,,,,,,,,,,
,Enallagma.boreale Enallagma boreale Coenagrionidae Zygoptera,wing pigment symmetry,,NA,,single observation,,both,adult,,,,,,,,,,,
,Enallagma.boreale Enallagma boreale Coenagrionidae Zygoptera,wing pigment color,,NA,,single observation,,both,adult,,,,,,,,,,,
,Enallagma.boreale Enallagma boreale Coenagrionidae Zygoptera,wing pigment placement,,NA,,single observation,,both,adult,,,,,,,,,,,
HumanObservation,Enallagma.boreale Enallagma boreale Coenagrionidae Zygoptera,Flight season start,,11.05,,single observation,,both,adult,,,,,,,,,,,
,Enallagma.boreale Enallagma boreale Coenagrionidae Zygoptera,Flight season end,,7.17,,single observation,,both,adult,,,,,,,,,,,
PreservedSpecimen,Enallagma.boreale Enallagma boreale Coenagrionidae Zygoptera,body colors,Odonate Phenotypic Database (http://www.odonatephenotypicdatabase.org),black,,single observation,,both,adult,,,,,,,,,,,
PreservedSpecimen,Enallagma.boreale Enallagma boreale Coenagrionidae Zygoptera,body colortypes,Odonate Phenotypic Database (http://www.odonatephenotypicdatabase.org),pigment,,single observation,,both,adult,,,,,,,,,,,
PreservedSpecimen,Enallagma.boreale Enallagma boreale Coenagrionidae Zygoptera,body patterns,Odonate Phenotypic Database (http://www.odonatephenotypicdatabase.org),spotted,,single observation,,both,adult,,,,,,,,,,,
,Enallagma.boreale Enallagma boreale Coenagrionidae Zygoptera,mate guarding,,contact,,single observation,,both,adult,,,,,,,,,,,
Occurrence,Enallagma.boreale Enallagma boreale Coenagrionidae Zygoptera,flight mode,,percher,,single observation,,both,adult,,,,,,,,,,,
HumanObservation,Enallagma.boreale Enallagma boreale Coenagrionidae Zygoptera,territoriality,,non-territorial,,single observation,,both,adult,,,,,,,,,,,
HumanObservation,Enallagma.boreale Enallagma boreale Coenagrionidae Zygoptera,aquatic habitats,,lake,,single observation,,both,adult,,,,,,,,,,,
HumanObservation,Enallagma.boreale Enallagma boreale Coenagrionidae Zygoptera,habitat openness,,semi,,single observation,,both,adult,,,,,,,,,,,
PreservedSpecimen,Enallagma.boreale Enallagma boreale Coenagrionidae Zygoptera,body lengths,Data extraction from the Odonate Phenotypic Database (http://www.odonatephenotypicdatabase.org),32,,single observation,,both,adult,,,,,,,,,,,
PreservedSpecimen,Enallagma.boreale Enallagma boreale Coenagrionidae Zygoptera,hindwing lengths,Odonate Phenotypic Database (http://www.odonatephenotypicdatabase.org),19.5,,single observation,,both,adult,,,,,,,,,,,
PreservedSpecimen,Enallagma.boreale Enallagma boreale Coenagrionidae Zygoptera,has wing pigment,Retrieval from the Odonate Phenotypic Database (http://www.odonatephenotypicdatabase.org),no,,single observation,,both,adult,,,,,,,,,,,
,Enallagma.boreale Enallagma boreale Coenagrionidae Zygoptera,wing pigment extent discrete,,NA,,single observation,,both,adult,,,,,,,,,,,
PreservedSpecimen,Enallagma.boreale Enallagma boreale Coenagrionidae Zygoptera,wing pigment extent continuous,,NA,,single observation,,both,adult,,,,,,,,,,,
,Enallagma.boreale Enallagma boreale Coenagrionidae Zygoptera,wing pigment symmetry,,NA,,single observation,,both,adult,,,,,,,,,,,
,Enallagma.boreale Enallagma boreale Coenagrionidae Zygoptera,wing pigment color,,NA,,single observation,,both,adult,,,,,,,,,,,
,Enallagma.boreale Enallagma boreale Coenagrionidae Zygoptera,wing pigment placement,,NA,,single observation,,both,adult,,,,,,,,,,,
HumanObservation,Enallagma.carunculatum Enallagma carunculatum Coenagrionidae Zygoptera,Flight season start,,18/7,,single observation,,both,adult,,,,,,,,,,,
,Enallagma.carunculatum Enallagma carunculatum Coenagrionidae Zygoptera,Flight season end,,10/6,,single observation,,both,adult,,,,,,,,,,,
PreservedSpecimen,Enallagma.carunculatum Enallagma carunculatum Coenagrionidae Zygoptera,body colors,Odonate Phenotypic Database (http://www.odonatephenotypicdatabase.org),black,,single observation,,both,adult,,,,,,,,,,,
PreservedSpecimen,Enallagma.carunculatum Enallagma carunculatum Coenagrionidae Zygoptera,body colortypes,Odonate Phenotypic Database (http://www.odonatephenotypicdatabase.org),pigment,,single observation,,both,adult,,,,,,,,,,,
PreservedSpecimen,Enallagma.carunculatum Enallagma carunculatum Coenagrionidae Zygoptera,body patterns,Odonate Phenotypic Database (http://www.odonatephenotypicdatabase.org),spotted,,single observation,,both,adult,,,,,,,,,,,
,Enallagma.carunculatum Enallagma carunculatum Coenagrionidae Zygoptera,mate guarding,,contact,,single observation,,both,adult,,,,,,,,,,,
Occurrence,Enallagma.carunculatum Enallagma carunculatum Coenagrionidae Zygoptera,flight mode,,percher,,single observation,,both,adult,,,,,,,,,,,
HumanObservation,Enallagma.carunculatum Enallagma carunculatum Coenagrionidae Zygoptera,territoriality,,NA,,single observation,,both,adult,,,,,,,,,,,
HumanObservation,Enallagma.carunculatum Enallagma carunculatum Coenagrionidae Zygoptera,aquatic habitats,,lake,,single observation,,both,adult,,,,,,,,,,,
HumanObservation,Enallagma.carunculatum Enallagma carunculatum Coenagrionidae Zygoptera,habitat openness,,open,,single observation,,both,adult,,,,,,,,,,,
PreservedSpecimen,Enallagma.carunculatum Enallagma carunculatum Coenagrionidae Zygoptera,body lengths,Data extraction from the Odonate Phenotypic Database (http://www.odonatephenotypicdatabase.org),31.5,,single observation,,both,adult,,,,,,,,,,,
PreservedSpecimen,Enallagma.carunculatum Enallagma carunculatum Coenagrionidae Zygoptera,hindwing lengths,Odonate Phenotypic Database (http://www.odonatephenotypicdatabase.org),18,,single observation,,both,adult,,,,,,,,,,,
PreservedSpecimen,Enallagma.carunculatum Enallagma carunculatum Coenagrionidae Zygoptera,has wing pigment,Retrieval from the Odonate Phenotypic Database (http://www.odonatephenotypicdatabase.org),no,,single observation,,both,adult,,,,,,,,,,,
,Enallagma.carunculatum Enallagma carunculatum Coenagrionidae Zygoptera,wing pigment extent discrete,,NA,,single observation,,both,adult,,,,,,,,,,,
PreservedSpecimen,Enallagma.carunculatum Enallagma carunculatum Coenagrionidae Zygoptera,wing pigment extent continuous,,NA,,single observation,,both,adult,,,,,,,,,,,
,Enallagma.carunculatum Enallagma carunculatum Coenagrionidae Zygoptera,wing pigment symmetry,,NA,,single observation,,both,adult,,,,,,,,,,,
,Enallagma.carunculatum Enallagma carunculatum Coenagrionidae Zygoptera,wing pigment color,,NA,,single observation,,both,adult,,,,,,,,,,,
,Enallagma.carunculatum Enallagma carunculatum Coenagrionidae Zygoptera,wing pigment placement,,NA,,single observation,,both,adult,,,,,,,,,,,
HumanObservation,Enallagma.carunculatum Enallagma carunculatum Coenagrionidae Zygoptera,Flight season start,,7.18,,single observation,,both,adult,,,,,,,,,,,
,Enallagma.carunculatum Enallagma carunculatum Coenagrionidae Zygoptera,Flight season end,,6.1,,single observation,,both,adult,,,,,,,,,,,
PreservedSpecimen,Enallagma.carunculatum Enallagma carunculatum Coenagrionidae Zygoptera,body colors,Odonate Phenotypic Database (http://www.odonatephenotypicdatabase.org),black,,single observation,,both,adult,,,,,,,,,,,
PreservedSpecimen,Enallagma.carunculatum Enallagma carunculatum Coenagrionidae Zygoptera,body colortypes,Odonate Phenotypic Database (http://www.odonatephenotypicdatabase.org),pigment,,single observation,,both,adult,,,,,,,,,,,
PreservedSpecimen,Enallagma.carunculatum Enallagma carunculatum Coenagrionidae Zygoptera,body patterns,Odonate Phenotypic Database (http://www.odonatephenotypicdatabase.org),spotted,,single observation,,both,adult,,,,,,,,,,,
,Enallagma.carunculatum Enallagma carunculatum Coenagrionidae Zygoptera,mate guarding,,contact,,single observation,,both,adult,,,,,,,,,,,
Occurrence,Enallagma.carunculatum Enallagma carunculatum Coenagrionidae Zygoptera,flight mode,,percher,,single observation,,both,adult,,,,,,,,,,,
HumanObservation,Enallagma.carunculatum Enallagma carunculatum Coenagrionidae Zygoptera,territoriality,,NA,,single observation,,both,adult,,,,,,,,,,,
HumanObservation,Enallagma.carunculatum Enallagma carunculatum Coenagrionidae Zygoptera,aquatic habitats,,lake,,single observation,,both,adult,,,,,,,,,,,
HumanObservation,Enallagma.carunculatum Enallagma carunculatum Coenagrionidae Zygoptera,habitat openness,,open,,single observation,,both,adult,,,,,,,,,,,
PreservedSpecimen,Enallagma.carunculatum Enallagma carunculatum Coenagrionidae Zygoptera,body lengths,Data extraction from the Odonate Phenotypic Database (http://www.odonatephenotypicdatabase.org),31.5,,single observation,,both,adult,,,,,,,,,,,
PreservedSpecimen,Enallagma.carunculatum Enallagma carunculatum Coenagrionidae Zygoptera,hindwing lengths,Odonate Phenotypic Database (http://www.odonatephenotypicdatabase.org),18,,single observation,,both,adult,,,,,,,,,,,
PreservedSpecimen,Enallagma.carunculatum Enallagma carunculatum Coenagrionidae Zygoptera,has wing pigment,Retrieval from the Odonate Phenotypic Database (http://www.odonatephenotypicdatabase.org),no,,single observation,,both,adult,,,,,,,,,,,
,Enallagma.carunculatum Enallagma carunculatum Coenagrionidae Zygoptera,wing pigment extent discrete,,NA,,single observation,,both,adult,,,,,,,,,,,
PreservedSpecimen,Enallagma.carunculatum Enallagma carunculatum Coenagrionidae Zygoptera,wing pigment extent continuous,,NA,,single observation,,both,adult,,,,,,,,,,,
,Enallagma.carunculatum Enallagma carunculatum Coenagrionidae Zygoptera,wing pigment symmetry,,NA,,single observation,,both,adult,,,,,,,,,,,
,Enallagma.carunculatum Enallagma carunculatum Coenagrionidae Zygoptera,wing pigment color,,NA,,single observation,,both,adult,,,,,,,,,,,
,Enallagma.carunculatum Enallagma carunculatum Coenagrionidae Zygoptera,wing pigment placement,,NA,,single observation,,both,adult,,,,,,,,,,,
HumanObservation,Enallagma.civile Enallagma civile Coenagrionidae Zygoptera,Flight season start,,25/7,,single observation,,both,adult,,,,,,,,,,,
,Enallagma.civile Enallagma civile Coenagrionidae Zygoptera,Flight season end,,10/11,,single observation,,both,adult,,,,,,,,,,,
PreservedSpecimen,Enallagma.civile Enallagma civile Coenagrionidae Zygoptera,body colors,Odonate Phenotypic Database (http://www.odonatephenotypicdatabase.org),black,,single observation,,both,adult,,,,,,,,,,,
PreservedSpecimen,Enallagma.civile Enallagma civile Coenagrionidae Zygoptera,body colortypes,Odonate Phenotypic Database (http://www.odonatephenotypicdatabase.org),pigment,,single observation,,both,adult,,,,,,,,,,,
PreservedSpecimen,Enallagma.civile Enallagma civile Coenagrionidae Zygoptera,body patterns,Odonate Phenotypic Database (http://www.odonatephenotypicdatabase.org),spotted,,single observation,,both,adult,,,,,,,,,,,
,Enallagma.civile Enallagma civile Coenagrionidae Zygoptera,mate guarding,,noncontact,,single observation,,both,adult,,,,,,,,,,,
Occurrence,Enallagma.civile Enallagma civile Coenagrionidae Zygoptera,flight mode,,percher,,single observation,,both,adult,,,,,,,,,,,
HumanObservation,Enallagma.civile Enallagma civile Coenagrionidae Zygoptera,territoriality,,NA,,single observation,,both,adult,,,,,,,,,,,
HumanObservation,Enallagma.civile Enallagma civile Coenagrionidae Zygoptera,aquatic habitats,,lake,,single observation,,both,adult,,,,,,,,,,,
HumanObservation,Enallagma.civile Enallagma civile Coenagrionidae Zygoptera,habitat openness,,open,,single observation,,both,adult,,,,,,,,,,,
PreservedSpecimen,Enallagma.civile Enallagma civile Coenagrionidae Zygoptera,body lengths,Data extraction from the Odonate Phenotypic Database (http://www.odonatephenotypicdatabase.org),33.5,,single observation,,both,adult,,,,,,,,,,,
PreservedSpecimen,Enallagma.civile Enallagma civile Coenagrionidae Zygoptera,hindwing lengths,Odonate Phenotypic Database (http://www.odonatephenotypicdatabase.org),18.5,,single observation,,both,adult,,,,,,,,,,,
PreservedSpecimen,Enallagma.civile Enallagma civile Coenagrionidae Zygoptera,has wing pigment,Retrieval from the Odonate Phenotypic Database (http://www.odonatephenotypicdatabase.org),no,,single observation,,both,adult,,,,,,,,,,,
,Enallagma.civile Enallagma civile Coenagrionidae Zygoptera,wing pigment extent discrete,,NA,,single observation,,both,adult,,,,,,,,,,,
PreservedSpecimen,Enallagma.civile Enallagma civile Coenagrionidae Zygoptera,wing pigment extent continuous,,NA,,single observation,,both,adult,,,,,,,,,,,
,Enallagma.civile Enallagma civile Coenagrionidae Zygoptera,wing pigment symmetry,,NA,,single observation,,both,adult,,,,,,,,,,,
,Enallagma.civile Enallagma civile Coenagrionidae Zygoptera,wing pigment color,,NA,,single observation,,both,adult,,,,,,,,,,,
,Enallagma.civile Enallagma civile Coenagrionidae Zygoptera,wing pigment placement,,NA,,single observation,,both,adult,,,,,,,,,,,
HumanObservation,Enallagma.civile Enallagma civile Coenagrionidae Zygoptera,Flight season start,,7.25,,single observation,,both,adult,,,,,,,,,,,
,Enallagma.civile Enallagma civile Coenagrionidae Zygoptera,Flight season end,,11.1,,single observation,,both,adult,,,,,,,,,,,
PreservedSpecimen,Enallagma.civile Enallagma civile Coenagrionidae Zygoptera,body colors,Odonate Phenotypic Database (http://www.odonatephenotypicdatabase.org),black,,single observation,,both,adult,,,,,,,,,,,
PreservedSpecimen,Enallagma.civile Enallagma civile Coenagrionidae Zygoptera,body colortypes,Odonate Phenotypic Database (http://www.odonatephenotypicdatabase.org),pigment,,single observation,,both,adult,,,,,,,,,,,
PreservedSpecimen,Enallagma.civile Enallagma civile Coenagrionidae Zygoptera,body patterns,Odonate Phenotypic Database (http://www.odonatephenotypicdatabase.org),spotted,,single observation,,both,adult,,,,,,,,,,,
,Enallagma.civile Enallagma civile Coenagrionidae Zygoptera,mate guarding,,noncontact,,single observation,,both,adult,,,,,,,,,,,
Occurrence,Enallagma.civile Enallagma civile Coenagrionidae Zygoptera,flight mode,,percher,,single observation,,both,adult,,,,,,,,,,,
HumanObservation,Enallagma.civile Enallagma civile Coenagrionidae Zygoptera,territoriality,,NA,,single observation,,both,adult,,,,,,,,,,,
HumanObservation,Enallagma.civile Enallagma civile Coenagrionidae Zygoptera,aquatic habitats,,lake,,single observation,,both,adult,,,,,,,,,,,
HumanObservation,Enallagma.civile Enallagma civile Coenagrionidae Zygoptera,habitat openness,,open,,single observation,,both,adult,,,,,,,,,,,
PreservedSpecimen,Enallagma.civile Enallagma civile Coenagrionidae Zygoptera,body lengths,Data extraction from the Odonate Phenotypic Database (http://www.odonatephenotypicdatabase.org),33.5,,single observation,,both,adult,,,,,,,,,,,
PreservedSpecimen,Enallagma.civile Enallagma civile Coenagrionidae Zygoptera,hindwing lengths,Odonate Phenotypic Database (http://www.odonatephenotypicdatabase.org),18.5,,single observation,,both,adult,,,,,,,,,,,
PreservedSpecimen,Enallagma.civile Enallagma civile Coenagrionidae Zygoptera,has wing pigment,Retrieval from the Odonate Phenotypic Database (http://www.odonatephenotypicdatabase.org),no,,single observation,,both,adult,,,,,,,,,,,
,Enallagma.civile Enallagma civile Coenagrionidae Zygoptera,wing pigment extent discrete,,NA,,single observation,,both,adult,,,,,,,,,,,
PreservedSpecimen,Enallagma.civile Enallagma civile Coenagrionidae Zygoptera,wing pigment extent continuous,,NA,,single observation,,both,adult,,,,,,,,,,,
,Enallagma.civile Enallagma civile Coenagrionidae Zygoptera,wing pigment symmetry,,NA,,single observation,,both,adult,,,,,,,,,,,
,Enallagma.civile Enallagma civile Coenagrionidae Zygoptera,wing pigment color,,NA,,single observation,,both,adult,,,,,,,,,,,
,Enallagma.civile Enallagma civile Coenagrionidae Zygoptera,wing pigment placement,,NA,,single observation,,both,adult,,,,,,,,,,,
HumanObservation,Enallagma.durum Enallagma durum Coenagrionidae Zygoptera,Flight season start,,14/7,,single observation,,both,adult,,,,,,,,,,,
,Enallagma.durum Enallagma durum Coenagrionidae Zygoptera,Flight season end,,9/4,,single observation,,both,adult,,,,,,,,,,,
PreservedSpecimen,Enallagma.durum Enallagma durum Coenagrionidae Zygoptera,body colors,Odonate Phenotypic Database (http://www.odonatephenotypicdatabase.org),black,,single observation,,both,adult,,,,,,,,,,,
PreservedSpecimen,Enallagma.durum Enallagma durum Coenagrionidae Zygoptera,body colortypes,Odonate Phenotypic Database (http://www.odonatephenotypicdatabase.org),pigment,,single observation,,both,adult,,,,,,,,,,,
PreservedSpecimen,Enallagma.durum Enallagma durum Coenagrionidae Zygoptera,body patterns,Odonate Phenotypic Database (http://www.odonatephenotypicdatabase.org),spotted,,single observation,,both,adult,,,,,,,,,,,
,Enallagma.durum Enallagma durum Coenagrionidae Zygoptera,mate guarding,,noncontact,,single observation,,both,adult,,,,,,,,,,,
Occurrence,Enallagma.durum Enallagma durum Coenagrionidae Zygoptera,flight mode,,percher,,single observation,,both,adult,,,,,,,,,,,
HumanObservation,Enallagma.durum Enallagma durum Coenagrionidae Zygoptera,territoriality,,NA,,single observation,,both,adult,,,,,,,,,,,
HumanObservation,Enallagma.durum Enallagma durum Coenagrionidae Zygoptera,aquatic habitats,,lake,,single observation,,both,adult,,,,,,,,,,,
HumanObservation,Enallagma.durum Enallagma durum Coenagrionidae Zygoptera,habitat openness,,open,,single observation,,both,adult,,,,,,,,,,,
PreservedSpecimen,Enallagma.durum Enallagma durum Coenagrionidae Zygoptera,body lengths,Data extraction from the Odonate Phenotypic Database (http://www.odonatephenotypicdatabase.org),39,,single observation,,both,adult,,,,,,,,,,,
PreservedSpecimen,Enallagma.durum Enallagma durum Coenagrionidae Zygoptera,hindwing lengths,Odonate Phenotypic Database (http://www.odonatephenotypicdatabase.org),21,,single observation,,both,adult,,,,,,,,,,,
PreservedSpecimen,Enallagma.durum Enallagma durum Coenagrionidae Zygoptera,has wing pigment,Retrieval from the Odonate Phenotypic Database (http://www.odonatephenotypicdatabase.org),no,,single observation,,both,adult,,,,,,,,,,,
,Enallagma.durum Enallagma durum Coenagrionidae Zygoptera,wing pigment extent discrete,,NA,,single observation,,both,adult,,,,,,,,,,,
PreservedSpecimen,Enallagma.durum Enallagma durum Coenagrionidae Zygoptera,wing pigment extent continuous,,NA,,single observation,,both,adult,,,,,,,,,,,
,Enallagma.durum Enallagma durum Coenagrionidae Zygoptera,wing pigment symmetry,,NA,,single observation,,both,adult,,,,,,,,,,,
,Enallagma.durum Enallagma durum Coenagrionidae Zygoptera,wing pigment color,,NA,,single observation,,both,adult,,,,,,,,,,,
,Enallagma.durum Enallagma durum Coenagrionidae Zygoptera,wing pigment placement,,NA,,single observation,,both,adult,,,,,,,,,,,
HumanObservation,Enallagma.durum Enallagma durum Coenagrionidae Zygoptera,Flight season start,,7.14,,single observation,,both,adult,,,,,,,,,,,
,Enallagma.durum Enallagma durum Coenagrionidae Zygoptera,Flight season end,,4.09,,single observation,,both,adult,,,,,,,,,,,
PreservedSpecimen,Enallagma.durum Enallagma durum Coenagrionidae Zygoptera,body colors,Odonate Phenotypic Database (http://www.odonatephenotypicdatabase.org),black,,single observation,,both,adult,,,,,,,,,,,
PreservedSpecimen,Enallagma.durum Enallagma durum Coenagrionidae Zygoptera,body colortypes,Odonate Phenotypic Database (http://www.odonatephenotypicdatabase.org),pigment,,single observation,,both,adult,,,,,,,,,,,
PreservedSpecimen,Enallagma.durum Enallagma durum Coenagrionidae Zygoptera,body patterns,Odonate Phenotypic Database (http://www.odonatephenotypicdatabase.org),spotted,,single observation,,both,adult,,,,,,,,,,,
,Enallagma.durum Enallagma durum Coenagrionidae Zygoptera,mate guarding,,noncontact,,single observation,,both,adult,,,,,,,,,,,
Occurrence,Enallagma.durum Enallagma durum Coenagrionidae Zygoptera,flight mode,,percher,,single observation,,both,adult,,,,,,,,,,,
HumanObservation,Enallagma.durum Enallagma durum Coenagrionidae Zygoptera,territoriality,,NA,,single observation,,both,adult,,,,,,,,,,,
HumanObservation,Enallagma.durum Enallagma durum Coenagrionidae Zygoptera,aquatic habitats,,lake,,single observation,,both,adult,,,,,,,,,,,
HumanObservation,Enallagma.durum Enallagma durum Coenagrionidae Zygoptera,habitat openness,,open,,single observation,,both,adult,,,,,,,,,,,
PreservedSpecimen,Enallagma.durum Enallagma durum Coenagrionidae Zygoptera,body lengths,Data extraction from the Odonate Phenotypic Database (http://www.odonatephenotypicdatabase.org),39,,single observation,,both,adult,,,,,,,,,,,
PreservedSpecimen,Enallagma.durum Enallagma durum Coenagrionidae Zygoptera,hindwing lengths,Odonate Phenotypic Database (http://www.odonatephenotypicdatabase.org),21,,single observation,,both,adult,,,,,,,,,,,
PreservedSpecimen,Enallagma.durum Enallagma durum Coenagrionidae Zygoptera,has wing pigment,Retrieval from the Odonate Phenotypic Database (http://www.odonatephenotypicdatabase.org),no,,single observation,,both,adult,,,,,,,,,,,
,Enallagma.durum Enallagma durum Coenagrionidae Zygoptera,wing pigment extent discrete,,NA,,single observation,,both,adult,,,,,,,,,,,
PreservedSpecimen,Enallagma.durum Enallagma durum Coenagrionidae Zygoptera,wing pigment extent continuous,,NA,,single observation,,both,adult,,,,,,,,,,,
,Enallagma.durum Enallagma durum Coenagrionidae Zygoptera,wing pigment symmetry,,NA,,single observation,,both,adult,,,,,,,,,,,
,Enallagma.durum Enallagma durum Coenagrionidae Zygoptera,wing pigment color,,NA,,single observation,,both,adult,,,,,,,,,,,
,Enallagma.durum Enallagma durum Coenagrionidae Zygoptera,wing pigment placement,,NA,,single observation,,both,adult,,,,,,,,,,,
HumanObservation,Enallagma.ebrium Enallagma ebrium Coenagrionidae Zygoptera,Flight season start,,29/5,,single observation,,both,adult,,,,,,,,,,,
,Enallagma.ebrium Enallagma ebrium Coenagrionidae Zygoptera,Flight season end,,27/8,,single observation,,both,adult,,,,,,,,,,,
PreservedSpecimen,Enallagma.ebrium Enallagma ebrium Coenagrionidae Zygoptera,body colors,Odonate Phenotypic Database (http://www.odonatephenotypicdatabase.org),black,,single observation,,both,adult,,,,,,,,,,,
PreservedSpecimen,Enallagma.ebrium Enallagma ebrium Coenagrionidae Zygoptera,body colortypes,Odonate Phenotypic Database (http://www.odonatephenotypicdatabase.org),pigment,,single observation,,both,adult,,,,,,,,,,,
PreservedSpecimen,Enallagma.ebrium Enallagma ebrium Coenagrionidae Zygoptera,body patterns,Odonate Phenotypic Database (http://www.odonatephenotypicdatabase.org),spotted,,single observation,,both,adult,,,,,,,,,,,
,Enallagma.ebrium Enallagma ebrium Coenagrionidae Zygoptera,mate guarding,,noncontact,,single observation,,both,adult,,,,,,,,,,,
Occurrence,Enallagma.ebrium Enallagma ebrium Coenagrionidae Zygoptera,flight mode,,percher,,single observation,,both,adult,,,,,,,,,,,
HumanObservation,Enallagma.ebrium Enallagma ebrium Coenagrionidae Zygoptera,territoriality,,NA,,single observation,,both,adult,,,,,,,,,,,
HumanObservation,Enallagma.ebrium Enallagma ebrium Coenagrionidae Zygoptera,aquatic habitats,,lake,,single observation,,both,adult,,,,,,,,,,,
HumanObservation,Enallagma.ebrium Enallagma ebrium Coenagrionidae Zygoptera,habitat openness,,open,,single observation,,both,adult,,,,,,,,,,,
PreservedSpecimen,Enallagma.ebrium Enallagma ebrium Coenagrionidae Zygoptera,body lengths,Data extraction from the Odonate Phenotypic Database (http://www.odonatephenotypicdatabase.org),31,,single observation,,both,adult,,,,,,,,,,,
PreservedSpecimen,Enallagma.ebrium Enallagma ebrium Coenagrionidae Zygoptera,hindwing lengths,Odonate Phenotypic Database (http://www.odonatephenotypicdatabase.org),18.5,,single observation,,both,adult,,,,,,,,,,,
PreservedSpecimen,Enallagma.ebrium Enallagma ebrium Coenagrionidae Zygoptera,has wing pigment,Retrieval from the Odonate Phenotypic Database (http://www.odonatephenotypicdatabase.org),no,,single observation,,both,adult,,,,,,,,,,,
,Enallagma.ebrium Enallagma ebrium Coenagrionidae Zygoptera,wing pigment extent discrete,,NA,,single observation,,both,adult,,,,,,,,,,,
PreservedSpecimen,Enallagma.ebrium Enallagma ebrium Coenagrionidae Zygoptera,wing pigment extent continuous,,NA,,single observation,,both,adult,,,,,,,,,,,
,Enallagma.ebrium Enallagma ebrium Coenagrionidae Zygoptera,wing pigment symmetry,,NA,,single observation,,both,adult,,,,,,,,,,,
,Enallagma.ebrium Enallagma ebrium Coenagrionidae Zygoptera,wing pigment color,,NA,,single observation,,both,adult,,,,,,,,,,,
,Enallagma.ebrium Enallagma ebrium Coenagrionidae Zygoptera,wing pigment placement,,NA,,single observation,,both,adult,,,,,,,,,,,
HumanObservation,Enallagma.ebrium Enallagma ebrium Coenagrionidae Zygoptera,Flight season start,,5.29,,single observation,,both,adult,,,,,,,,,,,
,Enallagma.ebrium Enallagma ebrium Coenagrionidae Zygoptera,Flight season end,,8.27,,single observation,,both,adult,,,,,,,,,,,
PreservedSpecimen,Enallagma.ebrium Enallagma ebrium Coenagrionidae Zygoptera,body colors,Odonate Phenotypic Database (http://www.odonatephenotypicdatabase.org),black,,single observation,,both,adult,,,,,,,,,,,
PreservedSpecimen,Enallagma.ebrium Enallagma ebrium Coenagrionidae Zygoptera,body colortypes,Odonate Phenotypic Database (http://www.odonatephenotypicdatabase.org),pigment,,single observation,,both,adult,,,,,,,,,,,
PreservedSpecimen,Enallagma.ebrium Enallagma ebrium Coenagrionidae Zygoptera,body patterns,Odonate Phenotypic Database (http://www.odonatephenotypicdatabase.org),spotted,,single observation,,both,adult,,,,,,,,,,,
,Enallagma.ebrium Enallagma ebrium Coenagrionidae Zygoptera,mate guarding,,noncontact,,single observation,,both,adult,,,,,,,,,,,
Occurrence,Enallagma.ebrium Enallagma ebrium Coenagrionidae Zygoptera,flight mode,,percher,,single observation,,both,adult,,,,,,,,,,,
HumanObservation,Enallagma.ebrium Enallagma ebrium Coenagrionidae Zygoptera,territoriality,,NA,,single observation,,both,adult,,,,,,,,,,,
HumanObservation,Enallagma.ebrium Enallagma ebrium Coenagrionidae Zygoptera,aquatic habitats,,lake,,single observation,,both,adult,,,,,,,,,,,
HumanObservation,Enallagma.ebrium Enallagma ebrium Coenagrionidae Zygoptera,habitat openness,,open,,single observation,,both,adult,,,,,,,,,,,
PreservedSpecimen,Enallagma.ebrium Enallagma ebrium Coenagrionidae Zygoptera,body lengths,Data extraction from the Odonate Phenotypic Database (http://www.odonatephenotypicdatabase.org),31,,single observation,,both,adult,,,,,,,,,,,
PreservedSpecimen,Enallagma.ebrium Enallagma ebrium Coenagrionidae Zygoptera,hindwing lengths,Odonate Phenotypic Database (http://www.odonatephenotypicdatabase.org),18.5,,single observation,,both,adult,,,,,,,,,,,
PreservedSpecimen,Enallagma.ebrium Enallagma ebrium Coenagrionidae Zygoptera,has wing pigment,Retrieval from the Odonate Phenotypic Database (http://www.odonatephenotypicdatabase.org),no,,single observation,,both,adult,,,,,,,,,,,
,Enallagma.ebrium Enallagma ebrium Coenagrionidae Zygoptera,wing pigment extent discrete,,NA,,single observation,,both,adult,,,,,,,,,,,
PreservedSpecimen,Enallagma.ebrium Enallagma ebrium Coenagrionidae Zygoptera,wing pigment extent continuous,,NA,,single observation,,both,adult,,,,,,,,,,,
,Enallagma.ebrium Enallagma ebrium Coenagrionidae Zygoptera,wing pigment symmetry,,NA,,single observation,,both,adult,,,,,,,,,,,
,Enallagma.ebrium Enallagma ebrium Coenagrionidae Zygoptera,wing pigment color,,NA,,single observation,,both,adult,,,,,,,,,,,
,Enallagma.ebrium Enallagma ebrium Coenagrionidae Zygoptera,wing pigment placement,,NA,,single observation,,both,adult,,,,,,,,,,,
HumanObservation,Enallagma.exsulans Enallagma exsulans Coenagrionidae Zygoptera,Flight season start,,7/9,,single observation,,both,adult,,,,,,,,,,,
,Enallagma.exsulans Enallagma exsulans Coenagrionidae Zygoptera,Flight season end,,9/7,,single observation,,both,adult,,,,,,,,,,,
PreservedSpecimen,Enallagma.exsulans Enallagma exsulans Coenagrionidae Zygoptera,body colors,Odonate Phenotypic Database (http://www.odonatephenotypicdatabase.org),black,,single observation,,both,adult,,,,,,,,,,,
PreservedSpecimen,Enallagma.exsulans Enallagma exsulans Coenagrionidae Zygoptera,body colortypes,Odonate Phenotypic Database (http://www.odonatephenotypicdatabase.org),pigment,,single observation,,both,adult,,,,,,,,,,,
PreservedSpecimen,Enallagma.exsulans Enallagma exsulans Coenagrionidae Zygoptera,body patterns,Odonate Phenotypic Database (http://www.odonatephenotypicdatabase.org),spotted,,single observation,,both,adult,,,,,,,,,,,
,Enallagma.exsulans Enallagma exsulans Coenagrionidae Zygoptera,mate guarding,,contact,,single observation,,both,adult,,,,,,,,,,,
Occurrence,Enallagma.exsulans Enallagma exsulans Coenagrionidae Zygoptera,flight mode,,percher,,single observation,,both,adult,,,,,,,,,,,
HumanObservation,Enallagma.exsulans Enallagma exsulans Coenagrionidae Zygoptera,territoriality,,NA,,single observation,,both,adult,,,,,,,,,,,
HumanObservation,Enallagma.exsulans Enallagma exsulans Coenagrionidae Zygoptera,aquatic habitats,,lake,,single observation,,both,adult,,,,,,,,,,,
HumanObservation,Enallagma.exsulans Enallagma exsulans Coenagrionidae Zygoptera,habitat openness,,open,,single observation,,both,adult,,,,,,,,,,,
PreservedSpecimen,Enallagma.exsulans Enallagma exsulans Coenagrionidae Zygoptera,body lengths,Data extraction from the Odonate Phenotypic Database (http://www.odonatephenotypicdatabase.org),34,,single observation,,both,adult,,,,,,,,,,,
PreservedSpecimen,Enallagma.exsulans Enallagma exsulans Coenagrionidae Zygoptera,hindwing lengths,Odonate Phenotypic Database (http://www.odonatephenotypicdatabase.org),19,,single observation,,both,adult,,,,,,,,,,,
PreservedSpecimen,Enallagma.exsulans Enallagma exsulans Coenagrionidae Zygoptera,has wing pigment,Retrieval from the Odonate Phenotypic Database (http://www.odonatephenotypicdatabase.org),no,,single observation,,both,adult,,,,,,,,,,,
,Enallagma.exsulans Enallagma exsulans Coenagrionidae Zygoptera,wing pigment extent discrete,,NA,,single observation,,both,adult,,,,,,,,,,,
PreservedSpecimen,Enallagma.exsulans Enallagma exsulans Coenagrionidae Zygoptera,wing pigment extent continuous,,NA,,single observation,,both,adult,,,,,,,,,,,
,Enallagma.exsulans Enallagma exsulans Coenagrionidae Zygoptera,wing pigment symmetry,,NA,,single observation,,both,adult,,,,,,,,,,,
,Enallagma.exsulans Enallagma exsulans Coenagrionidae Zygoptera,wing pigment color,,NA,,single observation,,both,adult,,,,,,,,,,,
,Enallagma.exsulans Enallagma exsulans Coenagrionidae Zygoptera,wing pigment placement,,NA,,single observation,,both,adult,,,,,,,,,,,
HumanObservation,Enallagma.exsulans Enallagma exsulans Coenagrionidae Zygoptera,Flight season start,,9.07,,single observation,,both,adult,,,,,,,,,,,
,Enallagma.exsulans Enallagma exsulans Coenagrionidae Zygoptera,Flight season end,,7.09,,single observation,,both,adult,,,,,,,,,,,
PreservedSpecimen,Enallagma.exsulans Enallagma exsulans Coenagrionidae Zygoptera,body colors,Odonate Phenotypic Database (http://www.odonatephenotypicdatabase.org),black,,single observation,,both,adult,,,,,,,,,,,
PreservedSpecimen,Enallagma.exsulans Enallagma exsulans Coenagrionidae Zygoptera,body colortypes,Odonate Phenotypic Database (http://www.odonatephenotypicdatabase.org),pigment,,single observation,,both,adult,,,,,,,,,,,
PreservedSpecimen,Enallagma.exsulans Enallagma exsulans Coenagrionidae Zygoptera,body patterns,Odonate Phenotypic Database (http://www.odonatephenotypicdatabase.org),spotted,,single observation,,both,adult,,,,,,,,,,,
,Enallagma.exsulans Enallagma exsulans Coenagrionidae Zygoptera,mate guarding,,contact,,single observation,,both,adult,,,,,,,,,,,
Occurrence,Enallagma.exsulans Enallagma exsulans Coenagrionidae Zygoptera,flight mode,,percher,,single observation,,both,adult,,,,,,,,,,,
HumanObservation,Enallagma.exsulans Enallagma exsulans Coenagrionidae Zygoptera,territoriality,,NA,,single observation,,both,adult,,,,,,,,,,,
HumanObservation,Enallagma.exsulans Enallagma exsulans Coenagrionidae Zygoptera,aquatic habitats,,lake,,single observation,,both,adult,,,,,,,,,,,
HumanObservation,Enallagma.exsulans Enallagma exsulans Coenagrionidae Zygoptera,habitat openness,,open,,single observation,,both,adult,,,,,,,,,,,
PreservedSpecimen,Enallagma.exsulans Enallagma exsulans Coenagrionidae Zygoptera,body lengths,Data extraction from the Odonate Phenotypic Database (http://www.odonatephenotypicdatabase.org),34,,single observation,,both,adult,,,,,,,,,,,
PreservedSpecimen,Enallagma.exsulans Enallagma exsulans Coenagrionidae Zygoptera,hindwing lengths,Odonate Phenotypic Database (http://www.odonatephenotypicdatabase.org),19,,single observation,,both,adult,,,,,,,,,,,
PreservedSpecimen,Enallagma.exsulans Enallagma exsulans Coenagrionidae Zygoptera,has wing pigment,Retrieval from the Odonate Phenotypic Database (http://www.odonatephenotypicdatabase.org),no,,single observation,,both,adult,,,,,,,,,,,
,Enallagma.exsulans Enallagma exsulans Coenagrionidae Zygoptera,wing pigment extent discrete,,NA,,single observation,,both,adult,,,,,,,,,,,
PreservedSpecimen,Enallagma.exsulans Enallagma exsulans Coenagrionidae Zygoptera,wing pigment extent continuous,,NA,,single observation,,both,adult,,,,,,,,,,,
,Enallagma.exsulans Enallagma exsulans Coenagrionidae Zygoptera,wing pigment symmetry,,NA,,single observation,,both,adult,,,,,,,,,,,
,Enallagma.exsulans Enallagma exsulans Coenagrionidae Zygoptera,wing pigment color,,NA,,single observation,,both,adult,,,,,,,,,,,
,Enallagma.exsulans Enallagma exsulans Coenagrionidae Zygoptera,wing pigment placement,,NA,,single observation,,both,adult,,,,,,,,,,,
HumanObservation,Enallagma.geminatum Enallagma geminatum Coenagrionidae Zygoptera,Flight season start,,16/7,,single observation,,both,adult,,,,,,,,,,,
,Enallagma.geminatum Enallagma geminatum Coenagrionidae Zygoptera,Flight season end,,15/9,,single observation,,both,adult,,,,,,,,,,,
PreservedSpecimen,Enallagma.geminatum Enallagma geminatum Coenagrionidae Zygoptera,body colors,Odonate Phenotypic Database (http://www.odonatephenotypicdatabase.org),black,,single observation,,both,adult,,,,,,,,,,,
PreservedSpecimen,Enallagma.geminatum Enallagma geminatum Coenagrionidae Zygoptera,body colortypes,Odonate Phenotypic Database (http://www.odonatephenotypicdatabase.org),pigment,,single observation,,both,adult,,,,,,,,,,,
PreservedSpecimen,Enallagma.geminatum Enallagma geminatum Coenagrionidae Zygoptera,body patterns,Odonate Phenotypic Database (http://www.odonatephenotypicdatabase.org),plain,,single observation,,both,adult,,,,,,,,,,,
,Enallagma.geminatum Enallagma geminatum Coenagrionidae Zygoptera,mate guarding,,none,,single observation,,both,adult,,,,,,,,,,,
Occurrence,Enallagma.geminatum Enallagma geminatum Coenagrionidae Zygoptera,flight mode,,percher,,single observation,,both,adult,,,,,,,,,,,
HumanObservation,Enallagma.geminatum Enallagma geminatum Coenagrionidae Zygoptera,territoriality,,NA,,single observation,,both,adult,,,,,,,,,,,
HumanObservation,Enallagma.geminatum Enallagma geminatum Coenagrionidae Zygoptera,aquatic habitats,,lake,,single observation,,both,adult,,,,,,,,,,,
HumanObservation,Enallagma.geminatum Enallagma geminatum Coenagrionidae Zygoptera,habitat openness,,semi,,single observation,,both,adult,,,,,,,,,,,
PreservedSpecimen,Enallagma.geminatum Enallagma geminatum Coenagrionidae Zygoptera,body lengths,Data extraction from the Odonate Phenotypic Database (http://www.odonatephenotypicdatabase.org),23.5,,single observation,,both,adult,,,,,,,,,,,
PreservedSpecimen,Enallagma.geminatum Enallagma geminatum Coenagrionidae Zygoptera,hindwing lengths,Odonate Phenotypic Database (http://www.odonatephenotypicdatabase.org),14.5,,single observation,,both,adult,,,,,,,,,,,
PreservedSpecimen,Enallagma.geminatum Enallagma geminatum Coenagrionidae Zygoptera,has wing pigment,Retrieval from the Odonate Phenotypic Database (http://www.odonatephenotypicdatabase.org),no,,single observation,,both,adult,,,,,,,,,,,
,Enallagma.geminatum Enallagma geminatum Coenagrionidae Zygoptera,wing pigment extent discrete,,NA,,single observation,,both,adult,,,,,,,,,,,
PreservedSpecimen,Enallagma.geminatum Enallagma geminatum Coenagrionidae Zygoptera,wing pigment extent continuous,,NA,,single observation,,both,adult,,,,,,,,,,,
,Enallagma.geminatum Enallagma geminatum Coenagrionidae Zygoptera,wing pigment symmetry,,NA,,single observation,,both,adult,,,,,,,,,,,
,Enallagma.geminatum Enallagma geminatum Coenagrionidae Zygoptera,wing pigment color,,NA,,single observation,,both,adult,,,,,,,,,,,
,Enallagma.geminatum Enallagma geminatum Coenagrionidae Zygoptera,wing pigment placement,,NA,,single observation,,both,adult,,,,,,,,,,,
HumanObservation,Enallagma.geminatum Enallagma geminatum Coenagrionidae Zygoptera,Flight season start,,7.16,,single observation,,both,adult,,,,,,,,,,,
,Enallagma.geminatum Enallagma geminatum Coenagrionidae Zygoptera,Flight season end,,9.15,,single observation,,both,adult,,,,,,,,,,,
PreservedSpecimen,Enallagma.geminatum Enallagma geminatum Coenagrionidae Zygoptera,body colors,Odonate Phenotypic Database (http://www.odonatephenotypicdatabase.org),black,,single observation,,both,adult,,,,,,,,,,,
PreservedSpecimen,Enallagma.geminatum Enallagma geminatum Coenagrionidae Zygoptera,body colortypes,Odonate Phenotypic Database (http://www.odonatephenotypicdatabase.org),pigment,,single observation,,both,adult,,,,,,,,,,,
PreservedSpecimen,Enallagma.geminatum Enallagma geminatum Coenagrionidae Zygoptera,body patterns,Odonate Phenotypic Database (http://www.odonatephenotypicdatabase.org),plain,,single observation,,both,adult,,,,,,,,,,,
,Enallagma.geminatum Enallagma geminatum Coenagrionidae Zygoptera,mate guarding,,none,,single observation,,both,adult,,,,,,,,,,,
Occurrence,Enallagma.geminatum Enallagma geminatum Coenagrionidae Zygoptera,flight mode,,percher,,single observation,,both,adult,,,,,,,,,,,
HumanObservation,Enallagma.geminatum Enallagma geminatum Coenagrionidae Zygoptera,territoriality,,NA,,single observation,,both,adult,,,,,,,,,,,
HumanObservation,Enallagma.geminatum Enallagma geminatum Coenagrionidae Zygoptera,aquatic habitats,,lake,,single observation,,both,adult,,,,,,,,,,,
HumanObservation,Enallagma.geminatum Enallagma geminatum Coenagrionidae Zygoptera,habitat openness,,semi,,single observation,,both,adult,,,,,,,,,,,
PreservedSpecimen,Enallagma.geminatum Enallagma geminatum Coenagrionidae Zygoptera,body lengths,Data extraction from the Odonate Phenotypic Database (http://www.odonatephenotypicdatabase.org),23.5,,single observation,,both,adult,,,,,,,,,,,
PreservedSpecimen,Enallagma.geminatum Enallagma geminatum Coenagrionidae Zygoptera,hindwing lengths,Odonate Phenotypic Database (http://www.odonatephenotypicdatabase.org),14.5,,single observation,,both,adult,,,,,,,,,,,
PreservedSpecimen,Enallagma.geminatum Enallagma geminatum Coenagrionidae Zygoptera,has wing pigment,Retrieval from the Odonate Phenotypic Database (http://www.odonatephenotypicdatabase.org),no,,single observation,,both,adult,,,,,,,,,,,
,Enallagma.geminatum Enallagma geminatum Coenagrionidae Zygoptera,wing pigment extent discrete,,NA,,single observation,,both,adult,,,,,,,,,,,
PreservedSpecimen,Enallagma.geminatum Enallagma geminatum Coenagrionidae Zygoptera,wing pigment extent continuous,,NA,,single observation,,both,adult,,,,,,,,,,,
,Enallagma.geminatum Enallagma geminatum Coenagrionidae Zygoptera,wing pigment symmetry,,NA,,single observation,,both,adult,,,,,,,,,,,
,Enallagma.geminatum Enallagma geminatum Coenagrionidae Zygoptera,wing pigment color,,NA,,single observation,,both,adult,,,,,,,,,,,
,Enallagma.geminatum Enallagma geminatum Coenagrionidae Zygoptera,wing pigment placement,,NA,,single observation,,both,adult,,,,,,,,,,,
HumanObservation,Enallagma.hageni Enallagma hageni Coenagrionidae Zygoptera,Flight season start,,7/4,,single observation,,both,adult,,,,,,,,,,,
,Enallagma.hageni Enallagma hageni Coenagrionidae Zygoptera,Flight season end,,14/8,,single observation,,both,adult,,,,,,,,,,,
PreservedSpecimen,Enallagma.hageni Enallagma hageni Coenagrionidae Zygoptera,body colors,Odonate Phenotypic Database (http://www.odonatephenotypicdatabase.org),black,,single observation,,both,adult,,,,,,,,,,,
PreservedSpecimen,Enallagma.hageni Enallagma hageni Coenagrionidae Zygoptera,body colortypes,Odonate Phenotypic Database (http://www.odonatephenotypicdatabase.org),pigment,,single observation,,both,adult,,,,,,,,,,,
PreservedSpecimen,Enallagma.hageni Enallagma hageni Coenagrionidae Zygoptera,body patterns,Odonate Phenotypic Database (http://www.odonatephenotypicdatabase.org),spotted,,single observation,,both,adult,,,,,,,,,,,
,Enallagma.hageni Enallagma hageni Coenagrionidae Zygoptera,mate guarding,,noncontact,,single observation,,both,adult,,,,,,,,,,,
Occurrence,Enallagma.hageni Enallagma hageni Coenagrionidae Zygoptera,flight mode,,percher,,single observation,,both,adult,,,,,,,,,,,
HumanObservation,Enallagma.hageni Enallagma hageni Coenagrionidae Zygoptera,territoriality,,NA,,single observation,,both,adult,,,,,,,,,,,
HumanObservation,Enallagma.hageni Enallagma hageni Coenagrionidae Zygoptera,aquatic habitats,,lake,,single observation,,both,adult,,,,,,,,,,,
HumanObservation,Enallagma.hageni Enallagma hageni Coenagrionidae Zygoptera,habitat openness,,open,,single observation,,both,adult,,,,,,,,,,,
PreservedSpecimen,Enallagma.hageni Enallagma hageni Coenagrionidae Zygoptera,body lengths,Data extraction from the Odonate Phenotypic Database (http://www.odonatephenotypicdatabase.org),30,,single observation,,both,adult,,,,,,,,,,,
PreservedSpecimen,Enallagma.hageni Enallagma hageni Coenagrionidae Zygoptera,hindwing lengths,Odonate Phenotypic Database (http://www.odonatephenotypicdatabase.org),18,,single observation,,both,adult,,,,,,,,,,,
PreservedSpecimen,Enallagma.hageni Enallagma hageni Coenagrionidae Zygoptera,has wing pigment,Retrieval from the Odonate Phenotypic Database (http://www.odonatephenotypicdatabase.org),no,,single observation,,both,adult,,,,,,,,,,,
,Enallagma.hageni Enallagma hageni Coenagrionidae Zygoptera,wing pigment extent discrete,,NA,,single observation,,both,adult,,,,,,,,,,,
PreservedSpecimen,Enallagma.hageni Enallagma hageni Coenagrionidae Zygoptera,wing pigment extent continuous,,NA,,single observation,,both,adult,,,,,,,,,,,
,Enallagma.hageni Enallagma hageni Coenagrionidae Zygoptera,wing pigment symmetry,,NA,,single observation,,both,adult,,,,,,,,,,,
,Enallagma.hageni Enallagma hageni Coenagrionidae Zygoptera,wing pigment color,,NA,,single observation,,both,adult,,,,,,,,,,,
,Enallagma.hageni Enallagma hageni Coenagrionidae Zygoptera,wing pigment placement,,NA,,single observation,,both,adult,,,,,,,,,,,
HumanObservation,Enallagma.hageni Enallagma hageni Coenagrionidae Zygoptera,Flight season start,,4.07,,single observation,,both,adult,,,,,,,,,,,
,Enallagma.hageni Enallagma hageni Coenagrionidae Zygoptera,Flight season end,,8.14,,single observation,,both,adult,,,,,,,,,,,
PreservedSpecimen,Enallagma.hageni Enallagma hageni Coenagrionidae Zygoptera,body colors,Odonate Phenotypic Database (http://www.odonatephenotypicdatabase.org),black,,single observation,,both,adult,,,,,,,,,,,
PreservedSpecimen,Enallagma.hageni Enallagma hageni Coenagrionidae Zygoptera,body colortypes,Odonate Phenotypic Database (http://www.odonatephenotypicdatabase.org),pigment,,single observation,,both,adult,,,,,,,,,,,
PreservedSpecimen,Enallagma.hageni Enallagma hageni Coenagrionidae Zygoptera,body patterns,Odonate Phenotypic Database (http://www.odonatephenotypicdatabase.org),spotted,,single observation,,both,adult,,,,,,,,,,,
,Enallagma.hageni Enallagma hageni Coenagrionidae Zygoptera,mate guarding,,noncontact,,single observation,,both,adult,,,,,,,,,,,
Occurrence,Enallagma.hageni Enallagma hageni Coenagrionidae Zygoptera,flight mode,,percher,,single observation,,both,adult,,,,,,,,,,,
HumanObservation,Enallagma.hageni Enallagma hageni Coenagrionidae Zygoptera,territoriality,,NA,,single observation,,both,adult,,,,,,,,,,,
HumanObservation,Enallagma.hageni Enallagma hageni Coenagrionidae Zygoptera,aquatic habitats,,lake,,single observation,,both,adult,,,,,,,,,,,
HumanObservation,Enallagma.hageni Enallagma hageni Coenagrionidae Zygoptera,habitat openness,,open,,single observation,,both,adult,,,,,,,,,,,
PreservedSpecimen,Enallagma.hageni Enallagma hageni Coenagrionidae Zygoptera,body lengths,Data extraction from the Odonate Phenotypic Database (http://www.odonatephenotypicdatabase.org),30,,single observation,,both,adult,,,,,,,,,,,
PreservedSpecimen,Enallagma.hageni Enallagma hageni Coenagrionidae Zygoptera,hindwing lengths,Odonate Phenotypic Database (http://www.odonatephenotypicdatabase.org),18,,single observation,,both,adult,,,,,,,,,,,
PreservedSpecimen,Enallagma.hageni Enallagma hageni Coenagrionidae Zygoptera,has wing pigment,Retrieval from the Odonate Phenotypic Database (http://www.odonatephenotypicdatabase.org),no,,single observation,,both,adult,,,,,,,,,,,
,Enallagma.hageni Enallagma hageni Coenagrionidae Zygoptera,wing pigment extent discrete,,NA,,single observation,,both,adult,,,,,,,,,,,
PreservedSpecimen,Enallagma.hageni Enallagma hageni Coenagrionidae Zygoptera,wing pigment extent continuous,,NA,,single observation,,both,adult,,,,,,,,,,,
,Enallagma.hageni Enallagma hageni Coenagrionidae Zygoptera,wing pigment symmetry,,NA,,single observation,,both,adult,,,,,,,,,,,
,Enallagma.hageni Enallagma hageni Coenagrionidae Zygoptera,wing pigment color,,NA,,single observation,,both,adult,,,,,,,,,,,
,Enallagma.hageni Enallagma hageni Coenagrionidae Zygoptera,wing pigment placement,,NA,,single observation,,both,adult,,,,,,,,,,,
HumanObservation,Enallagma.laterale Enallagma laterale Coenagrionidae Zygoptera,Flight season start,,NA,,single observation,,both,adult,,,,,,,,,,,
,Enallagma.laterale Enallagma laterale Coenagrionidae Zygoptera,Flight season end,,NA,,single observation,,both,adult,,,,,,,,,,,
PreservedSpecimen,Enallagma.laterale Enallagma laterale Coenagrionidae Zygoptera,body colors,Odonate Phenotypic Database (http://www.odonatephenotypicdatabase.org),black,,single observation,,both,adult,,,,,,,,,,,
PreservedSpecimen,Enallagma.laterale Enallagma laterale Coenagrionidae Zygoptera,body colortypes,Odonate Phenotypic Database (http://www.odonatephenotypicdatabase.org),pigment,,single observation,,both,adult,,,,,,,,,,,
PreservedSpecimen,Enallagma.laterale Enallagma laterale Coenagrionidae Zygoptera,body patterns,Odonate Phenotypic Database (http://www.odonatephenotypicdatabase.org),spotted,,single observation,,both,adult,,,,,,,,,,,
,Enallagma.laterale Enallagma laterale Coenagrionidae Zygoptera,mate guarding,,noncontact,,single observation,,both,adult,,,,,,,,,,,
Occurrence,Enallagma.laterale Enallagma laterale Coenagrionidae Zygoptera,flight mode,,NA,,single observation,,both,adult,,,,,,,,,,,
HumanObservation,Enallagma.laterale Enallagma laterale Coenagrionidae Zygoptera,territoriality,,NA,,single observation,,both,adult,,,,,,,,,,,
HumanObservation,Enallagma.laterale Enallagma laterale Coenagrionidae Zygoptera,aquatic habitats,,lake,,single observation,,both,adult,,,,,,,,,,,
HumanObservation,Enallagma.laterale Enallagma laterale Coenagrionidae Zygoptera,habitat openness,,NA,,single observation,,both,adult,,,,,,,,,,,
PreservedSpecimen,Enallagma.laterale Enallagma laterale Coenagrionidae Zygoptera,body lengths,Data extraction from the Odonate Phenotypic Database (http://www.odonatephenotypicdatabase.org),26.5,,single observation,,both,adult,,,,,,,,,,,
PreservedSpecimen,Enallagma.laterale Enallagma laterale Coenagrionidae Zygoptera,hindwing lengths,Odonate Phenotypic Database (http://www.odonatephenotypicdatabase.org),15.5,,single observation,,both,adult,,,,,,,,,,,
PreservedSpecimen,Enallagma.laterale Enallagma laterale Coenagrionidae Zygoptera,has wing pigment,Retrieval from the Odonate Phenotypic Database (http://www.odonatephenotypicdatabase.org),no,,single observation,,both,adult,,,,,,,,,,,
,Enallagma.laterale Enallagma laterale Coenagrionidae Zygoptera,wing pigment extent discrete,,NA,,single observation,,both,adult,,,,,,,,,,,
PreservedSpecimen,Enallagma.laterale Enallagma laterale Coenagrionidae Zygoptera,wing pigment extent continuous,,NA,,single observation,,both,adult,,,,,,,,,,,
,Enallagma.laterale Enallagma laterale Coenagrionidae Zygoptera,wing pigment symmetry,,NA,,single observation,,both,adult,,,,,,,,,,,
,Enallagma.laterale Enallagma laterale Coenagrionidae Zygoptera,wing pigment color,,NA,,single observation,,both,adult,,,,,,,,,,,
,Enallagma.laterale Enallagma laterale Coenagrionidae Zygoptera,wing pigment placement,,NA,,single observation,,both,adult,,,,,,,,,,,
HumanObservation,Enallagma.laterale Enallagma laterale Coenagrionidae Zygoptera,Flight season start,,NA,,single observation,,both,adult,,,,,,,,,,,
,Enallagma.laterale Enallagma laterale Coenagrionidae Zygoptera,Flight season end,,NA,,single observation,,both,adult,,,,,,,,,,,
PreservedSpecimen,Enallagma.laterale Enallagma laterale Coenagrionidae Zygoptera,body colors,Odonate Phenotypic Database (http://www.odonatephenotypicdatabase.org),black,,single observation,,both,adult,,,,,,,,,,,
PreservedSpecimen,Enallagma.laterale Enallagma laterale Coenagrionidae Zygoptera,body colortypes,Odonate Phenotypic Database (http://www.odonatephenotypicdatabase.org),pigment,,single observation,,both,adult,,,,,,,,,,,
PreservedSpecimen,Enallagma.laterale Enallagma laterale Coenagrionidae Zygoptera,body patterns,Odonate Phenotypic Database (http://www.odonatephenotypicdatabase.org),spotted,,single observation,,both,adult,,,,,,,,,,,
,Enallagma.laterale Enallagma laterale Coenagrionidae Zygoptera,mate guarding,,noncontact,,single observation,,both,adult,,,,,,,,,,,
Occurrence,Enallagma.laterale Enallagma laterale Coenagrionidae Zygoptera,flight mode,,NA,,single observation,,both,adult,,,,,,,,,,,
HumanObservation,Enallagma.laterale Enallagma laterale Coenagrionidae Zygoptera,territoriality,,NA,,single observation,,both,adult,,,,,,,,,,,
HumanObservation,Enallagma.laterale Enallagma laterale Coenagrionidae Zygoptera,aquatic habitats,,lake,,single observation,,both,adult,,,,,,,,,,,
HumanObservation,Enallagma.laterale Enallagma laterale Coenagrionidae Zygoptera,habitat openness,,NA,,single observation,,both,adult,,,,,,,,,,,
PreservedSpecimen,Enallagma.laterale Enallagma laterale Coenagrionidae Zygoptera,body lengths,Data extraction from the Odonate Phenotypic Database (http://www.odonatephenotypicdatabase.org),26.5,,single observation,,both,adult,,,,,,,,,,,
PreservedSpecimen,Enallagma.laterale Enallagma laterale Coenagrionidae Zygoptera,hindwing lengths,Odonate Phenotypic Database (http://www.odonatephenotypicdatabase.org),15.5,,single observation,,both,adult,,,,,,,,,,,
PreservedSpecimen,Enallagma.laterale Enallagma laterale Coenagrionidae Zygoptera,has wing pigment,Retrieval from the Odonate Phenotypic Database (http://www.odonatephenotypicdatabase.org),no,,single observation,,both,adult,,,,,,,,,,,
,Enallagma.laterale Enallagma laterale Coenagrionidae Zygoptera,wing pigment extent discrete,,NA,,single observation,,both,adult,,,,,,,,,,,
PreservedSpecimen,Enallagma.laterale Enallagma laterale Coenagrionidae Zygoptera,wing pigment extent continuous,,NA,,single observation,,both,adult,,,,,,,,,,,
,Enallagma.laterale Enallagma laterale Coenagrionidae Zygoptera,wing pigment symmetry,,NA,,single observation,,both,adult,,,,,,,,,,,
,Enallagma.laterale Enallagma laterale Coenagrionidae Zygoptera,wing pigment color,,NA,,single observation,,both,adult,,,,,,,,,,,
,Enallagma.laterale Enallagma laterale Coenagrionidae Zygoptera,wing pigment placement,,NA,,single observation,,both,adult,,,,,,,,,,,
HumanObservation,Enallagma.signatum Enallagma signatum Coenagrionidae Zygoptera,Flight season start,,7/9,,single observation,,both,adult,,,,,,,,,,,
,Enallagma.signatum Enallagma signatum Coenagrionidae Zygoptera,Flight season end,,9/2,,single observation,,both,adult,,,,,,,,,,,
PreservedSpecimen,Enallagma.signatum Enallagma signatum Coenagrionidae Zygoptera,body colors,Odonate Phenotypic Database (http://www.odonatephenotypicdatabase.org),black,,single observation,,both,adult,,,,,,,,,,,
PreservedSpecimen,Enallagma.signatum Enallagma signatum Coenagrionidae Zygoptera,body colortypes,Odonate Phenotypic Database (http://www.odonatephenotypicdatabase.org),pigment,,single observation,,both,adult,,,,,,,,,,,
PreservedSpecimen,Enallagma.signatum Enallagma signatum Coenagrionidae Zygoptera,body patterns,Odonate Phenotypic Database (http://www.odonatephenotypicdatabase.org),spotted,,single observation,,both,adult,,,,,,,,,,,
,Enallagma.signatum Enallagma signatum Coenagrionidae Zygoptera,mate guarding,,contact,,single observation,,both,adult,,,,,,,,,,,
Occurrence,Enallagma.signatum Enallagma signatum Coenagrionidae Zygoptera,flight mode,,percher,,single observation,,both,adult,,,,,,,,,,,
HumanObservation,Enallagma.signatum Enallagma signatum Coenagrionidae Zygoptera,territoriality,,NA,,single observation,,both,adult,,,,,,,,,,,
HumanObservation,Enallagma.signatum Enallagma signatum Coenagrionidae Zygoptera,aquatic habitats,,lake,,single observation,,both,adult,,,,,,,,,,,
HumanObservation,Enallagma.signatum Enallagma signatum Coenagrionidae Zygoptera,habitat openness,,closed,,single observation,,both,adult,,,,,,,,,,,
PreservedSpecimen,Enallagma.signatum Enallagma signatum Coenagrionidae Zygoptera,body lengths,Data extraction from the Odonate Phenotypic Database (http://www.odonatephenotypicdatabase.org),32.5,,single observation,,both,adult,,,,,,,,,,,
PreservedSpecimen,Enallagma.signatum Enallagma signatum Coenagrionidae Zygoptera,hindwing lengths,Odonate Phenotypic Database (http://www.odonatephenotypicdatabase.org),18,,single observation,,both,adult,,,,,,,,,,,
PreservedSpecimen,Enallagma.signatum Enallagma signatum Coenagrionidae Zygoptera,has wing pigment,Retrieval from the Odonate Phenotypic Database (http://www.odonatephenotypicdatabase.org),no,,single observation,,both,adult,,,,,,,,,,,
,Enallagma.signatum Enallagma signatum Coenagrionidae Zygoptera,wing pigment extent discrete,,NA,,single observation,,both,adult,,,,,,,,,,,
PreservedSpecimen,Enallagma.signatum Enallagma signatum Coenagrionidae Zygoptera,wing pigment extent continuous,,NA,,single observation,,both,adult,,,,,,,,,,,
,Enallagma.signatum Enallagma signatum Coenagrionidae Zygoptera,wing pigment symmetry,,NA,,single observation,,both,adult,,,,,,,,,,,
,Enallagma.signatum Enallagma signatum Coenagrionidae Zygoptera,wing pigment color,,NA,,single observation,,both,adult,,,,,,,,,,,
,Enallagma.signatum Enallagma signatum Coenagrionidae Zygoptera,wing pigment placement,,NA,,single observation,,both,adult,,,,,,,,,,,
HumanObservation,Enallagma.signatum Enallagma signatum Coenagrionidae Zygoptera,Flight season start,,9.07,,single observation,,both,adult,,,,,,,,,,,
,Enallagma.signatum Enallagma signatum Coenagrionidae Zygoptera,Flight season end,,2.09,,single observation,,both,adult,,,,,,,,,,,
PreservedSpecimen,Enallagma.signatum Enallagma signatum Coenagrionidae Zygoptera,body colors,Odonate Phenotypic Database (http://www.odonatephenotypicdatabase.org),black,,single observation,,both,adult,,,,,,,,,,,
PreservedSpecimen,Enallagma.signatum Enallagma signatum Coenagrionidae Zygoptera,body colortypes,Odonate Phenotypic Database (http://www.odonatephenotypicdatabase.org),pigment,,single observation,,both,adult,,,,,,,,,,,
PreservedSpecimen,Enallagma.signatum Enallagma signatum Coenagrionidae Zygoptera,body patterns,Odonate Phenotypic Database (http://www.odonatephenotypicdatabase.org),spotted,,single observation,,both,adult,,,,,,,,,,,
,Enallagma.signatum Enallagma signatum Coenagrionidae Zygoptera,mate guarding,,contact,,single observation,,both,adult,,,,,,,,,,,
Occurrence,Enallagma.signatum Enallagma signatum Coenagrionidae Zygoptera,flight mode,,percher,,single observation,,both,adult,,,,,,,,,,,
HumanObservation,Enallagma.signatum Enallagma signatum Coenagrionidae Zygoptera,territoriality,,NA,,single observation,,both,adult,,,,,,,,,,,
HumanObservation,Enallagma.signatum Enallagma signatum Coenagrionidae Zygoptera,aquatic habitats,,lake,,single observation,,both,adult,,,,,,,,,,,
HumanObservation,Enallagma.signatum Enallagma signatum Coenagrionidae Zygoptera,habitat openness,,closed,,single observation,,both,adult,,,,,,,,,,,
PreservedSpecimen,Enallagma.signatum Enallagma signatum Coenagrionidae Zygoptera,body lengths,Data extraction from the Odonate Phenotypic Database (http://www.odonatephenotypicdatabase.org),32.5,,single observation,,both,adult,,,,,,,,,,,
PreservedSpecimen,Enallagma.signatum Enallagma signatum Coenagrionidae Zygoptera,hindwing lengths,Odonate Phenotypic Database (http://www.odonatephenotypicdatabase.org),18,,single observation,,both,adult,,,,,,,,,,,
PreservedSpecimen,Enallagma.signatum Enallagma signatum Coenagrionidae Zygoptera,has wing pigment,Retrieval from the Odonate Phenotypic Database (http://www.odonatephenotypicdatabase.org),no,,single observation,,both,adult,,,,,,,,,,,
,Enallagma.signatum Enallagma signatum Coenagrionidae Zygoptera,wing pigment extent discrete,,NA,,single observation,,both,adult,,,,,,,,,,,
PreservedSpecimen,Enallagma.signatum Enallagma signatum Coenagrionidae Zygoptera,wing pigment extent continuous,,NA,,single observation,,both,adult,,,,,,,,,,,
,Enallagma.signatum Enallagma signatum Coenagrionidae Zygoptera,wing pigment symmetry,,NA,,single observation,,both,adult,,,,,,,,,,,
,Enallagma.signatum Enallagma signatum Coenagrionidae Zygoptera,wing pigment color,,NA,,single observation,,both,adult,,,,,,,,,,,
,Enallagma.signatum Enallagma signatum Coenagrionidae Zygoptera,wing pigment placement,,NA,,single observation,,both,adult,,,,,,,,,,,
HumanObservation,Enallagma.traviatum Enallagma traviatum Coenagrionidae Zygoptera,Flight season start,,7/9,,single observation,,both,adult,,,,,,,,,,,
,Enallagma.traviatum Enallagma traviatum Coenagrionidae Zygoptera,Flight season end,,31/8,,single observation,,both,adult,,,,,,,,,,,
PreservedSpecimen,Enallagma.traviatum Enallagma traviatum Coenagrionidae Zygoptera,body colors,Odonate Phenotypic Database (http://www.odonatephenotypicdatabase.org),black,,single observation,,both,adult,,,,,,,,,,,
PreservedSpecimen,Enallagma.traviatum Enallagma traviatum Coenagrionidae Zygoptera,body colortypes,Odonate Phenotypic Database (http://www.odonatephenotypicdatabase.org),pigment,,single observation,,both,adult,,,,,,,,,,,
PreservedSpecimen,Enallagma.traviatum Enallagma traviatum Coenagrionidae Zygoptera,body patterns,Odonate Phenotypic Database (http://www.odonatephenotypicdatabase.org),spotted,,single observation,,both,adult,,,,,,,,,,,
,Enallagma.traviatum Enallagma traviatum Coenagrionidae Zygoptera,mate guarding,,contact,,single observation,,both,adult,,,,,,,,,,,
Occurrence,Enallagma.traviatum Enallagma traviatum Coenagrionidae Zygoptera,flight mode,,percher,,single observation,,both,adult,,,,,,,,,,,
HumanObservation,Enallagma.traviatum Enallagma traviatum Coenagrionidae Zygoptera,territoriality,,NA,,single observation,,both,adult,,,,,,,,,,,
HumanObservation,Enallagma.traviatum Enallagma traviatum Coenagrionidae Zygoptera,aquatic habitats,,lake,,single observation,,both,adult,,,,,,,,,,,
HumanObservation,Enallagma.traviatum Enallagma traviatum Coenagrionidae Zygoptera,habitat openness,,open,,single observation,,both,adult,,,,,,,,,,,
PreservedSpecimen,Enallagma.traviatum Enallagma traviatum Coenagrionidae Zygoptera,body lengths,Data extraction from the Odonate Phenotypic Database (http://www.odonatephenotypicdatabase.org),30.5,,single observation,,both,adult,,,,,,,,,,,
PreservedSpecimen,Enallagma.traviatum Enallagma traviatum Coenagrionidae Zygoptera,hindwing lengths,Odonate Phenotypic Database (http://www.odonatephenotypicdatabase.org),17,,single observation,,both,adult,,,,,,,,,,,
PreservedSpecimen,Enallagma.traviatum Enallagma traviatum Coenagrionidae Zygoptera,has wing pigment,Retrieval from the Odonate Phenotypic Database (http://www.odonatephenotypicdatabase.org),no,,single observation,,both,adult,,,,,,,,,,,
,Enallagma.traviatum Enallagma traviatum Coenagrionidae Zygoptera,wing pigment extent discrete,,NA,,single observation,,both,adult,,,,,,,,,,,
PreservedSpecimen,Enallagma.traviatum Enallagma traviatum Coenagrionidae Zygoptera,wing pigment extent continuous,,NA,,single observation,,both,adult,,,,,,,,,,,
,Enallagma.traviatum Enallagma traviatum Coenagrionidae Zygoptera,wing pigment symmetry,,NA,,single observation,,both,adult,,,,,,,,,,,
,Enallagma.traviatum Enallagma traviatum Coenagrionidae Zygoptera,wing pigment color,,NA,,single observation,,both,adult,,,,,,,,,,,
,Enallagma.traviatum Enallagma traviatum Coenagrionidae Zygoptera,wing pigment placement,,NA,,single observation,,both,adult,,,,,,,,,,,
HumanObservation,Enallagma.traviatum Enallagma traviatum Coenagrionidae Zygoptera,Flight season start,,9.07,,single observation,,both,adult,,,,,,,,,,,
,Enallagma.traviatum Enallagma traviatum Coenagrionidae Zygoptera,Flight season end,,8.31,,single observation,,both,adult,,,,,,,,,,,
PreservedSpecimen,Enallagma.traviatum Enallagma traviatum Coenagrionidae Zygoptera,body colors,Odonate Phenotypic Database (http://www.odonatephenotypicdatabase.org),black,,single observation,,both,adult,,,,,,,,,,,
PreservedSpecimen,Enallagma.traviatum Enallagma traviatum Coenagrionidae Zygoptera,body colortypes,Odonate Phenotypic Database (http://www.odonatephenotypicdatabase.org),pigment,,single observation,,both,adult,,,,,,,,,,,
PreservedSpecimen,Enallagma.traviatum Enallagma traviatum Coenagrionidae Zygoptera,body patterns,Odonate Phenotypic Database (http://www.odonatephenotypicdatabase.org),spotted,,single observation,,both,adult,,,,,,,,,,,
,Enallagma.traviatum Enallagma traviatum Coenagrionidae Zygoptera,mate guarding,,contact,,single observation,,both,adult,,,,,,,,,,,
Occurrence,Enallagma.traviatum Enallagma traviatum Coenagrionidae Zygoptera,flight mode,,percher,,single observation,,both,adult,,,,,,,,,,,
HumanObservation,Enallagma.traviatum Enallagma traviatum Coenagrionidae Zygoptera,territoriality,,NA,,single observation,,both,adult,,,,,,,,,,,
HumanObservation,Enallagma.traviatum Enallagma traviatum Coenagrionidae Zygoptera,aquatic habitats,,lake,,single observation,,both,adult,,,,,,,,,,,
HumanObservation,Enallagma.traviatum Enallagma traviatum Coenagrionidae Zygoptera,habitat openness,,open,,single observation,,both,adult,,,,,,,,,,,
PreservedSpecimen,Enallagma.traviatum Enallagma traviatum Coenagrionidae Zygoptera,body lengths,Data extraction from the Odonate Phenotypic Database (http://www.odonatephenotypicdatabase.org),30.5,,single observation,,both,adult,,,,,,,,,,,
PreservedSpecimen,Enallagma.traviatum Enallagma traviatum Coenagrionidae Zygoptera,hindwing lengths,Odonate Phenotypic Database (http://www.odonatephenotypicdatabase.org),17,,single observation,,both,adult,,,,,,,,,,,
PreservedSpecimen,Enallagma.traviatum Enallagma traviatum Coenagrionidae Zygoptera,has wing pigment,Retrieval from the Odonate Phenotypic Database (http://www.odonatephenotypicdatabase.org),no,,single observation,,both,adult,,,,,,,,,,,
,Enallagma.traviatum Enallagma traviatum Coenagrionidae Zygoptera,wing pigment extent discrete,,NA,,single observation,,both,adult,,,,,,,,,,,
PreservedSpecimen,Enallagma.traviatum Enallagma traviatum Coenagrionidae Zygoptera,wing pigment extent continuous,,NA,,single observation,,both,adult,,,,,,,,,,,
,Enallagma.traviatum Enallagma traviatum Coenagrionidae Zygoptera,wing pigment symmetry,,NA,,single observation,,both,adult,,,,,,,,,,,
,Enallagma.traviatum Enallagma traviatum Coenagrionidae Zygoptera,wing pigment color,,NA,,single observation,,both,adult,,,,,,,,,,,
,Enallagma.traviatum Enallagma traviatum Coenagrionidae Zygoptera,wing pigment placement,,NA,,single observation,,both,adult,,,,,,,,,,,
HumanObservation,Enallagma.vernale Enallagma vernale Coenagrionidae Zygoptera,Flight season start,,16/5,,single observation,,both,adult,,,,,,,,,,,
,Enallagma.vernale Enallagma vernale Coenagrionidae Zygoptera,Flight season end,,17/7,,single observation,,both,adult,,,,,,,,,,,
PreservedSpecimen,Enallagma.vernale Enallagma vernale Coenagrionidae Zygoptera,body colors,Odonate Phenotypic Database (http://www.odonatephenotypicdatabase.org),black,,single observation,,both,adult,,,,,,,,,,,
PreservedSpecimen,Enallagma.vernale Enallagma vernale Coenagrionidae Zygoptera,body colortypes,Odonate Phenotypic Database (http://www.odonatephenotypicdatabase.org),pigment,,single observation,,both,adult,,,,,,,,,,,
PreservedSpecimen,Enallagma.vernale Enallagma vernale Coenagrionidae Zygoptera,body patterns,Odonate Phenotypic Database (http://www.odonatephenotypicdatabase.org),spotted,,single observation,,both,adult,,,,,,,,,,,
,Enallagma.vernale Enallagma vernale Coenagrionidae Zygoptera,mate guarding,,contact,,single observation,,both,adult,,,,,,,,,,,
Occurrence,Enallagma.vernale Enallagma vernale Coenagrionidae Zygoptera,flight mode,,percher,,single observation,,both,adult,,,,,,,,,,,
HumanObservation,Enallagma.vernale Enallagma vernale Coenagrionidae Zygoptera,territoriality,,non-territorial,,single observation,,both,adult,,,,,,,,,,,
HumanObservation,Enallagma.vernale Enallagma vernale Coenagrionidae Zygoptera,aquatic habitats,,lake,,single observation,,both,adult,,,,,,,,,,,
HumanObservation,Enallagma.vernale Enallagma vernale Coenagrionidae Zygoptera,habitat openness,,NA,,single observation,,both,adult,,,,,,,,,,,
PreservedSpecimen,Enallagma.vernale Enallagma vernale Coenagrionidae Zygoptera,body lengths,Data extraction from the Odonate Phenotypic Database (http://www.odonatephenotypicdatabase.org),32,,single observation,,both,adult,,,,,,,,,,,
PreservedSpecimen,Enallagma.vernale Enallagma vernale Coenagrionidae Zygoptera,hindwing lengths,Odonate Phenotypic Database (http://www.odonatephenotypicdatabase.org),19,,single observation,,both,adult,,,,,,,,,,,
PreservedSpecimen,Enallagma.vernale Enallagma vernale Coenagrionidae Zygoptera,has wing pigment,Retrieval from the Odonate Phenotypic Database (http://www.odonatephenotypicdatabase.org),no,,single observation,,both,adult,,,,,,,,,,,
,Enallagma.vernale Enallagma vernale Coenagrionidae Zygoptera,wing pigment extent discrete,,NA,,single observation,,both,adult,,,,,,,,,,,
PreservedSpecimen,Enallagma.vernale Enallagma vernale Coenagrionidae Zygoptera,wing pigment extent continuous,,NA,,single observation,,both,adult,,,,,,,,,,,
,Enallagma.vernale Enallagma vernale Coenagrionidae Zygoptera,wing pigment symmetry,,NA,,single observation,,both,adult,,,,,,,,,,,
,Enallagma.vernale Enallagma vernale Coenagrionidae Zygoptera,wing pigment color,,NA,,single observation,,both,adult,,,,,,,,,,,
,Enallagma.vernale Enallagma vernale Coenagrionidae Zygoptera,wing pigment placement,,NA,,single observation,,both,adult,,,,,,,,,,,
HumanObservation,Enallagma.vernale Enallagma vernale Coenagrionidae Zygoptera,Flight season start,,5.16,,single observation,,both,adult,,,,,,,,,,,
,Enallagma.vernale Enallagma vernale Coenagrionidae Zygoptera,Flight season end,,7.17,,single observation,,both,adult,,,,,,,,,,,
PreservedSpecimen,Enallagma.vernale Enallagma vernale Coenagrionidae Zygoptera,body colors,Odonate Phenotypic Database (http://www.odonatephenotypicdatabase.org),black,,single observation,,both,adult,,,,,,,,,,,
PreservedSpecimen,Enallagma.vernale Enallagma vernale Coenagrionidae Zygoptera,body colortypes,Odonate Phenotypic Database (http://www.odonatephenotypicdatabase.org),pigment,,single observation,,both,adult,,,,,,,,,,,
PreservedSpecimen,Enallagma.vernale Enallagma vernale Coenagrionidae Zygoptera,body patterns,Odonate Phenotypic Database (http://www.odonatephenotypicdatabase.org),spotted,,single observation,,both,adult,,,,,,,,,,,
,Enallagma.vernale Enallagma vernale Coenagrionidae Zygoptera,mate guarding,,contact,,single observation,,both,adult,,,,,,,,,,,
Occurrence,Enallagma.vernale Enallagma vernale Coenagrionidae Zygoptera,flight mode,,percher,,single observation,,both,adult,,,,,,,,,,,
HumanObservation,Enallagma.vernale Enallagma vernale Coenagrionidae Zygoptera,territoriality,,non-territorial,,single observation,,both,adult,,,,,,,,,,,
HumanObservation,Enallagma.vernale Enallagma vernale Coenagrionidae Zygoptera,aquatic habitats,,lake,,single observation,,both,adult,,,,,,,,,,,
HumanObservation,Enallagma.vernale Enallagma vernale Coenagrionidae Zygoptera,habitat openness,,NA,,single observation,,both,adult,,,,,,,,,,,
PreservedSpecimen,Enallagma.vernale Enallagma vernale Coenagrionidae Zygoptera,body lengths,Data extraction from the Odonate Phenotypic Database (http://www.odonatephenotypicdatabase.org),32,,single observation,,both,adult,,,,,,,,,,,
PreservedSpecimen,Enallagma.vernale Enallagma vernale Coenagrionidae Zygoptera,hindwing lengths,Odonate Phenotypic Database (http://www.odonatephenotypicdatabase.org),19,,single observation,,both,adult,,,,,,,,,,,
PreservedSpecimen,Enallagma.vernale Enallagma vernale Coenagrionidae Zygoptera,has wing pigment,Retrieval from the Odonate Phenotypic Database (http://www.odonatephenotypicdatabase.org),no,,single observation,,both,adult,,,,,,,,,,,
,Enallagma.vernale Enallagma vernale Coenagrionidae Zygoptera,wing pigment extent discrete,,NA,,single observation,,both,adult,,,,,,,,,,,
PreservedSpecimen,Enallagma.vernale Enallagma vernale Coenagrionidae Zygoptera,wing pigment extent continuous,,NA,,single observation,,both,adult,,,,,,,,,,,
,Enallagma.vernale Enallagma vernale Coenagrionidae Zygoptera,wing pigment symmetry,,NA,,single observation,,both,adult,,,,,,,,,,,
,Enallagma.vernale Enallagma vernale Coenagrionidae Zygoptera,wing pigment color,,NA,,single observation,,both,adult,,,,,,,,,,,
,Enallagma.vernale Enallagma vernale Coenagrionidae Zygoptera,wing pigment placement,,NA,,single observation,,both,adult,,,,,,,,,,,
HumanObservation,Enallagma.vesperum Enallagma vesperum Coenagrionidae Zygoptera,Flight season start,,16/7,,single observation,,both,adult,,,,,,,,,,,
,Enallagma.vesperum Enallagma vesperum Coenagrionidae Zygoptera,Flight season end,,17/9,,single observation,,both,adult,,,,,,,,,,,
PreservedSpecimen,Enallagma.vesperum Enallagma vesperum Coenagrionidae Zygoptera,body colors,Odonate Phenotypic Database (http://www.odonatephenotypicdatabase.org),black,,single observation,,both,adult,,,,,,,,,,,
PreservedSpecimen,Enallagma.vesperum Enallagma vesperum Coenagrionidae Zygoptera,body colortypes,Odonate Phenotypic Database (http://www.odonatephenotypicdatabase.org),pigment,,single observation,,both,adult,,,,,,,,,,,
PreservedSpecimen,Enallagma.vesperum Enallagma vesperum Coenagrionidae Zygoptera,body patterns,Odonate Phenotypic Database (http://www.odonatephenotypicdatabase.org),spotted,,single observation,,both,adult,,,,,,,,,,,
,Enallagma.vesperum Enallagma vesperum Coenagrionidae Zygoptera,mate guarding,,contact,,single observation,,both,adult,,,,,,,,,,,
Occurrence,Enallagma.vesperum Enallagma vesperum Coenagrionidae Zygoptera,flight mode,,percher,,single observation,,both,adult,,,,,,,,,,,
HumanObservation,Enallagma.vesperum Enallagma vesperum Coenagrionidae Zygoptera,territoriality,,NA,,single observation,,both,adult,,,,,,,,,,,
HumanObservation,Enallagma.vesperum Enallagma vesperum Coenagrionidae Zygoptera,aquatic habitats,,lake,,single observation,,both,adult,,,,,,,,,,,
HumanObservation,Enallagma.vesperum Enallagma vesperum Coenagrionidae Zygoptera,habitat openness,,closed,,single observation,,both,adult,,,,,,,,,,,
PreservedSpecimen,Enallagma.vesperum Enallagma vesperum Coenagrionidae Zygoptera,body lengths,Data extraction from the Odonate Phenotypic Database (http://www.odonatephenotypicdatabase.org),33.5,,single observation,,both,adult,,,,,,,,,,,
PreservedSpecimen,Enallagma.vesperum Enallagma vesperum Coenagrionidae Zygoptera,hindwing lengths,Odonate Phenotypic Database (http://www.odonatephenotypicdatabase.org),18,,single observation,,both,adult,,,,,,,,,,,
PreservedSpecimen,Enallagma.vesperum Enallagma vesperum Coenagrionidae Zygoptera,has wing pigment,Retrieval from the Odonate Phenotypic Database (http://www.odonatephenotypicdatabase.org),no,,single observation,,both,adult,,,,,,,,,,,
,Enallagma.vesperum Enallagma vesperum Coenagrionidae Zygoptera,wing pigment extent discrete,,NA,,single observation,,both,adult,,,,,,,,,,,
PreservedSpecimen,Enallagma.vesperum Enallagma vesperum Coenagrionidae Zygoptera,wing pigment extent continuous,,NA,,single observation,,both,adult,,,,,,,,,,,
,Enallagma.vesperum Enallagma vesperum Coenagrionidae Zygoptera,wing pigment symmetry,,NA,,single observation,,both,adult,,,,,,,,,,,
,Enallagma.vesperum Enallagma vesperum Coenagrionidae Zygoptera,wing pigment color,,NA,,single observation,,both,adult,,,,,,,,,,,
,Enallagma.vesperum Enallagma vesperum Coenagrionidae Zygoptera,wing pigment placement,,NA,,single observation,,both,adult,,,,,,,,,,,
HumanObservation,Enallagma.vesperum Enallagma vesperum Coenagrionidae Zygoptera,Flight season start,,7.16,,single observation,,both,adult,,,,,,,,,,,
,Enallagma.vesperum Enallagma vesperum Coenagrionidae Zygoptera,Flight season end,,9.17,,single observation,,both,adult,,,,,,,,,,,
PreservedSpecimen,Enallagma.vesperum Enallagma vesperum Coenagrionidae Zygoptera,body colors,Odonate Phenotypic Database (http://www.odonatephenotypicdatabase.org),black,,single observation,,both,adult,,,,,,,,,,,
PreservedSpecimen,Enallagma.vesperum Enallagma vesperum Coenagrionidae Zygoptera,body colortypes,Odonate Phenotypic Database (http://www.odonatephenotypicdatabase.org),pigment,,single observation,,both,adult,,,,,,,,,,,
PreservedSpecimen,Enallagma.vesperum Enallagma vesperum Coenagrionidae Zygoptera,body patterns,Odonate Phenotypic Database (http://www.odonatephenotypicdatabase.org),spotted,,single observation,,both,adult,,,,,,,,,,,
,Enallagma.vesperum Enallagma vesperum Coenagrionidae Zygoptera,mate guarding,,contact,,single observation,,both,adult,,,,,,,,,,,
Occurrence,Enallagma.vesperum Enallagma vesperum Coenagrionidae Zygoptera,flight mode,,percher,,single observation,,both,adult,,,,,,,,,,,
HumanObservation,Enallagma.vesperum Enallagma vesperum Coenagrionidae Zygoptera,territoriality,,NA,,single observation,,both,adult,,,,,,,,,,,
HumanObservation,Enallagma.vesperum Enallagma vesperum Coenagrionidae Zygoptera,aquatic habitats,,lake,,single observation,,both,adult,,,,,,,,,,,
HumanObservation,Enallagma.vesperum Enallagma vesperum Coenagrionidae Zygoptera,habitat openness,,closed,,single observation,,both,adult,,,,,,,,,,,
PreservedSpecimen,Enallagma.vesperum Enallagma vesperum Coenagrionidae Zygoptera,body lengths,Data extraction from the Odonate Phenotypic Database (http://www.odonatephenotypicdatabase.org),33.5,,single observation,,both,adult,,,,,,,,,,,
PreservedSpecimen,Enallagma.vesperum Enallagma vesperum Coenagrionidae Zygoptera,hindwing lengths,Odonate Phenotypic Database (http://www.odonatephenotypicdatabase.org),18,,single observation,,both,adult,,,,,,,,,,,
PreservedSpecimen,Enallagma.vesperum Enallagma vesperum Coenagrionidae Zygoptera,has wing pigment,Retrieval from the Odonate Phenotypic Database (http://www.odonatephenotypicdatabase.org),no,,single observation,,both,adult,,,,,,,,,,,
,Enallagma.vesperum Enallagma vesperum Coenagrionidae Zygoptera,wing pigment extent discrete,,NA,,single observation,,both,adult,,,,,,,,,,,
PreservedSpecimen,Enallagma.vesperum Enallagma vesperum Coenagrionidae Zygoptera,wing pigment extent continuous,,NA,,single observation,,both,adult,,,,,,,,,,,
,Enallagma.vesperum Enallagma vesperum Coenagrionidae Zygoptera,wing pigment symmetry,,NA,,single observation,,both,adult,,,,,,,,,,,
,Enallagma.vesperum Enallagma vesperum Coenagrionidae Zygoptera,wing pigment color,,NA,,single observation,,both,adult,,,,,,,,,,,
,Enallagma.vesperum Enallagma vesperum Coenagrionidae Zygoptera,wing pigment placement,,NA,,single observation,,both,adult,,,,,,,,,,,
HumanObservation,Epiaeschna.heros Epiaeschna heros Aeshnidae Anisoptera,Flight season start,,7/7,,single observation,,both,adult,,,,,,,,,,,
,Epiaeschna.heros Epiaeschna heros Aeshnidae Anisoptera,Flight season end,,17/8,,single observation,,both,adult,,,,,,,,,,,
PreservedSpecimen,Epiaeschna.heros Epiaeschna heros Aeshnidae Anisoptera,body colors,Odonate Phenotypic Database (http://www.odonatephenotypicdatabase.org),blue,,single observation,,both,adult,,,,,,,,,,,
PreservedSpecimen,Epiaeschna.heros Epiaeschna heros Aeshnidae Anisoptera,body colortypes,Odonate Phenotypic Database (http://www.odonatephenotypicdatabase.org),pigment,,single observation,,both,adult,,,,,,,,,,,
PreservedSpecimen,Epiaeschna.heros Epiaeschna heros Aeshnidae Anisoptera,body patterns,Odonate Phenotypic Database (http://www.odonatephenotypicdatabase.org),spotted,,single observation,,both,adult,,,,,,,,,,,
,Epiaeschna.heros Epiaeschna heros Aeshnidae Anisoptera,mate guarding,,none,,single observation,,both,adult,,,,,,,,,,,
Occurrence,Epiaeschna.heros Epiaeschna heros Aeshnidae Anisoptera,flight mode,,flier,,single observation,,both,adult,,,,,,,,,,,
HumanObservation,Epiaeschna.heros Epiaeschna heros Aeshnidae Anisoptera,territoriality,,NA,,single observation,,both,adult,,,,,,,,,,,
HumanObservation,Epiaeschna.heros Epiaeschna heros Aeshnidae Anisoptera,aquatic habitats,,stream,,single observation,,both,adult,,,,,,,,,,,
HumanObservation,Epiaeschna.heros Epiaeschna heros Aeshnidae Anisoptera,habitat openness,,closed,,single observation,,both,adult,,,,,,,,,,,
PreservedSpecimen,Epiaeschna.heros Epiaeschna heros Aeshnidae Anisoptera,body lengths,Data extraction from the Odonate Phenotypic Database (http://www.odonatephenotypicdatabase.org),87,,single observation,,both,adult,,,,,,,,,,,
PreservedSpecimen,Epiaeschna.heros Epiaeschna heros Aeshnidae Anisoptera,hindwing lengths,Odonate Phenotypic Database (http://www.odonatephenotypicdatabase.org),56,,single observation,,both,adult,,,,,,,,,,,
PreservedSpecimen,Epiaeschna.heros Epiaeschna heros Aeshnidae Anisoptera,has wing pigment,Retrieval from the Odonate Phenotypic Database (http://www.odonatephenotypicdatabase.org),no,,single observation,,both,adult,,,,,,,,,,,
,Epiaeschna.heros Epiaeschna heros Aeshnidae Anisoptera,wing pigment extent discrete,,NA,,single observation,,both,adult,,,,,,,,,,,
PreservedSpecimen,Epiaeschna.heros Epiaeschna heros Aeshnidae Anisoptera,wing pigment extent continuous,,NA,,single observation,,both,adult,,,,,,,,,,,
,Epiaeschna.heros Epiaeschna heros Aeshnidae Anisoptera,wing pigment symmetry,,NA,,single observation,,both,adult,,,,,,,,,,,
,Epiaeschna.heros Epiaeschna heros Aeshnidae Anisoptera,wing pigment color,,NA,,single observation,,both,adult,,,,,,,,,,,
,Epiaeschna.heros Epiaeschna heros Aeshnidae Anisoptera,wing pigment placement,,NA,,single observation,,both,adult,,,,,,,,,,,
HumanObservation,Epiaeschna.heros Epiaeschna heros Aeshnidae Anisoptera,Flight season start,,7.07,,single observation,,both,adult,,,,,,,,,,,
,Epiaeschna.heros Epiaeschna heros Aeshnidae Anisoptera,Flight season end,,8.17,,single observation,,both,adult,,,,,,,,,,,
PreservedSpecimen,Epiaeschna.heros Epiaeschna heros Aeshnidae Anisoptera,body colors,Odonate Phenotypic Database (http://www.odonatephenotypicdatabase.org),blue,,single observation,,both,adult,,,,,,,,,,,
PreservedSpecimen,Epiaeschna.heros Epiaeschna heros Aeshnidae Anisoptera,body colortypes,Odonate Phenotypic Database (http://www.odonatephenotypicdatabase.org),pigment,,single observation,,both,adult,,,,,,,,,,,
PreservedSpecimen,Epiaeschna.heros Epiaeschna heros Aeshnidae Anisoptera,body patterns,Odonate Phenotypic Database (http://www.odonatephenotypicdatabase.org),spotted,,single observation,,both,adult,,,,,,,,,,,
,Epiaeschna.heros Epiaeschna heros Aeshnidae Anisoptera,mate guarding,,none,,single observation,,both,adult,,,,,,,,,,,
Occurrence,Epiaeschna.heros Epiaeschna heros Aeshnidae Anisoptera,flight mode,,flier,,single observation,,both,adult,,,,,,,,,,,
HumanObservation,Epiaeschna.heros Epiaeschna heros Aeshnidae Anisoptera,territoriality,,NA,,single observation,,both,adult,,,,,,,,,,,
HumanObservation,Epiaeschna.heros Epiaeschna heros Aeshnidae Anisoptera,aquatic habitats,,stream,,single observation,,both,adult,,,,,,,,,,,
HumanObservation,Epiaeschna.heros Epiaeschna heros Aeshnidae Anisoptera,habitat openness,,closed,,single observation,,both,adult,,,,,,,,,,,
PreservedSpecimen,Epiaeschna.heros Epiaeschna heros Aeshnidae Anisoptera,body lengths,Data extraction from the Odonate Phenotypic Database (http://www.odonatephenotypicdatabase.org),87,,single observation,,both,adult,,,,,,,,,,,
PreservedSpecimen,Epiaeschna.heros Epiaeschna heros Aeshnidae Anisoptera,hindwing lengths,Odonate Phenotypic Database (http://www.odonatephenotypicdatabase.org),56,,single observation,,both,adult,,,,,,,,,,,
PreservedSpecimen,Epiaeschna.heros Epiaeschna heros Aeshnidae Anisoptera,has wing pigment,Retrieval from the Odonate Phenotypic Database (http://www.odonatephenotypicdatabase.org),no,,single observation,,both,adult,,,,,,,,,,,
,Epiaeschna.heros Epiaeschna heros Aeshnidae Anisoptera,wing pigment extent discrete,,NA,,single observation,,both,adult,,,,,,,,,,,
PreservedSpecimen,Epiaeschna.heros Epiaeschna heros Aeshnidae Anisoptera,wing pigment extent continuous,,NA,,single observation,,both,adult,,,,,,,,,,,
,Epiaeschna.heros Epiaeschna heros Aeshnidae Anisoptera,wing pigment symmetry,,NA,,single observation,,both,adult,,,,,,,,,,,
,Epiaeschna.heros Epiaeschna heros Aeshnidae Anisoptera,wing pigment color,,NA,,single observation,,both,adult,,,,,,,,,,,
,Epiaeschna.heros Epiaeschna heros Aeshnidae Anisoptera,wing pigment placement,,NA,,single observation,,both,adult,,,,,,,,,,,
HumanObservation,Epitheca.canis Epitheca canis Corduliidae NA,Flight season start,,5/5,,single observation,,both,adult,,,,,,,,,,,
,Epitheca.canis Epitheca canis Corduliidae NA,Flight season end,,19/8,,single observation,,both,adult,,,,,,,,,,,
PreservedSpecimen,Epitheca.canis Epitheca canis Corduliidae NA,body colors,Odonate Phenotypic Database (http://www.odonatephenotypicdatabase.org),NA,,single observation,,both,adult,,,,,,,,,,,
PreservedSpecimen,Epitheca.canis Epitheca canis Corduliidae NA,body colortypes,Odonate Phenotypic Database (http://www.odonatephenotypicdatabase.org),NA,,single observation,,both,adult,,,,,,,,,,,
PreservedSpecimen,Epitheca.canis Epitheca canis Corduliidae NA,body patterns,Odonate Phenotypic Database (http://www.odonatephenotypicdatabase.org),NA,,single observation,,both,adult,,,,,,,,,,,
,Epitheca.canis Epitheca canis Corduliidae NA,mate guarding,,NA,,single observation,,both,adult,,,,,,,,,,,
Occurrence,Epitheca.canis Epitheca canis Corduliidae NA,flight mode,,NA,,single observation,,both,adult,,,,,,,,,,,
HumanObservation,Epitheca.canis Epitheca canis Corduliidae NA,territoriality,,NA,,single observation,,both,adult,,,,,,,,,,,
HumanObservation,Epitheca.canis Epitheca canis Corduliidae NA,aquatic habitats,,NA,,single observation,,both,adult,,,,,,,,,,,
HumanObservation,Epitheca.canis Epitheca canis Corduliidae NA,habitat openness,,NA,,single observation,,both,adult,,,,,,,,,,,
PreservedSpecimen,Epitheca.canis Epitheca canis Corduliidae NA,body lengths,Data extraction from the Odonate Phenotypic Database (http://www.odonatephenotypicdatabase.org),NA,,single observation,,both,adult,,,,,,,,,,,
PreservedSpecimen,Epitheca.canis Epitheca canis Corduliidae NA,hindwing lengths,Odonate Phenotypic Database (http://www.odonatephenotypicdatabase.org),NA,,single observation,,both,adult,,,,,,,,,,,
PreservedSpecimen,Epitheca.canis Epitheca canis Corduliidae NA,has wing pigment,Retrieval from the Odonate Phenotypic Database (http://www.odonatephenotypicdatabase.org),NA,,single observation,,both,adult,,,,,,,,,,,
,Epitheca.canis Epitheca canis Corduliidae NA,wing pigment extent discrete,,NA,,single observation,,both,adult,,,,,,,,,,,
PreservedSpecimen,Epitheca.canis Epitheca canis Corduliidae NA,wing pigment extent continuous,,NA,,single observation,,both,adult,,,,,,,,,,,
,Epitheca.canis Epitheca canis Corduliidae NA,wing pigment symmetry,,NA,,single observation,,both,adult,,,,,,,,,,,
,Epitheca.canis Epitheca canis Corduliidae NA,wing pigment color,,NA,,single observation,,both,adult,,,,,,,,,,,
,Epitheca.canis Epitheca canis Corduliidae NA,wing pigment placement,,NA,,single observation,,both,adult,,,,,,,,,,,
HumanObservation,Epitheca.canis Epitheca canis Corduliidae NA,Flight season start,,5.05,,single observation,,both,adult,,,,,,,,,,,
,Epitheca.canis Epitheca canis Corduliidae NA,Flight season end,,8.19,,single observation,,both,adult,,,,,,,,,,,
PreservedSpecimen,Epitheca.canis Epitheca canis Corduliidae NA,body colors,Odonate Phenotypic Database (http://www.odonatephenotypicdatabase.org),NA,,single observation,,both,adult,,,,,,,,,,,
PreservedSpecimen,Epitheca.canis Epitheca canis Corduliidae NA,body colortypes,Odonate Phenotypic Database (http://www.odonatephenotypicdatabase.org),NA,,single observation,,both,adult,,,,,,,,,,,
PreservedSpecimen,Epitheca.canis Epitheca canis Corduliidae NA,body patterns,Odonate Phenotypic Database (http://www.odonatephenotypicdatabase.org),NA,,single observation,,both,adult,,,,,,,,,,,
,Epitheca.canis Epitheca canis Corduliidae NA,mate guarding,,NA,,single observation,,both,adult,,,,,,,,,,,
Occurrence,Epitheca.canis Epitheca canis Corduliidae NA,flight mode,,NA,,single observation,,both,adult,,,,,,,,,,,
HumanObservation,Epitheca.canis Epitheca canis Corduliidae NA,territoriality,,NA,,single observation,,both,adult,,,,,,,,,,,
HumanObservation,Epitheca.canis Epitheca canis Corduliidae NA,aquatic habitats,,NA,,single observation,,both,adult,,,,,,,,,,,
HumanObservation,Epitheca.canis Epitheca canis Corduliidae NA,habitat openness,,NA,,single observation,,both,adult,,,,,,,,,,,
PreservedSpecimen,Epitheca.canis Epitheca canis Corduliidae NA,body lengths,Data extraction from the Odonate Phenotypic Database (http://www.odonatephenotypicdatabase.org),NA,,single observation,,both,adult,,,,,,,,,,,
PreservedSpecimen,Epitheca.canis Epitheca canis Corduliidae NA,hindwing lengths,Odonate Phenotypic Database (http://www.odonatephenotypicdatabase.org),NA,,single observation,,both,adult,,,,,,,,,,,
PreservedSpecimen,Epitheca.canis Epitheca canis Corduliidae NA,has wing pigment,Retrieval from the Odonate Phenotypic Database (http://www.odonatephenotypicdatabase.org),NA,,single observation,,both,adult,,,,,,,,,,,
,Epitheca.canis Epitheca canis Corduliidae NA,wing pigment extent discrete,,NA,,single observation,,both,adult,,,,,,,,,,,
PreservedSpecimen,Epitheca.canis Epitheca canis Corduliidae NA,wing pigment extent continuous,,NA,,single observation,,both,adult,,,,,,,,,,,
,Epitheca.canis Epitheca canis Corduliidae NA,wing pigment symmetry,,NA,,single observation,,both,adult,,,,,,,,,,,
,Epitheca.canis Epitheca canis Corduliidae NA,wing pigment color,,NA,,single observation,,both,adult,,,,,,,,,,,
,Epitheca.canis Epitheca canis Corduliidae NA,wing pigment placement,,NA,,single observation,,both,adult,,,,,,,,,,,
HumanObservation,Epitheca.cynosura Epitheca cynosura Corduliidae NA,Flight season start,,15/5,,single observation,,both,adult,,,,,,,,,,,
,Epitheca.cynosura Epitheca cynosura Corduliidae NA,Flight season end,,21/9,,single observation,,both,adult,,,,,,,,,,,
PreservedSpecimen,Epitheca.cynosura Epitheca cynosura Corduliidae NA,body colors,Odonate Phenotypic Database (http://www.odonatephenotypicdatabase.org),NA,,single observation,,both,adult,,,,,,,,,,,
PreservedSpecimen,Epitheca.cynosura Epitheca cynosura Corduliidae NA,body colortypes,Odonate Phenotypic Database (http://www.odonatephenotypicdatabase.org),NA,,single observation,,both,adult,,,,,,,,,,,
PreservedSpecimen,Epitheca.cynosura Epitheca cynosura Corduliidae NA,body patterns,Odonate Phenotypic Database (http://www.odonatephenotypicdatabase.org),NA,,single observation,,both,adult,,,,,,,,,,,
,Epitheca.cynosura Epitheca cynosura Corduliidae NA,mate guarding,,NA,,single observation,,both,adult,,,,,,,,,,,
Occurrence,Epitheca.cynosura Epitheca cynosura Corduliidae NA,flight mode,,NA,,single observation,,both,adult,,,,,,,,,,,
HumanObservation,Epitheca.cynosura Epitheca cynosura Corduliidae NA,territoriality,,NA,,single observation,,both,adult,,,,,,,,,,,
HumanObservation,Epitheca.cynosura Epitheca cynosura Corduliidae NA,aquatic habitats,,NA,,single observation,,both,adult,,,,,,,,,,,
HumanObservation,Epitheca.cynosura Epitheca cynosura Corduliidae NA,habitat openness,,NA,,single observation,,both,adult,,,,,,,,,,,
PreservedSpecimen,Epitheca.cynosura Epitheca cynosura Corduliidae NA,body lengths,Data extraction from the Odonate Phenotypic Database (http://www.odonatephenotypicdatabase.org),NA,,single observation,,both,adult,,,,,,,,,,,
PreservedSpecimen,Epitheca.cynosura Epitheca cynosura Corduliidae NA,hindwing lengths,Odonate Phenotypic Database (http://www.odonatephenotypicdatabase.org),NA,,single observation,,both,adult,,,,,,,,,,,
PreservedSpecimen,Epitheca.cynosura Epitheca cynosura Corduliidae NA,has wing pigment,Retrieval from the Odonate Phenotypic Database (http://www.odonatephenotypicdatabase.org),NA,,single observation,,both,adult,,,,,,,,,,,
,Epitheca.cynosura Epitheca cynosura Corduliidae NA,wing pigment extent discrete,,NA,,single observation,,both,adult,,,,,,,,,,,
PreservedSpecimen,Epitheca.cynosura Epitheca cynosura Corduliidae NA,wing pigment extent continuous,,NA,,single observation,,both,adult,,,,,,,,,,,
,Epitheca.cynosura Epitheca cynosura Corduliidae NA,wing pigment symmetry,,NA,,single observation,,both,adult,,,,,,,,,,,
,Epitheca.cynosura Epitheca cynosura Corduliidae NA,wing pigment color,,NA,,single observation,,both,adult,,,,,,,,,,,
,Epitheca.cynosura Epitheca cynosura Corduliidae NA,wing pigment placement,,NA,,single observation,,both,adult,,,,,,,,,,,
HumanObservation,Epitheca.cynosura Epitheca cynosura Corduliidae NA,Flight season start,,5.15,,single observation,,both,adult,,,,,,,,,,,
,Epitheca.cynosura Epitheca cynosura Corduliidae NA,Flight season end,,9.21,,single observation,,both,adult,,,,,,,,,,,
PreservedSpecimen,Epitheca.cynosura Epitheca cynosura Corduliidae NA,body colors,Odonate Phenotypic Database (http://www.odonatephenotypicdatabase.org),NA,,single observation,,both,adult,,,,,,,,,,,
PreservedSpecimen,Epitheca.cynosura Epitheca cynosura Corduliidae NA,body colortypes,Odonate Phenotypic Database (http://www.odonatephenotypicdatabase.org),NA,,single observation,,both,adult,,,,,,,,,,,
PreservedSpecimen,Epitheca.cynosura Epitheca cynosura Corduliidae NA,body patterns,Odonate Phenotypic Database (http://www.odonatephenotypicdatabase.org),NA,,single observation,,both,adult,,,,,,,,,,,
,Epitheca.cynosura Epitheca cynosura Corduliidae NA,mate guarding,,NA,,single observation,,both,adult,,,,,,,,,,,
Occurrence,Epitheca.cynosura Epitheca cynosura Corduliidae NA,flight mode,,NA,,single observation,,both,adult,,,,,,,,,,,
HumanObservation,Epitheca.cynosura Epitheca cynosura Corduliidae NA,territoriality,,NA,,single observation,,both,adult,,,,,,,,,,,
HumanObservation,Epitheca.cynosura Epitheca cynosura Corduliidae NA,aquatic habitats,,NA,,single observation,,both,adult,,,,,,,,,,,
HumanObservation,Epitheca.cynosura Epitheca cynosura Corduliidae NA,habitat openness,,NA,,single observation,,both,adult,,,,,,,,,,,
PreservedSpecimen,Epitheca.cynosura Epitheca cynosura Corduliidae NA,body lengths,Data extraction from the Odonate Phenotypic Database (http://www.odonatephenotypicdatabase.org),NA,,single observation,,both,adult,,,,,,,,,,,
PreservedSpecimen,Epitheca.cynosura Epitheca cynosura Corduliidae NA,hindwing lengths,Odonate Phenotypic Database (http://www.odonatephenotypicdatabase.org),NA,,single observation,,both,adult,,,,,,,,,,,
PreservedSpecimen,Epitheca.cynosura Epitheca cynosura Corduliidae NA,has wing pigment,Retrieval from the Odonate Phenotypic Database (http://www.odonatephenotypicdatabase.org),NA,,single observation,,both,adult,,,,,,,,,,,
,Epitheca.cynosura Epitheca cynosura Corduliidae NA,wing pigment extent discrete,,NA,,single observation,,both,adult,,,,,,,,,,,
PreservedSpecimen,Epitheca.cynosura Epitheca cynosura Corduliidae NA,wing pigment extent continuous,,NA,,single observation,,both,adult,,,,,,,,,,,
,Epitheca.cynosura Epitheca cynosura Corduliidae NA,wing pigment symmetry,,NA,,single observation,,both,adult,,,,,,,,,,,
,Epitheca.cynosura Epitheca cynosura Corduliidae NA,wing pigment color,,NA,,single observation,,both,adult,,,,,,,,,,,
,Epitheca.cynosura Epitheca cynosura Corduliidae NA,wing pigment placement,,NA,,single observation,,both,adult,,,,,,,,,,,
HumanObservation,Epitheca.princeps Epitheca princeps Corduliidae NA,Flight season start,,13/7,,single observation,,both,adult,,,,,,,,,,,
,Epitheca.princeps Epitheca princeps Corduliidae NA,Flight season end,,31/8,,single observation,,both,adult,,,,,,,,,,,
PreservedSpecimen,Epitheca.princeps Epitheca princeps Corduliidae NA,body colors,Odonate Phenotypic Database (http://www.odonatephenotypicdatabase.org),NA,,single observation,,both,adult,,,,,,,,,,,
PreservedSpecimen,Epitheca.princeps Epitheca princeps Corduliidae NA,body colortypes,Odonate Phenotypic Database (http://www.odonatephenotypicdatabase.org),NA,,single observation,,both,adult,,,,,,,,,,,
PreservedSpecimen,Epitheca.princeps Epitheca princeps Corduliidae NA,body patterns,Odonate Phenotypic Database (http://www.odonatephenotypicdatabase.org),NA,,single observation,,both,adult,,,,,,,,,,,
,Epitheca.princeps Epitheca princeps Corduliidae NA,mate guarding,,NA,,single observation,,both,adult,,,,,,,,,,,
Occurrence,Epitheca.princeps Epitheca princeps Corduliidae NA,flight mode,,NA,,single observation,,both,adult,,,,,,,,,,,
HumanObservation,Epitheca.princeps Epitheca princeps Corduliidae NA,territoriality,,NA,,single observation,,both,adult,,,,,,,,,,,
HumanObservation,Epitheca.princeps Epitheca princeps Corduliidae NA,aquatic habitats,,NA,,single observation,,both,adult,,,,,,,,,,,
HumanObservation,Epitheca.princeps Epitheca princeps Corduliidae NA,habitat openness,,NA,,single observation,,both,adult,,,,,,,,,,,
PreservedSpecimen,Epitheca.princeps Epitheca princeps Corduliidae NA,body lengths,Data extraction from the Odonate Phenotypic Database (http://www.odonatephenotypicdatabase.org),NA,,single observation,,both,adult,,,,,,,,,,,
PreservedSpecimen,Epitheca.princeps Epitheca princeps Corduliidae NA,hindwing lengths,Odonate Phenotypic Database (http://www.odonatephenotypicdatabase.org),NA,,single observation,,both,adult,,,,,,,,,,,
PreservedSpecimen,Epitheca.princeps Epitheca princeps Corduliidae NA,has wing pigment,Retrieval from the Odonate Phenotypic Database (http://www.odonatephenotypicdatabase.org),NA,,single observation,,both,adult,,,,,,,,,,,
,Epitheca.princeps Epitheca princeps Corduliidae NA,wing pigment extent discrete,,NA,,single observation,,both,adult,,,,,,,,,,,
PreservedSpecimen,Epitheca.princeps Epitheca princeps Corduliidae NA,wing pigment extent continuous,,NA,,single observation,,both,adult,,,,,,,,,,,
,Epitheca.princeps Epitheca princeps Corduliidae NA,wing pigment symmetry,,NA,,single observation,,both,adult,,,,,,,,,,,
,Epitheca.princeps Epitheca princeps Corduliidae NA,wing pigment color,,NA,,single observation,,both,adult,,,,,,,,,,,
,Epitheca.princeps Epitheca princeps Corduliidae NA,wing pigment placement,,NA,,single observation,,both,adult,,,,,,,,,,,
HumanObservation,Epitheca.princeps Epitheca princeps Corduliidae NA,Flight season start,,7.13,,single observation,,both,adult,,,,,,,,,,,
,Epitheca.princeps Epitheca princeps Corduliidae NA,Flight season end,,8.31,,single observation,,both,adult,,,,,,,,,,,
PreservedSpecimen,Epitheca.princeps Epitheca princeps Corduliidae NA,body colors,Odonate Phenotypic Database (http://www.odonatephenotypicdatabase.org),NA,,single observation,,both,adult,,,,,,,,,,,
PreservedSpecimen,Epitheca.princeps Epitheca princeps Corduliidae NA,body colortypes,Odonate Phenotypic Database (http://www.odonatephenotypicdatabase.org),NA,,single observation,,both,adult,,,,,,,,,,,
PreservedSpecimen,Epitheca.princeps Epitheca princeps Corduliidae NA,body patterns,Odonate Phenotypic Database (http://www.odonatephenotypicdatabase.org),NA,,single observation,,both,adult,,,,,,,,,,,
,Epitheca.princeps Epitheca princeps Corduliidae NA,mate guarding,,NA,,single observation,,both,adult,,,,,,,,,,,
Occurrence,Epitheca.princeps Epitheca princeps Corduliidae NA,flight mode,,NA,,single observation,,both,adult,,,,,,,,,,,
HumanObservation,Epitheca.princeps Epitheca princeps Corduliidae NA,territoriality,,NA,,single observation,,both,adult,,,,,,,,,,,
HumanObservation,Epitheca.princeps Epitheca princeps Corduliidae NA,aquatic habitats,,NA,,single observation,,both,adult,,,,,,,,,,,
HumanObservation,Epitheca.princeps Epitheca princeps Corduliidae NA,habitat openness,,NA,,single observation,,both,adult,,,,,,,,,,,
PreservedSpecimen,Epitheca.princeps Epitheca princeps Corduliidae NA,body lengths,Data extraction from the Odonate Phenotypic Database (http://www.odonatephenotypicdatabase.org),NA,,single observation,,both,adult,,,,,,,,,,,
PreservedSpecimen,Epitheca.princeps Epitheca princeps Corduliidae NA,hindwing lengths,Odonate Phenotypic Database (http://www.odonatephenotypicdatabase.org),NA,,single observation,,both,adult,,,,,,,,,,,
PreservedSpecimen,Epitheca.princeps Epitheca princeps Corduliidae NA,has wing pigment,Retrieval from the Odonate Phenotypic Database (http://www.odonatephenotypicdatabase.org),NA,,single observation,,both,adult,,,,,,,,,,,
,Epitheca.princeps Epitheca princeps Corduliidae NA,wing pigment extent discrete,,NA,,single observation,,both,adult,,,,,,,,,,,
PreservedSpecimen,Epitheca.princeps Epitheca princeps Corduliidae NA,wing pigment extent continuous,,NA,,single observation,,both,adult,,,,,,,,,,,
,Epitheca.princeps Epitheca princeps Corduliidae NA,wing pigment symmetry,,NA,,single observation,,both,adult,,,,,,,,,,,
,Epitheca.princeps Epitheca princeps Corduliidae NA,wing pigment color,,NA,,single observation,,both,adult,,,,,,,,,,,
,Epitheca.princeps Epitheca princeps Corduliidae NA,wing pigment placement,,NA,,single observation,,both,adult,,,,,,,,,,,
HumanObservation,Epitheca.spinigera Epitheca spinigera Corduliidae NA,Flight season start,,5/2,,single observation,,both,adult,,,,,,,,,,,
,Epitheca.spinigera Epitheca spinigera Corduliidae NA,Flight season end,,13/7,,single observation,,both,adult,,,,,,,,,,,
PreservedSpecimen,Epitheca.spinigera Epitheca spinigera Corduliidae NA,body colors,Odonate Phenotypic Database (http://www.odonatephenotypicdatabase.org),NA,,single observation,,both,adult,,,,,,,,,,,
PreservedSpecimen,Epitheca.spinigera Epitheca spinigera Corduliidae NA,body colortypes,Odonate Phenotypic Database (http://www.odonatephenotypicdatabase.org),NA,,single observation,,both,adult,,,,,,,,,,,
PreservedSpecimen,Epitheca.spinigera Epitheca spinigera Corduliidae NA,body patterns,Odonate Phenotypic Database (http://www.odonatephenotypicdatabase.org),NA,,single observation,,both,adult,,,,,,,,,,,
,Epitheca.spinigera Epitheca spinigera Corduliidae NA,mate guarding,,NA,,single observation,,both,adult,,,,,,,,,,,
Occurrence,Epitheca.spinigera Epitheca spinigera Corduliidae NA,flight mode,,NA,,single observation,,both,adult,,,,,,,,,,,
HumanObservation,Epitheca.spinigera Epitheca spinigera Corduliidae NA,territoriality,,NA,,single observation,,both,adult,,,,,,,,,,,
HumanObservation,Epitheca.spinigera Epitheca spinigera Corduliidae NA,aquatic habitats,,NA,,single observation,,both,adult,,,,,,,,,,,
HumanObservation,Epitheca.spinigera Epitheca spinigera Corduliidae NA,habitat openness,,NA,,single observation,,both,adult,,,,,,,,,,,
PreservedSpecimen,Epitheca.spinigera Epitheca spinigera Corduliidae NA,body lengths,Data extraction from the Odonate Phenotypic Database (http://www.odonatephenotypicdatabase.org),NA,,single observation,,both,adult,,,,,,,,,,,
PreservedSpecimen,Epitheca.spinigera Epitheca spinigera Corduliidae NA,hindwing lengths,Odonate Phenotypic Database (http://www.odonatephenotypicdatabase.org),NA,,single observation,,both,adult,,,,,,,,,,,
PreservedSpecimen,Epitheca.spinigera Epitheca spinigera Corduliidae NA,has wing pigment,Retrieval from the Odonate Phenotypic Database (http://www.odonatephenotypicdatabase.org),NA,,single observation,,both,adult,,,,,,,,,,,
,Epitheca.spinigera Epitheca spinigera Corduliidae NA,wing pigment extent discrete,,NA,,single observation,,both,adult,,,,,,,,,,,
PreservedSpecimen,Epitheca.spinigera Epitheca spinigera Corduliidae NA,wing pigment extent continuous,,NA,,single observation,,both,adult,,,,,,,,,,,
,Epitheca.spinigera Epitheca spinigera Corduliidae NA,wing pigment symmetry,,NA,,single observation,,both,adult,,,,,,,,,,,
,Epitheca.spinigera Epitheca spinigera Corduliidae NA,wing pigment color,,NA,,single observation,,both,adult,,,,,,,,,,,
,Epitheca.spinigera Epitheca spinigera Corduliidae NA,wing pigment placement,,NA,,single observation,,both,adult,,,,,,,,,,,
HumanObservation,Epitheca.spinigera Epitheca spinigera Corduliidae NA,Flight season start,,2.05,,single observation,,both,adult,,,,,,,,,,,
,Epitheca.spinigera Epitheca spinigera Corduliidae NA,Flight season end,,7.13,,single observation,,both,adult,,,,,,,,,,,
PreservedSpecimen,Epitheca.spinigera Epitheca spinigera Corduliidae NA,body colors,Odonate Phenotypic Database (http://www.odonatephenotypicdatabase.org),NA,,single observation,,both,adult,,,,,,,,,,,
PreservedSpecimen,Epitheca.spinigera Epitheca spinigera Corduliidae NA,body colortypes,Odonate Phenotypic Database (http://www.odonatephenotypicdatabase.org),NA,,single observation,,both,adult,,,,,,,,,,,
PreservedSpecimen,Epitheca.spinigera Epitheca spinigera Corduliidae NA,body patterns,Odonate Phenotypic Database (http://www.odonatephenotypicdatabase.org),NA,,single observation,,both,adult,,,,,,,,,,,
,Epitheca.spinigera Epitheca spinigera Corduliidae NA,mate guarding,,NA,,single observation,,both,adult,,,,,,,,,,,
Occurrence,Epitheca.spinigera Epitheca spinigera Corduliidae NA,flight mode,,NA,,single observation,,both,adult,,,,,,,,,,,
HumanObservation,Epitheca.spinigera Epitheca spinigera Corduliidae NA,territoriality,,NA,,single observation,,both,adult,,,,,,,,,,,
HumanObservation,Epitheca.spinigera Epitheca spinigera Corduliidae NA,aquatic habitats,,NA,,single observation,,both,adult,,,,,,,,,,,
HumanObservation,Epitheca.spinigera Epitheca spinigera Corduliidae NA,habitat openness,,NA,,single observation,,both,adult,,,,,,,,,,,
PreservedSpecimen,Epitheca.spinigera Epitheca spinigera Corduliidae NA,body lengths,Data extraction from the Odonate Phenotypic Database (http://www.odonatephenotypicdatabase.org),NA,,single observation,,both,adult,,,,,,,,,,,
PreservedSpecimen,Epitheca.spinigera Epitheca spinigera Corduliidae NA,hindwing lengths,Odonate Phenotypic Database (http://www.odonatephenotypicdatabase.org),NA,,single observation,,both,adult,,,,,,,,,,,
PreservedSpecimen,Epitheca.spinigera Epitheca spinigera Corduliidae NA,has wing pigment,Retrieval from the Odonate Phenotypic Database (http://www.odonatephenotypicdatabase.org),NA,,single observation,,both,adult,,,,,,,,,,,
,Epitheca.spinigera Epitheca spinigera Corduliidae NA,wing pigment extent discrete,,NA,,single observation,,both,adult,,,,,,,,,,,
PreservedSpecimen,Epitheca.spinigera Epitheca spinigera Corduliidae NA,wing pigment extent continuous,,NA,,single observation,,both,adult,,,,,,,,,,,
,Epitheca.spinigera Epitheca spinigera Corduliidae NA,wing pigment symmetry,,NA,,single observation,,both,adult,,,,,,,,,,,
,Epitheca.spinigera Epitheca spinigera Corduliidae NA,wing pigment color,,NA,,single observation,,both,adult,,,,,,,,,,,
,Epitheca.spinigera Epitheca spinigera Corduliidae NA,wing pigment placement,,NA,,single observation,,both,adult,,,,,,,,,,,
HumanObservation,Erythemis.simplicicollis Erythemis simplicicollis Libellulidae Anisoptera,Flight season start,,31/5,,single observation,,both,adult,,,,,,,,,,,
,Erythemis.simplicicollis Erythemis simplicicollis Libellulidae Anisoptera,Flight season end,,23/8,,single observation,,both,adult,,,,,,,,,,,
PreservedSpecimen,Erythemis.simplicicollis Erythemis simplicicollis Libellulidae Anisoptera,body colors,Odonate Phenotypic Database (http://www.odonatephenotypicdatabase.org),blue,,single observation,,both,adult,,,,,,,,,,,
PreservedSpecimen,Erythemis.simplicicollis Erythemis simplicicollis Libellulidae Anisoptera,body colortypes,Odonate Phenotypic Database (http://www.odonatephenotypicdatabase.org),pruinescence,,single observation,,both,adult,,,,,,,,,,,
PreservedSpecimen,Erythemis.simplicicollis Erythemis simplicicollis Libellulidae Anisoptera,body patterns,Odonate Phenotypic Database (http://www.odonatephenotypicdatabase.org),plain,,single observation,,both,adult,,,,,,,,,,,
,Erythemis.simplicicollis Erythemis simplicicollis Libellulidae Anisoptera,mate guarding,,noncontact,,single observation,,both,adult,,,,,,,,,,,
Occurrence,Erythemis.simplicicollis Erythemis simplicicollis Libellulidae Anisoptera,flight mode,,percher,,single observation,,both,adult,,,,,,,,,,,
HumanObservation,Erythemis.simplicicollis Erythemis simplicicollis Libellulidae Anisoptera,territoriality,,territorial,,single observation,,both,adult,,,,,,,,,,,
HumanObservation,Erythemis.simplicicollis Erythemis simplicicollis Libellulidae Anisoptera,aquatic habitats,,lake,,single observation,,both,adult,,,,,,,,,,,
HumanObservation,Erythemis.simplicicollis Erythemis simplicicollis Libellulidae Anisoptera,habitat openness,,closed,,single observation,,both,adult,,,,,,,,,,,
PreservedSpecimen,Erythemis.simplicicollis Erythemis simplicicollis Libellulidae Anisoptera,body lengths,Data extraction from the Odonate Phenotypic Database (http://www.odonatephenotypicdatabase.org),41,,single observation,,both,adult,,,,,,,,,,,
PreservedSpecimen,Erythemis.simplicicollis Erythemis simplicicollis Libellulidae Anisoptera,hindwing lengths,Odonate Phenotypic Database (http://www.odonatephenotypicdatabase.org),31.5,,single observation,,both,adult,,,,,,,,,,,
PreservedSpecimen,Erythemis.simplicicollis Erythemis simplicicollis Libellulidae Anisoptera,has wing pigment,Retrieval from the Odonate Phenotypic Database (http://www.odonatephenotypicdatabase.org),no,,single observation,,both,adult,,,,,,,,,,,
,Erythemis.simplicicollis Erythemis simplicicollis Libellulidae Anisoptera,wing pigment extent discrete,,NA,,single observation,,both,adult,,,,,,,,,,,
PreservedSpecimen,Erythemis.simplicicollis Erythemis simplicicollis Libellulidae Anisoptera,wing pigment extent continuous,,NA,,single observation,,both,adult,,,,,,,,,,,
,Erythemis.simplicicollis Erythemis simplicicollis Libellulidae Anisoptera,wing pigment symmetry,,NA,,single observation,,both,adult,,,,,,,,,,,
,Erythemis.simplicicollis Erythemis simplicicollis Libellulidae Anisoptera,wing pigment color,,NA,,single observation,,both,adult,,,,,,,,,,,
,Erythemis.simplicicollis Erythemis simplicicollis Libellulidae Anisoptera,wing pigment placement,,NA,,single observation,,both,adult,,,,,,,,,,,
HumanObservation,Erythemis.simplicicollis Erythemis simplicicollis Libellulidae Anisoptera,Flight season start,,5.31,,single observation,,both,adult,,,,,,,,,,,
,Erythemis.simplicicollis Erythemis simplicicollis Libellulidae Anisoptera,Flight season end,,8.23,,single observation,,both,adult,,,,,,,,,,,
PreservedSpecimen,Erythemis.simplicicollis Erythemis simplicicollis Libellulidae Anisoptera,body colors,Odonate Phenotypic Database (http://www.odonatephenotypicdatabase.org),blue,,single observation,,both,adult,,,,,,,,,,,
PreservedSpecimen,Erythemis.simplicicollis Erythemis simplicicollis Libellulidae Anisoptera,body colortypes,Odonate Phenotypic Database (http://www.odonatephenotypicdatabase.org),pruinescence,,single observation,,both,adult,,,,,,,,,,,
PreservedSpecimen,Erythemis.simplicicollis Erythemis simplicicollis Libellulidae Anisoptera,body patterns,Odonate Phenotypic Database (http://www.odonatephenotypicdatabase.org),plain,,single observation,,both,adult,,,,,,,,,,,
,Erythemis.simplicicollis Erythemis simplicicollis Libellulidae Anisoptera,mate guarding,,noncontact,,single observation,,both,adult,,,,,,,,,,,
Occurrence,Erythemis.simplicicollis Erythemis simplicicollis Libellulidae Anisoptera,flight mode,,percher,,single observation,,both,adult,,,,,,,,,,,
HumanObservation,Erythemis.simplicicollis Erythemis simplicicollis Libellulidae Anisoptera,territoriality,,territorial,,single observation,,both,adult,,,,,,,,,,,
HumanObservation,Erythemis.simplicicollis Erythemis simplicicollis Libellulidae Anisoptera,aquatic habitats,,lake,,single observation,,both,adult,,,,,,,,,,,
HumanObservation,Erythemis.simplicicollis Erythemis simplicicollis Libellulidae Anisoptera,habitat openness,,closed,,single observation,,both,adult,,,,,,,,,,,
PreservedSpecimen,Erythemis.simplicicollis Erythemis simplicicollis Libellulidae Anisoptera,body lengths,Data extraction from the Odonate Phenotypic Database (http://www.odonatephenotypicdatabase.org),41,,single observation,,both,adult,,,,,,,,,,,
PreservedSpecimen,Erythemis.simplicicollis Erythemis simplicicollis Libellulidae Anisoptera,hindwing lengths,Odonate Phenotypic Database (http://www.odonatephenotypicdatabase.org),31.5,,single observation,,both,adult,,,,,,,,,,,
PreservedSpecimen,Erythemis.simplicicollis Erythemis simplicicollis Libellulidae Anisoptera,has wing pigment,Retrieval from the Odonate Phenotypic Database (http://www.odonatephenotypicdatabase.org),no,,single observation,,both,adult,,,,,,,,,,,
,Erythemis.simplicicollis Erythemis simplicicollis Libellulidae Anisoptera,wing pigment extent discrete,,NA,,single observation,,both,adult,,,,,,,,,,,
PreservedSpecimen,Erythemis.simplicicollis Erythemis simplicicollis Libellulidae Anisoptera,wing pigment extent continuous,,NA,,single observation,,both,adult,,,,,,,,,,,
,Erythemis.simplicicollis Erythemis simplicicollis Libellulidae Anisoptera,wing pigment symmetry,,NA,,single observation,,both,adult,,,,,,,,,,,
,Erythemis.simplicicollis Erythemis simplicicollis Libellulidae Anisoptera,wing pigment color,,NA,,single observation,,both,adult,,,,,,,,,,,
,Erythemis.simplicicollis Erythemis simplicicollis Libellulidae Anisoptera,wing pigment placement,,NA,,single observation,,both,adult,,,,,,,,,,,
HumanObservation,Gomphaeschna.furcillata Gomphaeschna furcillata Aeshnidae Anisoptera,Flight season start,,23/5,,single observation,,both,adult,,,,,,,,,,,
,Gomphaeschna.furcillata Gomphaeschna furcillata Aeshnidae Anisoptera,Flight season end,,7/5,,single observation,,both,adult,,,,,,,,,,,
PreservedSpecimen,Gomphaeschna.furcillata Gomphaeschna furcillata Aeshnidae Anisoptera,body colors,Odonate Phenotypic Database (http://www.odonatephenotypicdatabase.org),black,,single observation,,both,adult,,,,,,,,,,,
PreservedSpecimen,Gomphaeschna.furcillata Gomphaeschna furcillata Aeshnidae Anisoptera,body colortypes,Odonate Phenotypic Database (http://www.odonatephenotypicdatabase.org),pigment,,single observation,,both,adult,,,,,,,,,,,
PreservedSpecimen,Gomphaeschna.furcillata Gomphaeschna furcillata Aeshnidae Anisoptera,body patterns,Odonate Phenotypic Database (http://www.odonatephenotypicdatabase.org),spotted,,single observation,,both,adult,,,,,,,,,,,
,Gomphaeschna.furcillata Gomphaeschna furcillata Aeshnidae Anisoptera,mate guarding,,none,,single observation,,both,adult,,,,,,,,,,,
Occurrence,Gomphaeschna.furcillata Gomphaeschna furcillata Aeshnidae Anisoptera,flight mode,,flier,,single observation,,both,adult,,,,,,,,,,,
HumanObservation,Gomphaeschna.furcillata Gomphaeschna furcillata Aeshnidae Anisoptera,territoriality,,NA,,single observation,,both,adult,,,,,,,,,,,
HumanObservation,Gomphaeschna.furcillata Gomphaeschna furcillata Aeshnidae Anisoptera,aquatic habitats,,pond,,single observation,,both,adult,,,,,,,,,,,
HumanObservation,Gomphaeschna.furcillata Gomphaeschna furcillata Aeshnidae Anisoptera,habitat openness,,closed,,single observation,,both,adult,,,,,,,,,,,
PreservedSpecimen,Gomphaeschna.furcillata Gomphaeschna furcillata Aeshnidae Anisoptera,body lengths,Data extraction from the Odonate Phenotypic Database (http://www.odonatephenotypicdatabase.org),56.5,,single observation,,both,adult,,,,,,,,,,,
PreservedSpecimen,Gomphaeschna.furcillata Gomphaeschna furcillata Aeshnidae Anisoptera,hindwing lengths,Odonate Phenotypic Database (http://www.odonatephenotypicdatabase.org),32.5,,single observation,,both,adult,,,,,,,,,,,
PreservedSpecimen,Gomphaeschna.furcillata Gomphaeschna furcillata Aeshnidae Anisoptera,has wing pigment,Retrieval from the Odonate Phenotypic Database (http://www.odonatephenotypicdatabase.org),no,,single observation,,both,adult,,,,,,,,,,,
,Gomphaeschna.furcillata Gomphaeschna furcillata Aeshnidae Anisoptera,wing pigment extent discrete,,NA,,single observation,,both,adult,,,,,,,,,,,
PreservedSpecimen,Gomphaeschna.furcillata Gomphaeschna furcillata Aeshnidae Anisoptera,wing pigment extent continuous,,NA,,single observation,,both,adult,,,,,,,,,,,
,Gomphaeschna.furcillata Gomphaeschna furcillata Aeshnidae Anisoptera,wing pigment symmetry,,NA,,single observation,,both,adult,,,,,,,,,,,
,Gomphaeschna.furcillata Gomphaeschna furcillata Aeshnidae Anisoptera,wing pigment color,,NA,,single observation,,both,adult,,,,,,,,,,,
,Gomphaeschna.furcillata Gomphaeschna furcillata Aeshnidae Anisoptera,wing pigment placement,,NA,,single observation,,both,adult,,,,,,,,,,,
HumanObservation,Gomphaeschna.furcillata Gomphaeschna furcillata Aeshnidae Anisoptera,Flight season start,,5.23,,single observation,,both,adult,,,,,,,,,,,
,Gomphaeschna.furcillata Gomphaeschna furcillata Aeshnidae Anisoptera,Flight season end,,5.07,,single observation,,both,adult,,,,,,,,,,,
PreservedSpecimen,Gomphaeschna.furcillata Gomphaeschna furcillata Aeshnidae Anisoptera,body colors,Odonate Phenotypic Database (http://www.odonatephenotypicdatabase.org),black,,single observation,,both,adult,,,,,,,,,,,
PreservedSpecimen,Gomphaeschna.furcillata Gomphaeschna furcillata Aeshnidae Anisoptera,body colortypes,Odonate Phenotypic Database (http://www.odonatephenotypicdatabase.org),pigment,,single observation,,both,adult,,,,,,,,,,,
PreservedSpecimen,Gomphaeschna.furcillata Gomphaeschna furcillata Aeshnidae Anisoptera,body patterns,Odonate Phenotypic Database (http://www.odonatephenotypicdatabase.org),spotted,,single observation,,both,adult,,,,,,,,,,,
,Gomphaeschna.furcillata Gomphaeschna furcillata Aeshnidae Anisoptera,mate guarding,,none,,single observation,,both,adult,,,,,,,,,,,
Occurrence,Gomphaeschna.furcillata Gomphaeschna furcillata Aeshnidae Anisoptera,flight mode,,flier,,single observation,,both,adult,,,,,,,,,,,
HumanObservation,Gomphaeschna.furcillata Gomphaeschna furcillata Aeshnidae Anisoptera,territoriality,,NA,,single observation,,both,adult,,,,,,,,,,,
HumanObservation,Gomphaeschna.furcillata Gomphaeschna furcillata Aeshnidae Anisoptera,aquatic habitats,,pond,,single observation,,both,adult,,,,,,,,,,,
HumanObservation,Gomphaeschna.furcillata Gomphaeschna furcillata Aeshnidae Anisoptera,habitat openness,,closed,,single observation,,both,adult,,,,,,,,,,,
PreservedSpecimen,Gomphaeschna.furcillata Gomphaeschna furcillata Aeshnidae Anisoptera,body lengths,Data extraction from the Odonate Phenotypic Database (http://www.odonatephenotypicdatabase.org),56.5,,single observation,,both,adult,,,,,,,,,,,
PreservedSpecimen,Gomphaeschna.furcillata Gomphaeschna furcillata Aeshnidae Anisoptera,hindwing lengths,Odonate Phenotypic Database (http://www.odonatephenotypicdatabase.org),32.5,,single observation,,both,adult,,,,,,,,,,,
PreservedSpecimen,Gomphaeschna.furcillata Gomphaeschna furcillata Aeshnidae Anisoptera,has wing pigment,Retrieval from the Odonate Phenotypic Database (http://www.odonatephenotypicdatabase.org),no,,single observation,,both,adult,,,,,,,,,,,
,Gomphaeschna.furcillata Gomphaeschna furcillata Aeshnidae Anisoptera,wing pigment extent discrete,,NA,,single observation,,both,adult,,,,,,,,,,,
PreservedSpecimen,Gomphaeschna.furcillata Gomphaeschna furcillata Aeshnidae Anisoptera,wing pigment extent continuous,,NA,,single observation,,both,adult,,,,,,,,,,,
,Gomphaeschna.furcillata Gomphaeschna furcillata Aeshnidae Anisoptera,wing pigment symmetry,,NA,,single observation,,both,adult,,,,,,,,,,,
,Gomphaeschna.furcillata Gomphaeschna furcillata Aeshnidae Anisoptera,wing pigment color,,NA,,single observation,,both,adult,,,,,,,,,,,
,Gomphaeschna.furcillata Gomphaeschna furcillata Aeshnidae Anisoptera,wing pigment placement,,NA,,single observation,,both,adult,,,,,,,,,,,
HumanObservation,Gomphus.abbreviatus Gomphus abbreviatus Gomphidae Anisoptera,Flight season start,,21/5,,single observation,,both,adult,,,,,,,,,,,
,Gomphus.abbreviatus Gomphus abbreviatus Gomphidae Anisoptera,Flight season end,,7/4,,single observation,,both,adult,,,,,,,,,,,
PreservedSpecimen,Gomphus.abbreviatus Gomphus abbreviatus Gomphidae Anisoptera,body colors,Odonate Phenotypic Database (http://www.odonatephenotypicdatabase.org),black,,single observation,,both,adult,,,,,,,,,,,
PreservedSpecimen,Gomphus.abbreviatus Gomphus abbreviatus Gomphidae Anisoptera,body colortypes,Odonate Phenotypic Database (http://www.odonatephenotypicdatabase.org),pigment,,single observation,,both,adult,,,,,,,,,,,
PreservedSpecimen,Gomphus.abbreviatus Gomphus abbreviatus Gomphidae Anisoptera,body patterns,Odonate Phenotypic Database (http://www.odonatephenotypicdatabase.org),spotted,,single observation,,both,adult,,,,,,,,,,,
,Gomphus.abbreviatus Gomphus abbreviatus Gomphidae Anisoptera,mate guarding,,NA,,single observation,,both,adult,,,,,,,,,,,
Occurrence,Gomphus.abbreviatus Gomphus abbreviatus Gomphidae Anisoptera,flight mode,,flier,,single observation,,both,adult,,,,,,,,,,,
HumanObservation,Gomphus.abbreviatus Gomphus abbreviatus Gomphidae Anisoptera,territoriality,,NA,,single observation,,both,adult,,,,,,,,,,,
HumanObservation,Gomphus.abbreviatus Gomphus abbreviatus Gomphidae Anisoptera,aquatic habitats,,river,,single observation,,both,adult,,,,,,,,,,,
HumanObservation,Gomphus.abbreviatus Gomphus abbreviatus Gomphidae Anisoptera,habitat openness,,closed,,single observation,,both,adult,,,,,,,,,,,
PreservedSpecimen,Gomphus.abbreviatus Gomphus abbreviatus Gomphidae Anisoptera,body lengths,Data extraction from the Odonate Phenotypic Database (http://www.odonatephenotypicdatabase.org),34.5,,single observation,,both,adult,,,,,,,,,,,
PreservedSpecimen,Gomphus.abbreviatus Gomphus abbreviatus Gomphidae Anisoptera,hindwing lengths,Odonate Phenotypic Database (http://www.odonatephenotypicdatabase.org),23.5,,single observation,,both,adult,,,,,,,,,,,
PreservedSpecimen,Gomphus.abbreviatus Gomphus abbreviatus Gomphidae Anisoptera,has wing pigment,Retrieval from the Odonate Phenotypic Database (http://www.odonatephenotypicdatabase.org),no,,single observation,,both,adult,,,,,,,,,,,
,Gomphus.abbreviatus Gomphus abbreviatus Gomphidae Anisoptera,wing pigment extent discrete,,NA,,single observation,,both,adult,,,,,,,,,,,
PreservedSpecimen,Gomphus.abbreviatus Gomphus abbreviatus Gomphidae Anisoptera,wing pigment extent continuous,,NA,,single observation,,both,adult,,,,,,,,,,,
,Gomphus.abbreviatus Gomphus abbreviatus Gomphidae Anisoptera,wing pigment symmetry,,NA,,single observation,,both,adult,,,,,,,,,,,
,Gomphus.abbreviatus Gomphus abbreviatus Gomphidae Anisoptera,wing pigment color,,NA,,single observation,,both,adult,,,,,,,,,,,
,Gomphus.abbreviatus Gomphus abbreviatus Gomphidae Anisoptera,wing pigment placement,,NA,,single observation,,both,adult,,,,,,,,,,,
HumanObservation,Gomphus.abbreviatus Gomphus abbreviatus Gomphidae Anisoptera,Flight season start,,5.21,,single observation,,both,adult,,,,,,,,,,,
,Gomphus.abbreviatus Gomphus abbreviatus Gomphidae Anisoptera,Flight season end,,4.07,,single observation,,both,adult,,,,,,,,,,,
PreservedSpecimen,Gomphus.abbreviatus Gomphus abbreviatus Gomphidae Anisoptera,body colors,Odonate Phenotypic Database (http://www.odonatephenotypicdatabase.org),black,,single observation,,both,adult,,,,,,,,,,,
PreservedSpecimen,Gomphus.abbreviatus Gomphus abbreviatus Gomphidae Anisoptera,body colortypes,Odonate Phenotypic Database (http://www.odonatephenotypicdatabase.org),pigment,,single observation,,both,adult,,,,,,,,,,,
PreservedSpecimen,Gomphus.abbreviatus Gomphus abbreviatus Gomphidae Anisoptera,body patterns,Odonate Phenotypic Database (http://www.odonatephenotypicdatabase.org),spotted,,single observation,,both,adult,,,,,,,,,,,
,Gomphus.abbreviatus Gomphus abbreviatus Gomphidae Anisoptera,mate guarding,,NA,,single observation,,both,adult,,,,,,,,,,,
Occurrence,Gomphus.abbreviatus Gomphus abbreviatus Gomphidae Anisoptera,flight mode,,flier,,single observation,,both,adult,,,,,,,,,,,
HumanObservation,Gomphus.abbreviatus Gomphus abbreviatus Gomphidae Anisoptera,territoriality,,NA,,single observation,,both,adult,,,,,,,,,,,
HumanObservation,Gomphus.abbreviatus Gomphus abbreviatus Gomphidae Anisoptera,aquatic habitats,,river,,single observation,,both,adult,,,,,,,,,,,
HumanObservation,Gomphus.abbreviatus Gomphus abbreviatus Gomphidae Anisoptera,habitat openness,,closed,,single observation,,both,adult,,,,,,,,,,,
PreservedSpecimen,Gomphus.abbreviatus Gomphus abbreviatus Gomphidae Anisoptera,body lengths,Data extraction from the Odonate Phenotypic Database (http://www.odonatephenotypicdatabase.org),34.5,,single observation,,both,adult,,,,,,,,,,,
PreservedSpecimen,Gomphus.abbreviatus Gomphus abbreviatus Gomphidae Anisoptera,hindwing lengths,Odonate Phenotypic Database (http://www.odonatephenotypicdatabase.org),23.5,,single observation,,both,adult,,,,,,,,,,,
PreservedSpecimen,Gomphus.abbreviatus Gomphus abbreviatus Gomphidae Anisoptera,has wing pigment,Retrieval from the Odonate Phenotypic Database (http://www.odonatephenotypicdatabase.org),no,,single observation,,both,adult,,,,,,,,,,,
,Gomphus.abbreviatus Gomphus abbreviatus Gomphidae Anisoptera,wing pigment extent discrete,,NA,,single observation,,both,adult,,,,,,,,,,,
PreservedSpecimen,Gomphus.abbreviatus Gomphus abbreviatus Gomphidae Anisoptera,wing pigment extent continuous,,NA,,single observation,,both,adult,,,,,,,,,,,
,Gomphus.abbreviatus Gomphus abbreviatus Gomphidae Anisoptera,wing pigment symmetry,,NA,,single observation,,both,adult,,,,,,,,,,,
,Gomphus.abbreviatus Gomphus abbreviatus Gomphidae Anisoptera,wing pigment color,,NA,,single observation,,both,adult,,,,,,,,,,,
,Gomphus.abbreviatus Gomphus abbreviatus Gomphidae Anisoptera,wing pigment placement,,NA,,single observation,,both,adult,,,,,,,,,,,
HumanObservation,Gomphus.adelphus Gomphus adelphus Gomphidae Anisoptera,Flight season start,,27/5,,single observation,,both,adult,,,,,,,,,,,
,Gomphus.adelphus Gomphus adelphus Gomphidae Anisoptera,Flight season end,,15/7,,single observation,,both,adult,,,,,,,,,,,
PreservedSpecimen,Gomphus.adelphus Gomphus adelphus Gomphidae Anisoptera,body colors,Odonate Phenotypic Database (http://www.odonatephenotypicdatabase.org),black,,single observation,,both,adult,,,,,,,,,,,
PreservedSpecimen,Gomphus.adelphus Gomphus adelphus Gomphidae Anisoptera,body colortypes,Odonate Phenotypic Database (http://www.odonatephenotypicdatabase.org),pigment,,single observation,,both,adult,,,,,,,,,,,
PreservedSpecimen,Gomphus.adelphus Gomphus adelphus Gomphidae Anisoptera,body patterns,Odonate Phenotypic Database (http://www.odonatephenotypicdatabase.org),spotted,,single observation,,both,adult,,,,,,,,,,,
,Gomphus.adelphus Gomphus adelphus Gomphidae Anisoptera,mate guarding,,NA,,single observation,,both,adult,,,,,,,,,,,
Occurrence,Gomphus.adelphus Gomphus adelphus Gomphidae Anisoptera,flight mode,,percher,,single observation,,both,adult,,,,,,,,,,,
HumanObservation,Gomphus.adelphus Gomphus adelphus Gomphidae Anisoptera,territoriality,,NA,,single observation,,both,adult,,,,,,,,,,,
HumanObservation,Gomphus.adelphus Gomphus adelphus Gomphidae Anisoptera,aquatic habitats,,lake,,single observation,,both,adult,,,,,,,,,,,
HumanObservation,Gomphus.adelphus Gomphus adelphus Gomphidae Anisoptera,habitat openness,,semi,,single observation,,both,adult,,,,,,,,,,,
PreservedSpecimen,Gomphus.adelphus Gomphus adelphus Gomphidae Anisoptera,body lengths,Data extraction from the Odonate Phenotypic Database (http://www.odonatephenotypicdatabase.org),42,,single observation,,both,adult,,,,,,,,,,,
PreservedSpecimen,Gomphus.adelphus Gomphus adelphus Gomphidae Anisoptera,hindwing lengths,Odonate Phenotypic Database (http://www.odonatephenotypicdatabase.org),26,,single observation,,both,adult,,,,,,,,,,,
PreservedSpecimen,Gomphus.adelphus Gomphus adelphus Gomphidae Anisoptera,has wing pigment,Retrieval from the Odonate Phenotypic Database (http://www.odonatephenotypicdatabase.org),no,,single observation,,both,adult,,,,,,,,,,,
,Gomphus.adelphus Gomphus adelphus Gomphidae Anisoptera,wing pigment extent discrete,,NA,,single observation,,both,adult,,,,,,,,,,,
PreservedSpecimen,Gomphus.adelphus Gomphus adelphus Gomphidae Anisoptera,wing pigment extent continuous,,NA,,single observation,,both,adult,,,,,,,,,,,
,Gomphus.adelphus Gomphus adelphus Gomphidae Anisoptera,wing pigment symmetry,,NA,,single observation,,both,adult,,,,,,,,,,,
,Gomphus.adelphus Gomphus adelphus Gomphidae Anisoptera,wing pigment color,,NA,,single observation,,both,adult,,,,,,,,,,,
,Gomphus.adelphus Gomphus adelphus Gomphidae Anisoptera,wing pigment placement,,NA,,single observation,,both,adult,,,,,,,,,,,
HumanObservation,Gomphus.adelphus Gomphus adelphus Gomphidae Anisoptera,Flight season start,,5.27,,single observation,,both,adult,,,,,,,,,,,
,Gomphus.adelphus Gomphus adelphus Gomphidae Anisoptera,Flight season end,,7.15,,single observation,,both,adult,,,,,,,,,,,
PreservedSpecimen,Gomphus.adelphus Gomphus adelphus Gomphidae Anisoptera,body colors,Odonate Phenotypic Database (http://www.odonatephenotypicdatabase.org),black,,single observation,,both,adult,,,,,,,,,,,
PreservedSpecimen,Gomphus.adelphus Gomphus adelphus Gomphidae Anisoptera,body colortypes,Odonate Phenotypic Database (http://www.odonatephenotypicdatabase.org),pigment,,single observation,,both,adult,,,,,,,,,,,
PreservedSpecimen,Gomphus.adelphus Gomphus adelphus Gomphidae Anisoptera,body patterns,Odonate Phenotypic Database (http://www.odonatephenotypicdatabase.org),spotted,,single observation,,both,adult,,,,,,,,,,,
,Gomphus.adelphus Gomphus adelphus Gomphidae Anisoptera,mate guarding,,NA,,single observation,,both,adult,,,,,,,,,,,
Occurrence,Gomphus.adelphus Gomphus adelphus Gomphidae Anisoptera,flight mode,,percher,,single observation,,both,adult,,,,,,,,,,,
HumanObservation,Gomphus.adelphus Gomphus adelphus Gomphidae Anisoptera,territoriality,,NA,,single observation,,both,adult,,,,,,,,,,,
HumanObservation,Gomphus.adelphus Gomphus adelphus Gomphidae Anisoptera,aquatic habitats,,lake,,single observation,,both,adult,,,,,,,,,,,
HumanObservation,Gomphus.adelphus Gomphus adelphus Gomphidae Anisoptera,habitat openness,,semi,,single observation,,both,adult,,,,,,,,,,,
PreservedSpecimen,Gomphus.adelphus Gomphus adelphus Gomphidae Anisoptera,body lengths,Data extraction from the Odonate Phenotypic Database (http://www.odonatephenotypicdatabase.org),42,,single observation,,both,adult,,,,,,,,,,,
PreservedSpecimen,Gomphus.adelphus Gomphus adelphus Gomphidae Anisoptera,hindwing lengths,Odonate Phenotypic Database (http://www.odonatephenotypicdatabase.org),26,,single observation,,both,adult,,,,,,,,,,,
PreservedSpecimen,Gomphus.adelphus Gomphus adelphus Gomphidae Anisoptera,has wing pigment,Retrieval from the Odonate Phenotypic Database (http://www.odonatephenotypicdatabase.org),no,,single observation,,both,adult,,,,,,,,,,,
,Gomphus.adelphus Gomphus adelphus Gomphidae Anisoptera,wing pigment extent discrete,,NA,,single observation,,both,adult,,,,,,,,,,,
PreservedSpecimen,Gomphus.adelphus Gomphus adelphus Gomphidae Anisoptera,wing pigment extent continuous,,NA,,single observation,,both,adult,,,,,,,,,,,
,Gomphus.adelphus Gomphus adelphus Gomphidae Anisoptera,wing pigment symmetry,,NA,,single observation,,both,adult,,,,,,,,,,,
,Gomphus.adelphus Gomphus adelphus Gomphidae Anisoptera,wing pigment color,,NA,,single observation,,both,adult,,,,,,,,,,,
,Gomphus.adelphus Gomphus adelphus Gomphidae Anisoptera,wing pigment placement,,NA,,single observation,,both,adult,,,,,,,,,,,
HumanObservation,Gomphus.borealis Gomphus borealis Gomphidae Anisoptera,Flight season start,,22/5,,single observation,,both,adult,,,,,,,,,,,
,Gomphus.borealis Gomphus borealis Gomphidae Anisoptera,Flight season end,,22/7,,single observation,,both,adult,,,,,,,,,,,
PreservedSpecimen,Gomphus.borealis Gomphus borealis Gomphidae Anisoptera,body colors,Odonate Phenotypic Database (http://www.odonatephenotypicdatabase.org),black,,single observation,,both,adult,,,,,,,,,,,
PreservedSpecimen,Gomphus.borealis Gomphus borealis Gomphidae Anisoptera,body colortypes,Odonate Phenotypic Database (http://www.odonatephenotypicdatabase.org),pigment,,single observation,,both,adult,,,,,,,,,,,
PreservedSpecimen,Gomphus.borealis Gomphus borealis Gomphidae Anisoptera,body patterns,Odonate Phenotypic Database (http://www.odonatephenotypicdatabase.org),spotted,,single observation,,both,adult,,,,,,,,,,,
,Gomphus.borealis Gomphus borealis Gomphidae Anisoptera,mate guarding,,NA,,single observation,,both,adult,,,,,,,,,,,
Occurrence,Gomphus.borealis Gomphus borealis Gomphidae Anisoptera,flight mode,,flier,,single observation,,both,adult,,,,,,,,,,,
HumanObservation,Gomphus.borealis Gomphus borealis Gomphidae Anisoptera,territoriality,,NA,,single observation,,both,adult,,,,,,,,,,,
HumanObservation,Gomphus.borealis Gomphus borealis Gomphidae Anisoptera,aquatic habitats,,pond,,single observation,,both,adult,,,,,,,,,,,
HumanObservation,Gomphus.borealis Gomphus borealis Gomphidae Anisoptera,habitat openness,,NA,,single observation,,both,adult,,,,,,,,,,,
PreservedSpecimen,Gomphus.borealis Gomphus borealis Gomphidae Anisoptera,body lengths,Data extraction from the Odonate Phenotypic Database (http://www.odonatephenotypicdatabase.org),46.5,,single observation,,both,adult,,,,,,,,,,,
PreservedSpecimen,Gomphus.borealis Gomphus borealis Gomphidae Anisoptera,hindwing lengths,Odonate Phenotypic Database (http://www.odonatephenotypicdatabase.org),27,,single observation,,both,adult,,,,,,,,,,,
PreservedSpecimen,Gomphus.borealis Gomphus borealis Gomphidae Anisoptera,has wing pigment,Retrieval from the Odonate Phenotypic Database (http://www.odonatephenotypicdatabase.org),no,,single observation,,both,adult,,,,,,,,,,,
,Gomphus.borealis Gomphus borealis Gomphidae Anisoptera,wing pigment extent discrete,,NA,,single observation,,both,adult,,,,,,,,,,,
PreservedSpecimen,Gomphus.borealis Gomphus borealis Gomphidae Anisoptera,wing pigment extent continuous,,NA,,single observation,,both,adult,,,,,,,,,,,
,Gomphus.borealis Gomphus borealis Gomphidae Anisoptera,wing pigment symmetry,,NA,,single observation,,both,adult,,,,,,,,,,,
,Gomphus.borealis Gomphus borealis Gomphidae Anisoptera,wing pigment color,,NA,,single observation,,both,adult,,,,,,,,,,,
,Gomphus.borealis Gomphus borealis Gomphidae Anisoptera,wing pigment placement,,NA,,single observation,,both,adult,,,,,,,,,,,
HumanObservation,Gomphus.borealis Gomphus borealis Gomphidae Anisoptera,Flight season start,,5.22,,single observation,,both,adult,,,,,,,,,,,
,Gomphus.borealis Gomphus borealis Gomphidae Anisoptera,Flight season end,,7.22,,single observation,,both,adult,,,,,,,,,,,
PreservedSpecimen,Gomphus.borealis Gomphus borealis Gomphidae Anisoptera,body colors,Odonate Phenotypic Database (http://www.odonatephenotypicdatabase.org),black,,single observation,,both,adult,,,,,,,,,,,
PreservedSpecimen,Gomphus.borealis Gomphus borealis Gomphidae Anisoptera,body colortypes,Odonate Phenotypic Database (http://www.odonatephenotypicdatabase.org),pigment,,single observation,,both,adult,,,,,,,,,,,
PreservedSpecimen,Gomphus.borealis Gomphus borealis Gomphidae Anisoptera,body patterns,Odonate Phenotypic Database (http://www.odonatephenotypicdatabase.org),spotted,,single observation,,both,adult,,,,,,,,,,,
,Gomphus.borealis Gomphus borealis Gomphidae Anisoptera,mate guarding,,NA,,single observation,,both,adult,,,,,,,,,,,
Occurrence,Gomphus.borealis Gomphus borealis Gomphidae Anisoptera,flight mode,,flier,,single observation,,both,adult,,,,,,,,,,,
HumanObservation,Gomphus.borealis Gomphus borealis Gomphidae Anisoptera,territoriality,,NA,,single observation,,both,adult,,,,,,,,,,,
HumanObservation,Gomphus.borealis Gomphus borealis Gomphidae Anisoptera,aquatic habitats,,pond,,single observation,,both,adult,,,,,,,,,,,
HumanObservation,Gomphus.borealis Gomphus borealis Gomphidae Anisoptera,habitat openness,,NA,,single observation,,both,adult,,,,,,,,,,,
PreservedSpecimen,Gomphus.borealis Gomphus borealis Gomphidae Anisoptera,body lengths,Data extraction from the Odonate Phenotypic Database (http://www.odonatephenotypicdatabase.org),46.5,,single observation,,both,adult,,,,,,,,,,,
PreservedSpecimen,Gomphus.borealis Gomphus borealis Gomphidae Anisoptera,hindwing lengths,Odonate Phenotypic Database (http://www.odonatephenotypicdatabase.org),27,,single observation,,both,adult,,,,,,,,,,,
PreservedSpecimen,Gomphus.borealis Gomphus borealis Gomphidae Anisoptera,has wing pigment,Retrieval from the Odonate Phenotypic Database (http://www.odonatephenotypicdatabase.org),no,,single observation,,both,adult,,,,,,,,,,,
,Gomphus.borealis Gomphus borealis Gomphidae Anisoptera,wing pigment extent discrete,,NA,,single observation,,both,adult,,,,,,,,,,,
PreservedSpecimen,Gomphus.borealis Gomphus borealis Gomphidae Anisoptera,wing pigment extent continuous,,NA,,single observation,,both,adult,,,,,,,,,,,
,Gomphus.borealis Gomphus borealis Gomphidae Anisoptera,wing pigment symmetry,,NA,,single observation,,both,adult,,,,,,,,,,,
,Gomphus.borealis Gomphus borealis Gomphidae Anisoptera,wing pigment color,,NA,,single observation,,both,adult,,,,,,,,,,,
,Gomphus.borealis Gomphus borealis Gomphidae Anisoptera,wing pigment placement,,NA,,single observation,,both,adult,,,,,,,,,,,
HumanObservation,Gomphus.descriptus Gomphus descriptus Gomphidae Anisoptera,Flight season start,,24/5,,single observation,,both,adult,,,,,,,,,,,
,Gomphus.descriptus Gomphus descriptus Gomphidae Anisoptera,Flight season end,,15/7,,single observation,,both,adult,,,,,,,,,,,
PreservedSpecimen,Gomphus.descriptus Gomphus descriptus Gomphidae Anisoptera,body colors,Odonate Phenotypic Database (http://www.odonatephenotypicdatabase.org),black,,single observation,,both,adult,,,,,,,,,,,
PreservedSpecimen,Gomphus.descriptus Gomphus descriptus Gomphidae Anisoptera,body colortypes,Odonate Phenotypic Database (http://www.odonatephenotypicdatabase.org),pigment,,single observation,,both,adult,,,,,,,,,,,
PreservedSpecimen,Gomphus.descriptus Gomphus descriptus Gomphidae Anisoptera,body patterns,Odonate Phenotypic Database (http://www.odonatephenotypicdatabase.org),spotted,,single observation,,both,adult,,,,,,,,,,,
,Gomphus.descriptus Gomphus descriptus Gomphidae Anisoptera,mate guarding,,NA,,single observation,,both,adult,,,,,,,,,,,
Occurrence,Gomphus.descriptus Gomphus descriptus Gomphidae Anisoptera,flight mode,,percher,,single observation,,both,adult,,,,,,,,,,,
HumanObservation,Gomphus.descriptus Gomphus descriptus Gomphidae Anisoptera,territoriality,,NA,,single observation,,both,adult,,,,,,,,,,,
HumanObservation,Gomphus.descriptus Gomphus descriptus Gomphidae Anisoptera,aquatic habitats,,river,,single observation,,both,adult,,,,,,,,,,,
HumanObservation,Gomphus.descriptus Gomphus descriptus Gomphidae Anisoptera,habitat openness,,NA,,single observation,,both,adult,,,,,,,,,,,
PreservedSpecimen,Gomphus.descriptus Gomphus descriptus Gomphidae Anisoptera,body lengths,Data extraction from the Odonate Phenotypic Database (http://www.odonatephenotypicdatabase.org),50,,single observation,,both,adult,,,,,,,,,,,
PreservedSpecimen,Gomphus.descriptus Gomphus descriptus Gomphidae Anisoptera,hindwing lengths,Odonate Phenotypic Database (http://www.odonatephenotypicdatabase.org),30.5,,single observation,,both,adult,,,,,,,,,,,
PreservedSpecimen,Gomphus.descriptus Gomphus descriptus Gomphidae Anisoptera,has wing pigment,Retrieval from the Odonate Phenotypic Database (http://www.odonatephenotypicdatabase.org),no,,single observation,,both,adult,,,,,,,,,,,
,Gomphus.descriptus Gomphus descriptus Gomphidae Anisoptera,wing pigment extent discrete,,NA,,single observation,,both,adult,,,,,,,,,,,
PreservedSpecimen,Gomphus.descriptus Gomphus descriptus Gomphidae Anisoptera,wing pigment extent continuous,,NA,,single observation,,both,adult,,,,,,,,,,,
,Gomphus.descriptus Gomphus descriptus Gomphidae Anisoptera,wing pigment symmetry,,NA,,single observation,,both,adult,,,,,,,,,,,
,Gomphus.descriptus Gomphus descriptus Gomphidae Anisoptera,wing pigment color,,NA,,single observation,,both,adult,,,,,,,,,,,
,Gomphus.descriptus Gomphus descriptus Gomphidae Anisoptera,wing pigment placement,,NA,,single observation,,both,adult,,,,,,,,,,,
HumanObservation,Gomphus.descriptus Gomphus descriptus Gomphidae Anisoptera,Flight season start,,5.24,,single observation,,both,adult,,,,,,,,,,,
,Gomphus.descriptus Gomphus descriptus Gomphidae Anisoptera,Flight season end,,7.15,,single observation,,both,adult,,,,,,,,,,,
PreservedSpecimen,Gomphus.descriptus Gomphus descriptus Gomphidae Anisoptera,body colors,Odonate Phenotypic Database (http://www.odonatephenotypicdatabase.org),black,,single observation,,both,adult,,,,,,,,,,,
PreservedSpecimen,Gomphus.descriptus Gomphus descriptus Gomphidae Anisoptera,body colortypes,Odonate Phenotypic Database (http://www.odonatephenotypicdatabase.org),pigment,,single observation,,both,adult,,,,,,,,,,,
PreservedSpecimen,Gomphus.descriptus Gomphus descriptus Gomphidae Anisoptera,body patterns,Odonate Phenotypic Database (http://www.odonatephenotypicdatabase.org),spotted,,single observation,,both,adult,,,,,,,,,,,
,Gomphus.descriptus Gomphus descriptus Gomphidae Anisoptera,mate guarding,,NA,,single observation,,both,adult,,,,,,,,,,,
Occurrence,Gomphus.descriptus Gomphus descriptus Gomphidae Anisoptera,flight mode,,percher,,single observation,,both,adult,,,,,,,,,,,
HumanObservation,Gomphus.descriptus Gomphus descriptus Gomphidae Anisoptera,territoriality,,NA,,single observation,,both,adult,,,,,,,,,,,
HumanObservation,Gomphus.descriptus Gomphus descriptus Gomphidae Anisoptera,aquatic habitats,,river,,single observation,,both,adult,,,,,,,,,,,
HumanObservation,Gomphus.descriptus Gomphus descriptus Gomphidae Anisoptera,habitat openness,,NA,,single observation,,both,adult,,,,,,,,,,,
PreservedSpecimen,Gomphus.descriptus Gomphus descriptus Gomphidae Anisoptera,body lengths,Data extraction from the Odonate Phenotypic Database (http://www.odonatephenotypicdatabase.org),50,,single observation,,both,adult,,,,,,,,,,,
PreservedSpecimen,Gomphus.descriptus Gomphus descriptus Gomphidae Anisoptera,hindwing lengths,Odonate Phenotypic Database (http://www.odonatephenotypicdatabase.org),30.5,,single observation,,both,adult,,,,,,,,,,,
PreservedSpecimen,Gomphus.descriptus Gomphus descriptus Gomphidae Anisoptera,has wing pigment,Retrieval from the Odonate Phenotypic Database (http://www.odonatephenotypicdatabase.org),no,,single observation,,both,adult,,,,,,,,,,,
,Gomphus.descriptus Gomphus descriptus Gomphidae Anisoptera,wing pigment extent discrete,,NA,,single observation,,both,adult,,,,,,,,,,,
PreservedSpecimen,Gomphus.descriptus Gomphus descriptus Gomphidae Anisoptera,wing pigment extent continuous,,NA,,single observation,,both,adult,,,,,,,,,,,
,Gomphus.descriptus Gomphus descriptus Gomphidae Anisoptera,wing pigment symmetry,,NA,,single observation,,both,adult,,,,,,,,,,,
,Gomphus.descriptus Gomphus descriptus Gomphidae Anisoptera,wing pigment color,,NA,,single observation,,both,adult,,,,,,,,,,,
,Gomphus.descriptus Gomphus descriptus Gomphidae Anisoptera,wing pigment placement,,NA,,single observation,,both,adult,,,,,,,,,,,
HumanObservation,Gomphus.exilis Gomphus exilis Gomphidae Anisoptera,Flight season start,,25/5,,single observation,,both,adult,,,,,,,,,,,
,Gomphus.exilis Gomphus exilis Gomphidae Anisoptera,Flight season end,,13/8,,single observation,,both,adult,,,,,,,,,,,
PreservedSpecimen,Gomphus.exilis Gomphus exilis Gomphidae Anisoptera,body colors,Odonate Phenotypic Database (http://www.odonatephenotypicdatabase.org),black,,single observation,,both,adult,,,,,,,,,,,
PreservedSpecimen,Gomphus.exilis Gomphus exilis Gomphidae Anisoptera,body colortypes,Odonate Phenotypic Database (http://www.odonatephenotypicdatabase.org),pigment,,single observation,,both,adult,,,,,,,,,,,
PreservedSpecimen,Gomphus.exilis Gomphus exilis Gomphidae Anisoptera,body patterns,Odonate Phenotypic Database (http://www.odonatephenotypicdatabase.org),striped,,single observation,,both,adult,,,,,,,,,,,
,Gomphus.exilis Gomphus exilis Gomphidae Anisoptera,mate guarding,,NA,,single observation,,both,adult,,,,,,,,,,,
Occurrence,Gomphus.exilis Gomphus exilis Gomphidae Anisoptera,flight mode,,percher,,single observation,,both,adult,,,,,,,,,,,
HumanObservation,Gomphus.exilis Gomphus exilis Gomphidae Anisoptera,territoriality,,NA,,single observation,,both,adult,,,,,,,,,,,
HumanObservation,Gomphus.exilis Gomphus exilis Gomphidae Anisoptera,aquatic habitats,,lake,,single observation,,both,adult,,,,,,,,,,,
HumanObservation,Gomphus.exilis Gomphus exilis Gomphidae Anisoptera,habitat openness,,semi,,single observation,,both,adult,,,,,,,,,,,
PreservedSpecimen,Gomphus.exilis Gomphus exilis Gomphidae Anisoptera,body lengths,Data extraction from the Odonate Phenotypic Database (http://www.odonatephenotypicdatabase.org),43.5,,single observation,,both,adult,,,,,,,,,,,
PreservedSpecimen,Gomphus.exilis Gomphus exilis Gomphidae Anisoptera,hindwing lengths,Odonate Phenotypic Database (http://www.odonatephenotypicdatabase.org),25,,single observation,,both,adult,,,,,,,,,,,
PreservedSpecimen,Gomphus.exilis Gomphus exilis Gomphidae Anisoptera,has wing pigment,Retrieval from the Odonate Phenotypic Database (http://www.odonatephenotypicdatabase.org),no,,single observation,,both,adult,,,,,,,,,,,
,Gomphus.exilis Gomphus exilis Gomphidae Anisoptera,wing pigment extent discrete,,NA,,single observation,,both,adult,,,,,,,,,,,
PreservedSpecimen,Gomphus.exilis Gomphus exilis Gomphidae Anisoptera,wing pigment extent continuous,,NA,,single observation,,both,adult,,,,,,,,,,,
,Gomphus.exilis Gomphus exilis Gomphidae Anisoptera,wing pigment symmetry,,NA,,single observation,,both,adult,,,,,,,,,,,
,Gomphus.exilis Gomphus exilis Gomphidae Anisoptera,wing pigment color,,NA,,single observation,,both,adult,,,,,,,,,,,
,Gomphus.exilis Gomphus exilis Gomphidae Anisoptera,wing pigment placement,,NA,,single observation,,both,adult,,,,,,,,,,,
HumanObservation,Gomphus.exilis Gomphus exilis Gomphidae Anisoptera,Flight season start,,5.25,,single observation,,both,adult,,,,,,,,,,,
,Gomphus.exilis Gomphus exilis Gomphidae Anisoptera,Flight season end,,8.13,,single observation,,both,adult,,,,,,,,,,,
PreservedSpecimen,Gomphus.exilis Gomphus exilis Gomphidae Anisoptera,body colors,Odonate Phenotypic Database (http://www.odonatephenotypicdatabase.org),black,,single observation,,both,adult,,,,,,,,,,,
PreservedSpecimen,Gomphus.exilis Gomphus exilis Gomphidae Anisoptera,body colortypes,Odonate Phenotypic Database (http://www.odonatephenotypicdatabase.org),pigment,,single observation,,both,adult,,,,,,,,,,,
PreservedSpecimen,Gomphus.exilis Gomphus exilis Gomphidae Anisoptera,body patterns,Odonate Phenotypic Database (http://www.odonatephenotypicdatabase.org),striped,,single observation,,both,adult,,,,,,,,,,,
,Gomphus.exilis Gomphus exilis Gomphidae Anisoptera,mate guarding,,NA,,single observation,,both,adult,,,,,,,,,,,
Occurrence,Gomphus.exilis Gomphus exilis Gomphidae Anisoptera,flight mode,,percher,,single observation,,both,adult,,,,,,,,,,,
HumanObservation,Gomphus.exilis Gomphus exilis Gomphidae Anisoptera,territoriality,,NA,,single observation,,both,adult,,,,,,,,,,,
HumanObservation,Gomphus.exilis Gomphus exilis Gomphidae Anisoptera,aquatic habitats,,lake,,single observation,,both,adult,,,,,,,,,,,
HumanObservation,Gomphus.exilis Gomphus exilis Gomphidae Anisoptera,habitat openness,,semi,,single observation,,both,adult,,,,,,,,,,,
PreservedSpecimen,Gomphus.exilis Gomphus exilis Gomphidae Anisoptera,body lengths,Data extraction from the Odonate Phenotypic Database (http://www.odonatephenotypicdatabase.org),43.5,,single observation,,both,adult,,,,,,,,,,,
PreservedSpecimen,Gomphus.exilis Gomphus exilis Gomphidae Anisoptera,hindwing lengths,Odonate Phenotypic Database (http://www.odonatephenotypicdatabase.org),25,,single observation,,both,adult,,,,,,,,,,,
PreservedSpecimen,Gomphus.exilis Gomphus exilis Gomphidae Anisoptera,has wing pigment,Retrieval from the Odonate Phenotypic Database (http://www.odonatephenotypicdatabase.org),no,,single observation,,both,adult,,,,,,,,,,,
,Gomphus.exilis Gomphus exilis Gomphidae Anisoptera,wing pigment extent discrete,,NA,,single observation,,both,adult,,,,,,,,,,,
PreservedSpecimen,Gomphus.exilis Gomphus exilis Gomphidae Anisoptera,wing pigment extent continuous,,NA,,single observation,,both,adult,,,,,,,,,,,
,Gomphus.exilis Gomphus exilis Gomphidae Anisoptera,wing pigment symmetry,,NA,,single observation,,both,adult,,,,,,,,,,,
,Gomphus.exilis Gomphus exilis Gomphidae Anisoptera,wing pigment color,,NA,,single observation,,both,adult,,,,,,,,,,,
,Gomphus.exilis Gomphus exilis Gomphidae Anisoptera,wing pigment placement,,NA,,single observation,,both,adult,,,,,,,,,,,
HumanObservation,Gomphus.lividus Gomphus lividus Gomphidae Anisoptera,Flight season start,,17/5,,single observation,,both,adult,,,,,,,,,,,
,Gomphus.lividus Gomphus lividus Gomphidae Anisoptera,Flight season end,,16/7,,single observation,,both,adult,,,,,,,,,,,
PreservedSpecimen,Gomphus.lividus Gomphus lividus Gomphidae Anisoptera,body colors,Odonate Phenotypic Database (http://www.odonatephenotypicdatabase.org),black,,single observation,,both,adult,,,,,,,,,,,
PreservedSpecimen,Gomphus.lividus Gomphus lividus Gomphidae Anisoptera,body colortypes,Odonate Phenotypic Database (http://www.odonatephenotypicdatabase.org),pigment,,single observation,,both,adult,,,,,,,,,,,
PreservedSpecimen,Gomphus.lividus Gomphus lividus Gomphidae Anisoptera,body patterns,Odonate Phenotypic Database (http://www.odonatephenotypicdatabase.org),plain,,single observation,,both,adult,,,,,,,,,,,
,Gomphus.lividus Gomphus lividus Gomphidae Anisoptera,mate guarding,,NA,,single observation,,both,adult,,,,,,,,,,,
Occurrence,Gomphus.lividus Gomphus lividus Gomphidae Anisoptera,flight mode,,percher,,single observation,,both,adult,,,,,,,,,,,
HumanObservation,Gomphus.lividus Gomphus lividus Gomphidae Anisoptera,territoriality,,NA,,single observation,,both,adult,,,,,,,,,,,
HumanObservation,Gomphus.lividus Gomphus lividus Gomphidae Anisoptera,aquatic habitats,,lake,,single observation,,both,adult,,,,,,,,,,,
HumanObservation,Gomphus.lividus Gomphus lividus Gomphidae Anisoptera,habitat openness,,closed,,single observation,,both,adult,,,,,,,,,,,
PreservedSpecimen,Gomphus.lividus Gomphus lividus Gomphidae Anisoptera,body lengths,Data extraction from the Odonate Phenotypic Database (http://www.odonatephenotypicdatabase.org),52,,single observation,,both,adult,,,,,,,,,,,
PreservedSpecimen,Gomphus.lividus Gomphus lividus Gomphidae Anisoptera,hindwing lengths,Odonate Phenotypic Database (http://www.odonatephenotypicdatabase.org),31.5,,single observation,,both,adult,,,,,,,,,,,
PreservedSpecimen,Gomphus.lividus Gomphus lividus Gomphidae Anisoptera,has wing pigment,Retrieval from the Odonate Phenotypic Database (http://www.odonatephenotypicdatabase.org),no,,single observation,,both,adult,,,,,,,,,,,
,Gomphus.lividus Gomphus lividus Gomphidae Anisoptera,wing pigment extent discrete,,NA,,single observation,,both,adult,,,,,,,,,,,
PreservedSpecimen,Gomphus.lividus Gomphus lividus Gomphidae Anisoptera,wing pigment extent continuous,,NA,,single observation,,both,adult,,,,,,,,,,,
,Gomphus.lividus Gomphus lividus Gomphidae Anisoptera,wing pigment symmetry,,NA,,single observation,,both,adult,,,,,,,,,,,
,Gomphus.lividus Gomphus lividus Gomphidae Anisoptera,wing pigment color,,NA,,single observation,,both,adult,,,,,,,,,,,
,Gomphus.lividus Gomphus lividus Gomphidae Anisoptera,wing pigment placement,,NA,,single observation,,both,adult,,,,,,,,,,,
HumanObservation,Gomphus.lividus Gomphus lividus Gomphidae Anisoptera,Flight season start,,5.17,,single observation,,both,adult,,,,,,,,,,,
,Gomphus.lividus Gomphus lividus Gomphidae Anisoptera,Flight season end,,7.16,,single observation,,both,adult,,,,,,,,,,,
PreservedSpecimen,Gomphus.lividus Gomphus lividus Gomphidae Anisoptera,body colors,Odonate Phenotypic Database (http://www.odonatephenotypicdatabase.org),black,,single observation,,both,adult,,,,,,,,,,,
PreservedSpecimen,Gomphus.lividus Gomphus lividus Gomphidae Anisoptera,body colortypes,Odonate Phenotypic Database (http://www.odonatephenotypicdatabase.org),pigment,,single observation,,both,adult,,,,,,,,,,,
PreservedSpecimen,Gomphus.lividus Gomphus lividus Gomphidae Anisoptera,body patterns,Odonate Phenotypic Database (http://www.odonatephenotypicdatabase.org),plain,,single observation,,both,adult,,,,,,,,,,,
,Gomphus.lividus Gomphus lividus Gomphidae Anisoptera,mate guarding,,NA,,single observation,,both,adult,,,,,,,,,,,
Occurrence,Gomphus.lividus Gomphus lividus Gomphidae Anisoptera,flight mode,,percher,,single observation,,both,adult,,,,,,,,,,,
HumanObservation,Gomphus.lividus Gomphus lividus Gomphidae Anisoptera,territoriality,,NA,,single observation,,both,adult,,,,,,,,,,,
HumanObservation,Gomphus.lividus Gomphus lividus Gomphidae Anisoptera,aquatic habitats,,lake,,single observation,,both,adult,,,,,,,,,,,
HumanObservation,Gomphus.lividus Gomphus lividus Gomphidae Anisoptera,habitat openness,,closed,,single observation,,both,adult,,,,,,,,,,,
PreservedSpecimen,Gomphus.lividus Gomphus lividus Gomphidae Anisoptera,body lengths,Data extraction from the Odonate Phenotypic Database (http://www.odonatephenotypicdatabase.org),52,,single observation,,both,adult,,,,,,,,,,,
PreservedSpecimen,Gomphus.lividus Gomphus lividus Gomphidae Anisoptera,hindwing lengths,Odonate Phenotypic Database (http://www.odonatephenotypicdatabase.org),31.5,,single observation,,both,adult,,,,,,,,,,,
PreservedSpecimen,Gomphus.lividus Gomphus lividus Gomphidae Anisoptera,has wing pigment,Retrieval from the Odonate Phenotypic Database (http://www.odonatephenotypicdatabase.org),no,,single observation,,both,adult,,,,,,,,,,,
,Gomphus.lividus Gomphus lividus Gomphidae Anisoptera,wing pigment extent discrete,,NA,,single observation,,both,adult,,,,,,,,,,,
PreservedSpecimen,Gomphus.lividus Gomphus lividus Gomphidae Anisoptera,wing pigment extent continuous,,NA,,single observation,,both,adult,,,,,,,,,,,
,Gomphus.lividus Gomphus lividus Gomphidae Anisoptera,wing pigment symmetry,,NA,,single observation,,both,adult,,,,,,,,,,,
,Gomphus.lividus Gomphus lividus Gomphidae Anisoptera,wing pigment color,,NA,,single observation,,both,adult,,,,,,,,,,,
,Gomphus.lividus Gomphus lividus Gomphidae Anisoptera,wing pigment placement,,NA,,single observation,,both,adult,,,,,,,,,,,
HumanObservation,Gomphus.quadricolor Gomphus quadricolor Gomphidae Anisoptera,Flight season start,,21/5,,single observation,,both,adult,,,,,,,,,,,
,Gomphus.quadricolor Gomphus quadricolor Gomphidae Anisoptera,Flight season end,,7/2,,single observation,,both,adult,,,,,,,,,,,
PreservedSpecimen,Gomphus.quadricolor Gomphus quadricolor Gomphidae Anisoptera,body colors,Odonate Phenotypic Database (http://www.odonatephenotypicdatabase.org),black,,single observation,,both,adult,,,,,,,,,,,
PreservedSpecimen,Gomphus.quadricolor Gomphus quadricolor Gomphidae Anisoptera,body colortypes,Odonate Phenotypic Database (http://www.odonatephenotypicdatabase.org),pigment,,single observation,,both,adult,,,,,,,,,,,
PreservedSpecimen,Gomphus.quadricolor Gomphus quadricolor Gomphidae Anisoptera,body patterns,Odonate Phenotypic Database (http://www.odonatephenotypicdatabase.org),spotted,,single observation,,both,adult,,,,,,,,,,,
,Gomphus.quadricolor Gomphus quadricolor Gomphidae Anisoptera,mate guarding,,NA,,single observation,,both,adult,,,,,,,,,,,
Occurrence,Gomphus.quadricolor Gomphus quadricolor Gomphidae Anisoptera,flight mode,,percher,,single observation,,both,adult,,,,,,,,,,,
HumanObservation,Gomphus.quadricolor Gomphus quadricolor Gomphidae Anisoptera,territoriality,,NA,,single observation,,both,adult,,,,,,,,,,,
HumanObservation,Gomphus.quadricolor Gomphus quadricolor Gomphidae Anisoptera,aquatic habitats,,river,,single observation,,both,adult,,,,,,,,,,,
HumanObservation,Gomphus.quadricolor Gomphus quadricolor Gomphidae Anisoptera,habitat openness,,open,,single observation,,both,adult,,,,,,,,,,,
PreservedSpecimen,Gomphus.quadricolor Gomphus quadricolor Gomphidae Anisoptera,body lengths,Data extraction from the Odonate Phenotypic Database (http://www.odonatephenotypicdatabase.org),43.5,,single observation,,both,adult,,,,,,,,,,,
PreservedSpecimen,Gomphus.quadricolor Gomphus quadricolor Gomphidae Anisoptera,hindwing lengths,Odonate Phenotypic Database (http://www.odonatephenotypicdatabase.org),26,,single observation,,both,adult,,,,,,,,,,,
PreservedSpecimen,Gomphus.quadricolor Gomphus quadricolor Gomphidae Anisoptera,has wing pigment,Retrieval from the Odonate Phenotypic Database (http://www.odonatephenotypicdatabase.org),no,,single observation,,both,adult,,,,,,,,,,,
,Gomphus.quadricolor Gomphus quadricolor Gomphidae Anisoptera,wing pigment extent discrete,,NA,,single observation,,both,adult,,,,,,,,,,,
PreservedSpecimen,Gomphus.quadricolor Gomphus quadricolor Gomphidae Anisoptera,wing pigment extent continuous,,NA,,single observation,,both,adult,,,,,,,,,,,
,Gomphus.quadricolor Gomphus quadricolor Gomphidae Anisoptera,wing pigment symmetry,,NA,,single observation,,both,adult,,,,,,,,,,,
,Gomphus.quadricolor Gomphus quadricolor Gomphidae Anisoptera,wing pigment color,,NA,,single observation,,both,adult,,,,,,,,,,,
,Gomphus.quadricolor Gomphus quadricolor Gomphidae Anisoptera,wing pigment placement,,NA,,single observation,,both,adult,,,,,,,,,,,
HumanObservation,Gomphus.quadricolor Gomphus quadricolor Gomphidae Anisoptera,Flight season start,,5.21,,single observation,,both,adult,,,,,,,,,,,
,Gomphus.quadricolor Gomphus quadricolor Gomphidae Anisoptera,Flight season end,,2.07,,single observation,,both,adult,,,,,,,,,,,
PreservedSpecimen,Gomphus.quadricolor Gomphus quadricolor Gomphidae Anisoptera,body colors,Odonate Phenotypic Database (http://www.odonatephenotypicdatabase.org),black,,single observation,,both,adult,,,,,,,,,,,
PreservedSpecimen,Gomphus.quadricolor Gomphus quadricolor Gomphidae Anisoptera,body colortypes,Odonate Phenotypic Database (http://www.odonatephenotypicdatabase.org),pigment,,single observation,,both,adult,,,,,,,,,,,
PreservedSpecimen,Gomphus.quadricolor Gomphus quadricolor Gomphidae Anisoptera,body patterns,Odonate Phenotypic Database (http://www.odonatephenotypicdatabase.org),spotted,,single observation,,both,adult,,,,,,,,,,,
,Gomphus.quadricolor Gomphus quadricolor Gomphidae Anisoptera,mate guarding,,NA,,single observation,,both,adult,,,,,,,,,,,
Occurrence,Gomphus.quadricolor Gomphus quadricolor Gomphidae Anisoptera,flight mode,,percher,,single observation,,both,adult,,,,,,,,,,,
HumanObservation,Gomphus.quadricolor Gomphus quadricolor Gomphidae Anisoptera,territoriality,,NA,,single observation,,both,adult,,,,,,,,,,,
HumanObservation,Gomphus.quadricolor Gomphus quadricolor Gomphidae Anisoptera,aquatic habitats,,river,,single observation,,both,adult,,,,,,,,,,,
HumanObservation,Gomphus.quadricolor Gomphus quadricolor Gomphidae Anisoptera,habitat openness,,open,,single observation,,both,adult,,,,,,,,,,,
PreservedSpecimen,Gomphus.quadricolor Gomphus quadricolor Gomphidae Anisoptera,body lengths,Data extraction from the Odonate Phenotypic Database (http://www.odonatephenotypicdatabase.org),43.5,,single observation,,both,adult,,,,,,,,,,,
PreservedSpecimen,Gomphus.quadricolor Gomphus quadricolor Gomphidae Anisoptera,hindwing lengths,Odonate Phenotypic Database (http://www.odonatephenotypicdatabase.org),26,,single observation,,both,adult,,,,,,,,,,,
PreservedSpecimen,Gomphus.quadricolor Gomphus quadricolor Gomphidae Anisoptera,has wing pigment,Retrieval from the Odonate Phenotypic Database (http://www.odonatephenotypicdatabase.org),no,,single observation,,both,adult,,,,,,,,,,,
,Gomphus.quadricolor Gomphus quadricolor Gomphidae Anisoptera,wing pigment extent discrete,,NA,,single observation,,both,adult,,,,,,,,,,,
PreservedSpecimen,Gomphus.quadricolor Gomphus quadricolor Gomphidae Anisoptera,wing pigment extent continuous,,NA,,single observation,,both,adult,,,,,,,,,,,
,Gomphus.quadricolor Gomphus quadricolor Gomphidae Anisoptera,wing pigment symmetry,,NA,,single observation,,both,adult,,,,,,,,,,,
,Gomphus.quadricolor Gomphus quadricolor Gomphidae Anisoptera,wing pigment color,,NA,,single observation,,both,adult,,,,,,,,,,,
,Gomphus.quadricolor Gomphus quadricolor Gomphidae Anisoptera,wing pigment placement,,NA,,single observation,,both,adult,,,,,,,,,,,
HumanObservation,Gomphus.spicatus Gomphus spicatus Gomphidae Anisoptera,Flight season start,,5/7,,single observation,,both,adult,,,,,,,,,,,
,Gomphus.spicatus Gomphus spicatus Gomphidae Anisoptera,Flight season end,,8/8,,single observation,,both,adult,,,,,,,,,,,
PreservedSpecimen,Gomphus.spicatus Gomphus spicatus Gomphidae Anisoptera,body colors,Odonate Phenotypic Database (http://www.odonatephenotypicdatabase.org),black,,single observation,,both,adult,,,,,,,,,,,
PreservedSpecimen,Gomphus.spicatus Gomphus spicatus Gomphidae Anisoptera,body colortypes,Odonate Phenotypic Database (http://www.odonatephenotypicdatabase.org),pigment,,single observation,,both,adult,,,,,,,,,,,
PreservedSpecimen,Gomphus.spicatus Gomphus spicatus Gomphidae Anisoptera,body patterns,Odonate Phenotypic Database (http://www.odonatephenotypicdatabase.org),striped,,single observation,,both,adult,,,,,,,,,,,
,Gomphus.spicatus Gomphus spicatus Gomphidae Anisoptera,mate guarding,,NA,,single observation,,both,adult,,,,,,,,,,,
Occurrence,Gomphus.spicatus Gomphus spicatus Gomphidae Anisoptera,flight mode,,percher,,single observation,,both,adult,,,,,,,,,,,
HumanObservation,Gomphus.spicatus Gomphus spicatus Gomphidae Anisoptera,territoriality,,NA,,single observation,,both,adult,,,,,,,,,,,
HumanObservation,Gomphus.spicatus Gomphus spicatus Gomphidae Anisoptera,aquatic habitats,,lake,,single observation,,both,adult,,,,,,,,,,,
HumanObservation,Gomphus.spicatus Gomphus spicatus Gomphidae Anisoptera,habitat openness,,semi,,single observation,,both,adult,,,,,,,,,,,
PreservedSpecimen,Gomphus.spicatus Gomphus spicatus Gomphidae Anisoptera,body lengths,Data extraction from the Odonate Phenotypic Database (http://www.odonatephenotypicdatabase.org),48,,single observation,,both,adult,,,,,,,,,,,
PreservedSpecimen,Gomphus.spicatus Gomphus spicatus Gomphidae Anisoptera,hindwing lengths,Odonate Phenotypic Database (http://www.odonatephenotypicdatabase.org),28,,single observation,,both,adult,,,,,,,,,,,
PreservedSpecimen,Gomphus.spicatus Gomphus spicatus Gomphidae Anisoptera,has wing pigment,Retrieval from the Odonate Phenotypic Database (http://www.odonatephenotypicdatabase.org),no,,single observation,,both,adult,,,,,,,,,,,
,Gomphus.spicatus Gomphus spicatus Gomphidae Anisoptera,wing pigment extent discrete,,NA,,single observation,,both,adult,,,,,,,,,,,
PreservedSpecimen,Gomphus.spicatus Gomphus spicatus Gomphidae Anisoptera,wing pigment extent continuous,,NA,,single observation,,both,adult,,,,,,,,,,,
,Gomphus.spicatus Gomphus spicatus Gomphidae Anisoptera,wing pigment symmetry,,NA,,single observation,,both,adult,,,,,,,,,,,
,Gomphus.spicatus Gomphus spicatus Gomphidae Anisoptera,wing pigment color,,NA,,single observation,,both,adult,,,,,,,,,,,
,Gomphus.spicatus Gomphus spicatus Gomphidae Anisoptera,wing pigment placement,,NA,,single observation,,both,adult,,,,,,,,,,,
HumanObservation,Gomphus.spicatus Gomphus spicatus Gomphidae Anisoptera,Flight season start,,7.05,,single observation,,both,adult,,,,,,,,,,,
,Gomphus.spicatus Gomphus spicatus Gomphidae Anisoptera,Flight season end,,8.08,,single observation,,both,adult,,,,,,,,,,,
PreservedSpecimen,Gomphus.spicatus Gomphus spicatus Gomphidae Anisoptera,body colors,Odonate Phenotypic Database (http://www.odonatephenotypicdatabase.org),black,,single observation,,both,adult,,,,,,,,,,,
PreservedSpecimen,Gomphus.spicatus Gomphus spicatus Gomphidae Anisoptera,body colortypes,Odonate Phenotypic Database (http://www.odonatephenotypicdatabase.org),pigment,,single observation,,both,adult,,,,,,,,,,,
PreservedSpecimen,Gomphus.spicatus Gomphus spicatus Gomphidae Anisoptera,body patterns,Odonate Phenotypic Database (http://www.odonatephenotypicdatabase.org),striped,,single observation,,both,adult,,,,,,,,,,,
,Gomphus.spicatus Gomphus spicatus Gomphidae Anisoptera,mate guarding,,NA,,single observation,,both,adult,,,,,,,,,,,
Occurrence,Gomphus.spicatus Gomphus spicatus Gomphidae Anisoptera,flight mode,,percher,,single observation,,both,adult,,,,,,,,,,,
HumanObservation,Gomphus.spicatus Gomphus spicatus Gomphidae Anisoptera,territoriality,,NA,,single observation,,both,adult,,,,,,,,,,,
HumanObservation,Gomphus.spicatus Gomphus spicatus Gomphidae Anisoptera,aquatic habitats,,lake,,single observation,,both,adult,,,,,,,,,,,
HumanObservation,Gomphus.spicatus Gomphus spicatus Gomphidae Anisoptera,habitat openness,,semi,,single observation,,both,adult,,,,,,,,,,,
PreservedSpecimen,Gomphus.spicatus Gomphus spicatus Gomphidae Anisoptera,body lengths,Data extraction from the Odonate Phenotypic Database (http://www.odonatephenotypicdatabase.org),48,,single observation,,both,adult,,,,,,,,,,,
PreservedSpecimen,Gomphus.spicatus Gomphus spicatus Gomphidae Anisoptera,hindwing lengths,Odonate Phenotypic Database (http://www.odonatephenotypicdatabase.org),28,,single observation,,both,adult,,,,,,,,,,,
PreservedSpecimen,Gomphus.spicatus Gomphus spicatus Gomphidae Anisoptera,has wing pigment,Retrieval from the Odonate Phenotypic Database (http://www.odonatephenotypicdatabase.org),no,,single observation,,both,adult,,,,,,,,,,,
,Gomphus.spicatus Gomphus spicatus Gomphidae Anisoptera,wing pigment extent discrete,,NA,,single observation,,both,adult,,,,,,,,,,,
PreservedSpecimen,Gomphus.spicatus Gomphus spicatus Gomphidae Anisoptera,wing pigment extent continuous,,NA,,single observation,,both,adult,,,,,,,,,,,
,Gomphus.spicatus Gomphus spicatus Gomphidae Anisoptera,wing pigment symmetry,,NA,,single observation,,both,adult,,,,,,,,,,,
,Gomphus.spicatus Gomphus spicatus Gomphidae Anisoptera,wing pigment color,,NA,,single observation,,both,adult,,,,,,,,,,,
,Gomphus.spicatus Gomphus spicatus Gomphidae Anisoptera,wing pigment placement,,NA,,single observation,,both,adult,,,,,,,,,,,
HumanObservation,Hagenius.brevistylus Hagenius brevistylus Gomphidae Anisoptera,Flight season start,,7/9,,single observation,,both,adult,,,,,,,,,,,
,Hagenius.brevistylus Hagenius brevistylus Gomphidae Anisoptera,Flight season end,,31/8,,single observation,,both,adult,,,,,,,,,,,
PreservedSpecimen,Hagenius.brevistylus Hagenius brevistylus Gomphidae Anisoptera,body colors,Odonate Phenotypic Database (http://www.odonatephenotypicdatabase.org),black,,single observation,,both,adult,,,,,,,,,,,
PreservedSpecimen,Hagenius.brevistylus Hagenius brevistylus Gomphidae Anisoptera,body colortypes,Odonate Phenotypic Database (http://www.odonatephenotypicdatabase.org),pigment,,single observation,,both,adult,,,,,,,,,,,
PreservedSpecimen,Hagenius.brevistylus Hagenius brevistylus Gomphidae Anisoptera,body patterns,Odonate Phenotypic Database (http://www.odonatephenotypicdatabase.org),spotted,,single observation,,both,adult,,,,,,,,,,,
,Hagenius.brevistylus Hagenius brevistylus Gomphidae Anisoptera,mate guarding,,NA,,single observation,,both,adult,,,,,,,,,,,
Occurrence,Hagenius.brevistylus Hagenius brevistylus Gomphidae Anisoptera,flight mode,,flier,,single observation,,both,adult,,,,,,,,,,,
HumanObservation,Hagenius.brevistylus Hagenius brevistylus Gomphidae Anisoptera,territoriality,,NA,,single observation,,both,adult,,,,,,,,,,,
HumanObservation,Hagenius.brevistylus Hagenius brevistylus Gomphidae Anisoptera,aquatic habitats,,lake,,single observation,,both,adult,,,,,,,,,,,
HumanObservation,Hagenius.brevistylus Hagenius brevistylus Gomphidae Anisoptera,habitat openness,,semi,,single observation,,both,adult,,,,,,,,,,,
PreservedSpecimen,Hagenius.brevistylus Hagenius brevistylus Gomphidae Anisoptera,body lengths,Data extraction from the Odonate Phenotypic Database (http://www.odonatephenotypicdatabase.org),81.5,,single observation,,both,adult,,,,,,,,,,,
PreservedSpecimen,Hagenius.brevistylus Hagenius brevistylus Gomphidae Anisoptera,hindwing lengths,Odonate Phenotypic Database (http://www.odonatephenotypicdatabase.org),52.5,,single observation,,both,adult,,,,,,,,,,,
PreservedSpecimen,Hagenius.brevistylus Hagenius brevistylus Gomphidae Anisoptera,has wing pigment,Retrieval from the Odonate Phenotypic Database (http://www.odonatephenotypicdatabase.org),no,,single observation,,both,adult,,,,,,,,,,,
,Hagenius.brevistylus Hagenius brevistylus Gomphidae Anisoptera,wing pigment extent discrete,,NA,,single observation,,both,adult,,,,,,,,,,,
PreservedSpecimen,Hagenius.brevistylus Hagenius brevistylus Gomphidae Anisoptera,wing pigment extent continuous,,NA,,single observation,,both,adult,,,,,,,,,,,
,Hagenius.brevistylus Hagenius brevistylus Gomphidae Anisoptera,wing pigment symmetry,,NA,,single observation,,both,adult,,,,,,,,,,,
,Hagenius.brevistylus Hagenius brevistylus Gomphidae Anisoptera,wing pigment color,,NA,,single observation,,both,adult,,,,,,,,,,,
,Hagenius.brevistylus Hagenius brevistylus Gomphidae Anisoptera,wing pigment placement,,NA,,single observation,,both,adult,,,,,,,,,,,
HumanObservation,Hagenius.brevistylus Hagenius brevistylus Gomphidae Anisoptera,Flight season start,,9.07,,single observation,,both,adult,,,,,,,,,,,
,Hagenius.brevistylus Hagenius brevistylus Gomphidae Anisoptera,Flight season end,,8.31,,single observation,,both,adult,,,,,,,,,,,
PreservedSpecimen,Hagenius.brevistylus Hagenius brevistylus Gomphidae Anisoptera,body colors,Odonate Phenotypic Database (http://www.odonatephenotypicdatabase.org),black,,single observation,,both,adult,,,,,,,,,,,
PreservedSpecimen,Hagenius.brevistylus Hagenius brevistylus Gomphidae Anisoptera,body colortypes,Odonate Phenotypic Database (http://www.odonatephenotypicdatabase.org),pigment,,single observation,,both,adult,,,,,,,,,,,
PreservedSpecimen,Hagenius.brevistylus Hagenius brevistylus Gomphidae Anisoptera,body patterns,Odonate Phenotypic Database (http://www.odonatephenotypicdatabase.org),spotted,,single observation,,both,adult,,,,,,,,,,,
,Hagenius.brevistylus Hagenius brevistylus Gomphidae Anisoptera,mate guarding,,NA,,single observation,,both,adult,,,,,,,,,,,
Occurrence,Hagenius.brevistylus Hagenius brevistylus Gomphidae Anisoptera,flight mode,,flier,,single observation,,both,adult,,,,,,,,,,,
HumanObservation,Hagenius.brevistylus Hagenius brevistylus Gomphidae Anisoptera,territoriality,,NA,,single observation,,both,adult,,,,,,,,,,,
HumanObservation,Hagenius.brevistylus Hagenius brevistylus Gomphidae Anisoptera,aquatic habitats,,lake,,single observation,,both,adult,,,,,,,,,,,
HumanObservation,Hagenius.brevistylus Hagenius brevistylus Gomphidae Anisoptera,habitat openness,,semi,,single observation,,both,adult,,,,,,,,,,,
PreservedSpecimen,Hagenius.brevistylus Hagenius brevistylus Gomphidae Anisoptera,body lengths,Data extraction from the Odonate Phenotypic Database (http://www.odonatephenotypicdatabase.org),81.5,,single observation,,both,adult,,,,,,,,,,,
PreservedSpecimen,Hagenius.brevistylus Hagenius brevistylus Gomphidae Anisoptera,hindwing lengths,Odonate Phenotypic Database (http://www.odonatephenotypicdatabase.org),52.5,,single observation,,both,adult,,,,,,,,,,,
PreservedSpecimen,Hagenius.brevistylus Hagenius brevistylus Gomphidae Anisoptera,has wing pigment,Retrieval from the Odonate Phenotypic Database (http://www.odonatephenotypicdatabase.org),no,,single observation,,both,adult,,,,,,,,,,,
,Hagenius.brevistylus Hagenius brevistylus Gomphidae Anisoptera,wing pigment extent discrete,,NA,,single observation,,both,adult,,,,,,,,,,,
PreservedSpecimen,Hagenius.brevistylus Hagenius brevistylus Gomphidae Anisoptera,wing pigment extent continuous,,NA,,single observation,,both,adult,,,,,,,,,,,
,Hagenius.brevistylus Hagenius brevistylus Gomphidae Anisoptera,wing pigment symmetry,,NA,,single observation,,both,adult,,,,,,,,,,,
,Hagenius.brevistylus Hagenius brevistylus Gomphidae Anisoptera,wing pigment color,,NA,,single observation,,both,adult,,,,,,,,,,,
,Hagenius.brevistylus Hagenius brevistylus Gomphidae Anisoptera,wing pigment placement,,NA,,single observation,,both,adult,,,,,,,,,,,
HumanObservation,Helocordulia.uhleri Helocordulia uhleri Corduliidae Anisoptera,Flight season start,,18/5,,single observation,,both,adult,,,,,,,,,,,
,Helocordulia.uhleri Helocordulia uhleri Corduliidae Anisoptera,Flight season end,,16/7,,single observation,,both,adult,,,,,,,,,,,
PreservedSpecimen,Helocordulia.uhleri Helocordulia uhleri Corduliidae Anisoptera,body colors,Odonate Phenotypic Database (http://www.odonatephenotypicdatabase.org),black,,single observation,,both,adult,,,,,,,,,,,
PreservedSpecimen,Helocordulia.uhleri Helocordulia uhleri Corduliidae Anisoptera,body colortypes,Odonate Phenotypic Database (http://www.odonatephenotypicdatabase.org),pigment,,single observation,,both,adult,,,,,,,,,,,
PreservedSpecimen,Helocordulia.uhleri Helocordulia uhleri Corduliidae Anisoptera,body patterns,Odonate Phenotypic Database (http://www.odonatephenotypicdatabase.org),plain,,single observation,,both,adult,,,,,,,,,,,
,Helocordulia.uhleri Helocordulia uhleri Corduliidae Anisoptera,mate guarding,,NA,,single observation,,both,adult,,,,,,,,,,,
Occurrence,Helocordulia.uhleri Helocordulia uhleri Corduliidae Anisoptera,flight mode,,flier,,single observation,,both,adult,,,,,,,,,,,
HumanObservation,Helocordulia.uhleri Helocordulia uhleri Corduliidae Anisoptera,territoriality,,NA,,single observation,,both,adult,,,,,,,,,,,
HumanObservation,Helocordulia.uhleri Helocordulia uhleri Corduliidae Anisoptera,aquatic habitats,,river,,single observation,,both,adult,,,,,,,,,,,
HumanObservation,Helocordulia.uhleri Helocordulia uhleri Corduliidae Anisoptera,habitat openness,,closed,,single observation,,both,adult,,,,,,,,,,,
PreservedSpecimen,Helocordulia.uhleri Helocordulia uhleri Corduliidae Anisoptera,body lengths,Data extraction from the Odonate Phenotypic Database (http://www.odonatephenotypicdatabase.org),43.5,,single observation,,both,adult,,,,,,,,,,,
PreservedSpecimen,Helocordulia.uhleri Helocordulia uhleri Corduliidae Anisoptera,hindwing lengths,Odonate Phenotypic Database (http://www.odonatephenotypicdatabase.org),27,,single observation,,both,adult,,,,,,,,,,,
PreservedSpecimen,Helocordulia.uhleri Helocordulia uhleri Corduliidae Anisoptera,has wing pigment,Retrieval from the Odonate Phenotypic Database (http://www.odonatephenotypicdatabase.org),yes,,single observation,,both,adult,,,,,,,,,,,
,Helocordulia.uhleri Helocordulia uhleri Corduliidae Anisoptera,wing pigment extent discrete,,10,,single observation,,both,adult,,,,,,,,,,,
PreservedSpecimen,Helocordulia.uhleri Helocordulia uhleri Corduliidae Anisoptera,wing pigment extent continuous,,0.03,,single observation,,both,adult,,,,,,,,,,,
,Helocordulia.uhleri Helocordulia uhleri Corduliidae Anisoptera,wing pigment symmetry,,symmetric pigment,,single observation,,both,adult,,,,,,,,,,,
,Helocordulia.uhleri Helocordulia uhleri Corduliidae Anisoptera,wing pigment color,,black,,single observation,,both,adult,,,,,,,,,,,
,Helocordulia.uhleri Helocordulia uhleri Corduliidae Anisoptera,wing pigment placement,,basal,,single observation,,both,adult,,,,,,,,,,,
HumanObservation,Helocordulia.uhleri Helocordulia uhleri Corduliidae Anisoptera,Flight season start,,5.18,,single observation,,both,adult,,,,,,,,,,,
,Helocordulia.uhleri Helocordulia uhleri Corduliidae Anisoptera,Flight season end,,7.16,,single observation,,both,adult,,,,,,,,,,,
PreservedSpecimen,Helocordulia.uhleri Helocordulia uhleri Corduliidae Anisoptera,body colors,Odonate Phenotypic Database (http://www.odonatephenotypicdatabase.org),black,,single observation,,both,adult,,,,,,,,,,,
PreservedSpecimen,Helocordulia.uhleri Helocordulia uhleri Corduliidae Anisoptera,body colortypes,Odonate Phenotypic Database (http://www.odonatephenotypicdatabase.org),pigment,,single observation,,both,adult,,,,,,,,,,,
PreservedSpecimen,Helocordulia.uhleri Helocordulia uhleri Corduliidae Anisoptera,body patterns,Odonate Phenotypic Database (http://www.odonatephenotypicdatabase.org),plain,,single observation,,both,adult,,,,,,,,,,,
,Helocordulia.uhleri Helocordulia uhleri Corduliidae Anisoptera,mate guarding,,NA,,single observation,,both,adult,,,,,,,,,,,
Occurrence,Helocordulia.uhleri Helocordulia uhleri Corduliidae Anisoptera,flight mode,,flier,,single observation,,both,adult,,,,,,,,,,,
HumanObservation,Helocordulia.uhleri Helocordulia uhleri Corduliidae Anisoptera,territoriality,,NA,,single observation,,both,adult,,,,,,,,,,,
HumanObservation,Helocordulia.uhleri Helocordulia uhleri Corduliidae Anisoptera,aquatic habitats,,river,,single observation,,both,adult,,,,,,,,,,,
HumanObservation,Helocordulia.uhleri Helocordulia uhleri Corduliidae Anisoptera,habitat openness,,closed,,single observation,,both,adult,,,,,,,,,,,
PreservedSpecimen,Helocordulia.uhleri Helocordulia uhleri Corduliidae Anisoptera,body lengths,Data extraction from the Odonate Phenotypic Database (http://www.odonatephenotypicdatabase.org),43.5,,single observation,,both,adult,,,,,,,,,,,
PreservedSpecimen,Helocordulia.uhleri Helocordulia uhleri Corduliidae Anisoptera,hindwing lengths,Odonate Phenotypic Database (http://www.odonatephenotypicdatabase.org),27,,single observation,,both,adult,,,,,,,,,,,
PreservedSpecimen,Helocordulia.uhleri Helocordulia uhleri Corduliidae Anisoptera,has wing pigment,Retrieval from the Odonate Phenotypic Database (http://www.odonatephenotypicdatabase.org),yes,,single observation,,both,adult,,,,,,,,,,,
,Helocordulia.uhleri Helocordulia uhleri Corduliidae Anisoptera,wing pigment extent discrete,,10,,single observation,,both,adult,,,,,,,,,,,
PreservedSpecimen,Helocordulia.uhleri Helocordulia uhleri Corduliidae Anisoptera,wing pigment extent continuous,,0.03,,single observation,,both,adult,,,,,,,,,,,
,Helocordulia.uhleri Helocordulia uhleri Corduliidae Anisoptera,wing pigment symmetry,,symmetric pigment,,single observation,,both,adult,,,,,,,,,,,
,Helocordulia.uhleri Helocordulia uhleri Corduliidae Anisoptera,wing pigment color,,black,,single observation,,both,adult,,,,,,,,,,,
,Helocordulia.uhleri Helocordulia uhleri Corduliidae Anisoptera,wing pigment placement,,basal,,single observation,,both,adult,,,,,,,,,,,
HumanObservation,Hetaerina.americana Hetaerina americana Calopterygidae Zygoptera,Flight season start,,23/8,,single observation,,both,adult,,,,,,,,,,,
,Hetaerina.americana Hetaerina americana Calopterygidae Zygoptera,Flight season end,,10/5,,single observation,,both,adult,,,,,,,,,,,
PreservedSpecimen,Hetaerina.americana Hetaerina americana Calopterygidae Zygoptera,body colors,Odonate Phenotypic Database (http://www.odonatephenotypicdatabase.org),green,,single observation,,both,adult,,,,,,,,,,,
PreservedSpecimen,Hetaerina.americana Hetaerina americana Calopterygidae Zygoptera,body colortypes,Odonate Phenotypic Database (http://www.odonatephenotypicdatabase.org),pigment,,single observation,,both,adult,,,,,,,,,,,
PreservedSpecimen,Hetaerina.americana Hetaerina americana Calopterygidae Zygoptera,body patterns,Odonate Phenotypic Database (http://www.odonatephenotypicdatabase.org),spotted,,single observation,,both,adult,,,,,,,,,,,
,Hetaerina.americana Hetaerina americana Calopterygidae Zygoptera,mate guarding,,noncontact,,single observation,,both,adult,,,,,,,,,,,
Occurrence,Hetaerina.americana Hetaerina americana Calopterygidae Zygoptera,flight mode,,percher,,single observation,,both,adult,,,,,,,,,,,
HumanObservation,Hetaerina.americana Hetaerina americana Calopterygidae Zygoptera,territoriality,,territorial,,single observation,,both,adult,,,,,,,,,,,
HumanObservation,Hetaerina.americana Hetaerina americana Calopterygidae Zygoptera,aquatic habitats,,river,,single observation,,both,adult,,,,,,,,,,,
HumanObservation,Hetaerina.americana Hetaerina americana Calopterygidae Zygoptera,habitat openness,,closed,,single observation,,both,adult,,,,,,,,,,,
PreservedSpecimen,Hetaerina.americana Hetaerina americana Calopterygidae Zygoptera,body lengths,Data extraction from the Odonate Phenotypic Database (http://www.odonatephenotypicdatabase.org),42,,single observation,,both,adult,,,,,,,,,,,
PreservedSpecimen,Hetaerina.americana Hetaerina americana Calopterygidae Zygoptera,hindwing lengths,Odonate Phenotypic Database (http://www.odonatephenotypicdatabase.org),28,,single observation,,both,adult,,,,,,,,,,,
PreservedSpecimen,Hetaerina.americana Hetaerina americana Calopterygidae Zygoptera,has wing pigment,Retrieval from the Odonate Phenotypic Database (http://www.odonatephenotypicdatabase.org),yes,,single observation,,both,adult,,,,,,,,,,,
,Hetaerina.americana Hetaerina americana Calopterygidae Zygoptera,wing pigment extent discrete,,25,,single observation,,both,adult,,,,,,,,,,,
PreservedSpecimen,Hetaerina.americana Hetaerina americana Calopterygidae Zygoptera,wing pigment extent continuous,,0.23,,single observation,,both,adult,,,,,,,,,,,
,Hetaerina.americana Hetaerina americana Calopterygidae Zygoptera,wing pigment symmetry,,symmetric pigment,,single observation,,both,adult,,,,,,,,,,,
,Hetaerina.americana Hetaerina americana Calopterygidae Zygoptera,wing pigment color,,red,,single observation,,both,adult,,,,,,,,,,,
,Hetaerina.americana Hetaerina americana Calopterygidae Zygoptera,wing pigment placement,,basal,,single observation,,both,adult,,,,,,,,,,,
HumanObservation,Hetaerina.americana Hetaerina americana Calopterygidae Zygoptera,Flight season start,,8.23,,single observation,,both,adult,,,,,,,,,,,
,Hetaerina.americana Hetaerina americana Calopterygidae Zygoptera,Flight season end,,5.1,,single observation,,both,adult,,,,,,,,,,,
PreservedSpecimen,Hetaerina.americana Hetaerina americana Calopterygidae Zygoptera,body colors,Odonate Phenotypic Database (http://www.odonatephenotypicdatabase.org),green,,single observation,,both,adult,,,,,,,,,,,
PreservedSpecimen,Hetaerina.americana Hetaerina americana Calopterygidae Zygoptera,body colortypes,Odonate Phenotypic Database (http://www.odonatephenotypicdatabase.org),pigment,,single observation,,both,adult,,,,,,,,,,,
PreservedSpecimen,Hetaerina.americana Hetaerina americana Calopterygidae Zygoptera,body patterns,Odonate Phenotypic Database (http://www.odonatephenotypicdatabase.org),spotted,,single observation,,both,adult,,,,,,,,,,,
,Hetaerina.americana Hetaerina americana Calopterygidae Zygoptera,mate guarding,,noncontact,,single observation,,both,adult,,,,,,,,,,,
Occurrence,Hetaerina.americana Hetaerina americana Calopterygidae Zygoptera,flight mode,,percher,,single observation,,both,adult,,,,,,,,,,,
HumanObservation,Hetaerina.americana Hetaerina americana Calopterygidae Zygoptera,territoriality,,territorial,,single observation,,both,adult,,,,,,,,,,,
HumanObservation,Hetaerina.americana Hetaerina americana Calopterygidae Zygoptera,aquatic habitats,,river,,single observation,,both,adult,,,,,,,,,,,
HumanObservation,Hetaerina.americana Hetaerina americana Calopterygidae Zygoptera,habitat openness,,closed,,single observation,,both,adult,,,,,,,,,,,
PreservedSpecimen,Hetaerina.americana Hetaerina americana Calopterygidae Zygoptera,body lengths,Data extraction from the Odonate Phenotypic Database (http://www.odonatephenotypicdatabase.org),42,,single observation,,both,adult,,,,,,,,,,,
PreservedSpecimen,Hetaerina.americana Hetaerina americana Calopterygidae Zygoptera,hindwing lengths,Odonate Phenotypic Database (http://www.odonatephenotypicdatabase.org),28,,single observation,,both,adult,,,,,,,,,,,
PreservedSpecimen,Hetaerina.americana Hetaerina americana Calopterygidae Zygoptera,has wing pigment,Retrieval from the Odonate Phenotypic Database (http://www.odonatephenotypicdatabase.org),yes,,single observation,,both,adult,,,,,,,,,,,
,Hetaerina.americana Hetaerina americana Calopterygidae Zygoptera,wing pigment extent discrete,,25,,single observation,,both,adult,,,,,,,,,,,
PreservedSpecimen,Hetaerina.americana Hetaerina americana Calopterygidae Zygoptera,wing pigment extent continuous,,0.23,,single observation,,both,adult,,,,,,,,,,,
,Hetaerina.americana Hetaerina americana Calopterygidae Zygoptera,wing pigment symmetry,,symmetric pigment,,single observation,,both,adult,,,,,,,,,,,
,Hetaerina.americana Hetaerina americana Calopterygidae Zygoptera,wing pigment color,,red,,single observation,,both,adult,,,,,,,,,,,
,Hetaerina.americana Hetaerina americana Calopterygidae Zygoptera,wing pigment placement,,basal,,single observation,,both,adult,,,,,,,,,,,
HumanObservation,Ischnura.hastata Ischnura hastata Coenagrionidae Zygoptera,Flight season start,,7/5,,single observation,,both,adult,,,,,,,,,,,
,Ischnura.hastata Ischnura hastata Coenagrionidae Zygoptera,Flight season end,,8/11,,single observation,,both,adult,,,,,,,,,,,
PreservedSpecimen,Ischnura.hastata Ischnura hastata Coenagrionidae Zygoptera,body colors,Odonate Phenotypic Database (http://www.odonatephenotypicdatabase.org),black,,single observation,,both,adult,,,,,,,,,,,
PreservedSpecimen,Ischnura.hastata Ischnura hastata Coenagrionidae Zygoptera,body colortypes,Odonate Phenotypic Database (http://www.odonatephenotypicdatabase.org),pigment,,single observation,,both,adult,,,,,,,,,,,
PreservedSpecimen,Ischnura.hastata Ischnura hastata Coenagrionidae Zygoptera,body patterns,Odonate Phenotypic Database (http://www.odonatephenotypicdatabase.org),spotted,,single observation,,both,adult,,,,,,,,,,,
,Ischnura.hastata Ischnura hastata Coenagrionidae Zygoptera,mate guarding,,none,,single observation,,both,adult,,,,,,,,,,,
Occurrence,Ischnura.hastata Ischnura hastata Coenagrionidae Zygoptera,flight mode,,percher,,single observation,,both,adult,,,,,,,,,,,
HumanObservation,Ischnura.hastata Ischnura hastata Coenagrionidae Zygoptera,territoriality,,NA,,single observation,,both,adult,,,,,,,,,,,
HumanObservation,Ischnura.hastata Ischnura hastata Coenagrionidae Zygoptera,aquatic habitats,,lake,,single observation,,both,adult,,,,,,,,,,,
HumanObservation,Ischnura.hastata Ischnura hastata Coenagrionidae Zygoptera,habitat openness,,closed,,single observation,,both,adult,,,,,,,,,,,
PreservedSpecimen,Ischnura.hastata Ischnura hastata Coenagrionidae Zygoptera,body lengths,Data extraction from the Odonate Phenotypic Database (http://www.odonatephenotypicdatabase.org),24,,single observation,,both,adult,,,,,,,,,,,
PreservedSpecimen,Ischnura.hastata Ischnura hastata Coenagrionidae Zygoptera,hindwing lengths,Odonate Phenotypic Database (http://www.odonatephenotypicdatabase.org),12,,single observation,,both,adult,,,,,,,,,,,
PreservedSpecimen,Ischnura.hastata Ischnura hastata Coenagrionidae Zygoptera,has wing pigment,Retrieval from the Odonate Phenotypic Database (http://www.odonatephenotypicdatabase.org),no,,single observation,,both,adult,,,,,,,,,,,
,Ischnura.hastata Ischnura hastata Coenagrionidae Zygoptera,wing pigment extent discrete,,NA,,single observation,,both,adult,,,,,,,,,,,
PreservedSpecimen,Ischnura.hastata Ischnura hastata Coenagrionidae Zygoptera,wing pigment extent continuous,,NA,,single observation,,both,adult,,,,,,,,,,,
,Ischnura.hastata Ischnura hastata Coenagrionidae Zygoptera,wing pigment symmetry,,NA,,single observation,,both,adult,,,,,,,,,,,
,Ischnura.hastata Ischnura hastata Coenagrionidae Zygoptera,wing pigment color,,NA,,single observation,,both,adult,,,,,,,,,,,
,Ischnura.hastata Ischnura hastata Coenagrionidae Zygoptera,wing pigment placement,,NA,,single observation,,both,adult,,,,,,,,,,,
HumanObservation,Ischnura.hastata Ischnura hastata Coenagrionidae Zygoptera,Flight season start,,5.07,,single observation,,both,adult,,,,,,,,,,,
,Ischnura.hastata Ischnura hastata Coenagrionidae Zygoptera,Flight season end,,11.08,,single observation,,both,adult,,,,,,,,,,,
PreservedSpecimen,Ischnura.hastata Ischnura hastata Coenagrionidae Zygoptera,body colors,Odonate Phenotypic Database (http://www.odonatephenotypicdatabase.org),black,,single observation,,both,adult,,,,,,,,,,,
PreservedSpecimen,Ischnura.hastata Ischnura hastata Coenagrionidae Zygoptera,body colortypes,Odonate Phenotypic Database (http://www.odonatephenotypicdatabase.org),pigment,,single observation,,both,adult,,,,,,,,,,,
PreservedSpecimen,Ischnura.hastata Ischnura hastata Coenagrionidae Zygoptera,body patterns,Odonate Phenotypic Database (http://www.odonatephenotypicdatabase.org),spotted,,single observation,,both,adult,,,,,,,,,,,
,Ischnura.hastata Ischnura hastata Coenagrionidae Zygoptera,mate guarding,,none,,single observation,,both,adult,,,,,,,,,,,
Occurrence,Ischnura.hastata Ischnura hastata Coenagrionidae Zygoptera,flight mode,,percher,,single observation,,both,adult,,,,,,,,,,,
HumanObservation,Ischnura.hastata Ischnura hastata Coenagrionidae Zygoptera,territoriality,,NA,,single observation,,both,adult,,,,,,,,,,,
HumanObservation,Ischnura.hastata Ischnura hastata Coenagrionidae Zygoptera,aquatic habitats,,lake,,single observation,,both,adult,,,,,,,,,,,
HumanObservation,Ischnura.hastata Ischnura hastata Coenagrionidae Zygoptera,habitat openness,,closed,,single observation,,both,adult,,,,,,,,,,,
PreservedSpecimen,Ischnura.hastata Ischnura hastata Coenagrionidae Zygoptera,body lengths,Data extraction from the Odonate Phenotypic Database (http://www.odonatephenotypicdatabase.org),24,,single observation,,both,adult,,,,,,,,,,,
PreservedSpecimen,Ischnura.hastata Ischnura hastata Coenagrionidae Zygoptera,hindwing lengths,Odonate Phenotypic Database (http://www.odonatephenotypicdatabase.org),12,,single observation,,both,adult,,,,,,,,,,,
PreservedSpecimen,Ischnura.hastata Ischnura hastata Coenagrionidae Zygoptera,has wing pigment,Retrieval from the Odonate Phenotypic Database (http://www.odonatephenotypicdatabase.org),no,,single observation,,both,adult,,,,,,,,,,,
,Ischnura.hastata Ischnura hastata Coenagrionidae Zygoptera,wing pigment extent discrete,,NA,,single observation,,both,adult,,,,,,,,,,,
PreservedSpecimen,Ischnura.hastata Ischnura hastata Coenagrionidae Zygoptera,wing pigment extent continuous,,NA,,single observation,,both,adult,,,,,,,,,,,
,Ischnura.hastata Ischnura hastata Coenagrionidae Zygoptera,wing pigment symmetry,,NA,,single observation,,both,adult,,,,,,,,,,,
,Ischnura.hastata Ischnura hastata Coenagrionidae Zygoptera,wing pigment color,,NA,,single observation,,both,adult,,,,,,,,,,,
,Ischnura.hastata Ischnura hastata Coenagrionidae Zygoptera,wing pigment placement,,NA,,single observation,,both,adult,,,,,,,,,,,
HumanObservation,Ischnura.kellicotti Ischnura kellicotti Coenagrionidae Zygoptera,Flight season start,,7/12,,single observation,,both,adult,,,,,,,,,,,
,Ischnura.kellicotti Ischnura kellicotti Coenagrionidae Zygoptera,Flight season end,,8/1,,single observation,,both,adult,,,,,,,,,,,
PreservedSpecimen,Ischnura.kellicotti Ischnura kellicotti Coenagrionidae Zygoptera,body colors,Odonate Phenotypic Database (http://www.odonatephenotypicdatabase.org),black,,single observation,,both,adult,,,,,,,,,,,
PreservedSpecimen,Ischnura.kellicotti Ischnura kellicotti Coenagrionidae Zygoptera,body colortypes,Odonate Phenotypic Database (http://www.odonatephenotypicdatabase.org),pigment,,single observation,,both,adult,,,,,,,,,,,
PreservedSpecimen,Ischnura.kellicotti Ischnura kellicotti Coenagrionidae Zygoptera,body patterns,Odonate Phenotypic Database (http://www.odonatephenotypicdatabase.org),plain,,single observation,,both,adult,,,,,,,,,,,
,Ischnura.kellicotti Ischnura kellicotti Coenagrionidae Zygoptera,mate guarding,,none,,single observation,,both,adult,,,,,,,,,,,
Occurrence,Ischnura.kellicotti Ischnura kellicotti Coenagrionidae Zygoptera,flight mode,,percher,,single observation,,both,adult,,,,,,,,,,,
HumanObservation,Ischnura.kellicotti Ischnura kellicotti Coenagrionidae Zygoptera,territoriality,,NA,,single observation,,both,adult,,,,,,,,,,,
HumanObservation,Ischnura.kellicotti Ischnura kellicotti Coenagrionidae Zygoptera,aquatic habitats,,lake,,single observation,,both,adult,,,,,,,,,,,
HumanObservation,Ischnura.kellicotti Ischnura kellicotti Coenagrionidae Zygoptera,habitat openness,,open,,single observation,,both,adult,,,,,,,,,,,
PreservedSpecimen,Ischnura.kellicotti Ischnura kellicotti Coenagrionidae Zygoptera,body lengths,Data extraction from the Odonate Phenotypic Database (http://www.odonatephenotypicdatabase.org),27.5,,single observation,,both,adult,,,,,,,,,,,
PreservedSpecimen,Ischnura.kellicotti Ischnura kellicotti Coenagrionidae Zygoptera,hindwing lengths,Odonate Phenotypic Database (http://www.odonatephenotypicdatabase.org),15,,single observation,,both,adult,,,,,,,,,,,
PreservedSpecimen,Ischnura.kellicotti Ischnura kellicotti Coenagrionidae Zygoptera,has wing pigment,Retrieval from the Odonate Phenotypic Database (http://www.odonatephenotypicdatabase.org),no,,single observation,,both,adult,,,,,,,,,,,
,Ischnura.kellicotti Ischnura kellicotti Coenagrionidae Zygoptera,wing pigment extent discrete,,NA,,single observation,,both,adult,,,,,,,,,,,
PreservedSpecimen,Ischnura.kellicotti Ischnura kellicotti Coenagrionidae Zygoptera,wing pigment extent continuous,,NA,,single observation,,both,adult,,,,,,,,,,,
,Ischnura.kellicotti Ischnura kellicotti Coenagrionidae Zygoptera,wing pigment symmetry,,NA,,single observation,,both,adult,,,,,,,,,,,
,Ischnura.kellicotti Ischnura kellicotti Coenagrionidae Zygoptera,wing pigment color,,NA,,single observation,,both,adult,,,,,,,,,,,
,Ischnura.kellicotti Ischnura kellicotti Coenagrionidae Zygoptera,wing pigment placement,,NA,,single observation,,both,adult,,,,,,,,,,,
HumanObservation,Ischnura.kellicotti Ischnura kellicotti Coenagrionidae Zygoptera,Flight season start,,12.07,,single observation,,both,adult,,,,,,,,,,,
,Ischnura.kellicotti Ischnura kellicotti Coenagrionidae Zygoptera,Flight season end,,1.08,,single observation,,both,adult,,,,,,,,,,,
PreservedSpecimen,Ischnura.kellicotti Ischnura kellicotti Coenagrionidae Zygoptera,body colors,Odonate Phenotypic Database (http://www.odonatephenotypicdatabase.org),black,,single observation,,both,adult,,,,,,,,,,,
PreservedSpecimen,Ischnura.kellicotti Ischnura kellicotti Coenagrionidae Zygoptera,body colortypes,Odonate Phenotypic Database (http://www.odonatephenotypicdatabase.org),pigment,,single observation,,both,adult,,,,,,,,,,,
PreservedSpecimen,Ischnura.kellicotti Ischnura kellicotti Coenagrionidae Zygoptera,body patterns,Odonate Phenotypic Database (http://www.odonatephenotypicdatabase.org),plain,,single observation,,both,adult,,,,,,,,,,,
,Ischnura.kellicotti Ischnura kellicotti Coenagrionidae Zygoptera,mate guarding,,none,,single observation,,both,adult,,,,,,,,,,,
Occurrence,Ischnura.kellicotti Ischnura kellicotti Coenagrionidae Zygoptera,flight mode,,percher,,single observation,,both,adult,,,,,,,,,,,
HumanObservation,Ischnura.kellicotti Ischnura kellicotti Coenagrionidae Zygoptera,territoriality,,NA,,single observation,,both,adult,,,,,,,,,,,
HumanObservation,Ischnura.kellicotti Ischnura kellicotti Coenagrionidae Zygoptera,aquatic habitats,,lake,,single observation,,both,adult,,,,,,,,,,,
HumanObservation,Ischnura.kellicotti Ischnura kellicotti Coenagrionidae Zygoptera,habitat openness,,open,,single observation,,both,adult,,,,,,,,,,,
PreservedSpecimen,Ischnura.kellicotti Ischnura kellicotti Coenagrionidae Zygoptera,body lengths,Data extraction from the Odonate Phenotypic Database (http://www.odonatephenotypicdatabase.org),27.5,,single observation,,both,adult,,,,,,,,,,,
PreservedSpecimen,Ischnura.kellicotti Ischnura kellicotti Coenagrionidae Zygoptera,hindwing lengths,Odonate Phenotypic Database (http://www.odonatephenotypicdatabase.org),15,,single observation,,both,adult,,,,,,,,,,,
PreservedSpecimen,Ischnura.kellicotti Ischnura kellicotti Coenagrionidae Zygoptera,has wing pigment,Retrieval from the Odonate Phenotypic Database (http://www.odonatephenotypicdatabase.org),no,,single observation,,both,adult,,,,,,,,,,,
,Ischnura.kellicotti Ischnura kellicotti Coenagrionidae Zygoptera,wing pigment extent discrete,,NA,,single observation,,both,adult,,,,,,,,,,,
PreservedSpecimen,Ischnura.kellicotti Ischnura kellicotti Coenagrionidae Zygoptera,wing pigment extent continuous,,NA,,single observation,,both,adult,,,,,,,,,,,
,Ischnura.kellicotti Ischnura kellicotti Coenagrionidae Zygoptera,wing pigment symmetry,,NA,,single observation,,both,adult,,,,,,,,,,,
,Ischnura.kellicotti Ischnura kellicotti Coenagrionidae Zygoptera,wing pigment color,,NA,,single observation,,both,adult,,,,,,,,,,,
,Ischnura.kellicotti Ischnura kellicotti Coenagrionidae Zygoptera,wing pigment placement,,NA,,single observation,,both,adult,,,,,,,,,,,
HumanObservation,Ischnura.posita Ischnura posita Coenagrionidae Zygoptera,Flight season start,,15/5,,single observation,,both,adult,,,,,,,,,,,
,Ischnura.posita Ischnura posita Coenagrionidae Zygoptera,Flight season end,,16/9,,single observation,,both,adult,,,,,,,,,,,
PreservedSpecimen,Ischnura.posita Ischnura posita Coenagrionidae Zygoptera,body colors,Odonate Phenotypic Database (http://www.odonatephenotypicdatabase.org),black,,single observation,,both,adult,,,,,,,,,,,
PreservedSpecimen,Ischnura.posita Ischnura posita Coenagrionidae Zygoptera,body colortypes,Odonate Phenotypic Database (http://www.odonatephenotypicdatabase.org),pigment,,single observation,,both,adult,,,,,,,,,,,
PreservedSpecimen,Ischnura.posita Ischnura posita Coenagrionidae Zygoptera,body patterns,Odonate Phenotypic Database (http://www.odonatephenotypicdatabase.org),plain,,single observation,,both,adult,,,,,,,,,,,
,Ischnura.posita Ischnura posita Coenagrionidae Zygoptera,mate guarding,,none,,single observation,,both,adult,,,,,,,,,,,
Occurrence,Ischnura.posita Ischnura posita Coenagrionidae Zygoptera,flight mode,,percher,,single observation,,both,adult,,,,,,,,,,,
HumanObservation,Ischnura.posita Ischnura posita Coenagrionidae Zygoptera,territoriality,,non-territorial,,single observation,,both,adult,,,,,,,,,,,
HumanObservation,Ischnura.posita Ischnura posita Coenagrionidae Zygoptera,aquatic habitats,,lake,,single observation,,both,adult,,,,,,,,,,,
HumanObservation,Ischnura.posita Ischnura posita Coenagrionidae Zygoptera,habitat openness,,closed,,single observation,,both,adult,,,,,,,,,,,
PreservedSpecimen,Ischnura.posita Ischnura posita Coenagrionidae Zygoptera,body lengths,Data extraction from the Odonate Phenotypic Database (http://www.odonatephenotypicdatabase.org),25,,single observation,,both,adult,,,,,,,,,,,
PreservedSpecimen,Ischnura.posita Ischnura posita Coenagrionidae Zygoptera,hindwing lengths,Odonate Phenotypic Database (http://www.odonatephenotypicdatabase.org),13,,single observation,,both,adult,,,,,,,,,,,
PreservedSpecimen,Ischnura.posita Ischnura posita Coenagrionidae Zygoptera,has wing pigment,Retrieval from the Odonate Phenotypic Database (http://www.odonatephenotypicdatabase.org),no,,single observation,,both,adult,,,,,,,,,,,
,Ischnura.posita Ischnura posita Coenagrionidae Zygoptera,wing pigment extent discrete,,NA,,single observation,,both,adult,,,,,,,,,,,
PreservedSpecimen,Ischnura.posita Ischnura posita Coenagrionidae Zygoptera,wing pigment extent continuous,,NA,,single observation,,both,adult,,,,,,,,,,,
,Ischnura.posita Ischnura posita Coenagrionidae Zygoptera,wing pigment symmetry,,NA,,single observation,,both,adult,,,,,,,,,,,
,Ischnura.posita Ischnura posita Coenagrionidae Zygoptera,wing pigment color,,NA,,single observation,,both,adult,,,,,,,,,,,
,Ischnura.posita Ischnura posita Coenagrionidae Zygoptera,wing pigment placement,,NA,,single observation,,both,adult,,,,,,,,,,,
HumanObservation,Ischnura.posita Ischnura posita Coenagrionidae Zygoptera,Flight season start,,5.15,,single observation,,both,adult,,,,,,,,,,,
,Ischnura.posita Ischnura posita Coenagrionidae Zygoptera,Flight season end,,9.16,,single observation,,both,adult,,,,,,,,,,,
PreservedSpecimen,Ischnura.posita Ischnura posita Coenagrionidae Zygoptera,body colors,Odonate Phenotypic Database (http://www.odonatephenotypicdatabase.org),black,,single observation,,both,adult,,,,,,,,,,,
PreservedSpecimen,Ischnura.posita Ischnura posita Coenagrionidae Zygoptera,body colortypes,Odonate Phenotypic Database (http://www.odonatephenotypicdatabase.org),pigment,,single observation,,both,adult,,,,,,,,,,,
PreservedSpecimen,Ischnura.posita Ischnura posita Coenagrionidae Zygoptera,body patterns,Odonate Phenotypic Database (http://www.odonatephenotypicdatabase.org),plain,,single observation,,both,adult,,,,,,,,,,,
,Ischnura.posita Ischnura posita Coenagrionidae Zygoptera,mate guarding,,none,,single observation,,both,adult,,,,,,,,,,,
Occurrence,Ischnura.posita Ischnura posita Coenagrionidae Zygoptera,flight mode,,percher,,single observation,,both,adult,,,,,,,,,,,
HumanObservation,Ischnura.posita Ischnura posita Coenagrionidae Zygoptera,territoriality,,non-territorial,,single observation,,both,adult,,,,,,,,,,,
HumanObservation,Ischnura.posita Ischnura posita Coenagrionidae Zygoptera,aquatic habitats,,lake,,single observation,,both,adult,,,,,,,,,,,
HumanObservation,Ischnura.posita Ischnura posita Coenagrionidae Zygoptera,habitat openness,,closed,,single observation,,both,adult,,,,,,,,,,,
PreservedSpecimen,Ischnura.posita Ischnura posita Coenagrionidae Zygoptera,body lengths,Data extraction from the Odonate Phenotypic Database (http://www.odonatephenotypicdatabase.org),25,,single observation,,both,adult,,,,,,,,,,,
PreservedSpecimen,Ischnura.posita Ischnura posita Coenagrionidae Zygoptera,hindwing lengths,Odonate Phenotypic Database (http://www.odonatephenotypicdatabase.org),13,,single observation,,both,adult,,,,,,,,,,,
PreservedSpecimen,Ischnura.posita Ischnura posita Coenagrionidae Zygoptera,has wing pigment,Retrieval from the Odonate Phenotypic Database (http://www.odonatephenotypicdatabase.org),no,,single observation,,both,adult,,,,,,,,,,,
,Ischnura.posita Ischnura posita Coenagrionidae Zygoptera,wing pigment extent discrete,,NA,,single observation,,both,adult,,,,,,,,,,,
PreservedSpecimen,Ischnura.posita Ischnura posita Coenagrionidae Zygoptera,wing pigment extent continuous,,NA,,single observation,,both,adult,,,,,,,,,,,
,Ischnura.posita Ischnura posita Coenagrionidae Zygoptera,wing pigment symmetry,,NA,,single observation,,both,adult,,,,,,,,,,,
,Ischnura.posita Ischnura posita Coenagrionidae Zygoptera,wing pigment color,,NA,,single observation,,both,adult,,,,,,,,,,,
,Ischnura.posita Ischnura posita Coenagrionidae Zygoptera,wing pigment placement,,NA,,single observation,,both,adult,,,,,,,,,,,
HumanObservation,Ischnura.verticalis Ischnura verticalis Coenagrionidae Zygoptera,Flight season start,,29/4,,single observation,,both,adult,,,,,,,,,,,
,Ischnura.verticalis Ischnura verticalis Coenagrionidae Zygoptera,Flight season end,,20/10,,single observation,,both,adult,,,,,,,,,,,
PreservedSpecimen,Ischnura.verticalis Ischnura verticalis Coenagrionidae Zygoptera,body colors,Odonate Phenotypic Database (http://www.odonatephenotypicdatabase.org),black,,single observation,,both,adult,,,,,,,,,,,
PreservedSpecimen,Ischnura.verticalis Ischnura verticalis Coenagrionidae Zygoptera,body colortypes,Odonate Phenotypic Database (http://www.odonatephenotypicdatabase.org),pigment,,single observation,,both,adult,,,,,,,,,,,
PreservedSpecimen,Ischnura.verticalis Ischnura verticalis Coenagrionidae Zygoptera,body patterns,Odonate Phenotypic Database (http://www.odonatephenotypicdatabase.org),plain,,single observation,,both,adult,,,,,,,,,,,
,Ischnura.verticalis Ischnura verticalis Coenagrionidae Zygoptera,mate guarding,,none,,single observation,,both,adult,,,,,,,,,,,
Occurrence,Ischnura.verticalis Ischnura verticalis Coenagrionidae Zygoptera,flight mode,,percher,,single observation,,both,adult,,,,,,,,,,,
HumanObservation,Ischnura.verticalis Ischnura verticalis Coenagrionidae Zygoptera,territoriality,,NA,,single observation,,both,adult,,,,,,,,,,,
HumanObservation,Ischnura.verticalis Ischnura verticalis Coenagrionidae Zygoptera,aquatic habitats,,lake,,single observation,,both,adult,,,,,,,,,,,
HumanObservation,Ischnura.verticalis Ischnura verticalis Coenagrionidae Zygoptera,habitat openness,,semi,,single observation,,both,adult,,,,,,,,,,,
PreservedSpecimen,Ischnura.verticalis Ischnura verticalis Coenagrionidae Zygoptera,body lengths,Data extraction from the Odonate Phenotypic Database (http://www.odonatephenotypicdatabase.org),26.5,,single observation,,both,adult,,,,,,,,,,,
PreservedSpecimen,Ischnura.verticalis Ischnura verticalis Coenagrionidae Zygoptera,hindwing lengths,Odonate Phenotypic Database (http://www.odonatephenotypicdatabase.org),15,,single observation,,both,adult,,,,,,,,,,,
PreservedSpecimen,Ischnura.verticalis Ischnura verticalis Coenagrionidae Zygoptera,has wing pigment,Retrieval from the Odonate Phenotypic Database (http://www.odonatephenotypicdatabase.org),no,,single observation,,both,adult,,,,,,,,,,,
,Ischnura.verticalis Ischnura verticalis Coenagrionidae Zygoptera,wing pigment extent discrete,,NA,,single observation,,both,adult,,,,,,,,,,,
PreservedSpecimen,Ischnura.verticalis Ischnura verticalis Coenagrionidae Zygoptera,wing pigment extent continuous,,NA,,single observation,,both,adult,,,,,,,,,,,
,Ischnura.verticalis Ischnura verticalis Coenagrionidae Zygoptera,wing pigment symmetry,,NA,,single observation,,both,adult,,,,,,,,,,,
,Ischnura.verticalis Ischnura verticalis Coenagrionidae Zygoptera,wing pigment color,,NA,,single observation,,both,adult,,,,,,,,,,,
,Ischnura.verticalis Ischnura verticalis Coenagrionidae Zygoptera,wing pigment placement,,NA,,single observation,,both,adult,,,,,,,,,,,
HumanObservation,Ischnura.verticalis Ischnura verticalis Coenagrionidae Zygoptera,Flight season start,,4.29,,single observation,,both,adult,,,,,,,,,,,
,Ischnura.verticalis Ischnura verticalis Coenagrionidae Zygoptera,Flight season end,,10.2,,single observation,,both,adult,,,,,,,,,,,
PreservedSpecimen,Ischnura.verticalis Ischnura verticalis Coenagrionidae Zygoptera,body colors,Odonate Phenotypic Database (http://www.odonatephenotypicdatabase.org),black,,single observation,,both,adult,,,,,,,,,,,
PreservedSpecimen,Ischnura.verticalis Ischnura verticalis Coenagrionidae Zygoptera,body colortypes,Odonate Phenotypic Database (http://www.odonatephenotypicdatabase.org),pigment,,single observation,,both,adult,,,,,,,,,,,
PreservedSpecimen,Ischnura.verticalis Ischnura verticalis Coenagrionidae Zygoptera,body patterns,Odonate Phenotypic Database (http://www.odonatephenotypicdatabase.org),plain,,single observation,,both,adult,,,,,,,,,,,
,Ischnura.verticalis Ischnura verticalis Coenagrionidae Zygoptera,mate guarding,,none,,single observation,,both,adult,,,,,,,,,,,
Occurrence,Ischnura.verticalis Ischnura verticalis Coenagrionidae Zygoptera,flight mode,,percher,,single observation,,both,adult,,,,,,,,,,,
HumanObservation,Ischnura.verticalis Ischnura verticalis Coenagrionidae Zygoptera,territoriality,,NA,,single observation,,both,adult,,,,,,,,,,,
HumanObservation,Ischnura.verticalis Ischnura verticalis Coenagrionidae Zygoptera,aquatic habitats,,lake,,single observation,,both,adult,,,,,,,,,,,
HumanObservation,Ischnura.verticalis Ischnura verticalis Coenagrionidae Zygoptera,habitat openness,,semi,,single observation,,both,adult,,,,,,,,,,,
PreservedSpecimen,Ischnura.verticalis Ischnura verticalis Coenagrionidae Zygoptera,body lengths,Data extraction from the Odonate Phenotypic Database (http://www.odonatephenotypicdatabase.org),26.5,,single observation,,both,adult,,,,,,,,,,,
PreservedSpecimen,Ischnura.verticalis Ischnura verticalis Coenagrionidae Zygoptera,hindwing lengths,Odonate Phenotypic Database (http://www.odonatephenotypicdatabase.org),15,,single observation,,both,adult,,,,,,,,,,,
PreservedSpecimen,Ischnura.verticalis Ischnura verticalis Coenagrionidae Zygoptera,has wing pigment,Retrieval from the Odonate Phenotypic Database (http://www.odonatephenotypicdatabase.org),no,,single observation,,both,adult,,,,,,,,,,,
,Ischnura.verticalis Ischnura verticalis Coenagrionidae Zygoptera,wing pigment extent discrete,,NA,,single observation,,both,adult,,,,,,,,,,,
PreservedSpecimen,Ischnura.verticalis Ischnura verticalis Coenagrionidae Zygoptera,wing pigment extent continuous,,NA,,single observation,,both,adult,,,,,,,,,,,
,Ischnura.verticalis Ischnura verticalis Coenagrionidae Zygoptera,wing pigment symmetry,,NA,,single observation,,both,adult,,,,,,,,,,,
,Ischnura.verticalis Ischnura verticalis Coenagrionidae Zygoptera,wing pigment color,,NA,,single observation,,both,adult,,,,,,,,,,,
,Ischnura.verticalis Ischnura verticalis Coenagrionidae Zygoptera,wing pigment placement,,NA,,single observation,,both,adult,,,,,,,,,,,
HumanObservation,Ladona.julia Ladona julia Libellulidae Anisoptera,Flight season start,,16/5,,single observation,,both,adult,,,,,,,,,,,
,Ladona.julia Ladona julia Libellulidae Anisoptera,Flight season end,,8/12,,single observation,,both,adult,,,,,,,,,,,
PreservedSpecimen,Ladona.julia Ladona julia Libellulidae Anisoptera,body colors,Odonate Phenotypic Database (http://www.odonatephenotypicdatabase.org),black,,single observation,,both,adult,,,,,,,,,,,
PreservedSpecimen,Ladona.julia Ladona julia Libellulidae Anisoptera,body colortypes,Odonate Phenotypic Database (http://www.odonatephenotypicdatabase.org),pigment,,single observation,,both,adult,,,,,,,,,,,
PreservedSpecimen,Ladona.julia Ladona julia Libellulidae Anisoptera,body patterns,Odonate Phenotypic Database (http://www.odonatephenotypicdatabase.org),plain,,single observation,,both,adult,,,,,,,,,,,
,Ladona.julia Ladona julia Libellulidae Anisoptera,mate guarding,,noncontact,,single observation,,both,adult,,,,,,,,,,,
Occurrence,Ladona.julia Ladona julia Libellulidae Anisoptera,flight mode,,percher,,single observation,,both,adult,,,,,,,,,,,
HumanObservation,Ladona.julia Ladona julia Libellulidae Anisoptera,territoriality,,territorial,,single observation,,both,adult,,,,,,,,,,,
HumanObservation,Ladona.julia Ladona julia Libellulidae Anisoptera,aquatic habitats,,lake,,single observation,,both,adult,,,,,,,,,,,
HumanObservation,Ladona.julia Ladona julia Libellulidae Anisoptera,habitat openness,,closed,,single observation,,both,adult,,,,,,,,,,,
PreservedSpecimen,Ladona.julia Ladona julia Libellulidae Anisoptera,body lengths,Data extraction from the Odonate Phenotypic Database (http://www.odonatephenotypicdatabase.org),41.5,,single observation,,both,adult,,,,,,,,,,,
PreservedSpecimen,Ladona.julia Ladona julia Libellulidae Anisoptera,hindwing lengths,Odonate Phenotypic Database (http://www.odonatephenotypicdatabase.org),31,,single observation,,both,adult,,,,,,,,,,,
PreservedSpecimen,Ladona.julia Ladona julia Libellulidae Anisoptera,has wing pigment,Retrieval from the Odonate Phenotypic Database (http://www.odonatephenotypicdatabase.org),yes,,single observation,,both,adult,,,,,,,,,,,
,Ladona.julia Ladona julia Libellulidae Anisoptera,wing pigment extent discrete,,10,,single observation,,both,adult,,,,,,,,,,,
PreservedSpecimen,Ladona.julia Ladona julia Libellulidae Anisoptera,wing pigment extent continuous,,0.06,,single observation,,both,adult,,,,,,,,,,,
,Ladona.julia Ladona julia Libellulidae Anisoptera,wing pigment symmetry,,hindwing more pigment,,single observation,,both,adult,,,,,,,,,,,
,Ladona.julia Ladona julia Libellulidae Anisoptera,wing pigment color,,black,,single observation,,both,adult,,,,,,,,,,,
,Ladona.julia Ladona julia Libellulidae Anisoptera,wing pigment placement,,basal,,single observation,,both,adult,,,,,,,,,,,
HumanObservation,Ladona.julia Ladona julia Libellulidae Anisoptera,Flight season start,,5.16,,single observation,,both,adult,,,,,,,,,,,
,Ladona.julia Ladona julia Libellulidae Anisoptera,Flight season end,,12.08,,single observation,,both,adult,,,,,,,,,,,
PreservedSpecimen,Ladona.julia Ladona julia Libellulidae Anisoptera,body colors,Odonate Phenotypic Database (http://www.odonatephenotypicdatabase.org),black,,single observation,,both,adult,,,,,,,,,,,
PreservedSpecimen,Ladona.julia Ladona julia Libellulidae Anisoptera,body colortypes,Odonate Phenotypic Database (http://www.odonatephenotypicdatabase.org),pigment,,single observation,,both,adult,,,,,,,,,,,
PreservedSpecimen,Ladona.julia Ladona julia Libellulidae Anisoptera,body patterns,Odonate Phenotypic Database (http://www.odonatephenotypicdatabase.org),plain,,single observation,,both,adult,,,,,,,,,,,
,Ladona.julia Ladona julia Libellulidae Anisoptera,mate guarding,,noncontact,,single observation,,both,adult,,,,,,,,,,,
Occurrence,Ladona.julia Ladona julia Libellulidae Anisoptera,flight mode,,percher,,single observation,,both,adult,,,,,,,,,,,
HumanObservation,Ladona.julia Ladona julia Libellulidae Anisoptera,territoriality,,territorial,,single observation,,both,adult,,,,,,,,,,,
HumanObservation,Ladona.julia Ladona julia Libellulidae Anisoptera,aquatic habitats,,lake,,single observation,,both,adult,,,,,,,,,,,
HumanObservation,Ladona.julia Ladona julia Libellulidae Anisoptera,habitat openness,,closed,,single observation,,both,adult,,,,,,,,,,,
PreservedSpecimen,Ladona.julia Ladona julia Libellulidae Anisoptera,body lengths,Data extraction from the Odonate Phenotypic Database (http://www.odonatephenotypicdatabase.org),41.5,,single observation,,both,adult,,,,,,,,,,,
PreservedSpecimen,Ladona.julia Ladona julia Libellulidae Anisoptera,hindwing lengths,Odonate Phenotypic Database (http://www.odonatephenotypicdatabase.org),31,,single observation,,both,adult,,,,,,,,,,,
PreservedSpecimen,Ladona.julia Ladona julia Libellulidae Anisoptera,has wing pigment,Retrieval from the Odonate Phenotypic Database (http://www.odonatephenotypicdatabase.org),yes,,single observation,,both,adult,,,,,,,,,,,
,Ladona.julia Ladona julia Libellulidae Anisoptera,wing pigment extent discrete,,10,,single observation,,both,adult,,,,,,,,,,,
PreservedSpecimen,Ladona.julia Ladona julia Libellulidae Anisoptera,wing pigment extent continuous,,0.06,,single observation,,both,adult,,,,,,,,,,,
,Ladona.julia Ladona julia Libellulidae Anisoptera,wing pigment symmetry,,hindwing more pigment,,single observation,,both,adult,,,,,,,,,,,
,Ladona.julia Ladona julia Libellulidae Anisoptera,wing pigment color,,black,,single observation,,both,adult,,,,,,,,,,,
,Ladona.julia Ladona julia Libellulidae Anisoptera,wing pigment placement,,basal,,single observation,,both,adult,,,,,,,,,,,
HumanObservation,Lanthus.parvulus Lanthus parvulus Gomphidae Anisoptera,Flight season start,,7/1,,single observation,,both,adult,,,,,,,,,,,
,Lanthus.parvulus Lanthus parvulus Gomphidae Anisoptera,Flight season end,,17/7,,single observation,,both,adult,,,,,,,,,,,
PreservedSpecimen,Lanthus.parvulus Lanthus parvulus Gomphidae Anisoptera,body colors,Odonate Phenotypic Database (http://www.odonatephenotypicdatabase.org),black,,single observation,,both,adult,,,,,,,,,,,
PreservedSpecimen,Lanthus.parvulus Lanthus parvulus Gomphidae Anisoptera,body colortypes,Odonate Phenotypic Database (http://www.odonatephenotypicdatabase.org),pigment,,single observation,,both,adult,,,,,,,,,,,
PreservedSpecimen,Lanthus.parvulus Lanthus parvulus Gomphidae Anisoptera,body patterns,Odonate Phenotypic Database (http://www.odonatephenotypicdatabase.org),spotted,,single observation,,both,adult,,,,,,,,,,,
,Lanthus.parvulus Lanthus parvulus Gomphidae Anisoptera,mate guarding,,NA,,single observation,,both,adult,,,,,,,,,,,
Occurrence,Lanthus.parvulus Lanthus parvulus Gomphidae Anisoptera,flight mode,,percher,,single observation,,both,adult,,,,,,,,,,,
HumanObservation,Lanthus.parvulus Lanthus parvulus Gomphidae Anisoptera,territoriality,,NA,,single observation,,both,adult,,,,,,,,,,,
HumanObservation,Lanthus.parvulus Lanthus parvulus Gomphidae Anisoptera,aquatic habitats,,stream,,single observation,,both,adult,,,,,,,,,,,
HumanObservation,Lanthus.parvulus Lanthus parvulus Gomphidae Anisoptera,habitat openness,,closed,,single observation,,both,adult,,,,,,,,,,,
PreservedSpecimen,Lanthus.parvulus Lanthus parvulus Gomphidae Anisoptera,body lengths,Data extraction from the Odonate Phenotypic Database (http://www.odonatephenotypicdatabase.org),36.5,,single observation,,both,adult,,,,,,,,,,,
PreservedSpecimen,Lanthus.parvulus Lanthus parvulus Gomphidae Anisoptera,hindwing lengths,Odonate Phenotypic Database (http://www.odonatephenotypicdatabase.org),23.5,,single observation,,both,adult,,,,,,,,,,,
PreservedSpecimen,Lanthus.parvulus Lanthus parvulus Gomphidae Anisoptera,has wing pigment,Retrieval from the Odonate Phenotypic Database (http://www.odonatephenotypicdatabase.org),no,,single observation,,both,adult,,,,,,,,,,,
,Lanthus.parvulus Lanthus parvulus Gomphidae Anisoptera,wing pigment extent discrete,,NA,,single observation,,both,adult,,,,,,,,,,,
PreservedSpecimen,Lanthus.parvulus Lanthus parvulus Gomphidae Anisoptera,wing pigment extent continuous,,NA,,single observation,,both,adult,,,,,,,,,,,
,Lanthus.parvulus Lanthus parvulus Gomphidae Anisoptera,wing pigment symmetry,,NA,,single observation,,both,adult,,,,,,,,,,,
,Lanthus.parvulus Lanthus parvulus Gomphidae Anisoptera,wing pigment color,,NA,,single observation,,both,adult,,,,,,,,,,,
,Lanthus.parvulus Lanthus parvulus Gomphidae Anisoptera,wing pigment placement,,NA,,single observation,,both,adult,,,,,,,,,,,
HumanObservation,Lanthus.parvulus Lanthus parvulus Gomphidae Anisoptera,Flight season start,,1.07,,single observation,,both,adult,,,,,,,,,,,
,Lanthus.parvulus Lanthus parvulus Gomphidae Anisoptera,Flight season end,,7.17,,single observation,,both,adult,,,,,,,,,,,
PreservedSpecimen,Lanthus.parvulus Lanthus parvulus Gomphidae Anisoptera,body colors,Odonate Phenotypic Database (http://www.odonatephenotypicdatabase.org),black,,single observation,,both,adult,,,,,,,,,,,
PreservedSpecimen,Lanthus.parvulus Lanthus parvulus Gomphidae Anisoptera,body colortypes,Odonate Phenotypic Database (http://www.odonatephenotypicdatabase.org),pigment,,single observation,,both,adult,,,,,,,,,,,
PreservedSpecimen,Lanthus.parvulus Lanthus parvulus Gomphidae Anisoptera,body patterns,Odonate Phenotypic Database (http://www.odonatephenotypicdatabase.org),spotted,,single observation,,both,adult,,,,,,,,,,,
,Lanthus.parvulus Lanthus parvulus Gomphidae Anisoptera,mate guarding,,NA,,single observation,,both,adult,,,,,,,,,,,
Occurrence,Lanthus.parvulus Lanthus parvulus Gomphidae Anisoptera,flight mode,,percher,,single observation,,both,adult,,,,,,,,,,,
HumanObservation,Lanthus.parvulus Lanthus parvulus Gomphidae Anisoptera,territoriality,,NA,,single observation,,both,adult,,,,,,,,,,,
HumanObservation,Lanthus.parvulus Lanthus parvulus Gomphidae Anisoptera,aquatic habitats,,stream,,single observation,,both,adult,,,,,,,,,,,
HumanObservation,Lanthus.parvulus Lanthus parvulus Gomphidae Anisoptera,habitat openness,,closed,,single observation,,both,adult,,,,,,,,,,,
PreservedSpecimen,Lanthus.parvulus Lanthus parvulus Gomphidae Anisoptera,body lengths,Data extraction from the Odonate Phenotypic Database (http://www.odonatephenotypicdatabase.org),36.5,,single observation,,both,adult,,,,,,,,,,,
PreservedSpecimen,Lanthus.parvulus Lanthus parvulus Gomphidae Anisoptera,hindwing lengths,Odonate Phenotypic Database (http://www.odonatephenotypicdatabase.org),23.5,,single observation,,both,adult,,,,,,,,,,,
PreservedSpecimen,Lanthus.parvulus Lanthus parvulus Gomphidae Anisoptera,has wing pigment,Retrieval from the Odonate Phenotypic Database (http://www.odonatephenotypicdatabase.org),no,,single observation,,both,adult,,,,,,,,,,,
,Lanthus.parvulus Lanthus parvulus Gomphidae Anisoptera,wing pigment extent discrete,,NA,,single observation,,both,adult,,,,,,,,,,,
PreservedSpecimen,Lanthus.parvulus Lanthus parvulus Gomphidae Anisoptera,wing pigment extent continuous,,NA,,single observation,,both,adult,,,,,,,,,,,
,Lanthus.parvulus Lanthus parvulus Gomphidae Anisoptera,wing pigment symmetry,,NA,,single observation,,both,adult,,,,,,,,,,,
,Lanthus.parvulus Lanthus parvulus Gomphidae Anisoptera,wing pigment color,,NA,,single observation,,both,adult,,,,,,,,,,,
,Lanthus.parvulus Lanthus parvulus Gomphidae Anisoptera,wing pigment placement,,NA,,single observation,,both,adult,,,,,,,,,,,
HumanObservation,Lanthus.vernalis Lanthus vernalis Gomphidae Anisoptera,Flight season start,,7/2,,single observation,,both,adult,,,,,,,,,,,
,Lanthus.vernalis Lanthus vernalis Gomphidae Anisoptera,Flight season end,,27/7,,single observation,,both,adult,,,,,,,,,,,
PreservedSpecimen,Lanthus.vernalis Lanthus vernalis Gomphidae Anisoptera,body colors,Odonate Phenotypic Database (http://www.odonatephenotypicdatabase.org),black,,single observation,,both,adult,,,,,,,,,,,
PreservedSpecimen,Lanthus.vernalis Lanthus vernalis Gomphidae Anisoptera,body colortypes,Odonate Phenotypic Database (http://www.odonatephenotypicdatabase.org),pigment,,single observation,,both,adult,,,,,,,,,,,
PreservedSpecimen,Lanthus.vernalis Lanthus vernalis Gomphidae Anisoptera,body patterns,Odonate Phenotypic Database (http://www.odonatephenotypicdatabase.org),spotted,,single observation,,both,adult,,,,,,,,,,,
,Lanthus.vernalis Lanthus vernalis Gomphidae Anisoptera,mate guarding,,NA,,single observation,,both,adult,,,,,,,,,,,
Occurrence,Lanthus.vernalis Lanthus vernalis Gomphidae Anisoptera,flight mode,,percher,,single observation,,both,adult,,,,,,,,,,,
HumanObservation,Lanthus.vernalis Lanthus vernalis Gomphidae Anisoptera,territoriality,,NA,,single observation,,both,adult,,,,,,,,,,,
HumanObservation,Lanthus.vernalis Lanthus vernalis Gomphidae Anisoptera,aquatic habitats,,stream,,single observation,,both,adult,,,,,,,,,,,
HumanObservation,Lanthus.vernalis Lanthus vernalis Gomphidae Anisoptera,habitat openness,,NA,,single observation,,both,adult,,,,,,,,,,,
PreservedSpecimen,Lanthus.vernalis Lanthus vernalis Gomphidae Anisoptera,body lengths,Data extraction from the Odonate Phenotypic Database (http://www.odonatephenotypicdatabase.org),34.5,,single observation,,both,adult,,,,,,,,,,,
PreservedSpecimen,Lanthus.vernalis Lanthus vernalis Gomphidae Anisoptera,hindwing lengths,Odonate Phenotypic Database (http://www.odonatephenotypicdatabase.org),23.5,,single observation,,both,adult,,,,,,,,,,,
PreservedSpecimen,Lanthus.vernalis Lanthus vernalis Gomphidae Anisoptera,has wing pigment,Retrieval from the Odonate Phenotypic Database (http://www.odonatephenotypicdatabase.org),no,,single observation,,both,adult,,,,,,,,,,,
,Lanthus.vernalis Lanthus vernalis Gomphidae Anisoptera,wing pigment extent discrete,,NA,,single observation,,both,adult,,,,,,,,,,,
PreservedSpecimen,Lanthus.vernalis Lanthus vernalis Gomphidae Anisoptera,wing pigment extent continuous,,NA,,single observation,,both,adult,,,,,,,,,,,
,Lanthus.vernalis Lanthus vernalis Gomphidae Anisoptera,wing pigment symmetry,,NA,,single observation,,both,adult,,,,,,,,,,,
,Lanthus.vernalis Lanthus vernalis Gomphidae Anisoptera,wing pigment color,,NA,,single observation,,both,adult,,,,,,,,,,,
,Lanthus.vernalis Lanthus vernalis Gomphidae Anisoptera,wing pigment placement,,NA,,single observation,,both,adult,,,,,,,,,,,
HumanObservation,Lanthus.vernalis Lanthus vernalis Gomphidae Anisoptera,Flight season start,,2.07,,single observation,,both,adult,,,,,,,,,,,
,Lanthus.vernalis Lanthus vernalis Gomphidae Anisoptera,Flight season end,,7.27,,single observation,,both,adult,,,,,,,,,,,
PreservedSpecimen,Lanthus.vernalis Lanthus vernalis Gomphidae Anisoptera,body colors,Odonate Phenotypic Database (http://www.odonatephenotypicdatabase.org),black,,single observation,,both,adult,,,,,,,,,,,
PreservedSpecimen,Lanthus.vernalis Lanthus vernalis Gomphidae Anisoptera,body colortypes,Odonate Phenotypic Database (http://www.odonatephenotypicdatabase.org),pigment,,single observation,,both,adult,,,,,,,,,,,
PreservedSpecimen,Lanthus.vernalis Lanthus vernalis Gomphidae Anisoptera,body patterns,Odonate Phenotypic Database (http://www.odonatephenotypicdatabase.org),spotted,,single observation,,both,adult,,,,,,,,,,,
,Lanthus.vernalis Lanthus vernalis Gomphidae Anisoptera,mate guarding,,NA,,single observation,,both,adult,,,,,,,,,,,
Occurrence,Lanthus.vernalis Lanthus vernalis Gomphidae Anisoptera,flight mode,,percher,,single observation,,both,adult,,,,,,,,,,,
HumanObservation,Lanthus.vernalis Lanthus vernalis Gomphidae Anisoptera,territoriality,,NA,,single observation,,both,adult,,,,,,,,,,,
HumanObservation,Lanthus.vernalis Lanthus vernalis Gomphidae Anisoptera,aquatic habitats,,stream,,single observation,,both,adult,,,,,,,,,,,
HumanObservation,Lanthus.vernalis Lanthus vernalis Gomphidae Anisoptera,habitat openness,,NA,,single observation,,both,adult,,,,,,,,,,,
PreservedSpecimen,Lanthus.vernalis Lanthus vernalis Gomphidae Anisoptera,body lengths,Data extraction from the Odonate Phenotypic Database (http://www.odonatephenotypicdatabase.org),34.5,,single observation,,both,adult,,,,,,,,,,,
PreservedSpecimen,Lanthus.vernalis Lanthus vernalis Gomphidae Anisoptera,hindwing lengths,Odonate Phenotypic Database (http://www.odonatephenotypicdatabase.org),23.5,,single observation,,both,adult,,,,,,,,,,,
PreservedSpecimen,Lanthus.vernalis Lanthus vernalis Gomphidae Anisoptera,has wing pigment,Retrieval from the Odonate Phenotypic Database (http://www.odonatephenotypicdatabase.org),no,,single observation,,both,adult,,,,,,,,,,,
,Lanthus.vernalis Lanthus vernalis Gomphidae Anisoptera,wing pigment extent discrete,,NA,,single observation,,both,adult,,,,,,,,,,,
PreservedSpecimen,Lanthus.vernalis Lanthus vernalis Gomphidae Anisoptera,wing pigment extent continuous,,NA,,single observation,,both,adult,,,,,,,,,,,
,Lanthus.vernalis Lanthus vernalis Gomphidae Anisoptera,wing pigment symmetry,,NA,,single observation,,both,adult,,,,,,,,,,,
,Lanthus.vernalis Lanthus vernalis Gomphidae Anisoptera,wing pigment color,,NA,,single observation,,both,adult,,,,,,,,,,,
,Lanthus.vernalis Lanthus vernalis Gomphidae Anisoptera,wing pigment placement,,NA,,single observation,,both,adult,,,,,,,,,,,
HumanObservation,Lestes.congener Lestes congener Lestidae Zygoptera,Flight season start,,7/12,,single observation,,both,adult,,,,,,,,,,,
,Lestes.congener Lestes congener Lestidae Zygoptera,Flight season end,,11/2,,single observation,,both,adult,,,,,,,,,,,
PreservedSpecimen,Lestes.congener Lestes congener Lestidae Zygoptera,body colors,Odonate Phenotypic Database (http://www.odonatephenotypicdatabase.org),black,,single observation,,both,adult,,,,,,,,,,,
PreservedSpecimen,Lestes.congener Lestes congener Lestidae Zygoptera,body colortypes,Odonate Phenotypic Database (http://www.odonatephenotypicdatabase.org),pigment,,single observation,,both,adult,,,,,,,,,,,
PreservedSpecimen,Lestes.congener Lestes congener Lestidae Zygoptera,body patterns,Odonate Phenotypic Database (http://www.odonatephenotypicdatabase.org),spotted,,single observation,,both,adult,,,,,,,,,,,
,Lestes.congener Lestes congener Lestidae Zygoptera,mate guarding,,contact,,single observation,,both,adult,,,,,,,,,,,
Occurrence,Lestes.congener Lestes congener Lestidae Zygoptera,flight mode,,percher,,single observation,,both,adult,,,,,,,,,,,
HumanObservation,Lestes.congener Lestes congener Lestidae Zygoptera,territoriality,,NA,,single observation,,both,adult,,,,,,,,,,,
HumanObservation,Lestes.congener Lestes congener Lestidae Zygoptera,aquatic habitats,,lake,,single observation,,both,adult,,,,,,,,,,,
HumanObservation,Lestes.congener Lestes congener Lestidae Zygoptera,habitat openness,,closed,,single observation,,both,adult,,,,,,,,,,,
PreservedSpecimen,Lestes.congener Lestes congener Lestidae Zygoptera,body lengths,Data extraction from the Odonate Phenotypic Database (http://www.odonatephenotypicdatabase.org),36.5,,single observation,,both,adult,,,,,,,,,,,
PreservedSpecimen,Lestes.congener Lestes congener Lestidae Zygoptera,hindwing lengths,Odonate Phenotypic Database (http://www.odonatephenotypicdatabase.org),20.5,,single observation,,both,adult,,,,,,,,,,,
PreservedSpecimen,Lestes.congener Lestes congener Lestidae Zygoptera,has wing pigment,Retrieval from the Odonate Phenotypic Database (http://www.odonatephenotypicdatabase.org),no,,single observation,,both,adult,,,,,,,,,,,
,Lestes.congener Lestes congener Lestidae Zygoptera,wing pigment extent discrete,,NA,,single observation,,both,adult,,,,,,,,,,,
PreservedSpecimen,Lestes.congener Lestes congener Lestidae Zygoptera,wing pigment extent continuous,,NA,,single observation,,both,adult,,,,,,,,,,,
,Lestes.congener Lestes congener Lestidae Zygoptera,wing pigment symmetry,,NA,,single observation,,both,adult,,,,,,,,,,,
,Lestes.congener Lestes congener Lestidae Zygoptera,wing pigment color,,NA,,single observation,,both,adult,,,,,,,,,,,
,Lestes.congener Lestes congener Lestidae Zygoptera,wing pigment placement,,NA,,single observation,,both,adult,,,,,,,,,,,
HumanObservation,Lestes.congener Lestes congener Lestidae Zygoptera,Flight season start,,12.07,,single observation,,both,adult,,,,,,,,,,,
,Lestes.congener Lestes congener Lestidae Zygoptera,Flight season end,,2.11,,single observation,,both,adult,,,,,,,,,,,
PreservedSpecimen,Lestes.congener Lestes congener Lestidae Zygoptera,body colors,Odonate Phenotypic Database (http://www.odonatephenotypicdatabase.org),black,,single observation,,both,adult,,,,,,,,,,,
PreservedSpecimen,Lestes.congener Lestes congener Lestidae Zygoptera,body colortypes,Odonate Phenotypic Database (http://www.odonatephenotypicdatabase.org),pigment,,single observation,,both,adult,,,,,,,,,,,
PreservedSpecimen,Lestes.congener Lestes congener Lestidae Zygoptera,body patterns,Odonate Phenotypic Database (http://www.odonatephenotypicdatabase.org),spotted,,single observation,,both,adult,,,,,,,,,,,
,Lestes.congener Lestes congener Lestidae Zygoptera,mate guarding,,contact,,single observation,,both,adult,,,,,,,,,,,
Occurrence,Lestes.congener Lestes congener Lestidae Zygoptera,flight mode,,percher,,single observation,,both,adult,,,,,,,,,,,
HumanObservation,Lestes.congener Lestes congener Lestidae Zygoptera,territoriality,,NA,,single observation,,both,adult,,,,,,,,,,,
HumanObservation,Lestes.congener Lestes congener Lestidae Zygoptera,aquatic habitats,,lake,,single observation,,both,adult,,,,,,,,,,,
HumanObservation,Lestes.congener Lestes congener Lestidae Zygoptera,habitat openness,,closed,,single observation,,both,adult,,,,,,,,,,,
PreservedSpecimen,Lestes.congener Lestes congener Lestidae Zygoptera,body lengths,Data extraction from the Odonate Phenotypic Database (http://www.odonatephenotypicdatabase.org),36.5,,single observation,,both,adult,,,,,,,,,,,
PreservedSpecimen,Lestes.congener Lestes congener Lestidae Zygoptera,hindwing lengths,Odonate Phenotypic Database (http://www.odonatephenotypicdatabase.org),20.5,,single observation,,both,adult,,,,,,,,,,,
PreservedSpecimen,Lestes.congener Lestes congener Lestidae Zygoptera,has wing pigment,Retrieval from the Odonate Phenotypic Database (http://www.odonatephenotypicdatabase.org),no,,single observation,,both,adult,,,,,,,,,,,
,Lestes.congener Lestes congener Lestidae Zygoptera,wing pigment extent discrete,,NA,,single observation,,both,adult,,,,,,,,,,,
PreservedSpecimen,Lestes.congener Lestes congener Lestidae Zygoptera,wing pigment extent continuous,,NA,,single observation,,both,adult,,,,,,,,,,,
,Lestes.congener Lestes congener Lestidae Zygoptera,wing pigment symmetry,,NA,,single observation,,both,adult,,,,,,,,,,,
,Lestes.congener Lestes congener Lestidae Zygoptera,wing pigment color,,NA,,single observation,,both,adult,,,,,,,,,,,
,Lestes.congener Lestes congener Lestidae Zygoptera,wing pigment placement,,NA,,single observation,,both,adult,,,,,,,,,,,
HumanObservation,Lestes.disjunctus Lestes disjunctus Lestidae Zygoptera,Flight season start,,29/7,,single observation,,both,adult,,,,,,,,,,,
,Lestes.disjunctus Lestes disjunctus Lestidae Zygoptera,Flight season end,,10/5,,single observation,,both,adult,,,,,,,,,,,
PreservedSpecimen,Lestes.disjunctus Lestes disjunctus Lestidae Zygoptera,body colors,Odonate Phenotypic Database (http://www.odonatephenotypicdatabase.org),blue,,single observation,,both,adult,,,,,,,,,,,
PreservedSpecimen,Lestes.disjunctus Lestes disjunctus Lestidae Zygoptera,body colortypes,Odonate Phenotypic Database (http://www.odonatephenotypicdatabase.org),pigment,,single observation,,both,adult,,,,,,,,,,,
PreservedSpecimen,Lestes.disjunctus Lestes disjunctus Lestidae Zygoptera,body patterns,Odonate Phenotypic Database (http://www.odonatephenotypicdatabase.org),plain,,single observation,,both,adult,,,,,,,,,,,
,Lestes.disjunctus Lestes disjunctus Lestidae Zygoptera,mate guarding,,contact,,single observation,,both,adult,,,,,,,,,,,
Occurrence,Lestes.disjunctus Lestes disjunctus Lestidae Zygoptera,flight mode,,percher,,single observation,,both,adult,,,,,,,,,,,
HumanObservation,Lestes.disjunctus Lestes disjunctus Lestidae Zygoptera,territoriality,,NA,,single observation,,both,adult,,,,,,,,,,,
HumanObservation,Lestes.disjunctus Lestes disjunctus Lestidae Zygoptera,aquatic habitats,,lake,,single observation,,both,adult,,,,,,,,,,,
HumanObservation,Lestes.disjunctus Lestes disjunctus Lestidae Zygoptera,habitat openness,,closed,,single observation,,both,adult,,,,,,,,,,,
PreservedSpecimen,Lestes.disjunctus Lestes disjunctus Lestidae Zygoptera,body lengths,Data extraction from the Odonate Phenotypic Database (http://www.odonatephenotypicdatabase.org),37.5,,single observation,,both,adult,,,,,,,,,,,
PreservedSpecimen,Lestes.disjunctus Lestes disjunctus Lestidae Zygoptera,hindwing lengths,Odonate Phenotypic Database (http://www.odonatephenotypicdatabase.org),20.5,,single observation,,both,adult,,,,,,,,,,,
PreservedSpecimen,Lestes.disjunctus Lestes disjunctus Lestidae Zygoptera,has wing pigment,Retrieval from the Odonate Phenotypic Database (http://www.odonatephenotypicdatabase.org),no,,single observation,,both,adult,,,,,,,,,,,
,Lestes.disjunctus Lestes disjunctus Lestidae Zygoptera,wing pigment extent discrete,,NA,,single observation,,both,adult,,,,,,,,,,,
PreservedSpecimen,Lestes.disjunctus Lestes disjunctus Lestidae Zygoptera,wing pigment extent continuous,,NA,,single observation,,both,adult,,,,,,,,,,,
,Lestes.disjunctus Lestes disjunctus Lestidae Zygoptera,wing pigment symmetry,,NA,,single observation,,both,adult,,,,,,,,,,,
,Lestes.disjunctus Lestes disjunctus Lestidae Zygoptera,wing pigment color,,NA,,single observation,,both,adult,,,,,,,,,,,
,Lestes.disjunctus Lestes disjunctus Lestidae Zygoptera,wing pigment placement,,NA,,single observation,,both,adult,,,,,,,,,,,
HumanObservation,Lestes.disjunctus Lestes disjunctus Lestidae Zygoptera,Flight season start,,7.29,,single observation,,both,adult,,,,,,,,,,,
,Lestes.disjunctus Lestes disjunctus Lestidae Zygoptera,Flight season end,,5.1,,single observation,,both,adult,,,,,,,,,,,
PreservedSpecimen,Lestes.disjunctus Lestes disjunctus Lestidae Zygoptera,body colors,Odonate Phenotypic Database (http://www.odonatephenotypicdatabase.org),blue,,single observation,,both,adult,,,,,,,,,,,
PreservedSpecimen,Lestes.disjunctus Lestes disjunctus Lestidae Zygoptera,body colortypes,Odonate Phenotypic Database (http://www.odonatephenotypicdatabase.org),pigment,,single observation,,both,adult,,,,,,,,,,,
PreservedSpecimen,Lestes.disjunctus Lestes disjunctus Lestidae Zygoptera,body patterns,Odonate Phenotypic Database (http://www.odonatephenotypicdatabase.org),plain,,single observation,,both,adult,,,,,,,,,,,
,Lestes.disjunctus Lestes disjunctus Lestidae Zygoptera,mate guarding,,contact,,single observation,,both,adult,,,,,,,,,,,
Occurrence,Lestes.disjunctus Lestes disjunctus Lestidae Zygoptera,flight mode,,percher,,single observation,,both,adult,,,,,,,,,,,
HumanObservation,Lestes.disjunctus Lestes disjunctus Lestidae Zygoptera,territoriality,,NA,,single observation,,both,adult,,,,,,,,,,,
HumanObservation,Lestes.disjunctus Lestes disjunctus Lestidae Zygoptera,aquatic habitats,,lake,,single observation,,both,adult,,,,,,,,,,,
HumanObservation,Lestes.disjunctus Lestes disjunctus Lestidae Zygoptera,habitat openness,,closed,,single observation,,both,adult,,,,,,,,,,,
PreservedSpecimen,Lestes.disjunctus Lestes disjunctus Lestidae Zygoptera,body lengths,Data extraction from the Odonate Phenotypic Database (http://www.odonatephenotypicdatabase.org),37.5,,single observation,,both,adult,,,,,,,,,,,
PreservedSpecimen,Lestes.disjunctus Lestes disjunctus Lestidae Zygoptera,hindwing lengths,Odonate Phenotypic Database (http://www.odonatephenotypicdatabase.org),20.5,,single observation,,both,adult,,,,,,,,,,,
PreservedSpecimen,Lestes.disjunctus Lestes disjunctus Lestidae Zygoptera,has wing pigment,Retrieval from the Odonate Phenotypic Database (http://www.odonatephenotypicdatabase.org),no,,single observation,,both,adult,,,,,,,,,,,
,Lestes.disjunctus Lestes disjunctus Lestidae Zygoptera,wing pigment extent discrete,,NA,,single observation,,both,adult,,,,,,,,,,,
PreservedSpecimen,Lestes.disjunctus Lestes disjunctus Lestidae Zygoptera,wing pigment extent continuous,,NA,,single observation,,both,adult,,,,,,,,,,,
,Lestes.disjunctus Lestes disjunctus Lestidae Zygoptera,wing pigment symmetry,,NA,,single observation,,both,adult,,,,,,,,,,,
,Lestes.disjunctus Lestes disjunctus Lestidae Zygoptera,wing pigment color,,NA,,single observation,,both,adult,,,,,,,,,,,
,Lestes.disjunctus Lestes disjunctus Lestidae Zygoptera,wing pigment placement,,NA,,single observation,,both,adult,,,,,,,,,,,
HumanObservation,Lestes.dryas Lestes dryas Lestidae Zygoptera,Flight season start,,7/11,,single observation,,both,adult,,,,,,,,,,,
,Lestes.dryas Lestes dryas Lestidae Zygoptera,Flight season end,,23/8,,single observation,,both,adult,,,,,,,,,,,
PreservedSpecimen,Lestes.dryas Lestes dryas Lestidae Zygoptera,body colors,Odonate Phenotypic Database (http://www.odonatephenotypicdatabase.org),blue,,single observation,,both,adult,,,,,,,,,,,
PreservedSpecimen,Lestes.dryas Lestes dryas Lestidae Zygoptera,body colortypes,Odonate Phenotypic Database (http://www.odonatephenotypicdatabase.org),pruinescence,,single observation,,both,adult,,,,,,,,,,,
PreservedSpecimen,Lestes.dryas Lestes dryas Lestidae Zygoptera,body patterns,Odonate Phenotypic Database (http://www.odonatephenotypicdatabase.org),plain,,single observation,,both,adult,,,,,,,,,,,
,Lestes.dryas Lestes dryas Lestidae Zygoptera,mate guarding,,contact,,single observation,,both,adult,,,,,,,,,,,
Occurrence,Lestes.dryas Lestes dryas Lestidae Zygoptera,flight mode,,percher,,single observation,,both,adult,,,,,,,,,,,
HumanObservation,Lestes.dryas Lestes dryas Lestidae Zygoptera,territoriality,,NA,,single observation,,both,adult,,,,,,,,,,,
HumanObservation,Lestes.dryas Lestes dryas Lestidae Zygoptera,aquatic habitats,,ephemeral,,single observation,,both,adult,,,,,,,,,,,
HumanObservation,Lestes.dryas Lestes dryas Lestidae Zygoptera,habitat openness,,semi,,single observation,,both,adult,,,,,,,,,,,
PreservedSpecimen,Lestes.dryas Lestes dryas Lestidae Zygoptera,body lengths,Data extraction from the Odonate Phenotypic Database (http://www.odonatephenotypicdatabase.org),37.5,,single observation,,both,adult,,,,,,,,,,,
PreservedSpecimen,Lestes.dryas Lestes dryas Lestidae Zygoptera,hindwing lengths,Odonate Phenotypic Database (http://www.odonatephenotypicdatabase.org),22.5,,single observation,,both,adult,,,,,,,,,,,
PreservedSpecimen,Lestes.dryas Lestes dryas Lestidae Zygoptera,has wing pigment,Retrieval from the Odonate Phenotypic Database (http://www.odonatephenotypicdatabase.org),no,,single observation,,both,adult,,,,,,,,,,,
,Lestes.dryas Lestes dryas Lestidae Zygoptera,wing pigment extent discrete,,NA,,single observation,,both,adult,,,,,,,,,,,
PreservedSpecimen,Lestes.dryas Lestes dryas Lestidae Zygoptera,wing pigment extent continuous,,NA,,single observation,,both,adult,,,,,,,,,,,
,Lestes.dryas Lestes dryas Lestidae Zygoptera,wing pigment symmetry,,NA,,single observation,,both,adult,,,,,,,,,,,
,Lestes.dryas Lestes dryas Lestidae Zygoptera,wing pigment color,,NA,,single observation,,both,adult,,,,,,,,,,,
,Lestes.dryas Lestes dryas Lestidae Zygoptera,wing pigment placement,,NA,,single observation,,both,adult,,,,,,,,,,,
HumanObservation,Lestes.dryas Lestes dryas Lestidae Zygoptera,Flight season start,,11.07,,single observation,,both,adult,,,,,,,,,,,
,Lestes.dryas Lestes dryas Lestidae Zygoptera,Flight season end,,8.23,,single observation,,both,adult,,,,,,,,,,,
PreservedSpecimen,Lestes.dryas Lestes dryas Lestidae Zygoptera,body colors,Odonate Phenotypic Database (http://www.odonatephenotypicdatabase.org),blue,,single observation,,both,adult,,,,,,,,,,,
PreservedSpecimen,Lestes.dryas Lestes dryas Lestidae Zygoptera,body colortypes,Odonate Phenotypic Database (http://www.odonatephenotypicdatabase.org),pruinescence,,single observation,,both,adult,,,,,,,,,,,
PreservedSpecimen,Lestes.dryas Lestes dryas Lestidae Zygoptera,body patterns,Odonate Phenotypic Database (http://www.odonatephenotypicdatabase.org),plain,,single observation,,both,adult,,,,,,,,,,,
,Lestes.dryas Lestes dryas Lestidae Zygoptera,mate guarding,,contact,,single observation,,both,adult,,,,,,,,,,,
Occurrence,Lestes.dryas Lestes dryas Lestidae Zygoptera,flight mode,,percher,,single observation,,both,adult,,,,,,,,,,,
HumanObservation,Lestes.dryas Lestes dryas Lestidae Zygoptera,territoriality,,NA,,single observation,,both,adult,,,,,,,,,,,
HumanObservation,Lestes.dryas Lestes dryas Lestidae Zygoptera,aquatic habitats,,ephemeral,,single observation,,both,adult,,,,,,,,,,,
HumanObservation,Lestes.dryas Lestes dryas Lestidae Zygoptera,habitat openness,,semi,,single observation,,both,adult,,,,,,,,,,,
PreservedSpecimen,Lestes.dryas Lestes dryas Lestidae Zygoptera,body lengths,Data extraction from the Odonate Phenotypic Database (http://www.odonatephenotypicdatabase.org),37.5,,single observation,,both,adult,,,,,,,,,,,
PreservedSpecimen,Lestes.dryas Lestes dryas Lestidae Zygoptera,hindwing lengths,Odonate Phenotypic Database (http://www.odonatephenotypicdatabase.org),22.5,,single observation,,both,adult,,,,,,,,,,,
PreservedSpecimen,Lestes.dryas Lestes dryas Lestidae Zygoptera,has wing pigment,Retrieval from the Odonate Phenotypic Database (http://www.odonatephenotypicdatabase.org),no,,single observation,,both,adult,,,,,,,,,,,
,Lestes.dryas Lestes dryas Lestidae Zygoptera,wing pigment extent discrete,,NA,,single observation,,both,adult,,,,,,,,,,,
PreservedSpecimen,Lestes.dryas Lestes dryas Lestidae Zygoptera,wing pigment extent continuous,,NA,,single observation,,both,adult,,,,,,,,,,,
,Lestes.dryas Lestes dryas Lestidae Zygoptera,wing pigment symmetry,,NA,,single observation,,both,adult,,,,,,,,,,,
,Lestes.dryas Lestes dryas Lestidae Zygoptera,wing pigment color,,NA,,single observation,,both,adult,,,,,,,,,,,
,Lestes.dryas Lestes dryas Lestidae Zygoptera,wing pigment placement,,NA,,single observation,,both,adult,,,,,,,,,,,
HumanObservation,Lestes.eurinus Lestes eurinus Lestidae Zygoptera,Flight season start,,29/5,,single observation,,both,adult,,,,,,,,,,,
,Lestes.eurinus Lestes eurinus Lestidae Zygoptera,Flight season end,,8/12,,single observation,,both,adult,,,,,,,,,,,
PreservedSpecimen,Lestes.eurinus Lestes eurinus Lestidae Zygoptera,body colors,Odonate Phenotypic Database (http://www.odonatephenotypicdatabase.org),blue,,single observation,,both,adult,,,,,,,,,,,
PreservedSpecimen,Lestes.eurinus Lestes eurinus Lestidae Zygoptera,body colortypes,Odonate Phenotypic Database (http://www.odonatephenotypicdatabase.org),pigment,,single observation,,both,adult,,,,,,,,,,,
PreservedSpecimen,Lestes.eurinus Lestes eurinus Lestidae Zygoptera,body patterns,Odonate Phenotypic Database (http://www.odonatephenotypicdatabase.org),plain,,single observation,,both,adult,,,,,,,,,,,
,Lestes.eurinus Lestes eurinus Lestidae Zygoptera,mate guarding,,contact,,single observation,,both,adult,,,,,,,,,,,
Occurrence,Lestes.eurinus Lestes eurinus Lestidae Zygoptera,flight mode,,percher,,single observation,,both,adult,,,,,,,,,,,
HumanObservation,Lestes.eurinus Lestes eurinus Lestidae Zygoptera,territoriality,,NA,,single observation,,both,adult,,,,,,,,,,,
HumanObservation,Lestes.eurinus Lestes eurinus Lestidae Zygoptera,aquatic habitats,,lake,,single observation,,both,adult,,,,,,,,,,,
HumanObservation,Lestes.eurinus Lestes eurinus Lestidae Zygoptera,habitat openness,,semi,,single observation,,both,adult,,,,,,,,,,,
PreservedSpecimen,Lestes.eurinus Lestes eurinus Lestidae Zygoptera,body lengths,Data extraction from the Odonate Phenotypic Database (http://www.odonatephenotypicdatabase.org),47,,single observation,,both,adult,,,,,,,,,,,
PreservedSpecimen,Lestes.eurinus Lestes eurinus Lestidae Zygoptera,hindwing lengths,Odonate Phenotypic Database (http://www.odonatephenotypicdatabase.org),28,,single observation,,both,adult,,,,,,,,,,,
PreservedSpecimen,Lestes.eurinus Lestes eurinus Lestidae Zygoptera,has wing pigment,Retrieval from the Odonate Phenotypic Database (http://www.odonatephenotypicdatabase.org),no,,single observation,,both,adult,,,,,,,,,,,
,Lestes.eurinus Lestes eurinus Lestidae Zygoptera,wing pigment extent discrete,,NA,,single observation,,both,adult,,,,,,,,,,,
PreservedSpecimen,Lestes.eurinus Lestes eurinus Lestidae Zygoptera,wing pigment extent continuous,,NA,,single observation,,both,adult,,,,,,,,,,,
,Lestes.eurinus Lestes eurinus Lestidae Zygoptera,wing pigment symmetry,,NA,,single observation,,both,adult,,,,,,,,,,,
,Lestes.eurinus Lestes eurinus Lestidae Zygoptera,wing pigment color,,NA,,single observation,,both,adult,,,,,,,,,,,
,Lestes.eurinus Lestes eurinus Lestidae Zygoptera,wing pigment placement,,NA,,single observation,,both,adult,,,,,,,,,,,
HumanObservation,Lestes.eurinus Lestes eurinus Lestidae Zygoptera,Flight season start,,5.29,,single observation,,both,adult,,,,,,,,,,,
,Lestes.eurinus Lestes eurinus Lestidae Zygoptera,Flight season end,,12.08,,single observation,,both,adult,,,,,,,,,,,
PreservedSpecimen,Lestes.eurinus Lestes eurinus Lestidae Zygoptera,body colors,Odonate Phenotypic Database (http://www.odonatephenotypicdatabase.org),blue,,single observation,,both,adult,,,,,,,,,,,
PreservedSpecimen,Lestes.eurinus Lestes eurinus Lestidae Zygoptera,body colortypes,Odonate Phenotypic Database (http://www.odonatephenotypicdatabase.org),pigment,,single observation,,both,adult,,,,,,,,,,,
PreservedSpecimen,Lestes.eurinus Lestes eurinus Lestidae Zygoptera,body patterns,Odonate Phenotypic Database (http://www.odonatephenotypicdatabase.org),plain,,single observation,,both,adult,,,,,,,,,,,
,Lestes.eurinus Lestes eurinus Lestidae Zygoptera,mate guarding,,contact,,single observation,,both,adult,,,,,,,,,,,
Occurrence,Lestes.eurinus Lestes eurinus Lestidae Zygoptera,flight mode,,percher,,single observation,,both,adult,,,,,,,,,,,
HumanObservation,Lestes.eurinus Lestes eurinus Lestidae Zygoptera,territoriality,,NA,,single observation,,both,adult,,,,,,,,,,,
HumanObservation,Lestes.eurinus Lestes eurinus Lestidae Zygoptera,aquatic habitats,,lake,,single observation,,both,adult,,,,,,,,,,,
HumanObservation,Lestes.eurinus Lestes eurinus Lestidae Zygoptera,habitat openness,,semi,,single observation,,both,adult,,,,,,,,,,,
PreservedSpecimen,Lestes.eurinus Lestes eurinus Lestidae Zygoptera,body lengths,Data extraction from the Odonate Phenotypic Database (http://www.odonatephenotypicdatabase.org),47,,single observation,,both,adult,,,,,,,,,,,
PreservedSpecimen,Lestes.eurinus Lestes eurinus Lestidae Zygoptera,hindwing lengths,Odonate Phenotypic Database (http://www.odonatephenotypicdatabase.org),28,,single observation,,both,adult,,,,,,,,,,,
PreservedSpecimen,Lestes.eurinus Lestes eurinus Lestidae Zygoptera,has wing pigment,Retrieval from the Odonate Phenotypic Database (http://www.odonatephenotypicdatabase.org),no,,single observation,,both,adult,,,,,,,,,,,
,Lestes.eurinus Lestes eurinus Lestidae Zygoptera,wing pigment extent discrete,,NA,,single observation,,both,adult,,,,,,,,,,,
PreservedSpecimen,Lestes.eurinus Lestes eurinus Lestidae Zygoptera,wing pigment extent continuous,,NA,,single observation,,both,adult,,,,,,,,,,,
,Lestes.eurinus Lestes eurinus Lestidae Zygoptera,wing pigment symmetry,,NA,,single observation,,both,adult,,,,,,,,,,,
,Lestes.eurinus Lestes eurinus Lestidae Zygoptera,wing pigment color,,NA,,single observation,,both,adult,,,,,,,,,,,
,Lestes.eurinus Lestes eurinus Lestidae Zygoptera,wing pigment placement,,NA,,single observation,,both,adult,,,,,,,,,,,
HumanObservation,Lestes.forcipatus Lestes forcipatus Lestidae Zygoptera,Flight season start,,24/7,,single observation,,both,adult,,,,,,,,,,,
,Lestes.forcipatus Lestes forcipatus Lestidae Zygoptera,Flight season end,,27/9,,single observation,,both,adult,,,,,,,,,,,
PreservedSpecimen,Lestes.forcipatus Lestes forcipatus Lestidae Zygoptera,body colors,Odonate Phenotypic Database (http://www.odonatephenotypicdatabase.org),black,,single observation,,both,adult,,,,,,,,,,,
PreservedSpecimen,Lestes.forcipatus Lestes forcipatus Lestidae Zygoptera,body colortypes,Odonate Phenotypic Database (http://www.odonatephenotypicdatabase.org),pruinescence,,single observation,,both,adult,,,,,,,,,,,
PreservedSpecimen,Lestes.forcipatus Lestes forcipatus Lestidae Zygoptera,body patterns,Odonate Phenotypic Database (http://www.odonatephenotypicdatabase.org),striped,,single observation,,both,adult,,,,,,,,,,,
,Lestes.forcipatus Lestes forcipatus Lestidae Zygoptera,mate guarding,,contact,,single observation,,both,adult,,,,,,,,,,,
Occurrence,Lestes.forcipatus Lestes forcipatus Lestidae Zygoptera,flight mode,,percher,,single observation,,both,adult,,,,,,,,,,,
HumanObservation,Lestes.forcipatus Lestes forcipatus Lestidae Zygoptera,territoriality,,NA,,single observation,,both,adult,,,,,,,,,,,
HumanObservation,Lestes.forcipatus Lestes forcipatus Lestidae Zygoptera,aquatic habitats,,lake,,single observation,,both,adult,,,,,,,,,,,
HumanObservation,Lestes.forcipatus Lestes forcipatus Lestidae Zygoptera,habitat openness,,semi,,single observation,,both,adult,,,,,,,,,,,
PreservedSpecimen,Lestes.forcipatus Lestes forcipatus Lestidae Zygoptera,body lengths,Data extraction from the Odonate Phenotypic Database (http://www.odonatephenotypicdatabase.org),37.5,,single observation,,both,adult,,,,,,,,,,,
PreservedSpecimen,Lestes.forcipatus Lestes forcipatus Lestidae Zygoptera,hindwing lengths,Odonate Phenotypic Database (http://www.odonatephenotypicdatabase.org),23,,single observation,,both,adult,,,,,,,,,,,
PreservedSpecimen,Lestes.forcipatus Lestes forcipatus Lestidae Zygoptera,has wing pigment,Retrieval from the Odonate Phenotypic Database (http://www.odonatephenotypicdatabase.org),no,,single observation,,both,adult,,,,,,,,,,,
,Lestes.forcipatus Lestes forcipatus Lestidae Zygoptera,wing pigment extent discrete,,NA,,single observation,,both,adult,,,,,,,,,,,
PreservedSpecimen,Lestes.forcipatus Lestes forcipatus Lestidae Zygoptera,wing pigment extent continuous,,NA,,single observation,,both,adult,,,,,,,,,,,
,Lestes.forcipatus Lestes forcipatus Lestidae Zygoptera,wing pigment symmetry,,NA,,single observation,,both,adult,,,,,,,,,,,
,Lestes.forcipatus Lestes forcipatus Lestidae Zygoptera,wing pigment color,,NA,,single observation,,both,adult,,,,,,,,,,,
,Lestes.forcipatus Lestes forcipatus Lestidae Zygoptera,wing pigment placement,,NA,,single observation,,both,adult,,,,,,,,,,,
HumanObservation,Lestes.forcipatus Lestes forcipatus Lestidae Zygoptera,Flight season start,,7.24,,single observation,,both,adult,,,,,,,,,,,
,Lestes.forcipatus Lestes forcipatus Lestidae Zygoptera,Flight season end,,9.27,,single observation,,both,adult,,,,,,,,,,,
PreservedSpecimen,Lestes.forcipatus Lestes forcipatus Lestidae Zygoptera,body colors,Odonate Phenotypic Database (http://www.odonatephenotypicdatabase.org),black,,single observation,,both,adult,,,,,,,,,,,
PreservedSpecimen,Lestes.forcipatus Lestes forcipatus Lestidae Zygoptera,body colortypes,Odonate Phenotypic Database (http://www.odonatephenotypicdatabase.org),pruinescence,,single observation,,both,adult,,,,,,,,,,,
PreservedSpecimen,Lestes.forcipatus Lestes forcipatus Lestidae Zygoptera,body patterns,Odonate Phenotypic Database (http://www.odonatephenotypicdatabase.org),striped,,single observation,,both,adult,,,,,,,,,,,
,Lestes.forcipatus Lestes forcipatus Lestidae Zygoptera,mate guarding,,contact,,single observation,,both,adult,,,,,,,,,,,
Occurrence,Lestes.forcipatus Lestes forcipatus Lestidae Zygoptera,flight mode,,percher,,single observation,,both,adult,,,,,,,,,,,
HumanObservation,Lestes.forcipatus Lestes forcipatus Lestidae Zygoptera,territoriality,,NA,,single observation,,both,adult,,,,,,,,,,,
HumanObservation,Lestes.forcipatus Lestes forcipatus Lestidae Zygoptera,aquatic habitats,,lake,,single observation,,both,adult,,,,,,,,,,,
HumanObservation,Lestes.forcipatus Lestes forcipatus Lestidae Zygoptera,habitat openness,,semi,,single observation,,both,adult,,,,,,,,,,,
PreservedSpecimen,Lestes.forcipatus Lestes forcipatus Lestidae Zygoptera,body lengths,Data extraction from the Odonate Phenotypic Database (http://www.odonatephenotypicdatabase.org),37.5,,single observation,,both,adult,,,,,,,,,,,
PreservedSpecimen,Lestes.forcipatus Lestes forcipatus Lestidae Zygoptera,hindwing lengths,Odonate Phenotypic Database (http://www.odonatephenotypicdatabase.org),23,,single observation,,both,adult,,,,,,,,,,,
PreservedSpecimen,Lestes.forcipatus Lestes forcipatus Lestidae Zygoptera,has wing pigment,Retrieval from the Odonate Phenotypic Database (http://www.odonatephenotypicdatabase.org),no,,single observation,,both,adult,,,,,,,,,,,
,Lestes.forcipatus Lestes forcipatus Lestidae Zygoptera,wing pigment extent discrete,,NA,,single observation,,both,adult,,,,,,,,,,,
PreservedSpecimen,Lestes.forcipatus Lestes forcipatus Lestidae Zygoptera,wing pigment extent continuous,,NA,,single observation,,both,adult,,,,,,,,,,,
,Lestes.forcipatus Lestes forcipatus Lestidae Zygoptera,wing pigment symmetry,,NA,,single observation,,both,adult,,,,,,,,,,,
,Lestes.forcipatus Lestes forcipatus Lestidae Zygoptera,wing pigment color,,NA,,single observation,,both,adult,,,,,,,,,,,
,Lestes.forcipatus Lestes forcipatus Lestidae Zygoptera,wing pigment placement,,NA,,single observation,,both,adult,,,,,,,,,,,
HumanObservation,Lestes.inaequalis Lestes inaequalis Lestidae Zygoptera,Flight season start,,7/4,,single observation,,both,adult,,,,,,,,,,,
,Lestes.inaequalis Lestes inaequalis Lestidae Zygoptera,Flight season end,,8/10,,single observation,,both,adult,,,,,,,,,,,
PreservedSpecimen,Lestes.inaequalis Lestes inaequalis Lestidae Zygoptera,body colors,Odonate Phenotypic Database (http://www.odonatephenotypicdatabase.org),blue,,single observation,,both,adult,,,,,,,,,,,
PreservedSpecimen,Lestes.inaequalis Lestes inaequalis Lestidae Zygoptera,body colortypes,Odonate Phenotypic Database (http://www.odonatephenotypicdatabase.org),pigment,,single observation,,both,adult,,,,,,,,,,,
PreservedSpecimen,Lestes.inaequalis Lestes inaequalis Lestidae Zygoptera,body patterns,Odonate Phenotypic Database (http://www.odonatephenotypicdatabase.org),plain,,single observation,,both,adult,,,,,,,,,,,
,Lestes.inaequalis Lestes inaequalis Lestidae Zygoptera,mate guarding,,contact,,single observation,,both,adult,,,,,,,,,,,
Occurrence,Lestes.inaequalis Lestes inaequalis Lestidae Zygoptera,flight mode,,percher,,single observation,,both,adult,,,,,,,,,,,
HumanObservation,Lestes.inaequalis Lestes inaequalis Lestidae Zygoptera,territoriality,,NA,,single observation,,both,adult,,,,,,,,,,,
HumanObservation,Lestes.inaequalis Lestes inaequalis Lestidae Zygoptera,aquatic habitats,,lake,,single observation,,both,adult,,,,,,,,,,,
HumanObservation,Lestes.inaequalis Lestes inaequalis Lestidae Zygoptera,habitat openness,,closed,,single observation,,both,adult,,,,,,,,,,,
PreservedSpecimen,Lestes.inaequalis Lestes inaequalis Lestidae Zygoptera,body lengths,Data extraction from the Odonate Phenotypic Database (http://www.odonatephenotypicdatabase.org),51.5,,single observation,,both,adult,,,,,,,,,,,
PreservedSpecimen,Lestes.inaequalis Lestes inaequalis Lestidae Zygoptera,hindwing lengths,Odonate Phenotypic Database (http://www.odonatephenotypicdatabase.org),28,,single observation,,both,adult,,,,,,,,,,,
PreservedSpecimen,Lestes.inaequalis Lestes inaequalis Lestidae Zygoptera,has wing pigment,Retrieval from the Odonate Phenotypic Database (http://www.odonatephenotypicdatabase.org),no,,single observation,,both,adult,,,,,,,,,,,
,Lestes.inaequalis Lestes inaequalis Lestidae Zygoptera,wing pigment extent discrete,,NA,,single observation,,both,adult,,,,,,,,,,,
PreservedSpecimen,Lestes.inaequalis Lestes inaequalis Lestidae Zygoptera,wing pigment extent continuous,,NA,,single observation,,both,adult,,,,,,,,,,,
,Lestes.inaequalis Lestes inaequalis Lestidae Zygoptera,wing pigment symmetry,,NA,,single observation,,both,adult,,,,,,,,,,,
,Lestes.inaequalis Lestes inaequalis Lestidae Zygoptera,wing pigment color,,NA,,single observation,,both,adult,,,,,,,,,,,
,Lestes.inaequalis Lestes inaequalis Lestidae Zygoptera,wing pigment placement,,NA,,single observation,,both,adult,,,,,,,,,,,
HumanObservation,Lestes.inaequalis Lestes inaequalis Lestidae Zygoptera,Flight season start,,4.07,,single observation,,both,adult,,,,,,,,,,,
,Lestes.inaequalis Lestes inaequalis Lestidae Zygoptera,Flight season end,,10.08,,single observation,,both,adult,,,,,,,,,,,
PreservedSpecimen,Lestes.inaequalis Lestes inaequalis Lestidae Zygoptera,body colors,Odonate Phenotypic Database (http://www.odonatephenotypicdatabase.org),blue,,single observation,,both,adult,,,,,,,,,,,
PreservedSpecimen,Lestes.inaequalis Lestes inaequalis Lestidae Zygoptera,body colortypes,Odonate Phenotypic Database (http://www.odonatephenotypicdatabase.org),pigment,,single observation,,both,adult,,,,,,,,,,,
PreservedSpecimen,Lestes.inaequalis Lestes inaequalis Lestidae Zygoptera,body patterns,Odonate Phenotypic Database (http://www.odonatephenotypicdatabase.org),plain,,single observation,,both,adult,,,,,,,,,,,
,Lestes.inaequalis Lestes inaequalis Lestidae Zygoptera,mate guarding,,contact,,single observation,,both,adult,,,,,,,,,,,
Occurrence,Lestes.inaequalis Lestes inaequalis Lestidae Zygoptera,flight mode,,percher,,single observation,,both,adult,,,,,,,,,,,
HumanObservation,Lestes.inaequalis Lestes inaequalis Lestidae Zygoptera,territoriality,,NA,,single observation,,both,adult,,,,,,,,,,,
HumanObservation,Lestes.inaequalis Lestes inaequalis Lestidae Zygoptera,aquatic habitats,,lake,,single observation,,both,adult,,,,,,,,,,,
HumanObservation,Lestes.inaequalis Lestes inaequalis Lestidae Zygoptera,habitat openness,,closed,,single observation,,both,adult,,,,,,,,,,,
PreservedSpecimen,Lestes.inaequalis Lestes inaequalis Lestidae Zygoptera,body lengths,Data extraction from the Odonate Phenotypic Database (http://www.odonatephenotypicdatabase.org),51.5,,single observation,,both,adult,,,,,,,,,,,
PreservedSpecimen,Lestes.inaequalis Lestes inaequalis Lestidae Zygoptera,hindwing lengths,Odonate Phenotypic Database (http://www.odonatephenotypicdatabase.org),28,,single observation,,both,adult,,,,,,,,,,,
PreservedSpecimen,Lestes.inaequalis Lestes inaequalis Lestidae Zygoptera,has wing pigment,Retrieval from the Odonate Phenotypic Database (http://www.odonatephenotypicdatabase.org),no,,single observation,,both,adult,,,,,,,,,,,
,Lestes.inaequalis Lestes inaequalis Lestidae Zygoptera,wing pigment extent discrete,,NA,,single observation,,both,adult,,,,,,,,,,,
PreservedSpecimen,Lestes.inaequalis Lestes inaequalis Lestidae Zygoptera,wing pigment extent continuous,,NA,,single observation,,both,adult,,,,,,,,,,,
,Lestes.inaequalis Lestes inaequalis Lestidae Zygoptera,wing pigment symmetry,,NA,,single observation,,both,adult,,,,,,,,,,,
,Lestes.inaequalis Lestes inaequalis Lestidae Zygoptera,wing pigment color,,NA,,single observation,,both,adult,,,,,,,,,,,
,Lestes.inaequalis Lestes inaequalis Lestidae Zygoptera,wing pigment placement,,NA,,single observation,,both,adult,,,,,,,,,,,
HumanObservation,Lestes.rectangularis Lestes rectangularis Lestidae Zygoptera,Flight season start,,16/7,,single observation,,both,adult,,,,,,,,,,,
,Lestes.rectangularis Lestes rectangularis Lestidae Zygoptera,Flight season end,,29/9,,single observation,,both,adult,,,,,,,,,,,
PreservedSpecimen,Lestes.rectangularis Lestes rectangularis Lestidae Zygoptera,body colors,Odonate Phenotypic Database (http://www.odonatephenotypicdatabase.org),black,,single observation,,both,adult,,,,,,,,,,,
PreservedSpecimen,Lestes.rectangularis Lestes rectangularis Lestidae Zygoptera,body colortypes,Odonate Phenotypic Database (http://www.odonatephenotypicdatabase.org),pigment,,single observation,,both,adult,,,,,,,,,,,
PreservedSpecimen,Lestes.rectangularis Lestes rectangularis Lestidae Zygoptera,body patterns,Odonate Phenotypic Database (http://www.odonatephenotypicdatabase.org),plain,,single observation,,both,adult,,,,,,,,,,,
,Lestes.rectangularis Lestes rectangularis Lestidae Zygoptera,mate guarding,,noncontact,,single observation,,both,adult,,,,,,,,,,,
Occurrence,Lestes.rectangularis Lestes rectangularis Lestidae Zygoptera,flight mode,,percher,,single observation,,both,adult,,,,,,,,,,,
HumanObservation,Lestes.rectangularis Lestes rectangularis Lestidae Zygoptera,territoriality,,NA,,single observation,,both,adult,,,,,,,,,,,
HumanObservation,Lestes.rectangularis Lestes rectangularis Lestidae Zygoptera,aquatic habitats,,lake,,single observation,,both,adult,,,,,,,,,,,
HumanObservation,Lestes.rectangularis Lestes rectangularis Lestidae Zygoptera,habitat openness,,closed,,single observation,,both,adult,,,,,,,,,,,
PreservedSpecimen,Lestes.rectangularis Lestes rectangularis Lestidae Zygoptera,body lengths,Data extraction from the Odonate Phenotypic Database (http://www.odonatephenotypicdatabase.org),45,,single observation,,both,adult,,,,,,,,,,,
PreservedSpecimen,Lestes.rectangularis Lestes rectangularis Lestidae Zygoptera,hindwing lengths,Odonate Phenotypic Database (http://www.odonatephenotypicdatabase.org),22.5,,single observation,,both,adult,,,,,,,,,,,
PreservedSpecimen,Lestes.rectangularis Lestes rectangularis Lestidae Zygoptera,has wing pigment,Retrieval from the Odonate Phenotypic Database (http://www.odonatephenotypicdatabase.org),no,,single observation,,both,adult,,,,,,,,,,,
,Lestes.rectangularis Lestes rectangularis Lestidae Zygoptera,wing pigment extent discrete,,NA,,single observation,,both,adult,,,,,,,,,,,
PreservedSpecimen,Lestes.rectangularis Lestes rectangularis Lestidae Zygoptera,wing pigment extent continuous,,NA,,single observation,,both,adult,,,,,,,,,,,
,Lestes.rectangularis Lestes rectangularis Lestidae Zygoptera,wing pigment symmetry,,NA,,single observation,,both,adult,,,,,,,,,,,
,Lestes.rectangularis Lestes rectangularis Lestidae Zygoptera,wing pigment color,,NA,,single observation,,both,adult,,,,,,,,,,,
,Lestes.rectangularis Lestes rectangularis Lestidae Zygoptera,wing pigment placement,,NA,,single observation,,both,adult,,,,,,,,,,,
HumanObservation,Lestes.rectangularis Lestes rectangularis Lestidae Zygoptera,Flight season start,,7.16,,single observation,,both,adult,,,,,,,,,,,
,Lestes.rectangularis Lestes rectangularis Lestidae Zygoptera,Flight season end,,9.29,,single observation,,both,adult,,,,,,,,,,,
PreservedSpecimen,Lestes.rectangularis Lestes rectangularis Lestidae Zygoptera,body colors,Odonate Phenotypic Database (http://www.odonatephenotypicdatabase.org),black,,single observation,,both,adult,,,,,,,,,,,
PreservedSpecimen,Lestes.rectangularis Lestes rectangularis Lestidae Zygoptera,body colortypes,Odonate Phenotypic Database (http://www.odonatephenotypicdatabase.org),pigment,,single observation,,both,adult,,,,,,,,,,,
PreservedSpecimen,Lestes.rectangularis Lestes rectangularis Lestidae Zygoptera,body patterns,Odonate Phenotypic Database (http://www.odonatephenotypicdatabase.org),plain,,single observation,,both,adult,,,,,,,,,,,
,Lestes.rectangularis Lestes rectangularis Lestidae Zygoptera,mate guarding,,noncontact,,single observation,,both,adult,,,,,,,,,,,
Occurrence,Lestes.rectangularis Lestes rectangularis Lestidae Zygoptera,flight mode,,percher,,single observation,,both,adult,,,,,,,,,,,
HumanObservation,Lestes.rectangularis Lestes rectangularis Lestidae Zygoptera,territoriality,,NA,,single observation,,both,adult,,,,,,,,,,,
HumanObservation,Lestes.rectangularis Lestes rectangularis Lestidae Zygoptera,aquatic habitats,,lake,,single observation,,both,adult,,,,,,,,,,,
HumanObservation,Lestes.rectangularis Lestes rectangularis Lestidae Zygoptera,habitat openness,,closed,,single observation,,both,adult,,,,,,,,,,,
PreservedSpecimen,Lestes.rectangularis Lestes rectangularis Lestidae Zygoptera,body lengths,Data extraction from the Odonate Phenotypic Database (http://www.odonatephenotypicdatabase.org),45,,single observation,,both,adult,,,,,,,,,,,
PreservedSpecimen,Lestes.rectangularis Lestes rectangularis Lestidae Zygoptera,hindwing lengths,Odonate Phenotypic Database (http://www.odonatephenotypicdatabase.org),22.5,,single observation,,both,adult,,,,,,,,,,,
PreservedSpecimen,Lestes.rectangularis Lestes rectangularis Lestidae Zygoptera,has wing pigment,Retrieval from the Odonate Phenotypic Database (http://www.odonatephenotypicdatabase.org),no,,single observation,,both,adult,,,,,,,,,,,
,Lestes.rectangularis Lestes rectangularis Lestidae Zygoptera,wing pigment extent discrete,,NA,,single observation,,both,adult,,,,,,,,,,,
PreservedSpecimen,Lestes.rectangularis Lestes rectangularis Lestidae Zygoptera,wing pigment extent continuous,,NA,,single observation,,both,adult,,,,,,,,,,,
,Lestes.rectangularis Lestes rectangularis Lestidae Zygoptera,wing pigment symmetry,,NA,,single observation,,both,adult,,,,,,,,,,,
,Lestes.rectangularis Lestes rectangularis Lestidae Zygoptera,wing pigment color,,NA,,single observation,,both,adult,,,,,,,,,,,
,Lestes.rectangularis Lestes rectangularis Lestidae Zygoptera,wing pigment placement,,NA,,single observation,,both,adult,,,,,,,,,,,
HumanObservation,Lestes.unguiculatus Lestes unguiculatus Lestidae Zygoptera,Flight season start,,7/11,,single observation,,both,adult,,,,,,,,,,,
,Lestes.unguiculatus Lestes unguiculatus Lestidae Zygoptera,Flight season end,,22/9,,single observation,,both,adult,,,,,,,,,,,
PreservedSpecimen,Lestes.unguiculatus Lestes unguiculatus Lestidae Zygoptera,body colors,Odonate Phenotypic Database (http://www.odonatephenotypicdatabase.org),blue,,single observation,,both,adult,,,,,,,,,,,
PreservedSpecimen,Lestes.unguiculatus Lestes unguiculatus Lestidae Zygoptera,body colortypes,Odonate Phenotypic Database (http://www.odonatephenotypicdatabase.org),pigment,,single observation,,both,adult,,,,,,,,,,,
PreservedSpecimen,Lestes.unguiculatus Lestes unguiculatus Lestidae Zygoptera,body patterns,Odonate Phenotypic Database (http://www.odonatephenotypicdatabase.org),spotted,,single observation,,both,adult,,,,,,,,,,,
,Lestes.unguiculatus Lestes unguiculatus Lestidae Zygoptera,mate guarding,,contact,,single observation,,both,adult,,,,,,,,,,,
Occurrence,Lestes.unguiculatus Lestes unguiculatus Lestidae Zygoptera,flight mode,,percher,,single observation,,both,adult,,,,,,,,,,,
HumanObservation,Lestes.unguiculatus Lestes unguiculatus Lestidae Zygoptera,territoriality,,non-territorial,,single observation,,both,adult,,,,,,,,,,,
HumanObservation,Lestes.unguiculatus Lestes unguiculatus Lestidae Zygoptera,aquatic habitats,,ephemeral,,single observation,,both,adult,,,,,,,,,,,
HumanObservation,Lestes.unguiculatus Lestes unguiculatus Lestidae Zygoptera,habitat openness,,open,,single observation,,both,adult,,,,,,,,,,,
PreservedSpecimen,Lestes.unguiculatus Lestes unguiculatus Lestidae Zygoptera,body lengths,Data extraction from the Odonate Phenotypic Database (http://www.odonatephenotypicdatabase.org),37.5,,single observation,,both,adult,,,,,,,,,,,
PreservedSpecimen,Lestes.unguiculatus Lestes unguiculatus Lestidae Zygoptera,hindwing lengths,Odonate Phenotypic Database (http://www.odonatephenotypicdatabase.org),20.5,,single observation,,both,adult,,,,,,,,,,,
PreservedSpecimen,Lestes.unguiculatus Lestes unguiculatus Lestidae Zygoptera,has wing pigment,Retrieval from the Odonate Phenotypic Database (http://www.odonatephenotypicdatabase.org),no,,single observation,,both,adult,,,,,,,,,,,
,Lestes.unguiculatus Lestes unguiculatus Lestidae Zygoptera,wing pigment extent discrete,,NA,,single observation,,both,adult,,,,,,,,,,,
PreservedSpecimen,Lestes.unguiculatus Lestes unguiculatus Lestidae Zygoptera,wing pigment extent continuous,,NA,,single observation,,both,adult,,,,,,,,,,,
,Lestes.unguiculatus Lestes unguiculatus Lestidae Zygoptera,wing pigment symmetry,,NA,,single observation,,both,adult,,,,,,,,,,,
,Lestes.unguiculatus Lestes unguiculatus Lestidae Zygoptera,wing pigment color,,NA,,single observation,,both,adult,,,,,,,,,,,
,Lestes.unguiculatus Lestes unguiculatus Lestidae Zygoptera,wing pigment placement,,NA,,single observation,,both,adult,,,,,,,,,,,
HumanObservation,Lestes.unguiculatus Lestes unguiculatus Lestidae Zygoptera,Flight season start,,11.07,,single observation,,both,adult,,,,,,,,,,,
,Lestes.unguiculatus Lestes unguiculatus Lestidae Zygoptera,Flight season end,,9.22,,single observation,,both,adult,,,,,,,,,,,
PreservedSpecimen,Lestes.unguiculatus Lestes unguiculatus Lestidae Zygoptera,body colors,Odonate Phenotypic Database (http://www.odonatephenotypicdatabase.org),blue,,single observation,,both,adult,,,,,,,,,,,
PreservedSpecimen,Lestes.unguiculatus Lestes unguiculatus Lestidae Zygoptera,body colortypes,Odonate Phenotypic Database (http://www.odonatephenotypicdatabase.org),pigment,,single observation,,both,adult,,,,,,,,,,,
PreservedSpecimen,Lestes.unguiculatus Lestes unguiculatus Lestidae Zygoptera,body patterns,Odonate Phenotypic Database (http://www.odonatephenotypicdatabase.org),spotted,,single observation,,both,adult,,,,,,,,,,,
,Lestes.unguiculatus Lestes unguiculatus Lestidae Zygoptera,mate guarding,,contact,,single observation,,both,adult,,,,,,,,,,,
Occurrence,Lestes.unguiculatus Lestes unguiculatus Lestidae Zygoptera,flight mode,,percher,,single observation,,both,adult,,,,,,,,,,,
HumanObservation,Lestes.unguiculatus Lestes unguiculatus Lestidae Zygoptera,territoriality,,non-territorial,,single observation,,both,adult,,,,,,,,,,,
HumanObservation,Lestes.unguiculatus Lestes unguiculatus Lestidae Zygoptera,aquatic habitats,,ephemeral,,single observation,,both,adult,,,,,,,,,,,
HumanObservation,Lestes.unguiculatus Lestes unguiculatus Lestidae Zygoptera,habitat openness,,open,,single observation,,both,adult,,,,,,,,,,,
PreservedSpecimen,Lestes.unguiculatus Lestes unguiculatus Lestidae Zygoptera,body lengths,Data extraction from the Odonate Phenotypic Database (http://www.odonatephenotypicdatabase.org),37.5,,single observation,,both,adult,,,,,,,,,,,
PreservedSpecimen,Lestes.unguiculatus Lestes unguiculatus Lestidae Zygoptera,hindwing lengths,Odonate Phenotypic Database (http://www.odonatephenotypicdatabase.org),20.5,,single observation,,both,adult,,,,,,,,,,,
PreservedSpecimen,Lestes.unguiculatus Lestes unguiculatus Lestidae Zygoptera,has wing pigment,Retrieval from the Odonate Phenotypic Database (http://www.odonatephenotypicdatabase.org),no,,single observation,,both,adult,,,,,,,,,,,
,Lestes.unguiculatus Lestes unguiculatus Lestidae Zygoptera,wing pigment extent discrete,,NA,,single observation,,both,adult,,,,,,,,,,,
PreservedSpecimen,Lestes.unguiculatus Lestes unguiculatus Lestidae Zygoptera,wing pigment extent continuous,,NA,,single observation,,both,adult,,,,,,,,,,,
,Lestes.unguiculatus Lestes unguiculatus Lestidae Zygoptera,wing pigment symmetry,,NA,,single observation,,both,adult,,,,,,,,,,,
,Lestes.unguiculatus Lestes unguiculatus Lestidae Zygoptera,wing pigment color,,NA,,single observation,,both,adult,,,,,,,,,,,
,Lestes.unguiculatus Lestes unguiculatus Lestidae Zygoptera,wing pigment placement,,NA,,single observation,,both,adult,,,,,,,,,,,
HumanObservation,Lestes.vigilax Lestes vigilax Lestidae Zygoptera,Flight season start,,20/7,,single observation,,both,adult,,,,,,,,,,,
,Lestes.vigilax Lestes vigilax Lestidae Zygoptera,Flight season end,,9/12,,single observation,,both,adult,,,,,,,,,,,
PreservedSpecimen,Lestes.vigilax Lestes vigilax Lestidae Zygoptera,body colors,Odonate Phenotypic Database (http://www.odonatephenotypicdatabase.org),blue,,single observation,,both,adult,,,,,,,,,,,
PreservedSpecimen,Lestes.vigilax Lestes vigilax Lestidae Zygoptera,body colortypes,Odonate Phenotypic Database (http://www.odonatephenotypicdatabase.org),pigment,,single observation,,both,adult,,,,,,,,,,,
PreservedSpecimen,Lestes.vigilax Lestes vigilax Lestidae Zygoptera,body patterns,Odonate Phenotypic Database (http://www.odonatephenotypicdatabase.org),plain,,single observation,,both,adult,,,,,,,,,,,
,Lestes.vigilax Lestes vigilax Lestidae Zygoptera,mate guarding,,contact,,single observation,,both,adult,,,,,,,,,,,
Occurrence,Lestes.vigilax Lestes vigilax Lestidae Zygoptera,flight mode,,percher,,single observation,,both,adult,,,,,,,,,,,
HumanObservation,Lestes.vigilax Lestes vigilax Lestidae Zygoptera,territoriality,,NA,,single observation,,both,adult,,,,,,,,,,,
HumanObservation,Lestes.vigilax Lestes vigilax Lestidae Zygoptera,aquatic habitats,,lake,,single observation,,both,adult,,,,,,,,,,,
HumanObservation,Lestes.vigilax Lestes vigilax Lestidae Zygoptera,habitat openness,,closed,,single observation,,both,adult,,,,,,,,,,,
PreservedSpecimen,Lestes.vigilax Lestes vigilax Lestidae Zygoptera,body lengths,Data extraction from the Odonate Phenotypic Database (http://www.odonatephenotypicdatabase.org),48.5,,single observation,,both,adult,,,,,,,,,,,
PreservedSpecimen,Lestes.vigilax Lestes vigilax Lestidae Zygoptera,hindwing lengths,Odonate Phenotypic Database (http://www.odonatephenotypicdatabase.org),25,,single observation,,both,adult,,,,,,,,,,,
PreservedSpecimen,Lestes.vigilax Lestes vigilax Lestidae Zygoptera,has wing pigment,Retrieval from the Odonate Phenotypic Database (http://www.odonatephenotypicdatabase.org),no,,single observation,,both,adult,,,,,,,,,,,
,Lestes.vigilax Lestes vigilax Lestidae Zygoptera,wing pigment extent discrete,,NA,,single observation,,both,adult,,,,,,,,,,,
PreservedSpecimen,Lestes.vigilax Lestes vigilax Lestidae Zygoptera,wing pigment extent continuous,,NA,,single observation,,both,adult,,,,,,,,,,,
,Lestes.vigilax Lestes vigilax Lestidae Zygoptera,wing pigment symmetry,,NA,,single observation,,both,adult,,,,,,,,,,,
,Lestes.vigilax Lestes vigilax Lestidae Zygoptera,wing pigment color,,NA,,single observation,,both,adult,,,,,,,,,,,
,Lestes.vigilax Lestes vigilax Lestidae Zygoptera,wing pigment placement,,NA,,single observation,,both,adult,,,,,,,,,,,
HumanObservation,Lestes.vigilax Lestes vigilax Lestidae Zygoptera,Flight season start,,7.2,,single observation,,both,adult,,,,,,,,,,,
,Lestes.vigilax Lestes vigilax Lestidae Zygoptera,Flight season end,,12.09,,single observation,,both,adult,,,,,,,,,,,
PreservedSpecimen,Lestes.vigilax Lestes vigilax Lestidae Zygoptera,body colors,Odonate Phenotypic Database (http://www.odonatephenotypicdatabase.org),blue,,single observation,,both,adult,,,,,,,,,,,
PreservedSpecimen,Lestes.vigilax Lestes vigilax Lestidae Zygoptera,body colortypes,Odonate Phenotypic Database (http://www.odonatephenotypicdatabase.org),pigment,,single observation,,both,adult,,,,,,,,,,,
PreservedSpecimen,Lestes.vigilax Lestes vigilax Lestidae Zygoptera,body patterns,Odonate Phenotypic Database (http://www.odonatephenotypicdatabase.org),plain,,single observation,,both,adult,,,,,,,,,,,
,Lestes.vigilax Lestes vigilax Lestidae Zygoptera,mate guarding,,contact,,single observation,,both,adult,,,,,,,,,,,
Occurrence,Lestes.vigilax Lestes vigilax Lestidae Zygoptera,flight mode,,percher,,single observation,,both,adult,,,,,,,,,,,
HumanObservation,Lestes.vigilax Lestes vigilax Lestidae Zygoptera,territoriality,,NA,,single observation,,both,adult,,,,,,,,,,,
HumanObservation,Lestes.vigilax Lestes vigilax Lestidae Zygoptera,aquatic habitats,,lake,,single observation,,both,adult,,,,,,,,,,,
HumanObservation,Lestes.vigilax Lestes vigilax Lestidae Zygoptera,habitat openness,,closed,,single observation,,both,adult,,,,,,,,,,,
PreservedSpecimen,Lestes.vigilax Lestes vigilax Lestidae Zygoptera,body lengths,Data extraction from the Odonate Phenotypic Database (http://www.odonatephenotypicdatabase.org),48.5,,single observation,,both,adult,,,,,,,,,,,
PreservedSpecimen,Lestes.vigilax Lestes vigilax Lestidae Zygoptera,hindwing lengths,Odonate Phenotypic Database (http://www.odonatephenotypicdatabase.org),25,,single observation,,both,adult,,,,,,,,,,,
PreservedSpecimen,Lestes.vigilax Lestes vigilax Lestidae Zygoptera,has wing pigment,Retrieval from the Odonate Phenotypic Database (http://www.odonatephenotypicdatabase.org),no,,single observation,,both,adult,,,,,,,,,,,
,Lestes.vigilax Lestes vigilax Lestidae Zygoptera,wing pigment extent discrete,,NA,,single observation,,both,adult,,,,,,,,,,,
PreservedSpecimen,Lestes.vigilax Lestes vigilax Lestidae Zygoptera,wing pigment extent continuous,,NA,,single observation,,both,adult,,,,,,,,,,,
,Lestes.vigilax Lestes vigilax Lestidae Zygoptera,wing pigment symmetry,,NA,,single observation,,both,adult,,,,,,,,,,,
,Lestes.vigilax Lestes vigilax Lestidae Zygoptera,wing pigment color,,NA,,single observation,,both,adult,,,,,,,,,,,
,Lestes.vigilax Lestes vigilax Lestidae Zygoptera,wing pigment placement,,NA,,single observation,,both,adult,,,,,,,,,,,
HumanObservation,Leucorrhinia.frigida Leucorrhinia frigida Libellulidae Anisoptera,Flight season start,,31/5,,single observation,,both,adult,,,,,,,,,,,
,Leucorrhinia.frigida Leucorrhinia frigida Libellulidae Anisoptera,Flight season end,,8/10,,single observation,,both,adult,,,,,,,,,,,
PreservedSpecimen,Leucorrhinia.frigida Leucorrhinia frigida Libellulidae Anisoptera,body colors,Odonate Phenotypic Database (http://www.odonatephenotypicdatabase.org),black,,single observation,,both,adult,,,,,,,,,,,
PreservedSpecimen,Leucorrhinia.frigida Leucorrhinia frigida Libellulidae Anisoptera,body colortypes,Odonate Phenotypic Database (http://www.odonatephenotypicdatabase.org),pigment,,single observation,,both,adult,,,,,,,,,,,
PreservedSpecimen,Leucorrhinia.frigida Leucorrhinia frigida Libellulidae Anisoptera,body patterns,Odonate Phenotypic Database (http://www.odonatephenotypicdatabase.org),plain,,single observation,,both,adult,,,,,,,,,,,
,Leucorrhinia.frigida Leucorrhinia frigida Libellulidae Anisoptera,mate guarding,,noncontact,,single observation,,both,adult,,,,,,,,,,,
Occurrence,Leucorrhinia.frigida Leucorrhinia frigida Libellulidae Anisoptera,flight mode,,percher,,single observation,,both,adult,,,,,,,,,,,
HumanObservation,Leucorrhinia.frigida Leucorrhinia frigida Libellulidae Anisoptera,territoriality,,territorial,,single observation,,both,adult,,,,,,,,,,,
HumanObservation,Leucorrhinia.frigida Leucorrhinia frigida Libellulidae Anisoptera,aquatic habitats,,lake,,single observation,,both,adult,,,,,,,,,,,
HumanObservation,Leucorrhinia.frigida Leucorrhinia frigida Libellulidae Anisoptera,habitat openness,,open,,single observation,,both,adult,,,,,,,,,,,
PreservedSpecimen,Leucorrhinia.frigida Leucorrhinia frigida Libellulidae Anisoptera,body lengths,Data extraction from the Odonate Phenotypic Database (http://www.odonatephenotypicdatabase.org),30,,single observation,,both,adult,,,,,,,,,,,
PreservedSpecimen,Leucorrhinia.frigida Leucorrhinia frigida Libellulidae Anisoptera,hindwing lengths,Odonate Phenotypic Database (http://www.odonatephenotypicdatabase.org),22.5,,single observation,,both,adult,,,,,,,,,,,
PreservedSpecimen,Leucorrhinia.frigida Leucorrhinia frigida Libellulidae Anisoptera,has wing pigment,Retrieval from the Odonate Phenotypic Database (http://www.odonatephenotypicdatabase.org),yes,,single observation,,both,adult,,,,,,,,,,,
,Leucorrhinia.frigida Leucorrhinia frigida Libellulidae Anisoptera,wing pigment extent discrete,,10,,single observation,,both,adult,,,,,,,,,,,
PreservedSpecimen,Leucorrhinia.frigida Leucorrhinia frigida Libellulidae Anisoptera,wing pigment extent continuous,,0.01,,single observation,,both,adult,,,,,,,,,,,
,Leucorrhinia.frigida Leucorrhinia frigida Libellulidae Anisoptera,wing pigment symmetry,,hindwing more pigment,,single observation,,both,adult,,,,,,,,,,,
,Leucorrhinia.frigida Leucorrhinia frigida Libellulidae Anisoptera,wing pigment color,,black,,single observation,,both,adult,,,,,,,,,,,
,Leucorrhinia.frigida Leucorrhinia frigida Libellulidae Anisoptera,wing pigment placement,,basal,,single observation,,both,adult,,,,,,,,,,,
HumanObservation,Leucorrhinia.frigida Leucorrhinia frigida Libellulidae Anisoptera,Flight season start,,5.31,,single observation,,both,adult,,,,,,,,,,,
,Leucorrhinia.frigida Leucorrhinia frigida Libellulidae Anisoptera,Flight season end,,10.08,,single observation,,both,adult,,,,,,,,,,,
PreservedSpecimen,Leucorrhinia.frigida Leucorrhinia frigida Libellulidae Anisoptera,body colors,Odonate Phenotypic Database (http://www.odonatephenotypicdatabase.org),black,,single observation,,both,adult,,,,,,,,,,,
PreservedSpecimen,Leucorrhinia.frigida Leucorrhinia frigida Libellulidae Anisoptera,body colortypes,Odonate Phenotypic Database (http://www.odonatephenotypicdatabase.org),pigment,,single observation,,both,adult,,,,,,,,,,,
PreservedSpecimen,Leucorrhinia.frigida Leucorrhinia frigida Libellulidae Anisoptera,body patterns,Odonate Phenotypic Database (http://www.odonatephenotypicdatabase.org),plain,,single observation,,both,adult,,,,,,,,,,,
,Leucorrhinia.frigida Leucorrhinia frigida Libellulidae Anisoptera,mate guarding,,noncontact,,single observation,,both,adult,,,,,,,,,,,
Occurrence,Leucorrhinia.frigida Leucorrhinia frigida Libellulidae Anisoptera,flight mode,,percher,,single observation,,both,adult,,,,,,,,,,,
HumanObservation,Leucorrhinia.frigida Leucorrhinia frigida Libellulidae Anisoptera,territoriality,,territorial,,single observation,,both,adult,,,,,,,,,,,
HumanObservation,Leucorrhinia.frigida Leucorrhinia frigida Libellulidae Anisoptera,aquatic habitats,,lake,,single observation,,both,adult,,,,,,,,,,,
HumanObservation,Leucorrhinia.frigida Leucorrhinia frigida Libellulidae Anisoptera,habitat openness,,open,,single observation,,both,adult,,,,,,,,,,,
PreservedSpecimen,Leucorrhinia.frigida Leucorrhinia frigida Libellulidae Anisoptera,body lengths,Data extraction from the Odonate Phenotypic Database (http://www.odonatephenotypicdatabase.org),30,,single observation,,both,adult,,,,,,,,,,,
PreservedSpecimen,Leucorrhinia.frigida Leucorrhinia frigida Libellulidae Anisoptera,hindwing lengths,Odonate Phenotypic Database (http://www.odonatephenotypicdatabase.org),22.5,,single observation,,both,adult,,,,,,,,,,,
PreservedSpecimen,Leucorrhinia.frigida Leucorrhinia frigida Libellulidae Anisoptera,has wing pigment,Retrieval from the Odonate Phenotypic Database (http://www.odonatephenotypicdatabase.org),yes,,single observation,,both,adult,,,,,,,,,,,
,Leucorrhinia.frigida Leucorrhinia frigida Libellulidae Anisoptera,wing pigment extent discrete,,10,,single observation,,both,adult,,,,,,,,,,,
PreservedSpecimen,Leucorrhinia.frigida Leucorrhinia frigida Libellulidae Anisoptera,wing pigment extent continuous,,0.01,,single observation,,both,adult,,,,,,,,,,,
,Leucorrhinia.frigida Leucorrhinia frigida Libellulidae Anisoptera,wing pigment symmetry,,hindwing more pigment,,single observation,,both,adult,,,,,,,,,,,
,Leucorrhinia.frigida Leucorrhinia frigida Libellulidae Anisoptera,wing pigment color,,black,,single observation,,both,adult,,,,,,,,,,,
,Leucorrhinia.frigida Leucorrhinia frigida Libellulidae Anisoptera,wing pigment placement,,basal,,single observation,,both,adult,,,,,,,,,,,
HumanObservation,Leucorrhinia.glacialis Leucorrhinia glacialis Libellulidae Anisoptera,Flight season start,,17/5,,single observation,,both,adult,,,,,,,,,,,
,Leucorrhinia.glacialis Leucorrhinia glacialis Libellulidae Anisoptera,Flight season end,,8/9,,single observation,,both,adult,,,,,,,,,,,
PreservedSpecimen,Leucorrhinia.glacialis Leucorrhinia glacialis Libellulidae Anisoptera,body colors,Odonate Phenotypic Database (http://www.odonatephenotypicdatabase.org),black,,single observation,,both,adult,,,,,,,,,,,
PreservedSpecimen,Leucorrhinia.glacialis Leucorrhinia glacialis Libellulidae Anisoptera,body colortypes,Odonate Phenotypic Database (http://www.odonatephenotypicdatabase.org),pigment,,single observation,,both,adult,,,,,,,,,,,
PreservedSpecimen,Leucorrhinia.glacialis Leucorrhinia glacialis Libellulidae Anisoptera,body patterns,Odonate Phenotypic Database (http://www.odonatephenotypicdatabase.org),plain,,single observation,,both,adult,,,,,,,,,,,
,Leucorrhinia.glacialis Leucorrhinia glacialis Libellulidae Anisoptera,mate guarding,,NA,,single observation,,both,adult,,,,,,,,,,,
Occurrence,Leucorrhinia.glacialis Leucorrhinia glacialis Libellulidae Anisoptera,flight mode,,percher,,single observation,,both,adult,,,,,,,,,,,
HumanObservation,Leucorrhinia.glacialis Leucorrhinia glacialis Libellulidae Anisoptera,territoriality,,NA,,single observation,,both,adult,,,,,,,,,,,
HumanObservation,Leucorrhinia.glacialis Leucorrhinia glacialis Libellulidae Anisoptera,aquatic habitats,,lake,,single observation,,both,adult,,,,,,,,,,,
HumanObservation,Leucorrhinia.glacialis Leucorrhinia glacialis Libellulidae Anisoptera,habitat openness,,closed,,single observation,,both,adult,,,,,,,,,,,
PreservedSpecimen,Leucorrhinia.glacialis Leucorrhinia glacialis Libellulidae Anisoptera,body lengths,Data extraction from the Odonate Phenotypic Database (http://www.odonatephenotypicdatabase.org),33.5,,single observation,,both,adult,,,,,,,,,,,
PreservedSpecimen,Leucorrhinia.glacialis Leucorrhinia glacialis Libellulidae Anisoptera,hindwing lengths,Odonate Phenotypic Database (http://www.odonatephenotypicdatabase.org),27.5,,single observation,,both,adult,,,,,,,,,,,
PreservedSpecimen,Leucorrhinia.glacialis Leucorrhinia glacialis Libellulidae Anisoptera,has wing pigment,Retrieval from the Odonate Phenotypic Database (http://www.odonatephenotypicdatabase.org),yes,,single observation,,both,adult,,,,,,,,,,,
,Leucorrhinia.glacialis Leucorrhinia glacialis Libellulidae Anisoptera,wing pigment extent discrete,,10,,single observation,,both,adult,,,,,,,,,,,
PreservedSpecimen,Leucorrhinia.glacialis Leucorrhinia glacialis Libellulidae Anisoptera,wing pigment extent continuous,,0.03,,single observation,,both,adult,,,,,,,,,,,
,Leucorrhinia.glacialis Leucorrhinia glacialis Libellulidae Anisoptera,wing pigment symmetry,,hindwing more pigment,,single observation,,both,adult,,,,,,,,,,,
,Leucorrhinia.glacialis Leucorrhinia glacialis Libellulidae Anisoptera,wing pigment color,,black,,single observation,,both,adult,,,,,,,,,,,
,Leucorrhinia.glacialis Leucorrhinia glacialis Libellulidae Anisoptera,wing pigment placement,,basal,,single observation,,both,adult,,,,,,,,,,,
HumanObservation,Leucorrhinia.glacialis Leucorrhinia glacialis Libellulidae Anisoptera,Flight season start,,5.17,,single observation,,both,adult,,,,,,,,,,,
,Leucorrhinia.glacialis Leucorrhinia glacialis Libellulidae Anisoptera,Flight season end,,9.08,,single observation,,both,adult,,,,,,,,,,,
PreservedSpecimen,Leucorrhinia.glacialis Leucorrhinia glacialis Libellulidae Anisoptera,body colors,Odonate Phenotypic Database (http://www.odonatephenotypicdatabase.org),black,,single observation,,both,adult,,,,,,,,,,,
PreservedSpecimen,Leucorrhinia.glacialis Leucorrhinia glacialis Libellulidae Anisoptera,body colortypes,Odonate Phenotypic Database (http://www.odonatephenotypicdatabase.org),pigment,,single observation,,both,adult,,,,,,,,,,,
PreservedSpecimen,Leucorrhinia.glacialis Leucorrhinia glacialis Libellulidae Anisoptera,body patterns,Odonate Phenotypic Database (http://www.odonatephenotypicdatabase.org),plain,,single observation,,both,adult,,,,,,,,,,,
,Leucorrhinia.glacialis Leucorrhinia glacialis Libellulidae Anisoptera,mate guarding,,NA,,single observation,,both,adult,,,,,,,,,,,
Occurrence,Leucorrhinia.glacialis Leucorrhinia glacialis Libellulidae Anisoptera,flight mode,,percher,,single observation,,both,adult,,,,,,,,,,,
HumanObservation,Leucorrhinia.glacialis Leucorrhinia glacialis Libellulidae Anisoptera,territoriality,,NA,,single observation,,both,adult,,,,,,,,,,,
HumanObservation,Leucorrhinia.glacialis Leucorrhinia glacialis Libellulidae Anisoptera,aquatic habitats,,lake,,single observation,,both,adult,,,,,,,,,,,
HumanObservation,Leucorrhinia.glacialis Leucorrhinia glacialis Libellulidae Anisoptera,habitat openness,,closed,,single observation,,both,adult,,,,,,,,,,,
PreservedSpecimen,Leucorrhinia.glacialis Leucorrhinia glacialis Libellulidae Anisoptera,body lengths,Data extraction from the Odonate Phenotypic Database (http://www.odonatephenotypicdatabase.org),33.5,,single observation,,both,adult,,,,,,,,,,,
PreservedSpecimen,Leucorrhinia.glacialis Leucorrhinia glacialis Libellulidae Anisoptera,hindwing lengths,Odonate Phenotypic Database (http://www.odonatephenotypicdatabase.org),27.5,,single observation,,both,adult,,,,,,,,,,,
PreservedSpecimen,Leucorrhinia.glacialis Leucorrhinia glacialis Libellulidae Anisoptera,has wing pigment,Retrieval from the Odonate Phenotypic Database (http://www.odonatephenotypicdatabase.org),yes,,single observation,,both,adult,,,,,,,,,,,
,Leucorrhinia.glacialis Leucorrhinia glacialis Libellulidae Anisoptera,wing pigment extent discrete,,10,,single observation,,both,adult,,,,,,,,,,,
PreservedSpecimen,Leucorrhinia.glacialis Leucorrhinia glacialis Libellulidae Anisoptera,wing pigment extent continuous,,0.03,,single observation,,both,adult,,,,,,,,,,,
,Leucorrhinia.glacialis Leucorrhinia glacialis Libellulidae Anisoptera,wing pigment symmetry,,hindwing more pigment,,single observation,,both,adult,,,,,,,,,,,
,Leucorrhinia.glacialis Leucorrhinia glacialis Libellulidae Anisoptera,wing pigment color,,black,,single observation,,both,adult,,,,,,,,,,,
,Leucorrhinia.glacialis Leucorrhinia glacialis Libellulidae Anisoptera,wing pigment placement,,basal,,single observation,,both,adult,,,,,,,,,,,
HumanObservation,Leucorrhinia.hudsonica Leucorrhinia hudsonica Libellulidae Anisoptera,Flight season start,,29/4,,single observation,,both,adult,,,,,,,,,,,
,Leucorrhinia.hudsonica Leucorrhinia hudsonica Libellulidae Anisoptera,Flight season end,,22/7,,single observation,,both,adult,,,,,,,,,,,
PreservedSpecimen,Leucorrhinia.hudsonica Leucorrhinia hudsonica Libellulidae Anisoptera,body colors,Odonate Phenotypic Database (http://www.odonatephenotypicdatabase.org),black,,single observation,,both,adult,,,,,,,,,,,
PreservedSpecimen,Leucorrhinia.hudsonica Leucorrhinia hudsonica Libellulidae Anisoptera,body colortypes,Odonate Phenotypic Database (http://www.odonatephenotypicdatabase.org),pigment,,single observation,,both,adult,,,,,,,,,,,
PreservedSpecimen,Leucorrhinia.hudsonica Leucorrhinia hudsonica Libellulidae Anisoptera,body patterns,Odonate Phenotypic Database (http://www.odonatephenotypicdatabase.org),spotted,,single observation,,both,adult,,,,,,,,,,,
,Leucorrhinia.hudsonica Leucorrhinia hudsonica Libellulidae Anisoptera,mate guarding,,noncontact,,single observation,,both,adult,,,,,,,,,,,
Occurrence,Leucorrhinia.hudsonica Leucorrhinia hudsonica Libellulidae Anisoptera,flight mode,,percher,,single observation,,both,adult,,,,,,,,,,,
HumanObservation,Leucorrhinia.hudsonica Leucorrhinia hudsonica Libellulidae Anisoptera,territoriality,,territorial,,single observation,,both,adult,,,,,,,,,,,
HumanObservation,Leucorrhinia.hudsonica Leucorrhinia hudsonica Libellulidae Anisoptera,aquatic habitats,,pond,,single observation,,both,adult,,,,,,,,,,,
HumanObservation,Leucorrhinia.hudsonica Leucorrhinia hudsonica Libellulidae Anisoptera,habitat openness,,open,,single observation,,both,adult,,,,,,,,,,,
PreservedSpecimen,Leucorrhinia.hudsonica Leucorrhinia hudsonica Libellulidae Anisoptera,body lengths,Data extraction from the Odonate Phenotypic Database (http://www.odonatephenotypicdatabase.org),29.5,,single observation,,both,adult,,,,,,,,,,,
PreservedSpecimen,Leucorrhinia.hudsonica Leucorrhinia hudsonica Libellulidae Anisoptera,hindwing lengths,Odonate Phenotypic Database (http://www.odonatephenotypicdatabase.org),24,,single observation,,both,adult,,,,,,,,,,,
PreservedSpecimen,Leucorrhinia.hudsonica Leucorrhinia hudsonica Libellulidae Anisoptera,has wing pigment,Retrieval from the Odonate Phenotypic Database (http://www.odonatephenotypicdatabase.org),yes,,single observation,,both,adult,,,,,,,,,,,
,Leucorrhinia.hudsonica Leucorrhinia hudsonica Libellulidae Anisoptera,wing pigment extent discrete,,10,,single observation,,both,adult,,,,,,,,,,,
PreservedSpecimen,Leucorrhinia.hudsonica Leucorrhinia hudsonica Libellulidae Anisoptera,wing pigment extent continuous,,0.03,,single observation,,both,adult,,,,,,,,,,,
,Leucorrhinia.hudsonica Leucorrhinia hudsonica Libellulidae Anisoptera,wing pigment symmetry,,hindwing more pigment,,single observation,,both,adult,,,,,,,,,,,
,Leucorrhinia.hudsonica Leucorrhinia hudsonica Libellulidae Anisoptera,wing pigment color,,black,,single observation,,both,adult,,,,,,,,,,,
,Leucorrhinia.hudsonica Leucorrhinia hudsonica Libellulidae Anisoptera,wing pigment placement,,basal,,single observation,,both,adult,,,,,,,,,,,
HumanObservation,Leucorrhinia.hudsonica Leucorrhinia hudsonica Libellulidae Anisoptera,Flight season start,,4.29,,single observation,,both,adult,,,,,,,,,,,
,Leucorrhinia.hudsonica Leucorrhinia hudsonica Libellulidae Anisoptera,Flight season end,,7.22,,single observation,,both,adult,,,,,,,,,,,
PreservedSpecimen,Leucorrhinia.hudsonica Leucorrhinia hudsonica Libellulidae Anisoptera,body colors,Odonate Phenotypic Database (http://www.odonatephenotypicdatabase.org),black,,single observation,,both,adult,,,,,,,,,,,
PreservedSpecimen,Leucorrhinia.hudsonica Leucorrhinia hudsonica Libellulidae Anisoptera,body colortypes,Odonate Phenotypic Database (http://www.odonatephenotypicdatabase.org),pigment,,single observation,,both,adult,,,,,,,,,,,
PreservedSpecimen,Leucorrhinia.hudsonica Leucorrhinia hudsonica Libellulidae Anisoptera,body patterns,Odonate Phenotypic Database (http://www.odonatephenotypicdatabase.org),spotted,,single observation,,both,adult,,,,,,,,,,,
,Leucorrhinia.hudsonica Leucorrhinia hudsonica Libellulidae Anisoptera,mate guarding,,noncontact,,single observation,,both,adult,,,,,,,,,,,
Occurrence,Leucorrhinia.hudsonica Leucorrhinia hudsonica Libellulidae Anisoptera,flight mode,,percher,,single observation,,both,adult,,,,,,,,,,,
HumanObservation,Leucorrhinia.hudsonica Leucorrhinia hudsonica Libellulidae Anisoptera,territoriality,,territorial,,single observation,,both,adult,,,,,,,,,,,
HumanObservation,Leucorrhinia.hudsonica Leucorrhinia hudsonica Libellulidae Anisoptera,aquatic habitats,,pond,,single observation,,both,adult,,,,,,,,,,,
HumanObservation,Leucorrhinia.hudsonica Leucorrhinia hudsonica Libellulidae Anisoptera,habitat openness,,open,,single observation,,both,adult,,,,,,,,,,,
PreservedSpecimen,Leucorrhinia.hudsonica Leucorrhinia hudsonica Libellulidae Anisoptera,body lengths,Data extraction from the Odonate Phenotypic Database (http://www.odonatephenotypicdatabase.org),29.5,,single observation,,both,adult,,,,,,,,,,,
PreservedSpecimen,Leucorrhinia.hudsonica Leucorrhinia hudsonica Libellulidae Anisoptera,hindwing lengths,Odonate Phenotypic Database (http://www.odonatephenotypicdatabase.org),24,,single observation,,both,adult,,,,,,,,,,,
PreservedSpecimen,Leucorrhinia.hudsonica Leucorrhinia hudsonica Libellulidae Anisoptera,has wing pigment,Retrieval from the Odonate Phenotypic Database (http://www.odonatephenotypicdatabase.org),yes,,single observation,,both,adult,,,,,,,,,,,
,Leucorrhinia.hudsonica Leucorrhinia hudsonica Libellulidae Anisoptera,wing pigment extent discrete,,10,,single observation,,both,adult,,,,,,,,,,,
PreservedSpecimen,Leucorrhinia.hudsonica Leucorrhinia hudsonica Libellulidae Anisoptera,wing pigment extent continuous,,0.03,,single observation,,both,adult,,,,,,,,,,,
,Leucorrhinia.hudsonica Leucorrhinia hudsonica Libellulidae Anisoptera,wing pigment symmetry,,hindwing more pigment,,single observation,,both,adult,,,,,,,,,,,
,Leucorrhinia.hudsonica Leucorrhinia hudsonica Libellulidae Anisoptera,wing pigment color,,black,,single observation,,both,adult,,,,,,,,,,,
,Leucorrhinia.hudsonica Leucorrhinia hudsonica Libellulidae Anisoptera,wing pigment placement,,basal,,single observation,,both,adult,,,,,,,,,,,
HumanObservation,Leucorrhinia.intacta Leucorrhinia intacta Libellulidae Anisoptera,Flight season start,,5/6,,single observation,,both,adult,,,,,,,,,,,
,Leucorrhinia.intacta Leucorrhinia intacta Libellulidae Anisoptera,Flight season end,,9/12,,single observation,,both,adult,,,,,,,,,,,
PreservedSpecimen,Leucorrhinia.intacta Leucorrhinia intacta Libellulidae Anisoptera,body colors,Odonate Phenotypic Database (http://www.odonatephenotypicdatabase.org),black,,single observation,,both,adult,,,,,,,,,,,
PreservedSpecimen,Leucorrhinia.intacta Leucorrhinia intacta Libellulidae Anisoptera,body colortypes,Odonate Phenotypic Database (http://www.odonatephenotypicdatabase.org),pigment,,single observation,,both,adult,,,,,,,,,,,
PreservedSpecimen,Leucorrhinia.intacta Leucorrhinia intacta Libellulidae Anisoptera,body patterns,Odonate Phenotypic Database (http://www.odonatephenotypicdatabase.org),plain,,single observation,,both,adult,,,,,,,,,,,
,Leucorrhinia.intacta Leucorrhinia intacta Libellulidae Anisoptera,mate guarding,,noncontact,,single observation,,both,adult,,,,,,,,,,,
Occurrence,Leucorrhinia.intacta Leucorrhinia intacta Libellulidae Anisoptera,flight mode,,percher,,single observation,,both,adult,,,,,,,,,,,
HumanObservation,Leucorrhinia.intacta Leucorrhinia intacta Libellulidae Anisoptera,territoriality,,territorial,,single observation,,both,adult,,,,,,,,,,,
HumanObservation,Leucorrhinia.intacta Leucorrhinia intacta Libellulidae Anisoptera,aquatic habitats,,lake,,single observation,,both,adult,,,,,,,,,,,
HumanObservation,Leucorrhinia.intacta Leucorrhinia intacta Libellulidae Anisoptera,habitat openness,,open,,single observation,,both,adult,,,,,,,,,,,
PreservedSpecimen,Leucorrhinia.intacta Leucorrhinia intacta Libellulidae Anisoptera,body lengths,Data extraction from the Odonate Phenotypic Database (http://www.odonatephenotypicdatabase.org),31,,single observation,,both,adult,,,,,,,,,,,
PreservedSpecimen,Leucorrhinia.intacta Leucorrhinia intacta Libellulidae Anisoptera,hindwing lengths,Odonate Phenotypic Database (http://www.odonatephenotypicdatabase.org),24,,single observation,,both,adult,,,,,,,,,,,
PreservedSpecimen,Leucorrhinia.intacta Leucorrhinia intacta Libellulidae Anisoptera,has wing pigment,Retrieval from the Odonate Phenotypic Database (http://www.odonatephenotypicdatabase.org),yes,,single observation,,both,adult,,,,,,,,,,,
,Leucorrhinia.intacta Leucorrhinia intacta Libellulidae Anisoptera,wing pigment extent discrete,,25,,single observation,,both,adult,,,,,,,,,,,
PreservedSpecimen,Leucorrhinia.intacta Leucorrhinia intacta Libellulidae Anisoptera,wing pigment extent continuous,,0.01,,single observation,,both,adult,,,,,,,,,,,
,Leucorrhinia.intacta Leucorrhinia intacta Libellulidae Anisoptera,wing pigment symmetry,,hindwing more pigment,,single observation,,both,adult,,,,,,,,,,,
,Leucorrhinia.intacta Leucorrhinia intacta Libellulidae Anisoptera,wing pigment color,,black,,single observation,,both,adult,,,,,,,,,,,
,Leucorrhinia.intacta Leucorrhinia intacta Libellulidae Anisoptera,wing pigment placement,,basal,,single observation,,both,adult,,,,,,,,,,,
HumanObservation,Leucorrhinia.intacta Leucorrhinia intacta Libellulidae Anisoptera,Flight season start,,6.05,,single observation,,both,adult,,,,,,,,,,,
,Leucorrhinia.intacta Leucorrhinia intacta Libellulidae Anisoptera,Flight season end,,12.09,,single observation,,both,adult,,,,,,,,,,,
PreservedSpecimen,Leucorrhinia.intacta Leucorrhinia intacta Libellulidae Anisoptera,body colors,Odonate Phenotypic Database (http://www.odonatephenotypicdatabase.org),black,,single observation,,both,adult,,,,,,,,,,,
PreservedSpecimen,Leucorrhinia.intacta Leucorrhinia intacta Libellulidae Anisoptera,body colortypes,Odonate Phenotypic Database (http://www.odonatephenotypicdatabase.org),pigment,,single observation,,both,adult,,,,,,,,,,,
PreservedSpecimen,Leucorrhinia.intacta Leucorrhinia intacta Libellulidae Anisoptera,body patterns,Odonate Phenotypic Database (http://www.odonatephenotypicdatabase.org),plain,,single observation,,both,adult,,,,,,,,,,,
,Leucorrhinia.intacta Leucorrhinia intacta Libellulidae Anisoptera,mate guarding,,noncontact,,single observation,,both,adult,,,,,,,,,,,
Occurrence,Leucorrhinia.intacta Leucorrhinia intacta Libellulidae Anisoptera,flight mode,,percher,,single observation,,both,adult,,,,,,,,,,,
HumanObservation,Leucorrhinia.intacta Leucorrhinia intacta Libellulidae Anisoptera,territoriality,,territorial,,single observation,,both,adult,,,,,,,,,,,
HumanObservation,Leucorrhinia.intacta Leucorrhinia intacta Libellulidae Anisoptera,aquatic habitats,,lake,,single observation,,both,adult,,,,,,,,,,,
HumanObservation,Leucorrhinia.intacta Leucorrhinia intacta Libellulidae Anisoptera,habitat openness,,open,,single observation,,both,adult,,,,,,,,,,,
PreservedSpecimen,Leucorrhinia.intacta Leucorrhinia intacta Libellulidae Anisoptera,body lengths,Data extraction from the Odonate Phenotypic Database (http://www.odonatephenotypicdatabase.org),31,,single observation,,both,adult,,,,,,,,,,,
PreservedSpecimen,Leucorrhinia.intacta Leucorrhinia intacta Libellulidae Anisoptera,hindwing lengths,Odonate Phenotypic Database (http://www.odonatephenotypicdatabase.org),24,,single observation,,both,adult,,,,,,,,,,,
PreservedSpecimen,Leucorrhinia.intacta Leucorrhinia intacta Libellulidae Anisoptera,has wing pigment,Retrieval from the Odonate Phenotypic Database (http://www.odonatephenotypicdatabase.org),yes,,single observation,,both,adult,,,,,,,,,,,
,Leucorrhinia.intacta Leucorrhinia intacta Libellulidae Anisoptera,wing pigment extent discrete,,25,,single observation,,both,adult,,,,,,,,,,,
PreservedSpecimen,Leucorrhinia.intacta Leucorrhinia intacta Libellulidae Anisoptera,wing pigment extent continuous,,0.01,,single observation,,both,adult,,,,,,,,,,,
,Leucorrhinia.intacta Leucorrhinia intacta Libellulidae Anisoptera,wing pigment symmetry,,hindwing more pigment,,single observation,,both,adult,,,,,,,,,,,
,Leucorrhinia.intacta Leucorrhinia intacta Libellulidae Anisoptera,wing pigment color,,black,,single observation,,both,adult,,,,,,,,,,,
,Leucorrhinia.intacta Leucorrhinia intacta Libellulidae Anisoptera,wing pigment placement,,basal,,single observation,,both,adult,,,,,,,,,,,
HumanObservation,Leucorrhinia.proxima Leucorrhinia proxima Libellulidae Anisoptera,Flight season start,,26/5,,single observation,,both,adult,,,,,,,,,,,
,Leucorrhinia.proxima Leucorrhinia proxima Libellulidae Anisoptera,Flight season end,,9/12,,single observation,,both,adult,,,,,,,,,,,
PreservedSpecimen,Leucorrhinia.proxima Leucorrhinia proxima Libellulidae Anisoptera,body colors,Odonate Phenotypic Database (http://www.odonatephenotypicdatabase.org),black,,single observation,,both,adult,,,,,,,,,,,
PreservedSpecimen,Leucorrhinia.proxima Leucorrhinia proxima Libellulidae Anisoptera,body colortypes,Odonate Phenotypic Database (http://www.odonatephenotypicdatabase.org),pigment,,single observation,,both,adult,,,,,,,,,,,
PreservedSpecimen,Leucorrhinia.proxima Leucorrhinia proxima Libellulidae Anisoptera,body patterns,Odonate Phenotypic Database (http://www.odonatephenotypicdatabase.org),spotted,,single observation,,both,adult,,,,,,,,,,,
,Leucorrhinia.proxima Leucorrhinia proxima Libellulidae Anisoptera,mate guarding,,NA,,single observation,,both,adult,,,,,,,,,,,
Occurrence,Leucorrhinia.proxima Leucorrhinia proxima Libellulidae Anisoptera,flight mode,,percher,,single observation,,both,adult,,,,,,,,,,,
HumanObservation,Leucorrhinia.proxima Leucorrhinia proxima Libellulidae Anisoptera,territoriality,,territorial,,single observation,,both,adult,,,,,,,,,,,
HumanObservation,Leucorrhinia.proxima Leucorrhinia proxima Libellulidae Anisoptera,aquatic habitats,,lake,,single observation,,both,adult,,,,,,,,,,,
HumanObservation,Leucorrhinia.proxima Leucorrhinia proxima Libellulidae Anisoptera,habitat openness,,closed,,single observation,,both,adult,,,,,,,,,,,
PreservedSpecimen,Leucorrhinia.proxima Leucorrhinia proxima Libellulidae Anisoptera,body lengths,Data extraction from the Odonate Phenotypic Database (http://www.odonatephenotypicdatabase.org),34.5,,single observation,,both,adult,,,,,,,,,,,
PreservedSpecimen,Leucorrhinia.proxima Leucorrhinia proxima Libellulidae Anisoptera,hindwing lengths,Odonate Phenotypic Database (http://www.odonatephenotypicdatabase.org),25.5,,single observation,,both,adult,,,,,,,,,,,
PreservedSpecimen,Leucorrhinia.proxima Leucorrhinia proxima Libellulidae Anisoptera,has wing pigment,Retrieval from the Odonate Phenotypic Database (http://www.odonatephenotypicdatabase.org),yes,,single observation,,both,adult,,,,,,,,,,,
,Leucorrhinia.proxima Leucorrhinia proxima Libellulidae Anisoptera,wing pigment extent discrete,,10,,single observation,,both,adult,,,,,,,,,,,
PreservedSpecimen,Leucorrhinia.proxima Leucorrhinia proxima Libellulidae Anisoptera,wing pigment extent continuous,,0.02,,single observation,,both,adult,,,,,,,,,,,
,Leucorrhinia.proxima Leucorrhinia proxima Libellulidae Anisoptera,wing pigment symmetry,,hindwing more pigment,,single observation,,both,adult,,,,,,,,,,,
,Leucorrhinia.proxima Leucorrhinia proxima Libellulidae Anisoptera,wing pigment color,,black,,single observation,,both,adult,,,,,,,,,,,
,Leucorrhinia.proxima Leucorrhinia proxima Libellulidae Anisoptera,wing pigment placement,,basal,,single observation,,both,adult,,,,,,,,,,,
HumanObservation,Leucorrhinia.proxima Leucorrhinia proxima Libellulidae Anisoptera,Flight season start,,5.26,,single observation,,both,adult,,,,,,,,,,,
,Leucorrhinia.proxima Leucorrhinia proxima Libellulidae Anisoptera,Flight season end,,12.09,,single observation,,both,adult,,,,,,,,,,,
PreservedSpecimen,Leucorrhinia.proxima Leucorrhinia proxima Libellulidae Anisoptera,body colors,Odonate Phenotypic Database (http://www.odonatephenotypicdatabase.org),black,,single observation,,both,adult,,,,,,,,,,,
PreservedSpecimen,Leucorrhinia.proxima Leucorrhinia proxima Libellulidae Anisoptera,body colortypes,Odonate Phenotypic Database (http://www.odonatephenotypicdatabase.org),pigment,,single observation,,both,adult,,,,,,,,,,,
PreservedSpecimen,Leucorrhinia.proxima Leucorrhinia proxima Libellulidae Anisoptera,body patterns,Odonate Phenotypic Database (http://www.odonatephenotypicdatabase.org),spotted,,single observation,,both,adult,,,,,,,,,,,
,Leucorrhinia.proxima Leucorrhinia proxima Libellulidae Anisoptera,mate guarding,,NA,,single observation,,both,adult,,,,,,,,,,,
Occurrence,Leucorrhinia.proxima Leucorrhinia proxima Libellulidae Anisoptera,flight mode,,percher,,single observation,,both,adult,,,,,,,,,,,
HumanObservation,Leucorrhinia.proxima Leucorrhinia proxima Libellulidae Anisoptera,territoriality,,territorial,,single observation,,both,adult,,,,,,,,,,,
HumanObservation,Leucorrhinia.proxima Leucorrhinia proxima Libellulidae Anisoptera,aquatic habitats,,lake,,single observation,,both,adult,,,,,,,,,,,
HumanObservation,Leucorrhinia.proxima Leucorrhinia proxima Libellulidae Anisoptera,habitat openness,,closed,,single observation,,both,adult,,,,,,,,,,,
PreservedSpecimen,Leucorrhinia.proxima Leucorrhinia proxima Libellulidae Anisoptera,body lengths,Data extraction from the Odonate Phenotypic Database (http://www.odonatephenotypicdatabase.org),34.5,,single observation,,both,adult,,,,,,,,,,,
PreservedSpecimen,Leucorrhinia.proxima Leucorrhinia proxima Libellulidae Anisoptera,hindwing lengths,Odonate Phenotypic Database (http://www.odonatephenotypicdatabase.org),25.5,,single observation,,both,adult,,,,,,,,,,,
PreservedSpecimen,Leucorrhinia.proxima Leucorrhinia proxima Libellulidae Anisoptera,has wing pigment,Retrieval from the Odonate Phenotypic Database (http://www.odonatephenotypicdatabase.org),yes,,single observation,,both,adult,,,,,,,,,,,
,Leucorrhinia.proxima Leucorrhinia proxima Libellulidae Anisoptera,wing pigment extent discrete,,10,,single observation,,both,adult,,,,,,,,,,,
PreservedSpecimen,Leucorrhinia.proxima Leucorrhinia proxima Libellulidae Anisoptera,wing pigment extent continuous,,0.02,,single observation,,both,adult,,,,,,,,,,,
,Leucorrhinia.proxima Leucorrhinia proxima Libellulidae Anisoptera,wing pigment symmetry,,hindwing more pigment,,single observation,,both,adult,,,,,,,,,,,
,Leucorrhinia.proxima Leucorrhinia proxima Libellulidae Anisoptera,wing pigment color,,black,,single observation,,both,adult,,,,,,,,,,,
,Leucorrhinia.proxima Leucorrhinia proxima Libellulidae Anisoptera,wing pigment placement,,basal,,single observation,,both,adult,,,,,,,,,,,
HumanObservation,Libellula.cyanea Libellula cyanea Libellulidae Anisoptera,Flight season start,,15/7,,single observation,,both,adult,,,,,,,,,,,
,Libellula.cyanea Libellula cyanea Libellulidae Anisoptera,Flight season end,,8/10,,single observation,,both,adult,,,,,,,,,,,
PreservedSpecimen,Libellula.cyanea Libellula cyanea Libellulidae Anisoptera,body colors,Odonate Phenotypic Database (http://www.odonatephenotypicdatabase.org),black,,single observation,,both,adult,,,,,,,,,,,
PreservedSpecimen,Libellula.cyanea Libellula cyanea Libellulidae Anisoptera,body colortypes,Odonate Phenotypic Database (http://www.odonatephenotypicdatabase.org),pruinescence,,single observation,,both,adult,,,,,,,,,,,
PreservedSpecimen,Libellula.cyanea Libellula cyanea Libellulidae Anisoptera,body patterns,Odonate Phenotypic Database (http://www.odonatephenotypicdatabase.org),plain,,single observation,,both,adult,,,,,,,,,,,
,Libellula.cyanea Libellula cyanea Libellulidae Anisoptera,mate guarding,,NA,,single observation,,both,adult,,,,,,,,,,,
Occurrence,Libellula.cyanea Libellula cyanea Libellulidae Anisoptera,flight mode,,percher,,single observation,,both,adult,,,,,,,,,,,
HumanObservation,Libellula.cyanea Libellula cyanea Libellulidae Anisoptera,territoriality,,NA,,single observation,,both,adult,,,,,,,,,,,
HumanObservation,Libellula.cyanea Libellula cyanea Libellulidae Anisoptera,aquatic habitats,,lake,,single observation,,both,adult,,,,,,,,,,,
HumanObservation,Libellula.cyanea Libellula cyanea Libellulidae Anisoptera,habitat openness,,closed,,single observation,,both,adult,,,,,,,,,,,
PreservedSpecimen,Libellula.cyanea Libellula cyanea Libellulidae Anisoptera,body lengths,Data extraction from the Odonate Phenotypic Database (http://www.odonatephenotypicdatabase.org),43.5,,single observation,,both,adult,,,,,,,,,,,
PreservedSpecimen,Libellula.cyanea Libellula cyanea Libellulidae Anisoptera,hindwing lengths,Odonate Phenotypic Database (http://www.odonatephenotypicdatabase.org),34,,single observation,,both,adult,,,,,,,,,,,
PreservedSpecimen,Libellula.cyanea Libellula cyanea Libellulidae Anisoptera,has wing pigment,Retrieval from the Odonate Phenotypic Database (http://www.odonatephenotypicdatabase.org),yes,,single observation,,both,adult,,,,,,,,,,,
,Libellula.cyanea Libellula cyanea Libellulidae Anisoptera,wing pigment extent discrete,,NA,,single observation,,both,adult,,,,,,,,,,,
PreservedSpecimen,Libellula.cyanea Libellula cyanea Libellulidae Anisoptera,wing pigment extent continuous,,NA,,single observation,,both,adult,,,,,,,,,,,
,Libellula.cyanea Libellula cyanea Libellulidae Anisoptera,wing pigment symmetry,,NA,,single observation,,both,adult,,,,,,,,,,,
,Libellula.cyanea Libellula cyanea Libellulidae Anisoptera,wing pigment color,,black,,single observation,,both,adult,,,,,,,,,,,
,Libellula.cyanea Libellula cyanea Libellulidae Anisoptera,wing pigment placement,,NA,,single observation,,both,adult,,,,,,,,,,,
HumanObservation,Libellula.cyanea Libellula cyanea Libellulidae Anisoptera,Flight season start,,7.15,,single observation,,both,adult,,,,,,,,,,,
,Libellula.cyanea Libellula cyanea Libellulidae Anisoptera,Flight season end,,10.08,,single observation,,both,adult,,,,,,,,,,,
PreservedSpecimen,Libellula.cyanea Libellula cyanea Libellulidae Anisoptera,body colors,Odonate Phenotypic Database (http://www.odonatephenotypicdatabase.org),black,,single observation,,both,adult,,,,,,,,,,,
PreservedSpecimen,Libellula.cyanea Libellula cyanea Libellulidae Anisoptera,body colortypes,Odonate Phenotypic Database (http://www.odonatephenotypicdatabase.org),pruinescence,,single observation,,both,adult,,,,,,,,,,,
PreservedSpecimen,Libellula.cyanea Libellula cyanea Libellulidae Anisoptera,body patterns,Odonate Phenotypic Database (http://www.odonatephenotypicdatabase.org),plain,,single observation,,both,adult,,,,,,,,,,,
,Libellula.cyanea Libellula cyanea Libellulidae Anisoptera,mate guarding,,NA,,single observation,,both,adult,,,,,,,,,,,
Occurrence,Libellula.cyanea Libellula cyanea Libellulidae Anisoptera,flight mode,,percher,,single observation,,both,adult,,,,,,,,,,,
HumanObservation,Libellula.cyanea Libellula cyanea Libellulidae Anisoptera,territoriality,,NA,,single observation,,both,adult,,,,,,,,,,,
HumanObservation,Libellula.cyanea Libellula cyanea Libellulidae Anisoptera,aquatic habitats,,lake,,single observation,,both,adult,,,,,,,,,,,
HumanObservation,Libellula.cyanea Libellula cyanea Libellulidae Anisoptera,habitat openness,,closed,,single observation,,both,adult,,,,,,,,,,,
PreservedSpecimen,Libellula.cyanea Libellula cyanea Libellulidae Anisoptera,body lengths,Data extraction from the Odonate Phenotypic Database (http://www.odonatephenotypicdatabase.org),43.5,,single observation,,both,adult,,,,,,,,,,,
PreservedSpecimen,Libellula.cyanea Libellula cyanea Libellulidae Anisoptera,hindwing lengths,Odonate Phenotypic Database (http://www.odonatephenotypicdatabase.org),34,,single observation,,both,adult,,,,,,,,,,,
PreservedSpecimen,Libellula.cyanea Libellula cyanea Libellulidae Anisoptera,has wing pigment,Retrieval from the Odonate Phenotypic Database (http://www.odonatephenotypicdatabase.org),yes,,single observation,,both,adult,,,,,,,,,,,
,Libellula.cyanea Libellula cyanea Libellulidae Anisoptera,wing pigment extent discrete,,NA,,single observation,,both,adult,,,,,,,,,,,
PreservedSpecimen,Libellula.cyanea Libellula cyanea Libellulidae Anisoptera,wing pigment extent continuous,,NA,,single observation,,both,adult,,,,,,,,,,,
,Libellula.cyanea Libellula cyanea Libellulidae Anisoptera,wing pigment symmetry,,NA,,single observation,,both,adult,,,,,,,,,,,
,Libellula.cyanea Libellula cyanea Libellulidae Anisoptera,wing pigment color,,black,,single observation,,both,adult,,,,,,,,,,,
,Libellula.cyanea Libellula cyanea Libellulidae Anisoptera,wing pigment placement,,NA,,single observation,,both,adult,,,,,,,,,,,
HumanObservation,Libellula.incesta Libellula incesta Libellulidae Anisoptera,Flight season start,,14/7,,single observation,,both,adult,,,,,,,,,,,
,Libellula.incesta Libellula incesta Libellulidae Anisoptera,Flight season end,,10/11,,single observation,,both,adult,,,,,,,,,,,
PreservedSpecimen,Libellula.incesta Libellula incesta Libellulidae Anisoptera,body colors,Odonate Phenotypic Database (http://www.odonatephenotypicdatabase.org),black,,single observation,,both,adult,,,,,,,,,,,
PreservedSpecimen,Libellula.incesta Libellula incesta Libellulidae Anisoptera,body colortypes,Odonate Phenotypic Database (http://www.odonatephenotypicdatabase.org),pigment,,single observation,,both,adult,,,,,,,,,,,
PreservedSpecimen,Libellula.incesta Libellula incesta Libellulidae Anisoptera,body patterns,Odonate Phenotypic Database (http://www.odonatephenotypicdatabase.org),plain,,single observation,,both,adult,,,,,,,,,,,
,Libellula.incesta Libellula incesta Libellulidae Anisoptera,mate guarding,,noncontact,,single observation,,both,adult,,,,,,,,,,,
Occurrence,Libellula.incesta Libellula incesta Libellulidae Anisoptera,flight mode,,percher,,single observation,,both,adult,,,,,,,,,,,
HumanObservation,Libellula.incesta Libellula incesta Libellulidae Anisoptera,territoriality,,territorial,,single observation,,both,adult,,,,,,,,,,,
HumanObservation,Libellula.incesta Libellula incesta Libellulidae Anisoptera,aquatic habitats,,lake,,single observation,,both,adult,,,,,,,,,,,
HumanObservation,Libellula.incesta Libellula incesta Libellulidae Anisoptera,habitat openness,,closed,,single observation,,both,adult,,,,,,,,,,,
PreservedSpecimen,Libellula.incesta Libellula incesta Libellulidae Anisoptera,body lengths,Data extraction from the Odonate Phenotypic Database (http://www.odonatephenotypicdatabase.org),51,,single observation,,both,adult,,,,,,,,,,,
PreservedSpecimen,Libellula.incesta Libellula incesta Libellulidae Anisoptera,hindwing lengths,Odonate Phenotypic Database (http://www.odonatephenotypicdatabase.org),39,,single observation,,both,adult,,,,,,,,,,,
PreservedSpecimen,Libellula.incesta Libellula incesta Libellulidae Anisoptera,has wing pigment,Retrieval from the Odonate Phenotypic Database (http://www.odonatephenotypicdatabase.org),yes,,single observation,,both,adult,,,,,,,,,,,
,Libellula.incesta Libellula incesta Libellulidae Anisoptera,wing pigment extent discrete,,10,,single observation,,both,adult,,,,,,,,,,,
PreservedSpecimen,Libellula.incesta Libellula incesta Libellulidae Anisoptera,wing pigment extent continuous,,0.01,,single observation,,both,adult,,,,,,,,,,,
,Libellula.incesta Libellula incesta Libellulidae Anisoptera,wing pigment symmetry,,symmetric pigment,,single observation,,both,adult,,,,,,,,,,,
,Libellula.incesta Libellula incesta Libellulidae Anisoptera,wing pigment color,,black,,single observation,,both,adult,,,,,,,,,,,
,Libellula.incesta Libellula incesta Libellulidae Anisoptera,wing pigment placement,,tip,,single observation,,both,adult,,,,,,,,,,,
HumanObservation,Libellula.incesta Libellula incesta Libellulidae Anisoptera,Flight season start,,7.14,,single observation,,both,adult,,,,,,,,,,,
,Libellula.incesta Libellula incesta Libellulidae Anisoptera,Flight season end,,11.1,,single observation,,both,adult,,,,,,,,,,,
PreservedSpecimen,Libellula.incesta Libellula incesta Libellulidae Anisoptera,body colors,Odonate Phenotypic Database (http://www.odonatephenotypicdatabase.org),black,,single observation,,both,adult,,,,,,,,,,,
PreservedSpecimen,Libellula.incesta Libellula incesta Libellulidae Anisoptera,body colortypes,Odonate Phenotypic Database (http://www.odonatephenotypicdatabase.org),pigment,,single observation,,both,adult,,,,,,,,,,,
PreservedSpecimen,Libellula.incesta Libellula incesta Libellulidae Anisoptera,body patterns,Odonate Phenotypic Database (http://www.odonatephenotypicdatabase.org),plain,,single observation,,both,adult,,,,,,,,,,,
,Libellula.incesta Libellula incesta Libellulidae Anisoptera,mate guarding,,noncontact,,single observation,,both,adult,,,,,,,,,,,
Occurrence,Libellula.incesta Libellula incesta Libellulidae Anisoptera,flight mode,,percher,,single observation,,both,adult,,,,,,,,,,,
HumanObservation,Libellula.incesta Libellula incesta Libellulidae Anisoptera,territoriality,,territorial,,single observation,,both,adult,,,,,,,,,,,
HumanObservation,Libellula.incesta Libellula incesta Libellulidae Anisoptera,aquatic habitats,,lake,,single observation,,both,adult,,,,,,,,,,,
HumanObservation,Libellula.incesta Libellula incesta Libellulidae Anisoptera,habitat openness,,closed,,single observation,,both,adult,,,,,,,,,,,
PreservedSpecimen,Libellula.incesta Libellula incesta Libellulidae Anisoptera,body lengths,Data extraction from the Odonate Phenotypic Database (http://www.odonatephenotypicdatabase.org),51,,single observation,,both,adult,,,,,,,,,,,
PreservedSpecimen,Libellula.incesta Libellula incesta Libellulidae Anisoptera,hindwing lengths,Odonate Phenotypic Database (http://www.odonatephenotypicdatabase.org),39,,single observation,,both,adult,,,,,,,,,,,
PreservedSpecimen,Libellula.incesta Libellula incesta Libellulidae Anisoptera,has wing pigment,Retrieval from the Odonate Phenotypic Database (http://www.odonatephenotypicdatabase.org),yes,,single observation,,both,adult,,,,,,,,,,,
,Libellula.incesta Libellula incesta Libellulidae Anisoptera,wing pigment extent discrete,,10,,single observation,,both,adult,,,,,,,,,,,
PreservedSpecimen,Libellula.incesta Libellula incesta Libellulidae Anisoptera,wing pigment extent continuous,,0.01,,single observation,,both,adult,,,,,,,,,,,
,Libellula.incesta Libellula incesta Libellulidae Anisoptera,wing pigment symmetry,,symmetric pigment,,single observation,,both,adult,,,,,,,,,,,
,Libellula.incesta Libellula incesta Libellulidae Anisoptera,wing pigment color,,black,,single observation,,both,adult,,,,,,,,,,,
,Libellula.incesta Libellula incesta Libellulidae Anisoptera,wing pigment placement,,tip,,single observation,,both,adult,,,,,,,,,,,
HumanObservation,Libellula.luctuosa Libellula luctuosa Libellulidae Anisoptera,Flight season start,,29/5,,single observation,,both,adult,,,,,,,,,,,
,Libellula.luctuosa Libellula luctuosa Libellulidae Anisoptera,Flight season end,,9/6,,single observation,,both,adult,,,,,,,,,,,
PreservedSpecimen,Libellula.luctuosa Libellula luctuosa Libellulidae Anisoptera,body colors,Odonate Phenotypic Database (http://www.odonatephenotypicdatabase.org),brown,,single observation,,both,adult,,,,,,,,,,,
PreservedSpecimen,Libellula.luctuosa Libellula luctuosa Libellulidae Anisoptera,body colortypes,Odonate Phenotypic Database (http://www.odonatephenotypicdatabase.org),pigment,,single observation,,both,adult,,,,,,,,,,,
PreservedSpecimen,Libellula.luctuosa Libellula luctuosa Libellulidae Anisoptera,body patterns,Odonate Phenotypic Database (http://www.odonatephenotypicdatabase.org),plain,,single observation,,both,adult,,,,,,,,,,,
,Libellula.luctuosa Libellula luctuosa Libellulidae Anisoptera,mate guarding,,noncontact,,single observation,,both,adult,,,,,,,,,,,
Occurrence,Libellula.luctuosa Libellula luctuosa Libellulidae Anisoptera,flight mode,,flier,,single observation,,both,adult,,,,,,,,,,,
HumanObservation,Libellula.luctuosa Libellula luctuosa Libellulidae Anisoptera,territoriality,,territorial,,single observation,,both,adult,,,,,,,,,,,
HumanObservation,Libellula.luctuosa Libellula luctuosa Libellulidae Anisoptera,aquatic habitats,,lake,,single observation,,both,adult,,,,,,,,,,,
HumanObservation,Libellula.luctuosa Libellula luctuosa Libellulidae Anisoptera,habitat openness,,closed,,single observation,,both,adult,,,,,,,,,,,
PreservedSpecimen,Libellula.luctuosa Libellula luctuosa Libellulidae Anisoptera,body lengths,Data extraction from the Odonate Phenotypic Database (http://www.odonatephenotypicdatabase.org),46,,single observation,,both,adult,,,,,,,,,,,
PreservedSpecimen,Libellula.luctuosa Libellula luctuosa Libellulidae Anisoptera,hindwing lengths,Odonate Phenotypic Database (http://www.odonatephenotypicdatabase.org),39,,single observation,,both,adult,,,,,,,,,,,
PreservedSpecimen,Libellula.luctuosa Libellula luctuosa Libellulidae Anisoptera,has wing pigment,Retrieval from the Odonate Phenotypic Database (http://www.odonatephenotypicdatabase.org),yes,,single observation,,both,adult,,,,,,,,,,,
,Libellula.luctuosa Libellula luctuosa Libellulidae Anisoptera,wing pigment extent discrete,,75,,single observation,,both,adult,,,,,,,,,,,
PreservedSpecimen,Libellula.luctuosa Libellula luctuosa Libellulidae Anisoptera,wing pigment extent continuous,,0.74,,single observation,,both,adult,,,,,,,,,,,
,Libellula.luctuosa Libellula luctuosa Libellulidae Anisoptera,wing pigment symmetry,,symmetric pigment,,single observation,,both,adult,,,,,,,,,,,
,Libellula.luctuosa Libellula luctuosa Libellulidae Anisoptera,wing pigment color,,black,,single observation,,both,adult,,,,,,,,,,,
,Libellula.luctuosa Libellula luctuosa Libellulidae Anisoptera,wing pigment placement,,basal,,single observation,,both,adult,,,,,,,,,,,
HumanObservation,Libellula.luctuosa Libellula luctuosa Libellulidae Anisoptera,Flight season start,,5.29,,single observation,,both,adult,,,,,,,,,,,
,Libellula.luctuosa Libellula luctuosa Libellulidae Anisoptera,Flight season end,,6.09,,single observation,,both,adult,,,,,,,,,,,
PreservedSpecimen,Libellula.luctuosa Libellula luctuosa Libellulidae Anisoptera,body colors,Odonate Phenotypic Database (http://www.odonatephenotypicdatabase.org),brown,,single observation,,both,adult,,,,,,,,,,,
PreservedSpecimen,Libellula.luctuosa Libellula luctuosa Libellulidae Anisoptera,body colortypes,Odonate Phenotypic Database (http://www.odonatephenotypicdatabase.org),pigment,,single observation,,both,adult,,,,,,,,,,,
PreservedSpecimen,Libellula.luctuosa Libellula luctuosa Libellulidae Anisoptera,body patterns,Odonate Phenotypic Database (http://www.odonatephenotypicdatabase.org),plain,,single observation,,both,adult,,,,,,,,,,,
,Libellula.luctuosa Libellula luctuosa Libellulidae Anisoptera,mate guarding,,noncontact,,single observation,,both,adult,,,,,,,,,,,
Occurrence,Libellula.luctuosa Libellula luctuosa Libellulidae Anisoptera,flight mode,,flier,,single observation,,both,adult,,,,,,,,,,,
HumanObservation,Libellula.luctuosa Libellula luctuosa Libellulidae Anisoptera,territoriality,,territorial,,single observation,,both,adult,,,,,,,,,,,
HumanObservation,Libellula.luctuosa Libellula luctuosa Libellulidae Anisoptera,aquatic habitats,,lake,,single observation,,both,adult,,,,,,,,,,,
HumanObservation,Libellula.luctuosa Libellula luctuosa Libellulidae Anisoptera,habitat openness,,closed,,single observation,,both,adult,,,,,,,,,,,
PreservedSpecimen,Libellula.luctuosa Libellula luctuosa Libellulidae Anisoptera,body lengths,Data extraction from the Odonate Phenotypic Database (http://www.odonatephenotypicdatabase.org),46,,single observation,,both,adult,,,,,,,,,,,
PreservedSpecimen,Libellula.luctuosa Libellula luctuosa Libellulidae Anisoptera,hindwing lengths,Odonate Phenotypic Database (http://www.odonatephenotypicdatabase.org),39,,single observation,,both,adult,,,,,,,,,,,
PreservedSpecimen,Libellula.luctuosa Libellula luctuosa Libellulidae Anisoptera,has wing pigment,Retrieval from the Odonate Phenotypic Database (http://www.odonatephenotypicdatabase.org),yes,,single observation,,both,adult,,,,,,,,,,,
,Libellula.luctuosa Libellula luctuosa Libellulidae Anisoptera,wing pigment extent discrete,,75,,single observation,,both,adult,,,,,,,,,,,
PreservedSpecimen,Libellula.luctuosa Libellula luctuosa Libellulidae Anisoptera,wing pigment extent continuous,,0.74,,single observation,,both,adult,,,,,,,,,,,
,Libellula.luctuosa Libellula luctuosa Libellulidae Anisoptera,wing pigment symmetry,,symmetric pigment,,single observation,,both,adult,,,,,,,,,,,
,Libellula.luctuosa Libellula luctuosa Libellulidae Anisoptera,wing pigment color,,black,,single observation,,both,adult,,,,,,,,,,,
,Libellula.luctuosa Libellula luctuosa Libellulidae Anisoptera,wing pigment placement,,basal,,single observation,,both,adult,,,,,,,,,,,
HumanObservation,Libellula.pulchella Libellula pulchella Libellulidae Anisoptera,Flight season start,,29/5,,single observation,,both,adult,,,,,,,,,,,
,Libellula.pulchella Libellula pulchella Libellulidae Anisoptera,Flight season end,,9/9,,single observation,,both,adult,,,,,,,,,,,
PreservedSpecimen,Libellula.pulchella Libellula pulchella Libellulidae Anisoptera,body colors,Odonate Phenotypic Database (http://www.odonatephenotypicdatabase.org),brown,,single observation,,both,adult,,,,,,,,,,,
PreservedSpecimen,Libellula.pulchella Libellula pulchella Libellulidae Anisoptera,body colortypes,Odonate Phenotypic Database (http://www.odonatephenotypicdatabase.org),pigment,,single observation,,both,adult,,,,,,,,,,,
PreservedSpecimen,Libellula.pulchella Libellula pulchella Libellulidae Anisoptera,body patterns,Odonate Phenotypic Database (http://www.odonatephenotypicdatabase.org),plain,,single observation,,both,adult,,,,,,,,,,,
,Libellula.pulchella Libellula pulchella Libellulidae Anisoptera,mate guarding,,noncontact,,single observation,,both,adult,,,,,,,,,,,
Occurrence,Libellula.pulchella Libellula pulchella Libellulidae Anisoptera,flight mode,,flier,,single observation,,both,adult,,,,,,,,,,,
HumanObservation,Libellula.pulchella Libellula pulchella Libellulidae Anisoptera,territoriality,,territorial,,single observation,,both,adult,,,,,,,,,,,
HumanObservation,Libellula.pulchella Libellula pulchella Libellulidae Anisoptera,aquatic habitats,,lake,,single observation,,both,adult,,,,,,,,,,,
HumanObservation,Libellula.pulchella Libellula pulchella Libellulidae Anisoptera,habitat openness,,open,,single observation,,both,adult,,,,,,,,,,,
PreservedSpecimen,Libellula.pulchella Libellula pulchella Libellulidae Anisoptera,body lengths,Data extraction from the Odonate Phenotypic Database (http://www.odonatephenotypicdatabase.org),54.5,,single observation,,both,adult,,,,,,,,,,,
PreservedSpecimen,Libellula.pulchella Libellula pulchella Libellulidae Anisoptera,hindwing lengths,Odonate Phenotypic Database (http://www.odonatephenotypicdatabase.org),44,,single observation,,both,adult,,,,,,,,,,,
PreservedSpecimen,Libellula.pulchella Libellula pulchella Libellulidae Anisoptera,has wing pigment,Retrieval from the Odonate Phenotypic Database (http://www.odonatephenotypicdatabase.org),yes,,single observation,,both,adult,,,,,,,,,,,
,Libellula.pulchella Libellula pulchella Libellulidae Anisoptera,wing pigment extent discrete,,50,,single observation,,both,adult,,,,,,,,,,,
PreservedSpecimen,Libellula.pulchella Libellula pulchella Libellulidae Anisoptera,wing pigment extent continuous,,0.46,,single observation,,both,adult,,,,,,,,,,,
,Libellula.pulchella Libellula pulchella Libellulidae Anisoptera,wing pigment symmetry,,symmetric pigment,,single observation,,both,adult,,,,,,,,,,,
,Libellula.pulchella Libellula pulchella Libellulidae Anisoptera,wing pigment color,,black,,single observation,,both,adult,,,,,,,,,,,
,Libellula.pulchella Libellula pulchella Libellulidae Anisoptera,wing pigment placement,,basal,,single observation,,both,adult,,,,,,,,,,,
HumanObservation,Libellula.pulchella Libellula pulchella Libellulidae Anisoptera,Flight season start,,5.29,,single observation,,both,adult,,,,,,,,,,,
,Libellula.pulchella Libellula pulchella Libellulidae Anisoptera,Flight season end,,9.09,,single observation,,both,adult,,,,,,,,,,,
PreservedSpecimen,Libellula.pulchella Libellula pulchella Libellulidae Anisoptera,body colors,Odonate Phenotypic Database (http://www.odonatephenotypicdatabase.org),brown,,single observation,,both,adult,,,,,,,,,,,
PreservedSpecimen,Libellula.pulchella Libellula pulchella Libellulidae Anisoptera,body colortypes,Odonate Phenotypic Database (http://www.odonatephenotypicdatabase.org),pigment,,single observation,,both,adult,,,,,,,,,,,
PreservedSpecimen,Libellula.pulchella Libellula pulchella Libellulidae Anisoptera,body patterns,Odonate Phenotypic Database (http://www.odonatephenotypicdatabase.org),plain,,single observation,,both,adult,,,,,,,,,,,
,Libellula.pulchella Libellula pulchella Libellulidae Anisoptera,mate guarding,,noncontact,,single observation,,both,adult,,,,,,,,,,,
Occurrence,Libellula.pulchella Libellula pulchella Libellulidae Anisoptera,flight mode,,flier,,single observation,,both,adult,,,,,,,,,,,
HumanObservation,Libellula.pulchella Libellula pulchella Libellulidae Anisoptera,territoriality,,territorial,,single observation,,both,adult,,,,,,,,,,,
HumanObservation,Libellula.pulchella Libellula pulchella Libellulidae Anisoptera,aquatic habitats,,lake,,single observation,,both,adult,,,,,,,,,,,
HumanObservation,Libellula.pulchella Libellula pulchella Libellulidae Anisoptera,habitat openness,,open,,single observation,,both,adult,,,,,,,,,,,
PreservedSpecimen,Libellula.pulchella Libellula pulchella Libellulidae Anisoptera,body lengths,Data extraction from the Odonate Phenotypic Database (http://www.odonatephenotypicdatabase.org),54.5,,single observation,,both,adult,,,,,,,,,,,
PreservedSpecimen,Libellula.pulchella Libellula pulchella Libellulidae Anisoptera,hindwing lengths,Odonate Phenotypic Database (http://www.odonatephenotypicdatabase.org),44,,single observation,,both,adult,,,,,,,,,,,
PreservedSpecimen,Libellula.pulchella Libellula pulchella Libellulidae Anisoptera,has wing pigment,Retrieval from the Odonate Phenotypic Database (http://www.odonatephenotypicdatabase.org),yes,,single observation,,both,adult,,,,,,,,,,,
,Libellula.pulchella Libellula pulchella Libellulidae Anisoptera,wing pigment extent discrete,,50,,single observation,,both,adult,,,,,,,,,,,
PreservedSpecimen,Libellula.pulchella Libellula pulchella Libellulidae Anisoptera,wing pigment extent continuous,,0.46,,single observation,,both,adult,,,,,,,,,,,
,Libellula.pulchella Libellula pulchella Libellulidae Anisoptera,wing pigment symmetry,,symmetric pigment,,single observation,,both,adult,,,,,,,,,,,
,Libellula.pulchella Libellula pulchella Libellulidae Anisoptera,wing pigment color,,black,,single observation,,both,adult,,,,,,,,,,,
,Libellula.pulchella Libellula pulchella Libellulidae Anisoptera,wing pigment placement,,basal,,single observation,,both,adult,,,,,,,,,,,
HumanObservation,Libellula.quadrimaculata Libellula quadrimaculata Libellulidae Anisoptera,Flight season start,,9/5,,single observation,,both,adult,,,,,,,,,,,
,Libellula.quadrimaculata Libellula quadrimaculata Libellulidae Anisoptera,Flight season end,,9/12,,single observation,,both,adult,,,,,,,,,,,
PreservedSpecimen,Libellula.quadrimaculata Libellula quadrimaculata Libellulidae Anisoptera,body colors,Odonate Phenotypic Database (http://www.odonatephenotypicdatabase.org),black,,single observation,,both,adult,,,,,,,,,,,
PreservedSpecimen,Libellula.quadrimaculata Libellula quadrimaculata Libellulidae Anisoptera,body colortypes,Odonate Phenotypic Database (http://www.odonatephenotypicdatabase.org),pigment,,single observation,,both,adult,,,,,,,,,,,
PreservedSpecimen,Libellula.quadrimaculata Libellula quadrimaculata Libellulidae Anisoptera,body patterns,Odonate Phenotypic Database (http://www.odonatephenotypicdatabase.org),plain,,single observation,,both,adult,,,,,,,,,,,
,Libellula.quadrimaculata Libellula quadrimaculata Libellulidae Anisoptera,mate guarding,,noncontact,,single observation,,both,adult,,,,,,,,,,,
Occurrence,Libellula.quadrimaculata Libellula quadrimaculata Libellulidae Anisoptera,flight mode,,percher,,single observation,,both,adult,,,,,,,,,,,
HumanObservation,Libellula.quadrimaculata Libellula quadrimaculata Libellulidae Anisoptera,territoriality,,territorial,,single observation,,both,adult,,,,,,,,,,,
HumanObservation,Libellula.quadrimaculata Libellula quadrimaculata Libellulidae Anisoptera,aquatic habitats,,lake,,single observation,,both,adult,,,,,,,,,,,
HumanObservation,Libellula.quadrimaculata Libellula quadrimaculata Libellulidae Anisoptera,habitat openness,,closed,,single observation,,both,adult,,,,,,,,,,,
PreservedSpecimen,Libellula.quadrimaculata Libellula quadrimaculata Libellulidae Anisoptera,body lengths,Data extraction from the Odonate Phenotypic Database (http://www.odonatephenotypicdatabase.org),44,,single observation,,both,adult,,,,,,,,,,,
PreservedSpecimen,Libellula.quadrimaculata Libellula quadrimaculata Libellulidae Anisoptera,hindwing lengths,Odonate Phenotypic Database (http://www.odonatephenotypicdatabase.org),35.5,,single observation,,both,adult,,,,,,,,,,,
PreservedSpecimen,Libellula.quadrimaculata Libellula quadrimaculata Libellulidae Anisoptera,has wing pigment,Retrieval from the Odonate Phenotypic Database (http://www.odonatephenotypicdatabase.org),yes,,single observation,,both,adult,,,,,,,,,,,
,Libellula.quadrimaculata Libellula quadrimaculata Libellulidae Anisoptera,wing pigment extent discrete,,25,,single observation,,both,adult,,,,,,,,,,,
PreservedSpecimen,Libellula.quadrimaculata Libellula quadrimaculata Libellulidae Anisoptera,wing pigment extent continuous,,0.13,,single observation,,both,adult,,,,,,,,,,,
,Libellula.quadrimaculata Libellula quadrimaculata Libellulidae Anisoptera,wing pigment symmetry,,hindwing more pigment,,single observation,,both,adult,,,,,,,,,,,
,Libellula.quadrimaculata Libellula quadrimaculata Libellulidae Anisoptera,wing pigment color,,black,,single observation,,both,adult,,,,,,,,,,,
,Libellula.quadrimaculata Libellula quadrimaculata Libellulidae Anisoptera,wing pigment placement,,basal,,single observation,,both,adult,,,,,,,,,,,
HumanObservation,Libellula.quadrimaculata Libellula quadrimaculata Libellulidae Anisoptera,Flight season start,,5.09,,single observation,,both,adult,,,,,,,,,,,
,Libellula.quadrimaculata Libellula quadrimaculata Libellulidae Anisoptera,Flight season end,,12.09,,single observation,,both,adult,,,,,,,,,,,
PreservedSpecimen,Libellula.quadrimaculata Libellula quadrimaculata Libellulidae Anisoptera,body colors,Odonate Phenotypic Database (http://www.odonatephenotypicdatabase.org),black,,single observation,,both,adult,,,,,,,,,,,
PreservedSpecimen,Libellula.quadrimaculata Libellula quadrimaculata Libellulidae Anisoptera,body colortypes,Odonate Phenotypic Database (http://www.odonatephenotypicdatabase.org),pigment,,single observation,,both,adult,,,,,,,,,,,
PreservedSpecimen,Libellula.quadrimaculata Libellula quadrimaculata Libellulidae Anisoptera,body patterns,Odonate Phenotypic Database (http://www.odonatephenotypicdatabase.org),plain,,single observation,,both,adult,,,,,,,,,,,
,Libellula.quadrimaculata Libellula quadrimaculata Libellulidae Anisoptera,mate guarding,,noncontact,,single observation,,both,adult,,,,,,,,,,,
Occurrence,Libellula.quadrimaculata Libellula quadrimaculata Libellulidae Anisoptera,flight mode,,percher,,single observation,,both,adult,,,,,,,,,,,
HumanObservation,Libellula.quadrimaculata Libellula quadrimaculata Libellulidae Anisoptera,territoriality,,territorial,,single observation,,both,adult,,,,,,,,,,,
HumanObservation,Libellula.quadrimaculata Libellula quadrimaculata Libellulidae Anisoptera,aquatic habitats,,lake,,single observation,,both,adult,,,,,,,,,,,
HumanObservation,Libellula.quadrimaculata Libellula quadrimaculata Libellulidae Anisoptera,habitat openness,,closed,,single observation,,both,adult,,,,,,,,,,,
PreservedSpecimen,Libellula.quadrimaculata Libellula quadrimaculata Libellulidae Anisoptera,body lengths,Data extraction from the Odonate Phenotypic Database (http://www.odonatephenotypicdatabase.org),44,,single observation,,both,adult,,,,,,,,,,,
PreservedSpecimen,Libellula.quadrimaculata Libellula quadrimaculata Libellulidae Anisoptera,hindwing lengths,Odonate Phenotypic Database (http://www.odonatephenotypicdatabase.org),35.5,,single observation,,both,adult,,,,,,,,,,,
PreservedSpecimen,Libellula.quadrimaculata Libellula quadrimaculata Libellulidae Anisoptera,has wing pigment,Retrieval from the Odonate Phenotypic Database (http://www.odonatephenotypicdatabase.org),yes,,single observation,,both,adult,,,,,,,,,,,
,Libellula.quadrimaculata Libellula quadrimaculata Libellulidae Anisoptera,wing pigment extent discrete,,25,,single observation,,both,adult,,,,,,,,,,,
PreservedSpecimen,Libellula.quadrimaculata Libellula quadrimaculata Libellulidae Anisoptera,wing pigment extent continuous,,0.13,,single observation,,both,adult,,,,,,,,,,,
,Libellula.quadrimaculata Libellula quadrimaculata Libellulidae Anisoptera,wing pigment symmetry,,hindwing more pigment,,single observation,,both,adult,,,,,,,,,,,
,Libellula.quadrimaculata Libellula quadrimaculata Libellulidae Anisoptera,wing pigment color,,black,,single observation,,both,adult,,,,,,,,,,,
,Libellula.quadrimaculata Libellula quadrimaculata Libellulidae Anisoptera,wing pigment placement,,basal,,single observation,,both,adult,,,,,,,,,,,
HumanObservation,Libellula.semifasciata Libellula semifasciata Libellulidae Anisoptera,Flight season start,,7/3,,single observation,,both,adult,,,,,,,,,,,
,Libellula.semifasciata Libellula semifasciata Libellulidae Anisoptera,Flight season end,,16/7,,single observation,,both,adult,,,,,,,,,,,
PreservedSpecimen,Libellula.semifasciata Libellula semifasciata Libellulidae Anisoptera,body colors,Odonate Phenotypic Database (http://www.odonatephenotypicdatabase.org),black,,single observation,,both,adult,,,,,,,,,,,
PreservedSpecimen,Libellula.semifasciata Libellula semifasciata Libellulidae Anisoptera,body colortypes,Odonate Phenotypic Database (http://www.odonatephenotypicdatabase.org),pigment,,single observation,,both,adult,,,,,,,,,,,
PreservedSpecimen,Libellula.semifasciata Libellula semifasciata Libellulidae Anisoptera,body patterns,Odonate Phenotypic Database (http://www.odonatephenotypicdatabase.org),plain,,single observation,,both,adult,,,,,,,,,,,
,Libellula.semifasciata Libellula semifasciata Libellulidae Anisoptera,mate guarding,,noncontact,,single observation,,both,adult,,,,,,,,,,,
Occurrence,Libellula.semifasciata Libellula semifasciata Libellulidae Anisoptera,flight mode,,percher,,single observation,,both,adult,,,,,,,,,,,
HumanObservation,Libellula.semifasciata Libellula semifasciata Libellulidae Anisoptera,territoriality,,territorial,,single observation,,both,adult,,,,,,,,,,,
HumanObservation,Libellula.semifasciata Libellula semifasciata Libellulidae Anisoptera,aquatic habitats,,pond,,single observation,,both,adult,,,,,,,,,,,
HumanObservation,Libellula.semifasciata Libellula semifasciata Libellulidae Anisoptera,habitat openness,,closed,,single observation,,both,adult,,,,,,,,,,,
PreservedSpecimen,Libellula.semifasciata Libellula semifasciata Libellulidae Anisoptera,body lengths,Data extraction from the Odonate Phenotypic Database (http://www.odonatephenotypicdatabase.org),46.5,,single observation,,both,adult,,,,,,,,,,,
PreservedSpecimen,Libellula.semifasciata Libellula semifasciata Libellulidae Anisoptera,hindwing lengths,Odonate Phenotypic Database (http://www.odonatephenotypicdatabase.org),34,,single observation,,both,adult,,,,,,,,,,,
PreservedSpecimen,Libellula.semifasciata Libellula semifasciata Libellulidae Anisoptera,has wing pigment,Retrieval from the Odonate Phenotypic Database (http://www.odonatephenotypicdatabase.org),yes,,single observation,,both,adult,,,,,,,,,,,
,Libellula.semifasciata Libellula semifasciata Libellulidae Anisoptera,wing pigment extent discrete,,25,,single observation,,both,adult,,,,,,,,,,,
PreservedSpecimen,Libellula.semifasciata Libellula semifasciata Libellulidae Anisoptera,wing pigment extent continuous,,0.23,,single observation,,both,adult,,,,,,,,,,,
,Libellula.semifasciata Libellula semifasciata Libellulidae Anisoptera,wing pigment symmetry,,symmetric pigment,,single observation,,both,adult,,,,,,,,,,,
,Libellula.semifasciata Libellula semifasciata Libellulidae Anisoptera,wing pigment color,,brown,,single observation,,both,adult,,,,,,,,,,,
,Libellula.semifasciata Libellula semifasciata Libellulidae Anisoptera,wing pigment placement,,basal,,single observation,,both,adult,,,,,,,,,,,
HumanObservation,Libellula.semifasciata Libellula semifasciata Libellulidae Anisoptera,Flight season start,,3.07,,single observation,,both,adult,,,,,,,,,,,
,Libellula.semifasciata Libellula semifasciata Libellulidae Anisoptera,Flight season end,,7.16,,single observation,,both,adult,,,,,,,,,,,
PreservedSpecimen,Libellula.semifasciata Libellula semifasciata Libellulidae Anisoptera,body colors,Odonate Phenotypic Database (http://www.odonatephenotypicdatabase.org),black,,single observation,,both,adult,,,,,,,,,,,
PreservedSpecimen,Libellula.semifasciata Libellula semifasciata Libellulidae Anisoptera,body colortypes,Odonate Phenotypic Database (http://www.odonatephenotypicdatabase.org),pigment,,single observation,,both,adult,,,,,,,,,,,
PreservedSpecimen,Libellula.semifasciata Libellula semifasciata Libellulidae Anisoptera,body patterns,Odonate Phenotypic Database (http://www.odonatephenotypicdatabase.org),plain,,single observation,,both,adult,,,,,,,,,,,
,Libellula.semifasciata Libellula semifasciata Libellulidae Anisoptera,mate guarding,,noncontact,,single observation,,both,adult,,,,,,,,,,,
Occurrence,Libellula.semifasciata Libellula semifasciata Libellulidae Anisoptera,flight mode,,percher,,single observation,,both,adult,,,,,,,,,,,
HumanObservation,Libellula.semifasciata Libellula semifasciata Libellulidae Anisoptera,territoriality,,territorial,,single observation,,both,adult,,,,,,,,,,,
HumanObservation,Libellula.semifasciata Libellula semifasciata Libellulidae Anisoptera,aquatic habitats,,pond,,single observation,,both,adult,,,,,,,,,,,
HumanObservation,Libellula.semifasciata Libellula semifasciata Libellulidae Anisoptera,habitat openness,,closed,,single observation,,both,adult,,,,,,,,,,,
PreservedSpecimen,Libellula.semifasciata Libellula semifasciata Libellulidae Anisoptera,body lengths,Data extraction from the Odonate Phenotypic Database (http://www.odonatephenotypicdatabase.org),46.5,,single observation,,both,adult,,,,,,,,,,,
PreservedSpecimen,Libellula.semifasciata Libellula semifasciata Libellulidae Anisoptera,hindwing lengths,Odonate Phenotypic Database (http://www.odonatephenotypicdatabase.org),34,,single observation,,both,adult,,,,,,,,,,,
PreservedSpecimen,Libellula.semifasciata Libellula semifasciata Libellulidae Anisoptera,has wing pigment,Retrieval from the Odonate Phenotypic Database (http://www.odonatephenotypicdatabase.org),yes,,single observation,,both,adult,,,,,,,,,,,
,Libellula.semifasciata Libellula semifasciata Libellulidae Anisoptera,wing pigment extent discrete,,25,,single observation,,both,adult,,,,,,,,,,,
PreservedSpecimen,Libellula.semifasciata Libellula semifasciata Libellulidae Anisoptera,wing pigment extent continuous,,0.23,,single observation,,both,adult,,,,,,,,,,,
,Libellula.semifasciata Libellula semifasciata Libellulidae Anisoptera,wing pigment symmetry,,symmetric pigment,,single observation,,both,adult,,,,,,,,,,,
,Libellula.semifasciata Libellula semifasciata Libellulidae Anisoptera,wing pigment color,,brown,,single observation,,both,adult,,,,,,,,,,,
,Libellula.semifasciata Libellula semifasciata Libellulidae Anisoptera,wing pigment placement,,basal,,single observation,,both,adult,,,,,,,,,,,
HumanObservation,Macromia.illinoiensis Macromia illinoiensis Macromiidae Anisoptera,Flight season start,,7/2,,single observation,,both,adult,,,,,,,,,,,
,Macromia.illinoiensis Macromia illinoiensis Macromiidae Anisoptera,Flight season end,,31/8,,single observation,,both,adult,,,,,,,,,,,
PreservedSpecimen,Macromia.illinoiensis Macromia illinoiensis Macromiidae Anisoptera,body colors,Odonate Phenotypic Database (http://www.odonatephenotypicdatabase.org),black,,single observation,,both,adult,,,,,,,,,,,
PreservedSpecimen,Macromia.illinoiensis Macromia illinoiensis Macromiidae Anisoptera,body colortypes,Odonate Phenotypic Database (http://www.odonatephenotypicdatabase.org),pigment,,single observation,,both,adult,,,,,,,,,,,
PreservedSpecimen,Macromia.illinoiensis Macromia illinoiensis Macromiidae Anisoptera,body patterns,Odonate Phenotypic Database (http://www.odonatephenotypicdatabase.org),spotted,,single observation,,both,adult,,,,,,,,,,,
,Macromia.illinoiensis Macromia illinoiensis Macromiidae Anisoptera,mate guarding,,NA,,single observation,,both,adult,,,,,,,,,,,
Occurrence,Macromia.illinoiensis Macromia illinoiensis Macromiidae Anisoptera,flight mode,,flier,,single observation,,both,adult,,,,,,,,,,,
HumanObservation,Macromia.illinoiensis Macromia illinoiensis Macromiidae Anisoptera,territoriality,,territorial,,single observation,,both,adult,,,,,,,,,,,
HumanObservation,Macromia.illinoiensis Macromia illinoiensis Macromiidae Anisoptera,aquatic habitats,,lake,,single observation,,both,adult,,,,,,,,,,,
HumanObservation,Macromia.illinoiensis Macromia illinoiensis Macromiidae Anisoptera,habitat openness,,open,,single observation,,both,adult,,,,,,,,,,,
PreservedSpecimen,Macromia.illinoiensis Macromia illinoiensis Macromiidae Anisoptera,body lengths,Data extraction from the Odonate Phenotypic Database (http://www.odonatephenotypicdatabase.org),70.5,,single observation,,both,adult,,,,,,,,,,,
PreservedSpecimen,Macromia.illinoiensis Macromia illinoiensis Macromiidae Anisoptera,hindwing lengths,Odonate Phenotypic Database (http://www.odonatephenotypicdatabase.org),46.5,,single observation,,both,adult,,,,,,,,,,,
PreservedSpecimen,Macromia.illinoiensis Macromia illinoiensis Macromiidae Anisoptera,has wing pigment,Retrieval from the Odonate Phenotypic Database (http://www.odonatephenotypicdatabase.org),no,,single observation,,both,adult,,,,,,,,,,,
,Macromia.illinoiensis Macromia illinoiensis Macromiidae Anisoptera,wing pigment extent discrete,,NA,,single observation,,both,adult,,,,,,,,,,,
PreservedSpecimen,Macromia.illinoiensis Macromia illinoiensis Macromiidae Anisoptera,wing pigment extent continuous,,NA,,single observation,,both,adult,,,,,,,,,,,
,Macromia.illinoiensis Macromia illinoiensis Macromiidae Anisoptera,wing pigment symmetry,,NA,,single observation,,both,adult,,,,,,,,,,,
,Macromia.illinoiensis Macromia illinoiensis Macromiidae Anisoptera,wing pigment color,,NA,,single observation,,both,adult,,,,,,,,,,,
,Macromia.illinoiensis Macromia illinoiensis Macromiidae Anisoptera,wing pigment placement,,NA,,single observation,,both,adult,,,,,,,,,,,
HumanObservation,Macromia.illinoiensis Macromia illinoiensis Macromiidae Anisoptera,Flight season start,,2.07,,single observation,,both,adult,,,,,,,,,,,
,Macromia.illinoiensis Macromia illinoiensis Macromiidae Anisoptera,Flight season end,,8.31,,single observation,,both,adult,,,,,,,,,,,
PreservedSpecimen,Macromia.illinoiensis Macromia illinoiensis Macromiidae Anisoptera,body colors,Odonate Phenotypic Database (http://www.odonatephenotypicdatabase.org),black,,single observation,,both,adult,,,,,,,,,,,
PreservedSpecimen,Macromia.illinoiensis Macromia illinoiensis Macromiidae Anisoptera,body colortypes,Odonate Phenotypic Database (http://www.odonatephenotypicdatabase.org),pigment,,single observation,,both,adult,,,,,,,,,,,
PreservedSpecimen,Macromia.illinoiensis Macromia illinoiensis Macromiidae Anisoptera,body patterns,Odonate Phenotypic Database (http://www.odonatephenotypicdatabase.org),spotted,,single observation,,both,adult,,,,,,,,,,,
,Macromia.illinoiensis Macromia illinoiensis Macromiidae Anisoptera,mate guarding,,NA,,single observation,,both,adult,,,,,,,,,,,
Occurrence,Macromia.illinoiensis Macromia illinoiensis Macromiidae Anisoptera,flight mode,,flier,,single observation,,both,adult,,,,,,,,,,,
HumanObservation,Macromia.illinoiensis Macromia illinoiensis Macromiidae Anisoptera,territoriality,,territorial,,single observation,,both,adult,,,,,,,,,,,
HumanObservation,Macromia.illinoiensis Macromia illinoiensis Macromiidae Anisoptera,aquatic habitats,,lake,,single observation,,both,adult,,,,,,,,,,,
HumanObservation,Macromia.illinoiensis Macromia illinoiensis Macromiidae Anisoptera,habitat openness,,open,,single observation,,both,adult,,,,,,,,,,,
PreservedSpecimen,Macromia.illinoiensis Macromia illinoiensis Macromiidae Anisoptera,body lengths,Data extraction from the Odonate Phenotypic Database (http://www.odonatephenotypicdatabase.org),70.5,,single observation,,both,adult,,,,,,,,,,,
PreservedSpecimen,Macromia.illinoiensis Macromia illinoiensis Macromiidae Anisoptera,hindwing lengths,Odonate Phenotypic Database (http://www.odonatephenotypicdatabase.org),46.5,,single observation,,both,adult,,,,,,,,,,,
PreservedSpecimen,Macromia.illinoiensis Macromia illinoiensis Macromiidae Anisoptera,has wing pigment,Retrieval from the Odonate Phenotypic Database (http://www.odonatephenotypicdatabase.org),no,,single observation,,both,adult,,,,,,,,,,,
,Macromia.illinoiensis Macromia illinoiensis Macromiidae Anisoptera,wing pigment extent discrete,,NA,,single observation,,both,adult,,,,,,,,,,,
PreservedSpecimen,Macromia.illinoiensis Macromia illinoiensis Macromiidae Anisoptera,wing pigment extent continuous,,NA,,single observation,,both,adult,,,,,,,,,,,
,Macromia.illinoiensis Macromia illinoiensis Macromiidae Anisoptera,wing pigment symmetry,,NA,,single observation,,both,adult,,,,,,,,,,,
,Macromia.illinoiensis Macromia illinoiensis Macromiidae Anisoptera,wing pigment color,,NA,,single observation,,both,adult,,,,,,,,,,,
,Macromia.illinoiensis Macromia illinoiensis Macromiidae Anisoptera,wing pigment placement,,NA,,single observation,,both,adult,,,,,,,,,,,
HumanObservation,Nannothemis.bella Nannothemis bella Libellulidae Anisoptera,Flight season start,,26/5,,single observation,,both,adult,,,,,,,,,,,
,Nannothemis.bella Nannothemis bella Libellulidae Anisoptera,Flight season end,,13/7,,single observation,,both,adult,,,,,,,,,,,
PreservedSpecimen,Nannothemis.bella Nannothemis bella Libellulidae Anisoptera,body colors,Odonate Phenotypic Database (http://www.odonatephenotypicdatabase.org),black,,single observation,,both,adult,,,,,,,,,,,
PreservedSpecimen,Nannothemis.bella Nannothemis bella Libellulidae Anisoptera,body colortypes,Odonate Phenotypic Database (http://www.odonatephenotypicdatabase.org),pigment,,single observation,,both,adult,,,,,,,,,,,
PreservedSpecimen,Nannothemis.bella Nannothemis bella Libellulidae Anisoptera,body patterns,Odonate Phenotypic Database (http://www.odonatephenotypicdatabase.org),plain,,single observation,,both,adult,,,,,,,,,,,
,Nannothemis.bella Nannothemis bella Libellulidae Anisoptera,mate guarding,,none,,single observation,,both,adult,,,,,,,,,,,
Occurrence,Nannothemis.bella Nannothemis bella Libellulidae Anisoptera,flight mode,,percher,,single observation,,both,adult,,,,,,,,,,,
HumanObservation,Nannothemis.bella Nannothemis bella Libellulidae Anisoptera,territoriality,,territorial,,single observation,,both,adult,,,,,,,,,,,
HumanObservation,Nannothemis.bella Nannothemis bella Libellulidae Anisoptera,aquatic habitats,,lake,,single observation,,both,adult,,,,,,,,,,,
HumanObservation,Nannothemis.bella Nannothemis bella Libellulidae Anisoptera,habitat openness,,NA,,single observation,,both,adult,,,,,,,,,,,
PreservedSpecimen,Nannothemis.bella Nannothemis bella Libellulidae Anisoptera,body lengths,Data extraction from the Odonate Phenotypic Database (http://www.odonatephenotypicdatabase.org),19,,single observation,,both,adult,,,,,,,,,,,
PreservedSpecimen,Nannothemis.bella Nannothemis bella Libellulidae Anisoptera,hindwing lengths,Odonate Phenotypic Database (http://www.odonatephenotypicdatabase.org),12.5,,single observation,,both,adult,,,,,,,,,,,
PreservedSpecimen,Nannothemis.bella Nannothemis bella Libellulidae Anisoptera,has wing pigment,Retrieval from the Odonate Phenotypic Database (http://www.odonatephenotypicdatabase.org),no,,single observation,,both,adult,,,,,,,,,,,
,Nannothemis.bella Nannothemis bella Libellulidae Anisoptera,wing pigment extent discrete,,NA,,single observation,,both,adult,,,,,,,,,,,
PreservedSpecimen,Nannothemis.bella Nannothemis bella Libellulidae Anisoptera,wing pigment extent continuous,,NA,,single observation,,both,adult,,,,,,,,,,,
,Nannothemis.bella Nannothemis bella Libellulidae Anisoptera,wing pigment symmetry,,NA,,single observation,,both,adult,,,,,,,,,,,
,Nannothemis.bella Nannothemis bella Libellulidae Anisoptera,wing pigment color,,NA,,single observation,,both,adult,,,,,,,,,,,
,Nannothemis.bella Nannothemis bella Libellulidae Anisoptera,wing pigment placement,,NA,,single observation,,both,adult,,,,,,,,,,,
HumanObservation,Nannothemis.bella Nannothemis bella Libellulidae Anisoptera,Flight season start,,5.26,,single observation,,both,adult,,,,,,,,,,,
,Nannothemis.bella Nannothemis bella Libellulidae Anisoptera,Flight season end,,7.13,,single observation,,both,adult,,,,,,,,,,,
PreservedSpecimen,Nannothemis.bella Nannothemis bella Libellulidae Anisoptera,body colors,Odonate Phenotypic Database (http://www.odonatephenotypicdatabase.org),black,,single observation,,both,adult,,,,,,,,,,,
PreservedSpecimen,Nannothemis.bella Nannothemis bella Libellulidae Anisoptera,body colortypes,Odonate Phenotypic Database (http://www.odonatephenotypicdatabase.org),pigment,,single observation,,both,adult,,,,,,,,,,,
PreservedSpecimen,Nannothemis.bella Nannothemis bella Libellulidae Anisoptera,body patterns,Odonate Phenotypic Database (http://www.odonatephenotypicdatabase.org),plain,,single observation,,both,adult,,,,,,,,,,,
,Nannothemis.bella Nannothemis bella Libellulidae Anisoptera,mate guarding,,none,,single observation,,both,adult,,,,,,,,,,,
Occurrence,Nannothemis.bella Nannothemis bella Libellulidae Anisoptera,flight mode,,percher,,single observation,,both,adult,,,,,,,,,,,
HumanObservation,Nannothemis.bella Nannothemis bella Libellulidae Anisoptera,territoriality,,territorial,,single observation,,both,adult,,,,,,,,,,,
HumanObservation,Nannothemis.bella Nannothemis bella Libellulidae Anisoptera,aquatic habitats,,lake,,single observation,,both,adult,,,,,,,,,,,
HumanObservation,Nannothemis.bella Nannothemis bella Libellulidae Anisoptera,habitat openness,,NA,,single observation,,both,adult,,,,,,,,,,,
PreservedSpecimen,Nannothemis.bella Nannothemis bella Libellulidae Anisoptera,body lengths,Data extraction from the Odonate Phenotypic Database (http://www.odonatephenotypicdatabase.org),19,,single observation,,both,adult,,,,,,,,,,,
PreservedSpecimen,Nannothemis.bella Nannothemis bella Libellulidae Anisoptera,hindwing lengths,Odonate Phenotypic Database (http://www.odonatephenotypicdatabase.org),12.5,,single observation,,both,adult,,,,,,,,,,,
PreservedSpecimen,Nannothemis.bella Nannothemis bella Libellulidae Anisoptera,has wing pigment,Retrieval from the Odonate Phenotypic Database (http://www.odonatephenotypicdatabase.org),no,,single observation,,both,adult,,,,,,,,,,,
,Nannothemis.bella Nannothemis bella Libellulidae Anisoptera,wing pigment extent discrete,,NA,,single observation,,both,adult,,,,,,,,,,,
PreservedSpecimen,Nannothemis.bella Nannothemis bella Libellulidae Anisoptera,wing pigment extent continuous,,NA,,single observation,,both,adult,,,,,,,,,,,
,Nannothemis.bella Nannothemis bella Libellulidae Anisoptera,wing pigment symmetry,,NA,,single observation,,both,adult,,,,,,,,,,,
,Nannothemis.bella Nannothemis bella Libellulidae Anisoptera,wing pigment color,,NA,,single observation,,both,adult,,,,,,,,,,,
,Nannothemis.bella Nannothemis bella Libellulidae Anisoptera,wing pigment placement,,NA,,single observation,,both,adult,,,,,,,,,,,
HumanObservation,Nehalennia.gracilis Nehalennia gracilis Coenagrionidae Zygoptera,Flight season start,,30/5,,single observation,,both,adult,,,,,,,,,,,
,Nehalennia.gracilis Nehalennia gracilis Coenagrionidae Zygoptera,Flight season end,,13/8,,single observation,,both,adult,,,,,,,,,,,
PreservedSpecimen,Nehalennia.gracilis Nehalennia gracilis Coenagrionidae Zygoptera,body colors,Odonate Phenotypic Database (http://www.odonatephenotypicdatabase.org),black,,single observation,,both,adult,,,,,,,,,,,
PreservedSpecimen,Nehalennia.gracilis Nehalennia gracilis Coenagrionidae Zygoptera,body colortypes,Odonate Phenotypic Database (http://www.odonatephenotypicdatabase.org),pigment,,single observation,,both,adult,,,,,,,,,,,
PreservedSpecimen,Nehalennia.gracilis Nehalennia gracilis Coenagrionidae Zygoptera,body patterns,Odonate Phenotypic Database (http://www.odonatephenotypicdatabase.org),spotted,,single observation,,both,adult,,,,,,,,,,,
,Nehalennia.gracilis Nehalennia gracilis Coenagrionidae Zygoptera,mate guarding,,contact,,single observation,,both,adult,,,,,,,,,,,
Occurrence,Nehalennia.gracilis Nehalennia gracilis Coenagrionidae Zygoptera,flight mode,,percher,,single observation,,both,adult,,,,,,,,,,,
HumanObservation,Nehalennia.gracilis Nehalennia gracilis Coenagrionidae Zygoptera,territoriality,,NA,,single observation,,both,adult,,,,,,,,,,,
HumanObservation,Nehalennia.gracilis Nehalennia gracilis Coenagrionidae Zygoptera,aquatic habitats,,lake,,single observation,,both,adult,,,,,,,,,,,
HumanObservation,Nehalennia.gracilis Nehalennia gracilis Coenagrionidae Zygoptera,habitat openness,,NA,,single observation,,both,adult,,,,,,,,,,,
PreservedSpecimen,Nehalennia.gracilis Nehalennia gracilis Coenagrionidae Zygoptera,body lengths,Data extraction from the Odonate Phenotypic Database (http://www.odonatephenotypicdatabase.org),27.5,,single observation,,both,adult,,,,,,,,,,,
PreservedSpecimen,Nehalennia.gracilis Nehalennia gracilis Coenagrionidae Zygoptera,hindwing lengths,Odonate Phenotypic Database (http://www.odonatephenotypicdatabase.org),15,,single observation,,both,adult,,,,,,,,,,,
PreservedSpecimen,Nehalennia.gracilis Nehalennia gracilis Coenagrionidae Zygoptera,has wing pigment,Retrieval from the Odonate Phenotypic Database (http://www.odonatephenotypicdatabase.org),no,,single observation,,both,adult,,,,,,,,,,,
,Nehalennia.gracilis Nehalennia gracilis Coenagrionidae Zygoptera,wing pigment extent discrete,,NA,,single observation,,both,adult,,,,,,,,,,,
PreservedSpecimen,Nehalennia.gracilis Nehalennia gracilis Coenagrionidae Zygoptera,wing pigment extent continuous,,NA,,single observation,,both,adult,,,,,,,,,,,
,Nehalennia.gracilis Nehalennia gracilis Coenagrionidae Zygoptera,wing pigment symmetry,,NA,,single observation,,both,adult,,,,,,,,,,,
,Nehalennia.gracilis Nehalennia gracilis Coenagrionidae Zygoptera,wing pigment color,,NA,,single observation,,both,adult,,,,,,,,,,,
,Nehalennia.gracilis Nehalennia gracilis Coenagrionidae Zygoptera,wing pigment placement,,NA,,single observation,,both,adult,,,,,,,,,,,
HumanObservation,Nehalennia.gracilis Nehalennia gracilis Coenagrionidae Zygoptera,Flight season start,,5.3,,single observation,,both,adult,,,,,,,,,,,
,Nehalennia.gracilis Nehalennia gracilis Coenagrionidae Zygoptera,Flight season end,,8.13,,single observation,,both,adult,,,,,,,,,,,
PreservedSpecimen,Nehalennia.gracilis Nehalennia gracilis Coenagrionidae Zygoptera,body colors,Odonate Phenotypic Database (http://www.odonatephenotypicdatabase.org),black,,single observation,,both,adult,,,,,,,,,,,
PreservedSpecimen,Nehalennia.gracilis Nehalennia gracilis Coenagrionidae Zygoptera,body colortypes,Odonate Phenotypic Database (http://www.odonatephenotypicdatabase.org),pigment,,single observation,,both,adult,,,,,,,,,,,
PreservedSpecimen,Nehalennia.gracilis Nehalennia gracilis Coenagrionidae Zygoptera,body patterns,Odonate Phenotypic Database (http://www.odonatephenotypicdatabase.org),spotted,,single observation,,both,adult,,,,,,,,,,,
,Nehalennia.gracilis Nehalennia gracilis Coenagrionidae Zygoptera,mate guarding,,contact,,single observation,,both,adult,,,,,,,,,,,
Occurrence,Nehalennia.gracilis Nehalennia gracilis Coenagrionidae Zygoptera,flight mode,,percher,,single observation,,both,adult,,,,,,,,,,,
HumanObservation,Nehalennia.gracilis Nehalennia gracilis Coenagrionidae Zygoptera,territoriality,,NA,,single observation,,both,adult,,,,,,,,,,,
HumanObservation,Nehalennia.gracilis Nehalennia gracilis Coenagrionidae Zygoptera,aquatic habitats,,lake,,single observation,,both,adult,,,,,,,,,,,
HumanObservation,Nehalennia.gracilis Nehalennia gracilis Coenagrionidae Zygoptera,habitat openness,,NA,,single observation,,both,adult,,,,,,,,,,,
PreservedSpecimen,Nehalennia.gracilis Nehalennia gracilis Coenagrionidae Zygoptera,body lengths,Data extraction from the Odonate Phenotypic Database (http://www.odonatephenotypicdatabase.org),27.5,,single observation,,both,adult,,,,,,,,,,,
PreservedSpecimen,Nehalennia.gracilis Nehalennia gracilis Coenagrionidae Zygoptera,hindwing lengths,Odonate Phenotypic Database (http://www.odonatephenotypicdatabase.org),15,,single observation,,both,adult,,,,,,,,,,,
PreservedSpecimen,Nehalennia.gracilis Nehalennia gracilis Coenagrionidae Zygoptera,has wing pigment,Retrieval from the Odonate Phenotypic Database (http://www.odonatephenotypicdatabase.org),no,,single observation,,both,adult,,,,,,,,,,,
,Nehalennia.gracilis Nehalennia gracilis Coenagrionidae Zygoptera,wing pigment extent discrete,,NA,,single observation,,both,adult,,,,,,,,,,,
PreservedSpecimen,Nehalennia.gracilis Nehalennia gracilis Coenagrionidae Zygoptera,wing pigment extent continuous,,NA,,single observation,,both,adult,,,,,,,,,,,
,Nehalennia.gracilis Nehalennia gracilis Coenagrionidae Zygoptera,wing pigment symmetry,,NA,,single observation,,both,adult,,,,,,,,,,,
,Nehalennia.gracilis Nehalennia gracilis Coenagrionidae Zygoptera,wing pigment color,,NA,,single observation,,both,adult,,,,,,,,,,,
,Nehalennia.gracilis Nehalennia gracilis Coenagrionidae Zygoptera,wing pigment placement,,NA,,single observation,,both,adult,,,,,,,,,,,
HumanObservation,Nehalennia.irene Nehalennia irene Coenagrionidae Zygoptera,Flight season start,,27/5,,single observation,,both,adult,,,,,,,,,,,
,Nehalennia.irene Nehalennia irene Coenagrionidae Zygoptera,Flight season end,,27/8,,single observation,,both,adult,,,,,,,,,,,
PreservedSpecimen,Nehalennia.irene Nehalennia irene Coenagrionidae Zygoptera,body colors,Odonate Phenotypic Database (http://www.odonatephenotypicdatabase.org),black,,single observation,,both,adult,,,,,,,,,,,
PreservedSpecimen,Nehalennia.irene Nehalennia irene Coenagrionidae Zygoptera,body colortypes,Odonate Phenotypic Database (http://www.odonatephenotypicdatabase.org),pigment,,single observation,,both,adult,,,,,,,,,,,
PreservedSpecimen,Nehalennia.irene Nehalennia irene Coenagrionidae Zygoptera,body patterns,Odonate Phenotypic Database (http://www.odonatephenotypicdatabase.org),plain,,single observation,,both,adult,,,,,,,,,,,
,Nehalennia.irene Nehalennia irene Coenagrionidae Zygoptera,mate guarding,,contact,,single observation,,both,adult,,,,,,,,,,,
Occurrence,Nehalennia.irene Nehalennia irene Coenagrionidae Zygoptera,flight mode,,percher,,single observation,,both,adult,,,,,,,,,,,
HumanObservation,Nehalennia.irene Nehalennia irene Coenagrionidae Zygoptera,territoriality,,NA,,single observation,,both,adult,,,,,,,,,,,
HumanObservation,Nehalennia.irene Nehalennia irene Coenagrionidae Zygoptera,aquatic habitats,,lake,,single observation,,both,adult,,,,,,,,,,,
HumanObservation,Nehalennia.irene Nehalennia irene Coenagrionidae Zygoptera,habitat openness,,closed,,single observation,,both,adult,,,,,,,,,,,
PreservedSpecimen,Nehalennia.irene Nehalennia irene Coenagrionidae Zygoptera,body lengths,Data extraction from the Odonate Phenotypic Database (http://www.odonatephenotypicdatabase.org),26.5,,single observation,,both,adult,,,,,,,,,,,
PreservedSpecimen,Nehalennia.irene Nehalennia irene Coenagrionidae Zygoptera,hindwing lengths,Odonate Phenotypic Database (http://www.odonatephenotypicdatabase.org),15,,single observation,,both,adult,,,,,,,,,,,
PreservedSpecimen,Nehalennia.irene Nehalennia irene Coenagrionidae Zygoptera,has wing pigment,Retrieval from the Odonate Phenotypic Database (http://www.odonatephenotypicdatabase.org),no,,single observation,,both,adult,,,,,,,,,,,
,Nehalennia.irene Nehalennia irene Coenagrionidae Zygoptera,wing pigment extent discrete,,NA,,single observation,,both,adult,,,,,,,,,,,
PreservedSpecimen,Nehalennia.irene Nehalennia irene Coenagrionidae Zygoptera,wing pigment extent continuous,,NA,,single observation,,both,adult,,,,,,,,,,,
,Nehalennia.irene Nehalennia irene Coenagrionidae Zygoptera,wing pigment symmetry,,NA,,single observation,,both,adult,,,,,,,,,,,
,Nehalennia.irene Nehalennia irene Coenagrionidae Zygoptera,wing pigment color,,NA,,single observation,,both,adult,,,,,,,,,,,
,Nehalennia.irene Nehalennia irene Coenagrionidae Zygoptera,wing pigment placement,,NA,,single observation,,both,adult,,,,,,,,,,,
HumanObservation,Nehalennia.irene Nehalennia irene Coenagrionidae Zygoptera,Flight season start,,5.27,,single observation,,both,adult,,,,,,,,,,,
,Nehalennia.irene Nehalennia irene Coenagrionidae Zygoptera,Flight season end,,8.27,,single observation,,both,adult,,,,,,,,,,,
PreservedSpecimen,Nehalennia.irene Nehalennia irene Coenagrionidae Zygoptera,body colors,Odonate Phenotypic Database (http://www.odonatephenotypicdatabase.org),black,,single observation,,both,adult,,,,,,,,,,,
PreservedSpecimen,Nehalennia.irene Nehalennia irene Coenagrionidae Zygoptera,body colortypes,Odonate Phenotypic Database (http://www.odonatephenotypicdatabase.org),pigment,,single observation,,both,adult,,,,,,,,,,,
PreservedSpecimen,Nehalennia.irene Nehalennia irene Coenagrionidae Zygoptera,body patterns,Odonate Phenotypic Database (http://www.odonatephenotypicdatabase.org),plain,,single observation,,both,adult,,,,,,,,,,,
,Nehalennia.irene Nehalennia irene Coenagrionidae Zygoptera,mate guarding,,contact,,single observation,,both,adult,,,,,,,,,,,
Occurrence,Nehalennia.irene Nehalennia irene Coenagrionidae Zygoptera,flight mode,,percher,,single observation,,both,adult,,,,,,,,,,,
HumanObservation,Nehalennia.irene Nehalennia irene Coenagrionidae Zygoptera,territoriality,,NA,,single observation,,both,adult,,,,,,,,,,,
HumanObservation,Nehalennia.irene Nehalennia irene Coenagrionidae Zygoptera,aquatic habitats,,lake,,single observation,,both,adult,,,,,,,,,,,
HumanObservation,Nehalennia.irene Nehalennia irene Coenagrionidae Zygoptera,habitat openness,,closed,,single observation,,both,adult,,,,,,,,,,,
PreservedSpecimen,Nehalennia.irene Nehalennia irene Coenagrionidae Zygoptera,body lengths,Data extraction from the Odonate Phenotypic Database (http://www.odonatephenotypicdatabase.org),26.5,,single observation,,both,adult,,,,,,,,,,,
PreservedSpecimen,Nehalennia.irene Nehalennia irene Coenagrionidae Zygoptera,hindwing lengths,Odonate Phenotypic Database (http://www.odonatephenotypicdatabase.org),15,,single observation,,both,adult,,,,,,,,,,,
PreservedSpecimen,Nehalennia.irene Nehalennia irene Coenagrionidae Zygoptera,has wing pigment,Retrieval from the Odonate Phenotypic Database (http://www.odonatephenotypicdatabase.org),no,,single observation,,both,adult,,,,,,,,,,,
,Nehalennia.irene Nehalennia irene Coenagrionidae Zygoptera,wing pigment extent discrete,,NA,,single observation,,both,adult,,,,,,,,,,,
PreservedSpecimen,Nehalennia.irene Nehalennia irene Coenagrionidae Zygoptera,wing pigment extent continuous,,NA,,single observation,,both,adult,,,,,,,,,,,
,Nehalennia.irene Nehalennia irene Coenagrionidae Zygoptera,wing pigment symmetry,,NA,,single observation,,both,adult,,,,,,,,,,,
,Nehalennia.irene Nehalennia irene Coenagrionidae Zygoptera,wing pigment color,,NA,,single observation,,both,adult,,,,,,,,,,,
,Nehalennia.irene Nehalennia irene Coenagrionidae Zygoptera,wing pigment placement,,NA,,single observation,,both,adult,,,,,,,,,,,
HumanObservation,Neurocordulia.yamaskanensis Neurocordulia yamaskanensis Corduliidae Anisoptera,Flight season start,,31/5,,single observation,,both,adult,,,,,,,,,,,
,Neurocordulia.yamaskanensis Neurocordulia yamaskanensis Corduliidae Anisoptera,Flight season end,,21/7,,single observation,,both,adult,,,,,,,,,,,
PreservedSpecimen,Neurocordulia.yamaskanensis Neurocordulia yamaskanensis Corduliidae Anisoptera,body colors,Odonate Phenotypic Database (http://www.odonatephenotypicdatabase.org),brown,,single observation,,both,adult,,,,,,,,,,,
PreservedSpecimen,Neurocordulia.yamaskanensis Neurocordulia yamaskanensis Corduliidae Anisoptera,body colortypes,Odonate Phenotypic Database (http://www.odonatephenotypicdatabase.org),pigment,,single observation,,both,adult,,,,,,,,,,,
PreservedSpecimen,Neurocordulia.yamaskanensis Neurocordulia yamaskanensis Corduliidae Anisoptera,body patterns,Odonate Phenotypic Database (http://www.odonatephenotypicdatabase.org),striped,,single observation,,both,adult,,,,,,,,,,,
,Neurocordulia.yamaskanensis Neurocordulia yamaskanensis Corduliidae Anisoptera,mate guarding,,NA,,single observation,,both,adult,,,,,,,,,,,
Occurrence,Neurocordulia.yamaskanensis Neurocordulia yamaskanensis Corduliidae Anisoptera,flight mode,,flier,,single observation,,both,adult,,,,,,,,,,,
HumanObservation,Neurocordulia.yamaskanensis Neurocordulia yamaskanensis Corduliidae Anisoptera,territoriality,,NA,,single observation,,both,adult,,,,,,,,,,,
HumanObservation,Neurocordulia.yamaskanensis Neurocordulia yamaskanensis Corduliidae Anisoptera,aquatic habitats,,lake,,single observation,,both,adult,,,,,,,,,,,
HumanObservation,Neurocordulia.yamaskanensis Neurocordulia yamaskanensis Corduliidae Anisoptera,habitat openness,,NA,,single observation,,both,adult,,,,,,,,,,,
PreservedSpecimen,Neurocordulia.yamaskanensis Neurocordulia yamaskanensis Corduliidae Anisoptera,body lengths,Data extraction from the Odonate Phenotypic Database (http://www.odonatephenotypicdatabase.org),50,,single observation,,both,adult,,,,,,,,,,,
PreservedSpecimen,Neurocordulia.yamaskanensis Neurocordulia yamaskanensis Corduliidae Anisoptera,hindwing lengths,Odonate Phenotypic Database (http://www.odonatephenotypicdatabase.org),34,,single observation,,both,adult,,,,,,,,,,,
PreservedSpecimen,Neurocordulia.yamaskanensis Neurocordulia yamaskanensis Corduliidae Anisoptera,has wing pigment,Retrieval from the Odonate Phenotypic Database (http://www.odonatephenotypicdatabase.org),yes,,single observation,,both,adult,,,,,,,,,,,
,Neurocordulia.yamaskanensis Neurocordulia yamaskanensis Corduliidae Anisoptera,wing pigment extent discrete,,25,,single observation,,both,adult,,,,,,,,,,,
PreservedSpecimen,Neurocordulia.yamaskanensis Neurocordulia yamaskanensis Corduliidae Anisoptera,wing pigment extent continuous,,NA,,single observation,,both,adult,,,,,,,,,,,
,Neurocordulia.yamaskanensis Neurocordulia yamaskanensis Corduliidae Anisoptera,wing pigment symmetry,,NA,,single observation,,both,adult,,,,,,,,,,,
,Neurocordulia.yamaskanensis Neurocordulia yamaskanensis Corduliidae Anisoptera,wing pigment color,,NA,,single observation,,both,adult,,,,,,,,,,,
,Neurocordulia.yamaskanensis Neurocordulia yamaskanensis Corduliidae Anisoptera,wing pigment placement,,basal,,single observation,,both,adult,,,,,,,,,,,
HumanObservation,Neurocordulia.yamaskanensis Neurocordulia yamaskanensis Corduliidae Anisoptera,Flight season start,,5.31,,single observation,,both,adult,,,,,,,,,,,
,Neurocordulia.yamaskanensis Neurocordulia yamaskanensis Corduliidae Anisoptera,Flight season end,,7.21,,single observation,,both,adult,,,,,,,,,,,
PreservedSpecimen,Neurocordulia.yamaskanensis Neurocordulia yamaskanensis Corduliidae Anisoptera,body colors,Odonate Phenotypic Database (http://www.odonatephenotypicdatabase.org),brown,,single observation,,both,adult,,,,,,,,,,,
PreservedSpecimen,Neurocordulia.yamaskanensis Neurocordulia yamaskanensis Corduliidae Anisoptera,body colortypes,Odonate Phenotypic Database (http://www.odonatephenotypicdatabase.org),pigment,,single observation,,both,adult,,,,,,,,,,,
PreservedSpecimen,Neurocordulia.yamaskanensis Neurocordulia yamaskanensis Corduliidae Anisoptera,body patterns,Odonate Phenotypic Database (http://www.odonatephenotypicdatabase.org),striped,,single observation,,both,adult,,,,,,,,,,,
,Neurocordulia.yamaskanensis Neurocordulia yamaskanensis Corduliidae Anisoptera,mate guarding,,NA,,single observation,,both,adult,,,,,,,,,,,
Occurrence,Neurocordulia.yamaskanensis Neurocordulia yamaskanensis Corduliidae Anisoptera,flight mode,,flier,,single observation,,both,adult,,,,,,,,,,,
HumanObservation,Neurocordulia.yamaskanensis Neurocordulia yamaskanensis Corduliidae Anisoptera,territoriality,,NA,,single observation,,both,adult,,,,,,,,,,,
HumanObservation,Neurocordulia.yamaskanensis Neurocordulia yamaskanensis Corduliidae Anisoptera,aquatic habitats,,lake,,single observation,,both,adult,,,,,,,,,,,
HumanObservation,Neurocordulia.yamaskanensis Neurocordulia yamaskanensis Corduliidae Anisoptera,habitat openness,,NA,,single observation,,both,adult,,,,,,,,,,,
PreservedSpecimen,Neurocordulia.yamaskanensis Neurocordulia yamaskanensis Corduliidae Anisoptera,body lengths,Data extraction from the Odonate Phenotypic Database (http://www.odonatephenotypicdatabase.org),50,,single observation,,both,adult,,,,,,,,,,,
PreservedSpecimen,Neurocordulia.yamaskanensis Neurocordulia yamaskanensis Corduliidae Anisoptera,hindwing lengths,Odonate Phenotypic Database (http://www.odonatephenotypicdatabase.org),34,,single observation,,both,adult,,,,,,,,,,,
PreservedSpecimen,Neurocordulia.yamaskanensis Neurocordulia yamaskanensis Corduliidae Anisoptera,has wing pigment,Retrieval from the Odonate Phenotypic Database (http://www.odonatephenotypicdatabase.org),yes,,single observation,,both,adult,,,,,,,,,,,
,Neurocordulia.yamaskanensis Neurocordulia yamaskanensis Corduliidae Anisoptera,wing pigment extent discrete,,25,,single observation,,both,adult,,,,,,,,,,,
PreservedSpecimen,Neurocordulia.yamaskanensis Neurocordulia yamaskanensis Corduliidae Anisoptera,wing pigment extent continuous,,NA,,single observation,,both,adult,,,,,,,,,,,
,Neurocordulia.yamaskanensis Neurocordulia yamaskanensis Corduliidae Anisoptera,wing pigment symmetry,,NA,,single observation,,both,adult,,,,,,,,,,,
,Neurocordulia.yamaskanensis Neurocordulia yamaskanensis Corduliidae Anisoptera,wing pigment color,,NA,,single observation,,both,adult,,,,,,,,,,,
,Neurocordulia.yamaskanensis Neurocordulia yamaskanensis Corduliidae Anisoptera,wing pigment placement,,basal,,single observation,,both,adult,,,,,,,,,,,
HumanObservation,Ophiogomphus.aspersus Ophiogomphus aspersus Gomphidae Anisoptera,Flight season start,,30/5,,single observation,,both,adult,,,,,,,,,,,
,Ophiogomphus.aspersus Ophiogomphus aspersus Gomphidae Anisoptera,Flight season end,,18/8,,single observation,,both,adult,,,,,,,,,,,
PreservedSpecimen,Ophiogomphus.aspersus Ophiogomphus aspersus Gomphidae Anisoptera,body colors,Odonate Phenotypic Database (http://www.odonatephenotypicdatabase.org),black,,single observation,,both,adult,,,,,,,,,,,
PreservedSpecimen,Ophiogomphus.aspersus Ophiogomphus aspersus Gomphidae Anisoptera,body colortypes,Odonate Phenotypic Database (http://www.odonatephenotypicdatabase.org),pigment,,single observation,,both,adult,,,,,,,,,,,
PreservedSpecimen,Ophiogomphus.aspersus Ophiogomphus aspersus Gomphidae Anisoptera,body patterns,Odonate Phenotypic Database (http://www.odonatephenotypicdatabase.org),spotted,,single observation,,both,adult,,,,,,,,,,,
,Ophiogomphus.aspersus Ophiogomphus aspersus Gomphidae Anisoptera,mate guarding,,NA,,single observation,,both,adult,,,,,,,,,,,
Occurrence,Ophiogomphus.aspersus Ophiogomphus aspersus Gomphidae Anisoptera,flight mode,,flier,,single observation,,both,adult,,,,,,,,,,,
HumanObservation,Ophiogomphus.aspersus Ophiogomphus aspersus Gomphidae Anisoptera,territoriality,,NA,,single observation,,both,adult,,,,,,,,,,,
HumanObservation,Ophiogomphus.aspersus Ophiogomphus aspersus Gomphidae Anisoptera,aquatic habitats,,stream,,single observation,,both,adult,,,,,,,,,,,
HumanObservation,Ophiogomphus.aspersus Ophiogomphus aspersus Gomphidae Anisoptera,habitat openness,,closed,,single observation,,both,adult,,,,,,,,,,,
PreservedSpecimen,Ophiogomphus.aspersus Ophiogomphus aspersus Gomphidae Anisoptera,body lengths,Data extraction from the Odonate Phenotypic Database (http://www.odonatephenotypicdatabase.org),46.5,,single observation,,both,adult,,,,,,,,,,,
PreservedSpecimen,Ophiogomphus.aspersus Ophiogomphus aspersus Gomphidae Anisoptera,hindwing lengths,Odonate Phenotypic Database (http://www.odonatephenotypicdatabase.org),28,,single observation,,both,adult,,,,,,,,,,,
PreservedSpecimen,Ophiogomphus.aspersus Ophiogomphus aspersus Gomphidae Anisoptera,has wing pigment,Retrieval from the Odonate Phenotypic Database (http://www.odonatephenotypicdatabase.org),no,,single observation,,both,adult,,,,,,,,,,,
,Ophiogomphus.aspersus Ophiogomphus aspersus Gomphidae Anisoptera,wing pigment extent discrete,,NA,,single observation,,both,adult,,,,,,,,,,,
PreservedSpecimen,Ophiogomphus.aspersus Ophiogomphus aspersus Gomphidae Anisoptera,wing pigment extent continuous,,NA,,single observation,,both,adult,,,,,,,,,,,
,Ophiogomphus.aspersus Ophiogomphus aspersus Gomphidae Anisoptera,wing pigment symmetry,,NA,,single observation,,both,adult,,,,,,,,,,,
,Ophiogomphus.aspersus Ophiogomphus aspersus Gomphidae Anisoptera,wing pigment color,,NA,,single observation,,both,adult,,,,,,,,,,,
,Ophiogomphus.aspersus Ophiogomphus aspersus Gomphidae Anisoptera,wing pigment placement,,NA,,single observation,,both,adult,,,,,,,,,,,
HumanObservation,Ophiogomphus.aspersus Ophiogomphus aspersus Gomphidae Anisoptera,Flight season start,,5.3,,single observation,,both,adult,,,,,,,,,,,
,Ophiogomphus.aspersus Ophiogomphus aspersus Gomphidae Anisoptera,Flight season end,,8.18,,single observation,,both,adult,,,,,,,,,,,
PreservedSpecimen,Ophiogomphus.aspersus Ophiogomphus aspersus Gomphidae Anisoptera,body colors,Odonate Phenotypic Database (http://www.odonatephenotypicdatabase.org),black,,single observation,,both,adult,,,,,,,,,,,
PreservedSpecimen,Ophiogomphus.aspersus Ophiogomphus aspersus Gomphidae Anisoptera,body colortypes,Odonate Phenotypic Database (http://www.odonatephenotypicdatabase.org),pigment,,single observation,,both,adult,,,,,,,,,,,
PreservedSpecimen,Ophiogomphus.aspersus Ophiogomphus aspersus Gomphidae Anisoptera,body patterns,Odonate Phenotypic Database (http://www.odonatephenotypicdatabase.org),spotted,,single observation,,both,adult,,,,,,,,,,,
,Ophiogomphus.aspersus Ophiogomphus aspersus Gomphidae Anisoptera,mate guarding,,NA,,single observation,,both,adult,,,,,,,,,,,
Occurrence,Ophiogomphus.aspersus Ophiogomphus aspersus Gomphidae Anisoptera,flight mode,,flier,,single observation,,both,adult,,,,,,,,,,,
HumanObservation,Ophiogomphus.aspersus Ophiogomphus aspersus Gomphidae Anisoptera,territoriality,,NA,,single observation,,both,adult,,,,,,,,,,,
HumanObservation,Ophiogomphus.aspersus Ophiogomphus aspersus Gomphidae Anisoptera,aquatic habitats,,stream,,single observation,,both,adult,,,,,,,,,,,
HumanObservation,Ophiogomphus.aspersus Ophiogomphus aspersus Gomphidae Anisoptera,habitat openness,,closed,,single observation,,both,adult,,,,,,,,,,,
PreservedSpecimen,Ophiogomphus.aspersus Ophiogomphus aspersus Gomphidae Anisoptera,body lengths,Data extraction from the Odonate Phenotypic Database (http://www.odonatephenotypicdatabase.org),46.5,,single observation,,both,adult,,,,,,,,,,,
PreservedSpecimen,Ophiogomphus.aspersus Ophiogomphus aspersus Gomphidae Anisoptera,hindwing lengths,Odonate Phenotypic Database (http://www.odonatephenotypicdatabase.org),28,,single observation,,both,adult,,,,,,,,,,,
PreservedSpecimen,Ophiogomphus.aspersus Ophiogomphus aspersus Gomphidae Anisoptera,has wing pigment,Retrieval from the Odonate Phenotypic Database (http://www.odonatephenotypicdatabase.org),no,,single observation,,both,adult,,,,,,,,,,,
,Ophiogomphus.aspersus Ophiogomphus aspersus Gomphidae Anisoptera,wing pigment extent discrete,,NA,,single observation,,both,adult,,,,,,,,,,,
PreservedSpecimen,Ophiogomphus.aspersus Ophiogomphus aspersus Gomphidae Anisoptera,wing pigment extent continuous,,NA,,single observation,,both,adult,,,,,,,,,,,
,Ophiogomphus.aspersus Ophiogomphus aspersus Gomphidae Anisoptera,wing pigment symmetry,,NA,,single observation,,both,adult,,,,,,,,,,,
,Ophiogomphus.aspersus Ophiogomphus aspersus Gomphidae Anisoptera,wing pigment color,,NA,,single observation,,both,adult,,,,,,,,,,,
,Ophiogomphus.aspersus Ophiogomphus aspersus Gomphidae Anisoptera,wing pigment placement,,NA,,single observation,,both,adult,,,,,,,,,,,
HumanObservation,Ophiogomphus.carolus Ophiogomphus carolus Gomphidae Anisoptera,Flight season start,,25/5,,single observation,,both,adult,,,,,,,,,,,
,Ophiogomphus.carolus Ophiogomphus carolus Gomphidae Anisoptera,Flight season end,,13/7,,single observation,,both,adult,,,,,,,,,,,
PreservedSpecimen,Ophiogomphus.carolus Ophiogomphus carolus Gomphidae Anisoptera,body colors,Odonate Phenotypic Database (http://www.odonatephenotypicdatabase.org),black,,single observation,,both,adult,,,,,,,,,,,
PreservedSpecimen,Ophiogomphus.carolus Ophiogomphus carolus Gomphidae Anisoptera,body colortypes,Odonate Phenotypic Database (http://www.odonatephenotypicdatabase.org),pigment,,single observation,,both,adult,,,,,,,,,,,
PreservedSpecimen,Ophiogomphus.carolus Ophiogomphus carolus Gomphidae Anisoptera,body patterns,Odonate Phenotypic Database (http://www.odonatephenotypicdatabase.org),spotted,,single observation,,both,adult,,,,,,,,,,,
,Ophiogomphus.carolus Ophiogomphus carolus Gomphidae Anisoptera,mate guarding,,NA,,single observation,,both,adult,,,,,,,,,,,
Occurrence,Ophiogomphus.carolus Ophiogomphus carolus Gomphidae Anisoptera,flight mode,,flier,,single observation,,both,adult,,,,,,,,,,,
HumanObservation,Ophiogomphus.carolus Ophiogomphus carolus Gomphidae Anisoptera,territoriality,,NA,,single observation,,both,adult,,,,,,,,,,,
HumanObservation,Ophiogomphus.carolus Ophiogomphus carolus Gomphidae Anisoptera,aquatic habitats,,river,,single observation,,both,adult,,,,,,,,,,,
HumanObservation,Ophiogomphus.carolus Ophiogomphus carolus Gomphidae Anisoptera,habitat openness,,closed,,single observation,,both,adult,,,,,,,,,,,
PreservedSpecimen,Ophiogomphus.carolus Ophiogomphus carolus Gomphidae Anisoptera,body lengths,Data extraction from the Odonate Phenotypic Database (http://www.odonatephenotypicdatabase.org),42.5,,single observation,,both,adult,,,,,,,,,,,
PreservedSpecimen,Ophiogomphus.carolus Ophiogomphus carolus Gomphidae Anisoptera,hindwing lengths,Odonate Phenotypic Database (http://www.odonatephenotypicdatabase.org),26,,single observation,,both,adult,,,,,,,,,,,
PreservedSpecimen,Ophiogomphus.carolus Ophiogomphus carolus Gomphidae Anisoptera,has wing pigment,Retrieval from the Odonate Phenotypic Database (http://www.odonatephenotypicdatabase.org),no,,single observation,,both,adult,,,,,,,,,,,
,Ophiogomphus.carolus Ophiogomphus carolus Gomphidae Anisoptera,wing pigment extent discrete,,NA,,single observation,,both,adult,,,,,,,,,,,
PreservedSpecimen,Ophiogomphus.carolus Ophiogomphus carolus Gomphidae Anisoptera,wing pigment extent continuous,,NA,,single observation,,both,adult,,,,,,,,,,,
,Ophiogomphus.carolus Ophiogomphus carolus Gomphidae Anisoptera,wing pigment symmetry,,NA,,single observation,,both,adult,,,,,,,,,,,
,Ophiogomphus.carolus Ophiogomphus carolus Gomphidae Anisoptera,wing pigment color,,NA,,single observation,,both,adult,,,,,,,,,,,
,Ophiogomphus.carolus Ophiogomphus carolus Gomphidae Anisoptera,wing pigment placement,,NA,,single observation,,both,adult,,,,,,,,,,,
HumanObservation,Ophiogomphus.carolus Ophiogomphus carolus Gomphidae Anisoptera,Flight season start,,5.25,,single observation,,both,adult,,,,,,,,,,,
,Ophiogomphus.carolus Ophiogomphus carolus Gomphidae Anisoptera,Flight season end,,7.13,,single observation,,both,adult,,,,,,,,,,,
PreservedSpecimen,Ophiogomphus.carolus Ophiogomphus carolus Gomphidae Anisoptera,body colors,Odonate Phenotypic Database (http://www.odonatephenotypicdatabase.org),black,,single observation,,both,adult,,,,,,,,,,,
PreservedSpecimen,Ophiogomphus.carolus Ophiogomphus carolus Gomphidae Anisoptera,body colortypes,Odonate Phenotypic Database (http://www.odonatephenotypicdatabase.org),pigment,,single observation,,both,adult,,,,,,,,,,,
PreservedSpecimen,Ophiogomphus.carolus Ophiogomphus carolus Gomphidae Anisoptera,body patterns,Odonate Phenotypic Database (http://www.odonatephenotypicdatabase.org),spotted,,single observation,,both,adult,,,,,,,,,,,
,Ophiogomphus.carolus Ophiogomphus carolus Gomphidae Anisoptera,mate guarding,,NA,,single observation,,both,adult,,,,,,,,,,,
Occurrence,Ophiogomphus.carolus Ophiogomphus carolus Gomphidae Anisoptera,flight mode,,flier,,single observation,,both,adult,,,,,,,,,,,
HumanObservation,Ophiogomphus.carolus Ophiogomphus carolus Gomphidae Anisoptera,territoriality,,NA,,single observation,,both,adult,,,,,,,,,,,
HumanObservation,Ophiogomphus.carolus Ophiogomphus carolus Gomphidae Anisoptera,aquatic habitats,,river,,single observation,,both,adult,,,,,,,,,,,
HumanObservation,Ophiogomphus.carolus Ophiogomphus carolus Gomphidae Anisoptera,habitat openness,,closed,,single observation,,both,adult,,,,,,,,,,,
PreservedSpecimen,Ophiogomphus.carolus Ophiogomphus carolus Gomphidae Anisoptera,body lengths,Data extraction from the Odonate Phenotypic Database (http://www.odonatephenotypicdatabase.org),42.5,,single observation,,both,adult,,,,,,,,,,,
PreservedSpecimen,Ophiogomphus.carolus Ophiogomphus carolus Gomphidae Anisoptera,hindwing lengths,Odonate Phenotypic Database (http://www.odonatephenotypicdatabase.org),26,,single observation,,both,adult,,,,,,,,,,,
PreservedSpecimen,Ophiogomphus.carolus Ophiogomphus carolus Gomphidae Anisoptera,has wing pigment,Retrieval from the Odonate Phenotypic Database (http://www.odonatephenotypicdatabase.org),no,,single observation,,both,adult,,,,,,,,,,,
,Ophiogomphus.carolus Ophiogomphus carolus Gomphidae Anisoptera,wing pigment extent discrete,,NA,,single observation,,both,adult,,,,,,,,,,,
PreservedSpecimen,Ophiogomphus.carolus Ophiogomphus carolus Gomphidae Anisoptera,wing pigment extent continuous,,NA,,single observation,,both,adult,,,,,,,,,,,
,Ophiogomphus.carolus Ophiogomphus carolus Gomphidae Anisoptera,wing pigment symmetry,,NA,,single observation,,both,adult,,,,,,,,,,,
,Ophiogomphus.carolus Ophiogomphus carolus Gomphidae Anisoptera,wing pigment color,,NA,,single observation,,both,adult,,,,,,,,,,,
,Ophiogomphus.carolus Ophiogomphus carolus Gomphidae Anisoptera,wing pigment placement,,NA,,single observation,,both,adult,,,,,,,,,,,
HumanObservation,Ophiogomphus.mainensis Ophiogomphus mainensis Gomphidae Anisoptera,Flight season start,,18/7,,single observation,,both,adult,,,,,,,,,,,
,Ophiogomphus.mainensis Ophiogomphus mainensis Gomphidae Anisoptera,Flight season end,,16/7,,single observation,,both,adult,,,,,,,,,,,
PreservedSpecimen,Ophiogomphus.mainensis Ophiogomphus mainensis Gomphidae Anisoptera,body colors,Odonate Phenotypic Database (http://www.odonatephenotypicdatabase.org),black,,single observation,,both,adult,,,,,,,,,,,
PreservedSpecimen,Ophiogomphus.mainensis Ophiogomphus mainensis Gomphidae Anisoptera,body colortypes,Odonate Phenotypic Database (http://www.odonatephenotypicdatabase.org),pigment,,single observation,,both,adult,,,,,,,,,,,
PreservedSpecimen,Ophiogomphus.mainensis Ophiogomphus mainensis Gomphidae Anisoptera,body patterns,Odonate Phenotypic Database (http://www.odonatephenotypicdatabase.org),spotted,,single observation,,both,adult,,,,,,,,,,,
,Ophiogomphus.mainensis Ophiogomphus mainensis Gomphidae Anisoptera,mate guarding,,NA,,single observation,,both,adult,,,,,,,,,,,
Occurrence,Ophiogomphus.mainensis Ophiogomphus mainensis Gomphidae Anisoptera,flight mode,,percher,,single observation,,both,adult,,,,,,,,,,,
HumanObservation,Ophiogomphus.mainensis Ophiogomphus mainensis Gomphidae Anisoptera,territoriality,,NA,,single observation,,both,adult,,,,,,,,,,,
HumanObservation,Ophiogomphus.mainensis Ophiogomphus mainensis Gomphidae Anisoptera,aquatic habitats,,river,,single observation,,both,adult,,,,,,,,,,,
HumanObservation,Ophiogomphus.mainensis Ophiogomphus mainensis Gomphidae Anisoptera,habitat openness,,closed,,single observation,,both,adult,,,,,,,,,,,
PreservedSpecimen,Ophiogomphus.mainensis Ophiogomphus mainensis Gomphidae Anisoptera,body lengths,Data extraction from the Odonate Phenotypic Database (http://www.odonatephenotypicdatabase.org),44,,single observation,,both,adult,,,,,,,,,,,
PreservedSpecimen,Ophiogomphus.mainensis Ophiogomphus mainensis Gomphidae Anisoptera,hindwing lengths,Odonate Phenotypic Database (http://www.odonatephenotypicdatabase.org),28,,single observation,,both,adult,,,,,,,,,,,
PreservedSpecimen,Ophiogomphus.mainensis Ophiogomphus mainensis Gomphidae Anisoptera,has wing pigment,Retrieval from the Odonate Phenotypic Database (http://www.odonatephenotypicdatabase.org),no,,single observation,,both,adult,,,,,,,,,,,
,Ophiogomphus.mainensis Ophiogomphus mainensis Gomphidae Anisoptera,wing pigment extent discrete,,NA,,single observation,,both,adult,,,,,,,,,,,
PreservedSpecimen,Ophiogomphus.mainensis Ophiogomphus mainensis Gomphidae Anisoptera,wing pigment extent continuous,,NA,,single observation,,both,adult,,,,,,,,,,,
,Ophiogomphus.mainensis Ophiogomphus mainensis Gomphidae Anisoptera,wing pigment symmetry,,NA,,single observation,,both,adult,,,,,,,,,,,
,Ophiogomphus.mainensis Ophiogomphus mainensis Gomphidae Anisoptera,wing pigment color,,NA,,single observation,,both,adult,,,,,,,,,,,
,Ophiogomphus.mainensis Ophiogomphus mainensis Gomphidae Anisoptera,wing pigment placement,,NA,,single observation,,both,adult,,,,,,,,,,,
HumanObservation,Ophiogomphus.mainensis Ophiogomphus mainensis Gomphidae Anisoptera,Flight season start,,7.18,,single observation,,both,adult,,,,,,,,,,,
,Ophiogomphus.mainensis Ophiogomphus mainensis Gomphidae Anisoptera,Flight season end,,7.16,,single observation,,both,adult,,,,,,,,,,,
PreservedSpecimen,Ophiogomphus.mainensis Ophiogomphus mainensis Gomphidae Anisoptera,body colors,Odonate Phenotypic Database (http://www.odonatephenotypicdatabase.org),black,,single observation,,both,adult,,,,,,,,,,,
PreservedSpecimen,Ophiogomphus.mainensis Ophiogomphus mainensis Gomphidae Anisoptera,body colortypes,Odonate Phenotypic Database (http://www.odonatephenotypicdatabase.org),pigment,,single observation,,both,adult,,,,,,,,,,,
PreservedSpecimen,Ophiogomphus.mainensis Ophiogomphus mainensis Gomphidae Anisoptera,body patterns,Odonate Phenotypic Database (http://www.odonatephenotypicdatabase.org),spotted,,single observation,,both,adult,,,,,,,,,,,
,Ophiogomphus.mainensis Ophiogomphus mainensis Gomphidae Anisoptera,mate guarding,,NA,,single observation,,both,adult,,,,,,,,,,,
Occurrence,Ophiogomphus.mainensis Ophiogomphus mainensis Gomphidae Anisoptera,flight mode,,percher,,single observation,,both,adult,,,,,,,,,,,
HumanObservation,Ophiogomphus.mainensis Ophiogomphus mainensis Gomphidae Anisoptera,territoriality,,NA,,single observation,,both,adult,,,,,,,,,,,
HumanObservation,Ophiogomphus.mainensis Ophiogomphus mainensis Gomphidae Anisoptera,aquatic habitats,,river,,single observation,,both,adult,,,,,,,,,,,
HumanObservation,Ophiogomphus.mainensis Ophiogomphus mainensis Gomphidae Anisoptera,habitat openness,,closed,,single observation,,both,adult,,,,,,,,,,,
PreservedSpecimen,Ophiogomphus.mainensis Ophiogomphus mainensis Gomphidae Anisoptera,body lengths,Data extraction from the Odonate Phenotypic Database (http://www.odonatephenotypicdatabase.org),44,,single observation,,both,adult,,,,,,,,,,,
PreservedSpecimen,Ophiogomphus.mainensis Ophiogomphus mainensis Gomphidae Anisoptera,hindwing lengths,Odonate Phenotypic Database (http://www.odonatephenotypicdatabase.org),28,,single observation,,both,adult,,,,,,,,,,,
PreservedSpecimen,Ophiogomphus.mainensis Ophiogomphus mainensis Gomphidae Anisoptera,has wing pigment,Retrieval from the Odonate Phenotypic Database (http://www.odonatephenotypicdatabase.org),no,,single observation,,both,adult,,,,,,,,,,,
,Ophiogomphus.mainensis Ophiogomphus mainensis Gomphidae Anisoptera,wing pigment extent discrete,,NA,,single observation,,both,adult,,,,,,,,,,,
PreservedSpecimen,Ophiogomphus.mainensis Ophiogomphus mainensis Gomphidae Anisoptera,wing pigment extent continuous,,NA,,single observation,,both,adult,,,,,,,,,,,
,Ophiogomphus.mainensis Ophiogomphus mainensis Gomphidae Anisoptera,wing pigment symmetry,,NA,,single observation,,both,adult,,,,,,,,,,,
,Ophiogomphus.mainensis Ophiogomphus mainensis Gomphidae Anisoptera,wing pigment color,,NA,,single observation,,both,adult,,,,,,,,,,,
,Ophiogomphus.mainensis Ophiogomphus mainensis Gomphidae Anisoptera,wing pigment placement,,NA,,single observation,,both,adult,,,,,,,,,,,
HumanObservation,Ophiogomphus.rupinsulensis Ophiogomphus rupinsulensis Gomphidae Anisoptera,Flight season start,,4/7,,single observation,,both,adult,,,,,,,,,,,
,Ophiogomphus.rupinsulensis Ophiogomphus rupinsulensis Gomphidae Anisoptera,Flight season end,,24/8,,single observation,,both,adult,,,,,,,,,,,
PreservedSpecimen,Ophiogomphus.rupinsulensis Ophiogomphus rupinsulensis Gomphidae Anisoptera,body colors,Odonate Phenotypic Database (http://www.odonatephenotypicdatabase.org),black,,single observation,,both,adult,,,,,,,,,,,
PreservedSpecimen,Ophiogomphus.rupinsulensis Ophiogomphus rupinsulensis Gomphidae Anisoptera,body colortypes,Odonate Phenotypic Database (http://www.odonatephenotypicdatabase.org),pigment,,single observation,,both,adult,,,,,,,,,,,
PreservedSpecimen,Ophiogomphus.rupinsulensis Ophiogomphus rupinsulensis Gomphidae Anisoptera,body patterns,Odonate Phenotypic Database (http://www.odonatephenotypicdatabase.org),plain,,single observation,,both,adult,,,,,,,,,,,
,Ophiogomphus.rupinsulensis Ophiogomphus rupinsulensis Gomphidae Anisoptera,mate guarding,,NA,,single observation,,both,adult,,,,,,,,,,,
Occurrence,Ophiogomphus.rupinsulensis Ophiogomphus rupinsulensis Gomphidae Anisoptera,flight mode,,flier,,single observation,,both,adult,,,,,,,,,,,
HumanObservation,Ophiogomphus.rupinsulensis Ophiogomphus rupinsulensis Gomphidae Anisoptera,territoriality,,NA,,single observation,,both,adult,,,,,,,,,,,
HumanObservation,Ophiogomphus.rupinsulensis Ophiogomphus rupinsulensis Gomphidae Anisoptera,aquatic habitats,,river,,single observation,,both,adult,,,,,,,,,,,
HumanObservation,Ophiogomphus.rupinsulensis Ophiogomphus rupinsulensis Gomphidae Anisoptera,habitat openness,,open,,single observation,,both,adult,,,,,,,,,,,
PreservedSpecimen,Ophiogomphus.rupinsulensis Ophiogomphus rupinsulensis Gomphidae Anisoptera,body lengths,Data extraction from the Odonate Phenotypic Database (http://www.odonatephenotypicdatabase.org),49.5,,single observation,,both,adult,,,,,,,,,,,
PreservedSpecimen,Ophiogomphus.rupinsulensis Ophiogomphus rupinsulensis Gomphidae Anisoptera,hindwing lengths,Odonate Phenotypic Database (http://www.odonatephenotypicdatabase.org),29.5,,single observation,,both,adult,,,,,,,,,,,
PreservedSpecimen,Ophiogomphus.rupinsulensis Ophiogomphus rupinsulensis Gomphidae Anisoptera,has wing pigment,Retrieval from the Odonate Phenotypic Database (http://www.odonatephenotypicdatabase.org),no,,single observation,,both,adult,,,,,,,,,,,
,Ophiogomphus.rupinsulensis Ophiogomphus rupinsulensis Gomphidae Anisoptera,wing pigment extent discrete,,NA,,single observation,,both,adult,,,,,,,,,,,
PreservedSpecimen,Ophiogomphus.rupinsulensis Ophiogomphus rupinsulensis Gomphidae Anisoptera,wing pigment extent continuous,,NA,,single observation,,both,adult,,,,,,,,,,,
,Ophiogomphus.rupinsulensis Ophiogomphus rupinsulensis Gomphidae Anisoptera,wing pigment symmetry,,NA,,single observation,,both,adult,,,,,,,,,,,
,Ophiogomphus.rupinsulensis Ophiogomphus rupinsulensis Gomphidae Anisoptera,wing pigment color,,NA,,single observation,,both,adult,,,,,,,,,,,
,Ophiogomphus.rupinsulensis Ophiogomphus rupinsulensis Gomphidae Anisoptera,wing pigment placement,,NA,,single observation,,both,adult,,,,,,,,,,,
HumanObservation,Ophiogomphus.rupinsulensis Ophiogomphus rupinsulensis Gomphidae Anisoptera,Flight season start,,7.04,,single observation,,both,adult,,,,,,,,,,,
,Ophiogomphus.rupinsulensis Ophiogomphus rupinsulensis Gomphidae Anisoptera,Flight season end,,8.24,,single observation,,both,adult,,,,,,,,,,,
PreservedSpecimen,Ophiogomphus.rupinsulensis Ophiogomphus rupinsulensis Gomphidae Anisoptera,body colors,Odonate Phenotypic Database (http://www.odonatephenotypicdatabase.org),black,,single observation,,both,adult,,,,,,,,,,,
PreservedSpecimen,Ophiogomphus.rupinsulensis Ophiogomphus rupinsulensis Gomphidae Anisoptera,body colortypes,Odonate Phenotypic Database (http://www.odonatephenotypicdatabase.org),pigment,,single observation,,both,adult,,,,,,,,,,,
PreservedSpecimen,Ophiogomphus.rupinsulensis Ophiogomphus rupinsulensis Gomphidae Anisoptera,body patterns,Odonate Phenotypic Database (http://www.odonatephenotypicdatabase.org),plain,,single observation,,both,adult,,,,,,,,,,,
,Ophiogomphus.rupinsulensis Ophiogomphus rupinsulensis Gomphidae Anisoptera,mate guarding,,NA,,single observation,,both,adult,,,,,,,,,,,
Occurrence,Ophiogomphus.rupinsulensis Ophiogomphus rupinsulensis Gomphidae Anisoptera,flight mode,,flier,,single observation,,both,adult,,,,,,,,,,,
HumanObservation,Ophiogomphus.rupinsulensis Ophiogomphus rupinsulensis Gomphidae Anisoptera,territoriality,,NA,,single observation,,both,adult,,,,,,,,,,,
HumanObservation,Ophiogomphus.rupinsulensis Ophiogomphus rupinsulensis Gomphidae Anisoptera,aquatic habitats,,river,,single observation,,both,adult,,,,,,,,,,,
HumanObservation,Ophiogomphus.rupinsulensis Ophiogomphus rupinsulensis Gomphidae Anisoptera,habitat openness,,open,,single observation,,both,adult,,,,,,,,,,,
PreservedSpecimen,Ophiogomphus.rupinsulensis Ophiogomphus rupinsulensis Gomphidae Anisoptera,body lengths,Data extraction from the Odonate Phenotypic Database (http://www.odonatephenotypicdatabase.org),49.5,,single observation,,both,adult,,,,,,,,,,,
PreservedSpecimen,Ophiogomphus.rupinsulensis Ophiogomphus rupinsulensis Gomphidae Anisoptera,hindwing lengths,Odonate Phenotypic Database (http://www.odonatephenotypicdatabase.org),29.5,,single observation,,both,adult,,,,,,,,,,,
PreservedSpecimen,Ophiogomphus.rupinsulensis Ophiogomphus rupinsulensis Gomphidae Anisoptera,has wing pigment,Retrieval from the Odonate Phenotypic Database (http://www.odonatephenotypicdatabase.org),no,,single observation,,both,adult,,,,,,,,,,,
,Ophiogomphus.rupinsulensis Ophiogomphus rupinsulensis Gomphidae Anisoptera,wing pigment extent discrete,,NA,,single observation,,both,adult,,,,,,,,,,,
PreservedSpecimen,Ophiogomphus.rupinsulensis Ophiogomphus rupinsulensis Gomphidae Anisoptera,wing pigment extent continuous,,NA,,single observation,,both,adult,,,,,,,,,,,
,Ophiogomphus.rupinsulensis Ophiogomphus rupinsulensis Gomphidae Anisoptera,wing pigment symmetry,,NA,,single observation,,both,adult,,,,,,,,,,,
,Ophiogomphus.rupinsulensis Ophiogomphus rupinsulensis Gomphidae Anisoptera,wing pigment color,,NA,,single observation,,both,adult,,,,,,,,,,,
,Ophiogomphus.rupinsulensis Ophiogomphus rupinsulensis Gomphidae Anisoptera,wing pigment placement,,NA,,single observation,,both,adult,,,,,,,,,,,
HumanObservation,Pachydiplax.longipennis Pachydiplax longipennis Libellulidae Anisoptera,Flight season start,,31/5,,single observation,,both,adult,,,,,,,,,,,
,Pachydiplax.longipennis Pachydiplax longipennis Libellulidae Anisoptera,Flight season end,,9/6,,single observation,,both,adult,,,,,,,,,,,
PreservedSpecimen,Pachydiplax.longipennis Pachydiplax longipennis Libellulidae Anisoptera,body colors,Odonate Phenotypic Database (http://www.odonatephenotypicdatabase.org),blue,,single observation,,both,adult,,,,,,,,,,,
PreservedSpecimen,Pachydiplax.longipennis Pachydiplax longipennis Libellulidae Anisoptera,body colortypes,Odonate Phenotypic Database (http://www.odonatephenotypicdatabase.org),pigment,,single observation,,both,adult,,,,,,,,,,,
PreservedSpecimen,Pachydiplax.longipennis Pachydiplax longipennis Libellulidae Anisoptera,body patterns,Odonate Phenotypic Database (http://www.odonatephenotypicdatabase.org),plain,,single observation,,both,adult,,,,,,,,,,,
,Pachydiplax.longipennis Pachydiplax longipennis Libellulidae Anisoptera,mate guarding,,noncontact,,single observation,,both,adult,,,,,,,,,,,
Occurrence,Pachydiplax.longipennis Pachydiplax longipennis Libellulidae Anisoptera,flight mode,,percher,,single observation,,both,adult,,,,,,,,,,,
HumanObservation,Pachydiplax.longipennis Pachydiplax longipennis Libellulidae Anisoptera,territoriality,,territorial,,single observation,,both,adult,,,,,,,,,,,
HumanObservation,Pachydiplax.longipennis Pachydiplax longipennis Libellulidae Anisoptera,aquatic habitats,,ephemeral,,single observation,,both,adult,,,,,,,,,,,
HumanObservation,Pachydiplax.longipennis Pachydiplax longipennis Libellulidae Anisoptera,habitat openness,,semi,,single observation,,both,adult,,,,,,,,,,,
PreservedSpecimen,Pachydiplax.longipennis Pachydiplax longipennis Libellulidae Anisoptera,body lengths,Data extraction from the Odonate Phenotypic Database (http://www.odonatephenotypicdatabase.org),35.5,,single observation,,both,adult,,,,,,,,,,,
PreservedSpecimen,Pachydiplax.longipennis Pachydiplax longipennis Libellulidae Anisoptera,hindwing lengths,Odonate Phenotypic Database (http://www.odonatephenotypicdatabase.org),36.5,,single observation,,both,adult,,,,,,,,,,,
PreservedSpecimen,Pachydiplax.longipennis Pachydiplax longipennis Libellulidae Anisoptera,has wing pigment,Retrieval from the Odonate Phenotypic Database (http://www.odonatephenotypicdatabase.org),yes,,single observation,,both,adult,,,,,,,,,,,
,Pachydiplax.longipennis Pachydiplax longipennis Libellulidae Anisoptera,wing pigment extent discrete,,10,,single observation,,both,adult,,,,,,,,,,,
PreservedSpecimen,Pachydiplax.longipennis Pachydiplax longipennis Libellulidae Anisoptera,wing pigment extent continuous,,0.04,,single observation,,both,adult,,,,,,,,,,,
,Pachydiplax.longipennis Pachydiplax longipennis Libellulidae Anisoptera,wing pigment symmetry,,hindwing more pigment,,single observation,,both,adult,,,,,,,,,,,
,Pachydiplax.longipennis Pachydiplax longipennis Libellulidae Anisoptera,wing pigment color,,brown,,single observation,,both,adult,,,,,,,,,,,
,Pachydiplax.longipennis Pachydiplax longipennis Libellulidae Anisoptera,wing pigment placement,,basal,,single observation,,both,adult,,,,,,,,,,,
HumanObservation,Pachydiplax.longipennis Pachydiplax longipennis Libellulidae Anisoptera,Flight season start,,5.31,,single observation,,both,adult,,,,,,,,,,,
,Pachydiplax.longipennis Pachydiplax longipennis Libellulidae Anisoptera,Flight season end,,6.09,,single observation,,both,adult,,,,,,,,,,,
PreservedSpecimen,Pachydiplax.longipennis Pachydiplax longipennis Libellulidae Anisoptera,body colors,Odonate Phenotypic Database (http://www.odonatephenotypicdatabase.org),blue,,single observation,,both,adult,,,,,,,,,,,
PreservedSpecimen,Pachydiplax.longipennis Pachydiplax longipennis Libellulidae Anisoptera,body colortypes,Odonate Phenotypic Database (http://www.odonatephenotypicdatabase.org),pigment,,single observation,,both,adult,,,,,,,,,,,
PreservedSpecimen,Pachydiplax.longipennis Pachydiplax longipennis Libellulidae Anisoptera,body patterns,Odonate Phenotypic Database (http://www.odonatephenotypicdatabase.org),plain,,single observation,,both,adult,,,,,,,,,,,
,Pachydiplax.longipennis Pachydiplax longipennis Libellulidae Anisoptera,mate guarding,,noncontact,,single observation,,both,adult,,,,,,,,,,,
Occurrence,Pachydiplax.longipennis Pachydiplax longipennis Libellulidae Anisoptera,flight mode,,percher,,single observation,,both,adult,,,,,,,,,,,
HumanObservation,Pachydiplax.longipennis Pachydiplax longipennis Libellulidae Anisoptera,territoriality,,territorial,,single observation,,both,adult,,,,,,,,,,,
HumanObservation,Pachydiplax.longipennis Pachydiplax longipennis Libellulidae Anisoptera,aquatic habitats,,ephemeral,,single observation,,both,adult,,,,,,,,,,,
HumanObservation,Pachydiplax.longipennis Pachydiplax longipennis Libellulidae Anisoptera,habitat openness,,semi,,single observation,,both,adult,,,,,,,,,,,
PreservedSpecimen,Pachydiplax.longipennis Pachydiplax longipennis Libellulidae Anisoptera,body lengths,Data extraction from the Odonate Phenotypic Database (http://www.odonatephenotypicdatabase.org),35.5,,single observation,,both,adult,,,,,,,,,,,
PreservedSpecimen,Pachydiplax.longipennis Pachydiplax longipennis Libellulidae Anisoptera,hindwing lengths,Odonate Phenotypic Database (http://www.odonatephenotypicdatabase.org),36.5,,single observation,,both,adult,,,,,,,,,,,
PreservedSpecimen,Pachydiplax.longipennis Pachydiplax longipennis Libellulidae Anisoptera,has wing pigment,Retrieval from the Odonate Phenotypic Database (http://www.odonatephenotypicdatabase.org),yes,,single observation,,both,adult,,,,,,,,,,,
,Pachydiplax.longipennis Pachydiplax longipennis Libellulidae Anisoptera,wing pigment extent discrete,,10,,single observation,,both,adult,,,,,,,,,,,
PreservedSpecimen,Pachydiplax.longipennis Pachydiplax longipennis Libellulidae Anisoptera,wing pigment extent continuous,,0.04,,single observation,,both,adult,,,,,,,,,,,
,Pachydiplax.longipennis Pachydiplax longipennis Libellulidae Anisoptera,wing pigment symmetry,,hindwing more pigment,,single observation,,both,adult,,,,,,,,,,,
,Pachydiplax.longipennis Pachydiplax longipennis Libellulidae Anisoptera,wing pigment color,,brown,,single observation,,both,adult,,,,,,,,,,,
,Pachydiplax.longipennis Pachydiplax longipennis Libellulidae Anisoptera,wing pigment placement,,basal,,single observation,,both,adult,,,,,,,,,,,
HumanObservation,Pantala.flavescens Pantala flavescens Libellulidae Anisoptera,Flight season start,,7/12,,single observation,,both,adult,,,,,,,,,,,
,Pantala.flavescens Pantala flavescens Libellulidae Anisoptera,Flight season end,,10/4,,single observation,,both,adult,,,,,,,,,,,
PreservedSpecimen,Pantala.flavescens Pantala flavescens Libellulidae Anisoptera,body colors,Odonate Phenotypic Database (http://www.odonatephenotypicdatabase.org),black,,single observation,,both,adult,,,,,,,,,,,
PreservedSpecimen,Pantala.flavescens Pantala flavescens Libellulidae Anisoptera,body colortypes,Odonate Phenotypic Database (http://www.odonatephenotypicdatabase.org),pigment,,single observation,,both,adult,,,,,,,,,,,
PreservedSpecimen,Pantala.flavescens Pantala flavescens Libellulidae Anisoptera,body patterns,Odonate Phenotypic Database (http://www.odonatephenotypicdatabase.org),spotted,,single observation,,both,adult,,,,,,,,,,,
,Pantala.flavescens Pantala flavescens Libellulidae Anisoptera,mate guarding,,contact,,single observation,,both,adult,,,,,,,,,,,
Occurrence,Pantala.flavescens Pantala flavescens Libellulidae Anisoptera,flight mode,,flier,,single observation,,both,adult,,,,,,,,,,,
HumanObservation,Pantala.flavescens Pantala flavescens Libellulidae Anisoptera,territoriality,,non-territorial,,single observation,,both,adult,,,,,,,,,,,
HumanObservation,Pantala.flavescens Pantala flavescens Libellulidae Anisoptera,aquatic habitats,,ephemeral,,single observation,,both,adult,,,,,,,,,,,
HumanObservation,Pantala.flavescens Pantala flavescens Libellulidae Anisoptera,habitat openness,,closed,,single observation,,both,adult,,,,,,,,,,,
PreservedSpecimen,Pantala.flavescens Pantala flavescens Libellulidae Anisoptera,body lengths,Data extraction from the Odonate Phenotypic Database (http://www.odonatephenotypicdatabase.org),48.5,,single observation,,both,adult,,,,,,,,,,,
PreservedSpecimen,Pantala.flavescens Pantala flavescens Libellulidae Anisoptera,hindwing lengths,Odonate Phenotypic Database (http://www.odonatephenotypicdatabase.org),38.5,,single observation,,both,adult,,,,,,,,,,,
PreservedSpecimen,Pantala.flavescens Pantala flavescens Libellulidae Anisoptera,has wing pigment,Retrieval from the Odonate Phenotypic Database (http://www.odonatephenotypicdatabase.org),yes,,single observation,,both,adult,,,,,,,,,,,
,Pantala.flavescens Pantala flavescens Libellulidae Anisoptera,wing pigment extent discrete,,10,,single observation,,both,adult,,,,,,,,,,,
PreservedSpecimen,Pantala.flavescens Pantala flavescens Libellulidae Anisoptera,wing pigment extent continuous,,0.04,,single observation,,both,adult,,,,,,,,,,,
,Pantala.flavescens Pantala flavescens Libellulidae Anisoptera,wing pigment symmetry,,hindwing more pigment,,single observation,,both,adult,,,,,,,,,,,
,Pantala.flavescens Pantala flavescens Libellulidae Anisoptera,wing pigment color,,yellow,,single observation,,both,adult,,,,,,,,,,,
,Pantala.flavescens Pantala flavescens Libellulidae Anisoptera,wing pigment placement,,basal,,single observation,,both,adult,,,,,,,,,,,
HumanObservation,Pantala.flavescens Pantala flavescens Libellulidae Anisoptera,Flight season start,,12.07,,single observation,,both,adult,,,,,,,,,,,
,Pantala.flavescens Pantala flavescens Libellulidae Anisoptera,Flight season end,,4.1,,single observation,,both,adult,,,,,,,,,,,
PreservedSpecimen,Pantala.flavescens Pantala flavescens Libellulidae Anisoptera,body colors,Odonate Phenotypic Database (http://www.odonatephenotypicdatabase.org),black,,single observation,,both,adult,,,,,,,,,,,
PreservedSpecimen,Pantala.flavescens Pantala flavescens Libellulidae Anisoptera,body colortypes,Odonate Phenotypic Database (http://www.odonatephenotypicdatabase.org),pigment,,single observation,,both,adult,,,,,,,,,,,
PreservedSpecimen,Pantala.flavescens Pantala flavescens Libellulidae Anisoptera,body patterns,Odonate Phenotypic Database (http://www.odonatephenotypicdatabase.org),spotted,,single observation,,both,adult,,,,,,,,,,,
,Pantala.flavescens Pantala flavescens Libellulidae Anisoptera,mate guarding,,contact,,single observation,,both,adult,,,,,,,,,,,
Occurrence,Pantala.flavescens Pantala flavescens Libellulidae Anisoptera,flight mode,,flier,,single observation,,both,adult,,,,,,,,,,,
HumanObservation,Pantala.flavescens Pantala flavescens Libellulidae Anisoptera,territoriality,,non-territorial,,single observation,,both,adult,,,,,,,,,,,
HumanObservation,Pantala.flavescens Pantala flavescens Libellulidae Anisoptera,aquatic habitats,,ephemeral,,single observation,,both,adult,,,,,,,,,,,
HumanObservation,Pantala.flavescens Pantala flavescens Libellulidae Anisoptera,habitat openness,,closed,,single observation,,both,adult,,,,,,,,,,,
PreservedSpecimen,Pantala.flavescens Pantala flavescens Libellulidae Anisoptera,body lengths,Data extraction from the Odonate Phenotypic Database (http://www.odonatephenotypicdatabase.org),48.5,,single observation,,both,adult,,,,,,,,,,,
PreservedSpecimen,Pantala.flavescens Pantala flavescens Libellulidae Anisoptera,hindwing lengths,Odonate Phenotypic Database (http://www.odonatephenotypicdatabase.org),38.5,,single observation,,both,adult,,,,,,,,,,,
PreservedSpecimen,Pantala.flavescens Pantala flavescens Libellulidae Anisoptera,has wing pigment,Retrieval from the Odonate Phenotypic Database (http://www.odonatephenotypicdatabase.org),yes,,single observation,,both,adult,,,,,,,,,,,
,Pantala.flavescens Pantala flavescens Libellulidae Anisoptera,wing pigment extent discrete,,10,,single observation,,both,adult,,,,,,,,,,,
PreservedSpecimen,Pantala.flavescens Pantala flavescens Libellulidae Anisoptera,wing pigment extent continuous,,0.04,,single observation,,both,adult,,,,,,,,,,,
,Pantala.flavescens Pantala flavescens Libellulidae Anisoptera,wing pigment symmetry,,hindwing more pigment,,single observation,,both,adult,,,,,,,,,,,
,Pantala.flavescens Pantala flavescens Libellulidae Anisoptera,wing pigment color,,yellow,,single observation,,both,adult,,,,,,,,,,,
,Pantala.flavescens Pantala flavescens Libellulidae Anisoptera,wing pigment placement,,basal,,single observation,,both,adult,,,,,,,,,,,
HumanObservation,Pantala.hymenaea Pantala hymenaea Libellulidae Anisoptera,Flight season start,,7/6,,single observation,,both,adult,,,,,,,,,,,
,Pantala.hymenaea Pantala hymenaea Libellulidae Anisoptera,Flight season end,,9/6,,single observation,,both,adult,,,,,,,,,,,
PreservedSpecimen,Pantala.hymenaea Pantala hymenaea Libellulidae Anisoptera,body colors,Odonate Phenotypic Database (http://www.odonatephenotypicdatabase.org),black,,single observation,,both,adult,,,,,,,,,,,
PreservedSpecimen,Pantala.hymenaea Pantala hymenaea Libellulidae Anisoptera,body colortypes,Odonate Phenotypic Database (http://www.odonatephenotypicdatabase.org),pigment,,single observation,,both,adult,,,,,,,,,,,
PreservedSpecimen,Pantala.hymenaea Pantala hymenaea Libellulidae Anisoptera,body patterns,Odonate Phenotypic Database (http://www.odonatephenotypicdatabase.org),plain,,single observation,,both,adult,,,,,,,,,,,
,Pantala.hymenaea Pantala hymenaea Libellulidae Anisoptera,mate guarding,,contact,,single observation,,both,adult,,,,,,,,,,,
Occurrence,Pantala.hymenaea Pantala hymenaea Libellulidae Anisoptera,flight mode,,flier,,single observation,,both,adult,,,,,,,,,,,
HumanObservation,Pantala.hymenaea Pantala hymenaea Libellulidae Anisoptera,territoriality,,territorial,,single observation,,both,adult,,,,,,,,,,,
HumanObservation,Pantala.hymenaea Pantala hymenaea Libellulidae Anisoptera,aquatic habitats,,ephemeral,,single observation,,both,adult,,,,,,,,,,,
HumanObservation,Pantala.hymenaea Pantala hymenaea Libellulidae Anisoptera,habitat openness,,open,,single observation,,both,adult,,,,,,,,,,,
PreservedSpecimen,Pantala.hymenaea Pantala hymenaea Libellulidae Anisoptera,body lengths,Data extraction from the Odonate Phenotypic Database (http://www.odonatephenotypicdatabase.org),47.5,,single observation,,both,adult,,,,,,,,,,,
PreservedSpecimen,Pantala.hymenaea Pantala hymenaea Libellulidae Anisoptera,hindwing lengths,Odonate Phenotypic Database (http://www.odonatephenotypicdatabase.org),42.5,,single observation,,both,adult,,,,,,,,,,,
PreservedSpecimen,Pantala.hymenaea Pantala hymenaea Libellulidae Anisoptera,has wing pigment,Retrieval from the Odonate Phenotypic Database (http://www.odonatephenotypicdatabase.org),yes,,single observation,,both,adult,,,,,,,,,,,
,Pantala.hymenaea Pantala hymenaea Libellulidae Anisoptera,wing pigment extent discrete,,10,,single observation,,both,adult,,,,,,,,,,,
PreservedSpecimen,Pantala.hymenaea Pantala hymenaea Libellulidae Anisoptera,wing pigment extent continuous,,0.03,,single observation,,both,adult,,,,,,,,,,,
,Pantala.hymenaea Pantala hymenaea Libellulidae Anisoptera,wing pigment symmetry,,hindwing more pigment,,single observation,,both,adult,,,,,,,,,,,
,Pantala.hymenaea Pantala hymenaea Libellulidae Anisoptera,wing pigment color,,brown,,single observation,,both,adult,,,,,,,,,,,
,Pantala.hymenaea Pantala hymenaea Libellulidae Anisoptera,wing pigment placement,,basal,,single observation,,both,adult,,,,,,,,,,,
HumanObservation,Pantala.hymenaea Pantala hymenaea Libellulidae Anisoptera,Flight season start,,6.07,,single observation,,both,adult,,,,,,,,,,,
,Pantala.hymenaea Pantala hymenaea Libellulidae Anisoptera,Flight season end,,6.09,,single observation,,both,adult,,,,,,,,,,,
PreservedSpecimen,Pantala.hymenaea Pantala hymenaea Libellulidae Anisoptera,body colors,Odonate Phenotypic Database (http://www.odonatephenotypicdatabase.org),black,,single observation,,both,adult,,,,,,,,,,,
PreservedSpecimen,Pantala.hymenaea Pantala hymenaea Libellulidae Anisoptera,body colortypes,Odonate Phenotypic Database (http://www.odonatephenotypicdatabase.org),pigment,,single observation,,both,adult,,,,,,,,,,,
PreservedSpecimen,Pantala.hymenaea Pantala hymenaea Libellulidae Anisoptera,body patterns,Odonate Phenotypic Database (http://www.odonatephenotypicdatabase.org),plain,,single observation,,both,adult,,,,,,,,,,,
,Pantala.hymenaea Pantala hymenaea Libellulidae Anisoptera,mate guarding,,contact,,single observation,,both,adult,,,,,,,,,,,
Occurrence,Pantala.hymenaea Pantala hymenaea Libellulidae Anisoptera,flight mode,,flier,,single observation,,both,adult,,,,,,,,,,,
HumanObservation,Pantala.hymenaea Pantala hymenaea Libellulidae Anisoptera,territoriality,,territorial,,single observation,,both,adult,,,,,,,,,,,
HumanObservation,Pantala.hymenaea Pantala hymenaea Libellulidae Anisoptera,aquatic habitats,,ephemeral,,single observation,,both,adult,,,,,,,,,,,
HumanObservation,Pantala.hymenaea Pantala hymenaea Libellulidae Anisoptera,habitat openness,,open,,single observation,,both,adult,,,,,,,,,,,
PreservedSpecimen,Pantala.hymenaea Pantala hymenaea Libellulidae Anisoptera,body lengths,Data extraction from the Odonate Phenotypic Database (http://www.odonatephenotypicdatabase.org),47.5,,single observation,,both,adult,,,,,,,,,,,
PreservedSpecimen,Pantala.hymenaea Pantala hymenaea Libellulidae Anisoptera,hindwing lengths,Odonate Phenotypic Database (http://www.odonatephenotypicdatabase.org),42.5,,single observation,,both,adult,,,,,,,,,,,
PreservedSpecimen,Pantala.hymenaea Pantala hymenaea Libellulidae Anisoptera,has wing pigment,Retrieval from the Odonate Phenotypic Database (http://www.odonatephenotypicdatabase.org),yes,,single observation,,both,adult,,,,,,,,,,,
,Pantala.hymenaea Pantala hymenaea Libellulidae Anisoptera,wing pigment extent discrete,,10,,single observation,,both,adult,,,,,,,,,,,
PreservedSpecimen,Pantala.hymenaea Pantala hymenaea Libellulidae Anisoptera,wing pigment extent continuous,,0.03,,single observation,,both,adult,,,,,,,,,,,
,Pantala.hymenaea Pantala hymenaea Libellulidae Anisoptera,wing pigment symmetry,,hindwing more pigment,,single observation,,both,adult,,,,,,,,,,,
,Pantala.hymenaea Pantala hymenaea Libellulidae Anisoptera,wing pigment color,,brown,,single observation,,both,adult,,,,,,,,,,,
,Pantala.hymenaea Pantala hymenaea Libellulidae Anisoptera,wing pigment placement,,basal,,single observation,,both,adult,,,,,,,,,,,
HumanObservation,Perithemis.tenera Perithemis tenera Libellulidae Anisoptera,Flight season start,,7/9,,single observation,,both,adult,,,,,,,,,,,
,Perithemis.tenera Perithemis tenera Libellulidae Anisoptera,Flight season end,,31/8,,single observation,,both,adult,,,,,,,,,,,
PreservedSpecimen,Perithemis.tenera Perithemis tenera Libellulidae Anisoptera,body colors,Odonate Phenotypic Database (http://www.odonatephenotypicdatabase.org),black,,single observation,,both,adult,,,,,,,,,,,
PreservedSpecimen,Perithemis.tenera Perithemis tenera Libellulidae Anisoptera,body colortypes,Odonate Phenotypic Database (http://www.odonatephenotypicdatabase.org),pigment,,single observation,,both,adult,,,,,,,,,,,
PreservedSpecimen,Perithemis.tenera Perithemis tenera Libellulidae Anisoptera,body patterns,Odonate Phenotypic Database (http://www.odonatephenotypicdatabase.org),spotted,,single observation,,both,adult,,,,,,,,,,,
,Perithemis.tenera Perithemis tenera Libellulidae Anisoptera,mate guarding,,NA,,single observation,,both,adult,,,,,,,,,,,
Occurrence,Perithemis.tenera Perithemis tenera Libellulidae Anisoptera,flight mode,,percher,,single observation,,both,adult,,,,,,,,,,,
HumanObservation,Perithemis.tenera Perithemis tenera Libellulidae Anisoptera,territoriality,,territorial,,single observation,,both,adult,,,,,,,,,,,
HumanObservation,Perithemis.tenera Perithemis tenera Libellulidae Anisoptera,aquatic habitats,,lake,,single observation,,both,adult,,,,,,,,,,,
HumanObservation,Perithemis.tenera Perithemis tenera Libellulidae Anisoptera,habitat openness,,closed,,single observation,,both,adult,,,,,,,,,,,
PreservedSpecimen,Perithemis.tenera Perithemis tenera Libellulidae Anisoptera,body lengths,Data extraction from the Odonate Phenotypic Database (http://www.odonatephenotypicdatabase.org),22.5,,single observation,,both,adult,,,,,,,,,,,
PreservedSpecimen,Perithemis.tenera Perithemis tenera Libellulidae Anisoptera,hindwing lengths,Odonate Phenotypic Database (http://www.odonatephenotypicdatabase.org),17.5,,single observation,,both,adult,,,,,,,,,,,
PreservedSpecimen,Perithemis.tenera Perithemis tenera Libellulidae Anisoptera,has wing pigment,Retrieval from the Odonate Phenotypic Database (http://www.odonatephenotypicdatabase.org),yes,,single observation,,both,adult,,,,,,,,,,,
,Perithemis.tenera Perithemis tenera Libellulidae Anisoptera,wing pigment extent discrete,,100,,single observation,,both,adult,,,,,,,,,,,
PreservedSpecimen,Perithemis.tenera Perithemis tenera Libellulidae Anisoptera,wing pigment extent continuous,,1,,single observation,,both,adult,,,,,,,,,,,
,Perithemis.tenera Perithemis tenera Libellulidae Anisoptera,wing pigment symmetry,,symmetric pigment,,single observation,,both,adult,,,,,,,,,,,
,Perithemis.tenera Perithemis tenera Libellulidae Anisoptera,wing pigment color,,amber,,single observation,,both,adult,,,,,,,,,,,
,Perithemis.tenera Perithemis tenera Libellulidae Anisoptera,wing pigment placement,,full,,single observation,,both,adult,,,,,,,,,,,
HumanObservation,Perithemis.tenera Perithemis tenera Libellulidae Anisoptera,Flight season start,,9.07,,single observation,,both,adult,,,,,,,,,,,
,Perithemis.tenera Perithemis tenera Libellulidae Anisoptera,Flight season end,,8.31,,single observation,,both,adult,,,,,,,,,,,
PreservedSpecimen,Perithemis.tenera Perithemis tenera Libellulidae Anisoptera,body colors,Odonate Phenotypic Database (http://www.odonatephenotypicdatabase.org),black,,single observation,,both,adult,,,,,,,,,,,
PreservedSpecimen,Perithemis.tenera Perithemis tenera Libellulidae Anisoptera,body colortypes,Odonate Phenotypic Database (http://www.odonatephenotypicdatabase.org),pigment,,single observation,,both,adult,,,,,,,,,,,
PreservedSpecimen,Perithemis.tenera Perithemis tenera Libellulidae Anisoptera,body patterns,Odonate Phenotypic Database (http://www.odonatephenotypicdatabase.org),spotted,,single observation,,both,adult,,,,,,,,,,,
,Perithemis.tenera Perithemis tenera Libellulidae Anisoptera,mate guarding,,NA,,single observation,,both,adult,,,,,,,,,,,
Occurrence,Perithemis.tenera Perithemis tenera Libellulidae Anisoptera,flight mode,,percher,,single observation,,both,adult,,,,,,,,,,,
HumanObservation,Perithemis.tenera Perithemis tenera Libellulidae Anisoptera,territoriality,,territorial,,single observation,,both,adult,,,,,,,,,,,
HumanObservation,Perithemis.tenera Perithemis tenera Libellulidae Anisoptera,aquatic habitats,,lake,,single observation,,both,adult,,,,,,,,,,,
HumanObservation,Perithemis.tenera Perithemis tenera Libellulidae Anisoptera,habitat openness,,closed,,single observation,,both,adult,,,,,,,,,,,
PreservedSpecimen,Perithemis.tenera Perithemis tenera Libellulidae Anisoptera,body lengths,Data extraction from the Odonate Phenotypic Database (http://www.odonatephenotypicdatabase.org),22.5,,single observation,,both,adult,,,,,,,,,,,
PreservedSpecimen,Perithemis.tenera Perithemis tenera Libellulidae Anisoptera,hindwing lengths,Odonate Phenotypic Database (http://www.odonatephenotypicdatabase.org),17.5,,single observation,,both,adult,,,,,,,,,,,
PreservedSpecimen,Perithemis.tenera Perithemis tenera Libellulidae Anisoptera,has wing pigment,Retrieval from the Odonate Phenotypic Database (http://www.odonatephenotypicdatabase.org),yes,,single observation,,both,adult,,,,,,,,,,,
,Perithemis.tenera Perithemis tenera Libellulidae Anisoptera,wing pigment extent discrete,,100,,single observation,,both,adult,,,,,,,,,,,
PreservedSpecimen,Perithemis.tenera Perithemis tenera Libellulidae Anisoptera,wing pigment extent continuous,,1,,single observation,,both,adult,,,,,,,,,,,
,Perithemis.tenera Perithemis tenera Libellulidae Anisoptera,wing pigment symmetry,,symmetric pigment,,single observation,,both,adult,,,,,,,,,,,
,Perithemis.tenera Perithemis tenera Libellulidae Anisoptera,wing pigment color,,amber,,single observation,,both,adult,,,,,,,,,,,
,Perithemis.tenera Perithemis tenera Libellulidae Anisoptera,wing pigment placement,,full,,single observation,,both,adult,,,,,,,,,,,
HumanObservation,Plathemis.lydia Plathemis lydia Libellulidae Anisoptera,Flight season start,,5/8,,single observation,,both,adult,,,,,,,,,,,
,Plathemis.lydia Plathemis lydia Libellulidae Anisoptera,Flight season end,,18/9,,single observation,,both,adult,,,,,,,,,,,
PreservedSpecimen,Plathemis.lydia Plathemis lydia Libellulidae Anisoptera,body colors,Odonate Phenotypic Database (http://www.odonatephenotypicdatabase.org),brown,,single observation,,both,adult,,,,,,,,,,,
PreservedSpecimen,Plathemis.lydia Plathemis lydia Libellulidae Anisoptera,body colortypes,Odonate Phenotypic Database (http://www.odonatephenotypicdatabase.org),pigment,,single observation,,both,adult,,,,,,,,,,,
PreservedSpecimen,Plathemis.lydia Plathemis lydia Libellulidae Anisoptera,body patterns,Odonate Phenotypic Database (http://www.odonatephenotypicdatabase.org),plain,,single observation,,both,adult,,,,,,,,,,,
,Plathemis.lydia Plathemis lydia Libellulidae Anisoptera,mate guarding,,noncontact,,single observation,,both,adult,,,,,,,,,,,
Occurrence,Plathemis.lydia Plathemis lydia Libellulidae Anisoptera,flight mode,,percher,,single observation,,both,adult,,,,,,,,,,,
HumanObservation,Plathemis.lydia Plathemis lydia Libellulidae Anisoptera,territoriality,,territorial,,single observation,,both,adult,,,,,,,,,,,
HumanObservation,Plathemis.lydia Plathemis lydia Libellulidae Anisoptera,aquatic habitats,,lake,,single observation,,both,adult,,,,,,,,,,,
HumanObservation,Plathemis.lydia Plathemis lydia Libellulidae Anisoptera,habitat openness,,open,,single observation,,both,adult,,,,,,,,,,,
PreservedSpecimen,Plathemis.lydia Plathemis lydia Libellulidae Anisoptera,body lengths,Data extraction from the Odonate Phenotypic Database (http://www.odonatephenotypicdatabase.org),45,,single observation,,both,adult,,,,,,,,,,,
PreservedSpecimen,Plathemis.lydia Plathemis lydia Libellulidae Anisoptera,hindwing lengths,Odonate Phenotypic Database (http://www.odonatephenotypicdatabase.org),32.5,,single observation,,both,adult,,,,,,,,,,,
PreservedSpecimen,Plathemis.lydia Plathemis lydia Libellulidae Anisoptera,has wing pigment,Retrieval from the Odonate Phenotypic Database (http://www.odonatephenotypicdatabase.org),yes,,single observation,,both,adult,,,,,,,,,,,
,Plathemis.lydia Plathemis lydia Libellulidae Anisoptera,wing pigment extent discrete,,50,,single observation,,both,adult,,,,,,,,,,,
PreservedSpecimen,Plathemis.lydia Plathemis lydia Libellulidae Anisoptera,wing pigment extent continuous,,0.51,,single observation,,both,adult,,,,,,,,,,,
,Plathemis.lydia Plathemis lydia Libellulidae Anisoptera,wing pigment symmetry,,symmetric pigment,,single observation,,both,adult,,,,,,,,,,,
,Plathemis.lydia Plathemis lydia Libellulidae Anisoptera,wing pigment color,,black,,single observation,,both,adult,,,,,,,,,,,
,Plathemis.lydia Plathemis lydia Libellulidae Anisoptera,wing pigment placement,,basal,,single observation,,both,adult,,,,,,,,,,,
HumanObservation,Plathemis.lydia Plathemis lydia Libellulidae Anisoptera,Flight season start,,8.05,,single observation,,both,adult,,,,,,,,,,,
,Plathemis.lydia Plathemis lydia Libellulidae Anisoptera,Flight season end,,9.18,,single observation,,both,adult,,,,,,,,,,,
PreservedSpecimen,Plathemis.lydia Plathemis lydia Libellulidae Anisoptera,body colors,Odonate Phenotypic Database (http://www.odonatephenotypicdatabase.org),brown,,single observation,,both,adult,,,,,,,,,,,
PreservedSpecimen,Plathemis.lydia Plathemis lydia Libellulidae Anisoptera,body colortypes,Odonate Phenotypic Database (http://www.odonatephenotypicdatabase.org),pigment,,single observation,,both,adult,,,,,,,,,,,
PreservedSpecimen,Plathemis.lydia Plathemis lydia Libellulidae Anisoptera,body patterns,Odonate Phenotypic Database (http://www.odonatephenotypicdatabase.org),plain,,single observation,,both,adult,,,,,,,,,,,
,Plathemis.lydia Plathemis lydia Libellulidae Anisoptera,mate guarding,,noncontact,,single observation,,both,adult,,,,,,,,,,,
Occurrence,Plathemis.lydia Plathemis lydia Libellulidae Anisoptera,flight mode,,percher,,single observation,,both,adult,,,,,,,,,,,
HumanObservation,Plathemis.lydia Plathemis lydia Libellulidae Anisoptera,territoriality,,territorial,,single observation,,both,adult,,,,,,,,,,,
HumanObservation,Plathemis.lydia Plathemis lydia Libellulidae Anisoptera,aquatic habitats,,lake,,single observation,,both,adult,,,,,,,,,,,
HumanObservation,Plathemis.lydia Plathemis lydia Libellulidae Anisoptera,habitat openness,,open,,single observation,,both,adult,,,,,,,,,,,
PreservedSpecimen,Plathemis.lydia Plathemis lydia Libellulidae Anisoptera,body lengths,Data extraction from the Odonate Phenotypic Database (http://www.odonatephenotypicdatabase.org),45,,single observation,,both,adult,,,,,,,,,,,
PreservedSpecimen,Plathemis.lydia Plathemis lydia Libellulidae Anisoptera,hindwing lengths,Odonate Phenotypic Database (http://www.odonatephenotypicdatabase.org),32.5,,single observation,,both,adult,,,,,,,,,,,
PreservedSpecimen,Plathemis.lydia Plathemis lydia Libellulidae Anisoptera,has wing pigment,Retrieval from the Odonate Phenotypic Database (http://www.odonatephenotypicdatabase.org),yes,,single observation,,both,adult,,,,,,,,,,,
,Plathemis.lydia Plathemis lydia Libellulidae Anisoptera,wing pigment extent discrete,,50,,single observation,,both,adult,,,,,,,,,,,
PreservedSpecimen,Plathemis.lydia Plathemis lydia Libellulidae Anisoptera,wing pigment extent continuous,,0.51,,single observation,,both,adult,,,,,,,,,,,
,Plathemis.lydia Plathemis lydia Libellulidae Anisoptera,wing pigment symmetry,,symmetric pigment,,single observation,,both,adult,,,,,,,,,,,
,Plathemis.lydia Plathemis lydia Libellulidae Anisoptera,wing pigment color,,black,,single observation,,both,adult,,,,,,,,,,,
,Plathemis.lydia Plathemis lydia Libellulidae Anisoptera,wing pigment placement,,basal,,single observation,,both,adult,,,,,,,,,,,
HumanObservation,Rhionaeschna.mutata Rhionaeschna mutata Aeshnidae Anisoptera,Flight season start,,7/4,,single observation,,both,adult,,,,,,,,,,,
,Rhionaeschna.mutata Rhionaeschna mutata Aeshnidae Anisoptera,Flight season end,,25/7,,single observation,,both,adult,,,,,,,,,,,
PreservedSpecimen,Rhionaeschna.mutata Rhionaeschna mutata Aeshnidae Anisoptera,body colors,Odonate Phenotypic Database (http://www.odonatephenotypicdatabase.org),black,,single observation,,both,adult,,,,,,,,,,,
PreservedSpecimen,Rhionaeschna.mutata Rhionaeschna mutata Aeshnidae Anisoptera,body colortypes,Odonate Phenotypic Database (http://www.odonatephenotypicdatabase.org),pigment,,single observation,,both,adult,,,,,,,,,,,
PreservedSpecimen,Rhionaeschna.mutata Rhionaeschna mutata Aeshnidae Anisoptera,body patterns,Odonate Phenotypic Database (http://www.odonatephenotypicdatabase.org),spotted,,single observation,,both,adult,,,,,,,,,,,
,Rhionaeschna.mutata Rhionaeschna mutata Aeshnidae Anisoptera,mate guarding,,NA,,single observation,,both,adult,,,,,,,,,,,
Occurrence,Rhionaeschna.mutata Rhionaeschna mutata Aeshnidae Anisoptera,flight mode,,flier,,single observation,,both,adult,,,,,,,,,,,
HumanObservation,Rhionaeschna.mutata Rhionaeschna mutata Aeshnidae Anisoptera,territoriality,,territorial,,single observation,,both,adult,,,,,,,,,,,
HumanObservation,Rhionaeschna.mutata Rhionaeschna mutata Aeshnidae Anisoptera,aquatic habitats,,pond,,single observation,,both,adult,,,,,,,,,,,
HumanObservation,Rhionaeschna.mutata Rhionaeschna mutata Aeshnidae Anisoptera,habitat openness,,closed,,single observation,,both,adult,,,,,,,,,,,
PreservedSpecimen,Rhionaeschna.mutata Rhionaeschna mutata Aeshnidae Anisoptera,body lengths,Data extraction from the Odonate Phenotypic Database (http://www.odonatephenotypicdatabase.org),75,,single observation,,both,adult,,,,,,,,,,,
PreservedSpecimen,Rhionaeschna.mutata Rhionaeschna mutata Aeshnidae Anisoptera,hindwing lengths,Odonate Phenotypic Database (http://www.odonatephenotypicdatabase.org),47.5,,single observation,,both,adult,,,,,,,,,,,
PreservedSpecimen,Rhionaeschna.mutata Rhionaeschna mutata Aeshnidae Anisoptera,has wing pigment,Retrieval from the Odonate Phenotypic Database (http://www.odonatephenotypicdatabase.org),no,,single observation,,both,adult,,,,,,,,,,,
,Rhionaeschna.mutata Rhionaeschna mutata Aeshnidae Anisoptera,wing pigment extent discrete,,NA,,single observation,,both,adult,,,,,,,,,,,
PreservedSpecimen,Rhionaeschna.mutata Rhionaeschna mutata Aeshnidae Anisoptera,wing pigment extent continuous,,NA,,single observation,,both,adult,,,,,,,,,,,
,Rhionaeschna.mutata Rhionaeschna mutata Aeshnidae Anisoptera,wing pigment symmetry,,NA,,single observation,,both,adult,,,,,,,,,,,
,Rhionaeschna.mutata Rhionaeschna mutata Aeshnidae Anisoptera,wing pigment color,,NA,,single observation,,both,adult,,,,,,,,,,,
,Rhionaeschna.mutata Rhionaeschna mutata Aeshnidae Anisoptera,wing pigment placement,,NA,,single observation,,both,adult,,,,,,,,,,,
HumanObservation,Rhionaeschna.mutata Rhionaeschna mutata Aeshnidae Anisoptera,Flight season start,,4.07,,single observation,,both,adult,,,,,,,,,,,
,Rhionaeschna.mutata Rhionaeschna mutata Aeshnidae Anisoptera,Flight season end,,7.25,,single observation,,both,adult,,,,,,,,,,,
PreservedSpecimen,Rhionaeschna.mutata Rhionaeschna mutata Aeshnidae Anisoptera,body colors,Odonate Phenotypic Database (http://www.odonatephenotypicdatabase.org),black,,single observation,,both,adult,,,,,,,,,,,
PreservedSpecimen,Rhionaeschna.mutata Rhionaeschna mutata Aeshnidae Anisoptera,body colortypes,Odonate Phenotypic Database (http://www.odonatephenotypicdatabase.org),pigment,,single observation,,both,adult,,,,,,,,,,,
PreservedSpecimen,Rhionaeschna.mutata Rhionaeschna mutata Aeshnidae Anisoptera,body patterns,Odonate Phenotypic Database (http://www.odonatephenotypicdatabase.org),spotted,,single observation,,both,adult,,,,,,,,,,,
,Rhionaeschna.mutata Rhionaeschna mutata Aeshnidae Anisoptera,mate guarding,,NA,,single observation,,both,adult,,,,,,,,,,,
Occurrence,Rhionaeschna.mutata Rhionaeschna mutata Aeshnidae Anisoptera,flight mode,,flier,,single observation,,both,adult,,,,,,,,,,,
HumanObservation,Rhionaeschna.mutata Rhionaeschna mutata Aeshnidae Anisoptera,territoriality,,territorial,,single observation,,both,adult,,,,,,,,,,,
HumanObservation,Rhionaeschna.mutata Rhionaeschna mutata Aeshnidae Anisoptera,aquatic habitats,,pond,,single observation,,both,adult,,,,,,,,,,,
HumanObservation,Rhionaeschna.mutata Rhionaeschna mutata Aeshnidae Anisoptera,habitat openness,,closed,,single observation,,both,adult,,,,,,,,,,,
PreservedSpecimen,Rhionaeschna.mutata Rhionaeschna mutata Aeshnidae Anisoptera,body lengths,Data extraction from the Odonate Phenotypic Database (http://www.odonatephenotypicdatabase.org),75,,single observation,,both,adult,,,,,,,,,,,
PreservedSpecimen,Rhionaeschna.mutata Rhionaeschna mutata Aeshnidae Anisoptera,hindwing lengths,Odonate Phenotypic Database (http://www.odonatephenotypicdatabase.org),47.5,,single observation,,both,adult,,,,,,,,,,,
PreservedSpecimen,Rhionaeschna.mutata Rhionaeschna mutata Aeshnidae Anisoptera,has wing pigment,Retrieval from the Odonate Phenotypic Database (http://www.odonatephenotypicdatabase.org),no,,single observation,,both,adult,,,,,,,,,,,
,Rhionaeschna.mutata Rhionaeschna mutata Aeshnidae Anisoptera,wing pigment extent discrete,,NA,,single observation,,both,adult,,,,,,,,,,,
PreservedSpecimen,Rhionaeschna.mutata Rhionaeschna mutata Aeshnidae Anisoptera,wing pigment extent continuous,,NA,,single observation,,both,adult,,,,,,,,,,,
,Rhionaeschna.mutata Rhionaeschna mutata Aeshnidae Anisoptera,wing pigment symmetry,,NA,,single observation,,both,adult,,,,,,,,,,,
,Rhionaeschna.mutata Rhionaeschna mutata Aeshnidae Anisoptera,wing pigment color,,NA,,single observation,,both,adult,,,,,,,,,,,
,Rhionaeschna.mutata Rhionaeschna mutata Aeshnidae Anisoptera,wing pigment placement,,NA,,single observation,,both,adult,,,,,,,,,,,
HumanObservation,Somatochlora.albicincta Somatochlora albicincta Corduliidae Anisoptera,Flight season start,,7/11,,single observation,,both,adult,,,,,,,,,,,
,Somatochlora.albicincta Somatochlora albicincta Corduliidae Anisoptera,Flight season end,,7/3,,single observation,,both,adult,,,,,,,,,,,
PreservedSpecimen,Somatochlora.albicincta Somatochlora albicincta Corduliidae Anisoptera,body colors,Odonate Phenotypic Database (http://www.odonatephenotypicdatabase.org),black,,single observation,,both,adult,,,,,,,,,,,
PreservedSpecimen,Somatochlora.albicincta Somatochlora albicincta Corduliidae Anisoptera,body colortypes,Odonate Phenotypic Database (http://www.odonatephenotypicdatabase.org),pigment,,single observation,,both,adult,,,,,,,,,,,
PreservedSpecimen,Somatochlora.albicincta Somatochlora albicincta Corduliidae Anisoptera,body patterns,Odonate Phenotypic Database (http://www.odonatephenotypicdatabase.org),spotted,,single observation,,both,adult,,,,,,,,,,,
,Somatochlora.albicincta Somatochlora albicincta Corduliidae Anisoptera,mate guarding,,NA,,single observation,,both,adult,,,,,,,,,,,
Occurrence,Somatochlora.albicincta Somatochlora albicincta Corduliidae Anisoptera,flight mode,,flier,,single observation,,both,adult,,,,,,,,,,,
HumanObservation,Somatochlora.albicincta Somatochlora albicincta Corduliidae Anisoptera,territoriality,,NA,,single observation,,both,adult,,,,,,,,,,,
HumanObservation,Somatochlora.albicincta Somatochlora albicincta Corduliidae Anisoptera,aquatic habitats,,lake,,single observation,,both,adult,,,,,,,,,,,
HumanObservation,Somatochlora.albicincta Somatochlora albicincta Corduliidae Anisoptera,habitat openness,,closed,,single observation,,both,adult,,,,,,,,,,,
PreservedSpecimen,Somatochlora.albicincta Somatochlora albicincta Corduliidae Anisoptera,body lengths,Data extraction from the Odonate Phenotypic Database (http://www.odonatephenotypicdatabase.org),48.5,,single observation,,both,adult,,,,,,,,,,,
PreservedSpecimen,Somatochlora.albicincta Somatochlora albicincta Corduliidae Anisoptera,hindwing lengths,Odonate Phenotypic Database (http://www.odonatephenotypicdatabase.org),30.5,,single observation,,both,adult,,,,,,,,,,,
PreservedSpecimen,Somatochlora.albicincta Somatochlora albicincta Corduliidae Anisoptera,has wing pigment,Retrieval from the Odonate Phenotypic Database (http://www.odonatephenotypicdatabase.org),no,,single observation,,both,adult,,,,,,,,,,,
,Somatochlora.albicincta Somatochlora albicincta Corduliidae Anisoptera,wing pigment extent discrete,,NA,,single observation,,both,adult,,,,,,,,,,,
PreservedSpecimen,Somatochlora.albicincta Somatochlora albicincta Corduliidae Anisoptera,wing pigment extent continuous,,NA,,single observation,,both,adult,,,,,,,,,,,
,Somatochlora.albicincta Somatochlora albicincta Corduliidae Anisoptera,wing pigment symmetry,,NA,,single observation,,both,adult,,,,,,,,,,,
,Somatochlora.albicincta Somatochlora albicincta Corduliidae Anisoptera,wing pigment color,,NA,,single observation,,both,adult,,,,,,,,,,,
,Somatochlora.albicincta Somatochlora albicincta Corduliidae Anisoptera,wing pigment placement,,NA,,single observation,,both,adult,,,,,,,,,,,
HumanObservation,Somatochlora.albicincta Somatochlora albicincta Corduliidae Anisoptera,Flight season start,,11.07,,single observation,,both,adult,,,,,,,,,,,
,Somatochlora.albicincta Somatochlora albicincta Corduliidae Anisoptera,Flight season end,,3.07,,single observation,,both,adult,,,,,,,,,,,
PreservedSpecimen,Somatochlora.albicincta Somatochlora albicincta Corduliidae Anisoptera,body colors,Odonate Phenotypic Database (http://www.odonatephenotypicdatabase.org),black,,single observation,,both,adult,,,,,,,,,,,
PreservedSpecimen,Somatochlora.albicincta Somatochlora albicincta Corduliidae Anisoptera,body colortypes,Odonate Phenotypic Database (http://www.odonatephenotypicdatabase.org),pigment,,single observation,,both,adult,,,,,,,,,,,
PreservedSpecimen,Somatochlora.albicincta Somatochlora albicincta Corduliidae Anisoptera,body patterns,Odonate Phenotypic Database (http://www.odonatephenotypicdatabase.org),spotted,,single observation,,both,adult,,,,,,,,,,,
,Somatochlora.albicincta Somatochlora albicincta Corduliidae Anisoptera,mate guarding,,NA,,single observation,,both,adult,,,,,,,,,,,
Occurrence,Somatochlora.albicincta Somatochlora albicincta Corduliidae Anisoptera,flight mode,,flier,,single observation,,both,adult,,,,,,,,,,,
HumanObservation,Somatochlora.albicincta Somatochlora albicincta Corduliidae Anisoptera,territoriality,,NA,,single observation,,both,adult,,,,,,,,,,,
HumanObservation,Somatochlora.albicincta Somatochlora albicincta Corduliidae Anisoptera,aquatic habitats,,lake,,single observation,,both,adult,,,,,,,,,,,
HumanObservation,Somatochlora.albicincta Somatochlora albicincta Corduliidae Anisoptera,habitat openness,,closed,,single observation,,both,adult,,,,,,,,,,,
PreservedSpecimen,Somatochlora.albicincta Somatochlora albicincta Corduliidae Anisoptera,body lengths,Data extraction from the Odonate Phenotypic Database (http://www.odonatephenotypicdatabase.org),48.5,,single observation,,both,adult,,,,,,,,,,,
PreservedSpecimen,Somatochlora.albicincta Somatochlora albicincta Corduliidae Anisoptera,hindwing lengths,Odonate Phenotypic Database (http://www.odonatephenotypicdatabase.org),30.5,,single observation,,both,adult,,,,,,,,,,,
PreservedSpecimen,Somatochlora.albicincta Somatochlora albicincta Corduliidae Anisoptera,has wing pigment,Retrieval from the Odonate Phenotypic Database (http://www.odonatephenotypicdatabase.org),no,,single observation,,both,adult,,,,,,,,,,,
,Somatochlora.albicincta Somatochlora albicincta Corduliidae Anisoptera,wing pigment extent discrete,,NA,,single observation,,both,adult,,,,,,,,,,,
PreservedSpecimen,Somatochlora.albicincta Somatochlora albicincta Corduliidae Anisoptera,wing pigment extent continuous,,NA,,single observation,,both,adult,,,,,,,,,,,
,Somatochlora.albicincta Somatochlora albicincta Corduliidae Anisoptera,wing pigment symmetry,,NA,,single observation,,both,adult,,,,,,,,,,,
,Somatochlora.albicincta Somatochlora albicincta Corduliidae Anisoptera,wing pigment color,,NA,,single observation,,both,adult,,,,,,,,,,,
,Somatochlora.albicincta Somatochlora albicincta Corduliidae Anisoptera,wing pigment placement,,NA,,single observation,,both,adult,,,,,,,,,,,
HumanObservation,Somatochlora.cingulata Somatochlora cingulata Corduliidae Anisoptera,Flight season start,,28/7,,single observation,,both,adult,,,,,,,,,,,
,Somatochlora.cingulata Somatochlora cingulata Corduliidae Anisoptera,Flight season end,,29/7,,single observation,,both,adult,,,,,,,,,,,
PreservedSpecimen,Somatochlora.cingulata Somatochlora cingulata Corduliidae Anisoptera,body colors,Odonate Phenotypic Database (http://www.odonatephenotypicdatabase.org),black,,single observation,,both,adult,,,,,,,,,,,
PreservedSpecimen,Somatochlora.cingulata Somatochlora cingulata Corduliidae Anisoptera,body colortypes,Odonate Phenotypic Database (http://www.odonatephenotypicdatabase.org),pigment,,single observation,,both,adult,,,,,,,,,,,
PreservedSpecimen,Somatochlora.cingulata Somatochlora cingulata Corduliidae Anisoptera,body patterns,Odonate Phenotypic Database (http://www.odonatephenotypicdatabase.org),plain,,single observation,,both,adult,,,,,,,,,,,
,Somatochlora.cingulata Somatochlora cingulata Corduliidae Anisoptera,mate guarding,,NA,,single observation,,both,adult,,,,,,,,,,,
Occurrence,Somatochlora.cingulata Somatochlora cingulata Corduliidae Anisoptera,flight mode,,flier,,single observation,,both,adult,,,,,,,,,,,
HumanObservation,Somatochlora.cingulata Somatochlora cingulata Corduliidae Anisoptera,territoriality,,NA,,single observation,,both,adult,,,,,,,,,,,
HumanObservation,Somatochlora.cingulata Somatochlora cingulata Corduliidae Anisoptera,aquatic habitats,,lake,,single observation,,both,adult,,,,,,,,,,,
HumanObservation,Somatochlora.cingulata Somatochlora cingulata Corduliidae Anisoptera,habitat openness,,closed,,single observation,,both,adult,,,,,,,,,,,
PreservedSpecimen,Somatochlora.cingulata Somatochlora cingulata Corduliidae Anisoptera,body lengths,Data extraction from the Odonate Phenotypic Database (http://www.odonatephenotypicdatabase.org),61.5,,single observation,,both,adult,,,,,,,,,,,
PreservedSpecimen,Somatochlora.cingulata Somatochlora cingulata Corduliidae Anisoptera,hindwing lengths,Odonate Phenotypic Database (http://www.odonatephenotypicdatabase.org),37,,single observation,,both,adult,,,,,,,,,,,
PreservedSpecimen,Somatochlora.cingulata Somatochlora cingulata Corduliidae Anisoptera,has wing pigment,Retrieval from the Odonate Phenotypic Database (http://www.odonatephenotypicdatabase.org),no,,single observation,,both,adult,,,,,,,,,,,
,Somatochlora.cingulata Somatochlora cingulata Corduliidae Anisoptera,wing pigment extent discrete,,NA,,single observation,,both,adult,,,,,,,,,,,
PreservedSpecimen,Somatochlora.cingulata Somatochlora cingulata Corduliidae Anisoptera,wing pigment extent continuous,,NA,,single observation,,both,adult,,,,,,,,,,,
,Somatochlora.cingulata Somatochlora cingulata Corduliidae Anisoptera,wing pigment symmetry,,NA,,single observation,,both,adult,,,,,,,,,,,
,Somatochlora.cingulata Somatochlora cingulata Corduliidae Anisoptera,wing pigment color,,NA,,single observation,,both,adult,,,,,,,,,,,
,Somatochlora.cingulata Somatochlora cingulata Corduliidae Anisoptera,wing pigment placement,,NA,,single observation,,both,adult,,,,,,,,,,,
HumanObservation,Somatochlora.cingulata Somatochlora cingulata Corduliidae Anisoptera,Flight season start,,7.28,,single observation,,both,adult,,,,,,,,,,,
,Somatochlora.cingulata Somatochlora cingulata Corduliidae Anisoptera,Flight season end,,7.29,,single observation,,both,adult,,,,,,,,,,,
PreservedSpecimen,Somatochlora.cingulata Somatochlora cingulata Corduliidae Anisoptera,body colors,Odonate Phenotypic Database (http://www.odonatephenotypicdatabase.org),black,,single observation,,both,adult,,,,,,,,,,,
PreservedSpecimen,Somatochlora.cingulata Somatochlora cingulata Corduliidae Anisoptera,body colortypes,Odonate Phenotypic Database (http://www.odonatephenotypicdatabase.org),pigment,,single observation,,both,adult,,,,,,,,,,,
PreservedSpecimen,Somatochlora.cingulata Somatochlora cingulata Corduliidae Anisoptera,body patterns,Odonate Phenotypic Database (http://www.odonatephenotypicdatabase.org),plain,,single observation,,both,adult,,,,,,,,,,,
,Somatochlora.cingulata Somatochlora cingulata Corduliidae Anisoptera,mate guarding,,NA,,single observation,,both,adult,,,,,,,,,,,
Occurrence,Somatochlora.cingulata Somatochlora cingulata Corduliidae Anisoptera,flight mode,,flier,,single observation,,both,adult,,,,,,,,,,,
HumanObservation,Somatochlora.cingulata Somatochlora cingulata Corduliidae Anisoptera,territoriality,,NA,,single observation,,both,adult,,,,,,,,,,,
HumanObservation,Somatochlora.cingulata Somatochlora cingulata Corduliidae Anisoptera,aquatic habitats,,lake,,single observation,,both,adult,,,,,,,,,,,
HumanObservation,Somatochlora.cingulata Somatochlora cingulata Corduliidae Anisoptera,habitat openness,,closed,,single observation,,both,adult,,,,,,,,,,,
PreservedSpecimen,Somatochlora.cingulata Somatochlora cingulata Corduliidae Anisoptera,body lengths,Data extraction from the Odonate Phenotypic Database (http://www.odonatephenotypicdatabase.org),61.5,,single observation,,both,adult,,,,,,,,,,,
PreservedSpecimen,Somatochlora.cingulata Somatochlora cingulata Corduliidae Anisoptera,hindwing lengths,Odonate Phenotypic Database (http://www.odonatephenotypicdatabase.org),37,,single observation,,both,adult,,,,,,,,,,,
PreservedSpecimen,Somatochlora.cingulata Somatochlora cingulata Corduliidae Anisoptera,has wing pigment,Retrieval from the Odonate Phenotypic Database (http://www.odonatephenotypicdatabase.org),no,,single observation,,both,adult,,,,,,,,,,,
,Somatochlora.cingulata Somatochlora cingulata Corduliidae Anisoptera,wing pigment extent discrete,,NA,,single observation,,both,adult,,,,,,,,,,,
PreservedSpecimen,Somatochlora.cingulata Somatochlora cingulata Corduliidae Anisoptera,wing pigment extent continuous,,NA,,single observation,,both,adult,,,,,,,,,,,
,Somatochlora.cingulata Somatochlora cingulata Corduliidae Anisoptera,wing pigment symmetry,,NA,,single observation,,both,adult,,,,,,,,,,,
,Somatochlora.cingulata Somatochlora cingulata Corduliidae Anisoptera,wing pigment color,,NA,,single observation,,both,adult,,,,,,,,,,,
,Somatochlora.cingulata Somatochlora cingulata Corduliidae Anisoptera,wing pigment placement,,NA,,single observation,,both,adult,,,,,,,,,,,
HumanObservation,Somatochlora.elongata Somatochlora elongata Corduliidae Anisoptera,Flight season start,,7/6,,single observation,,both,adult,,,,,,,,,,,
,Somatochlora.elongata Somatochlora elongata Corduliidae Anisoptera,Flight season end,,9/1,,single observation,,both,adult,,,,,,,,,,,
PreservedSpecimen,Somatochlora.elongata Somatochlora elongata Corduliidae Anisoptera,body colors,Odonate Phenotypic Database (http://www.odonatephenotypicdatabase.org),black,,single observation,,both,adult,,,,,,,,,,,
PreservedSpecimen,Somatochlora.elongata Somatochlora elongata Corduliidae Anisoptera,body colortypes,Odonate Phenotypic Database (http://www.odonatephenotypicdatabase.org),pigment,,single observation,,both,adult,,,,,,,,,,,
PreservedSpecimen,Somatochlora.elongata Somatochlora elongata Corduliidae Anisoptera,body patterns,Odonate Phenotypic Database (http://www.odonatephenotypicdatabase.org),plain,,single observation,,both,adult,,,,,,,,,,,
,Somatochlora.elongata Somatochlora elongata Corduliidae Anisoptera,mate guarding,,NA,,single observation,,both,adult,,,,,,,,,,,
Occurrence,Somatochlora.elongata Somatochlora elongata Corduliidae Anisoptera,flight mode,,flier,,single observation,,both,adult,,,,,,,,,,,
HumanObservation,Somatochlora.elongata Somatochlora elongata Corduliidae Anisoptera,territoriality,,NA,,single observation,,both,adult,,,,,,,,,,,
HumanObservation,Somatochlora.elongata Somatochlora elongata Corduliidae Anisoptera,aquatic habitats,,stream,,single observation,,both,adult,,,,,,,,,,,
HumanObservation,Somatochlora.elongata Somatochlora elongata Corduliidae Anisoptera,habitat openness,,open,,single observation,,both,adult,,,,,,,,,,,
PreservedSpecimen,Somatochlora.elongata Somatochlora elongata Corduliidae Anisoptera,body lengths,Data extraction from the Odonate Phenotypic Database (http://www.odonatephenotypicdatabase.org),57,,single observation,,both,adult,,,,,,,,,,,
PreservedSpecimen,Somatochlora.elongata Somatochlora elongata Corduliidae Anisoptera,hindwing lengths,Odonate Phenotypic Database (http://www.odonatephenotypicdatabase.org),36,,single observation,,both,adult,,,,,,,,,,,
PreservedSpecimen,Somatochlora.elongata Somatochlora elongata Corduliidae Anisoptera,has wing pigment,Retrieval from the Odonate Phenotypic Database (http://www.odonatephenotypicdatabase.org),no,,single observation,,both,adult,,,,,,,,,,,
,Somatochlora.elongata Somatochlora elongata Corduliidae Anisoptera,wing pigment extent discrete,,NA,,single observation,,both,adult,,,,,,,,,,,
PreservedSpecimen,Somatochlora.elongata Somatochlora elongata Corduliidae Anisoptera,wing pigment extent continuous,,NA,,single observation,,both,adult,,,,,,,,,,,
,Somatochlora.elongata Somatochlora elongata Corduliidae Anisoptera,wing pigment symmetry,,NA,,single observation,,both,adult,,,,,,,,,,,
,Somatochlora.elongata Somatochlora elongata Corduliidae Anisoptera,wing pigment color,,NA,,single observation,,both,adult,,,,,,,,,,,
,Somatochlora.elongata Somatochlora elongata Corduliidae Anisoptera,wing pigment placement,,NA,,single observation,,both,adult,,,,,,,,,,,
HumanObservation,Somatochlora.elongata Somatochlora elongata Corduliidae Anisoptera,Flight season start,,6.07,,single observation,,both,adult,,,,,,,,,,,
,Somatochlora.elongata Somatochlora elongata Corduliidae Anisoptera,Flight season end,,1.09,,single observation,,both,adult,,,,,,,,,,,
PreservedSpecimen,Somatochlora.elongata Somatochlora elongata Corduliidae Anisoptera,body colors,Odonate Phenotypic Database (http://www.odonatephenotypicdatabase.org),black,,single observation,,both,adult,,,,,,,,,,,
PreservedSpecimen,Somatochlora.elongata Somatochlora elongata Corduliidae Anisoptera,body colortypes,Odonate Phenotypic Database (http://www.odonatephenotypicdatabase.org),pigment,,single observation,,both,adult,,,,,,,,,,,
PreservedSpecimen,Somatochlora.elongata Somatochlora elongata Corduliidae Anisoptera,body patterns,Odonate Phenotypic Database (http://www.odonatephenotypicdatabase.org),plain,,single observation,,both,adult,,,,,,,,,,,
,Somatochlora.elongata Somatochlora elongata Corduliidae Anisoptera,mate guarding,,NA,,single observation,,both,adult,,,,,,,,,,,
Occurrence,Somatochlora.elongata Somatochlora elongata Corduliidae Anisoptera,flight mode,,flier,,single observation,,both,adult,,,,,,,,,,,
HumanObservation,Somatochlora.elongata Somatochlora elongata Corduliidae Anisoptera,territoriality,,NA,,single observation,,both,adult,,,,,,,,,,,
HumanObservation,Somatochlora.elongata Somatochlora elongata Corduliidae Anisoptera,aquatic habitats,,stream,,single observation,,both,adult,,,,,,,,,,,
HumanObservation,Somatochlora.elongata Somatochlora elongata Corduliidae Anisoptera,habitat openness,,open,,single observation,,both,adult,,,,,,,,,,,
PreservedSpecimen,Somatochlora.elongata Somatochlora elongata Corduliidae Anisoptera,body lengths,Data extraction from the Odonate Phenotypic Database (http://www.odonatephenotypicdatabase.org),57,,single observation,,both,adult,,,,,,,,,,,
PreservedSpecimen,Somatochlora.elongata Somatochlora elongata Corduliidae Anisoptera,hindwing lengths,Odonate Phenotypic Database (http://www.odonatephenotypicdatabase.org),36,,single observation,,both,adult,,,,,,,,,,,
PreservedSpecimen,Somatochlora.elongata Somatochlora elongata Corduliidae Anisoptera,has wing pigment,Retrieval from the Odonate Phenotypic Database (http://www.odonatephenotypicdatabase.org),no,,single observation,,both,adult,,,,,,,,,,,
,Somatochlora.elongata Somatochlora elongata Corduliidae Anisoptera,wing pigment extent discrete,,NA,,single observation,,both,adult,,,,,,,,,,,
PreservedSpecimen,Somatochlora.elongata Somatochlora elongata Corduliidae Anisoptera,wing pigment extent continuous,,NA,,single observation,,both,adult,,,,,,,,,,,
,Somatochlora.elongata Somatochlora elongata Corduliidae Anisoptera,wing pigment symmetry,,NA,,single observation,,both,adult,,,,,,,,,,,
,Somatochlora.elongata Somatochlora elongata Corduliidae Anisoptera,wing pigment color,,NA,,single observation,,both,adult,,,,,,,,,,,
,Somatochlora.elongata Somatochlora elongata Corduliidae Anisoptera,wing pigment placement,,NA,,single observation,,both,adult,,,,,,,,,,,
HumanObservation,Somatochlora.forcipata Somatochlora forcipata Corduliidae Anisoptera,Flight season start,,7/6,,single observation,,both,adult,,,,,,,,,,,
,Somatochlora.forcipata Somatochlora forcipata Corduliidae Anisoptera,Flight season end,,30/7,,single observation,,both,adult,,,,,,,,,,,
PreservedSpecimen,Somatochlora.forcipata Somatochlora forcipata Corduliidae Anisoptera,body colors,Odonate Phenotypic Database (http://www.odonatephenotypicdatabase.org),black,,single observation,,both,adult,,,,,,,,,,,
PreservedSpecimen,Somatochlora.forcipata Somatochlora forcipata Corduliidae Anisoptera,body colortypes,Odonate Phenotypic Database (http://www.odonatephenotypicdatabase.org),pigment,,single observation,,both,adult,,,,,,,,,,,
PreservedSpecimen,Somatochlora.forcipata Somatochlora forcipata Corduliidae Anisoptera,body patterns,Odonate Phenotypic Database (http://www.odonatephenotypicdatabase.org),spotted,,single observation,,both,adult,,,,,,,,,,,
,Somatochlora.forcipata Somatochlora forcipata Corduliidae Anisoptera,mate guarding,,NA,,single observation,,both,adult,,,,,,,,,,,
Occurrence,Somatochlora.forcipata Somatochlora forcipata Corduliidae Anisoptera,flight mode,,flier,,single observation,,both,adult,,,,,,,,,,,
HumanObservation,Somatochlora.forcipata Somatochlora forcipata Corduliidae Anisoptera,territoriality,,NA,,single observation,,both,adult,,,,,,,,,,,
HumanObservation,Somatochlora.forcipata Somatochlora forcipata Corduliidae Anisoptera,aquatic habitats,,stream,,single observation,,both,adult,,,,,,,,,,,
HumanObservation,Somatochlora.forcipata Somatochlora forcipata Corduliidae Anisoptera,habitat openness,,closed,,single observation,,both,adult,,,,,,,,,,,
PreservedSpecimen,Somatochlora.forcipata Somatochlora forcipata Corduliidae Anisoptera,body lengths,Data extraction from the Odonate Phenotypic Database (http://www.odonatephenotypicdatabase.org),47,,single observation,,both,adult,,,,,,,,,,,
PreservedSpecimen,Somatochlora.forcipata Somatochlora forcipata Corduliidae Anisoptera,hindwing lengths,Odonate Phenotypic Database (http://www.odonatephenotypicdatabase.org),31,,single observation,,both,adult,,,,,,,,,,,
PreservedSpecimen,Somatochlora.forcipata Somatochlora forcipata Corduliidae Anisoptera,has wing pigment,Retrieval from the Odonate Phenotypic Database (http://www.odonatephenotypicdatabase.org),no,,single observation,,both,adult,,,,,,,,,,,
,Somatochlora.forcipata Somatochlora forcipata Corduliidae Anisoptera,wing pigment extent discrete,,NA,,single observation,,both,adult,,,,,,,,,,,
PreservedSpecimen,Somatochlora.forcipata Somatochlora forcipata Corduliidae Anisoptera,wing pigment extent continuous,,NA,,single observation,,both,adult,,,,,,,,,,,
,Somatochlora.forcipata Somatochlora forcipata Corduliidae Anisoptera,wing pigment symmetry,,NA,,single observation,,both,adult,,,,,,,,,,,
,Somatochlora.forcipata Somatochlora forcipata Corduliidae Anisoptera,wing pigment color,,NA,,single observation,,both,adult,,,,,,,,,,,
,Somatochlora.forcipata Somatochlora forcipata Corduliidae Anisoptera,wing pigment placement,,NA,,single observation,,both,adult,,,,,,,,,,,
HumanObservation,Somatochlora.forcipata Somatochlora forcipata Corduliidae Anisoptera,Flight season start,,6.07,,single observation,,both,adult,,,,,,,,,,,
,Somatochlora.forcipata Somatochlora forcipata Corduliidae Anisoptera,Flight season end,,7.3,,single observation,,both,adult,,,,,,,,,,,
PreservedSpecimen,Somatochlora.forcipata Somatochlora forcipata Corduliidae Anisoptera,body colors,Odonate Phenotypic Database (http://www.odonatephenotypicdatabase.org),black,,single observation,,both,adult,,,,,,,,,,,
PreservedSpecimen,Somatochlora.forcipata Somatochlora forcipata Corduliidae Anisoptera,body colortypes,Odonate Phenotypic Database (http://www.odonatephenotypicdatabase.org),pigment,,single observation,,both,adult,,,,,,,,,,,
PreservedSpecimen,Somatochlora.forcipata Somatochlora forcipata Corduliidae Anisoptera,body patterns,Odonate Phenotypic Database (http://www.odonatephenotypicdatabase.org),spotted,,single observation,,both,adult,,,,,,,,,,,
,Somatochlora.forcipata Somatochlora forcipata Corduliidae Anisoptera,mate guarding,,NA,,single observation,,both,adult,,,,,,,,,,,
Occurrence,Somatochlora.forcipata Somatochlora forcipata Corduliidae Anisoptera,flight mode,,flier,,single observation,,both,adult,,,,,,,,,,,
HumanObservation,Somatochlora.forcipata Somatochlora forcipata Corduliidae Anisoptera,territoriality,,NA,,single observation,,both,adult,,,,,,,,,,,
HumanObservation,Somatochlora.forcipata Somatochlora forcipata Corduliidae Anisoptera,aquatic habitats,,stream,,single observation,,both,adult,,,,,,,,,,,
HumanObservation,Somatochlora.forcipata Somatochlora forcipata Corduliidae Anisoptera,habitat openness,,closed,,single observation,,both,adult,,,,,,,,,,,
PreservedSpecimen,Somatochlora.forcipata Somatochlora forcipata Corduliidae Anisoptera,body lengths,Data extraction from the Odonate Phenotypic Database (http://www.odonatephenotypicdatabase.org),47,,single observation,,both,adult,,,,,,,,,,,
PreservedSpecimen,Somatochlora.forcipata Somatochlora forcipata Corduliidae Anisoptera,hindwing lengths,Odonate Phenotypic Database (http://www.odonatephenotypicdatabase.org),31,,single observation,,both,adult,,,,,,,,,,,
PreservedSpecimen,Somatochlora.forcipata Somatochlora forcipata Corduliidae Anisoptera,has wing pigment,Retrieval from the Odonate Phenotypic Database (http://www.odonatephenotypicdatabase.org),no,,single observation,,both,adult,,,,,,,,,,,
,Somatochlora.forcipata Somatochlora forcipata Corduliidae Anisoptera,wing pigment extent discrete,,NA,,single observation,,both,adult,,,,,,,,,,,
PreservedSpecimen,Somatochlora.forcipata Somatochlora forcipata Corduliidae Anisoptera,wing pigment extent continuous,,NA,,single observation,,both,adult,,,,,,,,,,,
,Somatochlora.forcipata Somatochlora forcipata Corduliidae Anisoptera,wing pigment symmetry,,NA,,single observation,,both,adult,,,,,,,,,,,
,Somatochlora.forcipata Somatochlora forcipata Corduliidae Anisoptera,wing pigment color,,NA,,single observation,,both,adult,,,,,,,,,,,
,Somatochlora.forcipata Somatochlora forcipata Corduliidae Anisoptera,wing pigment placement,,NA,,single observation,,both,adult,,,,,,,,,,,
HumanObservation,Somatochlora franklini Corduliidae Anisoptera,Flight season start,,31/5,,single observation,,both,adult,,,,,,,,,,,
,Somatochlora franklini Corduliidae Anisoptera,Flight season end,,29/7,,single observation,,both,adult,,,,,,,,,,,
PreservedSpecimen,Somatochlora franklini Corduliidae Anisoptera,body colors,Odonate Phenotypic Database (http://www.odonatephenotypicdatabase.org),black,,single observation,,both,adult,,,,,,,,,,,
PreservedSpecimen,Somatochlora franklini Corduliidae Anisoptera,body colortypes,Odonate Phenotypic Database (http://www.odonatephenotypicdatabase.org),pigment,,single observation,,both,adult,,,,,,,,,,,
PreservedSpecimen,Somatochlora franklini Corduliidae Anisoptera,body patterns,Odonate Phenotypic Database (http://www.odonatephenotypicdatabase.org),plain,,single observation,,both,adult,,,,,,,,,,,
,Somatochlora franklini Corduliidae Anisoptera,mate guarding,,NA,,single observation,,both,adult,,,,,,,,,,,
Occurrence,Somatochlora franklini Corduliidae Anisoptera,flight mode,,flier,,single observation,,both,adult,,,,,,,,,,,
HumanObservation,Somatochlora franklini Corduliidae Anisoptera,territoriality,,NA,,single observation,,both,adult,,,,,,,,,,,
HumanObservation,Somatochlora franklini Corduliidae Anisoptera,aquatic habitats,,wetland,,single observation,,both,adult,,,,,,,,,,,
HumanObservation,Somatochlora franklini Corduliidae Anisoptera,habitat openness,,open,,single observation,,both,adult,,,,,,,,,,,
PreservedSpecimen,Somatochlora franklini Corduliidae Anisoptera,body lengths,Data extraction from the Odonate Phenotypic Database (http://www.odonatephenotypicdatabase.org),49,,single observation,,both,adult,,,,,,,,,,,
PreservedSpecimen,Somatochlora franklini Corduliidae Anisoptera,hindwing lengths,Odonate Phenotypic Database (http://www.odonatephenotypicdatabase.org),27.5,,single observation,,both,adult,,,,,,,,,,,
PreservedSpecimen,Somatochlora franklini Corduliidae Anisoptera,has wing pigment,Retrieval from the Odonate Phenotypic Database (http://www.odonatephenotypicdatabase.org),yes,,single observation,,both,adult,,,,,,,,,,,
,Somatochlora franklini Corduliidae Anisoptera,wing pigment extent discrete,,10,,single observation,,both,adult,,,,,,,,,,,
PreservedSpecimen,Somatochlora franklini Corduliidae Anisoptera,wing pigment extent continuous,,0.02,,single observation,,both,adult,,,,,,,,,,,
,Somatochlora franklini Corduliidae Anisoptera,wing pigment symmetry,,hindwing more pigment,,single observation,,both,adult,,,,,,,,,,,
,Somatochlora franklini Corduliidae Anisoptera,wing pigment color,,brown,,single observation,,both,adult,,,,,,,,,,,
,Somatochlora franklini Corduliidae Anisoptera,wing pigment placement,,basal,,single observation,,both,adult,,,,,,,,,,,
HumanObservation,Somatochlora franklini Corduliidae Anisoptera,Flight season start,,5.31,,single observation,,both,adult,,,,,,,,,,,
,Somatochlora franklini Corduliidae Anisoptera,Flight season end,,7.29,,single observation,,both,adult,,,,,,,,,,,
PreservedSpecimen,Somatochlora franklini Corduliidae Anisoptera,body colors,Odonate Phenotypic Database (http://www.odonatephenotypicdatabase.org),black,,single observation,,both,adult,,,,,,,,,,,
PreservedSpecimen,Somatochlora franklini Corduliidae Anisoptera,body colortypes,Odonate Phenotypic Database (http://www.odonatephenotypicdatabase.org),pigment,,single observation,,both,adult,,,,,,,,,,,
PreservedSpecimen,Somatochlora franklini Corduliidae Anisoptera,body patterns,Odonate Phenotypic Database (http://www.odonatephenotypicdatabase.org),plain,,single observation,,both,adult,,,,,,,,,,,
,Somatochlora franklini Corduliidae Anisoptera,mate guarding,,NA,,single observation,,both,adult,,,,,,,,,,,
Occurrence,Somatochlora franklini Corduliidae Anisoptera,flight mode,,flier,,single observation,,both,adult,,,,,,,,,,,
HumanObservation,Somatochlora franklini Corduliidae Anisoptera,territoriality,,NA,,single observation,,both,adult,,,,,,,,,,,
HumanObservation,Somatochlora franklini Corduliidae Anisoptera,aquatic habitats,,wetland,,single observation,,both,adult,,,,,,,,,,,
HumanObservation,Somatochlora franklini Corduliidae Anisoptera,habitat openness,,open,,single observation,,both,adult,,,,,,,,,,,
PreservedSpecimen,Somatochlora franklini Corduliidae Anisoptera,body lengths,Data extraction from the Odonate Phenotypic Database (http://www.odonatephenotypicdatabase.org),49,,single observation,,both,adult,,,,,,,,,,,
PreservedSpecimen,Somatochlora franklini Corduliidae Anisoptera,hindwing lengths,Odonate Phenotypic Database (http://www.odonatephenotypicdatabase.org),27.5,,single observation,,both,adult,,,,,,,,,,,
PreservedSpecimen,Somatochlora franklini Corduliidae Anisoptera,has wing pigment,Retrieval from the Odonate Phenotypic Database (http://www.odonatephenotypicdatabase.org),yes,,single observation,,both,adult,,,,,,,,,,,
,Somatochlora franklini Corduliidae Anisoptera,wing pigment extent discrete,,10,,single observation,,both,adult,,,,,,,,,,,
PreservedSpecimen,Somatochlora franklini Corduliidae Anisoptera,wing pigment extent continuous,,0.02,,single observation,,both,adult,,,,,,,,,,,
,Somatochlora franklini Corduliidae Anisoptera,wing pigment symmetry,,hindwing more pigment,,single observation,,both,adult,,,,,,,,,,,
,Somatochlora franklini Corduliidae Anisoptera,wing pigment color,,brown,,single observation,,both,adult,,,,,,,,,,,
,Somatochlora franklini Corduliidae Anisoptera,wing pigment placement,,basal,,single observation,,both,adult,,,,,,,,,,,
HumanObservation,Somatochlora.kennedyi Somatochlora kennedyi Corduliidae Anisoptera,Flight season start,,7/6,,single observation,,both,adult,,,,,,,,,,,
,Somatochlora.kennedyi Somatochlora kennedyi Corduliidae Anisoptera,Flight season end,,7/5,,single observation,,both,adult,,,,,,,,,,,
PreservedSpecimen,Somatochlora.kennedyi Somatochlora kennedyi Corduliidae Anisoptera,body colors,Odonate Phenotypic Database (http://www.odonatephenotypicdatabase.org),black,,single observation,,both,adult,,,,,,,,,,,
PreservedSpecimen,Somatochlora.kennedyi Somatochlora kennedyi Corduliidae Anisoptera,body colortypes,Odonate Phenotypic Database (http://www.odonatephenotypicdatabase.org),pigment,,single observation,,both,adult,,,,,,,,,,,
PreservedSpecimen,Somatochlora.kennedyi Somatochlora kennedyi Corduliidae Anisoptera,body patterns,Odonate Phenotypic Database (http://www.odonatephenotypicdatabase.org),plain,,single observation,,both,adult,,,,,,,,,,,
,Somatochlora.kennedyi Somatochlora kennedyi Corduliidae Anisoptera,mate guarding,,NA,,single observation,,both,adult,,,,,,,,,,,
Occurrence,Somatochlora.kennedyi Somatochlora kennedyi Corduliidae Anisoptera,flight mode,,flier,,single observation,,both,adult,,,,,,,,,,,
HumanObservation,Somatochlora.kennedyi Somatochlora kennedyi Corduliidae Anisoptera,territoriality,,NA,,single observation,,both,adult,,,,,,,,,,,
HumanObservation,Somatochlora.kennedyi Somatochlora kennedyi Corduliidae Anisoptera,aquatic habitats,,pond,,single observation,,both,adult,,,,,,,,,,,
HumanObservation,Somatochlora.kennedyi Somatochlora kennedyi Corduliidae Anisoptera,habitat openness,,open,,single observation,,both,adult,,,,,,,,,,,
PreservedSpecimen,Somatochlora.kennedyi Somatochlora kennedyi Corduliidae Anisoptera,body lengths,Data extraction from the Odonate Phenotypic Database (http://www.odonatephenotypicdatabase.org),51,,single observation,,both,adult,,,,,,,,,,,
PreservedSpecimen,Somatochlora.kennedyi Somatochlora kennedyi Corduliidae Anisoptera,hindwing lengths,Odonate Phenotypic Database (http://www.odonatephenotypicdatabase.org),31.5,,single observation,,both,adult,,,,,,,,,,,
PreservedSpecimen,Somatochlora.kennedyi Somatochlora kennedyi Corduliidae Anisoptera,has wing pigment,Retrieval from the Odonate Phenotypic Database (http://www.odonatephenotypicdatabase.org),no,,single observation,,both,adult,,,,,,,,,,,
,Somatochlora.kennedyi Somatochlora kennedyi Corduliidae Anisoptera,wing pigment extent discrete,,NA,,single observation,,both,adult,,,,,,,,,,,
PreservedSpecimen,Somatochlora.kennedyi Somatochlora kennedyi Corduliidae Anisoptera,wing pigment extent continuous,,NA,,single observation,,both,adult,,,,,,,,,,,
,Somatochlora.kennedyi Somatochlora kennedyi Corduliidae Anisoptera,wing pigment symmetry,,NA,,single observation,,both,adult,,,,,,,,,,,
,Somatochlora.kennedyi Somatochlora kennedyi Corduliidae Anisoptera,wing pigment color,,NA,,single observation,,both,adult,,,,,,,,,,,
,Somatochlora.kennedyi Somatochlora kennedyi Corduliidae Anisoptera,wing pigment placement,,NA,,single observation,,both,adult,,,,,,,,,,,
HumanObservation,Somatochlora.kennedyi Somatochlora kennedyi Corduliidae Anisoptera,Flight season start,,6.07,,single observation,,both,adult,,,,,,,,,,,
,Somatochlora.kennedyi Somatochlora kennedyi Corduliidae Anisoptera,Flight season end,,5.07,,single observation,,both,adult,,,,,,,,,,,
PreservedSpecimen,Somatochlora.kennedyi Somatochlora kennedyi Corduliidae Anisoptera,body colors,Odonate Phenotypic Database (http://www.odonatephenotypicdatabase.org),black,,single observation,,both,adult,,,,,,,,,,,
PreservedSpecimen,Somatochlora.kennedyi Somatochlora kennedyi Corduliidae Anisoptera,body colortypes,Odonate Phenotypic Database (http://www.odonatephenotypicdatabase.org),pigment,,single observation,,both,adult,,,,,,,,,,,
PreservedSpecimen,Somatochlora.kennedyi Somatochlora kennedyi Corduliidae Anisoptera,body patterns,Odonate Phenotypic Database (http://www.odonatephenotypicdatabase.org),plain,,single observation,,both,adult,,,,,,,,,,,
,Somatochlora.kennedyi Somatochlora kennedyi Corduliidae Anisoptera,mate guarding,,NA,,single observation,,both,adult,,,,,,,,,,,
Occurrence,Somatochlora.kennedyi Somatochlora kennedyi Corduliidae Anisoptera,flight mode,,flier,,single observation,,both,adult,,,,,,,,,,,
HumanObservation,Somatochlora.kennedyi Somatochlora kennedyi Corduliidae Anisoptera,territoriality,,NA,,single observation,,both,adult,,,,,,,,,,,
HumanObservation,Somatochlora.kennedyi Somatochlora kennedyi Corduliidae Anisoptera,aquatic habitats,,pond,,single observation,,both,adult,,,,,,,,,,,
HumanObservation,Somatochlora.kennedyi Somatochlora kennedyi Corduliidae Anisoptera,habitat openness,,open,,single observation,,both,adult,,,,,,,,,,,
PreservedSpecimen,Somatochlora.kennedyi Somatochlora kennedyi Corduliidae Anisoptera,body lengths,Data extraction from the Odonate Phenotypic Database (http://www.odonatephenotypicdatabase.org),51,,single observation,,both,adult,,,,,,,,,,,
PreservedSpecimen,Somatochlora.kennedyi Somatochlora kennedyi Corduliidae Anisoptera,hindwing lengths,Odonate Phenotypic Database (http://www.odonatephenotypicdatabase.org),31.5,,single observation,,both,adult,,,,,,,,,,,
PreservedSpecimen,Somatochlora.kennedyi Somatochlora kennedyi Corduliidae Anisoptera,has wing pigment,Retrieval from the Odonate Phenotypic Database (http://www.odonatephenotypicdatabase.org),no,,single observation,,both,adult,,,,,,,,,,,
,Somatochlora.kennedyi Somatochlora kennedyi Corduliidae Anisoptera,wing pigment extent discrete,,NA,,single observation,,both,adult,,,,,,,,,,,
PreservedSpecimen,Somatochlora.kennedyi Somatochlora kennedyi Corduliidae Anisoptera,wing pigment extent continuous,,NA,,single observation,,both,adult,,,,,,,,,,,
,Somatochlora.kennedyi Somatochlora kennedyi Corduliidae Anisoptera,wing pigment symmetry,,NA,,single observation,,both,adult,,,,,,,,,,,
,Somatochlora.kennedyi Somatochlora kennedyi Corduliidae Anisoptera,wing pigment color,,NA,,single observation,,both,adult,,,,,,,,,,,
,Somatochlora.kennedyi Somatochlora kennedyi Corduliidae Anisoptera,wing pigment placement,,NA,,single observation,,both,adult,,,,,,,,,,,
HumanObservation,Somatochlora.minor Somatochlora minor Corduliidae Anisoptera,Flight season start,,7/11,,single observation,,both,adult,,,,,,,,,,,
,Somatochlora.minor Somatochlora minor Corduliidae Anisoptera,Flight season end,,26/7,,single observation,,both,adult,,,,,,,,,,,
PreservedSpecimen,Somatochlora.minor Somatochlora minor Corduliidae Anisoptera,body colors,Odonate Phenotypic Database (http://www.odonatephenotypicdatabase.org),black,,single observation,,both,adult,,,,,,,,,,,
PreservedSpecimen,Somatochlora.minor Somatochlora minor Corduliidae Anisoptera,body colortypes,Odonate Phenotypic Database (http://www.odonatephenotypicdatabase.org),pigment,,single observation,,both,adult,,,,,,,,,,,
PreservedSpecimen,Somatochlora.minor Somatochlora minor Corduliidae Anisoptera,body patterns,Odonate Phenotypic Database (http://www.odonatephenotypicdatabase.org),plain,,single observation,,both,adult,,,,,,,,,,,
,Somatochlora.minor Somatochlora minor Corduliidae Anisoptera,mate guarding,,NA,,single observation,,both,adult,,,,,,,,,,,
Occurrence,Somatochlora.minor Somatochlora minor Corduliidae Anisoptera,flight mode,,flier,,single observation,,both,adult,,,,,,,,,,,
HumanObservation,Somatochlora.minor Somatochlora minor Corduliidae Anisoptera,territoriality,,NA,,single observation,,both,adult,,,,,,,,,,,
HumanObservation,Somatochlora.minor Somatochlora minor Corduliidae Anisoptera,aquatic habitats,,stream,,single observation,,both,adult,,,,,,,,,,,
HumanObservation,Somatochlora.minor Somatochlora minor Corduliidae Anisoptera,habitat openness,,closed,,single observation,,both,adult,,,,,,,,,,,
PreservedSpecimen,Somatochlora.minor Somatochlora minor Corduliidae Anisoptera,body lengths,Data extraction from the Odonate Phenotypic Database (http://www.odonatephenotypicdatabase.org),46,,single observation,,both,adult,,,,,,,,,,,
PreservedSpecimen,Somatochlora.minor Somatochlora minor Corduliidae Anisoptera,hindwing lengths,Odonate Phenotypic Database (http://www.odonatephenotypicdatabase.org),32,,single observation,,both,adult,,,,,,,,,,,
PreservedSpecimen,Somatochlora.minor Somatochlora minor Corduliidae Anisoptera,has wing pigment,Retrieval from the Odonate Phenotypic Database (http://www.odonatephenotypicdatabase.org),no,,single observation,,both,adult,,,,,,,,,,,
,Somatochlora.minor Somatochlora minor Corduliidae Anisoptera,wing pigment extent discrete,,NA,,single observation,,both,adult,,,,,,,,,,,
PreservedSpecimen,Somatochlora.minor Somatochlora minor Corduliidae Anisoptera,wing pigment extent continuous,,NA,,single observation,,both,adult,,,,,,,,,,,
,Somatochlora.minor Somatochlora minor Corduliidae Anisoptera,wing pigment symmetry,,NA,,single observation,,both,adult,,,,,,,,,,,
,Somatochlora.minor Somatochlora minor Corduliidae Anisoptera,wing pigment color,,NA,,single observation,,both,adult,,,,,,,,,,,
,Somatochlora.minor Somatochlora minor Corduliidae Anisoptera,wing pigment placement,,NA,,single observation,,both,adult,,,,,,,,,,,
HumanObservation,Somatochlora.minor Somatochlora minor Corduliidae Anisoptera,Flight season start,,11.07,,single observation,,both,adult,,,,,,,,,,,
,Somatochlora.minor Somatochlora minor Corduliidae Anisoptera,Flight season end,,7.26,,single observation,,both,adult,,,,,,,,,,,
PreservedSpecimen,Somatochlora.minor Somatochlora minor Corduliidae Anisoptera,body colors,Odonate Phenotypic Database (http://www.odonatephenotypicdatabase.org),black,,single observation,,both,adult,,,,,,,,,,,
PreservedSpecimen,Somatochlora.minor Somatochlora minor Corduliidae Anisoptera,body colortypes,Odonate Phenotypic Database (http://www.odonatephenotypicdatabase.org),pigment,,single observation,,both,adult,,,,,,,,,,,
PreservedSpecimen,Somatochlora.minor Somatochlora minor Corduliidae Anisoptera,body patterns,Odonate Phenotypic Database (http://www.odonatephenotypicdatabase.org),plain,,single observation,,both,adult,,,,,,,,,,,
,Somatochlora.minor Somatochlora minor Corduliidae Anisoptera,mate guarding,,NA,,single observation,,both,adult,,,,,,,,,,,
Occurrence,Somatochlora.minor Somatochlora minor Corduliidae Anisoptera,flight mode,,flier,,single observation,,both,adult,,,,,,,,,,,
HumanObservation,Somatochlora.minor Somatochlora minor Corduliidae Anisoptera,territoriality,,NA,,single observation,,both,adult,,,,,,,,,,,
HumanObservation,Somatochlora.minor Somatochlora minor Corduliidae Anisoptera,aquatic habitats,,stream,,single observation,,both,adult,,,,,,,,,,,
HumanObservation,Somatochlora.minor Somatochlora minor Corduliidae Anisoptera,habitat openness,,closed,,single observation,,both,adult,,,,,,,,,,,
PreservedSpecimen,Somatochlora.minor Somatochlora minor Corduliidae Anisoptera,body lengths,Data extraction from the Odonate Phenotypic Database (http://www.odonatephenotypicdatabase.org),46,,single observation,,both,adult,,,,,,,,,,,
PreservedSpecimen,Somatochlora.minor Somatochlora minor Corduliidae Anisoptera,hindwing lengths,Odonate Phenotypic Database (http://www.odonatephenotypicdatabase.org),32,,single observation,,both,adult,,,,,,,,,,,
PreservedSpecimen,Somatochlora.minor Somatochlora minor Corduliidae Anisoptera,has wing pigment,Retrieval from the Odonate Phenotypic Database (http://www.odonatephenotypicdatabase.org),no,,single observation,,both,adult,,,,,,,,,,,
,Somatochlora.minor Somatochlora minor Corduliidae Anisoptera,wing pigment extent discrete,,NA,,single observation,,both,adult,,,,,,,,,,,
PreservedSpecimen,Somatochlora.minor Somatochlora minor Corduliidae Anisoptera,wing pigment extent continuous,,NA,,single observation,,both,adult,,,,,,,,,,,
,Somatochlora.minor Somatochlora minor Corduliidae Anisoptera,wing pigment symmetry,,NA,,single observation,,both,adult,,,,,,,,,,,
,Somatochlora.minor Somatochlora minor Corduliidae Anisoptera,wing pigment color,,NA,,single observation,,both,adult,,,,,,,,,,,
,Somatochlora.minor Somatochlora minor Corduliidae Anisoptera,wing pigment placement,,NA,,single observation,,both,adult,,,,,,,,,,,
HumanObservation,Somatochlora.tenebrosa Somatochlora tenebrosa Corduliidae Anisoptera,Flight season start,,7/9,,single observation,,both,adult,,,,,,,,,,,
,Somatochlora.tenebrosa Somatochlora tenebrosa Corduliidae Anisoptera,Flight season end,,17/8,,single observation,,both,adult,,,,,,,,,,,
PreservedSpecimen,Somatochlora.tenebrosa Somatochlora tenebrosa Corduliidae Anisoptera,body colors,Odonate Phenotypic Database (http://www.odonatephenotypicdatabase.org),black,,single observation,,both,adult,,,,,,,,,,,
PreservedSpecimen,Somatochlora.tenebrosa Somatochlora tenebrosa Corduliidae Anisoptera,body colortypes,Odonate Phenotypic Database (http://www.odonatephenotypicdatabase.org),pigment,,single observation,,both,adult,,,,,,,,,,,
PreservedSpecimen,Somatochlora.tenebrosa Somatochlora tenebrosa Corduliidae Anisoptera,body patterns,Odonate Phenotypic Database (http://www.odonatephenotypicdatabase.org),plain,,single observation,,both,adult,,,,,,,,,,,
,Somatochlora.tenebrosa Somatochlora tenebrosa Corduliidae Anisoptera,mate guarding,,NA,,single observation,,both,adult,,,,,,,,,,,
Occurrence,Somatochlora.tenebrosa Somatochlora tenebrosa Corduliidae Anisoptera,flight mode,,flier,,single observation,,both,adult,,,,,,,,,,,
HumanObservation,Somatochlora.tenebrosa Somatochlora tenebrosa Corduliidae Anisoptera,territoriality,,NA,,single observation,,both,adult,,,,,,,,,,,
HumanObservation,Somatochlora.tenebrosa Somatochlora tenebrosa Corduliidae Anisoptera,aquatic habitats,,stream,,single observation,,both,adult,,,,,,,,,,,
HumanObservation,Somatochlora.tenebrosa Somatochlora tenebrosa Corduliidae Anisoptera,habitat openness,,closed,,single observation,,both,adult,,,,,,,,,,,
PreservedSpecimen,Somatochlora.tenebrosa Somatochlora tenebrosa Corduliidae Anisoptera,body lengths,Data extraction from the Odonate Phenotypic Database (http://www.odonatephenotypicdatabase.org),51,,single observation,,both,adult,,,,,,,,,,,
PreservedSpecimen,Somatochlora.tenebrosa Somatochlora tenebrosa Corduliidae Anisoptera,hindwing lengths,Odonate Phenotypic Database (http://www.odonatephenotypicdatabase.org),37,,single observation,,both,adult,,,,,,,,,,,
PreservedSpecimen,Somatochlora.tenebrosa Somatochlora tenebrosa Corduliidae Anisoptera,has wing pigment,Retrieval from the Odonate Phenotypic Database (http://www.odonatephenotypicdatabase.org),no,,single observation,,both,adult,,,,,,,,,,,
,Somatochlora.tenebrosa Somatochlora tenebrosa Corduliidae Anisoptera,wing pigment extent discrete,,NA,,single observation,,both,adult,,,,,,,,,,,
PreservedSpecimen,Somatochlora.tenebrosa Somatochlora tenebrosa Corduliidae Anisoptera,wing pigment extent continuous,,NA,,single observation,,both,adult,,,,,,,,,,,
,Somatochlora.tenebrosa Somatochlora tenebrosa Corduliidae Anisoptera,wing pigment symmetry,,NA,,single observation,,both,adult,,,,,,,,,,,
,Somatochlora.tenebrosa Somatochlora tenebrosa Corduliidae Anisoptera,wing pigment color,,NA,,single observation,,both,adult,,,,,,,,,,,
,Somatochlora.tenebrosa Somatochlora tenebrosa Corduliidae Anisoptera,wing pigment placement,,NA,,single observation,,both,adult,,,,,,,,,,,
HumanObservation,Somatochlora.tenebrosa Somatochlora tenebrosa Corduliidae Anisoptera,Flight season start,,9.07,,single observation,,both,adult,,,,,,,,,,,
,Somatochlora.tenebrosa Somatochlora tenebrosa Corduliidae Anisoptera,Flight season end,,8.17,,single observation,,both,adult,,,,,,,,,,,
PreservedSpecimen,Somatochlora.tenebrosa Somatochlora tenebrosa Corduliidae Anisoptera,body colors,Odonate Phenotypic Database (http://www.odonatephenotypicdatabase.org),black,,single observation,,both,adult,,,,,,,,,,,
PreservedSpecimen,Somatochlora.tenebrosa Somatochlora tenebrosa Corduliidae Anisoptera,body colortypes,Odonate Phenotypic Database (http://www.odonatephenotypicdatabase.org),pigment,,single observation,,both,adult,,,,,,,,,,,
PreservedSpecimen,Somatochlora.tenebrosa Somatochlora tenebrosa Corduliidae Anisoptera,body patterns,Odonate Phenotypic Database (http://www.odonatephenotypicdatabase.org),plain,,single observation,,both,adult,,,,,,,,,,,
,Somatochlora.tenebrosa Somatochlora tenebrosa Corduliidae Anisoptera,mate guarding,,NA,,single observation,,both,adult,,,,,,,,,,,
Occurrence,Somatochlora.tenebrosa Somatochlora tenebrosa Corduliidae Anisoptera,flight mode,,flier,,single observation,,both,adult,,,,,,,,,,,
HumanObservation,Somatochlora.tenebrosa Somatochlora tenebrosa Corduliidae Anisoptera,territoriality,,NA,,single observation,,both,adult,,,,,,,,,,,
HumanObservation,Somatochlora.tenebrosa Somatochlora tenebrosa Corduliidae Anisoptera,aquatic habitats,,stream,,single observation,,both,adult,,,,,,,,,,,
HumanObservation,Somatochlora.tenebrosa Somatochlora tenebrosa Corduliidae Anisoptera,habitat openness,,closed,,single observation,,both,adult,,,,,,,,,,,
PreservedSpecimen,Somatochlora.tenebrosa Somatochlora tenebrosa Corduliidae Anisoptera,body lengths,Data extraction from the Odonate Phenotypic Database (http://www.odonatephenotypicdatabase.org),51,,single observation,,both,adult,,,,,,,,,,,
PreservedSpecimen,Somatochlora.tenebrosa Somatochlora tenebrosa Corduliidae Anisoptera,hindwing lengths,Odonate Phenotypic Database (http://www.odonatephenotypicdatabase.org),37,,single observation,,both,adult,,,,,,,,,,,
PreservedSpecimen,Somatochlora.tenebrosa Somatochlora tenebrosa Corduliidae Anisoptera,has wing pigment,Retrieval from the Odonate Phenotypic Database (http://www.odonatephenotypicdatabase.org),no,,single observation,,both,adult,,,,,,,,,,,
,Somatochlora.tenebrosa Somatochlora tenebrosa Corduliidae Anisoptera,wing pigment extent discrete,,NA,,single observation,,both,adult,,,,,,,,,,,
PreservedSpecimen,Somatochlora.tenebrosa Somatochlora tenebrosa Corduliidae Anisoptera,wing pigment extent continuous,,NA,,single observation,,both,adult,,,,,,,,,,,
,Somatochlora.tenebrosa Somatochlora tenebrosa Corduliidae Anisoptera,wing pigment symmetry,,NA,,single observation,,both,adult,,,,,,,,,,,
,Somatochlora.tenebrosa Somatochlora tenebrosa Corduliidae Anisoptera,wing pigment color,,NA,,single observation,,both,adult,,,,,,,,,,,
,Somatochlora.tenebrosa Somatochlora tenebrosa Corduliidae Anisoptera,wing pigment placement,,NA,,single observation,,both,adult,,,,,,,,,,,
HumanObservation,Somatochlora.walshii Somatochlora walshii Corduliidae Anisoptera,Flight season start,,7/6,,single observation,,both,adult,,,,,,,,,,,
,Somatochlora.walshii Somatochlora walshii Corduliidae Anisoptera,Flight season end,,29/8,,single observation,,both,adult,,,,,,,,,,,
PreservedSpecimen,Somatochlora.walshii Somatochlora walshii Corduliidae Anisoptera,body colors,Odonate Phenotypic Database (http://www.odonatephenotypicdatabase.org),black,,single observation,,both,adult,,,,,,,,,,,
PreservedSpecimen,Somatochlora.walshii Somatochlora walshii Corduliidae Anisoptera,body colortypes,Odonate Phenotypic Database (http://www.odonatephenotypicdatabase.org),pigment,,single observation,,both,adult,,,,,,,,,,,
PreservedSpecimen,Somatochlora.walshii Somatochlora walshii Corduliidae Anisoptera,body patterns,Odonate Phenotypic Database (http://www.odonatephenotypicdatabase.org),spotted,,single observation,,both,adult,,,,,,,,,,,
,Somatochlora.walshii Somatochlora walshii Corduliidae Anisoptera,mate guarding,,NA,,single observation,,both,adult,,,,,,,,,,,
Occurrence,Somatochlora.walshii Somatochlora walshii Corduliidae Anisoptera,flight mode,,flier,,single observation,,both,adult,,,,,,,,,,,
HumanObservation,Somatochlora.walshii Somatochlora walshii Corduliidae Anisoptera,territoriality,,NA,,single observation,,both,adult,,,,,,,,,,,
HumanObservation,Somatochlora.walshii Somatochlora walshii Corduliidae Anisoptera,aquatic habitats,,stream,,single observation,,both,adult,,,,,,,,,,,
HumanObservation,Somatochlora.walshii Somatochlora walshii Corduliidae Anisoptera,habitat openness,,open,,single observation,,both,adult,,,,,,,,,,,
PreservedSpecimen,Somatochlora.walshii Somatochlora walshii Corduliidae Anisoptera,body lengths,Data extraction from the Odonate Phenotypic Database (http://www.odonatephenotypicdatabase.org),46.5,,single observation,,both,adult,,,,,,,,,,,
PreservedSpecimen,Somatochlora.walshii Somatochlora walshii Corduliidae Anisoptera,hindwing lengths,Odonate Phenotypic Database (http://www.odonatephenotypicdatabase.org),29.5,,single observation,,both,adult,,,,,,,,,,,
PreservedSpecimen,Somatochlora.walshii Somatochlora walshii Corduliidae Anisoptera,has wing pigment,Retrieval from the Odonate Phenotypic Database (http://www.odonatephenotypicdatabase.org),no,,single observation,,both,adult,,,,,,,,,,,
,Somatochlora.walshii Somatochlora walshii Corduliidae Anisoptera,wing pigment extent discrete,,NA,,single observation,,both,adult,,,,,,,,,,,
PreservedSpecimen,Somatochlora.walshii Somatochlora walshii Corduliidae Anisoptera,wing pigment extent continuous,,NA,,single observation,,both,adult,,,,,,,,,,,
,Somatochlora.walshii Somatochlora walshii Corduliidae Anisoptera,wing pigment symmetry,,NA,,single observation,,both,adult,,,,,,,,,,,
,Somatochlora.walshii Somatochlora walshii Corduliidae Anisoptera,wing pigment color,,NA,,single observation,,both,adult,,,,,,,,,,,
,Somatochlora.walshii Somatochlora walshii Corduliidae Anisoptera,wing pigment placement,,NA,,single observation,,both,adult,,,,,,,,,,,
HumanObservation,Somatochlora.walshii Somatochlora walshii Corduliidae Anisoptera,Flight season start,,6.07,,single observation,,both,adult,,,,,,,,,,,
,Somatochlora.walshii Somatochlora walshii Corduliidae Anisoptera,Flight season end,,8.29,,single observation,,both,adult,,,,,,,,,,,
PreservedSpecimen,Somatochlora.walshii Somatochlora walshii Corduliidae Anisoptera,body colors,Odonate Phenotypic Database (http://www.odonatephenotypicdatabase.org),black,,single observation,,both,adult,,,,,,,,,,,
PreservedSpecimen,Somatochlora.walshii Somatochlora walshii Corduliidae Anisoptera,body colortypes,Odonate Phenotypic Database (http://www.odonatephenotypicdatabase.org),pigment,,single observation,,both,adult,,,,,,,,,,,
PreservedSpecimen,Somatochlora.walshii Somatochlora walshii Corduliidae Anisoptera,body patterns,Odonate Phenotypic Database (http://www.odonatephenotypicdatabase.org),spotted,,single observation,,both,adult,,,,,,,,,,,
,Somatochlora.walshii Somatochlora walshii Corduliidae Anisoptera,mate guarding,,NA,,single observation,,both,adult,,,,,,,,,,,
Occurrence,Somatochlora.walshii Somatochlora walshii Corduliidae Anisoptera,flight mode,,flier,,single observation,,both,adult,,,,,,,,,,,
HumanObservation,Somatochlora.walshii Somatochlora walshii Corduliidae Anisoptera,territoriality,,NA,,single observation,,both,adult,,,,,,,,,,,
HumanObservation,Somatochlora.walshii Somatochlora walshii Corduliidae Anisoptera,aquatic habitats,,stream,,single observation,,both,adult,,,,,,,,,,,
HumanObservation,Somatochlora.walshii Somatochlora walshii Corduliidae Anisoptera,habitat openness,,open,,single observation,,both,adult,,,,,,,,,,,
PreservedSpecimen,Somatochlora.walshii Somatochlora walshii Corduliidae Anisoptera,body lengths,Data extraction from the Odonate Phenotypic Database (http://www.odonatephenotypicdatabase.org),46.5,,single observation,,both,adult,,,,,,,,,,,
PreservedSpecimen,Somatochlora.walshii Somatochlora walshii Corduliidae Anisoptera,hindwing lengths,Odonate Phenotypic Database (http://www.odonatephenotypicdatabase.org),29.5,,single observation,,both,adult,,,,,,,,,,,
PreservedSpecimen,Somatochlora.walshii Somatochlora walshii Corduliidae Anisoptera,has wing pigment,Retrieval from the Odonate Phenotypic Database (http://www.odonatephenotypicdatabase.org),no,,single observation,,both,adult,,,,,,,,,,,
,Somatochlora.walshii Somatochlora walshii Corduliidae Anisoptera,wing pigment extent discrete,,NA,,single observation,,both,adult,,,,,,,,,,,
PreservedSpecimen,Somatochlora.walshii Somatochlora walshii Corduliidae Anisoptera,wing pigment extent continuous,,NA,,single observation,,both,adult,,,,,,,,,,,
,Somatochlora.walshii Somatochlora walshii Corduliidae Anisoptera,wing pigment symmetry,,NA,,single observation,,both,adult,,,,,,,,,,,
,Somatochlora.walshii Somatochlora walshii Corduliidae Anisoptera,wing pigment color,,NA,,single observation,,both,adult,,,,,,,,,,,
,Somatochlora.walshii Somatochlora walshii Corduliidae Anisoptera,wing pigment placement,,NA,,single observation,,both,adult,,,,,,,,,,,
HumanObservation,Somatochlora.williamsoni Somatochlora williamsoni Corduliidae Anisoptera,Flight season start,,28/7,,single observation,,both,adult,,,,,,,,,,,
,Somatochlora.williamsoni Somatochlora williamsoni Corduliidae Anisoptera,Flight season end,,9/7,,single observation,,both,adult,,,,,,,,,,,
PreservedSpecimen,Somatochlora.williamsoni Somatochlora williamsoni Corduliidae Anisoptera,body colors,Odonate Phenotypic Database (http://www.odonatephenotypicdatabase.org),black,,single observation,,both,adult,,,,,,,,,,,
PreservedSpecimen,Somatochlora.williamsoni Somatochlora williamsoni Corduliidae Anisoptera,body colortypes,Odonate Phenotypic Database (http://www.odonatephenotypicdatabase.org),pigment,,single observation,,both,adult,,,,,,,,,,,
PreservedSpecimen,Somatochlora.williamsoni Somatochlora williamsoni Corduliidae Anisoptera,body patterns,Odonate Phenotypic Database (http://www.odonatephenotypicdatabase.org),plain,,single observation,,both,adult,,,,,,,,,,,
,Somatochlora.williamsoni Somatochlora williamsoni Corduliidae Anisoptera,mate guarding,,NA,,single observation,,both,adult,,,,,,,,,,,
Occurrence,Somatochlora.williamsoni Somatochlora williamsoni Corduliidae Anisoptera,flight mode,,flier,,single observation,,both,adult,,,,,,,,,,,
HumanObservation,Somatochlora.williamsoni Somatochlora williamsoni Corduliidae Anisoptera,territoriality,,NA,,single observation,,both,adult,,,,,,,,,,,
HumanObservation,Somatochlora.williamsoni Somatochlora williamsoni Corduliidae Anisoptera,aquatic habitats,,lake,,single observation,,both,adult,,,,,,,,,,,
HumanObservation,Somatochlora.williamsoni Somatochlora williamsoni Corduliidae Anisoptera,habitat openness,,closed,,single observation,,both,adult,,,,,,,,,,,
PreservedSpecimen,Somatochlora.williamsoni Somatochlora williamsoni Corduliidae Anisoptera,body lengths,Data extraction from the Odonate Phenotypic Database (http://www.odonatephenotypicdatabase.org),56,,single observation,,both,adult,,,,,,,,,,,
PreservedSpecimen,Somatochlora.williamsoni Somatochlora williamsoni Corduliidae Anisoptera,hindwing lengths,Odonate Phenotypic Database (http://www.odonatephenotypicdatabase.org),37.5,,single observation,,both,adult,,,,,,,,,,,
PreservedSpecimen,Somatochlora.williamsoni Somatochlora williamsoni Corduliidae Anisoptera,has wing pigment,Retrieval from the Odonate Phenotypic Database (http://www.odonatephenotypicdatabase.org),no,,single observation,,both,adult,,,,,,,,,,,
,Somatochlora.williamsoni Somatochlora williamsoni Corduliidae Anisoptera,wing pigment extent discrete,,NA,,single observation,,both,adult,,,,,,,,,,,
PreservedSpecimen,Somatochlora.williamsoni Somatochlora williamsoni Corduliidae Anisoptera,wing pigment extent continuous,,NA,,single observation,,both,adult,,,,,,,,,,,
,Somatochlora.williamsoni Somatochlora williamsoni Corduliidae Anisoptera,wing pigment symmetry,,NA,,single observation,,both,adult,,,,,,,,,,,
,Somatochlora.williamsoni Somatochlora williamsoni Corduliidae Anisoptera,wing pigment color,,NA,,single observation,,both,adult,,,,,,,,,,,
,Somatochlora.williamsoni Somatochlora williamsoni Corduliidae Anisoptera,wing pigment placement,,NA,,single observation,,both,adult,,,,,,,,,,,
HumanObservation,Somatochlora.williamsoni Somatochlora williamsoni Corduliidae Anisoptera,Flight season start,,7.28,,single observation,,both,adult,,,,,,,,,,,
,Somatochlora.williamsoni Somatochlora williamsoni Corduliidae Anisoptera,Flight season end,,7.09,,single observation,,both,adult,,,,,,,,,,,
PreservedSpecimen,Somatochlora.williamsoni Somatochlora williamsoni Corduliidae Anisoptera,body colors,Odonate Phenotypic Database (http://www.odonatephenotypicdatabase.org),black,,single observation,,both,adult,,,,,,,,,,,
PreservedSpecimen,Somatochlora.williamsoni Somatochlora williamsoni Corduliidae Anisoptera,body colortypes,Odonate Phenotypic Database (http://www.odonatephenotypicdatabase.org),pigment,,single observation,,both,adult,,,,,,,,,,,
PreservedSpecimen,Somatochlora.williamsoni Somatochlora williamsoni Corduliidae Anisoptera,body patterns,Odonate Phenotypic Database (http://www.odonatephenotypicdatabase.org),plain,,single observation,,both,adult,,,,,,,,,,,
,Somatochlora.williamsoni Somatochlora williamsoni Corduliidae Anisoptera,mate guarding,,NA,,single observation,,both,adult,,,,,,,,,,,
Occurrence,Somatochlora.williamsoni Somatochlora williamsoni Corduliidae Anisoptera,flight mode,,flier,,single observation,,both,adult,,,,,,,,,,,
HumanObservation,Somatochlora.williamsoni Somatochlora williamsoni Corduliidae Anisoptera,territoriality,,NA,,single observation,,both,adult,,,,,,,,,,,
HumanObservation,Somatochlora.williamsoni Somatochlora williamsoni Corduliidae Anisoptera,aquatic habitats,,lake,,single observation,,both,adult,,,,,,,,,,,
HumanObservation,Somatochlora.williamsoni Somatochlora williamsoni Corduliidae Anisoptera,habitat openness,,closed,,single observation,,both,adult,,,,,,,,,,,
PreservedSpecimen,Somatochlora.williamsoni Somatochlora williamsoni Corduliidae Anisoptera,body lengths,Data extraction from the Odonate Phenotypic Database (http://www.odonatephenotypicdatabase.org),56,,single observation,,both,adult,,,,,,,,,,,
PreservedSpecimen,Somatochlora.williamsoni Somatochlora williamsoni Corduliidae Anisoptera,hindwing lengths,Odonate Phenotypic Database (http://www.odonatephenotypicdatabase.org),37.5,,single observation,,both,adult,,,,,,,,,,,
PreservedSpecimen,Somatochlora.williamsoni Somatochlora williamsoni Corduliidae Anisoptera,has wing pigment,Retrieval from the Odonate Phenotypic Database (http://www.odonatephenotypicdatabase.org),no,,single observation,,both,adult,,,,,,,,,,,
,Somatochlora.williamsoni Somatochlora williamsoni Corduliidae Anisoptera,wing pigment extent discrete,,NA,,single observation,,both,adult,,,,,,,,,,,
PreservedSpecimen,Somatochlora.williamsoni Somatochlora williamsoni Corduliidae Anisoptera,wing pigment extent continuous,,NA,,single observation,,both,adult,,,,,,,,,,,
,Somatochlora.williamsoni Somatochlora williamsoni Corduliidae Anisoptera,wing pigment symmetry,,NA,,single observation,,both,adult,,,,,,,,,,,
,Somatochlora.williamsoni Somatochlora williamsoni Corduliidae Anisoptera,wing pigment color,,NA,,single observation,,both,adult,,,,,,,,,,,
,Somatochlora.williamsoni Somatochlora williamsoni Corduliidae Anisoptera,wing pigment placement,,NA,,single observation,,both,adult,,,,,,,,,,,
HumanObservation,Stylogomphus.albistylus Stylogomphus albistylus Gomphidae Anisoptera,Flight season start,,29/5,,single observation,,both,adult,,,,,,,,,,,
,Stylogomphus.albistylus Stylogomphus albistylus Gomphidae Anisoptera,Flight season end,,8/8,,single observation,,both,adult,,,,,,,,,,,
PreservedSpecimen,Stylogomphus.albistylus Stylogomphus albistylus Gomphidae Anisoptera,body colors,Odonate Phenotypic Database (http://www.odonatephenotypicdatabase.org),black,,single observation,,both,adult,,,,,,,,,,,
PreservedSpecimen,Stylogomphus.albistylus Stylogomphus albistylus Gomphidae Anisoptera,body colortypes,Odonate Phenotypic Database (http://www.odonatephenotypicdatabase.org),pigment,,single observation,,both,adult,,,,,,,,,,,
PreservedSpecimen,Stylogomphus.albistylus Stylogomphus albistylus Gomphidae Anisoptera,body patterns,Odonate Phenotypic Database (http://www.odonatephenotypicdatabase.org),spotted,,single observation,,both,adult,,,,,,,,,,,
,Stylogomphus.albistylus Stylogomphus albistylus Gomphidae Anisoptera,mate guarding,,NA,,single observation,,both,adult,,,,,,,,,,,
Occurrence,Stylogomphus.albistylus Stylogomphus albistylus Gomphidae Anisoptera,flight mode,,flier,,single observation,,both,adult,,,,,,,,,,,
HumanObservation,Stylogomphus.albistylus Stylogomphus albistylus Gomphidae Anisoptera,territoriality,,NA,,single observation,,both,adult,,,,,,,,,,,
HumanObservation,Stylogomphus.albistylus Stylogomphus albistylus Gomphidae Anisoptera,aquatic habitats,,river,,single observation,,both,adult,,,,,,,,,,,
HumanObservation,Stylogomphus.albistylus Stylogomphus albistylus Gomphidae Anisoptera,habitat openness,,closed,,single observation,,both,adult,,,,,,,,,,,
PreservedSpecimen,Stylogomphus.albistylus Stylogomphus albistylus Gomphidae Anisoptera,body lengths,Data extraction from the Odonate Phenotypic Database (http://www.odonatephenotypicdatabase.org),33.5,,single observation,,both,adult,,,,,,,,,,,
PreservedSpecimen,Stylogomphus.albistylus Stylogomphus albistylus Gomphidae Anisoptera,hindwing lengths,Odonate Phenotypic Database (http://www.odonatephenotypicdatabase.org),21.5,,single observation,,both,adult,,,,,,,,,,,
PreservedSpecimen,Stylogomphus.albistylus Stylogomphus albistylus Gomphidae Anisoptera,has wing pigment,Retrieval from the Odonate Phenotypic Database (http://www.odonatephenotypicdatabase.org),no,,single observation,,both,adult,,,,,,,,,,,
,Stylogomphus.albistylus Stylogomphus albistylus Gomphidae Anisoptera,wing pigment extent discrete,,NA,,single observation,,both,adult,,,,,,,,,,,
PreservedSpecimen,Stylogomphus.albistylus Stylogomphus albistylus Gomphidae Anisoptera,wing pigment extent continuous,,NA,,single observation,,both,adult,,,,,,,,,,,
,Stylogomphus.albistylus Stylogomphus albistylus Gomphidae Anisoptera,wing pigment symmetry,,NA,,single observation,,both,adult,,,,,,,,,,,
,Stylogomphus.albistylus Stylogomphus albistylus Gomphidae Anisoptera,wing pigment color,,NA,,single observation,,both,adult,,,,,,,,,,,
,Stylogomphus.albistylus Stylogomphus albistylus Gomphidae Anisoptera,wing pigment placement,,NA,,single observation,,both,adult,,,,,,,,,,,
HumanObservation,Stylogomphus.albistylus Stylogomphus albistylus Gomphidae Anisoptera,Flight season start,,5.29,,single observation,,both,adult,,,,,,,,,,,
,Stylogomphus.albistylus Stylogomphus albistylus Gomphidae Anisoptera,Flight season end,,8.08,,single observation,,both,adult,,,,,,,,,,,
PreservedSpecimen,Stylogomphus.albistylus Stylogomphus albistylus Gomphidae Anisoptera,body colors,Odonate Phenotypic Database (http://www.odonatephenotypicdatabase.org),black,,single observation,,both,adult,,,,,,,,,,,
PreservedSpecimen,Stylogomphus.albistylus Stylogomphus albistylus Gomphidae Anisoptera,body colortypes,Odonate Phenotypic Database (http://www.odonatephenotypicdatabase.org),pigment,,single observation,,both,adult,,,,,,,,,,,
PreservedSpecimen,Stylogomphus.albistylus Stylogomphus albistylus Gomphidae Anisoptera,body patterns,Odonate Phenotypic Database (http://www.odonatephenotypicdatabase.org),spotted,,single observation,,both,adult,,,,,,,,,,,
,Stylogomphus.albistylus Stylogomphus albistylus Gomphidae Anisoptera,mate guarding,,NA,,single observation,,both,adult,,,,,,,,,,,
Occurrence,Stylogomphus.albistylus Stylogomphus albistylus Gomphidae Anisoptera,flight mode,,flier,,single observation,,both,adult,,,,,,,,,,,
HumanObservation,Stylogomphus.albistylus Stylogomphus albistylus Gomphidae Anisoptera,territoriality,,NA,,single observation,,both,adult,,,,,,,,,,,
HumanObservation,Stylogomphus.albistylus Stylogomphus albistylus Gomphidae Anisoptera,aquatic habitats,,river,,single observation,,both,adult,,,,,,,,,,,
HumanObservation,Stylogomphus.albistylus Stylogomphus albistylus Gomphidae Anisoptera,habitat openness,,closed,,single observation,,both,adult,,,,,,,,,,,
PreservedSpecimen,Stylogomphus.albistylus Stylogomphus albistylus Gomphidae Anisoptera,body lengths,Data extraction from the Odonate Phenotypic Database (http://www.odonatephenotypicdatabase.org),33.5,,single observation,,both,adult,,,,,,,,,,,
PreservedSpecimen,Stylogomphus.albistylus Stylogomphus albistylus Gomphidae Anisoptera,hindwing lengths,Odonate Phenotypic Database (http://www.odonatephenotypicdatabase.org),21.5,,single observation,,both,adult,,,,,,,,,,,
PreservedSpecimen,Stylogomphus.albistylus Stylogomphus albistylus Gomphidae Anisoptera,has wing pigment,Retrieval from the Odonate Phenotypic Database (http://www.odonatephenotypicdatabase.org),no,,single observation,,both,adult,,,,,,,,,,,
,Stylogomphus.albistylus Stylogomphus albistylus Gomphidae Anisoptera,wing pigment extent discrete,,NA,,single observation,,both,adult,,,,,,,,,,,
PreservedSpecimen,Stylogomphus.albistylus Stylogomphus albistylus Gomphidae Anisoptera,wing pigment extent continuous,,NA,,single observation,,both,adult,,,,,,,,,,,
,Stylogomphus.albistylus Stylogomphus albistylus Gomphidae Anisoptera,wing pigment symmetry,,NA,,single observation,,both,adult,,,,,,,,,,,
,Stylogomphus.albistylus Stylogomphus albistylus Gomphidae Anisoptera,wing pigment color,,NA,,single observation,,both,adult,,,,,,,,,,,
,Stylogomphus.albistylus Stylogomphus albistylus Gomphidae Anisoptera,wing pigment placement,,NA,,single observation,,both,adult,,,,,,,,,,,
HumanObservation,Stylurus.scudderi Stylurus scudderi Gomphidae Anisoptera,Flight season start,,7/5,,single observation,,both,adult,,,,,,,,,,,
,Stylurus.scudderi Stylurus scudderi Gomphidae Anisoptera,Flight season end,,9/1,,single observation,,both,adult,,,,,,,,,,,
PreservedSpecimen,Stylurus.scudderi Stylurus scudderi Gomphidae Anisoptera,body colors,Odonate Phenotypic Database (http://www.odonatephenotypicdatabase.org),black,,single observation,,both,adult,,,,,,,,,,,
PreservedSpecimen,Stylurus.scudderi Stylurus scudderi Gomphidae Anisoptera,body colortypes,Odonate Phenotypic Database (http://www.odonatephenotypicdatabase.org),pigment,,single observation,,both,adult,,,,,,,,,,,
PreservedSpecimen,Stylurus.scudderi Stylurus scudderi Gomphidae Anisoptera,body patterns,Odonate Phenotypic Database (http://www.odonatephenotypicdatabase.org),spotted,,single observation,,both,adult,,,,,,,,,,,
,Stylurus.scudderi Stylurus scudderi Gomphidae Anisoptera,mate guarding,,NA,,single observation,,both,adult,,,,,,,,,,,
Occurrence,Stylurus.scudderi Stylurus scudderi Gomphidae Anisoptera,flight mode,,flier,,single observation,,both,adult,,,,,,,,,,,
HumanObservation,Stylurus.scudderi Stylurus scudderi Gomphidae Anisoptera,territoriality,,territorial,,single observation,,both,adult,,,,,,,,,,,
HumanObservation,Stylurus.scudderi Stylurus scudderi Gomphidae Anisoptera,aquatic habitats,,river,,single observation,,both,adult,,,,,,,,,,,
HumanObservation,Stylurus.scudderi Stylurus scudderi Gomphidae Anisoptera,habitat openness,,closed,,single observation,,both,adult,,,,,,,,,,,
PreservedSpecimen,Stylurus.scudderi Stylurus scudderi Gomphidae Anisoptera,body lengths,Data extraction from the Odonate Phenotypic Database (http://www.odonatephenotypicdatabase.org),57.5,,single observation,,both,adult,,,,,,,,,,,
PreservedSpecimen,Stylurus.scudderi Stylurus scudderi Gomphidae Anisoptera,hindwing lengths,Odonate Phenotypic Database (http://www.odonatephenotypicdatabase.org),37,,single observation,,both,adult,,,,,,,,,,,
PreservedSpecimen,Stylurus.scudderi Stylurus scudderi Gomphidae Anisoptera,has wing pigment,Retrieval from the Odonate Phenotypic Database (http://www.odonatephenotypicdatabase.org),no,,single observation,,both,adult,,,,,,,,,,,
,Stylurus.scudderi Stylurus scudderi Gomphidae Anisoptera,wing pigment extent discrete,,NA,,single observation,,both,adult,,,,,,,,,,,
PreservedSpecimen,Stylurus.scudderi Stylurus scudderi Gomphidae Anisoptera,wing pigment extent continuous,,NA,,single observation,,both,adult,,,,,,,,,,,
,Stylurus.scudderi Stylurus scudderi Gomphidae Anisoptera,wing pigment symmetry,,NA,,single observation,,both,adult,,,,,,,,,,,
,Stylurus.scudderi Stylurus scudderi Gomphidae Anisoptera,wing pigment color,,NA,,single observation,,both,adult,,,,,,,,,,,
,Stylurus.scudderi Stylurus scudderi Gomphidae Anisoptera,wing pigment placement,,NA,,single observation,,both,adult,,,,,,,,,,,
HumanObservation,Stylurus.scudderi Stylurus scudderi Gomphidae Anisoptera,Flight season start,,5.07,,single observation,,both,adult,,,,,,,,,,,
,Stylurus.scudderi Stylurus scudderi Gomphidae Anisoptera,Flight season end,,1.09,,single observation,,both,adult,,,,,,,,,,,
PreservedSpecimen,Stylurus.scudderi Stylurus scudderi Gomphidae Anisoptera,body colors,Odonate Phenotypic Database (http://www.odonatephenotypicdatabase.org),black,,single observation,,both,adult,,,,,,,,,,,
PreservedSpecimen,Stylurus.scudderi Stylurus scudderi Gomphidae Anisoptera,body colortypes,Odonate Phenotypic Database (http://www.odonatephenotypicdatabase.org),pigment,,single observation,,both,adult,,,,,,,,,,,
PreservedSpecimen,Stylurus.scudderi Stylurus scudderi Gomphidae Anisoptera,body patterns,Odonate Phenotypic Database (http://www.odonatephenotypicdatabase.org),spotted,,single observation,,both,adult,,,,,,,,,,,
,Stylurus.scudderi Stylurus scudderi Gomphidae Anisoptera,mate guarding,,NA,,single observation,,both,adult,,,,,,,,,,,
Occurrence,Stylurus.scudderi Stylurus scudderi Gomphidae Anisoptera,flight mode,,flier,,single observation,,both,adult,,,,,,,,,,,
HumanObservation,Stylurus.scudderi Stylurus scudderi Gomphidae Anisoptera,territoriality,,territorial,,single observation,,both,adult,,,,,,,,,,,
HumanObservation,Stylurus.scudderi Stylurus scudderi Gomphidae Anisoptera,aquatic habitats,,river,,single observation,,both,adult,,,,,,,,,,,
HumanObservation,Stylurus.scudderi Stylurus scudderi Gomphidae Anisoptera,habitat openness,,closed,,single observation,,both,adult,,,,,,,,,,,
PreservedSpecimen,Stylurus.scudderi Stylurus scudderi Gomphidae Anisoptera,body lengths,Data extraction from the Odonate Phenotypic Database (http://www.odonatephenotypicdatabase.org),57.5,,single observation,,both,adult,,,,,,,,,,,
PreservedSpecimen,Stylurus.scudderi Stylurus scudderi Gomphidae Anisoptera,hindwing lengths,Odonate Phenotypic Database (http://www.odonatephenotypicdatabase.org),37,,single observation,,both,adult,,,,,,,,,,,
PreservedSpecimen,Stylurus.scudderi Stylurus scudderi Gomphidae Anisoptera,has wing pigment,Retrieval from the Odonate Phenotypic Database (http://www.odonatephenotypicdatabase.org),no,,single observation,,both,adult,,,,,,,,,,,
,Stylurus.scudderi Stylurus scudderi Gomphidae Anisoptera,wing pigment extent discrete,,NA,,single observation,,both,adult,,,,,,,,,,,
PreservedSpecimen,Stylurus.scudderi Stylurus scudderi Gomphidae Anisoptera,wing pigment extent continuous,,NA,,single observation,,both,adult,,,,,,,,,,,
,Stylurus.scudderi Stylurus scudderi Gomphidae Anisoptera,wing pigment symmetry,,NA,,single observation,,both,adult,,,,,,,,,,,
,Stylurus.scudderi Stylurus scudderi Gomphidae Anisoptera,wing pigment color,,NA,,single observation,,both,adult,,,,,,,,,,,
,Stylurus.scudderi Stylurus scudderi Gomphidae Anisoptera,wing pigment placement,,NA,,single observation,,both,adult,,,,,,,,,,,
HumanObservation,Stylurus.spiniceps Stylurus spiniceps Gomphidae Anisoptera,Flight season start,,24/7,,single observation,,both,adult,,,,,,,,,,,
,Stylurus.spiniceps Stylurus spiniceps Gomphidae Anisoptera,Flight season end,,22/9,,single observation,,both,adult,,,,,,,,,,,
PreservedSpecimen,Stylurus.spiniceps Stylurus spiniceps Gomphidae Anisoptera,body colors,Odonate Phenotypic Database (http://www.odonatephenotypicdatabase.org),black,,single observation,,both,adult,,,,,,,,,,,
PreservedSpecimen,Stylurus.spiniceps Stylurus spiniceps Gomphidae Anisoptera,body colortypes,Odonate Phenotypic Database (http://www.odonatephenotypicdatabase.org),pigment,,single observation,,both,adult,,,,,,,,,,,
PreservedSpecimen,Stylurus.spiniceps Stylurus spiniceps Gomphidae Anisoptera,body patterns,Odonate Phenotypic Database (http://www.odonatephenotypicdatabase.org),spotted,,single observation,,both,adult,,,,,,,,,,,
,Stylurus.spiniceps Stylurus spiniceps Gomphidae Anisoptera,mate guarding,,NA,,single observation,,both,adult,,,,,,,,,,,
Occurrence,Stylurus.spiniceps Stylurus spiniceps Gomphidae Anisoptera,flight mode,,flier,,single observation,,both,adult,,,,,,,,,,,
HumanObservation,Stylurus.spiniceps Stylurus spiniceps Gomphidae Anisoptera,territoriality,,NA,,single observation,,both,adult,,,,,,,,,,,
HumanObservation,Stylurus.spiniceps Stylurus spiniceps Gomphidae Anisoptera,aquatic habitats,,river,,single observation,,both,adult,,,,,,,,,,,
HumanObservation,Stylurus.spiniceps Stylurus spiniceps Gomphidae Anisoptera,habitat openness,,NA,,single observation,,both,adult,,,,,,,,,,,
PreservedSpecimen,Stylurus.spiniceps Stylurus spiniceps Gomphidae Anisoptera,body lengths,Data extraction from the Odonate Phenotypic Database (http://www.odonatephenotypicdatabase.org),62.5,,single observation,,both,adult,,,,,,,,,,,
PreservedSpecimen,Stylurus.spiniceps Stylurus spiniceps Gomphidae Anisoptera,hindwing lengths,Odonate Phenotypic Database (http://www.odonatephenotypicdatabase.org),37,,single observation,,both,adult,,,,,,,,,,,
PreservedSpecimen,Stylurus.spiniceps Stylurus spiniceps Gomphidae Anisoptera,has wing pigment,Retrieval from the Odonate Phenotypic Database (http://www.odonatephenotypicdatabase.org),no,,single observation,,both,adult,,,,,,,,,,,
,Stylurus.spiniceps Stylurus spiniceps Gomphidae Anisoptera,wing pigment extent discrete,,NA,,single observation,,both,adult,,,,,,,,,,,
PreservedSpecimen,Stylurus.spiniceps Stylurus spiniceps Gomphidae Anisoptera,wing pigment extent continuous,,NA,,single observation,,both,adult,,,,,,,,,,,
,Stylurus.spiniceps Stylurus spiniceps Gomphidae Anisoptera,wing pigment symmetry,,NA,,single observation,,both,adult,,,,,,,,,,,
,Stylurus.spiniceps Stylurus spiniceps Gomphidae Anisoptera,wing pigment color,,NA,,single observation,,both,adult,,,,,,,,,,,
,Stylurus.spiniceps Stylurus spiniceps Gomphidae Anisoptera,wing pigment placement,,NA,,single observation,,both,adult,,,,,,,,,,,
HumanObservation,Stylurus.spiniceps Stylurus spiniceps Gomphidae Anisoptera,Flight season start,,7.24,,single observation,,both,adult,,,,,,,,,,,
,Stylurus.spiniceps Stylurus spiniceps Gomphidae Anisoptera,Flight season end,,9.22,,single observation,,both,adult,,,,,,,,,,,
PreservedSpecimen,Stylurus.spiniceps Stylurus spiniceps Gomphidae Anisoptera,body colors,Odonate Phenotypic Database (http://www.odonatephenotypicdatabase.org),black,,single observation,,both,adult,,,,,,,,,,,
PreservedSpecimen,Stylurus.spiniceps Stylurus spiniceps Gomphidae Anisoptera,body colortypes,Odonate Phenotypic Database (http://www.odonatephenotypicdatabase.org),pigment,,single observation,,both,adult,,,,,,,,,,,
PreservedSpecimen,Stylurus.spiniceps Stylurus spiniceps Gomphidae Anisoptera,body patterns,Odonate Phenotypic Database (http://www.odonatephenotypicdatabase.org),spotted,,single observation,,both,adult,,,,,,,,,,,
,Stylurus.spiniceps Stylurus spiniceps Gomphidae Anisoptera,mate guarding,,NA,,single observation,,both,adult,,,,,,,,,,,
Occurrence,Stylurus.spiniceps Stylurus spiniceps Gomphidae Anisoptera,flight mode,,flier,,single observation,,both,adult,,,,,,,,,,,
HumanObservation,Stylurus.spiniceps Stylurus spiniceps Gomphidae Anisoptera,territoriality,,NA,,single observation,,both,adult,,,,,,,,,,,
HumanObservation,Stylurus.spiniceps Stylurus spiniceps Gomphidae Anisoptera,aquatic habitats,,river,,single observation,,both,adult,,,,,,,,,,,
HumanObservation,Stylurus.spiniceps Stylurus spiniceps Gomphidae Anisoptera,habitat openness,,NA,,single observation,,both,adult,,,,,,,,,,,
PreservedSpecimen,Stylurus.spiniceps Stylurus spiniceps Gomphidae Anisoptera,body lengths,Data extraction from the Odonate Phenotypic Database (http://www.odonatephenotypicdatabase.org),62.5,,single observation,,both,adult,,,,,,,,,,,
PreservedSpecimen,Stylurus.spiniceps Stylurus spiniceps Gomphidae Anisoptera,hindwing lengths,Odonate Phenotypic Database (http://www.odonatephenotypicdatabase.org),37,,single observation,,both,adult,,,,,,,,,,,
PreservedSpecimen,Stylurus.spiniceps Stylurus spiniceps Gomphidae Anisoptera,has wing pigment,Retrieval from the Odonate Phenotypic Database (http://www.odonatephenotypicdatabase.org),no,,single observation,,both,adult,,,,,,,,,,,
,Stylurus.spiniceps Stylurus spiniceps Gomphidae Anisoptera,wing pigment extent discrete,,NA,,single observation,,both,adult,,,,,,,,,,,
PreservedSpecimen,Stylurus.spiniceps Stylurus spiniceps Gomphidae Anisoptera,wing pigment extent continuous,,NA,,single observation,,both,adult,,,,,,,,,,,
,Stylurus.spiniceps Stylurus spiniceps Gomphidae Anisoptera,wing pigment symmetry,,NA,,single observation,,both,adult,,,,,,,,,,,
,Stylurus.spiniceps Stylurus spiniceps Gomphidae Anisoptera,wing pigment color,,NA,,single observation,,both,adult,,,,,,,,,,,
,Stylurus.spiniceps Stylurus spiniceps Gomphidae Anisoptera,wing pigment placement,,NA,,single observation,,both,adult,,,,,,,,,,,
HumanObservation,Sympetrum.costiferum Sympetrum costiferum Libellulidae Anisoptera,Flight season start,,22/7,,single observation,,both,adult,,,,,,,,,,,
,Sympetrum.costiferum Sympetrum costiferum Libellulidae Anisoptera,Flight season end,,26/9,,single observation,,both,adult,,,,,,,,,,,
PreservedSpecimen,Sympetrum.costiferum Sympetrum costiferum Libellulidae Anisoptera,body colors,Odonate Phenotypic Database (http://www.odonatephenotypicdatabase.org),black,,single observation,,both,adult,,,,,,,,,,,
PreservedSpecimen,Sympetrum.costiferum Sympetrum costiferum Libellulidae Anisoptera,body colortypes,Odonate Phenotypic Database (http://www.odonatephenotypicdatabase.org),pigment,,single observation,,both,adult,,,,,,,,,,,
PreservedSpecimen,Sympetrum.costiferum Sympetrum costiferum Libellulidae Anisoptera,body patterns,Odonate Phenotypic Database (http://www.odonatephenotypicdatabase.org),plain,,single observation,,both,adult,,,,,,,,,,,
,Sympetrum.costiferum Sympetrum costiferum Libellulidae Anisoptera,mate guarding,,contact,,single observation,,both,adult,,,,,,,,,,,
Occurrence,Sympetrum.costiferum Sympetrum costiferum Libellulidae Anisoptera,flight mode,,flier,,single observation,,both,adult,,,,,,,,,,,
HumanObservation,Sympetrum.costiferum Sympetrum costiferum Libellulidae Anisoptera,territoriality,,NA,,single observation,,both,adult,,,,,,,,,,,
HumanObservation,Sympetrum.costiferum Sympetrum costiferum Libellulidae Anisoptera,aquatic habitats,,lake,,single observation,,both,adult,,,,,,,,,,,
HumanObservation,Sympetrum.costiferum Sympetrum costiferum Libellulidae Anisoptera,habitat openness,,NA,,single observation,,both,adult,,,,,,,,,,,
PreservedSpecimen,Sympetrum.costiferum Sympetrum costiferum Libellulidae Anisoptera,body lengths,Data extraction from the Odonate Phenotypic Database (http://www.odonatephenotypicdatabase.org),34,,single observation,,both,adult,,,,,,,,,,,
PreservedSpecimen,Sympetrum.costiferum Sympetrum costiferum Libellulidae Anisoptera,hindwing lengths,Odonate Phenotypic Database (http://www.odonatephenotypicdatabase.org),26.5,,single observation,,both,adult,,,,,,,,,,,
PreservedSpecimen,Sympetrum.costiferum Sympetrum costiferum Libellulidae Anisoptera,has wing pigment,Retrieval from the Odonate Phenotypic Database (http://www.odonatephenotypicdatabase.org),no,,single observation,,both,adult,,,,,,,,,,,
,Sympetrum.costiferum Sympetrum costiferum Libellulidae Anisoptera,wing pigment extent discrete,,NA,,single observation,,both,adult,,,,,,,,,,,
PreservedSpecimen,Sympetrum.costiferum Sympetrum costiferum Libellulidae Anisoptera,wing pigment extent continuous,,NA,,single observation,,both,adult,,,,,,,,,,,
,Sympetrum.costiferum Sympetrum costiferum Libellulidae Anisoptera,wing pigment symmetry,,NA,,single observation,,both,adult,,,,,,,,,,,
,Sympetrum.costiferum Sympetrum costiferum Libellulidae Anisoptera,wing pigment color,,NA,,single observation,,both,adult,,,,,,,,,,,
,Sympetrum.costiferum Sympetrum costiferum Libellulidae Anisoptera,wing pigment placement,,NA,,single observation,,both,adult,,,,,,,,,,,
HumanObservation,Sympetrum.costiferum Sympetrum costiferum Libellulidae Anisoptera,Flight season start,,7.22,,single observation,,both,adult,,,,,,,,,,,
,Sympetrum.costiferum Sympetrum costiferum Libellulidae Anisoptera,Flight season end,,9.26,,single observation,,both,adult,,,,,,,,,,,
PreservedSpecimen,Sympetrum.costiferum Sympetrum costiferum Libellulidae Anisoptera,body colors,Odonate Phenotypic Database (http://www.odonatephenotypicdatabase.org),black,,single observation,,both,adult,,,,,,,,,,,
PreservedSpecimen,Sympetrum.costiferum Sympetrum costiferum Libellulidae Anisoptera,body colortypes,Odonate Phenotypic Database (http://www.odonatephenotypicdatabase.org),pigment,,single observation,,both,adult,,,,,,,,,,,
PreservedSpecimen,Sympetrum.costiferum Sympetrum costiferum Libellulidae Anisoptera,body patterns,Odonate Phenotypic Database (http://www.odonatephenotypicdatabase.org),plain,,single observation,,both,adult,,,,,,,,,,,
,Sympetrum.costiferum Sympetrum costiferum Libellulidae Anisoptera,mate guarding,,contact,,single observation,,both,adult,,,,,,,,,,,
Occurrence,Sympetrum.costiferum Sympetrum costiferum Libellulidae Anisoptera,flight mode,,flier,,single observation,,both,adult,,,,,,,,,,,
HumanObservation,Sympetrum.costiferum Sympetrum costiferum Libellulidae Anisoptera,territoriality,,NA,,single observation,,both,adult,,,,,,,,,,,
HumanObservation,Sympetrum.costiferum Sympetrum costiferum Libellulidae Anisoptera,aquatic habitats,,lake,,single observation,,both,adult,,,,,,,,,,,
HumanObservation,Sympetrum.costiferum Sympetrum costiferum Libellulidae Anisoptera,habitat openness,,NA,,single observation,,both,adult,,,,,,,,,,,
PreservedSpecimen,Sympetrum.costiferum Sympetrum costiferum Libellulidae Anisoptera,body lengths,Data extraction from the Odonate Phenotypic Database (http://www.odonatephenotypicdatabase.org),34,,single observation,,both,adult,,,,,,,,,,,
PreservedSpecimen,Sympetrum.costiferum Sympetrum costiferum Libellulidae Anisoptera,hindwing lengths,Odonate Phenotypic Database (http://www.odonatephenotypicdatabase.org),26.5,,single observation,,both,adult,,,,,,,,,,,
PreservedSpecimen,Sympetrum.costiferum Sympetrum costiferum Libellulidae Anisoptera,has wing pigment,Retrieval from the Odonate Phenotypic Database (http://www.odonatephenotypicdatabase.org),no,,single observation,,both,adult,,,,,,,,,,,
,Sympetrum.costiferum Sympetrum costiferum Libellulidae Anisoptera,wing pigment extent discrete,,NA,,single observation,,both,adult,,,,,,,,,,,
PreservedSpecimen,Sympetrum.costiferum Sympetrum costiferum Libellulidae Anisoptera,wing pigment extent continuous,,NA,,single observation,,both,adult,,,,,,,,,,,
,Sympetrum.costiferum Sympetrum costiferum Libellulidae Anisoptera,wing pigment symmetry,,NA,,single observation,,both,adult,,,,,,,,,,,
,Sympetrum.costiferum Sympetrum costiferum Libellulidae Anisoptera,wing pigment color,,NA,,single observation,,both,adult,,,,,,,,,,,
,Sympetrum.costiferum Sympetrum costiferum Libellulidae Anisoptera,wing pigment placement,,NA,,single observation,,both,adult,,,,,,,,,,,
HumanObservation,Sympetrum.danae Sympetrum danae Libellulidae Anisoptera,Flight season start,,8/9,,single observation,,both,adult,,,,,,,,,,,
,Sympetrum.danae Sympetrum danae Libellulidae Anisoptera,Flight season end,,20/9,,single observation,,both,adult,,,,,,,,,,,
PreservedSpecimen,Sympetrum.danae Sympetrum danae Libellulidae Anisoptera,body colors,Odonate Phenotypic Database (http://www.odonatephenotypicdatabase.org),black,,single observation,,both,adult,,,,,,,,,,,
PreservedSpecimen,Sympetrum.danae Sympetrum danae Libellulidae Anisoptera,body colortypes,Odonate Phenotypic Database (http://www.odonatephenotypicdatabase.org),pigment,,single observation,,both,adult,,,,,,,,,,,
PreservedSpecimen,Sympetrum.danae Sympetrum danae Libellulidae Anisoptera,body patterns,Odonate Phenotypic Database (http://www.odonatephenotypicdatabase.org),plain,,single observation,,both,adult,,,,,,,,,,,
,Sympetrum.danae Sympetrum danae Libellulidae Anisoptera,mate guarding,,contact,,single observation,,both,adult,,,,,,,,,,,
Occurrence,Sympetrum.danae Sympetrum danae Libellulidae Anisoptera,flight mode,,percher,,single observation,,both,adult,,,,,,,,,,,
HumanObservation,Sympetrum.danae Sympetrum danae Libellulidae Anisoptera,territoriality,,non-territorial,,single observation,,both,adult,,,,,,,,,,,
HumanObservation,Sympetrum.danae Sympetrum danae Libellulidae Anisoptera,aquatic habitats,,lake,,single observation,,both,adult,,,,,,,,,,,
HumanObservation,Sympetrum.danae Sympetrum danae Libellulidae Anisoptera,habitat openness,,semi,,single observation,,both,adult,,,,,,,,,,,
PreservedSpecimen,Sympetrum.danae Sympetrum danae Libellulidae Anisoptera,body lengths,Data extraction from the Odonate Phenotypic Database (http://www.odonatephenotypicdatabase.org),31.5,,single observation,,both,adult,,,,,,,,,,,
PreservedSpecimen,Sympetrum.danae Sympetrum danae Libellulidae Anisoptera,hindwing lengths,Odonate Phenotypic Database (http://www.odonatephenotypicdatabase.org),25,,single observation,,both,adult,,,,,,,,,,,
PreservedSpecimen,Sympetrum.danae Sympetrum danae Libellulidae Anisoptera,has wing pigment,Retrieval from the Odonate Phenotypic Database (http://www.odonatephenotypicdatabase.org),yes,,single observation,,both,adult,,,,,,,,,,,
,Sympetrum.danae Sympetrum danae Libellulidae Anisoptera,wing pigment extent discrete,,NA,,single observation,,both,adult,,,,,,,,,,,
PreservedSpecimen,Sympetrum.danae Sympetrum danae Libellulidae Anisoptera,wing pigment extent continuous,,NA,,single observation,,both,adult,,,,,,,,,,,
,Sympetrum.danae Sympetrum danae Libellulidae Anisoptera,wing pigment symmetry,,symmetric pigment,,single observation,,both,adult,,,,,,,,,,,
,Sympetrum.danae Sympetrum danae Libellulidae Anisoptera,wing pigment color,,brown,,single observation,,both,adult,,,,,,,,,,,
,Sympetrum.danae Sympetrum danae Libellulidae Anisoptera,wing pigment placement,,NA,,single observation,,both,adult,,,,,,,,,,,
HumanObservation,Sympetrum.danae Sympetrum danae Libellulidae Anisoptera,Flight season start,,9.08,,single observation,,both,adult,,,,,,,,,,,
,Sympetrum.danae Sympetrum danae Libellulidae Anisoptera,Flight season end,,9.2,,single observation,,both,adult,,,,,,,,,,,
PreservedSpecimen,Sympetrum.danae Sympetrum danae Libellulidae Anisoptera,body colors,Odonate Phenotypic Database (http://www.odonatephenotypicdatabase.org),black,,single observation,,both,adult,,,,,,,,,,,
PreservedSpecimen,Sympetrum.danae Sympetrum danae Libellulidae Anisoptera,body colortypes,Odonate Phenotypic Database (http://www.odonatephenotypicdatabase.org),pigment,,single observation,,both,adult,,,,,,,,,,,
PreservedSpecimen,Sympetrum.danae Sympetrum danae Libellulidae Anisoptera,body patterns,Odonate Phenotypic Database (http://www.odonatephenotypicdatabase.org),plain,,single observation,,both,adult,,,,,,,,,,,
,Sympetrum.danae Sympetrum danae Libellulidae Anisoptera,mate guarding,,contact,,single observation,,both,adult,,,,,,,,,,,
Occurrence,Sympetrum.danae Sympetrum danae Libellulidae Anisoptera,flight mode,,percher,,single observation,,both,adult,,,,,,,,,,,
HumanObservation,Sympetrum.danae Sympetrum danae Libellulidae Anisoptera,territoriality,,non-territorial,,single observation,,both,adult,,,,,,,,,,,
HumanObservation,Sympetrum.danae Sympetrum danae Libellulidae Anisoptera,aquatic habitats,,lake,,single observation,,both,adult,,,,,,,,,,,
HumanObservation,Sympetrum.danae Sympetrum danae Libellulidae Anisoptera,habitat openness,,semi,,single observation,,both,adult,,,,,,,,,,,
PreservedSpecimen,Sympetrum.danae Sympetrum danae Libellulidae Anisoptera,body lengths,Data extraction from the Odonate Phenotypic Database (http://www.odonatephenotypicdatabase.org),31.5,,single observation,,both,adult,,,,,,,,,,,
PreservedSpecimen,Sympetrum.danae Sympetrum danae Libellulidae Anisoptera,hindwing lengths,Odonate Phenotypic Database (http://www.odonatephenotypicdatabase.org),25,,single observation,,both,adult,,,,,,,,,,,
PreservedSpecimen,Sympetrum.danae Sympetrum danae Libellulidae Anisoptera,has wing pigment,Retrieval from the Odonate Phenotypic Database (http://www.odonatephenotypicdatabase.org),yes,,single observation,,both,adult,,,,,,,,,,,
,Sympetrum.danae Sympetrum danae Libellulidae Anisoptera,wing pigment extent discrete,,NA,,single observation,,both,adult,,,,,,,,,,,
PreservedSpecimen,Sympetrum.danae Sympetrum danae Libellulidae Anisoptera,wing pigment extent continuous,,NA,,single observation,,both,adult,,,,,,,,,,,
,Sympetrum.danae Sympetrum danae Libellulidae Anisoptera,wing pigment symmetry,,symmetric pigment,,single observation,,both,adult,,,,,,,,,,,
,Sympetrum.danae Sympetrum danae Libellulidae Anisoptera,wing pigment color,,brown,,single observation,,both,adult,,,,,,,,,,,
,Sympetrum.danae Sympetrum danae Libellulidae Anisoptera,wing pigment placement,,NA,,single observation,,both,adult,,,,,,,,,,,
HumanObservation,Sympetrum.internum Sympetrum internum Libellulidae Anisoptera,Flight season start,,14/7,,single observation,,both,adult,,,,,,,,,,,
,Sympetrum.internum Sympetrum internum Libellulidae Anisoptera,Flight season end,,10/12,,single observation,,both,adult,,,,,,,,,,,
PreservedSpecimen,Sympetrum.internum Sympetrum internum Libellulidae Anisoptera,body colors,Odonate Phenotypic Database (http://www.odonatephenotypicdatabase.org),black,,single observation,,both,adult,,,,,,,,,,,
PreservedSpecimen,Sympetrum.internum Sympetrum internum Libellulidae Anisoptera,body colortypes,Odonate Phenotypic Database (http://www.odonatephenotypicdatabase.org),pigment,,single observation,,both,adult,,,,,,,,,,,
PreservedSpecimen,Sympetrum.internum Sympetrum internum Libellulidae Anisoptera,body patterns,Odonate Phenotypic Database (http://www.odonatephenotypicdatabase.org),plain,,single observation,,both,adult,,,,,,,,,,,
,Sympetrum.internum Sympetrum internum Libellulidae Anisoptera,mate guarding,,contact,,single observation,,both,adult,,,,,,,,,,,
Occurrence,Sympetrum.internum Sympetrum internum Libellulidae Anisoptera,flight mode,,percher,,single observation,,both,adult,,,,,,,,,,,
HumanObservation,Sympetrum.internum Sympetrum internum Libellulidae Anisoptera,territoriality,,territorial,,single observation,,both,adult,,,,,,,,,,,
HumanObservation,Sympetrum.internum Sympetrum internum Libellulidae Anisoptera,aquatic habitats,,ephemeral,,single observation,,both,adult,,,,,,,,,,,
HumanObservation,Sympetrum.internum Sympetrum internum Libellulidae Anisoptera,habitat openness,,semi,,single observation,,both,adult,,,,,,,,,,,
PreservedSpecimen,Sympetrum.internum Sympetrum internum Libellulidae Anisoptera,body lengths,Data extraction from the Odonate Phenotypic Database (http://www.odonatephenotypicdatabase.org),33.5,,single observation,,both,adult,,,,,,,,,,,
PreservedSpecimen,Sympetrum.internum Sympetrum internum Libellulidae Anisoptera,hindwing lengths,Odonate Phenotypic Database (http://www.odonatephenotypicdatabase.org),25.5,,single observation,,both,adult,,,,,,,,,,,
PreservedSpecimen,Sympetrum.internum Sympetrum internum Libellulidae Anisoptera,has wing pigment,Retrieval from the Odonate Phenotypic Database (http://www.odonatephenotypicdatabase.org),no,,single observation,,both,adult,,,,,,,,,,,
,Sympetrum.internum Sympetrum internum Libellulidae Anisoptera,wing pigment extent discrete,,NA,,single observation,,both,adult,,,,,,,,,,,
PreservedSpecimen,Sympetrum.internum Sympetrum internum Libellulidae Anisoptera,wing pigment extent continuous,,NA,,single observation,,both,adult,,,,,,,,,,,
,Sympetrum.internum Sympetrum internum Libellulidae Anisoptera,wing pigment symmetry,,NA,,single observation,,both,adult,,,,,,,,,,,
,Sympetrum.internum Sympetrum internum Libellulidae Anisoptera,wing pigment color,,NA,,single observation,,both,adult,,,,,,,,,,,
,Sympetrum.internum Sympetrum internum Libellulidae Anisoptera,wing pigment placement,,NA,,single observation,,both,adult,,,,,,,,,,,
HumanObservation,Sympetrum.internum Sympetrum internum Libellulidae Anisoptera,Flight season start,,7.14,,single observation,,both,adult,,,,,,,,,,,
,Sympetrum.internum Sympetrum internum Libellulidae Anisoptera,Flight season end,,12.1,,single observation,,both,adult,,,,,,,,,,,
PreservedSpecimen,Sympetrum.internum Sympetrum internum Libellulidae Anisoptera,body colors,Odonate Phenotypic Database (http://www.odonatephenotypicdatabase.org),black,,single observation,,both,adult,,,,,,,,,,,
PreservedSpecimen,Sympetrum.internum Sympetrum internum Libellulidae Anisoptera,body colortypes,Odonate Phenotypic Database (http://www.odonatephenotypicdatabase.org),pigment,,single observation,,both,adult,,,,,,,,,,,
PreservedSpecimen,Sympetrum.internum Sympetrum internum Libellulidae Anisoptera,body patterns,Odonate Phenotypic Database (http://www.odonatephenotypicdatabase.org),plain,,single observation,,both,adult,,,,,,,,,,,
,Sympetrum.internum Sympetrum internum Libellulidae Anisoptera,mate guarding,,contact,,single observation,,both,adult,,,,,,,,,,,
Occurrence,Sympetrum.internum Sympetrum internum Libellulidae Anisoptera,flight mode,,percher,,single observation,,both,adult,,,,,,,,,,,
HumanObservation,Sympetrum.internum Sympetrum internum Libellulidae Anisoptera,territoriality,,territorial,,single observation,,both,adult,,,,,,,,,,,
HumanObservation,Sympetrum.internum Sympetrum internum Libellulidae Anisoptera,aquatic habitats,,ephemeral,,single observation,,both,adult,,,,,,,,,,,
HumanObservation,Sympetrum.internum Sympetrum internum Libellulidae Anisoptera,habitat openness,,semi,,single observation,,both,adult,,,,,,,,,,,
PreservedSpecimen,Sympetrum.internum Sympetrum internum Libellulidae Anisoptera,body lengths,Data extraction from the Odonate Phenotypic Database (http://www.odonatephenotypicdatabase.org),33.5,,single observation,,both,adult,,,,,,,,,,,
PreservedSpecimen,Sympetrum.internum Sympetrum internum Libellulidae Anisoptera,hindwing lengths,Odonate Phenotypic Database (http://www.odonatephenotypicdatabase.org),25.5,,single observation,,both,adult,,,,,,,,,,,
PreservedSpecimen,Sympetrum.internum Sympetrum internum Libellulidae Anisoptera,has wing pigment,Retrieval from the Odonate Phenotypic Database (http://www.odonatephenotypicdatabase.org),no,,single observation,,both,adult,,,,,,,,,,,
,Sympetrum.internum Sympetrum internum Libellulidae Anisoptera,wing pigment extent discrete,,NA,,single observation,,both,adult,,,,,,,,,,,
PreservedSpecimen,Sympetrum.internum Sympetrum internum Libellulidae Anisoptera,wing pigment extent continuous,,NA,,single observation,,both,adult,,,,,,,,,,,
,Sympetrum.internum Sympetrum internum Libellulidae Anisoptera,wing pigment symmetry,,NA,,single observation,,both,adult,,,,,,,,,,,
,Sympetrum.internum Sympetrum internum Libellulidae Anisoptera,wing pigment color,,NA,,single observation,,both,adult,,,,,,,,,,,
,Sympetrum.internum Sympetrum internum Libellulidae Anisoptera,wing pigment placement,,NA,,single observation,,both,adult,,,,,,,,,,,
HumanObservation,Sympetrum.obtrusum Sympetrum obtrusum Libellulidae Anisoptera,Flight season start,,7/5,,single observation,,both,adult,,,,,,,,,,,
,Sympetrum.obtrusum Sympetrum obtrusum Libellulidae Anisoptera,Flight season end,,10/3,,single observation,,both,adult,,,,,,,,,,,
PreservedSpecimen,Sympetrum.obtrusum Sympetrum obtrusum Libellulidae Anisoptera,body colors,Odonate Phenotypic Database (http://www.odonatephenotypicdatabase.org),black,,single observation,,both,adult,,,,,,,,,,,
PreservedSpecimen,Sympetrum.obtrusum Sympetrum obtrusum Libellulidae Anisoptera,body colortypes,Odonate Phenotypic Database (http://www.odonatephenotypicdatabase.org),pigment,,single observation,,both,adult,,,,,,,,,,,
PreservedSpecimen,Sympetrum.obtrusum Sympetrum obtrusum Libellulidae Anisoptera,body patterns,Odonate Phenotypic Database (http://www.odonatephenotypicdatabase.org),spotted,,single observation,,both,adult,,,,,,,,,,,
,Sympetrum.obtrusum Sympetrum obtrusum Libellulidae Anisoptera,mate guarding,,noncontact,,single observation,,both,adult,,,,,,,,,,,
Occurrence,Sympetrum.obtrusum Sympetrum obtrusum Libellulidae Anisoptera,flight mode,,percher,,single observation,,both,adult,,,,,,,,,,,
HumanObservation,Sympetrum.obtrusum Sympetrum obtrusum Libellulidae Anisoptera,territoriality,,NA,,single observation,,both,adult,,,,,,,,,,,
HumanObservation,Sympetrum.obtrusum Sympetrum obtrusum Libellulidae Anisoptera,aquatic habitats,,ephemeral,,single observation,,both,adult,,,,,,,,,,,
HumanObservation,Sympetrum.obtrusum Sympetrum obtrusum Libellulidae Anisoptera,habitat openness,,closed,,single observation,,both,adult,,,,,,,,,,,
PreservedSpecimen,Sympetrum.obtrusum Sympetrum obtrusum Libellulidae Anisoptera,body lengths,Data extraction from the Odonate Phenotypic Database (http://www.odonatephenotypicdatabase.org),35,,single observation,,both,adult,,,,,,,,,,,
PreservedSpecimen,Sympetrum.obtrusum Sympetrum obtrusum Libellulidae Anisoptera,hindwing lengths,Odonate Phenotypic Database (http://www.odonatephenotypicdatabase.org),24.5,,single observation,,both,adult,,,,,,,,,,,
PreservedSpecimen,Sympetrum.obtrusum Sympetrum obtrusum Libellulidae Anisoptera,has wing pigment,Retrieval from the Odonate Phenotypic Database (http://www.odonatephenotypicdatabase.org),no,,single observation,,both,adult,,,,,,,,,,,
,Sympetrum.obtrusum Sympetrum obtrusum Libellulidae Anisoptera,wing pigment extent discrete,,NA,,single observation,,both,adult,,,,,,,,,,,
PreservedSpecimen,Sympetrum.obtrusum Sympetrum obtrusum Libellulidae Anisoptera,wing pigment extent continuous,,NA,,single observation,,both,adult,,,,,,,,,,,
,Sympetrum.obtrusum Sympetrum obtrusum Libellulidae Anisoptera,wing pigment symmetry,,NA,,single observation,,both,adult,,,,,,,,,,,
,Sympetrum.obtrusum Sympetrum obtrusum Libellulidae Anisoptera,wing pigment color,,NA,,single observation,,both,adult,,,,,,,,,,,
,Sympetrum.obtrusum Sympetrum obtrusum Libellulidae Anisoptera,wing pigment placement,,NA,,single observation,,both,adult,,,,,,,,,,,
HumanObservation,Sympetrum.obtrusum Sympetrum obtrusum Libellulidae Anisoptera,Flight season start,,5.07,,single observation,,both,adult,,,,,,,,,,,
,Sympetrum.obtrusum Sympetrum obtrusum Libellulidae Anisoptera,Flight season end,,3.1,,single observation,,both,adult,,,,,,,,,,,
PreservedSpecimen,Sympetrum.obtrusum Sympetrum obtrusum Libellulidae Anisoptera,body colors,Odonate Phenotypic Database (http://www.odonatephenotypicdatabase.org),black,,single observation,,both,adult,,,,,,,,,,,
PreservedSpecimen,Sympetrum.obtrusum Sympetrum obtrusum Libellulidae Anisoptera,body colortypes,Odonate Phenotypic Database (http://www.odonatephenotypicdatabase.org),pigment,,single observation,,both,adult,,,,,,,,,,,
PreservedSpecimen,Sympetrum.obtrusum Sympetrum obtrusum Libellulidae Anisoptera,body patterns,Odonate Phenotypic Database (http://www.odonatephenotypicdatabase.org),spotted,,single observation,,both,adult,,,,,,,,,,,
,Sympetrum.obtrusum Sympetrum obtrusum Libellulidae Anisoptera,mate guarding,,noncontact,,single observation,,both,adult,,,,,,,,,,,
Occurrence,Sympetrum.obtrusum Sympetrum obtrusum Libellulidae Anisoptera,flight mode,,percher,,single observation,,both,adult,,,,,,,,,,,
HumanObservation,Sympetrum.obtrusum Sympetrum obtrusum Libellulidae Anisoptera,territoriality,,NA,,single observation,,both,adult,,,,,,,,,,,
HumanObservation,Sympetrum.obtrusum Sympetrum obtrusum Libellulidae Anisoptera,aquatic habitats,,ephemeral,,single observation,,both,adult,,,,,,,,,,,
HumanObservation,Sympetrum.obtrusum Sympetrum obtrusum Libellulidae Anisoptera,habitat openness,,closed,,single observation,,both,adult,,,,,,,,,,,
PreservedSpecimen,Sympetrum.obtrusum Sympetrum obtrusum Libellulidae Anisoptera,body lengths,Data extraction from the Odonate Phenotypic Database (http://www.odonatephenotypicdatabase.org),35,,single observation,,both,adult,,,,,,,,,,,
PreservedSpecimen,Sympetrum.obtrusum Sympetrum obtrusum Libellulidae Anisoptera,hindwing lengths,Odonate Phenotypic Database (http://www.odonatephenotypicdatabase.org),24.5,,single observation,,both,adult,,,,,,,,,,,
PreservedSpecimen,Sympetrum.obtrusum Sympetrum obtrusum Libellulidae Anisoptera,has wing pigment,Retrieval from the Odonate Phenotypic Database (http://www.odonatephenotypicdatabase.org),no,,single observation,,both,adult,,,,,,,,,,,
,Sympetrum.obtrusum Sympetrum obtrusum Libellulidae Anisoptera,wing pigment extent discrete,,NA,,single observation,,both,adult,,,,,,,,,,,
PreservedSpecimen,Sympetrum.obtrusum Sympetrum obtrusum Libellulidae Anisoptera,wing pigment extent continuous,,NA,,single observation,,both,adult,,,,,,,,,,,
,Sympetrum.obtrusum Sympetrum obtrusum Libellulidae Anisoptera,wing pigment symmetry,,NA,,single observation,,both,adult,,,,,,,,,,,
,Sympetrum.obtrusum Sympetrum obtrusum Libellulidae Anisoptera,wing pigment color,,NA,,single observation,,both,adult,,,,,,,,,,,
,Sympetrum.obtrusum Sympetrum obtrusum Libellulidae Anisoptera,wing pigment placement,,NA,,single observation,,both,adult,,,,,,,,,,,
HumanObservation,Sympetrum.semicinctum Sympetrum semicinctum Libellulidae Anisoptera,Flight season start,,28/7,,single observation,,both,adult,,,,,,,,,,,
,Sympetrum.semicinctum Sympetrum semicinctum Libellulidae Anisoptera,Flight season end,,15/10,,single observation,,both,adult,,,,,,,,,,,
PreservedSpecimen,Sympetrum.semicinctum Sympetrum semicinctum Libellulidae Anisoptera,body colors,Odonate Phenotypic Database (http://www.odonatephenotypicdatabase.org),black,,single observation,,both,adult,,,,,,,,,,,
PreservedSpecimen,Sympetrum.semicinctum Sympetrum semicinctum Libellulidae Anisoptera,body colortypes,Odonate Phenotypic Database (http://www.odonatephenotypicdatabase.org),pigment,,single observation,,both,adult,,,,,,,,,,,
PreservedSpecimen,Sympetrum.semicinctum Sympetrum semicinctum Libellulidae Anisoptera,body patterns,Odonate Phenotypic Database (http://www.odonatephenotypicdatabase.org),striped,,single observation,,both,adult,,,,,,,,,,,
,Sympetrum.semicinctum Sympetrum semicinctum Libellulidae Anisoptera,mate guarding,,contact,,single observation,,both,adult,,,,,,,,,,,
Occurrence,Sympetrum.semicinctum Sympetrum semicinctum Libellulidae Anisoptera,flight mode,,flier,,single observation,,both,adult,,,,,,,,,,,
HumanObservation,Sympetrum.semicinctum Sympetrum semicinctum Libellulidae Anisoptera,territoriality,,NA,,single observation,,both,adult,,,,,,,,,,,
HumanObservation,Sympetrum.semicinctum Sympetrum semicinctum Libellulidae Anisoptera,aquatic habitats,,pond,,single observation,,both,adult,,,,,,,,,,,
HumanObservation,Sympetrum.semicinctum Sympetrum semicinctum Libellulidae Anisoptera,habitat openness,,open,,single observation,,both,adult,,,,,,,,,,,
PreservedSpecimen,Sympetrum.semicinctum Sympetrum semicinctum Libellulidae Anisoptera,body lengths,Data extraction from the Odonate Phenotypic Database (http://www.odonatephenotypicdatabase.org),34,,single observation,,both,adult,,,,,,,,,,,
PreservedSpecimen,Sympetrum.semicinctum Sympetrum semicinctum Libellulidae Anisoptera,hindwing lengths,Odonate Phenotypic Database (http://www.odonatephenotypicdatabase.org),25,,single observation,,both,adult,,,,,,,,,,,
PreservedSpecimen,Sympetrum.semicinctum Sympetrum semicinctum Libellulidae Anisoptera,has wing pigment,Retrieval from the Odonate Phenotypic Database (http://www.odonatephenotypicdatabase.org),yes,,single observation,,both,adult,,,,,,,,,,,
,Sympetrum.semicinctum Sympetrum semicinctum Libellulidae Anisoptera,wing pigment extent discrete,,50,,single observation,,both,adult,,,,,,,,,,,
PreservedSpecimen,Sympetrum.semicinctum Sympetrum semicinctum Libellulidae Anisoptera,wing pigment extent continuous,,0.56,,single observation,,both,adult,,,,,,,,,,,
,Sympetrum.semicinctum Sympetrum semicinctum Libellulidae Anisoptera,wing pigment symmetry,,symmetric pigment,,single observation,,both,adult,,,,,,,,,,,
,Sympetrum.semicinctum Sympetrum semicinctum Libellulidae Anisoptera,wing pigment color,,red,,single observation,,both,adult,,,,,,,,,,,
,Sympetrum.semicinctum Sympetrum semicinctum Libellulidae Anisoptera,wing pigment placement,,basal,,single observation,,both,adult,,,,,,,,,,,
HumanObservation,Sympetrum.semicinctum Sympetrum semicinctum Libellulidae Anisoptera,Flight season start,,7.28,,single observation,,both,adult,,,,,,,,,,,
,Sympetrum.semicinctum Sympetrum semicinctum Libellulidae Anisoptera,Flight season end,,10.15,,single observation,,both,adult,,,,,,,,,,,
PreservedSpecimen,Sympetrum.semicinctum Sympetrum semicinctum Libellulidae Anisoptera,body colors,Odonate Phenotypic Database (http://www.odonatephenotypicdatabase.org),black,,single observation,,both,adult,,,,,,,,,,,
PreservedSpecimen,Sympetrum.semicinctum Sympetrum semicinctum Libellulidae Anisoptera,body colortypes,Odonate Phenotypic Database (http://www.odonatephenotypicdatabase.org),pigment,,single observation,,both,adult,,,,,,,,,,,
PreservedSpecimen,Sympetrum.semicinctum Sympetrum semicinctum Libellulidae Anisoptera,body patterns,Odonate Phenotypic Database (http://www.odonatephenotypicdatabase.org),striped,,single observation,,both,adult,,,,,,,,,,,
,Sympetrum.semicinctum Sympetrum semicinctum Libellulidae Anisoptera,mate guarding,,contact,,single observation,,both,adult,,,,,,,,,,,
Occurrence,Sympetrum.semicinctum Sympetrum semicinctum Libellulidae Anisoptera,flight mode,,flier,,single observation,,both,adult,,,,,,,,,,,
HumanObservation,Sympetrum.semicinctum Sympetrum semicinctum Libellulidae Anisoptera,territoriality,,NA,,single observation,,both,adult,,,,,,,,,,,
HumanObservation,Sympetrum.semicinctum Sympetrum semicinctum Libellulidae Anisoptera,aquatic habitats,,pond,,single observation,,both,adult,,,,,,,,,,,
HumanObservation,Sympetrum.semicinctum Sympetrum semicinctum Libellulidae Anisoptera,habitat openness,,open,,single observation,,both,adult,,,,,,,,,,,
PreservedSpecimen,Sympetrum.semicinctum Sympetrum semicinctum Libellulidae Anisoptera,body lengths,Data extraction from the Odonate Phenotypic Database (http://www.odonatephenotypicdatabase.org),34,,single observation,,both,adult,,,,,,,,,,,
PreservedSpecimen,Sympetrum.semicinctum Sympetrum semicinctum Libellulidae Anisoptera,hindwing lengths,Odonate Phenotypic Database (http://www.odonatephenotypicdatabase.org),25,,single observation,,both,adult,,,,,,,,,,,
PreservedSpecimen,Sympetrum.semicinctum Sympetrum semicinctum Libellulidae Anisoptera,has wing pigment,Retrieval from the Odonate Phenotypic Database (http://www.odonatephenotypicdatabase.org),yes,,single observation,,both,adult,,,,,,,,,,,
,Sympetrum.semicinctum Sympetrum semicinctum Libellulidae Anisoptera,wing pigment extent discrete,,50,,single observation,,both,adult,,,,,,,,,,,
PreservedSpecimen,Sympetrum.semicinctum Sympetrum semicinctum Libellulidae Anisoptera,wing pigment extent continuous,,0.56,,single observation,,both,adult,,,,,,,,,,,
,Sympetrum.semicinctum Sympetrum semicinctum Libellulidae Anisoptera,wing pigment symmetry,,symmetric pigment,,single observation,,both,adult,,,,,,,,,,,
,Sympetrum.semicinctum Sympetrum semicinctum Libellulidae Anisoptera,wing pigment color,,red,,single observation,,both,adult,,,,,,,,,,,
,Sympetrum.semicinctum Sympetrum semicinctum Libellulidae Anisoptera,wing pigment placement,,basal,,single observation,,both,adult,,,,,,,,,,,
HumanObservation,Sympetrum.vicinum Sympetrum vicinum Libellulidae Anisoptera,Flight season start,,7/5,,single observation,,both,adult,,,,,,,,,,,
,Sympetrum.vicinum Sympetrum vicinum Libellulidae Anisoptera,Flight season end,,26/11,,single observation,,both,adult,,,,,,,,,,,
PreservedSpecimen,Sympetrum.vicinum Sympetrum vicinum Libellulidae Anisoptera,body colors,Odonate Phenotypic Database (http://www.odonatephenotypicdatabase.org),black,,single observation,,both,adult,,,,,,,,,,,
PreservedSpecimen,Sympetrum.vicinum Sympetrum vicinum Libellulidae Anisoptera,body colortypes,Odonate Phenotypic Database (http://www.odonatephenotypicdatabase.org),pigment,,single observation,,both,adult,,,,,,,,,,,
PreservedSpecimen,Sympetrum.vicinum Sympetrum vicinum Libellulidae Anisoptera,body patterns,Odonate Phenotypic Database (http://www.odonatephenotypicdatabase.org),plain,,single observation,,both,adult,,,,,,,,,,,
,Sympetrum.vicinum Sympetrum vicinum Libellulidae Anisoptera,mate guarding,,contact,,single observation,,both,adult,,,,,,,,,,,
Occurrence,Sympetrum.vicinum Sympetrum vicinum Libellulidae Anisoptera,flight mode,,percher,,single observation,,both,adult,,,,,,,,,,,
HumanObservation,Sympetrum.vicinum Sympetrum vicinum Libellulidae Anisoptera,territoriality,,non-territorial,,single observation,,both,adult,,,,,,,,,,,
HumanObservation,Sympetrum.vicinum Sympetrum vicinum Libellulidae Anisoptera,aquatic habitats,,lake,,single observation,,both,adult,,,,,,,,,,,
HumanObservation,Sympetrum.vicinum Sympetrum vicinum Libellulidae Anisoptera,habitat openness,,closed,,single observation,,both,adult,,,,,,,,,,,
PreservedSpecimen,Sympetrum.vicinum Sympetrum vicinum Libellulidae Anisoptera,body lengths,Data extraction from the Odonate Phenotypic Database (http://www.odonatephenotypicdatabase.org),33,,single observation,,both,adult,,,,,,,,,,,
PreservedSpecimen,Sympetrum.vicinum Sympetrum vicinum Libellulidae Anisoptera,hindwing lengths,Odonate Phenotypic Database (http://www.odonatephenotypicdatabase.org),22,,single observation,,both,adult,,,,,,,,,,,
PreservedSpecimen,Sympetrum.vicinum Sympetrum vicinum Libellulidae Anisoptera,has wing pigment,Retrieval from the Odonate Phenotypic Database (http://www.odonatephenotypicdatabase.org),no,,single observation,,both,adult,,,,,,,,,,,
,Sympetrum.vicinum Sympetrum vicinum Libellulidae Anisoptera,wing pigment extent discrete,,NA,,single observation,,both,adult,,,,,,,,,,,
PreservedSpecimen,Sympetrum.vicinum Sympetrum vicinum Libellulidae Anisoptera,wing pigment extent continuous,,NA,,single observation,,both,adult,,,,,,,,,,,
,Sympetrum.vicinum Sympetrum vicinum Libellulidae Anisoptera,wing pigment symmetry,,NA,,single observation,,both,adult,,,,,,,,,,,
,Sympetrum.vicinum Sympetrum vicinum Libellulidae Anisoptera,wing pigment color,,NA,,single observation,,both,adult,,,,,,,,,,,
,Sympetrum.vicinum Sympetrum vicinum Libellulidae Anisoptera,wing pigment placement,,NA,,single observation,,both,adult,,,,,,,,,,,
HumanObservation,Sympetrum.vicinum Sympetrum vicinum Libellulidae Anisoptera,Flight season start,,5.07,,single observation,,both,adult,,,,,,,,,,,
,Sympetrum.vicinum Sympetrum vicinum Libellulidae Anisoptera,Flight season end,,11.26,,single observation,,both,adult,,,,,,,,,,,
PreservedSpecimen,Sympetrum.vicinum Sympetrum vicinum Libellulidae Anisoptera,body colors,Odonate Phenotypic Database (http://www.odonatephenotypicdatabase.org),black,,single observation,,both,adult,,,,,,,,,,,
PreservedSpecimen,Sympetrum.vicinum Sympetrum vicinum Libellulidae Anisoptera,body colortypes,Odonate Phenotypic Database (http://www.odonatephenotypicdatabase.org),pigment,,single observation,,both,adult,,,,,,,,,,,
PreservedSpecimen,Sympetrum.vicinum Sympetrum vicinum Libellulidae Anisoptera,body patterns,Odonate Phenotypic Database (http://www.odonatephenotypicdatabase.org),plain,,single observation,,both,adult,,,,,,,,,,,
,Sympetrum.vicinum Sympetrum vicinum Libellulidae Anisoptera,mate guarding,,contact,,single observation,,both,adult,,,,,,,,,,,
Occurrence,Sympetrum.vicinum Sympetrum vicinum Libellulidae Anisoptera,flight mode,,percher,,single observation,,both,adult,,,,,,,,,,,
HumanObservation,Sympetrum.vicinum Sympetrum vicinum Libellulidae Anisoptera,territoriality,,non-territorial,,single observation,,both,adult,,,,,,,,,,,
HumanObservation,Sympetrum.vicinum Sympetrum vicinum Libellulidae Anisoptera,aquatic habitats,,lake,,single observation,,both,adult,,,,,,,,,,,
HumanObservation,Sympetrum.vicinum Sympetrum vicinum Libellulidae Anisoptera,habitat openness,,closed,,single observation,,both,adult,,,,,,,,,,,
PreservedSpecimen,Sympetrum.vicinum Sympetrum vicinum Libellulidae Anisoptera,body lengths,Data extraction from the Odonate Phenotypic Database (http://www.odonatephenotypicdatabase.org),33,,single observation,,both,adult,,,,,,,,,,,
PreservedSpecimen,Sympetrum.vicinum Sympetrum vicinum Libellulidae Anisoptera,hindwing lengths,Odonate Phenotypic Database (http://www.odonatephenotypicdatabase.org),22,,single observation,,both,adult,,,,,,,,,,,
PreservedSpecimen,Sympetrum.vicinum Sympetrum vicinum Libellulidae Anisoptera,has wing pigment,Retrieval from the Odonate Phenotypic Database (http://www.odonatephenotypicdatabase.org),no,,single observation,,both,adult,,,,,,,,,,,
,Sympetrum.vicinum Sympetrum vicinum Libellulidae Anisoptera,wing pigment extent discrete,,NA,,single observation,,both,adult,,,,,,,,,,,
PreservedSpecimen,Sympetrum.vicinum Sympetrum vicinum Libellulidae Anisoptera,wing pigment extent continuous,,NA,,single observation,,both,adult,,,,,,,,,,,
,Sympetrum.vicinum Sympetrum vicinum Libellulidae Anisoptera,wing pigment symmetry,,NA,,single observation,,both,adult,,,,,,,,,,,
,Sympetrum.vicinum Sympetrum vicinum Libellulidae Anisoptera,wing pigment color,,NA,,single observation,,both,adult,,,,,,,,,,,
,Sympetrum.vicinum Sympetrum vicinum Libellulidae Anisoptera,wing pigment placement,,NA,,single observation,,both,adult,,,,,,,,,,,
HumanObservation,Tramea.carolina Tramea carolina Libellulidae Anisoptera,Flight season start,,23/7,,single observation,,both,adult,,,,,,,,,,,
,Tramea.carolina Tramea carolina Libellulidae Anisoptera,Flight season end,,8/6,,single observation,,both,adult,,,,,,,,,,,
PreservedSpecimen,Tramea.carolina Tramea carolina Libellulidae Anisoptera,body colors,Odonate Phenotypic Database (http://www.odonatephenotypicdatabase.org),black,,single observation,,both,adult,,,,,,,,,,,
PreservedSpecimen,Tramea.carolina Tramea carolina Libellulidae Anisoptera,body colortypes,Odonate Phenotypic Database (http://www.odonatephenotypicdatabase.org),pigment,,single observation,,both,adult,,,,,,,,,,,
PreservedSpecimen,Tramea.carolina Tramea carolina Libellulidae Anisoptera,body patterns,Odonate Phenotypic Database (http://www.odonatephenotypicdatabase.org),plain,,single observation,,both,adult,,,,,,,,,,,
,Tramea.carolina Tramea carolina Libellulidae Anisoptera,mate guarding,,noncontact,,single observation,,both,adult,,,,,,,,,,,
Occurrence,Tramea.carolina Tramea carolina Libellulidae Anisoptera,flight mode,,flier,,single observation,,both,adult,,,,,,,,,,,
HumanObservation,Tramea.carolina Tramea carolina Libellulidae Anisoptera,territoriality,,NA,,single observation,,both,adult,,,,,,,,,,,
HumanObservation,Tramea.carolina Tramea carolina Libellulidae Anisoptera,aquatic habitats,,lake,,single observation,,both,adult,,,,,,,,,,,
HumanObservation,Tramea.carolina Tramea carolina Libellulidae Anisoptera,habitat openness,,NA,,single observation,,both,adult,,,,,,,,,,,
PreservedSpecimen,Tramea.carolina Tramea carolina Libellulidae Anisoptera,body lengths,Data extraction from the Odonate Phenotypic Database (http://www.odonatephenotypicdatabase.org),50.5,,single observation,,both,adult,,,,,,,,,,,
PreservedSpecimen,Tramea.carolina Tramea carolina Libellulidae Anisoptera,hindwing lengths,Odonate Phenotypic Database (http://www.odonatephenotypicdatabase.org),44.5,,single observation,,both,adult,,,,,,,,,,,
PreservedSpecimen,Tramea.carolina Tramea carolina Libellulidae Anisoptera,has wing pigment,Retrieval from the Odonate Phenotypic Database (http://www.odonatephenotypicdatabase.org),yes,,single observation,,both,adult,,,,,,,,,,,
,Tramea.carolina Tramea carolina Libellulidae Anisoptera,wing pigment extent discrete,,50,,single observation,,both,adult,,,,,,,,,,,
PreservedSpecimen,Tramea.carolina Tramea carolina Libellulidae Anisoptera,wing pigment extent continuous,,0.36,,single observation,,both,adult,,,,,,,,,,,
,Tramea.carolina Tramea carolina Libellulidae Anisoptera,wing pigment symmetry,,hindwing more pigment,,single observation,,both,adult,,,,,,,,,,,
,Tramea.carolina Tramea carolina Libellulidae Anisoptera,wing pigment color,,brown,,single observation,,both,adult,,,,,,,,,,,
,Tramea.carolina Tramea carolina Libellulidae Anisoptera,wing pigment placement,,basal,,single observation,,both,adult,,,,,,,,,,,
HumanObservation,Tramea.carolina Tramea carolina Libellulidae Anisoptera,Flight season start,,7.23,,single observation,,both,adult,,,,,,,,,,,
,Tramea.carolina Tramea carolina Libellulidae Anisoptera,Flight season end,,6.08,,single observation,,both,adult,,,,,,,,,,,
PreservedSpecimen,Tramea.carolina Tramea carolina Libellulidae Anisoptera,body colors,Odonate Phenotypic Database (http://www.odonatephenotypicdatabase.org),black,,single observation,,both,adult,,,,,,,,,,,
PreservedSpecimen,Tramea.carolina Tramea carolina Libellulidae Anisoptera,body colortypes,Odonate Phenotypic Database (http://www.odonatephenotypicdatabase.org),pigment,,single observation,,both,adult,,,,,,,,,,,
PreservedSpecimen,Tramea.carolina Tramea carolina Libellulidae Anisoptera,body patterns,Odonate Phenotypic Database (http://www.odonatephenotypicdatabase.org),plain,,single observation,,both,adult,,,,,,,,,,,
,Tramea.carolina Tramea carolina Libellulidae Anisoptera,mate guarding,,noncontact,,single observation,,both,adult,,,,,,,,,,,
Occurrence,Tramea.carolina Tramea carolina Libellulidae Anisoptera,flight mode,,flier,,single observation,,both,adult,,,,,,,,,,,
HumanObservation,Tramea.carolina Tramea carolina Libellulidae Anisoptera,territoriality,,NA,,single observation,,both,adult,,,,,,,,,,,
HumanObservation,Tramea.carolina Tramea carolina Libellulidae Anisoptera,aquatic habitats,,lake,,single observation,,both,adult,,,,,,,,,,,
HumanObservation,Tramea.carolina Tramea carolina Libellulidae Anisoptera,habitat openness,,NA,,single observation,,both,adult,,,,,,,,,,,
PreservedSpecimen,Tramea.carolina Tramea carolina Libellulidae Anisoptera,body lengths,Data extraction from the Odonate Phenotypic Database (http://www.odonatephenotypicdatabase.org),50.5,,single observation,,both,adult,,,,,,,,,,,
PreservedSpecimen,Tramea.carolina Tramea carolina Libellulidae Anisoptera,hindwing lengths,Odonate Phenotypic Database (http://www.odonatephenotypicdatabase.org),44.5,,single observation,,both,adult,,,,,,,,,,,
PreservedSpecimen,Tramea.carolina Tramea carolina Libellulidae Anisoptera,has wing pigment,Retrieval from the Odonate Phenotypic Database (http://www.odonatephenotypicdatabase.org),yes,,single observation,,both,adult,,,,,,,,,,,
,Tramea.carolina Tramea carolina Libellulidae Anisoptera,wing pigment extent discrete,,50,,single observation,,both,adult,,,,,,,,,,,
PreservedSpecimen,Tramea.carolina Tramea carolina Libellulidae Anisoptera,wing pigment extent continuous,,0.36,,single observation,,both,adult,,,,,,,,,,,
,Tramea.carolina Tramea carolina Libellulidae Anisoptera,wing pigment symmetry,,hindwing more pigment,,single observation,,both,adult,,,,,,,,,,,
,Tramea.carolina Tramea carolina Libellulidae Anisoptera,wing pigment color,,brown,,single observation,,both,adult,,,,,,,,,,,
,Tramea.carolina Tramea carolina Libellulidae Anisoptera,wing pigment placement,,basal,,single observation,,both,adult,,,,,,,,,,,
HumanObservation,Tramea.lacerata Tramea lacerata Libellulidae Anisoptera,Flight season start,,7/11,,single observation,,both,adult,,,,,,,,,,,
,Tramea.lacerata Tramea lacerata Libellulidae Anisoptera,Flight season end,,10/5,,single observation,,both,adult,,,,,,,,,,,
PreservedSpecimen,Tramea.lacerata Tramea lacerata Libellulidae Anisoptera,body colors,Odonate Phenotypic Database (http://www.odonatephenotypicdatabase.org),black,,single observation,,both,adult,,,,,,,,,,,
PreservedSpecimen,Tramea.lacerata Tramea lacerata Libellulidae Anisoptera,body colortypes,Odonate Phenotypic Database (http://www.odonatephenotypicdatabase.org),pigment,,single observation,,both,adult,,,,,,,,,,,
PreservedSpecimen,Tramea.lacerata Tramea lacerata Libellulidae Anisoptera,body patterns,Odonate Phenotypic Database (http://www.odonatephenotypicdatabase.org),plain,,single observation,,both,adult,,,,,,,,,,,
,Tramea.lacerata Tramea lacerata Libellulidae Anisoptera,mate guarding,,noncontact,,single observation,,both,adult,,,,,,,,,,,
Occurrence,Tramea.lacerata Tramea lacerata Libellulidae Anisoptera,flight mode,,flier,,single observation,,both,adult,,,,,,,,,,,
HumanObservation,Tramea.lacerata Tramea lacerata Libellulidae Anisoptera,territoriality,,territorial,,single observation,,both,adult,,,,,,,,,,,
HumanObservation,Tramea.lacerata Tramea lacerata Libellulidae Anisoptera,aquatic habitats,,lake,,single observation,,both,adult,,,,,,,,,,,
HumanObservation,Tramea.lacerata Tramea lacerata Libellulidae Anisoptera,habitat openness,,NA,,single observation,,both,adult,,,,,,,,,,,
PreservedSpecimen,Tramea.lacerata Tramea lacerata Libellulidae Anisoptera,body lengths,Data extraction from the Odonate Phenotypic Database (http://www.odonatephenotypicdatabase.org),53,,single observation,,both,adult,,,,,,,,,,,
PreservedSpecimen,Tramea.lacerata Tramea lacerata Libellulidae Anisoptera,hindwing lengths,Odonate Phenotypic Database (http://www.odonatephenotypicdatabase.org),46,,single observation,,both,adult,,,,,,,,,,,
PreservedSpecimen,Tramea.lacerata Tramea lacerata Libellulidae Anisoptera,has wing pigment,Retrieval from the Odonate Phenotypic Database (http://www.odonatephenotypicdatabase.org),yes,,single observation,,both,adult,,,,,,,,,,,
,Tramea.lacerata Tramea lacerata Libellulidae Anisoptera,wing pigment extent discrete,,25,,single observation,,both,adult,,,,,,,,,,,
PreservedSpecimen,Tramea.lacerata Tramea lacerata Libellulidae Anisoptera,wing pigment extent continuous,,0.22,,single observation,,both,adult,,,,,,,,,,,
,Tramea.lacerata Tramea lacerata Libellulidae Anisoptera,wing pigment symmetry,,hindwing more pigment,,single observation,,both,adult,,,,,,,,,,,
,Tramea.lacerata Tramea lacerata Libellulidae Anisoptera,wing pigment color,,black,,single observation,,both,adult,,,,,,,,,,,
,Tramea.lacerata Tramea lacerata Libellulidae Anisoptera,wing pigment placement,,basal,,single observation,,both,adult,,,,,,,,,,,
HumanObservation,Tramea.lacerata Tramea lacerata Libellulidae Anisoptera,Flight season start,,11.07,,single observation,,both,adult,,,,,,,,,,,
,Tramea.lacerata Tramea lacerata Libellulidae Anisoptera,Flight season end,,5.1,,single observation,,both,adult,,,,,,,,,,,
PreservedSpecimen,Tramea.lacerata Tramea lacerata Libellulidae Anisoptera,body colors,Odonate Phenotypic Database (http://www.odonatephenotypicdatabase.org),black,,single observation,,both,adult,,,,,,,,,,,
PreservedSpecimen,Tramea.lacerata Tramea lacerata Libellulidae Anisoptera,body colortypes,Odonate Phenotypic Database (http://www.odonatephenotypicdatabase.org),pigment,,single observation,,both,adult,,,,,,,,,,,
PreservedSpecimen,Tramea.lacerata Tramea lacerata Libellulidae Anisoptera,body patterns,Odonate Phenotypic Database (http://www.odonatephenotypicdatabase.org),plain,,single observation,,both,adult,,,,,,,,,,,
,Tramea.lacerata Tramea lacerata Libellulidae Anisoptera,mate guarding,,noncontact,,single observation,,both,adult,,,,,,,,,,,
Occurrence,Tramea.lacerata Tramea lacerata Libellulidae Anisoptera,flight mode,,flier,,single observation,,both,adult,,,,,,,,,,,
HumanObservation,Tramea.lacerata Tramea lacerata Libellulidae Anisoptera,territoriality,,territorial,,single observation,,both,adult,,,,,,,,,,,
HumanObservation,Tramea.lacerata Tramea lacerata Libellulidae Anisoptera,aquatic habitats,,lake,,single observation,,both,adult,,,,,,,,,,,
HumanObservation,Tramea.lacerata Tramea lacerata Libellulidae Anisoptera,habitat openness,,NA,,single observation,,both,adult,,,,,,,,,,,
PreservedSpecimen,Tramea.lacerata Tramea lacerata Libellulidae Anisoptera,body lengths,Data extraction from the Odonate Phenotypic Database (http://www.odonatephenotypicdatabase.org),53,,single observation,,both,adult,,,,,,,,,,,
PreservedSpecimen,Tramea.lacerata Tramea lacerata Libellulidae Anisoptera,hindwing lengths,Odonate Phenotypic Database (http://www.odonatephenotypicdatabase.org),46,,single observation,,both,adult,,,,,,,,,,,
PreservedSpecimen,Tramea.lacerata Tramea lacerata Libellulidae Anisoptera,has wing pigment,Retrieval from the Odonate Phenotypic Database (http://www.odonatephenotypicdatabase.org),yes,,single observation,,both,adult,,,,,,,,,,,
,Tramea.lacerata Tramea lacerata Libellulidae Anisoptera,wing pigment extent discrete,,25,,single observation,,both,adult,,,,,,,,,,,
PreservedSpecimen,Tramea.lacerata Tramea lacerata Libellulidae Anisoptera,wing pigment extent continuous,,0.22,,single observation,,both,adult,,,,,,,,,,,
,Tramea.lacerata Tramea lacerata Libellulidae Anisoptera,wing pigment symmetry,,hindwing more pigment,,single observation,,both,adult,,,,,,,,,,,
,Tramea.lacerata Tramea lacerata Libellulidae Anisoptera,wing pigment color,,black,,single observation,,both,adult,,,,,,,,,,,
,Tramea.lacerata Tramea lacerata Libellulidae Anisoptera,wing pigment placement,,basal,,single observation,,both,adult,,,,,,,,,,,
HumanObservation,Williamsonia.fletcheri Williamsonia fletcheri Corduliidae Anisoptera,Flight season start,,5/9,,single observation,,both,adult,,,,,,,,,,,
,Williamsonia.fletcheri Williamsonia fletcheri Corduliidae Anisoptera,Flight season end,,18/7,,single observation,,both,adult,,,,,,,,,,,
PreservedSpecimen,Williamsonia.fletcheri Williamsonia fletcheri Corduliidae Anisoptera,body colors,Odonate Phenotypic Database (http://www.odonatephenotypicdatabase.org),black,,single observation,,both,adult,,,,,,,,,,,
PreservedSpecimen,Williamsonia.fletcheri Williamsonia fletcheri Corduliidae Anisoptera,body colortypes,Odonate Phenotypic Database (http://www.odonatephenotypicdatabase.org),pigment,,single observation,,both,adult,,,,,,,,,,,
PreservedSpecimen,Williamsonia.fletcheri Williamsonia fletcheri Corduliidae Anisoptera,body patterns,Odonate Phenotypic Database (http://www.odonatephenotypicdatabase.org),plain,,single observation,,both,adult,,,,,,,,,,,
,Williamsonia.fletcheri Williamsonia fletcheri Corduliidae Anisoptera,mate guarding,,NA,,single observation,,both,adult,,,,,,,,,,,
Occurrence,Williamsonia.fletcheri Williamsonia fletcheri Corduliidae Anisoptera,flight mode,,percher,,single observation,,both,adult,,,,,,,,,,,
HumanObservation,Williamsonia.fletcheri Williamsonia fletcheri Corduliidae Anisoptera,territoriality,,NA,,single observation,,both,adult,,,,,,,,,,,
HumanObservation,Williamsonia.fletcheri Williamsonia fletcheri Corduliidae Anisoptera,aquatic habitats,,wetland,,single observation,,both,adult,,,,,,,,,,,
HumanObservation,Williamsonia.fletcheri Williamsonia fletcheri Corduliidae Anisoptera,habitat openness,,open,,single observation,,both,adult,,,,,,,,,,,
PreservedSpecimen,Williamsonia.fletcheri Williamsonia fletcheri Corduliidae Anisoptera,body lengths,Data extraction from the Odonate Phenotypic Database (http://www.odonatephenotypicdatabase.org),32,,single observation,,both,adult,,,,,,,,,,,
PreservedSpecimen,Williamsonia.fletcheri Williamsonia fletcheri Corduliidae Anisoptera,hindwing lengths,Odonate Phenotypic Database (http://www.odonatephenotypicdatabase.org),22,,single observation,,both,adult,,,,,,,,,,,
PreservedSpecimen,Williamsonia.fletcheri Williamsonia fletcheri Corduliidae Anisoptera,has wing pigment,Retrieval from the Odonate Phenotypic Database (http://www.odonatephenotypicdatabase.org),no,,single observation,,both,adult,,,,,,,,,,,
,Williamsonia.fletcheri Williamsonia fletcheri Corduliidae Anisoptera,wing pigment extent discrete,,NA,,single observation,,both,adult,,,,,,,,,,,
PreservedSpecimen,Williamsonia.fletcheri Williamsonia fletcheri Corduliidae Anisoptera,wing pigment extent continuous,,NA,,single observation,,both,adult,,,,,,,,,,,
,Williamsonia.fletcheri Williamsonia fletcheri Corduliidae Anisoptera,wing pigment symmetry,,NA,,single observation,,both,adult,,,,,,,,,,,
,Williamsonia.fletcheri Williamsonia fletcheri Corduliidae Anisoptera,wing pigment color,,NA,,single observation,,both,adult,,,,,,,,,,,
,Williamsonia.fletcheri Williamsonia fletcheri Corduliidae Anisoptera,wing pigment placement,,NA,,single observation,,both,adult,,,,,,,,,,,
HumanObservation,Williamsonia.fletcheri Williamsonia fletcheri Corduliidae Anisoptera,Flight season start,,9.05,,single observation,,both,adult,,,,,,,,,,,
,Williamsonia.fletcheri Williamsonia fletcheri Corduliidae Anisoptera,Flight season end,,7.18,,single observation,,both,adult,,,,,,,,,,,
PreservedSpecimen,Williamsonia.fletcheri Williamsonia fletcheri Corduliidae Anisoptera,body colors,Odonate Phenotypic Database (http://www.odonatephenotypicdatabase.org),black,,single observation,,both,adult,,,,,,,,,,,
PreservedSpecimen,Williamsonia.fletcheri Williamsonia fletcheri Corduliidae Anisoptera,body colortypes,Odonate Phenotypic Database (http://www.odonatephenotypicdatabase.org),pigment,,single observation,,both,adult,,,,,,,,,,,
PreservedSpecimen,Williamsonia.fletcheri Williamsonia fletcheri Corduliidae Anisoptera,body patterns,Odonate Phenotypic Database (http://www.odonatephenotypicdatabase.org),plain,,single observation,,both,adult,,,,,,,,,,,
,Williamsonia.fletcheri Williamsonia fletcheri Corduliidae Anisoptera,mate guarding,,NA,,single observation,,both,adult,,,,,,,,,,,
Occurrence,Williamsonia.fletcheri Williamsonia fletcheri Corduliidae Anisoptera,flight mode,,percher,,single observation,,both,adult,,,,,,,,,,,
HumanObservation,Williamsonia.fletcheri Williamsonia fletcheri Corduliidae Anisoptera,territoriality,,NA,,single observation,,both,adult,,,,,,,,,,,
HumanObservation,Williamsonia.fletcheri Williamsonia fletcheri Corduliidae Anisoptera,aquatic habitats,,wetland,,single observation,,both,adult,,,,,,,,,,,
HumanObservation,Williamsonia.fletcheri Williamsonia fletcheri Corduliidae Anisoptera,habitat openness,,open,,single observation,,both,adult,,,,,,,,,,,
PreservedSpecimen,Williamsonia.fletcheri Williamsonia fletcheri Corduliidae Anisoptera,body lengths,Data extraction from the Odonate Phenotypic Database (http://www.odonatephenotypicdatabase.org),32,,single observation,,both,adult,,,,,,,,,,,
PreservedSpecimen,Williamsonia.fletcheri Williamsonia fletcheri Corduliidae Anisoptera,hindwing lengths,Odonate Phenotypic Database (http://www.odonatephenotypicdatabase.org),22,,single observation,,both,adult,,,,,,,,,,,
PreservedSpecimen,Williamsonia.fletcheri Williamsonia fletcheri Corduliidae Anisoptera,has wing pigment,Retrieval from the Odonate Phenotypic Database (http://www.odonatephenotypicdatabase.org),no,,single observation,,both,adult,,,,,,,,,,,
,Williamsonia.fletcheri Williamsonia fletcheri Corduliidae Anisoptera,wing pigment extent discrete,,NA,,single observation,,both,adult,,,,,,,,,,,
PreservedSpecimen,Williamsonia.fletcheri Williamsonia fletcheri Corduliidae Anisoptera,wing pigment extent continuous,,NA,,single observation,,both,adult,,,,,,,,,,,
,Williamsonia.fletcheri Williamsonia fletcheri Corduliidae Anisoptera,wing pigment symmetry,,NA,,single observation,,both,adult,,,,,,,,,,,
,Williamsonia.fletcheri Williamsonia fletcheri Corduliidae Anisoptera,wing pigment color,,NA,,single observation,,both,adult,,,,,,,,,,,
,Williamsonia.fletcheri Williamsonia fletcheri Corduliidae Anisoptera,wing pigment placement,,NA,,single observation,,both,adult,,,,,,,,,,,
